tree
version=v4
num_class=1
num_tree_per_iteration=1
label_index=0
max_feature_idx=599
objective=regression
feature_names=Column_0 Column_1 Column_2 Column_3 Column_4 Column_5 Column_6 Column_7 Column_8 Column_9 Column_10 Column_11 Column_12 Column_13 Column_14 Column_15 Column_16 Column_17 Column_18 Column_19 Column_20 Column_21 Column_22 Column_23 Column_24 Column_25 Column_26 Column_27 Column_28 Column_29 Column_30 Column_31 Column_32 Column_33 Column_34 Column_35 Column_36 Column_37 Column_38 Column_39 Column_40 Column_41 Column_42 Column_43 Column_44 Column_45 Column_46 Column_47 Column_48 Column_49 Column_50 Column_51 Column_52 Column_53 Column_54 Column_55 Column_56 Column_57 Column_58 Column_59 Column_60 Column_61 Column_62 Column_63 Column_64 Column_65 Column_66 Column_67 Column_68 Column_69 Column_70 Column_71 Column_72 Column_73 Column_74 Column_75 Column_76 Column_77 Column_78 Column_79 Column_80 Column_81 Column_82 Column_83 Column_84 Column_85 Column_86 Column_87 Column_88 Column_89 Column_90 Column_91 Column_92 Column_93 Column_94 Column_95 Column_96 Column_97 Column_98 Column_99 Column_100 Column_101 Column_102 Column_103 Column_104 Column_105 Column_106 Column_107 Column_108 Column_109 Column_110 Column_111 Column_112 Column_113 Column_114 Column_115 Column_116 Column_117 Column_118 Column_119 Column_120 Column_121 Column_122 Column_123 Column_124 Column_125 Column_126 Column_127 Column_128 Column_129 Column_130 Column_131 Column_132 Column_133 Column_134 Column_135 Column_136 Column_137 Column_138 Column_139 Column_140 Column_141 Column_142 Column_143 Column_144 Column_145 Column_146 Column_147 Column_148 Column_149 Column_150 Column_151 Column_152 Column_153 Column_154 Column_155 Column_156 Column_157 Column_158 Column_159 Column_160 Column_161 Column_162 Column_163 Column_164 Column_165 Column_166 Column_167 Column_168 Column_169 Column_170 Column_171 Column_172 Column_173 Column_174 Column_175 Column_176 Column_177 Column_178 Column_179 Column_180 Column_181 Column_182 Column_183 Column_184 Column_185 Column_186 Column_187 Column_188 Column_189 Column_190 Column_191 Column_192 Column_193 Column_194 Column_195 Column_196 Column_197 Column_198 Column_199 Column_200 Column_201 Column_202 Column_203 Column_204 Column_205 Column_206 Column_207 Column_208 Column_209 Column_210 Column_211 Column_212 Column_213 Column_214 Column_215 Column_216 Column_217 Column_218 Column_219 Column_220 Column_221 Column_222 Column_223 Column_224 Column_225 Column_226 Column_227 Column_228 Column_229 Column_230 Column_231 Column_232 Column_233 Column_234 Column_235 Column_236 Column_237 Column_238 Column_239 Column_240 Column_241 Column_242 Column_243 Column_244 Column_245 Column_246 Column_247 Column_248 Column_249 Column_250 Column_251 Column_252 Column_253 Column_254 Column_255 Column_256 Column_257 Column_258 Column_259 Column_260 Column_261 Column_262 Column_263 Column_264 Column_265 Column_266 Column_267 Column_268 Column_269 Column_270 Column_271 Column_272 Column_273 Column_274 Column_275 Column_276 Column_277 Column_278 Column_279 Column_280 Column_281 Column_282 Column_283 Column_284 Column_285 Column_286 Column_287 Column_288 Column_289 Column_290 Column_291 Column_292 Column_293 Column_294 Column_295 Column_296 Column_297 Column_298 Column_299 Column_300 Column_301 Column_302 Column_303 Column_304 Column_305 Column_306 Column_307 Column_308 Column_309 Column_310 Column_311 Column_312 Column_313 Column_314 Column_315 Column_316 Column_317 Column_318 Column_319 Column_320 Column_321 Column_322 Column_323 Column_324 Column_325 Column_326 Column_327 Column_328 Column_329 Column_330 Column_331 Column_332 Column_333 Column_334 Column_335 Column_336 Column_337 Column_338 Column_339 Column_340 Column_341 Column_342 Column_343 Column_344 Column_345 Column_346 Column_347 Column_348 Column_349 Column_350 Column_351 Column_352 Column_353 Column_354 Column_355 Column_356 Column_357 Column_358 Column_359 Column_360 Column_361 Column_362 Column_363 Column_364 Column_365 Column_366 Column_367 Column_368 Column_369 Column_370 Column_371 Column_372 Column_373 Column_374 Column_375 Column_376 Column_377 Column_378 Column_379 Column_380 Column_381 Column_382 Column_383 Column_384 Column_385 Column_386 Column_387 Column_388 Column_389 Column_390 Column_391 Column_392 Column_393 Column_394 Column_395 Column_396 Column_397 Column_398 Column_399 Column_400 Column_401 Column_402 Column_403 Column_404 Column_405 Column_406 Column_407 Column_408 Column_409 Column_410 Column_411 Column_412 Column_413 Column_414 Column_415 Column_416 Column_417 Column_418 Column_419 Column_420 Column_421 Column_422 Column_423 Column_424 Column_425 Column_426 Column_427 Column_428 Column_429 Column_430 Column_431 Column_432 Column_433 Column_434 Column_435 Column_436 Column_437 Column_438 Column_439 Column_440 Column_441 Column_442 Column_443 Column_444 Column_445 Column_446 Column_447 Column_448 Column_449 Column_450 Column_451 Column_452 Column_453 Column_454 Column_455 Column_456 Column_457 Column_458 Column_459 Column_460 Column_461 Column_462 Column_463 Column_464 Column_465 Column_466 Column_467 Column_468 Column_469 Column_470 Column_471 Column_472 Column_473 Column_474 Column_475 Column_476 Column_477 Column_478 Column_479 Column_480 Column_481 Column_482 Column_483 Column_484 Column_485 Column_486 Column_487 Column_488 Column_489 Column_490 Column_491 Column_492 Column_493 Column_494 Column_495 Column_496 Column_497 Column_498 Column_499 Column_500 Column_501 Column_502 Column_503 Column_504 Column_505 Column_506 Column_507 Column_508 Column_509 Column_510 Column_511 Column_512 Column_513 Column_514 Column_515 Column_516 Column_517 Column_518 Column_519 Column_520 Column_521 Column_522 Column_523 Column_524 Column_525 Column_526 Column_527 Column_528 Column_529 Column_530 Column_531 Column_532 Column_533 Column_534 Column_535 Column_536 Column_537 Column_538 Column_539 Column_540 Column_541 Column_542 Column_543 Column_544 Column_545 Column_546 Column_547 Column_548 Column_549 Column_550 Column_551 Column_552 Column_553 Column_554 Column_555 Column_556 Column_557 Column_558 Column_559 Column_560 Column_561 Column_562 Column_563 Column_564 Column_565 Column_566 Column_567 Column_568 Column_569 Column_570 Column_571 Column_572 Column_573 Column_574 Column_575 Column_576 Column_577 Column_578 Column_579 Column_580 Column_581 Column_582 Column_583 Column_584 Column_585 Column_586 Column_587 Column_588 Column_589 Column_590 Column_591 Column_592 Column_593 Column_594 Column_595 Column_596 Column_597 Column_598 Column_599
feature_infos=[0:400] [0:400] [0:400] [0:400] [0:400] [0:400] [0:400] [0:400] [0:400] [0:400] [0:400] [0:400] [0:400] [0:400] [0:400] [0:400] [0:400] [0:400] [0:400] [0:400] [0:400] [0:400] [0:400] [0:400] [0:400] [0:400] [0:400] [0:400] [0:400] [0:400] [0:400] [0:400] [0:400] [0:400] [0:400] [0:400] [0:400] [0:400] [0:400] [0:400] [0:400] [0:400] [0:400] [0:400] [0:400] [0:400] [0:400] [0:400] [0:400] [0:400] [0:400] [0:400] [0:400] [0:400] [0:400] [0:400] [0:400] [0:400] [0:400] [0:400] [0:400] [0:400] [0:400] [0:400] [0:400] [0:400] [0:400] [0:400] [0:400] [0:400] [0:400] [0:400] [0:400] [0:400] [0:400] [0:400] [0:400] [0:400] [0:400] [0:400] [0:400] [0:400] [0:400] [0:400] [0:400] [0:400] [0:400] [0:400] [0:400] [0:400] [0:400] [0:400] [0:400] [0:400] [0:400] [0:400] [0:400] [0:400] [0:400] [0:400] [0:400] [0:400] [0:400] [0:400] [0:400] [0:400] [0:400] [0:400] [0:400] [0:400] [0:400] [0:400] [0:400] [0:400] [0:400] [0:400] [0:400] [0:400] [0:400] [0:400] [0:400] [0:400] [0:400] [0:400] [0:400] [0:400] [0:400] [0:400] [0:400] [0:400] [0:400] [0:400] [0:400] [0:400] [0:400] [0:400] [0:400] [0:400] [0:400] [0:400] [0:400] [0:400] [0:400] [0:400] [0:400] [0:400] [0:400] [0:400] [0:400] [0:400] [0:400] [0:400] [0:400] [0:400] [0:400] [0:400] [0:400] [0:400] [0:400] [0:400] [0:400] [0:400] [0:400] [0:400] [0:400] [0:400] [0:400] [0:400] [0:400] [0:400] [0:400] [0:400] [0:400] [0:400] [0:400] [0:400] [0:400] [0:400] [0:400] [0:400] [0:400] [0:400] [0:400] [0:400] [0:400] [0:400] [0:400] [0:400] [0:400] [0:400] [0:400] [0:400] [0:400] [0:400] [0:400] [0:400] [0:400] [0:400] [0:400] [0:400] [0:400] [0:400] [0:400] [0:400] [0:400] [0:400] [0:400] [0:400] [0:400] [0:400] [0:400] [0:400] [0:400] [0:400] [0:400] [0:400] [0:400] [0:400] [0:400] [0:400] [0:400] [0:400] [0:400] [0:400] [0:400] [0:400] [0:400] [0:400] [0:400] [0:400] [0:400] [0:400] [0:400] [0:400] [0:400] [0:400] [0:400] [0:400] [0:400] [0:400] [0:400] [0:400] [0:400] [0:400] [0:400] [0:400] [0:400] [0:400] [0:400] [0:400] [0:400] [0:400] [0:400] [0:400] [0:400] [0:400] [0:400] [0:400] [0:400] [0:400] [0:400] [0:400] [0:400] [0:400] [0:400] [0:400] [0:400] [0:400] [0:400] [0:400] [0:400] [0:400] [0:400] [0:400] [0:400] [0:400] [0:400] [0:400] [0:400] [0:400] [0:400] [0:400] [0:400] [0:400] [0:400] [0:400] [0:400] [0:400] [0:400] [0:400] [0:400] [0:400] [0:400] [0:400] [0:400] [0:400] [0:400] [0:400] [0:400] [0:400] [0:400] [0:400] [0:400] [0:400] [0:400] [0:400] [0:400] [0:400] [0:400] [0:400] [0:400] [0:400] [0:400] [0:400] [0:400] [0:400] [0:400] [0:400] [0:400] [0:400] [0:400] [0:400] [0:400] [0:400] [0:400] [0:400] [0:400] [0:400] [0:400] [0:400] [0:400] [0:400] [0:400] [0:400] [0:400] [0:400] [0:400] [0:400] [0:400] [0:400] [0:400] [0:400] [0:400] [0:400] [0:400] [0:400] [0:400] [0:400] [0:400] [0:400] [0:400] [0:400] [0:400] [0:400] [0:400] [0:400] [0:400] [0:400] [0:400] [0:400] [0:400] [0:400] [0:400] [0:400] [0:400] [0:400] [0:400] [0:400] [0:400] [0:400] [0:400] [0:400] [0:400] [0:400] [0:400] [0:400] [0:400] [0:400] [0:400] [0:400] [0:400] [0:400] [0:400] [0:400] [0:400] [0:400] [0:400] [0:400] [0:400] [0:400] [0:400] [0:400] [0:400] [0:400] [0:400] [0:400] [0:400] [0:400] [0:400] [0:400] [0:400] [0:400] [0:400] [0:400] [0:400] [0:400] [0:400] [0:400] [0:400] [0:400] [0:400] [0:400] [0:400] [0:400] [0:400] [0:400] [0:400] [0:400] [0:400] [0:400] [0:400] [0:400] [0:400] [0:400] [0:400] [0:400] [0:400] [0:400] [0:400] [0:400] [0:400] [0:400] [0:400] [0:400] [0:400] [0:400] [0:400] [0:400] [0:400] [0:400] [0:400] [0:400] [0:400] [0:400] [0:400] [0:400] [0:400] [0:400] [0:400] [0:400] [0:400] [0:400] [0:400] [0:400] [0:400] [0:400] [0:400] [0:400] [0:400] [0:400] [0:400] [0:400] [0:400] [0:400] [0:400] [0:400] [0:400] [0:400] [0:400] [0:400] [0:400] [0:400] [0:400] [0:400] [0:400] [0:400] [0:400] [0:400] [0:400] [0:400] [0:503] [0:503] [0:503] [0:503] [0:503] [0:503] [0:503] [0:503] [0:503] [0:503] [0:503] [0:503] [0:503] [0:503] [0:503] [0:503] [0:503] [0:503] [0:503] [0:503] [0:503] [0:503] [0:503] [0:503] [0:503] [0:503] [0:503] [0:503] [0:503] [0:503] [0:503] [0:503] [0:503] [0:503] [0:503] [0:503] [0:503] [0:503] [0:503] [0:503] [0:503] [0:503] [0:503] [0:503] [0:503] [0:503] [0:503] [0:503] [0:503] [0:503] [0:503] [0:503] [0:503] [0:503] [0:503] [0:503] [0:503] [0:503] [0:503] [0:503] [53.5:938.5999755859375] [53.5:938.5999755859375] [53.5:938.5999755859375] [53.5:938.5999755859375] [53.5:938.5999755859375] [53.5:938.5999755859375] [53.5:938.5999755859375] [53.5:938.5999755859375] [53.5:938.5999755859375] [53.5:938.5999755859375] [53.5:938.5999755859375] [53.5:938.5999755859375] [53.5:938.5999755859375] [53.5:938.5999755859375] [53.5:938.5999755859375] [53.5:938.5999755859375] [53.5:938.5999755859375] [53.5:938.5999755859375] [53.5:938.5999755859375] [53.5:938.5999755859375] [53.5:938.5999755859375] [53.5:938.5999755859375] [53.5:938.5999755859375] [53.5:938.5999755859375] [53.5:938.5999755859375] [53.5:938.5999755859375] [53.5:938.5999755859375] [53.5:938.5999755859375] [53.5:938.5999755859375] [53.5:938.5999755859375] [53.5:938.5999755859375] [53.5:938.5999755859375] [53.5:938.5999755859375] [53.5:938.5999755859375] [53.5:938.5999755859375] [53.5:938.5999755859375] [53.5:938.5999755859375] [53.5:938.5999755859375] [53.5:938.5999755859375] [53.5:938.5999755859375] [53.5:938.5999755859375] [53.5:938.5999755859375] [53.5:938.5999755859375] [53.5:938.5999755859375] [53.5:938.5999755859375] [53.5:938.5999755859375] [53.5:938.5999755859375] [53.5:938.5999755859375] [53.5:938.5999755859375] [53.5:938.5999755859375] [53.5:938.5999755859375] [53.5:938.5999755859375] [53.5:938.5999755859375] [53.5:938.5999755859375] [53.5:938.5999755859375] [53.5:938.5999755859375] [53.5:938.5999755859375] [53.5:938.5999755859375] [53.5:938.5999755859375] [53.5:938.5999755859375]
tree_sizes=2746 2897 2881 2894 2896 2894 2880 2886 2882 2894 2902 2884 2902 2907 2897 2891 2899 2895 2894 2903 2895 2898 2895 2909 2904 2894 2909 2901 2906 2903 2892 2895 2907 2891 2891 2897 2924 2897 2904 2897 2906 2903 2895 2895 2894 2903 2898 2913 2908 2906 2903 2903 2902 2901 2903 2891 2896 2898 2900 2900 2899 2924 2915 2910 2894 2903 2910 2915 2902 2908 2906 2912 2895 2905 2914 2896 2900 2896 2913 2897 2907 2907 2924 2916 2895 2900 2892 2897 2878 2912 2926 2900 2909 2919 2911 2910 2902 2922 2901 2915 2912 2922 2926 2918 2907 2891 2912 2902 2911 2910 2918 2897 2907 2902 2921 2903 2930 2900 2916 2917 2926 2902 2908 2894 2933 2914 2908 2919 2909 2930 2920 2916 2922 2929 2906 2909 2920 2913 2908 2925 2947 2912 2910 2909 2936 2931 2942 2896 2916 2927 2878 2908 2928 2937 2921 2916 2942 2922 2928 2918 2922 2916 2930 2933 2925 2923 2924 2919 2916 2908 2916 2920 2926 2943 2923

Tree=0
num_leaves=31
num_cat=0
split_feature=236 487 357 329 237 55 177 179 307 253 475 355 298 541 507 416 477 29 237 389 310 67 475 245 384 27 356 562 277 243
split_gain=224978 82362.3 69728.3 31057 25176.9 24820.1 21085.5 17252.8 12340.8 12506.1 11604.9 11275.5 10884.3 10461 10077 8129.8 7826.58 7398.65 7261.55 6884.73 6495.94 6408.68 6365.27 6302.14 6028.16 6012.94 5809.32 5447.66 5406.22 5238.56
threshold=10.500000000000002 73.500000000000014 10.500000000000002 10.500000000000002 4.5000000000000009 29.500000000000004 6.5000000000000009 10.500000000000002 16.500000000000004 20.000000000000004 16.500000000000004 8.0000000000000018 20.000000000000004 133.65000152587893 212.50000000000003 24.500000000000004 24.500000000000004 20.000000000000004 6.5000000000000009 4.5000000000000009 16.500000000000004 5.5000000000000009 13.500000000000002 5.5000000000000009 29.500000000000004 6.5000000000000009 8.0000000000000018 71.750000000000014 20.000000000000004 20.000000000000004
decision_type=2 2 2 2 2 2 2 2 2 2 2 2 2 8 2 2 2 2 2 2 2 2 2 2 2 2 2 8 2 2
left_child=1 4 13 15 27 10 14 -7 17 23 29 -6 -12 18 24 -4 -9 -8 -2 -15 -16 -17 -19 -10 -3 -25 -13 -1 -21 -5
right_child=2 6 3 5 11 7 8 16 9 -11 12 26 -14 19 20 21 -18 22 -20 28 -22 -23 -24 25 -26 -27 -28 -29 -30 -31
leaf_value=13.2645365275553 13.351239757814168 13.356677111152353 13.431575881579537 13.45181527158813 13.335241277214301 13.527549346626357 13.398507402209152 13.619714201679978 13.370747623471937 13.605029583379549 13.515798455271334 13.361748968160908 13.631477795679634 13.378423298046407 13.401868406791849 13.424358874936329 13.762210356608716 13.426282238364353 13.418410985130748 13.441250911651171 13.514154905822801 13.537242352281893 13.548768520972136 13.410801796312597 13.434289547038283 13.53143351302986 13.427240627783993 13.308001257072155 13.518607328512999 13.543395682699046
leaf_weight=1008 817 2761 1046 636 3081 246 1737 182 173 182 582 816 332 366 482 184 225 310 852 1212 185 452 171 175 286 278 616 2929 291 218
leaf_count=1008 817 2761 1046 636 3081 246 1737 182 173 182 582 816 332 366 482 184 225 310 852 1212 185 452 171 175 286 278 616 2929 291 218
internal_value=13.396 13.3601 13.4672 13.5124 13.3266 13.5493 13.4021 13.6342 13.4336 13.4875 13.5179 13.3526 13.5578 13.4148 13.3764 13.4592 13.6985 13.414 13.3855 13.441 13.433 13.5046 13.4699 13.4533 13.364 13.4849 13.3899 13.2969 13.4562 13.4752
internal_weight=22831 15190 7641 4103 8450 2421 6740 653 3026 808 1768 4513 914 3538 3714 1682 407 2218 1669 1869 667 636 481 626 3047 453 1432 3937 1503 854
internal_count=22831 15190 7641 4103 8450 2421 6740 653 3026 808 1768 4513 914 3538 3714 1682 407 2218 1669 1869 667 636 481 626 3047 453 1432 3937 1503 854
is_linear=0
shrinkage=1


Tree=1
num_leaves=31
num_cat=0
split_feature=236 496 357 475 237 299 502 150 175 212 298 116 196 517 177 269 477 90 312 174 411 508 296 449 432 423 229 539 513 540
split_gain=214890 82002.5 59899.4 27615.9 24145.7 17604.2 15642.8 14389.6 12048.5 11651.6 11592.8 10208.1 9756.61 8336.99 9354.06 7992.58 7743.92 7675.69 7248.07 7026.44 6094.09 5951.81 5560.26 5653.63 5880.64 5401 5589.91 5098.96 5049.08 4998.19
threshold=10.500000000000002 70.500000000000014 10.500000000000002 16.500000000000004 4.5000000000000009 10.500000000000002 226.50000000000003 8.0000000000000018 8.0000000000000018 5.5000000000000009 16.500000000000004 10.500000000000002 20.000000000000004 142.50000000000003 29.500000000000004 10.500000000000002 5.5000000000000009 13.500000000000002 35.500000000000007 24.500000000000004 20.000000000000004 37.500000000000007 16.500000000000004 6.5000000000000009 10.500000000000002 6.5000000000000009 24.500000000000004 54.500000000000007 97.500000000000014 203.05000305175784
decision_type=2 2 2 2 2 2 2 2 2 2 2 2 2 2 2 2 2 2 2 2 2 2 2 2 2 2 2 2 2 8
left_child=1 4 8 15 -1 22 9 -7 27 19 -9 21 29 14 -12 28 -11 -10 25 -3 -17 -6 -5 -24 -25 -18 -27 -2 -4 -8
right_child=2 6 3 5 11 7 12 10 17 16 13 -13 -14 -15 -16 20 18 -19 -20 -21 -22 -23 23 24 -26 26 -28 -29 -30 -31
leaf_value=-0.099708727792171034 -0.052312832794675065 -0.041509249044677211 -0.006368500338925458 0.043561659359722137 -0.075396445693919137 0.099923220415007508 -0.005928724032702351 0.15562062222961381 0.021489014848854977 -0.019463230696231831 0.23903386463807338 -0.0027668412904197524 0.16724588541954027 0.17733021395225224 0.40497344920127737 0.075575603348535067 -0.012015479162549775 0.08653070768704163 0.11830718958527298 0.059208924325104439 0.17213669087858938 -0.02997242672814044 0.042348956413708512 0.099927428277395869 0.2082767549343417 0.027079498568300858 0.11869036256432139 0.0090941398107810979 0.068741198610300008 0.074629619639502418
leaf_weight=3807 574 2117 459 322 2054 339 353 382 1262 1232 190 1139 192 164 166 735 797 751 220 196 221 1179 165 279 245 1165 203 899 468 458
leaf_count=3807 574 2117 459 322 2054 339 353 382 1262 1232 190 1139 192 164 166 735 797 751 220 196 221 1179 165 279 245 1165 203 899 468 458
internal_value=-0.000376633 -0.0355297 0.0693268 0.110772 -0.0700593 0.148826 0.00520214 0.189476 0.0201593 -0.00474009 0.223106 -0.0442361 0.0640067 0.272637 0.316476 0.0652478 0.0133023 0.0457661 0.0302375 -0.0329644 0.0979224 -0.0588386 0.0989046 0.124735 0.150632 0.0212773 0.040691 -0.014819 0.0315256 0.0395364
internal_weight=22733 15112 7621 4135 8179 2252 6933 1241 3486 5930 902 4372 1003 520 356 1883 3617 2013 2385 2313 956 3233 1011 689 524 2165 1368 1473 927 811
internal_count=22733 15112 7621 4135 8179 2252 6933 1241 3486 5930 902 4372 1003 520 356 1883 3617 2013 2385 2313 956 3233 1011 689 524 2165 1368 1473 927 811
is_linear=0
shrinkage=0.0161


Tree=2
num_leaves=31
num_cat=0
split_feature=296 492 357 414 501 237 89 150 502 329 358 415 237 195 478 176 547 295 296 183 372 222 178 356 304 415 395 544 175 326
split_gain=199591 62747.4 59500 31003.6 22833.6 18630.8 18373.6 13778.1 13208.6 10769.8 10570.6 9513.53 9340.48 8960 8411.14 11874.3 8340.18 8269.37 7682.43 7372.9 6827.13 6351.15 5395.16 5288.62 5064.42 5052.98 4975.12 4924.51 4873.89 5098.99
threshold=8.0000000000000018 78.500000000000014 10.500000000000002 24.500000000000004 87.500000000000014 10.500000000000002 29.500000000000004 8.0000000000000018 224.50000000000003 10.500000000000002 10.500000000000002 10.500000000000002 6.5000000000000009 29.500000000000004 5.5000000000000009 16.500000000000004 251.25000000000003 5.5000000000000009 16.500000000000004 16.500000000000004 10.500000000000002 10.500000000000002 5.5000000000000009 29.500000000000004 13.500000000000002 16.500000000000004 8.0000000000000018 173.15000152587893 8.0000000000000018 20.000000000000004
decision_type=2 2 2 2 2 2 2 2 2 2 2 2 2 2 2 2 8 2 2 2 2 2 2 2 2 2 2 8 2 2
left_child=1 5 4 7 12 17 9 28 14 -5 -9 23 -2 19 -3 -16 24 -1 -11 22 -21 -7 -6 -12 -10 -14 -13 -20 -4 -30
right_child=2 8 3 6 13 21 -8 10 16 18 11 26 25 -15 15 -17 -18 -19 27 20 -22 -23 -24 -25 -26 -27 -28 -29 29 -31
leaf_value=-0.099640531852145386 -0.050605414565368094 -0.040081738327681297 0.0031538021028129555 0.05842384058652407 -0.014385361029389272 -0.03848181250620504 0.26197064486300986 0.049728297747178241 -0.0038058555224415778 0.07592286752041115 0.038679569769031925 0.11299772163840155 -0.012602985087970399 0.14016382828927343 -0.00234211966784977 0.13610853711428231 0.1525806668009852 -0.062702263319019097 0.1590917646637087 0.034923772747303315 0.15211106069122304 0.042052630007545243 0.046031132031000177 0.14435693072666211 0.094979321715571607 0.057020262614722782 0.19173084086697353 0.27662434365591532 0.037845062232230248 0.14031490551252182
leaf_weight=3604 1319 1609 792 387 662 877 339 892 383 160 409 391 777 249 2629 171 194 2794 219 272 246 357 908 176 207 414 450 162 558 163
leaf_count=3604 1319 1609 792 387 662 877 339 892 383 160 409 391 777 249 2629 171 194 2794 219 272 246 357 908 176 207 414 450 162 558 163
internal_value=-0.00111382 -0.0430896 0.0530155 0.0914152 0.0126225 -0.0724651 0.160469 0.0685713 7.81436e-05 0.123365 0.093244 0.120448 -0.0210895 0.0488402 -0.0107449 0.00610485 0.0609741 -0.0835133 0.169776 0.0379384 0.0906219 -0.0151639 0.0205412 0.0705133 0.0308128 0.0115788 0.155154 0.209128 0.030756 0.0610436
internal_weight=22770 12825 9945 5098 4847 7632 1267 3831 5193 928 2318 1426 2510 2337 4409 2800 784 6398 541 2088 518 1234 1570 585 590 1191 841 381 1513 721
internal_count=22770 12825 9945 5098 4847 7632 1267 3831 5193 928 2318 1426 2510 2337 4409 2800 784 6398 541 2088 518 1234 1570 585 590 1191 841 381 1513 721
is_linear=0
shrinkage=0.0161


Tree=3
num_leaves=31
num_cat=0
split_feature=177 116 501 235 477 486 236 270 295 480 179 150 313 75 235 31 387 122 509 319 222 418 40 398 209 299 233 492 513 381
split_gain=193832 72497.8 62204.5 31712 23290.9 17954.2 17294.6 13929.7 12823.8 12497.9 11709.9 9257.75 9122.32 8845.95 8577.68 8427.08 7974.07 7964.22 7238.09 6850.93 6791.69 6751.03 7304.83 6570.11 5684.01 5596.93 5077.41 4879.08 4666.15 4607.74
threshold=8.0000000000000018 16.500000000000004 77.500000000000014 13.500000000000002 24.500000000000004 85.500000000000014 8.0000000000000018 13.500000000000002 8.0000000000000018 215.50000000000003 16.500000000000004 10.500000000000002 43.500000000000007 13.500000000000002 16.500000000000004 8.0000000000000018 6.5000000000000009 16.500000000000004 35.500000000000007 10.500000000000002 13.500000000000002 6.5000000000000009 20.000000000000004 29.500000000000004 10.500000000000002 20.000000000000004 6.5000000000000009 138.50000000000003 90.500000000000014 8.0000000000000018
decision_type=2 2 2 2 2 2 2 2 2 2 2 2 2 2 2 2 2 2 2 2 2 2 2 2 2 2 2 2 2 2
left_child=2 5 6 15 11 8 18 -6 -2 14 -9 26 21 -13 19 -3 -11 29 -1 -4 -17 -7 -23 -21 -16 -10 -5 -24 -15 -18
right_child=1 3 9 4 7 12 -8 10 25 16 -12 13 -14 28 24 20 17 -19 -20 23 -22 22 27 -25 -26 -27 -28 -29 -30 -31
leaf_value=-0.097368803706419246 -0.036084083665978157 0.0085297792243539308 -0.039563897819396565 0.010698679683013653 0.13724182373375485 0.0025809443861558568 -0.024856801361194513 0.18924793654979602 0.016101192518376637 -0.0055508395423120027 0.36151140693483569 0.10409032530681651 0.15492599223083844 0.15217353470015546 0.00011161948722541198 0.053901769943474051 -0.010422764043174588 0.16866878885947831 -0.059657633616284761 -0.0069080628269530394 0.13903420452702592 0.038719009533012563 0.18548140405936783 0.10212516562747717 0.089708540897776842 0.11032424597716349 0.10200825742546268 0.072648617787459402 0.27357573569994792 0.097029117041130375
leaf_weight=3889 1856 632 2278 255 283 890 1601 187 989 401 228 481 188 167 443 727 197 205 2003 1298 366 1369 160 161 314 196 417 265 164 217
leaf_count=3889 1856 632 2278 255 283 890 1601 187 989 401 228 481 188 167 443 727 197 205 2003 1298 366 1369 160 161 314 196 417 265 164 217
internal_value=-0.00083221 0.0531609 -0.0415977 0.106979 0.147768 0.0175971 -0.0718009 0.224499 -0.00966043 -0.000550022 0.283946 0.111662 0.0464667 0.148268 -0.0121019 0.0553687 0.0503232 0.0865576 -0.0845528 -0.022117 0.0824306 0.038861 0.0568463 0.00510757 0.0373071 0.0317056 0.0673946 0.115182 0.212396 0.0458418
internal_weight=22827 9820 13007 3907 2182 5913 7493 698 3041 5514 415 1484 2872 812 4494 1725 1020 619 5892 3737 1093 2684 1794 1459 757 1185 672 425 331 414
internal_count=22827 9820 13007 3907 2182 5913 7493 698 3041 5514 415 1484 2872 812 4494 1725 1020 619 5892 3737 1093 2684 1794 1459 757 1185 672 425 331 414
is_linear=0
shrinkage=0.0161


Tree=4
num_leaves=31
num_cat=0
split_feature=236 495 357 235 477 502 92 416 497 328 116 235 476 12 415 264 239 540 449 268 68 72 386 153 414 501 567 229 251 416
split_gain=193856 64470.3 62525.6 35742.3 22587.7 17240 16723.4 15053.2 13834.8 12162.6 9129.8 8492.78 8067.14 7391.6 7215.54 6993.12 6873.47 6468.56 5896.43 5887.08 5645.98 5844.72 5591.75 5579.02 5543.17 4756.41 4224.23 4161.26 5106.04 4172.51
threshold=8.0000000000000018 63.500000000000007 10.500000000000002 13.500000000000002 24.500000000000004 242.50000000000003 16.500000000000004 4.5000000000000009 41.500000000000007 13.500000000000002 29.500000000000004 10.500000000000002 8.0000000000000018 13.500000000000002 6.5000000000000009 8.0000000000000018 8.0000000000000018 205.94999694824222 16.500000000000004 5.5000000000000009 8.0000000000000018 16.500000000000004 8.0000000000000018 4.5000000000000009 29.500000000000004 250.50000000000003 72.350002288818374 4.5000000000000009 29.500000000000004 4.5000000000000009
decision_type=2 2 2 2 2 2 2 2 2 2 2 2 2 2 2 2 2 8 2 2 2 2 2 2 2 2 8 2 2 2
left_child=1 7 8 16 22 9 18 26 -2 23 -8 25 -11 -7 -9 -13 -4 -14 -6 -17 -18 -22 -5 -3 -24 -10 -1 -25 29 -29
right_child=2 5 3 4 6 13 10 14 11 12 -12 15 17 -15 -16 19 20 -19 -20 -21 21 -23 24 27 -26 -27 -28 28 -30 -31
leaf_value=-0.12808363735283643 -0.028755308508684213 -0.053955454185422511 0.021124323590432068 0.064343352117143232 0.088814825874771533 0.030646103938966482 0.20382996572976181 -0.07152194699761498 -0.005018995814025041 -0.0047271917078611355 0.35968224439025231 0.02259718405309406 0.039285886596592871 0.14041611019096539 -0.026710671009686583 0.0066352688802583737 0.039092323604878902 0.15592200140241502 0.20297896912958657 0.11317708147458852 0.074305533701779822 0.1704196539676591 0.09806392108884715 -0.045046938714599138 0.18206002105397484 0.087141228027500697 -0.087765739591268863 -0.041043058271110822 0.075819902670222872 0.0083224285873859296
leaf_weight=961 1463 1313 1067 612 259 404 193 2200 1394 838 199 761 438 263 1619 171 607 172 216 637 514 242 583 805 315 162 2285 708 198 1188
leaf_count=961 1463 1313 1067 612 259 404 193 2200 1394 838 199 761 438 263 1619 171 607 172 216 637 514 242 583 805 315 162 2285 708 198 1188
internal_value=-0.00144792 -0.0407811 0.0546166 0.0951944 0.139589 -0.0034487 0.205113 -0.0742104 0.0120967 -0.0125755 0.283009 0.0312296 0.0276688 0.073964 -0.0525311 0.0576622 0.0517588 0.072212 0.140779 0.0906584 0.0757232 0.105103 0.101951 -0.0264163 0.127554 0.00456097 -0.0997094 -0.0139353 -0.00196372 -0.0100991
internal_weight=22787 13392 9395 4807 2377 6327 867 7065 4588 5660 392 3125 1448 667 3819 1569 2430 610 475 808 1363 756 1510 4212 898 1556 3246 2899 2094 1896
internal_count=22787 13392 9395 4807 2377 6327 867 7065 4588 5660 392 3125 1448 667 3819 1569 2430 610 475 808 1363 756 1510 4212 898 1556 3246 2899 2094 1896
is_linear=0
shrinkage=0.0161


Tree=5
num_leaves=31
num_cat=0
split_feature=177 176 499 235 178 210 117 484 502 176 161 513 398 30 12 151 298 475 172 51 357 178 567 115 183 376 314 151 116 297
split_gain=185331 72403.4 64091.7 30107.2 28125 16958 16379.5 15751.1 15331.3 14482.1 10429.5 10239.4 10105.4 9507.86 8254.43 6966.76 6927.95 6612.57 8430.41 6554.51 6325.32 5951.25 5478.02 5328.91 5089.32 4813.23 5348.34 4290.6 4156.62 4128.69
threshold=8.0000000000000018 10.500000000000002 61.500000000000007 13.500000000000002 20.000000000000004 13.500000000000002 29.500000000000004 74.500000000000014 246.50000000000003 6.5000000000000009 16.500000000000004 99.500000000000014 8.0000000000000018 6.5000000000000009 35.500000000000007 6.5000000000000009 6.5000000000000009 10.500000000000002 20.000000000000004 16.500000000000004 10.500000000000002 13.500000000000002 71.049999237060561 16.500000000000004 24.500000000000004 20.000000000000004 13.500000000000002 8.0000000000000018 6.5000000000000009 3.5000000000000004
decision_type=2 2 2 2 2 2 2 2 2 2 2 2 2 2 2 2 2 2 2 2 2 2 8 2 2 2 2 2 2 2
left_child=2 7 9 10 13 -6 -7 21 12 22 15 -12 20 -5 23 -3 -15 -14 -19 -10 -4 28 -1 -9 -17 26 -18 -11 -2 -24
right_child=1 3 8 4 5 6 -8 14 19 27 11 -13 17 16 -16 24 25 18 -20 -21 -22 -23 29 -25 -26 -27 -28 -29 -30 -31
leaf_value=-0.12282677093293387 -0.068671465231983392 -0.007317379871470223 -0.044440753659847169 0.031546887159779907 0.12502314114520793 0.1819340917459045 0.36980641303189105 0.011276577040622507 0.040244093622340042 -0.056753043208884593 0.046481519984601427 0.17446692683741527 -0.008473316976753081 0.064545043611201378 0.12676218655037291 0.041965084693491229 0.13199798270620458 0.018056971116087443 0.13005499145600305 0.157303149940723 0.014068186807528542 0.012835376865413955 -0.1024867147262695 0.071026495633365341 0.13243122016309791 0.074378696770301456 0.22599902499879312 -0.0084585791124760692 -0.013611109206504905 -0.066415080560663559
leaf_weight=1095 798 680 2363 446 362 255 229 1694 469 1427 335 315 1776 447 228 897 512 775 225 169 600 709 1409 502 197 216 228 718 643 1993
leaf_count=1095 798 680 2363 446 362 255 229 1694 469 1427 335 315 1776 447 228 897 512 775 225 169 600 709 1409 502 197 216 228 718 643 1993
internal_value=-0.000353121 0.0529465 -0.0400379 0.0945409 0.131577 0.208492 0.270873 0.00639083 -0.0035772 -0.0750404 0.0533545 0.108541 -0.0119041 0.0963722 0.0345325 0.0331205 0.116963 0.0101614 0.0432801 0.0712888 -0.0325849 -0.0253263 -0.0914635 0.024946 0.0582771 0.141447 0.160992 -0.0405983 -0.0441189 -0.0813617
internal_weight=22712 9693 13019 5119 2695 846 484 4574 6377 6642 2424 650 5739 1849 2424 1774 1403 2776 1000 638 2963 2150 4497 2196 1094 956 740 2145 1441 3402
internal_count=22712 9693 13019 5119 2695 846 484 4574 6377 6642 2424 650 5739 1849 2424 1774 1403 2776 1000 638 2963 2150 4497 2196 1094 956 740 2145 1441 3402
is_linear=0
shrinkage=0.0161


Tree=6
num_leaves=31
num_cat=0
split_feature=296 177 501 414 175 177 418 178 178 176 549 437 116 90 13 480 504 176 416 413 157 91 57 178 92 371 569 85 149 217
split_gain=187245 62566.1 56889.8 34220.8 17562.4 16737.4 14921.3 13363.1 12935.2 11859.1 8889.9 8606.9 8548.42 8203.29 8091.06 7591.51 7198.82 7086.39 6868.77 6676.37 6409.39 6363.3 6328.7 6243.4 5790.32 5515.46 5249.17 4963.06 4682.3 4675.06
threshold=8.0000000000000018 10.500000000000002 66.500000000000014 24.500000000000004 10.500000000000002 5.5000000000000009 10.500000000000002 20.000000000000004 10.500000000000002 20.000000000000004 169.15000152587893 5.5000000000000009 16.500000000000004 29.500000000000004 13.500000000000002 218.50000000000003 228.50000000000003 4.5000000000000009 20.000000000000004 35.500000000000007 8.0000000000000018 8.0000000000000018 35.500000000000007 6.5000000000000009 5.5000000000000009 20.000000000000004 71.950000762939467 13.500000000000002 10.500000000000002 16.500000000000004
decision_type=2 2 2 2 2 2 2 2 2 2 10 2 2 2 2 2 2 2 2 2 2 2 2 2 2 2 8 2 2 2
left_child=2 4 5 6 10 26 28 19 18 -9 -2 -8 29 16 -12 20 -6 -7 25 23 -10 -14 -23 -5 -22 -4 -1 -27 -3 -13
right_child=1 3 8 7 13 17 11 9 15 -11 14 12 21 -15 -16 -17 -18 -19 -20 -21 24 22 -24 -25 -26 27 -28 -29 -30 -31
leaf_value=-0.11991801658513794 -0.032574930351079279 0.0075861011995471805 -0.033203813002403083 0.025823376836361829 0.023415277797391328 -0.071318620390724355 0.045197422228836631 0.11921270006257056 -0.013964506789053335 0.29080389967746367 -0.011970181422218113 0.049940412885195677 0.076717309604081671 0.14326039424286158 0.1209747375134646 0.10400807817534594 0.13261484981402893 -0.018673916981328021 0.078670950312300009 0.20148532229901611 0.13578173955324732 0.14248518006888133 0.25513477764454751 0.1321931067532516 0.026971388282686467 -0.01365471735949903 -0.080187687724880496 0.07655260721322267 0.059664927072332195 0.14217350161933864
leaf_weight=1205 2126 950 3178 211 1568 1129 642 161 813 300 283 527 220 200 204 313 174 1609 176 216 165 411 190 448 551 474 3062 237 848 196
leaf_count=1205 2126 950 3178 211 1568 1129 642 161 813 300 283 527 220 200 204 313 174 1609 176 216 165 411 190 448 551 474 3062 237 848 196
internal_value=-7.83485e-05 0.0526941 -0.0404401 0.0901932 0.00889193 -0.0714735 0.066537 0.160719 -0.0036343 0.230928 -0.0183555 0.0948005 0.11541 0.0455661 0.0436709 0.0317536 0.0343362 -0.0403903 -0.0196756 0.123702 0.0169471 0.150989 0.178137 0.0981711 0.0520793 -0.0241324 -0.091413 0.0163813 0.0321614 0.0749767
internal_weight=22787 9875 12912 5320 4555 7005 3984 1336 5907 461 2613 2186 1544 1942 487 1842 1742 2738 4065 875 1529 821 601 659 716 3889 4267 711 1798 723
internal_count=22787 9875 12912 5320 4555 7005 3984 1336 5907 461 2613 2186 1544 1942 487 1842 1742 2738 4065 875 1529 821 601 659 716 3889 4267 711 1798 723
is_linear=0
shrinkage=0.0161


Tree=7
num_leaves=31
num_cat=0
split_feature=236 499 237 55 414 418 177 177 150 595 31 553 535 98 584 247 296 111 257 311 497 59 206 265 269 463 453 214 567 483
split_gain=182050 60143.4 56079.2 26328.1 20204.1 19090.7 15374.6 14732.1 11413.9 10249 9226.54 8600.91 8367.7 8144.43 8035.41 6980.41 7392.35 6813.69 7647.43 8602.23 6644.35 6554.68 6425.33 5817.97 5807.38 5516.23 5400.06 5140.97 6096.27 5120.13
threshold=8.0000000000000018 61.500000000000007 16.500000000000004 24.500000000000004 13.500000000000002 29.500000000000004 6.5000000000000009 6.5000000000000009 6.5000000000000009 138.55000305175784 10.500000000000002 231.15000152587893 156.50000000000003 13.500000000000002 185.15000152587893 20.000000000000004 8.0000000000000018 16.500000000000004 8.0000000000000018 8.0000000000000018 34.500000000000007 8.0000000000000018 16.500000000000004 4.5000000000000009 6.5000000000000009 5.5000000000000009 16.500000000000004 8.0000000000000018 114.45000076293947 148.50000000000003
decision_type=2 2 2 2 2 2 2 2 2 10 2 10 2 2 10 2 2 2 2 2 2 2 2 2 2 2 2 2 8 2
left_child=1 6 4 10 8 22 -1 11 -2 -6 -4 17 27 -11 -15 16 -14 29 -19 -20 -10 -12 -5 -22 -23 -26 -27 -9 -29 -3
right_child=2 7 3 5 9 -7 -8 12 20 13 21 -13 15 14 -16 -17 -18 18 19 -21 23 24 -24 -25 25 26 -28 28 -30 -31
leaf_value=-0.087111274518307719 -0.028571624954885161 -0.056419049995099967 0.037162782331182954 0.099148794697515877 0.038964509807105516 0.30401613210060785 -0.035539730928757902 -0.022113122195669122 -0.019938732245166908 0.064581488829098699 0.044937729842235097 0.081985888572697715 0.0070725805895915173 0.23849864218986411 0.083683513560308564 0.13630070261680755 0.1120661047806943 -0.032607304825116416 -0.014983795045736699 0.13865699499864537 -0.0090740321597085824 0.052274198674278398 0.19888051477839225 0.06296495734712515 0.075075071163908311 0.13795684416862267 0.24360012680792573 0.11535763198137819 0.0071104377333083245 -0.009875342949502831
leaf_weight=4791 1674 1854 844 430 1682 242 2183 922 556 472 350 191 583 189 162 245 248 462 181 197 387 218 276 1160 208 392 186 184 507 917
leaf_count=4791 1674 1854 844 430 1682 242 2183 922 556 472 350 191 583 189 162 245 248 462 181 197 387 218 276 1160 208 392 186 184 507 917
internal_value=-0.0001529 -0.0381446 0.054104 0.109593 0.0263117 0.180532 -0.0709717 -0.00287106 0.00279117 0.0617662 0.0789861 -0.0232725 0.025966 0.108338 0.167113 0.0607402 0.0384347 -0.0288466 0.0112997 0.065026 0.0277673 0.105039 0.138171 0.0449284 0.125967 0.146376 0.171994 0.00275418 0.0359686 -0.041025
internal_weight=22893 13465 9428 3146 6282 948 6974 6491 3777 2505 2198 3802 2689 823 351 1076 831 3611 840 378 2103 1354 706 1547 1004 786 578 1613 691 2771
internal_count=22893 13465 9428 3146 6282 948 6974 6491 3777 2505 2198 3802 2689 823 351 1076 831 3611 840 378 2103 1354 706 1547 1004 786 578 1613 691 2771
is_linear=0
shrinkage=0.0161


Tree=8
num_leaves=31
num_cat=0
split_feature=236 500 177 55 177 477 480 175 418 51 211 54 90 416 417 436 235 193 100 388 72 90 171 143 454 150 480 270 115 483
split_gain=173957 70997.1 47368 29785.6 24108 14805.4 13093.2 12508.8 12425.7 11212.3 9911.16 9456.4 9428.73 8900.64 8629.13 7965.53 7219.59 7171.14 6249.52 6248.55 6121.19 5814.23 5091.65 5001.04 5740.89 4959.01 4866.65 4730.48 4668.08 4509.68
threshold=10.500000000000002 82.500000000000014 10.500000000000002 29.500000000000004 5.5000000000000009 24.500000000000004 215.50000000000003 10.500000000000002 13.500000000000002 20.000000000000004 16.500000000000004 29.500000000000004 13.500000000000002 10.500000000000002 6.5000000000000009 10.500000000000002 5.5000000000000009 20.000000000000004 10.500000000000002 13.500000000000002 13.500000000000002 6.5000000000000009 6.5000000000000009 6.5000000000000009 13.500000000000002 6.5000000000000009 183.50000000000003 13.500000000000002 10.500000000000002 80.500000000000014
decision_type=2 2 2 2 2 2 2 2 2 2 2 2 2 2 2 2 2 2 2 2 2 2 2 2 2 2 2 2 2 2
left_child=1 4 7 8 16 27 11 29 21 17 -7 14 -9 28 -3 -10 -1 -8 -14 -13 -16 -4 -17 -22 -25 -15 -23 -5 -6 -2
right_child=2 6 3 5 13 10 9 12 15 -11 -12 19 18 25 20 22 -18 -19 -20 -21 23 26 -24 24 -26 -27 -28 -29 -30 -31
leaf_value=-0.097766642075913984 -0.043275133940342263 -0.029095110073678931 0.0051429997002545485 0.085595407509050092 -0.060516668039650542 0.17030026240225737 0.0087930454104184937 0.019138158481022589 0.074137376453929593 0.15049873068164232 0.34125895442552395 0.020747549724907045 0.045715278478927063 -0.02990982769998312 -0.0046426370441492188 0.20152173489606812 -0.058297463757981553 0.11718222076828742 0.15097730401022585 0.1383458844019631 0.0029256533349405725 0.051164672206037098 0.11477495728489491 0.039524483421147186 0.1543065846889152 0.033184515335990768 0.13004898915587551 0.17419654763893935 -0.013431036992661878 0.010986651063564362
leaf_weight=3095 767 2295 577 318 1823 169 720 1038 815 271 185 297 285 582 1444 279 1970 203 302 194 336 1033 479 292 185 725 253 310 781 822
leaf_count=3095 767 2295 577 318 1823 169 720 1038 815 271 185 297 285 582 1444 279 1970 203 302 194 336 1033 479 292 185 725 253 310 781 822
internal_value=0.00122755 -0.0302389 0.0639533 0.0981649 -0.0592318 0.176379 0.0114825 0.0169183 0.0758045 0.0594231 0.25971 0.000127273 0.0483301 -0.0291956 -0.00710881 0.109136 -0.08242 0.0326571 0.0999106 0.06726 0.0152372 0.047649 0.146735 0.0505756 0.084091 0.00507094 0.0667022 0.129369 -0.0464036 -0.0151903
internal_weight=22845 15213 7632 4418 8976 982 6237 3214 3436 1194 354 5043 1625 3911 4552 1573 5065 923 587 491 2257 1863 758 813 477 1307 1286 628 2604 1589
internal_count=22845 15213 7632 4418 8976 982 6237 3214 3436 1194 354 5043 1625 3911 4552 1573 5065 923 587 491 2257 1863 758 813 477 1307 1286 628 2604 1589
is_linear=0
shrinkage=0.0161


Tree=9
num_leaves=31
num_cat=0
split_feature=296 177 539 475 299 150 298 237 417 500 540 299 276 53 117 55 355 75 235 235 46 33 181 252 510 177 593 540 237 22
split_gain=172209 58209.4 48836.5 35898.6 23752 14629.4 14030.3 14015.9 12074.5 10093.3 8876.41 8540.05 8293.82 8769.16 8157.32 7604.27 7272.49 7057.15 6551.87 6275.57 5850.95 8407 5888.15 4931.88 6528.07 5770.43 6383.02 5201.18 4846.57 4406.05
threshold=8.0000000000000018 8.0000000000000018 62.500000000000007 16.500000000000004 10.500000000000002 8.0000000000000018 24.500000000000004 4.5000000000000009 5.5000000000000009 58.500000000000007 235.84999847412112 5.5000000000000009 8.0000000000000018 13.500000000000002 29.500000000000004 20.000000000000004 8.0000000000000018 29.500000000000004 13.500000000000002 10.500000000000002 5.5000000000000009 6.5000000000000009 24.500000000000004 16.500000000000004 110.50000000000001 4.5000000000000009 88.049999237060561 180.15000152587893 16.500000000000004 5.5000000000000009
decision_type=2 2 2 2 2 2 2 2 2 2 10 2 2 2 2 2 2 2 2 2 2 2 2 2 2 2 10 10 2 2
left_child=2 9 7 11 15 -6 12 -1 18 -2 20 -3 -7 -14 -8 -5 -9 19 -4 29 -10 -22 -23 25 -25 -11 -27 -26 -17 -13
right_child=1 3 8 4 5 6 14 16 10 23 -12 17 13 -15 -16 28 -18 -19 -20 -21 21 22 -24 24 27 26 -28 -29 -30 -31
leaf_value=-0.091291981125574198 -0.033508692554805104 0.0042598674092219936 -0.042716644500569466 0.044297764089325418 0.083822043772837584 0.10060687997945446 0.19956344464405512 -0.060102172749787887 -0.023334647169366691 -0.036659211314997296 0.1198650039000478 -0.019544105285732739 0.12629389826435061 0.28576047032793633 0.34965935269571652 0.074059716857454355 -0.0075641336103385182 0.13175174986119753 0.028105492023821593 0.085137342743789493 -0.018513652645132599 0.03423184949300654 0.13678677634182193 0.14367596773582836 -0.020105634297795071 0.10713684145726132 0.0086736450719958908 0.095267682575729512 0.16801418233834897 0.046929413404575668
leaf_weight=3400 1430 963 2193 852 405 360 184 2328 1063 531 194 364 171 189 194 291 968 318 400 810 825 1276 164 175 250 213 862 170 281 888
leaf_count=3400 1430 963 2193 852 405 360 184 2328 1063 531 194 364 171 189 194 291 968 318 400 810 825 1276 164 175 250 213 862 170 281 888
internal_value=0.000661812 0.0510916 -0.0383111 0.0807988 0.121974 0.166629 0.19715 -0.0683512 -0.00541294 -0.000200269 0.0139944 0.0447403 0.155376 0.210079 0.276659 0.0748259 -0.0446795 0.0611097 -0.0317824 0.0502039 0.00781576 0.0224455 0.0459281 0.0214297 0.0610292 0.00674395 0.028205 0.026537 0.120257 0.0275844
internal_weight=22712 9901 12811 6270 2927 1503 1098 6696 6115 3631 3522 3343 720 360 378 1424 3296 2380 2593 2062 3328 2265 1440 2201 595 1606 1075 420 572 1252
internal_count=22712 9901 12811 6270 2927 1503 1098 6696 6115 3631 3522 3343 720 360 378 1424 3296 2380 2593 2062 3328 2265 1440 2201 595 1606 1075 420 572 1252
is_linear=0
shrinkage=0.0161


Tree=10
num_leaves=31
num_cat=0
split_feature=296 537 237 235 90 501 237 475 298 414 362 479 36 33 416 237 416 58 424 277 206 478 522 157 269 295 78 268 474 414
split_gain=160149 52147 51298.7 29026.8 21155.4 16584.3 15449.8 15415.2 12340.2 9676.2 9269.42 9149.74 8368.5 7916.58 6585.33 6398.35 6297.11 5652.05 5494.94 5489.69 5436.94 5319.58 5278.37 5219.22 5191.37 5049.4 4996.06 4960.93 4933.56 4900.15
threshold=8.0000000000000018 75.500000000000014 10.500000000000002 13.500000000000002 13.500000000000002 65.500000000000014 4.5000000000000009 35.500000000000007 20.000000000000004 10.500000000000002 6.5000000000000009 8.0000000000000018 29.500000000000004 10.500000000000002 13.500000000000002 5.5000000000000009 6.5000000000000009 5.5000000000000009 24.500000000000004 10.500000000000002 16.500000000000004 5.5000000000000009 51.500000000000007 20.000000000000004 13.500000000000002 16.500000000000004 5.5000000000000009 8.0000000000000018 20.000000000000004 24.500000000000004
decision_type=2 2 2 2 2 2 2 2 2 2 2 2 2 2 2 2 2 2 2 2 2 2 2 2 2 2 2 2 2 2
left_child=1 6 5 11 -5 15 -1 22 -9 17 20 -4 24 -12 -13 -2 -8 -7 21 -16 -3 -15 -6 -21 26 -17 -11 -22 -24 -18
right_child=2 10 3 4 7 9 16 8 -10 12 13 14 -14 18 19 25 29 -19 -20 23 27 -23 28 -25 -26 -27 -28 -29 -30 -31
leaf_value=-0.088901034975824827 -0.053269481348257305 -0.034312961921320217 0.012809212658441788 0.07321895665778505 0.18590077054500936 -0.034154347344476824 -0.059945126085227764 0.16447557054992065 0.33343179120548944 -0.038455641931342446 -0.0041443887459837389 0.023913372468041857 0.17536844573831328 -0.026470464213167857 0.065730919604965993 -0.019492907162238657 -0.027825537553618336 0.032539294847508157 0.11144456447176329 0.19268999745757778 -0.028057301669759078 0.054600605567633353 0.053387510589965777 0.076764925803599365 0.099688332721510328 0.054052630036005946 0.054947736136263754 0.074245591830477645 0.14788455224426517 0.062576362455510987
leaf_weight=3673 973 2025 1140 1127 278 516 2211 237 214 211 1644 477 168 293 610 794 1381 910 285 231 235 736 290 180 401 348 499 257 285 175
leaf_count=3673 973 2025 1140 1127 278 516 2211 237 214 211 1644 477 168 293 610 794 1381 910 285 231 235 736 290 180 401 348 499 257 285 175
internal_value=-0.000311487 -0.0376472 0.0484464 0.0842044 0.124344 0.0108362 -0.0653995 0.168512 0.244698 0.0372467 6.12522e-05 0.0472056 0.0694021 0.0193898 0.073366 -0.0229306 -0.0424781 0.00838961 0.0488523 0.0964466 -0.0226445 0.0314934 0.128203 0.141977 0.0533572 0.00289791 0.0271567 0.0253336 0.100266 -0.0176431
internal_weight=22804 12915 9889 5069 2431 4820 7440 1304 451 2705 5475 2638 1279 2958 1498 2115 3767 1426 1314 1021 2517 1029 853 411 1111 1142 710 492 575 1556
internal_count=22804 12915 9889 5069 2431 4820 7440 1304 451 2705 5475 2638 1279 2958 1498 2115 3767 1426 1314 1021 2517 1029 853 411 1111 1142 710 492 575 1556
is_linear=0
shrinkage=0.0161


Tree=11
num_leaves=31
num_cat=0
split_feature=177 295 509 414 298 119 296 502 236 452 355 117 30 117 373 448 74 208 231 450 4 586 117 381 356 449 556 554 229 399
split_gain=158196 61198.1 46284.9 25428.7 17458 13247.4 12606.9 12135.1 11150.9 10715.9 10448 9404.88 8839.55 7921.32 7344.41 7338.65 7287.8 6931.89 6712.02 6052.39 6641.74 9255.08 5892.11 4864.63 4682.14 4637.05 5652.88 4545.13 4666.99 4304
threshold=8.0000000000000018 10.500000000000002 45.500000000000007 24.500000000000004 20.000000000000004 10.500000000000002 4.5000000000000009 159.50000000000003 6.5000000000000009 13.500000000000002 8.0000000000000018 29.500000000000004 13.500000000000002 29.500000000000004 24.500000000000004 20.000000000000004 10.500000000000002 8.0000000000000018 24.500000000000004 5.5000000000000009 10.500000000000002 90.049999237060561 29.500000000000004 24.500000000000004 10.500000000000002 8.0000000000000018 156.05000305175784 156.94999694824222 6.5000000000000009 6.5000000000000009
decision_type=2 2 2 2 2 2 2 2 2 2 2 2 2 2 2 2 2 2 2 2 2 10 2 2 2 2 10 10 2 2
left_child=2 6 8 5 18 24 -2 10 -1 17 27 -6 -7 -14 22 -9 -17 -8 25 -12 -21 -22 -11 -19 -3 -5 -27 -4 -29 -26
right_child=1 3 7 4 11 12 9 15 -10 14 19 -13 13 -15 -16 16 -18 23 -20 20 21 -23 -24 -25 29 26 -28 28 -30 -31
leaf_value=-0.086389892008854996 -0.041210663004921058 -0.004530610315391312 -0.051613397678563946 0.030431677556677063 0.16553033421059365 0.056603022313872452 -0.018863236791694511 0.0056011248922371581 -0.036283752234885926 0.019791391631167009 -0.034485324462234873 0.31497731374508653 0.095168472629857184 0.19755665135184719 0.14340458572613693 0.021268128713267997 0.15422618523874895 0.0198432691004592 0.19272185545156098 -0.0084173324432250847 0.16273388740763206 0.022319087443266092 0.10117517999093469 0.11596983840945124 0.011714916725197397 0.083691282603999703 0.19511897797406802 -0.045214410881183505 0.06066616701369347 0.080837929296182859
leaf_weight=4083 1034 607 2640 251 263 778 1563 1873 1606 850 699 188 552 305 220 247 189 903 199 715 175 401 317 161 397 456 160 229 204 570
leaf_count=4083 1034 607 2640 251 263 778 1563 1873 1606 850 699 188 552 305 220 247 189 903 199 715 175 401 317 161 397 456 160 229 204 570
internal_value=-0.00108813 0.0478972 -0.0377473 0.089534 0.143863 0.0638435 0.00891162 -0.011119 -0.0722491 0.0218289 -0.0250707 0.22788 0.0959462 0.131635 0.0580327 0.019463 0.0789576 0.00270513 0.108295 0.0036589 0.02433 0.0650207 0.0419184 0.0344109 0.0304818 0.0888901 0.112672 -0.0436829 0.00461492 0.0524839
internal_weight=22835 9774 13061 4726 1517 3209 5048 7372 5689 4014 5063 451 1635 857 1387 2309 436 2627 1066 1990 1291 576 1167 1064 1574 867 616 3073 433 967
internal_count=22835 9774 13061 4726 1517 3209 5048 7372 5689 4014 5063 451 1635 857 1387 2309 436 2627 1066 1990 1291 576 1167 1064 1574 867 616 3073 433 967
is_linear=0
shrinkage=0.0161


Tree=12
num_leaves=31
num_cat=0
split_feature=296 297 539 414 331 177 498 178 213 122 235 115 176 194 328 503 481 149 414 542 234 370 476 352 419 221 145 168 419 567
split_gain=153254 51950.8 46780.2 37657.3 13456 13149.2 11815.9 11549 11372.8 8626.11 8451.63 7836.36 7684.05 6435.06 6249.09 5944.66 5474.19 5457.04 5401.06 5142.34 5070.76 5038.7 4993.73 5654.51 4874.69 5541.65 4757.4 4429.16 4414.87 4365.68
threshold=8.0000000000000018 8.0000000000000018 62.500000000000007 24.500000000000004 16.500000000000004 5.5000000000000009 251.50000000000003 10.500000000000002 16.500000000000004 8.0000000000000018 10.500000000000002 6.5000000000000009 35.500000000000007 10.500000000000002 5.5000000000000009 231.50000000000003 144.50000000000003 16.500000000000004 24.500000000000004 203.05000305175784 13.500000000000002 13.500000000000002 16.500000000000004 20.000000000000004 13.500000000000002 10.500000000000002 10.500000000000002 16.500000000000004 13.500000000000002 70.850002288818374
decision_type=2 2 2 2 2 2 2 2 2 2 2 2 2 2 2 2 2 2 2 10 2 2 2 2 2 2 2 2 2 8
left_child=2 6 5 4 11 29 10 9 14 15 -2 27 20 -10 -5 -4 -12 19 -7 -9 -6 28 -13 -24 -16 -26 -23 -3 -11 -1
right_child=1 3 7 8 12 18 -8 17 13 21 16 22 -14 -15 24 -17 -18 -19 -20 -21 -22 26 23 -25 25 -27 -28 -29 -30 -31
leaf_value=-0.11472230912254165 -0.026270258420387639 -0.014078601639379735 -0.047617330926258229 0.03599402547487919 0.054660919826552253 -0.046151562527840854 0.11624663625879118 0.00037535052780542582 0.15074537299211971 -0.03104249586716849 0.0045752752434004805 0.028406477748580818 0.17063078076229893 0.28308647899474154 0.10551104289739886 0.032168198359983996 0.074961431672019699 0.077285677549982904 0.034781921436855982 0.087604697273683765 0.12745133839997014 0.0077043921994275587 0.057729511182340043 0.14777185369820445 0.12203008886656 0.24492800911937079 0.10342151048010127 0.065787175764565525 0.039575035214609693 -0.075632361335350812
leaf_weight=981 2185 933 2242 188 848 2431 216 1244 177 823 1038 971 274 209 508 271 396 443 234 204 352 322 731 241 197 186 232 223 318 3066
leaf_count=981 2185 933 2242 188 848 2431 216 1244 177 823 1038 971 274 209 508 271 396 443 234 204 352 322 731 241 197 186 232 223 318 3066
internal_value=-0.000756672 0.0469116 -0.0374948 0.0763445 0.0535791 -0.0668222 0.000564839 -0.00521592 0.147391 -0.0200709 -0.00633312 0.0345203 0.0936331 0.222463 0.120513 -0.039004 0.0240289 0.0278281 -0.0390364 0.0126808 0.0760324 0.00798527 0.0542682 0.080079 0.13832 0.181776 0.0478306 0.00130767 -0.0113406 -0.0851137
internal_weight=22684 9873 12811 6038 4573 6712 3835 6099 1465 4208 3619 3099 1474 386 1079 2513 1434 1891 2665 1448 1200 1695 1943 972 891 383 554 1156 1141 4047
internal_count=22684 9873 12811 6038 4573 6712 3835 6099 1465 4208 3619 3099 1474 386 1079 2513 1434 1891 2665 1448 1200 1695 1943 972 891 383 554 1156 1141 4047
is_linear=0
shrinkage=0.0161


Tree=13
num_leaves=31
num_cat=0
split_feature=176 501 177 354 477 177 561 299 311 177 119 55 135 416 149 544 30 27 507 31 416 281 276 297 325 234 414 476 1 375
split_gain=140126 57433.9 44379 24907.5 19045.1 17379.6 14016.2 12326.4 10856.3 9484.78 8928.2 8104.07 7280.19 7163.49 7839.66 6706.25 6519.32 6306.27 6132.41 5780.1 5307.05 5291.06 5005.43 4827.56 4747.95 4648.41 4429.75 4378.8 4320.23 4299.04
threshold=10.500000000000002 71.500000000000014 10.500000000000002 35.500000000000007 24.500000000000004 5.5000000000000009 216.75000000000003 13.500000000000002 61.500000000000007 4.5000000000000009 6.5000000000000009 8.0000000000000018 16.500000000000004 13.500000000000002 13.500000000000002 155.05000305175784 6.5000000000000009 29.500000000000004 92.500000000000014 4.5000000000000009 13.500000000000002 6.5000000000000009 5.5000000000000009 13.500000000000002 6.5000000000000009 5.5000000000000009 10.500000000000002 35.500000000000007 5.5000000000000009 10.500000000000002
decision_type=2 2 2 2 2 2 10 2 2 2 2 2 2 2 2 8 2 2 2 2 2 2 2 2 2 2 2 2 2 2
left_child=1 5 9 7 -5 25 8 19 10 -2 22 -7 24 -9 21 20 -11 -18 -17 -4 -12 -15 -3 -13 -8 -1 29 -16 -20 -21
right_child=2 6 3 4 -6 11 12 13 -10 16 15 23 -14 14 27 18 17 -19 28 26 -22 -23 -24 -25 -26 -27 -28 -29 -30 -31
leaf_value=-0.094091949572820036 -0.02992559333342296 -0.056911973112866783 -0.0075450324588625557 0.11113269551446742 0.28369515101916343 -0.053364328267621788 0.10847766994308422 0.049876325101526002 0.1239633821477043 -0.00679736615409216 -0.030046022830263128 -0.022890626172250413 0.15871037897035767 0.010348852652805088 0.13437581047511754 0.1066691699670102 0.034555455965893378 0.12464283064377894 -0.019620824174194734 0.0069798939109915132 0.042399050253691194 0.12212609647339633 -0.010799827720751169 0.039429218145408111 0.0064250623814834061 -0.060917057599275327 0.086412857367166418 0.22580009048919297 0.038588288526243672 0.075120823575664034
leaf_weight=2543 1004 1015 397 442 266 1976 181 395 170 883 1177 1059 188 171 344 247 1423 235 483 555 337 309 1534 463 342 1933 876 227 1044 424
leaf_count=2543 1004 1015 397 442 266 1976 181 395 170 883 1177 1059 188 171 344 247 1423 235 483 555 337 309 1534 463 342 1933 876 227 1044 424
internal_value=-7.14712e-05 -0.0295363 0.0543711 0.0884904 0.175999 -0.0587546 0.0051412 0.0717302 -0.00285573 0.0119584 -0.00655331 -0.0318563 0.0727376 0.108426 0.130408 0.0109735 0.0285169 0.0473384 0.0322191 0.0481576 -0.013905 0.0823545 -0.0291707 -0.00391715 0.0417885 -0.0797703 0.0600915 0.170763 0.020161 0.0365154
internal_weight=22643 14692 7951 4406 708 7974 6718 3698 6007 3545 5837 3498 711 1446 1051 3288 2541 1658 1774 2252 1514 480 2549 1522 523 4476 1855 571 1527 979
internal_count=22643 14692 7951 4406 708 7974 6718 3698 6007 3545 5837 3498 711 1446 1051 3288 2541 1658 1774 2252 1514 480 2549 1522 523 4476 1855 571 1527 979
is_linear=0
shrinkage=0.0161


Tree=14
num_leaves=31
num_cat=0
split_feature=296 177 501 414 415 209 179 176 541 477 271 502 175 228 479 251 67 245 88 499 417 207 544 491 283 92 251 302 502 116
split_gain=143842 51329.4 50544.4 30833.8 15286 13687.3 18374.2 12368.7 11643.2 10287.2 9742.08 8710.99 7461.51 6859.03 6257.88 6177.38 7364.46 6146.19 6133.25 5962.26 5578.63 5372.76 5104.68 4626.26 4587.14 4554.85 4432.48 4378.72 4573.71 4335.18
threshold=8.0000000000000018 10.500000000000002 63.500000000000007 16.500000000000004 10.500000000000002 16.500000000000004 20.000000000000004 5.5000000000000009 192.55000305175784 8.0000000000000018 4.5000000000000009 212.50000000000003 8.0000000000000018 13.500000000000002 13.500000000000002 20.000000000000004 16.500000000000004 8.0000000000000018 29.500000000000004 122.50000000000001 24.500000000000004 6.5000000000000009 160.44999694824222 197.50000000000003 13.500000000000002 8.0000000000000018 10.500000000000002 13.500000000000002 125.50000000000001 16.500000000000004
decision_type=2 2 2 2 2 2 2 2 10 2 2 2 2 2 2 2 2 2 2 2 2 2 10 2 2 2 2 2 2 2
left_child=2 4 7 10 19 22 29 -1 20 15 -3 21 13 24 -15 25 -17 -13 -14 -2 -6 -11 26 -24 -12 -4 -5 -23 -29 -7
right_child=1 3 9 5 8 6 -8 -9 -10 11 12 17 18 14 -16 16 -18 -19 -20 -21 -22 27 23 -25 -26 -27 -28 28 -30 -31
leaf_value=-0.082396646838289053 -0.041380743934670526 -0.0051544267258115143 -0.046688744911558673 0.042522853613783988 0.013716570258068831 0.058100630460131635 0.29341584163964635 -0.03656472173658136 0.13096030482229462 -0.018344399584369224 -0.0084148895815193119 0.018051238220980311 0.074520358699220302 0.037240872645543079 0.16757624864458615 -0.012355126397539324 0.11444575787184358 0.13795282953556076 0.16342362184979517 0.01188725101697221 0.10682164837616101 0.010972806295708883 0.21024343927691844 0.088020930356332697 0.065773387763994898 -0.0062910937707723021 0.11973212431157203 0.14319313536342151 0.026569074624234024 0.15735250224484629
leaf_weight=4346 1504 658 1650 493 1800 160 258 2356 294 983 677 194 1080 216 172 348 180 260 248 853 184 720 160 163 317 1291 318 162 190 405
leaf_count=4346 1504 658 1650 493 1800 160 258 2356 294 983 677 194 1080 216 172 348 180 260 248 853 184 720 160 163 317 1291 318 162 190 405
internal_value=3.56004e-05 0.0458256 -0.0359301 0.0799252 0.00664457 0.130757 0.180768 -0.0662885 0.0363891 -0.00189093 0.0503821 0.0229388 0.0638753 0.0376584 0.0950791 -0.0198562 0.0308279 0.0867692 0.0911405 -0.022093 0.0223632 0.00882571 0.0944405 0.148637 0.0152211 -0.0289635 0.0728263 0.033762 0.0803095 0.129287
internal_weight=22640 9960 12680 5325 4635 1957 823 6702 2278 5978 3368 2509 2710 1382 388 3469 528 454 1328 2357 1984 2055 1134 323 994 2941 811 1072 352 565
internal_count=22640 9960 12680 5325 4635 1957 823 6702 2278 5978 3368 2509 2710 1382 388 3469 528 454 1328 2357 1984 2055 1134 323 994 2941 811 1072 352 565
is_linear=0
shrinkage=0.0161


Tree=15
num_leaves=31
num_cat=0
split_feature=236 501 177 89 418 480 116 523 237 389 118 175 498 298 399 372 244 494 580 239 150 236 210 217 489 263 128 416 51 423
split_gain=151540 51286.1 46027.1 25253.4 22744.5 14962.3 13318.2 11714.5 11023.4 10806.7 8904.13 8555.58 8048.34 7134.51 7085.23 6687.43 6567.8 7987.35 6365.57 5771.34 5727.73 5668.63 5254.74 5125.59 8986.5 6390.87 4809.59 4479.25 4366.27 5375
threshold=8.0000000000000018 64.500000000000014 10.500000000000002 13.500000000000002 20.000000000000004 219.50000000000003 43.500000000000007 126.50000000000001 4.5000000000000009 5.5000000000000009 4.5000000000000009 24.500000000000004 38.500000000000007 5.5000000000000009 35.500000000000007 10.500000000000002 10.500000000000002 211.50000000000003 127.25000000000001 24.500000000000004 20.000000000000004 3.5000000000000004 10.500000000000002 6.5000000000000009 156.50000000000003 8.0000000000000018 8.0000000000000018 10.500000000000002 16.500000000000004 16.500000000000004
decision_type=2 2 2 2 2 2 2 2 2 2 2 2 2 2 2 2 2 2 8 2 2 2 2 2 2 2 2 2 2 2
left_child=1 8 9 13 11 10 19 -7 -1 -2 -3 -5 -11 -4 28 20 -9 -18 -15 26 -12 -17 -10 -20 25 -25 -6 -24 -14 -30
right_child=2 5 3 4 6 7 -8 16 22 12 15 -13 14 18 -16 21 17 -19 23 -21 -22 -23 27 24 -26 -27 -28 -29 29 -31
leaf_value=-0.083696282670397498 -0.026078871571857429 -0.041942550631349267 -0.0024432762346853982 0.062356820721187159 0.17169316872082696 0.18283823823401532 0.2992711108700436 -0.0086057001192128262 -0.054757638927553823 -0.01306566181717266 -0.026101824270103859 0.14130518509226075 0.019770181462249164 0.026399420879451883 0.1372159645483492 -0.021370676597382093 0.013726230303490244 0.16883334693844582 0.044678096673193314 0.22225003748267308 0.044260682877300554 0.048315125398692912 -0.036247355504671133 0.10542985584230059 0.057186316366410667 0.24146833390283487 0.062227307165892941 0.038688785888411882 0.039334472152606853 0.14174325122064818
leaf_weight=3465 1321 1617 561 1184 209 164 212 434 2663 833 1842 510 1305 778 200 416 187 160 487 201 358 1106 587 191 379 170 209 319 420 195
leaf_count=3465 1321 1617 561 1184 209 164 212 434 2663 833 1842 510 1305 778 200 416 187 160 487 201 358 1106 587 191 379 170 209 319 420 195
internal_value=0.00152335 -0.0333714 0.0511499 0.0838542 0.120008 5.11975e-05 0.189023 0.0591051 -0.0632338 0.0121884 -0.0103969 0.0861391 0.029315 0.0482686 0.0459784 0.0033016 0.0330925 0.0853132 0.0624696 0.151226 -0.0146412 0.0292528 -0.0433609 0.0853213 0.112037 0.169557 0.117017 -0.00983658 0.0364623 0.0718438
internal_weight=22683 13318 9365 5091 2525 6284 831 945 7034 4274 5339 1694 2953 2566 2120 3722 781 347 2005 619 2200 1522 3569 1227 740 361 418 906 1920 615
internal_count=22683 13318 9365 5091 2525 6284 831 945 7034 4274 5339 1694 2953 2566 2120 3722 781 347 2005 619 2200 1522 3569 1227 740 361 418 906 1920 615
is_linear=0
shrinkage=0.0161


Tree=16
num_leaves=31
num_cat=0
split_feature=236 487 177 414 177 503 178 153 178 90 194 151 530 66 207 172 208 455 115 565 316 204 166 568 239 484 60 418 235 39
split_gain=144429 52026.6 38815.8 21356.4 16223.7 14223.3 13670.8 13427.9 12451.6 11440.8 9298.19 9245.87 9122.66 12539.1 7637.08 6999.07 6618.39 7018.78 6556.82 5908.37 5814.96 6114.23 5472.66 4883.56 4653.88 4695.88 5082.1 4510.52 4268.48 4204.32
threshold=10.500000000000002 67.500000000000014 10.500000000000002 20.000000000000004 5.5000000000000009 221.50000000000003 20.000000000000004 13.500000000000002 10.500000000000002 13.500000000000002 20.000000000000004 6.5000000000000009 250.50000000000003 20.000000000000004 6.5000000000000009 24.500000000000004 10.500000000000002 10.500000000000002 8.0000000000000018 148.75000000000003 8.0000000000000018 24.500000000000004 6.5000000000000009 71.049999237060561 6.5000000000000009 176.50000000000003 10.500000000000002 13.500000000000002 10.500000000000002 8.0000000000000018
decision_type=2 2 2 2 2 2 2 2 2 2 2 2 2 2 2 2 2 2 2 8 2 2 2 8 2 2 2 2 2 2
left_child=1 4 9 11 23 8 15 -8 22 19 28 -4 13 14 -7 -5 -10 -18 -6 -2 -13 24 -3 -1 -22 26 -26 -24 -11 -29
right_child=2 5 3 6 18 12 7 -9 16 10 -12 20 -14 -15 -16 -17 17 -19 -20 -21 21 -23 27 -25 25 -27 -28 29 -30 -31
leaf_value=-0.10766426728308019 -0.034431760517461149 -0.041995772485880309 0.020138894228768484 0.077155242389969472 -0.049903135612791763 0.12123635792413627 0.13171410366779726 0.29789753821611042 0.0051023540488740532 -0.0061899878473351006 0.14895120473826587 0.052289817787174724 -0.013469802372503344 0.20174832576516827 -0.00033605127135223921 0.18198004881861585 0.021839556489306453 0.1303578761559544 -0.0049419098696046361 0.02004012563778829 0.03217025173591332 0.19906224329213995 -0.01646162967189152 -0.068429606896750553 0.19016407406437122 0.037865969049138422 0.086732664505441162 -0.011858453740771322 0.064728223755113279 0.0925097564030673
leaf_weight=1072 1113 2052 936 731 2055 225 290 224 1231 411 219 946 339 186 330 214 354 275 1425 962 253 160 1712 3575 246 161 249 188 472 213
leaf_count=1072 1113 2052 936 731 2055 225 290 224 1231 411 219 946 339 186 330 214 354 275 1425 962 253 160 1712 3575 246 161 249 188 472 213
internal_value=-0.00138799 -0.0299756 0.0560026 0.0869125 -0.0577969 0.00184439 0.137314 0.204182 -0.00779664 0.0130891 0.0550163 0.0619856 0.0556506 0.0873043 0.0489077 0.100918 0.0268321 0.0693214 -0.0314991 -0.00916646 0.0814125 0.107162 -0.0232667 -0.0774856 0.0909603 0.113598 0.138182 -0.00506726 0.0316921 0.0435203
internal_weight=22819 15232 7587 4410 8127 7105 1459 514 6025 3177 1102 2951 1080 741 555 945 1860 629 3480 2075 2015 1069 4165 4647 909 656 495 2113 883 401
internal_count=22819 15232 7587 4410 8127 7105 1459 514 6025 3177 1102 2951 1080 741 555 945 1860 629 3480 2075 2015 1069 4165 4647 909 656 495 2113 883 401
is_linear=0
shrinkage=0.0161


Tree=17
num_leaves=31
num_cat=0
split_feature=176 501 117 55 235 477 416 118 56 540 296 299 270 36 414 279 254 492 506 414 295 175 235 150 568 493 189 33 42 314
split_gain=133552 53215.4 40644.5 19524.4 17952 16461.4 13049.8 12836.8 10808 10443.7 7897.09 7579.17 7006.34 6699.78 6616.49 6346.48 6768.89 6300.23 6046.43 5677.16 5346.28 5185.88 5100.27 5088.5 4911.98 4776.72 5282.42 4768.63 4678.3 4403.43
threshold=10.500000000000002 62.500000000000007 20.000000000000004 24.500000000000004 10.500000000000002 24.500000000000004 8.0000000000000018 4.5000000000000009 29.500000000000004 192.55000305175784 5.5000000000000009 13.500000000000002 6.5000000000000009 24.500000000000004 16.500000000000004 10.500000000000002 24.500000000000004 58.500000000000007 205.50000000000003 24.500000000000004 13.500000000000002 4.5000000000000009 16.500000000000004 6.5000000000000009 218.75000000000003 99.500000000000014 13.500000000000002 20.000000000000004 10.500000000000002 13.500000000000002
decision_type=2 2 2 2 2 2 2 2 2 10 2 2 2 2 2 2 2 2 2 2 2 2 2 2 8 2 2 2 2 2
left_child=1 6 4 11 17 -5 21 18 -7 12 25 20 -6 27 -11 24 -17 -2 22 -14 -4 -1 -3 -8 -12 -9 -27 -13 -19 -21
right_child=2 7 3 5 9 8 23 10 -10 14 15 13 19 -15 -16 16 -18 28 -20 29 -22 -23 -24 -25 -26 26 -28 -29 -30 -31
leaf_value=-0.087567321878433066 -0.033729651564348137 -0.05242212320252853 0.013884520421534251 0.10622237448189181 0.0093658949200642293 0.15510014353359408 -0.049548518545397817 -0.03596625261945853 0.33152952808957098 0.07005075334890272 -0.0020406446444993817 0.05748252990098067 0.042791774275143364 0.20021298245290212 0.20845825332531018 0.045788230091884263 0.14783611579948558 -0.0082819562580250684 0.029473837211611901 0.074487612870543202 0.087289572019893166 -0.056232637915564626 0.040889906109149145 0.0010270538956310546 0.061663532329293426 -0.0071355823225392363 0.05915560026792227 0.15377021126468335 0.05044656646318102 0.17499482706257841
leaf_weight=2622 1057 1553 576 469 943 167 1007 834 197 187 1196 426 960 177 173 934 206 779 357 323 466 2880 168 1055 425 1078 438 195 640 175
leaf_count=2622 1057 1553 576 469 943 167 1007 834 197 187 1196 426 960 177 173 934 206 779 357 323 466 2880 168 1055 425 1078 438 195 640 175
internal_value=0.000205834 -0.0284112 0.0535827 0.104669 0.0275033 0.169362 -0.0582214 0.00295071 0.25065 0.055732 0.0166717 0.075369 0.0435928 0.112729 0.136629 0.035136 0.0642491 -0.0039653 -0.0307858 0.0657138 0.0467351 -0.0711696 -0.0432995 -0.0236607 0.014647 -0.00501186 0.0120016 0.0877557 0.0181893 0.109854
internal_weight=22663 14753 7910 2673 5237 833 7564 7189 364 2761 5111 1840 2401 798 360 2761 1140 2476 2078 1458 1042 5502 1721 2062 1621 2350 1516 621 1419 498
internal_count=22663 14753 7910 2673 5237 833 7564 7189 364 2761 5111 1840 2401 798 360 2761 1140 2476 2078 1458 1042 5502 1721 2062 1621 2350 1516 621 1419 498
is_linear=0
shrinkage=0.0161


Tree=18
num_leaves=31
num_cat=0
split_feature=296 496 357 388 55 357 177 355 547 354 415 254 7 479 90 513 26 415 583 567 385 160 370 154 478 502 52 90 480 149
split_gain=134874 54495.6 34707.9 25550.5 19299.1 18622.2 11467.6 9374.33 9080.27 8854.07 8684.52 7394.08 9853.08 7237.52 7041.45 6732.96 6629.67 6039.04 6635.88 5893.13 5519.69 5500.22 5061.2 6423.87 5764.69 4959.73 4733.25 4629.58 4620.82 4445.08
threshold=13.500000000000002 86.500000000000014 10.500000000000002 13.500000000000002 24.500000000000004 8.0000000000000018 10.500000000000002 5.5000000000000009 247.34999847412112 20.000000000000004 6.5000000000000009 8.0000000000000018 8.0000000000000018 24.500000000000004 24.500000000000004 154.50000000000003 3.5000000000000004 24.500000000000004 132.44999694824222 185.15000152587893 20.000000000000004 5.5000000000000009 13.500000000000002 8.0000000000000018 16.500000000000004 235.50000000000003 20.000000000000004 29.500000000000004 23.500000000000004 8.0000000000000018
decision_type=2 2 2 2 2 2 2 2 10 2 2 2 2 2 2 2 2 2 8 8 2 2 2 2 2 2 2 2 2 2
left_child=1 5 9 14 17 7 8 -1 16 25 28 29 -13 26 21 -14 -3 -5 -19 -18 -11 -4 24 -24 -21 27 -6 -2 -7 -8
right_child=2 6 3 4 13 10 11 -9 -10 20 -12 12 15 -15 -16 -17 19 18 -20 22 -22 -23 23 -25 -26 -27 -28 -29 -30 -31
leaf_value=-0.081698019891759552 -0.01465098734433151 -0.049640599431108406 -0.0064619574815588188 0.069922506694209061 0.13395356018890855 -0.074678643785375753 -0.02525271319528527 -0.043618305735442439 0.1060256971170609 0.038833950656923286 0.013587845124083196 0.018429103689213282 0.064428411598033364 0.28900959929459757 0.1123730893857709 0.18139893152905168 -0.015201301929808479 0.21968719147915711 0.082265601185796192 -0.016323280054056498 0.1407652918252851 0.058222699755473513 0.12793922340939054 0.015275013476544351 0.078737073179905803 0.082243545313464853 0.23791278977672284 0.065961368573917087 -0.018258339067263051 0.045695396751986007
leaf_weight=3697 1708 800 511 766 316 650 438 3072 190 461 1378 421 253 189 402 259 2227 179 187 764 197 1019 239 292 211 181 179 207 897 479
leaf_count=3697 1708 800 511 766 316 650 438 3072 190 461 1378 421 253 189 402 259 2227 179 187 764 197 1019 239 292 211 181 179 207 897 479
internal_value=-0.00070974 -0.0254843 0.0612687 0.0931561 0.136522 -0.0497498 0.0102995 -0.0644196 -0.00300519 0.0178636 -0.0157931 0.0442788 0.0761934 0.204073 0.0523814 0.123645 -0.00758039 0.095685 0.149539 0.00142701 0.0693872 0.0366035 0.0260318 0.0660288 0.00422462 0.00167758 0.171594 -0.00592499 -0.0419796 0.0117818
internal_weight=22769 16267 6502 3748 1816 9694 6573 6769 4723 2754 2925 1850 933 684 1932 512 4533 1132 366 3733 658 1530 1506 531 975 2096 495 1915 1547 917
internal_count=22769 16267 6502 3748 1816 9694 6573 6769 4723 2754 2925 1850 933 684 1932 512 4533 1132 366 3733 658 1530 1506 531 975 2096 495 1915 1547 917
is_linear=0
shrinkage=0.0161


Tree=19
num_leaves=31
num_cat=0
split_feature=237 235 487 296 298 416 210 194 500 235 414 211 502 417 36 541 376 116 288 284 238 449 54 151 349 172 449 139 89 561
split_gain=127007 55698.3 36485.4 25628.6 18791.2 17485.6 14599.9 11030.2 10389.5 10132.9 9848.73 9839.17 8425.78 7016.48 6992.6 6798.72 6590.86 6506.76 6449.88 6053.81 5417.74 5179.29 6603.07 5015.15 4877.61 7724.15 4647.24 4589.51 4586.86 4067.23
threshold=6.5000000000000009 13.500000000000002 78.500000000000014 16.500000000000004 20.000000000000004 13.500000000000002 10.500000000000002 13.500000000000002 57.500000000000007 6.5000000000000009 35.500000000000007 13.500000000000002 242.50000000000003 10.500000000000002 24.500000000000004 196.25000000000003 8.0000000000000018 24.500000000000004 20.000000000000004 6.5000000000000009 8.0000000000000018 13.500000000000002 29.500000000000004 6.5000000000000009 8.0000000000000018 8.0000000000000018 6.5000000000000009 10.500000000000002 24.500000000000004 72.549999237060561
decision_type=2 2 2 2 2 2 2 2 2 2 2 2 2 2 2 10 2 2 2 2 2 2 2 2 2 2 2 2 2 8
left_child=2 5 9 21 10 8 -6 -8 -2 29 20 15 13 17 -10 23 -14 -4 27 -16 -5 -3 -23 -7 -15 -26 -11 -13 -22 -1
right_child=1 3 12 4 6 11 7 -9 14 26 -12 18 16 24 19 -17 -18 -19 -20 -21 28 22 -24 -25 25 -27 -28 -29 -30 -31
leaf_value=-0.10061131012558308 -0.039078922270341633 0.023756356582971646 -0.028096233991647103 0.025938499459611079 0.090002271649775714 -0.016488295045286677 0.1841408577659927 0.34964430574552202 -0.00066652124175337535 -0.057573682192309385 0.16834567205965278 0.029087049860427039 0.004018767119533263 -0.0079405212409702358 -0.005477361933657535 0.1083327077204735 0.12112869558569701 0.057692932801422014 0.1591877818765062 0.11726404096280349 0.071525667113504041 0.052234417862195077 0.16389424586851878 0.039231880144595423 0.14894466590938074 0.0064510099427302842 -0.012307897945228862 0.10789656967151535 0.17349907573233306 -0.066633087946227784
leaf_weight=1287 1794 1191 2994 454 218 906 257 177 2106 1187 333 480 266 399 169 201 235 248 220 270 400 630 176 778 182 216 1168 320 161 3181
leaf_count=1287 1794 1191 2994 454 218 906 257 177 2106 1187 333 480 266 399 169 201 235 248 220 270 400 630 176 778 182 216 1168 320 161 3181
internal_value=-0.000684572 0.0376843 -0.0386436 0.0859318 0.126676 0.0110597 0.197667 0.251693 -0.0094029 -0.0621769 0.0923215 0.0416315 -0.0032711 -0.0110008 0.0115068 0.019819 0.0589975 -0.0215264 0.0819187 0.0699592 0.0673564 0.0451147 0.0766459 0.00924018 0.0317855 0.0716706 -0.0351334 0.0606403 0.100833 -0.0764257
internal_weight=22604 11241 11363 3997 2000 7244 652 434 4339 6823 1348 2905 4540 4039 2545 1885 501 3242 1020 439 1015 1997 806 1684 797 398 2355 800 561 4468
internal_count=22604 11241 11363 3997 2000 7244 652 434 4339 6823 1348 2905 4540 4039 2545 1885 501 3242 1020 439 1015 1997 806 1684 797 398 2355 800 561 4468
is_linear=0
shrinkage=0.0161


Tree=20
num_leaves=31
num_cat=0
split_feature=236 501 357 235 54 237 513 213 556 355 211 416 540 124 72 116 417 550 295 395 476 365 389 177 589 131 297 233 474 182
split_gain=125056 43448.5 42113.9 27115.4 15541.2 13831.1 13768.5 10426.3 10038.2 9764.81 9749.55 9622.47 8823.82 10639.7 8375.03 8221.56 7126.8 6706.08 6083.32 5608.88 5257.44 5804.37 5146.82 4865.49 5957.01 4594.7 4570.98 4520.72 4422.02 4387.15
threshold=8.0000000000000018 78.500000000000014 10.500000000000002 13.500000000000002 29.500000000000004 4.5000000000000009 207.50000000000003 8.0000000000000018 145.55000305175784 20.000000000000004 24.500000000000004 29.500000000000004 213.05000305175784 10.500000000000002 13.500000000000002 16.500000000000004 10.500000000000002 137.84999847412112 6.5000000000000009 13.500000000000002 13.500000000000002 20.000000000000004 5.5000000000000009 16.500000000000004 204.25000000000003 24.500000000000004 8.0000000000000018 24.500000000000004 24.500000000000004 8.0000000000000018
decision_type=2 2 2 2 2 2 2 2 8 2 2 2 8 2 2 2 2 8 2 2 2 2 2 2 8 2 2 2 2 2
left_child=1 5 8 20 7 -1 9 -5 26 16 15 17 -8 -14 -11 -9 28 -6 -7 -17 21 -4 -22 27 -25 -24 -2 -10 -3 -18
right_child=2 6 3 4 11 18 12 10 23 14 -12 -13 13 -15 -16 19 29 -19 -20 -21 22 -23 25 24 -26 -27 -28 -29 -30 -31
leaf_value=-0.078804171959535693 -0.027756153412066043 -0.039549205505465167 -0.010344924830321019 0.050865332701337675 0.060826556757514631 -0.051402238989055694 0.011148046229281181 0.016640384400098778 0.012898105012911283 0.0078710414932455612 0.21781932438364224 0.26746353230191933 0.036403841668925727 0.1831625805104008 0.15408300745147227 0.09009427914531988 -0.014010520590026039 0.19739436882603181 -0.010856580114187586 0.20315006106725292 0.0013618141033487207 0.092339750014599417 0.059673486502838768 0.16160218814364583 0.032303150268766533 0.14427427331657827 0.020672717870599606 0.087333727751980908 0.035282952799724723 0.046291829266142635
leaf_weight=3748 1674 2452 735 833 170 2513 613 218 1481 276 240 235 290 230 161 280 695 208 1554 193 324 177 1008 161 218 200 723 247 223 568
leaf_count=3748 1674 2452 735 833 170 2513 613 218 1481 276 240 235 290 230 161 280 695 208 1554 193 324 177 1008 161 218 200 723 247 223 568
internal_value=-0.000426784 -0.0320787 0.044793 0.0778645 0.116587 -0.0564875 0.0025494 0.0922923 0.00938871 -0.0103999 0.129333 0.186459 0.0525731 0.101362 0.0617925 0.0985659 -0.0184171 0.136037 -0.0359155 0.136275 0.0401942 0.0095582 0.0584165 0.0350281 0.0872918 0.0736997 -0.0131389 0.0235515 -0.0333021 0.0130902
internal_weight=22648 13323 9325 4821 2377 7815 5508 1764 4504 4375 931 613 1133 520 437 691 3938 378 4067 473 2444 912 1532 2107 379 1208 2397 1728 2675 1263
internal_count=22648 13323 9325 4821 2377 7815 5508 1764 4504 4375 931 613 1133 520 437 691 3938 378 4067 473 2444 912 1532 2107 379 1208 2397 1728 2675 1263
is_linear=0
shrinkage=0.0161


Tree=21
num_leaves=31
num_cat=0
split_feature=176 501 177 475 150 416 298 561 239 477 46 447 419 431 354 436 147 296 91 370 577 202 401 331 31 474 299 298 275 175
split_gain=130503 45904.9 36491.4 21044.7 14977.7 13267.8 12452.4 11176 10815.4 9377.08 8345.59 8162.69 7627.75 7216.73 7002.96 6966.4 6315.21 5886.02 5671.02 5532.37 9520.67 5276.58 5138.83 5165.82 4969.44 4779.92 4345.31 4038.35 3897.22 3747.75
threshold=10.500000000000002 60.500000000000007 8.0000000000000018 29.500000000000004 8.0000000000000018 6.5000000000000009 20.000000000000004 221.94999694824222 4.5000000000000009 5.5000000000000009 6.5000000000000009 35.500000000000007 20.000000000000004 24.500000000000004 29.500000000000004 10.500000000000002 8.0000000000000018 24.500000000000004 13.500000000000002 16.500000000000004 193.75000000000003 13.500000000000002 35.500000000000007 16.500000000000004 8.0000000000000018 24.500000000000004 24.500000000000004 13.500000000000002 5.5000000000000009 8.0000000000000018
decision_type=2 2 2 2 2 2 2 10 2 2 2 2 2 2 2 2 2 2 2 2 8 2 2 2 2 2 2 2 2 2
left_child=1 5 11 8 24 -1 21 9 -4 28 -11 17 -8 19 22 -9 -15 29 -7 -12 -21 25 23 -10 -5 -6 -25 -16 -3 -2
right_child=2 7 3 4 6 18 12 15 14 10 13 -13 -14 16 27 -17 -18 -19 -20 20 -22 -23 -24 26 -26 -27 -28 -29 -30 -31
leaf_value=-0.072225937640161914 -0.035443040039587738 -0.055304798388818271 -0.00082866840830904864 0.0019173776262138063 0.037937945909612109 -0.042122827538649814 0.16522252343426347 0.017088184305910206 0.034333311454904841 -0.018868097630380474 0.00095380018611548195 0.096746797068402113 0.3061748959075129 0.022396903286755945 0.075061457560811409 0.12837686098305071 0.14386118317096255 0.057722096535827855 0.010326662869330505 0.012949065976213082 0.16351973641855722 0.17922741016261304 0.13057326823838977 0.064957426714996297 0.10596179785227625 0.14757666776908074 0.15918214840575762 0.16629653164774949 -0.014157532138543176 0.0068896736709548809
leaf_weight=4773 987 968 676 242 243 1859 209 321 1482 1673 1665 236 192 212 232 268 234 364 749 333 162 241 236 536 235 180 167 278 1561 1201
leaf_count=4773 987 968 676 242 243 1859 209 321 1482 1673 1665 236 192 212 232 268 234 364 749 333 162 241 236 536 235 180 167 278 1561 1201
internal_value=0.000419892 -0.0278604 0.0530783 0.0784812 0.128275 -0.0562669 0.161866 0.000481494 0.0571878 -0.00533618 0.00918585 0.00615453 0.23277 0.027205 0.0705767 0.0677654 0.0861776 -0.0022139 -0.0270507 0.0150173 0.0622743 0.119011 0.0591361 0.0514094 0.0532255 0.0846484 0.0873743 0.12484 -0.0299164 -0.0121957
internal_weight=22715 14778 7937 5149 1542 7381 1065 7397 3607 6808 4279 2788 401 2606 2931 589 446 2552 2608 2160 495 664 2421 2185 477 423 703 510 2529 2188
internal_count=22715 14778 7937 5149 1542 7381 1065 7397 3607 6808 4279 2788 401 2606 2931 589 446 2552 2608 2160 495 664 2421 2185 477 423 703 510 2529 2188
is_linear=0
shrinkage=0.0161


Tree=22
num_leaves=31
num_cat=0
split_feature=236 509 357 235 502 449 298 12 177 224 475 281 500 386 474 104 597 506 295 264 178 64 372 110 476 188 474 287 500 580
split_gain=118705 48844.9 34559.8 24365.9 20110.9 18025.4 16097 13252 12065 11375.1 10056 8341.29 7034.58 6648.81 6001.12 5932.61 8291.13 6821.76 5850.95 5764.71 5595.51 5070.86 5004.91 4846.54 5543.53 6115.45 4435.17 4860.21 3970.76 5191.25
threshold=10.500000000000002 44.500000000000007 10.500000000000002 13.500000000000002 226.50000000000003 16.500000000000004 20.000000000000004 24.500000000000004 5.5000000000000009 6.5000000000000009 35.500000000000007 6.5000000000000009 65.500000000000014 29.500000000000004 16.500000000000004 5.5000000000000009 187.55000305175784 227.50000000000003 4.5000000000000009 13.500000000000002 10.500000000000002 13.500000000000002 6.5000000000000009 20.000000000000004 5.5000000000000009 8.0000000000000018 16.500000000000004 8.0000000000000018 85.500000000000014 131.05000305175784
decision_type=2 2 2 2 2 2 2 2 2 2 2 2 2 2 2 2 10 2 2 2 2 2 2 2 2 2 2 2 2 8
left_child=1 8 12 11 9 13 14 15 -1 20 -8 -4 -2 -5 -7 -6 17 -17 -10 -13 26 28 -23 24 -24 -26 -3 -28 -11 -30
right_child=2 4 3 5 7 6 10 -9 18 21 -12 19 -14 -15 -16 16 -18 -19 -20 -21 -22 22 23 -25 25 -27 27 -29 29 -31
leaf_value=-0.077131858326660613 -0.01235677512866375 -0.051655193711381657 0.0046824618573733726 0.059590951505352777 -0.02181347704258672 0.051470121129803807 0.17336921919219311 0.1951997537636104 -0.06371523754315403 -0.030070901957014687 0.33494360403888601 0.045352829290208042 0.034183365760660875 0.16292939622005839 0.1575247187005839 0.049661490557844759 0.0039307788226460669 0.19697594732198026 -0.015373152903383943 0.11950943840338642 0.0019729767404513226 -0.0030995520458761174 -0.0265863475480617 0.12873118156597646 0.13768927020474436 0.0070262636784367838 -0.042514871581708941 0.062255287365411027 0.067844428397675974 -0.0027346297911144319
leaf_weight=3777 1428 2177 829 925 272 219 210 172 1023 919 192 785 2049 196 379 163 278 164 1780 417 1046 522 219 204 195 178 264 203 339 1327
leaf_count=3777 1428 2177 829 925 272 219 210 172 1023 919 192 785 2049 196 379 163 278 164 1780 417 1046 522 219 204 195 178 264 203 339 1327
internal_value=0.000682299 -0.0252947 0.0525167 0.0838762 -0.000126445 0.122048 0.171761 0.0659483 -0.0583464 -0.00925801 0.250598 0.0440011 0.0150626 0.07768 0.118725 0.0405723 0.068659 0.123616 -0.0330248 0.071099 -0.0295263 0.00989818 0.0356001 0.061008 0.0376312 0.0753984 -0.0419968 0.00297722 -0.0031972 0.0116128
internal_weight=22851 15222 7629 4152 8642 2121 1000 1049 6580 7593 402 2031 3477 1121 598 877 605 327 2803 1202 3690 3903 1318 796 592 373 2644 467 2585 1666
internal_count=22851 15222 7629 4152 8642 2121 1000 1049 6580 7593 402 2031 3477 1121 598 877 605 327 2803 1202 3690 3903 1318 796 592 373 2644 467 2585 1666
is_linear=0
shrinkage=0.0161


Tree=23
num_leaves=31
num_cat=0
split_feature=237 492 295 477 116 501 116 511 296 53 271 54 383 13 267 166 175 403 272 208 485 212 480 176 356 210 374 124 204 559
split_gain=104720 45540.3 37417.8 20999.5 14400.1 12972.2 12132.7 11362.4 10388.3 10248.7 9186.25 8677.72 7981.89 7965.26 7702.45 7893.45 6681.72 6314.11 6049.93 5620.99 5557.18 5257.57 5079.45 4534.53 4412.72 4722.33 4473.59 4377.92 4610.4 4377.42
threshold=8.0000000000000018 78.500000000000014 16.500000000000004 24.500000000000004 29.500000000000004 244.50000000000003 6.5000000000000009 293.50000000000006 6.5000000000000009 16.500000000000004 8.0000000000000018 35.500000000000007 13.500000000000002 13.500000000000002 5.5000000000000009 20.000000000000004 10.500000000000002 8.0000000000000018 6.5000000000000009 10.500000000000002 61.500000000000007 8.0000000000000018 210.50000000000003 13.500000000000002 8.0000000000000018 5.5000000000000009 20.000000000000004 8.0000000000000018 16.500000000000004 71.750000000000014
decision_type=2 2 2 2 2 2 2 2 2 2 2 2 2 2 2 2 2 2 2 2 2 2 2 2 2 2 2 2 2 8
left_child=1 6 7 11 23 12 29 8 20 -6 -10 24 18 -7 -14 27 -8 -12 -3 -20 -2 -13 -19 -5 -4 -26 -27 -16 -29 -1
right_child=2 5 3 4 9 13 16 -9 10 -11 17 21 14 -15 15 -17 -18 22 19 -21 -22 -23 -24 -25 25 26 -28 28 -30 -31
leaf_value=-0.096809591869216532 -0.04066618551285138 -0.037799188754192296 -0.0020465093350073614 0.040411693218346881 0.14765069762007313 0.028990892359037103 -0.04643940277440109 0.13980361898609681 0.0046258704597287757 0.31214968673484872 0.023748816763021728 0.070291187180440931 -0.024905163258672595 0.14673229796686568 -0.0045817627037457254 0.13241674503237336 0.0016178525271482536 0.065771390927884518 -0.014427396169338922 0.047171784743032602 0.010858584473677515 0.19451897828361661 0.16353140177772996 0.13781799917576254 -4.0526605649391808e-05 0.055275490050158152 0.12838083240523407 0.018826200527238549 0.13152622911019066 -0.060705942716407307
leaf_weight=1175 983 1634 381 215 206 370 2110 198 1803 189 982 174 486 250 462 246 1162 1012 1207 563 1210 181 160 295 276 846 293 212 170 3397
leaf_count=1175 983 1634 381 215 206 370 2110 198 1803 189 982 174 486 250 462 246 1162 1012 1207 563 1210 181 160 295 276 846 293 212 170 3397
internal_value=0.000817097 -0.0280094 0.0420301 0.0883185 0.153401 0.00705673 -0.0530469 0.0197427 0.0158735 0.22642 0.0314526 0.0609251 -0.00158475 0.0765052 0.0283658 0.0521394 -0.0293654 0.053897 -0.0154583 0.00515272 -0.0122264 0.133696 0.0791375 0.0968007 0.046528 0.0596236 0.074102 0.0287131 0.0690423 -0.0699897
internal_weight=22848 13444 9404 3056 905 5600 7844 6348 6150 395 3957 2151 4980 620 1576 1090 3272 2154 3404 1770 2193 355 1172 510 1796 1415 1139 844 382 4572
internal_count=22848 13444 9404 3056 905 5600 7844 6348 6150 395 3957 2151 4980 620 1576 1090 3272 2154 3404 1770 2193 355 1172 510 1796 1415 1139 844 382 4572
is_linear=0
shrinkage=0.0161


Tree=24
num_leaves=31
num_cat=0
split_feature=177 415 500 296 269 487 221 547 252 294 416 32 66 230 293 134 235 297 508 258 416 457 480 358 29 68 235 331 255 287
split_gain=116766 47292.9 32215.2 25340.8 16199.7 13184.5 12940.5 11659.8 15637.7 9861.23 9424.69 8612.17 7529.53 7377.53 7930.77 7090.79 6962.29 6663.55 6439.55 6365.01 5763.61 5488.52 4994.27 4984.58 4715.88 4701.48 4521.14 4300.81 4192.09 5123.12
threshold=8.0000000000000018 10.500000000000002 56.500000000000007 16.500000000000004 16.500000000000004 66.500000000000014 10.500000000000002 220.15000152587893 13.500000000000002 13.500000000000002 4.5000000000000009 20.000000000000004 16.500000000000004 8.0000000000000018 16.500000000000004 16.500000000000004 13.500000000000002 6.5000000000000009 123.50000000000001 4.5000000000000009 35.500000000000007 5.5000000000000009 218.50000000000003 20.000000000000004 20.000000000000004 8.0000000000000018 3.5000000000000004 5.5000000000000009 13.500000000000002 10.500000000000002
decision_type=2 2 2 2 2 2 2 10 2 2 2 2 2 2 2 2 2 2 2 2 2 2 2 2 2 2 2 2 2 2
left_child=2 5 10 17 9 -2 18 16 -9 -5 -1 -8 27 -11 -15 25 19 -3 -6 -4 22 -21 -19 -23 -18 -14 -12 -7 -29 -30
right_child=1 3 7 4 6 12 11 8 -10 13 26 -13 15 14 -16 -17 24 20 -20 21 -22 23 -24 -25 -26 -27 -28 28 29 -31
leaf_value=-0.078667420405599944 -0.023681949121569415 -0.010701676269191789 -0.051744364314128176 0.034455696355933069 0.14240282128403087 -0.026038341313461288 0.16408744526441957 -0.011522063086368326 0.16354217766226392 0.060085665075971836 -0.073243441409348159 0.29698117272186308 -0.017886641100052642 0.095775623303545526 0.24642445439861038 0.14520086240774416 0.0030035017261913002 0.035545876813236468 0.029495346575579048 -0.040101215065402908 0.1454957081100684 -0.0060870121133347992 0.12089881041603183 0.06156361686293349 0.075545538757282232 0.076629382801549795 -0.029229183412877703 0.0078658572484826238 0.015228759451680009 0.13024043983094039
leaf_weight=2948 2153 528 1365 723 411 544 331 302 235 290 787 206 221 187 177 236 1057 1555 193 1099 163 1952 201 330 298 355 2633 851 208 195
leaf_count=2948 2153 528 1365 723 411 544 331 302 235 290 787 206 221 187 177 236 1057 1555 193 1099 163 1952 201 330 298 355 2633 851 208 195
internal_value=-0.000134984 0.0420536 -0.0316923 0.076823 0.112684 0.00580467 0.157565 -0.00687023 0.0650451 0.0754786 -0.0575631 0.215111 0.0301373 0.120794 0.169095 0.0708348 -0.013204 0.0399115 0.106364 -0.0223961 0.0538496 -0.0105404 0.0453292 0.00368563 0.0189748 0.0403246 -0.0393645 0.0117447 0.0281542 0.070938
internal_weight=22734 9728 13006 4965 2518 4763 1141 6638 537 1377 6368 537 2610 654 364 812 6101 2447 604 4746 1919 3381 1756 2282 1355 576 3420 1798 1254 403
internal_count=22734 9728 13006 4965 2518 4763 1141 6638 537 1377 6368 537 2610 654 364 812 6101 2447 604 4746 1919 3381 1756 2282 1355 576 3420 1798 1254 403
is_linear=0
shrinkage=0.0161


Tree=25
num_leaves=31
num_cat=0
split_feature=236 357 501 329 474 178 416 475 455 134 238 175 394 477 204 25 466 533 461 481 245 591 289 415 537 220 591 234 297 526
split_gain=108677 41435 38559.6 19328.9 16414.5 11825.5 11605.1 9418.89 8976.6 8520.4 8460.92 8342.7 8274.87 8021.27 7621.16 8101.07 6858.38 6639.28 6418.11 5775.48 5527.11 6663.57 5473.25 5409.62 4975.15 4490.91 4462.45 4437.34 4345.85 4108.15
threshold=8.0000000000000018 10.500000000000002 81.500000000000014 10.500000000000002 35.500000000000007 10.500000000000002 6.5000000000000009 16.500000000000004 10.500000000000002 13.500000000000002 16.500000000000004 10.500000000000002 6.5000000000000009 24.500000000000004 20.000000000000004 20.000000000000004 4.5000000000000009 184.50000000000003 13.500000000000002 191.50000000000003 6.5000000000000009 201.75000000000003 20.000000000000004 10.500000000000002 10.500000000000002 10.500000000000002 145.55000305175784 16.500000000000004 4.5000000000000009 80.500000000000014
decision_type=2 2 2 2 2 2 2 2 2 2 2 2 2 2 2 2 2 2 2 2 2 10 2 2 2 2 10 2 2 2
left_child=2 11 6 14 7 16 24 27 19 26 -9 -2 -12 -6 22 -16 -4 -18 -14 -7 -19 -22 -3 -8 -1 -13 -10 -5 -27 -30
right_child=1 3 5 4 13 8 23 10 9 -11 12 25 18 -15 15 -17 17 20 -20 -21 21 -23 -24 -25 -26 28 -28 -29 29 -31
leaf_value=-0.090306146532153894 -0.013525411748823679 0.009646705203959766 -0.050710739904777972 0.029314767118506644 0.13078618650948617 -0.015227767021509523 -0.0390515533562278 0.075645241411366498 -0.0044224494744568854 0.15740291738409648 0.0691144211445259 0.012196308909346696 0.14437468993738772 0.26223870020625212 0.1796303211189981 0.028163704803150329 -0.015767820149372377 -0.011484498590433399 0.27848084420588826 0.073246113166860402 0.1364432954255293 0.011899372857748789 0.083018675929340674 0.011809638029609401 -0.055761771995748478 -0.0086754976301825493 0.089555308586716717 0.10237407832279188 0.030313392227096517 0.11489338737127505
leaf_weight=1499 2386 1381 934 764 281 783 1815 624 263 245 170 1342 207 212 185 182 1971 314 169 253 232 215 326 772 3906 182 260 301 251 369
leaf_count=1499 2386 1381 934 764 281 783 1815 624 263 245 170 1342 207 212 185 182 1971 314 169 253 232 215 326 772 3906 182 260 301 251 369
internal_value=-0.000108511 0.0421137 -0.0293791 0.0750646 0.103234 0.00355288 -0.0519219 0.0846665 0.0373021 0.0790169 0.116215 0.00717907 0.162537 0.187361 0.0380011 0.10458 -0.0130483 -0.000163895 0.204714 0.00635559 0.0402195 0.0765923 0.0236729 -0.0238647 -0.0653465 0.0302315 0.0422519 0.0499856 0.0603808 0.0806901
internal_weight=22794 9332 13462 4802 2728 5470 7992 2235 1804 768 1170 4530 546 493 2074 367 3666 2732 376 1036 761 447 1707 2587 5405 2144 523 1065 802 620
internal_count=22794 9332 13462 4802 2728 5470 7992 2235 1804 768 1170 4530 546 493 2074 367 3666 2732 376 1036 761 447 1707 2587 5405 2144 523 1065 802 620
is_linear=0
shrinkage=0.0161


Tree=26
num_leaves=31
num_cat=0
split_feature=237 415 492 208 296 486 55 502 505 552 235 31 202 247 449 13 571 356 30 461 207 433 154 57 417 164 390 138 527 377
split_gain=102972 43382.4 28970.1 17615.7 17209.6 13041.2 8232.03 8089.56 7833.02 7664.8 7109.38 6829.83 6731.71 8784.88 6378.64 6005.95 5198.46 5197.12 5054.43 4910.74 5586.6 4569.53 4439.01 4329.67 4211.05 4706.31 4196.46 4033.93 3934.13 3886.47
threshold=6.5000000000000009 10.500000000000002 80.500000000000014 8.0000000000000018 16.500000000000004 57.500000000000007 29.500000000000004 261.50000000000006 14.500000000000002 184.15000152587893 10.500000000000002 5.5000000000000009 16.500000000000004 10.500000000000002 20.000000000000004 10.500000000000002 209.25000000000003 8.0000000000000018 10.500000000000002 10.500000000000002 24.500000000000004 16.500000000000004 3.5000000000000004 13.500000000000002 10.500000000000002 10.500000000000002 24.500000000000004 6.5000000000000009 76.500000000000014 20.000000000000004
decision_type=2 2 2 2 2 2 2 2 2 10 2 2 2 2 2 2 10 2 2 2 2 2 2 2 2 2 2 2 2 2
left_child=2 5 8 9 16 17 19 10 -1 23 22 -7 -13 -14 -8 -9 21 -2 -10 27 28 -5 -4 -3 -24 -26 -25 -6 -21 -12
right_child=1 3 7 4 6 11 14 15 18 -11 29 12 13 -15 -16 -17 -18 -19 -20 20 -22 -23 24 26 25 -27 -28 -29 -30 -31
leaf_value=-0.077670405505735757 -0.048327502830507289 -0.011980884378667711 -0.063889138136111079 0.022736811478651083 0.0096391125618372504 -0.013973057357382298 0.12033415081674853 0.0044347306576460023 -0.05435628114941863 0.10237861947310598 0.0069997949098249308 0.021315502939027061 0.021360944915922712 0.14346466030286883 0.22526691640770014 0.13226977895155756 0.13575806718229233 -0.00064151904431734245 -0.016398595292995082 0.15915532943175395 0.21201759399059178 0.085523674977752553 -0.024402872708514722 0.021804721801133412 -0.011088270810487268 0.097852195469566972 0.10093676328779556 0.09763895514458075 0.056894333358281229 0.076324731892584041
leaf_weight=2680 1299 779 581 1043 216 965 310 195 2908 319 980 1873 304 308 294 187 167 1091 1326 168 161 423 1917 862 264 168 218 363 235 267
leaf_count=2680 1299 779 581 1043 216 965 310 195 2908 319 980 1873 304 308 294 187 167 1091 1326 168 161 423 1917 862 264 168 218 363 235 267
internal_value=-0.00129445 0.0329787 -0.0353456 0.0651758 0.0881877 0.00233218 0.123321 -0.00383411 -0.0561204 0.0294532 -0.0103246 0.0223607 0.0364796 0.0828503 0.17145 0.0670753 0.0505877 -0.0265694 -0.0424743 0.0978672 0.13172 0.0408694 -0.0240313 0.0169267 -0.0141628 0.031223 0.0377995 0.0648506 0.0995826 0.0218621
internal_weight=22871 11398 11473 5558 3380 5840 1747 4559 6914 2178 4177 3450 2485 612 604 382 1633 2390 4234 1143 564 1466 2930 1859 2349 432 1080 579 403 1247
internal_count=22871 11398 11473 5558 3380 5840 1747 4559 6914 2178 4177 3450 2485 612 604 382 1633 2390 4234 1143 564 1466 2930 1859 2349 432 1080 579 403 1247
is_linear=0
shrinkage=0.0161


Tree=27
num_leaves=31
num_cat=0
split_feature=176 509 177 295 298 477 503 150 354 148 177 420 151 538 210 350 116 461 310 55 296 194 509 238 572 299 505 415 445 513
split_gain=111823 34642.3 33084.8 19330.3 14579.2 14430.8 12148.5 10806.2 10251.5 9284.71 9185.94 8539.74 8231.44 7363.62 6816.51 6243.57 6083.51 5889.2 5656.98 5484.67 5218.35 5017.29 4967.16 4701.09 6587.94 4317 4309.04 4070.02 3954.31 4155.46
threshold=10.500000000000002 38.500000000000007 8.0000000000000018 16.500000000000004 16.500000000000004 8.0000000000000018 227.50000000000003 8.0000000000000018 35.500000000000007 10.500000000000002 5.5000000000000009 20.000000000000004 5.5000000000000009 58.500000000000007 6.5000000000000009 10.500000000000002 24.500000000000004 29.500000000000004 16.500000000000004 29.500000000000004 4.5000000000000009 13.500000000000002 92.500000000000014 8.0000000000000018 97.049999237060561 20.000000000000004 156.50000000000003 4.5000000000000009 10.500000000000002 195.50000000000003
decision_type=2 2 2 2 2 2 2 2 2 2 2 2 2 2 2 2 2 2 2 2 2 2 2 2 10 2 2 2 2 2
left_child=1 10 9 12 17 11 14 -8 13 -2 -1 28 -4 -6 -7 25 21 26 -13 -11 -16 -17 -18 -22 -25 -14 -5 -12 -3 -30
right_child=2 5 3 4 8 6 7 -9 -10 19 27 18 15 -15 20 16 22 -19 -20 -21 23 -23 -24 24 -26 -27 -28 -29 29 -31
leaf_value=-0.074474883765212982 -0.02006081315463237 -0.046705810844032546 -0.0040781628606211383 0.077929322341056248 0.19284898296070038 -0.019166732041888158 0.17117487165185194 0.017719210569055528 0.23705890565334778 0.022974455384028532 -0.061258565116367493 -0.0031984572849312527 0.018298074257642523 0.082467127018072822 -0.014632888449666828 0.021834588550263909 0.084085975851444006 0.15417029452260517 0.092221220585927799 0.11647513608848564 0.0038153297592640029 0.12324132733550043 0.21109272266448628 0.14026961495797396 0.038799966975984514 0.099719123925355369 0.010368366996859349 -0.017898274019423597 -0.027145842754274306 0.039001106384495381
leaf_weight=3437 1709 2618 721 924 240 1584 231 246 274 896 880 607 884 455 564 346 161 200 219 199 479 200 160 231 592 209 334 1555 1290 304
leaf_count=3437 1709 2618 721 924 240 1584 231 246 274 896 880 607 884 455 564 346 161 200 219 199 479 200 160 231 592 209 334 1555 1290 304
internal_value=-0.00105442 -0.0271218 0.0478255 0.0722184 0.105143 -0.00720863 0.0159241 0.0920836 0.153568 0.00338079 -0.0575199 -0.0252447 0.0424044 0.120618 0.00538735 0.0595154 0.0917951 0.072943 0.022072 0.0399883 0.0262433 0.059023 0.147465 0.0439681 0.0673091 0.0338887 0.0600105 -0.0335782 -0.0345293 -0.0145158
internal_weight=22749 14837 7912 5108 2427 8965 3927 477 969 2804 5872 5038 2681 695 3450 1960 867 1458 826 1095 1866 546 321 1302 823 1093 1258 2435 4212 1594
internal_count=22749 14837 7912 5108 2427 8965 3927 477 969 2804 5872 5038 2681 695 3450 1960 867 1458 826 1095 1866 546 321 1302 823 1093 1258 2435 4212 1594
is_linear=0
shrinkage=0.0161


Tree=28
num_leaves=31
num_cat=0
split_feature=356 357 492 235 178 30 497 414 355 449 193 369 55 475 513 579 155 117 561 431 417 116 490 271 376 37 451 347 515 239
split_gain=100368 38235.9 36207.9 21582.1 15659.6 13010.5 11822.6 9867 9078.27 8922.25 7823.88 7438.42 6222.35 6154.88 6142.15 7367.64 6138.09 5103.69 5101.61 5855.22 5071.1 4972.22 4963.47 4871.12 4673.42 5998.16 5716.28 5976.98 5970.04 4663.69
threshold=8.0000000000000018 10.500000000000002 73.500000000000014 13.500000000000002 13.500000000000002 16.500000000000004 286.50000000000006 24.500000000000004 5.5000000000000009 5.5000000000000009 16.500000000000004 61.500000000000007 4.5000000000000009 24.500000000000004 150.50000000000003 136.55000305175784 4.5000000000000009 8.0000000000000018 83.850002288818374 13.500000000000002 35.500000000000007 29.500000000000004 23.500000000000004 8.0000000000000018 8.0000000000000018 13.500000000000002 20.000000000000004 13.500000000000002 130.50000000000003 6.5000000000000009
decision_type=2 2 2 2 2 2 2 2 2 2 2 2 2 2 2 8 2 2 10 2 2 2 2 2 2 2 2 2 2 2
left_child=2 6 8 10 -5 14 9 -7 -1 -2 23 13 -11 16 15 -6 -4 -15 -12 -20 24 -9 -14 -3 -18 -26 27 28 -27 -10
right_child=1 3 11 4 5 7 -8 21 29 12 18 -13 22 17 -16 -17 20 -19 19 -21 -22 -23 -24 -25 25 26 -28 -29 -30 -31
leaf_value=-0.069748440385749552 -0.031979454884554392 -0.0026576631408455659 -0.036775075112797699 0.057466488293942221 0.065651667244788992 0.13111694957317194 0.14146980162891509 0.18747544640782612 -0.048553570691710755 -0.028478407588836827 0.017867345945317265 0.10860082667338362 -0.015341525961018461 0.0023845806571800368 0.021123061680218946 0.20543670307703371 -0.018678800412715805 0.1199255564448756 0.056800113665627934 0.17123017590985667 0.084081444907934719 0.31216539016019029 0.03898044704213411 0.045652184978762063 -0.0065423864969674115 0.053013552758560789 -0.028013795700876462 0.0099454592229585286 0.19003490938625131 -0.0079634158253836535
leaf_weight=4011 1453 975 1314 1032 228 370 161 162 1928 649 194 162 555 196 229 172 1809 188 224 242 193 173 2024 1213 1003 163 163 194 168 1187
leaf_count=4011 1453 975 1314 1032 228 370 161 162 1928 649 194 162 555 196 229 172 1809 188 224 242 193 173 2024 1213 1003 163 163 194 168 1187
internal_value=0.000413937 0.0383995 -0.0297114 0.0686535 0.104597 0.14104 0.00581636 0.188562 -0.0537289 0.00114562 0.0387848 0.00110523 0.0160633 -0.00212066 0.0877392 0.125818 -0.00688894 0.059992 0.0873853 0.116276 0.00373842 0.251938 0.0272812 0.024114 -0.000685195 0.0185501 0.0551654 0.0810354 0.12263 -0.0330939
internal_weight=22735 10056 12679 5214 2366 1334 4842 705 7126 4681 2848 5553 3228 5391 629 400 5007 384 660 466 3693 335 2579 2188 3500 1691 688 525 331 3115
internal_count=22735 10056 12679 5214 2366 1334 4842 705 7126 4681 2848 5553 3228 5391 629 400 5007 384 660 466 3693 335 2579 2188 3500 1691 688 525 331 3115
is_linear=0
shrinkage=0.0161


Tree=29
num_leaves=31
num_cat=0
split_feature=296 235 492 90 236 237 477 521 316 324 575 513 298 297 239 89 144 298 89 420 403 512 321 399 161 456 532 599 112 486
split_gain=96667 40169.9 29551.6 20350.1 17332.1 14022.2 10900.9 9384.59 8858.9 8623.78 7684.11 7256.79 8148.04 7153.07 6778.44 5922.45 5561.91 5480.28 5524.07 5132.88 4812.28 5150.23 4717.7 4671.58 4455.65 4438.68 4251.49 4472.83 3973.34 3655.73
threshold=6.5000000000000009 13.500000000000002 73.500000000000014 10.500000000000002 16.500000000000004 6.5000000000000009 24.500000000000004 93.500000000000014 13.500000000000002 8.0000000000000018 156.05000305175784 210.50000000000003 6.5000000000000009 5.5000000000000009 29.500000000000004 35.500000000000007 8.0000000000000018 6.5000000000000009 24.500000000000004 20.000000000000004 6.5000000000000009 200.50000000000003 29.500000000000004 20.000000000000004 13.500000000000002 8.0000000000000018 190.50000000000003 150.65000152587893 24.500000000000004 58.500000000000007
decision_type=2 2 2 2 2 2 2 2 2 2 8 2 2 2 2 2 2 2 2 2 2 2 2 2 2 2 2 8 2 2
left_child=2 5 13 17 23 7 15 -2 22 -4 -8 19 -13 -1 20 -6 -9 -3 26 28 -10 -22 24 -5 -7 -18 27 -19 -11 -15
right_child=1 3 9 4 6 8 10 16 14 11 -12 12 -14 29 -16 -17 25 18 -20 -21 21 -23 -24 -25 -26 -27 -28 -29 -30 -31
leaf_value=-0.071291885215230472 -0.04262038083755041 -0.0010146892671058698 -0.02413981670692586 0.032308495378733045 0.084032106060114353 -0.0086513344450100324 0.25639534364073413 -0.016737036051056045 -0.0020466508740865394 -0.02169469212005239 0.12892909072710895 0.15016304493946761 0.015146765332793048 -0.046086408697681713 0.15469491865051357 0.17937769181131386 0.0039938536665034127 0.027098501360813421 0.13529768500496875 0.062500669241512818 0.048560578746789422 0.1485149356544688 0.070466381780567064 0.11572862871491671 0.037669205963919469 0.095002711608165299 -0.013865188219409092 0.1060747400655805 0.051427154382721399 0.0011892705800570546
leaf_weight=3699 1742 823 2337 855 813 1988 260 631 379 1109 234 213 255 2085 169 214 259 474 179 323 773 162 307 219 738 301 291 307 233 531
leaf_count=3699 1742 823 2337 855 813 1988 260 631 379 1109 234 213 255 2085 169 214 259 474 179 323 773 162 307 219 738 301 291 307 233 531
internal_value=0.000606817 0.0318121 -0.0344531 0.068838 0.0988914 0.00860119 0.133864 -0.018804 0.0264052 -0.00277095 0.196064 0.0206306 0.0766468 -0.0568753 0.0586568 0.103923 0.016011 0.0312238 0.0524514 0.00487137 0.046287 0.065904 0.0106278 0.0493407 0.00388022 0.0529531 0.038596 0.0581731 -0.00898163 -0.0364813
internal_weight=22903 12118 10785 4669 2595 7449 1521 2933 4516 4470 494 2133 468 6315 1483 1027 1191 2074 1251 1665 1314 935 3033 1074 2726 560 1072 781 1342 2616
internal_count=22903 12118 10785 4669 2595 7449 1521 2933 4516 4470 494 2133 468 6315 1483 1027 1191 2074 1251 1665 1314 935 3033 1074 2726 560 1072 781 1342 2616
is_linear=0
shrinkage=0.0161


Tree=30
num_leaves=31
num_cat=0
split_feature=177 176 499 210 355 485 477 480 105 365 296 388 474 172 418 238 418 175 226 371 124 445 281 499 596 110 213 127 257 270
split_gain=103971 45843.3 31704.8 18789.9 12973.6 12389.9 9466.4 9121.38 7838.02 8736.11 7814.62 6715.79 6650.46 7162.76 6239.84 6222.78 5807.81 6929.18 5495.23 5912.29 5047.19 5025.76 5580.38 4915.92 5666.11 4519.9 4407.23 6239.72 3999.53 3971.96
threshold=8.0000000000000018 13.500000000000002 62.500000000000007 13.500000000000002 24.500000000000004 78.500000000000014 29.500000000000004 221.50000000000003 24.500000000000004 13.500000000000002 5.5000000000000009 20.000000000000004 20.000000000000004 20.000000000000004 6.5000000000000009 6.5000000000000009 13.500000000000002 8.0000000000000018 4.5000000000000009 43.500000000000007 13.500000000000002 13.500000000000002 13.500000000000002 212.50000000000003 192.55000305175784 8.0000000000000018 6.5000000000000009 10.500000000000002 20.000000000000004 5.5000000000000009
decision_type=2 2 2 2 2 2 2 2 2 2 2 2 2 2 2 2 2 2 2 2 2 2 2 2 10 2 2 2 2 2
left_child=2 5 10 14 16 15 26 12 23 -10 -1 20 18 -14 -3 -2 -5 -18 -4 -20 -9 28 -23 -7 -25 -19 -6 -28 -16 -17
right_child=1 3 7 4 6 8 -8 11 9 -11 -12 -13 13 -15 21 29 17 25 19 -21 -22 22 -24 24 -26 -27 27 -29 -30 -31
leaf_value=-0.067534411947745385 -0.041891672449858482 0.012040632972687156 -0.045827945309335608 0.044418842487230444 0.071522058772326563 0.0089289251381835504 0.25317157485481145 -0.0061574396932778316 0.038059906297027581 0.17547540033810757 -0.032217796457769614 0.13584537321331464 0.0059074808133411953 0.11899265805145101 0.031322722589203045 -0.034391402715013002 0.045365929444291062 0.22423605899689583 -0.012505495851547708 0.081023386917733545 0.082581368408490743 0.064430835492029215 0.17064483775235317 0.11470796559376978 0.0050075813330244688 0.11080338828035202 0.23493944658584215 0.097466572116299346 0.11438376236532904 0.023573434893611901
leaf_weight=3964 1179 753 1348 527 201 1765 240 498 308 197 2757 169 677 185 791 425 216 162 3004 186 249 308 221 277 219 211 173 171 186 1097
leaf_count=3964 1179 753 1348 527 201 1765 240 498 308 197 2757 169 677 185 791 425 216 162 3004 186 249 308 221 277 219 211 173 171 186 1097
internal_value=0.000920092 0.0410501 -0.0287115 0.0813269 0.118636 0.0103979 0.168814 -0.00280785 0.0343513 0.0917122 -0.0530508 0.044164 -0.01078 0.0302048 0.0499201 -0.0141231 0.0833191 0.118085 -0.0185703 -0.00704471 0.0233907 0.0688443 0.108848 0.0215291 0.0663192 0.160132 0.131623 0.166671 0.0471599 0.00737199
internal_weight=22664 9627 13037 4160 1901 5467 785 6316 2766 505 6721 916 5400 862 2259 2701 1116 589 4538 3190 747 1506 529 2261 496 373 545 344 977 1522
internal_count=22664 9627 13037 4160 1901 5467 785 6316 2766 505 6721 916 5400 862 2259 2701 1116 589 4538 3190 747 1506 529 2261 496 373 545 344 977 1522
is_linear=0
shrinkage=0.0161


Tree=31
num_leaves=31
num_cat=0
split_feature=177 295 499 477 416 540 179 271 280 313 356 540 371 56 424 178 273 201 566 296 508 475 449 30 149 54 513 513 458 175
split_gain=95361.3 37663.8 29303.4 15639.2 12486.3 12462.9 10989.5 10758.8 10737.9 8373.21 8128.52 7804.83 8609.03 7730.12 6119.87 5842.21 6106.75 5816.8 4923.14 4666.76 8081.76 4526.79 4379.28 4111.23 3971.4 4593.65 3955.56 5278.41 3926.72 3910.53
threshold=8.0000000000000018 16.500000000000004 61.500000000000007 24.500000000000004 29.500000000000004 181.25000000000003 5.5000000000000009 20.000000000000004 8.0000000000000018 24.500000000000004 35.500000000000007 213.05000305175784 13.500000000000002 6.5000000000000009 10.500000000000002 5.5000000000000009 29.500000000000004 6.5000000000000009 226.84999847412112 6.5000000000000009 96.500000000000014 13.500000000000002 4.5000000000000009 6.5000000000000009 10.500000000000002 29.500000000000004 187.50000000000003 231.50000000000003 6.5000000000000009 24.500000000000004
decision_type=2 2 2 2 2 10 2 2 2 2 2 10 2 2 2 2 2 2 10 2 2 2 2 2 2 2 2 2 2 2
left_child=2 5 13 15 -5 6 -2 -6 18 26 22 17 -13 -1 -12 -3 24 -10 21 -19 -21 -4 -8 -15 28 -26 -7 -28 -17 -24
right_child=1 3 8 4 7 9 10 -9 11 -11 14 12 -14 23 -16 16 -18 19 -20 20 -22 -23 29 -25 25 -27 27 -29 -30 -31
leaf_value=-0.066654637365532218 -0.024059911950531108 0.011228136435894516 -0.037689280399350392 0.088313697234579797 0.135951095272208 0.0067490584737825848 -0.020843553361968636 0.30446780335783152 -0.017636280212356793 0.17444878071512179 0.024966974375311195 0.020240448026775666 0.17333203814868797 -0.050834067244140378 0.14448555421372941 -0.014231150404693688 0.16450097564286376 0.0024204784372847412 0.062564295911510984 0.14526415881283231 0.025309916399688048 0.0067237225325549252 0.019266487579439114 -0.012287727108823761 0.066394761951021869 0.14978175059110527 0.14530874936490823 0.034787325795104525 0.066774656423457146 0.095711909524790431
leaf_weight=3710 1843 463 2426 508 229 335 690 173 1138 167 210 219 169 1428 237 256 180 721 168 207 493 787 2433 1445 707 227 188 279 392 187
leaf_count=3710 1843 463 2426 508 229 335 690 173 1138 167 210 219 169 1428 237 256 180 721 168 207 493 787 2433 1445 707 227 188 279 392 187
internal_value=0.00114593 0.0392814 -0.0275152 0.0851972 0.141446 0.017365 0.00813548 0.208531 -0.00277217 0.0706793 0.0239352 0.0196875 0.0869828 -0.0512962 0.0883885 0.0621813 0.0755569 0.00947483 -0.0223557 0.0312032 0.0608157 -0.0268033 0.015224 -0.031455 0.065422 0.0866864 0.049042 0.0793303 0.034736 0.0247317
internal_weight=22615 9704 12911 3135 910 6569 5600 402 6328 969 3757 2947 388 6583 447 2225 1762 2559 3381 1421 700 3213 3310 2873 1582 934 802 467 648 2620
internal_count=22615 9704 12911 3135 910 6569 5600 402 6328 969 3757 2947 388 6583 447 2225 1762 2559 3381 1421 700 3213 3310 2873 1582 934 802 467 648 2620
is_linear=0
shrinkage=0.0161


Tree=32
num_leaves=31
num_cat=0
split_feature=236 496 90 175 178 118 117 296 185 480 153 366 553 177 372 295 134 416 432 269 494 327 281 562 478 201 478 351 327 178
split_gain=89818.2 35347.8 27780.8 22311.7 14468.6 11564.3 11297.5 8971.49 9272.95 12736.5 7734.71 8381.28 6868.62 6838.36 6465.71 5905.85 5670.35 4933.87 5088.56 4895.37 4742.23 4706.78 4558.16 4476.01 4412.7 4164.71 4759.46 3951.44 3920.48 3820.1
threshold=10.500000000000002 54.500000000000007 8.0000000000000018 10.500000000000002 13.500000000000002 4.5000000000000009 5.5000000000000009 5.5000000000000009 8.0000000000000018 235.50000000000003 16.500000000000004 16.500000000000004 137.84999847412112 10.500000000000002 29.500000000000004 4.5000000000000009 8.0000000000000018 10.500000000000002 29.500000000000004 13.500000000000002 246.50000000000003 5.5000000000000009 35.500000000000007 151.55000305175784 20.000000000000004 6.5000000000000009 16.500000000000004 24.500000000000004 29.500000000000004 5.5000000000000009
decision_type=2 2 2 2 2 2 2 2 2 2 2 2 10 2 2 2 2 2 2 2 2 2 2 8 2 2 2 2 2 2
left_child=1 6 13 17 12 20 -1 22 -9 14 19 -12 -5 23 -10 -8 -14 -4 24 -6 27 -15 28 -2 -19 -21 -27 -3 -7 -23
right_child=2 5 3 4 10 7 15 8 9 -11 11 -13 16 21 -16 -17 -18 18 -20 25 -22 29 -24 -25 -26 26 -28 -29 -30 -31
leaf_value=-0.069005825008839755 -0.042957020018150834 -0.044520231124967301 -0.010771384475142405 0.035574833612861123 0.054991707339924353 -0.020335689945049796 -0.055636173162002533 0.0041813823666527533 0.02559639976443746 0.17267666431972867 0.2489740564097335 0.11276716624915643 0.050134047467055451 -0.0079397563727402025 0.13412136345399744 -0.012564135674006056 0.15769527316159876 0.013408240666244086 0.12253226778334117 0.07723328189270319 0.045469814620247663 -0.011567842933965932 0.068726837137482566 0.011995903183125592 0.082878908927677325 0.10842250545964273 0.22826603563918033 0.026016960277412651 0.054090774386871564 0.069126691561061188
leaf_weight=3672 843 1930 610 905 302 2329 1318 1537 1043 224 264 212 232 521 165 2212 283 887 186 200 197 191 183 705 324 169 177 230 199 737
leaf_count=3672 843 1930 610 905 302 2329 1318 1537 1043 224 264 212 232 521 165 2212 283 887 186 200 197 191 183 705 324 169 177 230 199 737
internal_value=-0.000633777 -0.0233274 0.0439976 0.0682114 0.0980535 -0.000112623 -0.0492303 0.0123251 0.0316619 0.0611409 0.136355 0.18836 0.0623248 0.0056048 0.0404392 -0.0286527 0.109286 0.027399 0.044083 0.107136 -0.0300957 0.0307476 -0.00884311 -0.0179148 0.0320144 0.135934 0.169798 -0.0369984 -0.0144677 0.0524929
internal_weight=22987 15239 7748 4751 2744 8037 7202 5680 2969 1432 1324 476 1420 2997 1208 3530 515 2007 1397 848 2357 1449 2711 1548 1211 546 346 2160 2528 928
internal_count=22987 15239 7748 4751 2744 8037 7202 5680 2969 1432 1324 476 1420 2997 1208 3530 515 2007 1397 848 2357 1449 2711 1548 1211 546 346 2160 2528 928
is_linear=0
shrinkage=0.0161


Tree=33
num_leaves=31
num_cat=0
split_feature=176 532 177 270 371 239 401 117 237 541 295 118 66 225 152 521 423 144 29 413 175 189 164 261 445 235 552 429 582 553
split_gain=89505.8 36170 29096.7 15903.5 11064.2 11006.3 10887.8 10227.2 9219.69 8101.43 7943.09 7793.52 7528.44 7270.75 7186.06 7454.01 6486.81 6657.03 6395.05 5933.9 5112.01 5003.5 4728.23 4699.94 4651.1 5661.31 4447.18 4277.74 4007.75 3941.33
threshold=10.500000000000002 69.500000000000014 8.0000000000000018 13.500000000000002 52.000000000000007 16.500000000000004 13.500000000000002 4.5000000000000009 3.5000000000000004 158.65000152587893 16.500000000000004 29.500000000000004 16.500000000000004 10.500000000000002 5.5000000000000009 232.50000000000003 24.500000000000004 8.0000000000000018 10.500000000000002 24.500000000000004 24.500000000000004 6.5000000000000009 5.5000000000000009 3.5000000000000004 13.500000000000002 8.0000000000000018 103.85000228881837 8.0000000000000018 144.84999847412112 115.14999771118165
decision_type=2 2 2 2 2 2 2 2 2 10 2 2 2 2 2 2 2 2 2 2 2 2 2 2 2 2 10 2 10 10
left_child=1 8 9 10 7 20 11 -3 -1 -2 22 -7 -11 -8 15 -9 23 -18 -10 21 -5 -12 -4 -16 -24 -26 -21 -23 -6 -20
right_child=2 4 3 5 28 6 13 14 18 12 19 -13 -14 -15 16 -17 17 -19 29 26 -22 27 24 -25 25 -27 -28 -29 -30 -31
leaf_value=-0.07050363515746462 -0.010645215042617734 -0.028850134824440852 -0.019222738088073878 0.051871790069896978 0.15406751791758147 0.050404867806210042 0.27935402368276163 -0.026127720831624419 -0.046295225640622086 0.0182250023120227 0.0085113680963865637 0.18593697651135796 0.14241344415095694 0.13524302454180831 -0.034894637654071969 0.078133624746959951 0.020615544162626807 0.1352752092284778 -0.016669354560184008 0.071464749796231991 0.11874850357289073 0.020751857502156964 0.012873029912025463 0.027612199521394147 0.14714544899713738 0.023433781970153146 0.1894567336407291 0.12024816089769048 0.039862884068000475 0.06453121948938588
leaf_weight=2613 2244 2141 559 1003 160 332 193 1425 3485 417 395 165 182 173 370 203 253 274 1643 165 422 173 664 1974 186 199 168 321 160 171
leaf_count=2613 2244 2141 559 1003 160 332 193 1425 3485 417 395 165 182 173 370 203 253 274 1643 165 422 173 664 1974 186 199 168 321 160 171
internal_value=0.00112477 -0.0221964 0.0446941 0.0676348 0.00457091 0.099206 0.144608 0.000111083 -0.0457459 0.00338769 0.0421017 0.0954478 0.0559977 0.2113 0.0138985 -0.0131126 0.0292233 0.0802745 -0.0335331 0.0730493 0.0716932 0.0512922 0.0185685 0.0177355 0.0387294 0.0832621 0.131063 0.085452 0.0970388 -0.00900186
internal_weight=22833 14872 7961 5118 6960 2288 863 6640 7912 2843 2830 497 599 366 4499 1628 2871 527 5299 1222 1425 889 1608 2344 1049 385 333 494 320 1814
internal_count=22833 14872 7961 5118 6960 2288 863 6640 7912 2843 2830 497 599 366 4499 1628 2871 527 5299 1222 1425 889 1608 2344 1049 385 333 494 320 1814
is_linear=0
shrinkage=0.0161


Tree=34
num_leaves=31
num_cat=0
split_feature=176 297 495 55 178 477 478 498 194 511 90 120 149 225 210 311 357 595 480 453 17 469 440 173 423 106 525 476 59 503
split_gain=86067 33476.1 26749.7 19532.6 9837.92 9193.69 12951.1 8495.03 7535.18 6586.32 6315.48 5999.93 5955.5 5892.75 5821.24 5653.8 5627.99 5528.25 5135.89 4679.09 6075.52 4411.21 4359.68 4260.81 4116.1 3993.01 3930.57 6328.3 3712.86 3529.18
threshold=8.0000000000000018 8.0000000000000018 40.500000000000007 24.500000000000004 6.5000000000000009 29.500000000000004 24.500000000000004 244.50000000000003 13.500000000000002 250.50000000000003 29.500000000000004 5.5000000000000009 13.500000000000002 13.500000000000002 8.0000000000000018 13.500000000000002 5.5000000000000009 247.34999847412112 193.50000000000003 8.0000000000000018 6.5000000000000009 35.500000000000007 8.0000000000000018 16.500000000000004 16.500000000000004 13.500000000000002 109.50000000000001 10.500000000000002 20.000000000000004 230.50000000000003
decision_type=2 2 2 2 2 2 2 2 2 2 2 2 2 2 2 2 2 8 2 2 2 2 2 2 2 2 2 2 2 2
left_child=2 7 16 8 13 11 -7 14 21 12 22 -5 15 29 -2 -6 -1 -15 -16 -13 -21 -3 -10 28 25 -24 27 -14 -17 -4
right_child=1 3 4 5 9 6 -8 -9 10 -11 -12 19 26 17 18 23 -18 -19 -20 20 -22 -23 24 -25 -26 -27 -28 -29 -30 -31
leaf_value=-0.071011909967044512 -0.023074015079128176 0.019427039711367292 -0.04364692578234735 0.022278724501554058 -0.027270243051296803 0.088864260691879929 0.27396805160779009 0.089708988425871924 0.018122485668688772 0.078834962374433978 0.14640841932294094 0.062228810330455707 0.021354508035175548 -0.01222764758771744 0.0054099718656353312 -0.019313798391383533 -0.037660657576763935 0.08457847289010316 0.091136897585372662 0.21760720815024748 0.098187366906074477 0.090563142896565127 0.0074062439109973165 0.09531978711822775 0.14360560885661217 0.10558283974169802 0.00748468389379416 0.15251398727595497 0.069101024214147974 0.01653012417413462
leaf_weight=3116 2360 2573 2807 298 1677 212 183 249 465 319 243 364 229 721 1286 446 2272 194 211 167 330 248 222 174 200 209 482 164 170 277
leaf_count=3116 2360 2573 2807 298 1677 212 183 249 465 319 243 364 229 721 1286 446 2272 194 211 167 330 248 222 174 200 209 482 164 170 277
internal_value=-0.00236819 0.0336343 -0.0294657 0.0588331 -0.0101284 0.107545 0.174681 -0.00142704 0.0406305 0.00893628 0.0720915 0.0846447 0.00225728 -0.0275875 -0.0073167 -0.010535 -0.0569528 0.00827164 0.0175088 0.106203 0.138362 0.0256891 0.0555928 0.0249606 0.0831683 0.0550685 0.038351 0.0761476 0.00504819 -0.0382343
internal_weight=22868 9820 13048 5714 7660 1554 395 4106 4160 3661 1339 1159 3342 3999 3857 2467 5388 915 1497 861 497 2821 1096 790 631 431 875 393 616 3084
internal_count=22868 9820 13048 5714 7660 1554 395 4106 4160 3661 1339 1159 3342 3999 3857 2467 5388 915 1497 861 497 2821 1096 790 631 431 875 393 616 3084
is_linear=0
shrinkage=0.0161


Tree=35
num_leaves=31
num_cat=0
split_feature=236 487 297 414 178 418 269 558 297 30 476 355 286 208 583 503 162 296 229 162 449 371 416 401 395 115 135 506 412 16
split_gain=80689.6 31199.7 25808.5 18065 10702 10473.3 9051.82 8911.18 8308.15 8148.6 7710.48 7473.92 6306.64 6192.23 5894 7994.13 7885.17 5707.94 5436.5 4841.52 4716.14 4484.89 4357.79 4240.42 4129.13 3964.64 3918.33 3557.68 3514.07 4209.15
threshold=8.0000000000000018 77.500000000000014 10.500000000000002 24.500000000000004 10.500000000000002 5.5000000000000009 8.0000000000000018 240.75000000000003 5.5000000000000009 10.500000000000002 43.500000000000007 10.500000000000002 43.500000000000007 8.0000000000000018 145.55000305175784 42.500000000000007 10.500000000000002 16.500000000000004 10.500000000000002 13.500000000000002 5.5000000000000009 13.500000000000002 4.5000000000000009 3.5000000000000004 10.500000000000002 4.5000000000000009 20.000000000000004 24.500000000000004 13.500000000000002 10.500000000000002
decision_type=2 2 2 2 2 2 2 10 2 2 2 2 2 2 8 2 2 2 2 2 2 2 2 2 2 2 2 2 2 2
left_child=1 8 11 5 7 -4 -5 12 -1 21 17 27 22 26 15 -11 -17 -8 -15 -19 -13 -7 -3 -22 -23 -10 -6 -2 -16 -30
right_child=2 4 3 6 13 9 10 -9 25 14 -12 20 -14 18 28 16 -18 19 -20 -21 23 24 -24 -25 -26 -27 -28 -29 29 -31
leaf_value=-0.062825797384888318 -0.049117279257473632 -0.045805075030945552 -0.016738396197932114 0.042103213507906294 -0.0067588760783962162 -0.00011414421527920105 0.053374041526997498 0.098748960874290651 -0.052546556179701776 0.054770106617409907 0.2304873109651584 -0.012044155701394769 0.075460442447827653 0.033433210632563978 0.021544502863868168 0.095890302276585918 0.23119572394307888 0.10542116126717536 0.12056592907040456 0.20929467130990026 -0.017409177023809945 0.018655640294832469 -0.0090239867757395988 0.051537073893021541 0.12403255023673987 -0.016458231390900441 0.07474182660565068 -0.002442657782396984 0.14739023736361362 0.033262774595589989
leaf_weight=4348 573 1381 653 350 837 793 257 175 1228 415 188 598 175 463 541 269 192 290 311 196 275 213 2117 1437 177 2216 187 1625 161 176
leaf_count=4348 573 1381 653 350 837 793 257 175 1228 415 188 598 175 463 541 269 192 290 311 196 275 213 2117 1437 177 2216 187 1625 161 176
internal_value=-0.00184781 -0.0271427 0.0343916 0.060085 0.00167282 0.0415537 0.112001 -0.0134746 -0.0480252 0.0545221 0.138253 0.00662404 -0.0188279 0.0341038 0.0765513 0.10612 0.152294 0.114883 0.0684743 0.147361 0.0268493 0.0218401 -0.0235518 0.0404484 0.0665409 -0.0293328 0.00810157 -0.014621 0.0470236 0.0878564
internal_weight=22817 13438 9379 4871 5646 3590 1281 3848 7792 2937 931 4508 3673 1798 1754 876 461 743 774 486 2310 1183 3498 1712 390 3444 1024 2198 878 337
internal_count=22817 13438 9379 4871 5646 3590 1281 3848 7792 2937 931 4508 3673 1798 1754 876 461 743 774 486 2310 1183 3498 1712 390 3444 1024 2198 878 337
is_linear=0
shrinkage=0.0161


Tree=36
num_leaves=31
num_cat=0
split_feature=177 355 539 270 476 416 541 108 477 541 295 90 461 45 389 231 52 528 182 219 416 418 250 13 566 521 505 115 166 586
split_gain=80351.4 33589 24867.2 12020.4 12632.2 10496.7 8776.15 7547.32 7376.71 7579.88 7104.29 6914.2 6815.51 7091.27 5674.65 5521.31 5460.91 4815.59 4775.97 5520.2 4407.38 4399.11 4374.95 4344.75 4082.03 3949.97 3911.21 3893.96 3888.9 3835.79
threshold=8.0000000000000018 20.000000000000004 57.500000000000007 8.0000000000000018 43.500000000000007 10.500000000000002 235.84999847412112 43.500000000000007 8.0000000000000018 205.94999694824222 6.5000000000000009 6.5000000000000009 10.500000000000002 6.5000000000000009 24.500000000000004 35.500000000000007 20.000000000000004 51.500000000000007 24.500000000000004 8.0000000000000018 13.500000000000002 4.5000000000000009 10.500000000000002 20.000000000000004 168.05000305175784 224.50000000000003 13.500000000000002 10.500000000000002 6.5000000000000009 220.15000152587893
decision_type=2 2 2 2 2 2 10 2 2 10 2 2 2 2 2 2 2 2 2 2 2 2 2 2 8 2 2 2 2 8
left_child=2 5 10 16 12 7 11 17 18 14 26 -7 24 -14 29 21 -3 -2 22 -20 -12 -13 -4 27 -5 -24 -1 -23 -25 -10
right_child=1 3 8 4 -6 6 -8 -9 9 -11 20 15 13 -15 -16 -17 -18 -19 19 -21 -22 23 25 28 -26 -27 -28 -29 -30 -31
leaf_value=-0.078940826741946635 -0.036352595372474761 0.011664148329016943 -0.036312358934433686 0.084315018737700503 0.20030842388191317 -0.0046808233997617235 0.14556873473611467 0.093404019577143685 -0.018336969252419663 0.091990144294966783 -0.036817980898529369 -0.017168483433264974 0.20327612996014149 0.090201059905241493 0.072768427608928293 0.12225369274673395 0.098569250981490775 0.004970144300080674 -0.016291627940566596 0.10307824738200147 0.021667455958917631 0.0098327312900962586 -0.010958899118057462 0.028748861444746851 0.0038202255299390562 0.06962671649224042 -0.047518632416099979 0.060003113066393846 0.12301379285704389 0.035656287050708849
leaf_weight=1891 1212 655 2402 398 319 1134 174 189 1294 312 1938 346 203 498 290 209 263 1840 235 175 403 905 1179 184 278 182 2261 722 299 463
leaf_count=1891 1212 655 2402 398 319 1134 174 189 1294 312 1938 346 203 498 290 209 263 1840 235 175 403 905 1179 184 278 182 2261 722 299 463
internal_value=-0.000647721 0.0341054 -0.0268725 0.0835531 0.108961 0.0161847 0.0337262 -0.00531128 -0.00468906 0.0180619 -0.0491855 0.0285974 0.0877815 0.12298 0.00678245 0.0427666 0.0365874 -0.0114321 -0.0175559 0.0346015 -0.0267397 0.0359929 -0.023245 0.0447215 0.0512469 -0.000165278 -0.0618353 0.0321109 0.0871521 -0.00409541
internal_weight=22853 9828 13025 2614 1696 7214 3973 3241 6532 2359 6493 3799 1377 701 2047 2665 918 3052 4173 410 2341 2456 3763 2110 676 1361 4152 1627 483 1757
internal_count=22853 9828 13025 2614 1696 7214 3973 3241 6532 2359 6493 3799 1377 701 2047 2665 918 3052 4173 410 2341 2456 3763 2110 676 1361 4152 1627 483 1757
is_linear=0
shrinkage=0.0161


Tree=37
num_leaves=31
num_cat=0
split_feature=296 509 175 477 116 326 561 553 175 206 177 165 178 151 42 222 592 11 539 90 207 172 183 239 67 335 393 238 91 475
split_gain=77274.7 33576.1 24643.3 17882.3 15846 11725.5 11166.4 10539.3 9615.02 8968.32 8327.18 7951.08 6723.67 6441.99 6171.17 5704.07 5524.29 6338.41 10063.5 5573.2 5087.4 5027.87 4864.02 4786.52 4589.78 9245.84 4534.35 4455.81 4318.17 4250.59
threshold=13.500000000000002 43.500000000000007 8.0000000000000018 29.500000000000004 24.500000000000004 13.500000000000002 216.75000000000003 221.94999694824222 8.0000000000000018 5.5000000000000009 10.500000000000002 8.0000000000000018 10.500000000000002 6.5000000000000009 8.0000000000000018 5.5000000000000009 75.350002288818374 8.0000000000000018 107.50000000000001 10.500000000000002 29.500000000000004 16.500000000000004 5.5000000000000009 20.000000000000004 10.500000000000002 24.500000000000004 10.500000000000002 6.5000000000000009 6.5000000000000009 10.500000000000002
decision_type=2 2 2 2 2 2 10 10 2 2 2 2 2 2 2 2 10 2 2 2 2 2 2 2 2 2 2 2 2 2
left_child=1 8 13 7 -5 -6 10 12 -1 -8 11 23 -4 -2 -15 -14 17 18 -13 -18 -17 -11 -16 -3 -12 28 -21 -10 -26 -30
right_child=2 6 3 4 5 -7 9 -9 27 21 24 16 15 14 22 20 19 -19 -20 26 -22 -23 -24 -25 25 -27 -28 -29 29 -31
leaf_value=-0.057645819387848789 -0.022740395067511687 -0.035682828173118304 0.024852383497167584 0.06003611293573121 0.12262496142953414 0.29144197758694673 0.15403293795179046 0.16048417596936107 -0.03644842903391033 -0.00016875220412840468 0.0030095857435633554 0.0096050878584169903 0.020690929825962309 -0.005169758565653151 -0.004904179943787665 0.077089366028426753 -0.024714553612409682 -0.0051590629347730357 0.1897816635512343 0.063521515756281316 0.17244979696094948 0.10164133468637009 0.082703435277572207 0.020679526601477673 -0.029785294193021616 0.1486019596112578 -0.013440704658067319 0.011488716708281667 0.012073114931896514 0.10635556109905848
leaf_weight=4830 1015 3216 1558 336 212 216 194 232 1181 445 1320 162 377 718 224 797 1348 283 160 441 178 175 611 444 256 194 360 874 300 212
leaf_count=4830 1015 3216 1558 336 212 216 194 232 1181 445 1320 162 377 718 224 797 1348 283 160 441 178 175 611 444 256 194 360 874 300 212
internal_value=0.000441199 -0.0181551 0.0475389 0.0730092 0.142889 0.207877 0.00144656 0.0560099 -0.0452337 0.0584699 -0.00388848 -0.0132882 0.0476726 0.00878865 0.0294104 0.0739525 0.00736988 0.0503489 0.0992069 -0.00471888 0.0945229 0.02853 0.0591733 -0.028839 0.0225209 0.0492688 0.0289024 -0.0160491 0.0241462 0.0511579
internal_weight=22869 16395 6474 3906 764 428 9510 3142 6885 814 8696 6414 2910 2568 1553 1352 2754 605 322 2149 975 620 835 3660 2282 962 801 2055 768 512
internal_count=22869 16395 6474 3906 764 428 9510 3142 6885 814 8696 6414 2910 2568 1553 1352 2754 605 322 2149 975 620 835 3660 2282 962 801 2055 768 512
is_linear=0
shrinkage=0.0161


Tree=38
num_leaves=31
num_cat=0
split_feature=296 500 474 477 416 477 56 268 541 192 117 433 357 550 178 578 293 475 219 4 29 371 89 284 456 235 433 507 315 230
split_gain=74984 34502 26980.4 13583.3 10951.1 10942.4 10114.3 7961.07 7525.27 7089.24 6835.13 7921.84 6663.98 6348.4 6188.7 6017.43 5988.66 4999.56 4883.96 5714.55 4823.37 4770.34 4710.15 5216.88 4064.19 3942.83 3922.96 3526.14 3509.81 3493.55
threshold=13.500000000000002 55.500000000000007 16.500000000000004 29.500000000000004 6.5000000000000009 5.5000000000000009 35.500000000000007 8.0000000000000018 240.75000000000003 20.000000000000004 20.000000000000004 8.0000000000000018 10.500000000000002 198.94999694824222 8.0000000000000018 106.25000000000001 16.500000000000004 43.500000000000007 24.500000000000004 8.0000000000000018 16.500000000000004 43.500000000000007 16.500000000000004 20.000000000000004 10.500000000000002 5.5000000000000009 24.500000000000004 202.50000000000003 29.500000000000004 10.500000000000002
decision_type=2 2 2 2 2 2 2 2 10 2 2 2 2 10 2 10 2 2 2 2 2 2 2 2 2 2 2 2 2 2
left_child=1 4 9 7 25 18 -5 -4 10 12 21 -12 -2 26 -6 -13 20 24 27 -20 -11 22 28 -24 -14 -1 -9 -3 -7 -16
right_child=2 5 3 6 14 8 -8 13 -10 16 11 15 17 -15 29 -17 -18 -19 19 -21 -22 -23 23 -25 -26 -27 -28 -29 -30 -31
leaf_value=-0.068563801956902024 -0.01314559560543244 -0.034511101179949238 0.020386133233146139 0.10421871736063593 -0.03621575764928936 -0.015663900270847221 0.25317381836171549 0.06164140391653531 0.098851366047934555 0.0042450319630432925 0.0049804889415560414 0.17985283793853629 -0.00027135640315492345 0.18058887044587615 -0.0067418683286133534 0.056856244463742725 0.14777374142941702 0.10400330524414769 -0.024100092092749877 0.10294402190227567 0.10585895597683644 0.071827006099587476 0.012702041613792714 0.10673398913764026 0.051583517299596753 -0.039255348573937386 0.13495828701935747 0.013151292132983281 0.042825048247881546 0.056320040775917721
leaf_weight=3103 1562 2440 590 293 1705 2686 199 881 280 345 437 162 901 180 705 286 179 221 195 173 187 257 806 189 692 1938 242 481 295 336
leaf_count=3103 1562 2440 590 293 1705 2686 199 881 280 345 437 162 901 180 705 286 179 221 195 173 187 257 806 189 692 1938 242 481 295 336
internal_value=-0.000354562 -0.0185978 0.0460785 0.0891133 -0.0432072 0.00345941 0.164515 0.0695036 0.0175664 0.0209595 0.0131148 0.0538086 0.0112201 0.0917261 -0.0173261 0.101385 0.0671712 0.0322139 -0.0196862 0.0355605 0.0400069 0.00460131 0.000250065 0.030587 0.0222397 -0.0573009 0.0774617 -0.0266545 -0.00986793 0.0135898
internal_weight=22946 16474 6472 2385 7787 8687 492 1893 5398 4087 5118 885 3376 1303 2746 448 711 1814 3289 368 532 4233 3976 995 1593 5041 1123 2921 2981 1041
internal_count=22946 16474 6472 2385 7787 8687 492 1893 5398 4087 5118 885 3376 1303 2746 448 711 1814 3289 368 532 4233 3976 995 1593 5041 1123 2921 2981 1041
is_linear=0
shrinkage=0.0161


Tree=39
num_leaves=31
num_cat=0
split_feature=116 537 237 269 237 502 414 59 179 330 190 569 192 176 295 546 324 357 349 213 176 108 66 235 325 594 56 472 151 45
split_gain=74852 31197.6 24172.8 14119.4 13968 12493.3 11749.8 8360.01 8311.62 8295.5 7659.92 8618.74 7246.13 7230.6 6319.73 5956.18 8764.08 10228.5 5877.45 5497.58 5267.62 5077.68 4865.03 4853.88 4830.02 4375.51 3876.89 3868.81 3674.61 3618.21
threshold=16.500000000000004 80.500000000000014 16.500000000000004 6.5000000000000009 6.5000000000000009 248.50000000000003 29.500000000000004 8.0000000000000018 16.500000000000004 4.5000000000000009 8.0000000000000018 231.15000152587893 20.000000000000004 35.500000000000007 6.5000000000000009 220.15000152587893 10.500000000000002 6.5000000000000009 13.500000000000002 8.0000000000000018 4.5000000000000009 13.500000000000002 29.500000000000004 6.5000000000000009 6.5000000000000009 129.65000152587893 24.500000000000004 35.500000000000007 13.500000000000002 10.500000000000002
decision_type=2 2 2 2 2 2 2 2 2 2 2 10 2 2 2 8 2 2 2 2 2 2 2 2 2 10 2 2 2 2
left_child=1 4 9 -4 20 10 7 -5 -8 -2 19 15 24 26 28 27 -17 -18 23 29 -1 -20 -21 -11 -7 -23 -9 -12 -6 -3
right_child=2 5 3 6 14 12 8 13 -10 18 11 -13 -14 -15 -16 16 17 -19 21 22 -22 25 -24 -25 -26 -27 -28 -29 -30 -31
leaf_value=-0.065349284491167878 -0.017912656944319035 -0.049614136946422346 0.0175384260179146 0.015440717567338958 -0.044954547940448043 0.10218140137144473 0.11834429565608792 0.037680491005819015 0.25587699834762834 -0.019239729375046106 -0.01018763427339991 0.1220179630717408 0.1569571896649806 0.17652141273892338 0.01381149780551265 0.0028468232984582035 0.201167367719533 0.027729036900942555 0.033450264657231596 -0.0030535136822472026 -0.035361400059268459 0.064628130749022725 0.086591739438898294 0.038313915528338759 0.010374885745513596 0.16345379805607954 0.12152110087147533 0.070299702527247612 0.0051211307660747338 -0.0062447353166023732
leaf_weight=3216 897 1285 498 302 1309 224 237 286 221 534 1839 196 178 309 1532 480 165 190 468 1322 2886 264 178 1312 443 209 288 169 534 817
leaf_count=3216 897 1285 498 302 1309 224 237 286 221 534 1839 196 178 309 1532 480 165 190 468 1322 2886 264 178 1312 443 209 288 169 534 817
internal_value=-0.000126736 -0.0172268 0.0496663 0.0926925 -0.0366327 0.00733722 0.115458 0.0886528 0.18476 0.0246548 -7.83318e-05 0.0187428 0.0656452 0.113666 -0.0103421 0.0116146 0.0477541 0.108408 0.0383636 -0.0159642 -0.0511701 0.0711216 0.0075687 0.0216524 0.0412417 0.108345 0.0797879 -0.00340183 -0.0304326 -0.0327686
internal_weight=22788 16963 5825 2141 9477 7486 1643 1185 458 3684 6641 3039 845 883 3375 2843 835 355 2787 3602 6102 941 1500 1846 667 473 574 2008 1843 2102
internal_count=22788 16963 5825 2141 9477 7486 1643 1185 458 3684 6641 3039 845 883 3375 2843 835 355 2787 3602 6102 941 1500 1846 667 473 574 2008 1843 2102
is_linear=0
shrinkage=0.0161


Tree=40
num_leaves=31
num_cat=0
split_feature=177 492 115 475 546 415 477 479 254 23 278 236 235 502 89 329 321 299 390 297 581 236 268 330 411 396 327 402 224 417
split_gain=68843.6 27827 26537.3 12196.5 11561.5 10531.4 8816.67 7853.57 7720.71 8729.29 7680.95 6872.77 6705.97 6955.96 5632.34 5448.34 5797.36 5126.27 4951.02 4544.71 4909.91 4335.81 4092.4 3895.58 3576.34 3396.28 3338.7 5575.69 3276.39 3340.75
threshold=10.500000000000002 80.500000000000014 16.500000000000004 29.500000000000004 247.34999847412112 10.500000000000002 29.500000000000004 8.0000000000000018 10.500000000000002 24.500000000000004 61.500000000000007 8.0000000000000018 13.500000000000002 278.50000000000006 20.000000000000004 10.500000000000002 5.5000000000000009 20.000000000000004 24.500000000000004 16.500000000000004 154.15000152587893 4.5000000000000009 8.0000000000000018 10.500000000000002 10.500000000000002 16.500000000000004 4.5000000000000009 8.0000000000000018 6.5000000000000009 10.500000000000002
decision_type=2 2 2 2 10 2 2 2 2 2 2 2 2 2 2 2 2 2 2 2 8 2 2 2 2 2 2 2 2 2
left_child=1 5 7 15 10 21 14 22 11 26 12 -9 13 28 -5 25 -17 24 -14 -18 -21 -1 -2 -7 -13 -4 -10 -28 -3 -30
right_child=2 4 3 6 -6 23 -8 8 9 -11 -12 17 18 -15 -16 16 19 -19 -20 20 -22 -23 -24 -25 -26 -27 27 -29 29 -31
leaf_value=-0.063292252377049288 -0.025924019036896697 -0.032768990173369282 0.0042638878240612689 0.047933461996471513 0.11107785420496691 -0.024401885632173204 0.19621752526222416 -0.025648722200568033 -0.0067477360496497147 0.16127872262332651 0.10961962272551992 -0.0147561204095001 0.014441363102061459 0.063940502859391471 0.14415955769490035 0.022485834459371797 0.062600560305637556 0.10172727463601905 0.098531901334605626 0.20499801306687013 0.084757195631643328 -0.036656846500045387 0.016671220294060322 0.022076337583720861 0.064165756030078847 0.076776800352798838 0.1275194035014815 0.027656774102315276 -0.016058734926664472 0.030061312539884311
leaf_weight=3447 1281 2055 641 360 251 1528 299 715 236 207 160 376 1172 285 282 331 344 259 215 177 177 2943 1075 673 246 227 229 397 1599 546
leaf_count=3447 1281 2055 641 360 251 1528 299 715 236 207 160 376 1172 285 282 331 344 259 215 177 177 2943 1075 673 246 227 229 397 1599 546
internal_value=-0.00136654 -0.0217332 0.0371766 0.0765299 0.00401373 -0.0405659 0.123937 0.0149284 0.0338621 0.0673503 -0.000437458 0.011417 -0.0034403 -0.0130118 0.0902377 0.0530012 0.0780706 0.0415254 0.0274933 0.104396 0.144944 -0.0510286 -0.0064786 -0.0101795 0.0164195 0.0232546 0.0447671 0.0642256 -0.0182392 -0.00430811
internal_weight=22733 14874 7859 2838 6283 8591 941 5021 2665 1069 6032 1596 5872 4485 642 1897 1029 881 1387 698 354 6390 2356 2201 622 868 862 626 4200 2145
internal_count=22733 14874 7859 2838 6283 8591 941 5021 2665 1069 6032 1596 5872 4485 642 1897 1029 881 1387 698 354 6390 2356 2201 622 868 862 626 4200 2145
is_linear=0
shrinkage=0.0161


Tree=41
num_leaves=31
num_cat=0
split_feature=236 525 297 414 330 118 116 502 530 185 237 275 267 119 52 300 593 3 314 473 211 548 98 115 389 117 148 151 31 177
split_gain=84322.8 26706.1 26313.8 19940.5 10594.5 10430.1 11509.8 10197.3 9682.36 11219.2 9362.73 8062.65 7809.81 7252.15 6435.77 6677.91 9429.68 5306.97 5901.61 5600.55 5352.54 5294.71 5173.28 4818.04 4058.22 3878.1 3604.73 3594.17 3520.55 3796.29
threshold=10.500000000000002 65.500000000000014 8.0000000000000018 20.000000000000004 10.500000000000002 29.500000000000004 29.500000000000004 242.50000000000003 259.50000000000006 8.0000000000000018 4.5000000000000009 5.5000000000000009 6.5000000000000009 29.500000000000004 8.0000000000000018 13.500000000000002 124.95000076293947 5.5000000000000009 20.000000000000004 20.000000000000004 6.5000000000000009 158.65000152587893 10.500000000000002 4.5000000000000009 20.000000000000004 4.5000000000000009 10.500000000000002 5.5000000000000009 4.5000000000000009 10.500000000000002
decision_type=2 2 2 2 2 2 2 2 2 2 2 2 2 2 2 2 8 2 2 2 2 8 2 2 2 2 2 2 2 2
left_child=1 10 21 4 -4 12 -7 11 9 -9 -1 25 -5 27 -14 -16 -17 -13 19 -19 -20 26 -21 -12 -25 -3 -2 -6 -23 -30
right_child=2 7 3 5 13 6 -8 8 -10 -11 23 17 14 -15 15 16 -18 18 20 22 -22 28 -24 24 -26 -27 -28 -29 29 -31
leaf_value=-0.06109893389156263 -0.035273152081811483 -0.058301772758104609 0.012572911473844907 0.017151361546360069 -0.012982924698664985 0.091488188391061015 0.27054065702432889 0.019764041322022478 -0.02987102299550352 0.16310864288579641 -0.050387689756233589 -0.018255908297971805 0.056110879708913826 0.14224230570632662 0.08689916496956232 0.10783128914119505 0.28188127237032207 -0.0043740811511346414 0.12942146948374611 0.001476396327051017 0.026437442896666462 -0.019446131149736166 0.11279301646033399 -0.021637798550294147 0.03347233509348984 -0.014799842134604453 0.014742554770831664 0.064936017220032768 0.023234156867911172 0.096128180406750752
leaf_weight=3670 947 827 1534 292 174 175 200 286 247 281 1384 1407 339 303 286 164 160 1760 218 206 329 280 229 2382 405 1491 616 1269 589 271
leaf_count=3670 947 827 1534 292 174 175 200 286 247 281 1384 1407 339 303 286 164 160 1760 218 206 329 280 229 2382 405 1491 616 1269 589 271
internal_value=0.000264378 -0.0217212 0.0440187 0.0662799 0.0434618 0.112579 0.187046 0.000478899 0.0541866 0.0908458 -0.0423387 -0.00627764 0.0900584 0.0705866 0.112466 0.143747 0.193855 0.00715465 0.0202021 0.0083988 0.0675235 0.00368793 0.0601317 -0.0258263 -0.0136209 -0.0303303 -0.0155462 0.0555241 0.0300796 0.0462316
internal_weight=22721 15122 7599 4896 3280 1616 375 7281 814 567 7841 6467 1241 1746 949 610 324 4149 2742 2195 547 2703 435 4171 2787 2318 1563 1443 1140 860
internal_count=22721 15122 7599 4896 3280 1616 375 7281 814 567 7841 6467 1241 1746 949 610 324 4149 2742 2195 547 2703 435 4171 2787 2318 1563 1443 1140 860
is_linear=0
shrinkage=0.0161


Tree=42
num_leaves=31
num_cat=0
split_feature=296 178 492 355 540 29 221 448 416 493 125 115 249 61 450 297 141 176 179 157 40 560 512 418 328 590 66 206 403 583
split_gain=65430 26134.4 23416.9 17112.6 10673.8 9501.42 9043.31 8604.85 7448.23 7079.29 6791.39 6256.46 6234.02 7056.01 5941.05 6132.23 6233.64 5532.72 5383.95 5067.34 4842.93 4695.33 4470.23 4235.41 3981.69 3881.26 3648.97 6273.4 4904 3629.17
threshold=8.0000000000000018 8.0000000000000018 76.500000000000014 20.000000000000004 185.15000152587893 24.500000000000004 10.500000000000002 6.5000000000000009 4.5000000000000009 178.50000000000003 10.500000000000002 6.5000000000000009 8.0000000000000018 16.500000000000004 8.0000000000000018 10.500000000000002 4.5000000000000009 8.0000000000000018 20.000000000000004 13.500000000000002 20.000000000000004 203.05000305175784 191.50000000000003 6.5000000000000009 10.500000000000002 116.54999923706056 10.500000000000002 6.5000000000000009 10.500000000000002 144.84999847412112
decision_type=2 2 2 2 10 2 2 2 2 2 2 2 2 2 2 2 2 2 2 2 2 10 2 2 2 8 2 2 2 8
left_child=2 4 8 14 11 21 25 -6 -1 -9 18 -2 17 22 -3 -16 -17 -12 -4 -20 26 24 -14 -10 -5 -7 27 -18 -28 -26
right_child=1 3 10 5 7 6 -8 9 23 -11 12 -13 13 -15 15 16 20 -19 19 -21 -22 -23 -24 -25 29 -27 28 -29 -30 -31
leaf_value=-0.058560915994160662 -0.035843429279702729 0.007901454637366816 -0.020048045879888947 0.026352117786479629 -0.026743088946124313 0.14557343343216086 0.21450535811234056 0.024191852934008041 -0.041904458249976156 0.15940579001335783 -0.023020520398934499 0.0074169096491906042 -0.0023561490627851049 0.11751216084928841 0.012306085028583158 0.010318859407698579 0.03001788773439967 0.069168251187202975 0.0021578055620237271 0.1112213893133676 0.14453027938951529 0.14684210095009503 0.084541058504265451 -0.0082819108989566573 0.12377432086405293 0.037942577127500467 -0.013809617917470176 0.15967588221231108 0.090360056837750793 0.041299144669400517
leaf_weight=3604 1347 1390 2978 564 184 171 274 168 2117 251 784 2428 481 310 742 360 170 215 353 161 287 173 225 1798 311 178 237 226 231 251
leaf_count=3604 1347 1390 2978 564 184 171 274 168 2117 251 784 2428 481 310 742 360 170 215 353 161 287 173 225 1798 311 178 237 226 231 251
internal_value=0.000359617 0.0314628 -0.0233802 0.0546144 0.00202867 0.0934905 0.145214 0.0649326 -0.0418544 0.105247 0.00183931 -0.00801306 0.0253798 0.0534618 0.0340974 0.0502487 0.0688654 -0.00315653 -0.0117376 0.0363655 0.0871567 0.0686657 0.0253044 -0.026469 0.0566337 0.0907461 0.0680713 0.104074 0.0375572 0.0869812
internal_weight=22969 9943 13026 5565 4378 1922 623 603 7519 419 5507 3775 2015 1016 3643 2253 1511 999 3492 514 1151 1299 706 3915 1126 349 864 396 468 562
internal_count=22969 9943 13026 5565 4378 1922 623 603 7519 419 5507 3775 2015 1016 3643 2253 1511 999 3492 514 1151 1299 706 3915 1126 349 864 396 468 562
is_linear=0
shrinkage=0.0161


Tree=43
num_leaves=31
num_cat=0
split_feature=237 509 116 477 220 476 72 539 29 193 297 474 415 179 333 545 423 179 199 6 359 381 114 599 355 89 482 530 492 333
split_gain=63055.9 27945.1 21091 16888.3 10770.2 10283 9113.93 10450.5 7784.74 8965.9 7042.44 6708.47 6267.66 5271.76 5081.98 5058.14 6804.52 4844.88 4697.61 4731.42 4573.72 4092.76 3957.93 3750.99 3691.54 3474.21 3428.29 3397.01 3463.23 3330.55
threshold=10.500000000000002 43.500000000000007 16.500000000000004 29.500000000000004 6.5000000000000009 43.500000000000007 29.500000000000004 121.50000000000001 16.500000000000004 16.500000000000004 5.5000000000000009 20.000000000000004 4.5000000000000009 13.500000000000002 4.5000000000000009 203.05000305175784 16.500000000000004 10.500000000000002 6.5000000000000009 10.500000000000002 6.5000000000000009 10.500000000000002 24.500000000000004 174.34999847412112 24.500000000000004 3.5000000000000004 15.500000000000002 118.50000000000001 93.500000000000014 8.0000000000000018
decision_type=2 2 2 2 2 2 2 2 2 2 2 2 2 2 2 10 2 2 2 2 2 2 2 8 2 2 2 2 2 2
left_child=1 12 6 8 10 17 14 -8 25 -10 -3 15 -1 18 -2 22 -17 -5 -13 -20 -12 -22 -6 -23 -19 -4 -16 28 -27 -24
right_child=2 4 3 5 11 -7 7 -9 9 -11 20 13 -14 -15 26 16 -18 24 19 -21 21 23 29 -25 -26 27 -28 -29 -30 -31
leaf_value=-0.064884691091271568 -0.024474635116835314 -0.038521458435756946 -0.044255937944182019 0.020861364939415827 -0.0063438182050310748 0.21409681854668305 0.013279513025666271 0.15834388365732913 0.051379956851555802 0.1578643955712033 -0.022032685785169818 -0.024440277492589473 -0.032110866030026143 0.11675002660399147 -0.022596091605394764 0.014167144999075437 0.14128783927264307 0.077357928609528323 0.013172025234316532 0.13107803530862658 0.00010583537477830277 0.02433692405749328 0.00074747766848494467 0.12329318390224139 0.17853210033391401 0.033637988602870601 0.024893562355050955 -0.0011903011960281466 0.1196692187560101 0.10303845753436551
leaf_weight=2476 1003 2259 182 170 2893 269 287 234 762 281 942 241 3900 265 467 345 160 202 192 164 582 233 164 174 176 471 2507 469 164 167
leaf_count=2476 1003 2259 182 170 2893 269 287 234 762 281 942 241 3900 265 467 345 160 202 192 164 582 233 164 174 176 471 2507 469 164 167
internal_value=-0.000172048 -0.0191867 0.0375284 0.0695079 -0.000555672 0.132506 0.0151559 0.0784784 0.0473986 0.080091 -0.0192226 0.0164756 -0.0448417 0.0569583 0.00685458 0.00711133 0.0544896 0.0924114 0.0303781 0.0675544 0.00334224 0.0275351 -0.000302601 0.0667004 0.124528 0.0208654 0.0174285 0.0316223 0.0558941 0.0524276
internal_weight=22801 15157 7644 3146 8781 817 4498 521 2329 1043 4190 4591 6376 862 3977 3729 505 548 597 356 1931 989 3224 407 378 1286 2974 1104 635 331
internal_count=22801 15157 7644 3146 8781 817 4498 521 2329 1043 4190 4591 6376 862 3977 3729 505 548 597 356 1931 989 3224 407 378 1286 2974 1104 635 331
is_linear=0
shrinkage=0.0161


Tree=44
num_leaves=31
num_cat=0
split_feature=176 539 178 235 222 178 238 209 477 116 501 546 464 561 414 416 142 31 161 33 412 416 331 219 28 352 105 174 31 237
split_gain=67069.2 23158.8 23146.9 21844.6 10059.5 9834.47 9582.29 9392.13 10436.7 10435.8 6602.58 6076.76 5939.35 6525.18 5323.58 5266.78 5009.44 4986.49 4976.53 8444.76 4975 4875.97 4403.3 4363.23 4333.74 4261.87 4174.28 5693.24 4024.17 4013.45
threshold=10.500000000000002 62.500000000000007 8.0000000000000018 13.500000000000002 3.5000000000000004 10.500000000000002 6.5000000000000009 4.5000000000000009 29.500000000000004 43.500000000000007 257.50000000000006 115.85000228881837 5.5000000000000009 228.75000000000003 24.500000000000004 10.500000000000002 8.0000000000000018 43.500000000000007 13.500000000000002 10.500000000000002 8.0000000000000018 4.5000000000000009 16.500000000000004 6.5000000000000009 6.5000000000000009 24.500000000000004 24.500000000000004 8.0000000000000018 8.0000000000000018 5.5000000000000009
decision_type=2 2 2 2 2 2 2 2 2 2 2 8 2 8 2 2 2 2 2 2 2 2 2 2 2 2 2 2 2 2
left_child=1 6 11 17 -5 10 -1 -6 14 22 21 29 -7 25 -9 -8 -12 -4 -13 28 -15 -3 -10 -16 -17 -14 -23 -28 -20 -2
right_child=2 5 3 4 7 12 15 8 9 -11 16 18 13 20 23 24 -18 -19 19 -21 -22 26 -24 -25 -26 -27 27 -29 -30 -31
leaf_value=-0.055523488704378572 -0.057322663997513568 -0.042358560901432064 0.015610255880526183 0.0013686594269040194 0.0056154873433573596 -0.012505250889760853 -0.03135435950919295 0.068311080401185983 0.072701274923007 0.28714424683282219 -0.01777410996317829 0.0053472295551064124 0.010816077115601494 0.14857627303851439 0.1957888505469943 -0.026850676876457785 0.10011386462419571 0.10184688572412122 -0.040212831918005169 0.13201445096649533 0.038339710371855809 -0.015606743897323867 0.18855324277752164 0.099464250920029362 0.052465244632812144 0.09603086628240376 -0.019421554244050489 0.098361123418685539 0.066318415126737279 -0.0003200864124691016
leaf_weight=4813 513 1638 1949 265 213 754 1961 790 172 163 163 1393 1054 224 192 307 218 191 191 252 203 2477 170 339 426 178 214 211 177 854
leaf_count=4813 513 1638 1949 265 213 754 1961 790 172 163 163 1393 1054 224 192 307 218 191 191 252 203 2477 170 339 426 178 214 211 177 854
internal_value=-0.0019235 -0.0220336 0.0362194 0.0603705 0.0947753 -0.00168255 -0.0419125 0.106903 0.118706 0.18101 -0.0147407 0.00445876 0.0249382 0.04197 0.0948695 -0.0175868 0.0496171 0.0233181 0.0222541 0.0602022 0.0962238 -0.0201469 0.130357 0.134338 0.0192135 0.0231471 -0.00760163 0.0389987 0.0109624 -0.0217289
internal_weight=22665 14841 7824 4444 2304 7334 7507 2039 1826 505 4921 3380 2413 1659 1321 2694 381 2140 2013 620 427 4540 342 531 733 1232 2902 425 368 1367
internal_count=22665 14841 7824 4444 2304 7334 7507 2039 1826 505 4921 3380 2413 1659 1321 2694 381 2140 2013 620 427 4540 342 531 733 1232 2902 425 368 1367
is_linear=0
shrinkage=0.0161


Tree=45
num_leaves=31
num_cat=0
split_feature=236 487 237 175 208 14 537 296 500 297 414 268 521 52 595 236 486 406 232 416 89 531 383 371 166 194 3 482 398 232
split_gain=65579.6 24783.7 21432.7 12434.5 11083.1 9772.49 9092.12 8843.49 8330.39 7758.13 7044.57 6944.13 7655.75 7881.06 5551.15 7349.36 5353.39 5255.1 5133.64 5055.95 4650.28 4450.02 4294.16 5572.53 4744.19 4172.28 5774.5 4062.95 4174.59 5371.33
threshold=8.0000000000000018 73.500000000000014 16.500000000000004 10.500000000000002 20.000000000000004 24.500000000000004 73.500000000000014 5.5000000000000009 257.50000000000006 4.5000000000000009 43.500000000000007 5.5000000000000009 190.50000000000003 16.500000000000004 125.85000228881837 29.500000000000004 59.500000000000007 29.500000000000004 8.0000000000000018 29.500000000000004 13.500000000000002 92.500000000000014 16.500000000000004 8.0000000000000018 6.5000000000000009 10.500000000000002 13.500000000000002 35.500000000000007 6.5000000000000009 24.500000000000004
decision_type=2 2 2 2 2 2 2 2 2 2 2 2 2 2 10 2 2 2 2 2 2 2 2 2 2 2 2 2 2 2
left_child=1 9 3 27 10 6 19 22 17 -1 14 -5 20 -14 15 -4 -17 25 -11 -6 -13 -20 -3 -24 -25 -9 -27 -2 -29 -30
right_child=2 7 4 11 5 -7 -8 8 -10 18 -12 12 13 -15 -16 16 -18 -19 21 -21 -22 -23 23 24 -26 26 -28 28 29 -31
leaf_value=-0.059120786201052544 -0.033355674679473382 -0.025102362455040588 0.033717499316537315 -0.0040842583076669036 0.08941476931642002 0.21851437659307965 0.035884277425005925 -0.011044039911587696 0.11308755296939167 -0.039433333270555398 0.13039650459094113 0.012090037745958852 0.060320503233543585 0.19891723474670783 0.005526246700219407 0.065419453273958844 0.18999019414442539 0.079794967265755357 -0.013479016928825532 0.21493891451950134 0.062810004630381597 0.06703293136562305 -0.027401809400261368 -0.0082281187838392916 0.10229954975152536 0.0015417455834892213 0.092779822296053485 -0.020409988399912746 0.011776162223326371 0.10872990107833386
leaf_weight=3444 979 2508 828 728 174 187 398 1301 251 2725 241 903 286 170 806 203 161 289 1231 161 977 208 372 167 252 472 291 920 1158 170
leaf_count=3444 979 2508 828 728 174 187 398 1301 251 2725 241 903 286 170 806 203 161 289 1231 161 977 208 372 167 252 472 291 920 1158 170
internal_value=0.000723672 -0.0220308 0.0332591 0.0160726 0.0674777 0.114541 0.0879841 0.00272052 0.0249044 -0.0412383 0.0481289 0.0393029 0.0528343 0.112042 0.0381939 0.0602632 0.120583 0.0154877 -0.0264423 0.149812 0.0384608 -0.00182508 -0.0147828 0.0179075 0.0581906 0.00647206 0.0363698 -0.00597706 0.00593581 0.0242051
internal_weight=22961 13511 9450 6291 3159 920 733 5903 2604 7608 2239 3064 2336 456 1998 1192 364 2353 4164 335 1880 1439 3299 791 419 2064 763 3227 2248 1328
internal_count=22961 13511 9450 6291 3159 920 733 5903 2604 7608 2239 3064 2336 456 1998 1192 364 2353 4164 335 1880 1439 3299 791 419 2064 763 3227 2248 1328
is_linear=0
shrinkage=0.0161


Tree=46
num_leaves=31
num_cat=0
split_feature=236 357 493 235 213 116 570 480 521 177 561 295 519 536 474 195 452 529 389 110 215 58 482 489 58 256 101 474 70 410
split_gain=67020.5 27831 25281.2 18610.5 13318.9 11229.7 11518.9 10343.7 12188.5 7504.11 6674.68 6447.09 7271.95 6254.96 5907.22 5763.45 5664.42 5483.72 5306.44 4817.14 4715.1 4525.89 4156.43 4148.6 4064.15 3937.38 3866.78 4147.73 4360.89 3712.08
threshold=8.0000000000000018 13.500000000000002 81.500000000000014 13.500000000000002 13.500000000000002 43.500000000000007 231.15000152587893 202.50000000000003 119.50000000000001 5.5000000000000009 193.75000000000003 8.0000000000000018 150.50000000000003 112.50000000000001 29.500000000000004 20.000000000000004 6.5000000000000009 143.50000000000003 4.5000000000000009 13.500000000000002 4.5000000000000009 6.5000000000000009 12.500000000000002 12.500000000000002 20.000000000000004 6.5000000000000009 10.500000000000002 16.500000000000004 13.500000000000002 35.500000000000007
decision_type=2 2 2 2 2 2 8 2 2 2 10 2 2 2 2 2 2 2 2 2 2 2 2 2 2 2 2 2 2 2
left_child=2 11 9 21 10 6 19 14 -9 -1 13 12 -2 16 20 -10 -5 -14 -13 -6 -4 -3 -11 -20 -18 -23 -25 -28 -29 -22
right_child=1 3 7 4 5 -7 -8 8 15 22 -12 18 17 -15 -16 -17 24 -19 23 -21 29 25 -24 26 -26 -27 27 28 -30 -31
leaf_value=-0.05357447886992707 -0.027356979350926666 -0.035102442173657641 -0.040262672641669897 0.027414032601515603 0.12261748146901266 0.26623557627048461 0.23479928539485165 0.1762873354714333 0.006809870437805874 -0.049892518184493168 0.16559056568774341 -0.019373643569601393 0.12013775475470966 0.0022564670561776769 0.062212200804874614 0.10304666148834787 0.074094977157198288 0.0064336490703611054 -0.022577305565518041 0.010837472096966673 -0.006350762111066879 0.011043891975992138 -0.0098179457559487149 0.022083427241605197 0.17577128676262213 0.060342895629241965 0.035577230972812464 0.060124373341551809 0.15883905549885538 0.064486129289456337
leaf_weight=4662 1669 233 1115 281 231 179 162 163 804 952 161 579 160 385 297 202 221 353 294 177 2602 707 2279 1251 191 1039 617 301 190 207
leaf_count=4662 1669 233 1115 281 231 179 162 163 804 952 161 579 160 385 297 202 221 353 294 177 2602 707 2279 1251 191 1039 617 301 190 207
internal_value=0.00111869 0.0340643 -0.0221471 0.0664616 0.10126 0.154883 0.119873 0.00472738 0.0471108 -0.0405022 0.0688245 0.0103215 -0.0110534 0.0543506 -0.00700506 0.0261572 0.0832579 0.0419428 0.0247595 0.0741824 -0.01225 0.0314934 -0.021633 0.0344002 0.121288 0.040394 0.0415112 0.0634252 0.0983715 -0.00112229
internal_weight=22664 9381 13283 3967 1988 749 570 5390 1169 7893 1239 5414 2182 1078 4221 1006 693 513 3232 408 3924 1979 3231 2653 412 1746 2359 1108 491 2809
internal_count=22664 9381 13283 3967 1988 749 570 5390 1169 7893 1239 5414 2182 1078 4221 1006 693 513 3232 408 3924 1979 3231 2653 412 1746 2359 1108 491 2809
is_linear=0
shrinkage=0.0161


Tree=47
num_leaves=31
num_cat=0
split_feature=177 115 496 298 511 476 11 502 176 175 56 415 547 531 175 193 594 75 153 88 151 64 182 558 117 360 116 272 355 31
split_gain=60989.8 25646.8 18109.3 13066.9 9686.92 9660.35 9584.32 8086.62 7233.29 6713.23 5850.09 5718.24 5599.42 5225.93 5161.86 4998.47 5901.16 4926.71 8364.02 4580.39 5044.31 4442.45 5259.25 5734.29 4114.95 3861.66 3526.09 3381.22 3122.26 3067.1
threshold=8.0000000000000018 16.500000000000004 36.500000000000007 16.500000000000004 200.50000000000003 43.500000000000007 52.000000000000007 278.50000000000006 10.500000000000002 4.5000000000000009 6.5000000000000009 10.500000000000002 238.25000000000003 246.50000000000003 29.500000000000004 20.000000000000004 155.05000305175784 13.500000000000002 20.000000000000004 29.500000000000004 8.0000000000000018 8.0000000000000018 5.5000000000000009 71.250000000000014 20.000000000000004 3.5000000000000004 6.5000000000000009 29.500000000000004 20.000000000000004 3.5000000000000004
decision_type=2 2 2 2 2 2 2 2 2 2 2 2 10 2 2 2 8 2 2 2 2 2 2 10 2 2 2 2 2 2
left_child=2 6 10 17 5 11 8 9 15 27 -1 -5 21 -9 -13 29 -17 26 28 20 -10 -11 -23 -24 -21 -22 -3 -4 -19 -2
right_child=1 3 7 4 -6 -7 -8 13 19 12 -12 14 -14 -15 -16 16 -18 18 -20 24 25 22 23 -25 -26 -27 -28 -29 -30 -31
leaf_value=-0.061331603931214278 -0.054283288265031544 -0.039946214325598577 -0.038683391200610477 0.027541083025086493 0.012716602853550783 0.23087562158684832 0.10636251341614331 0.12068377060034412 -0.0065879608908490398 -0.018164061957702354 -0.026437005734781638 0.085326370721176242 0.083909554093225883 0.00044167212536162342 0.18006050283971881 -0.011953069721475034 0.098957444572751047 0.014933352136937663 0.17357105559192959 0.027481105431543126 0.10989216073519718 -0.023572790630154664 0.096905393346262719 0.015037213526700236 0.13701901075778294 0.029415012501915781 0.0346120899983621 0.029276395232649112 0.084994892485143497 -0.0089151593875655549
leaf_weight=2871 459 191 2232 188 222 199 265 204 1050 2633 2205 322 196 174 280 270 230 353 173 182 183 727 266 1341 175 1007 1171 207 311 2452
leaf_count=2871 459 191 2232 188 222 199 265 204 1050 2633 2205 322 196 174 280 270 230 353 173 182 183 727 266 1341 175 1007 1171 207 311 2452
internal_value=0.000303709 0.0309222 -0.0224027 0.066462 0.108944 0.13052 0.0115989 -0.00727644 0.00741521 -0.0108931 -0.0461781 0.105211 -0.000489698 0.0653965 0.129428 -0.00799374 0.0390187 0.0430563 0.0738109 0.027663 0.0191133 -0.00382487 0.0123412 0.0286032 0.0812421 0.0418107 0.0241391 -0.0329059 0.0477838 -0.0160768
internal_weight=22739 9683 13056 3410 1211 989 6273 7980 6008 7602 5076 790 5163 378 602 3411 500 2199 837 2597 2240 4967 2334 1607 357 1190 1362 2439 664 2911
internal_count=22739 9683 13056 3410 1211 989 6273 7980 6008 7602 5076 790 5163 378 602 3411 500 2199 837 2597 2240 4967 2334 1607 357 1190 1362 2439 664 2911
is_linear=0
shrinkage=0.0161


Tree=48
num_leaves=31
num_cat=0
split_feature=236 486 270 475 302 167 12 177 574 328 415 294 116 547 546 550 472 495 532 484 378 177 288 437 368 353 446 385 537 101
split_gain=55150.9 25970.9 15633.6 10856.8 9777.48 8033.58 8566.13 7556.66 7705.11 7079.67 6984.7 6613.39 6237.64 6454.34 6564.74 5189.26 5141.17 5055.48 4789.12 5703.41 4202.63 4102.39 4023.26 3902.88 3852.41 3781.61 3618.49 6940.17 3481.4 3454.58
threshold=13.500000000000002 56.500000000000007 8.0000000000000018 16.500000000000004 4.5000000000000009 5.5000000000000009 52.000000000000007 29.500000000000004 103.25000000000001 13.500000000000002 6.5000000000000009 8.0000000000000018 20.000000000000004 240.75000000000003 114.45000076293947 205.94999694824222 35.500000000000007 268.50000000000006 99.500000000000014 21.500000000000004 13.500000000000002 6.5000000000000009 16.500000000000004 8.0000000000000018 5.5000000000000009 20.000000000000004 16.500000000000004 10.500000000000002 42.500000000000007 16.500000000000004
decision_type=2 2 2 2 2 2 2 2 8 2 2 2 2 8 10 10 2 2 2 2 2 2 2 2 2 2 2 2 2 2
left_child=1 10 11 23 20 16 9 15 -9 17 -1 -2 13 14 -11 18 -6 24 19 -5 -3 -12 28 -4 -7 -13 -26 -28 -21 -25
right_child=2 4 3 7 5 6 -8 8 -10 12 21 25 -14 -15 -16 -17 -18 -19 -20 22 -22 -23 -24 29 26 -27 27 -29 -30 -31
leaf_value=-0.050111573056479515 -0.020056404537505221 -0.038486044377195244 0.0035916441980261035 0.017063051573845672 -0.018478012925652407 -0.029525980963223342 0.12585654716449288 0.23124823980458512 0.095789972319637789 0.10417326170470291 -0.035494218418020057 0.013398724531234987 0.1411856977143674 0.1103833721792532 -0.0058415665755466896 0.14938917490023393 0.07539018815152175 0.085227324784640512 0.018888660416731522 0.1384329695000541 0.0077126013088441251 0.0018157724820280616 0.17581619765972475 0.077551612546172183 -0.00025028484687432157 0.070563419423611551 0.13289350178631293 -0.0010055991329262803 0.041914048425803554 0.0084518420211247315
leaf_weight=4777 1120 1741 756 247 2085 801 212 165 323 177 1733 877 175 246 682 182 163 192 511 166 721 1364 169 553 1234 457 172 240 235 285
leaf_count=4777 1120 1741 756 247 2085 801 212 165 323 177 1733 877 175 246 682 182 163 192 511 166 721 1364 169 553 1234 457 172 240 235 285
internal_value=-0.00156019 -0.0166338 0.0401089 0.0615088 0.00230302 0.012824 0.0261541 0.086516 0.141639 0.0207546 -0.0378991 0.00877546 0.0518282 0.0376552 0.0168 0.068686 -0.0116613 0.00567402 0.057608 0.0817966 -0.0249471 -0.0190543 0.109806 0.0301488 -0.000558382 0.0329998 0.0135239 0.0548369 0.0819282 0.0540792
internal_weight=22761 16715 6046 3592 8841 6379 4131 1998 488 3919 7874 2454 1280 1105 859 1510 2248 2639 1328 817 2462 3097 570 1594 2447 1334 1646 412 401 838
internal_count=22761 16715 6046 3592 8841 6379 4131 1998 488 3919 7874 2454 1280 1105 859 1510 2248 2639 1328 817 2462 3097 570 1594 2447 1334 1646 412 401 838
is_linear=0
shrinkage=0.0161


Tree=49
num_leaves=31
num_cat=0
split_feature=177 414 510 178 149 544 190 540 175 235 152 564 117 117 401 270 293 476 285 522 410 355 206 181 373 443 568 140 235 596
split_gain=63721.1 23314.7 22043.3 10048.6 10029 9025.16 8166.18 7880.74 7441.75 6771.24 6571.3 6102.8 5983.16 5567.9 6796.19 5355.26 4859.48 4435.03 4087.15 3947.2 4361.27 4044.28 3886.14 3858.52 3667.98 3663.61 4850.83 5129.73 3509.53 3883.96
threshold=10.500000000000002 24.500000000000004 37.500000000000007 8.0000000000000018 10.500000000000002 210.94999694824222 20.000000000000004 188.65000152587893 52.000000000000007 16.500000000000004 5.5000000000000009 81.750000000000014 8.0000000000000018 20.000000000000004 29.500000000000004 4.5000000000000009 24.500000000000004 8.0000000000000018 5.5000000000000009 139.50000000000003 20.000000000000004 20.000000000000004 29.500000000000004 20.000000000000004 20.000000000000004 6.5000000000000009 173.15000152587893 13.500000000000002 4.5000000000000009 109.54999923706056
decision_type=2 2 2 2 2 10 2 10 2 2 2 8 2 2 2 2 2 2 2 2 2 2 2 2 2 2 8 2 2 8
left_child=2 4 12 -3 10 9 17 8 19 18 -2 -12 -1 24 28 -11 -17 -7 -4 20 21 -5 -20 25 -6 -13 27 -27 -15 -30
right_child=1 3 5 7 13 6 -8 -9 -10 15 11 23 -14 14 -16 16 -18 -19 22 -21 -22 -23 -24 -25 -26 26 -28 -29 29 -31
leaf_value=-0.053088075507802458 -0.024980420620536743 0.028346711018673976 -0.032099727428656244 0.022263732749481274 0.0072987629349452101 -0.016336271890452576 0.13442647941181327 0.21074935673972792 0.19764849780755997 -0.034714873945143623 -0.033196240107974742 -0.0062144229671688509 -0.014117929728921624 0.0007967707040250708 0.16086894031759444 0.022228723288538661 0.1055867586015718 0.069632271701600898 -0.010626900923854212 0.019831178181359974 0.16967668823734161 0.11875733083784681 0.04795989324220603 0.087455917696322508 0.069560097936191334 0.039802203407969826 0.0021186058399533651 0.14775218797092973 0.11093823084357361 0.044161418704942536
leaf_weight=4469 1259 486 2532 215 1034 391 205 189 161 328 435 627 1326 253 178 891 228 258 3939 223 166 238 317 293 322 327 394 176 353 632
leaf_count=4469 1259 486 2532 215 1034 391 205 189 161 328 435 627 1326 253 178 891 228 258 3939 223 166 238 317 293 322 327 394 176 353 632
internal_value=2.71747e-05 0.0367943 -0.0196369 0.0901135 0.0225507 -0.00398915 0.0458256 0.115277 0.0972634 -0.00915798 0.00446934 0.0209439 -0.0441751 0.0454439 0.0677811 0.0224555 0.0392342 0.0178029 -0.0159005 0.0780407 0.0989731 0.0730121 -0.00625765 0.0339184 0.0221009 0.0236099 0.0444833 0.0776208 0.0543779 0.0681165
internal_weight=22845 7961 14884 1678 6283 9089 854 1192 1003 8235 3511 2252 5795 2772 1416 1447 1119 649 6788 842 619 453 4256 1817 1356 1524 897 503 1238 985
internal_count=22845 7961 14884 1678 6283 9089 854 1192 1003 8235 3511 2252 5795 2772 1416 1447 1119 649 6788 842 619 453 4256 1817 1356 1524 897 503 1238 985
is_linear=0
shrinkage=0.0161


Tree=50
num_leaves=31
num_cat=0
split_feature=177 415 501 178 559 416 266 481 496 551 279 64 372 544 597 559 209 210 272 175 326 539 447 80 84 195 352 126 297 171
split_gain=60042.2 27966.9 14994.1 13258.3 10221.7 9807.11 7657.2 7426.15 7305.15 6928.28 6380.34 7643.41 7482.93 9235.48 6145.84 6584.98 6359.1 5194.13 5469.37 4503.16 4465.3 4139.51 3965.49 3935.01 3923.77 3515.28 4024.36 3510.25 3169.6 3446.49
threshold=6.5000000000000009 10.500000000000002 66.500000000000014 13.500000000000002 231.15000152587893 13.500000000000002 24.500000000000004 34.500000000000007 117.50000000000001 215.15000152587893 8.0000000000000018 13.500000000000002 6.5000000000000009 189.94999694824222 104.95000076293947 186.44999694824222 20.000000000000004 6.5000000000000009 20.000000000000004 3.5000000000000004 24.500000000000004 145.50000000000003 13.500000000000002 10.500000000000002 5.5000000000000009 8.0000000000000018 10.500000000000002 13.500000000000002 6.5000000000000009 8.0000000000000018
decision_type=2 2 2 2 10 2 2 2 2 10 2 2 2 8 8 10 2 2 2 2 2 2 2 2 2 2 2 2 2 2
left_child=2 7 19 4 9 25 14 -2 -8 28 -4 20 -13 -14 16 21 -7 18 -9 -1 -12 23 -19 -16 -24 -5 -27 -26 -3 -30
right_child=1 3 10 5 -6 6 8 17 -10 -11 11 12 13 -15 15 -17 -18 22 -20 -21 -22 -23 24 -25 27 26 -28 -29 29 -31
leaf_value=-0.064226340267461268 -0.025709516981533138 -0.011562100961945071 -0.023201285667229465 -0.0012070188347671157 0.14815656716611914 0.078423393444371534 0.22350953169760357 -0.020699155658124226 0.083119283693741011 0.11663608166271684 -0.016850796984776321 -0.016791819041333568 0.036000824897871243 0.17701447005116783 0.021705689098280488 0.13932026795231461 0.2021587533143118 0.01363339555172585 0.057122247675176922 -0.034243528746581195 0.062164868500843434 -0.015120368120820215 0.11631388469348752 0.12268060463160249 0.0074047139634129573 0.11652300805177272 0.014995224432918182 0.08871408634246418 0.0063707872206717206 0.047161060981745322
leaf_weight=1896 1839 767 2677 404 178 256 223 1452 170 191 1427 250 311 197 230 196 187 1605 279 4143 213 273 215 178 391 203 203 213 1088 1063
leaf_count=1896 1839 767 2677 404 178 256 223 1452 170 191 1427 250 311 197 230 196 187 1605 279 4143 213 273 215 178 391 203 203 213 1088 1063
internal_value=0.000337986 0.0256254 -0.0265172 0.0507967 0.0294773 0.0785625 0.100396 0.00122283 0.162841 0.022675 -0.00611254 0.0129546 0.0552377 0.0907316 0.0817872 0.0570489 0.130708 0.0131487 -0.00814242 -0.0436608 -0.00657404 0.0333357 0.0283626 0.0658162 0.0571989 0.0323587 0.0658171 0.0361174 0.0165166 0.0265398
internal_weight=22918 11804 11114 5810 3287 2523 1713 5994 393 3109 5075 2398 758 508 1320 877 443 4155 1731 6039 1640 681 2424 408 819 810 406 604 2918 2151
internal_count=22918 11804 11114 5810 3287 2523 1713 5994 393 3109 5075 2398 758 508 1320 877 443 4155 1731 6039 1640 681 2424 408 819 810 406 604 2918 2151
is_linear=0
shrinkage=0.0161


Tree=51
num_leaves=31
num_cat=0
split_feature=177 414 498 356 477 213 211 176 475 370 270 584 332 467 160 583 480 55 462 552 267 144 540 534 530 242 452 499 67 369
split_gain=61830.3 22331.5 16140.3 13093.9 9447.1 9312.85 9206.06 8698.4 7221.48 6839.13 6323.23 9183.45 6001.03 7251.66 5957.01 5388.17 4766.66 4733.42 4582.09 5046.61 4544.13 4347.54 4081.52 3892.01 5296.37 3712.35 3562.72 3370.08 3241.12 3529.14
threshold=8.0000000000000018 24.500000000000004 35.500000000000007 10.500000000000002 24.500000000000004 8.0000000000000018 13.500000000000002 35.500000000000007 13.500000000000002 16.500000000000004 4.5000000000000009 255.05000305175784 16.500000000000004 16.500000000000004 10.500000000000002 137.05000305175784 235.50000000000003 6.5000000000000009 4.5000000000000009 231.15000152587893 6.5000000000000009 6.5000000000000009 193.75000000000003 178.50000000000003 205.50000000000003 13.500000000000002 29.500000000000004 286.50000000000006 13.500000000000002 10.500000000000002
decision_type=2 2 2 2 2 2 2 2 2 2 2 8 2 2 2 8 2 2 2 8 2 2 10 2 2 2 2 2 2 2
left_child=2 3 17 12 18 -6 21 28 9 27 -11 22 23 -14 -7 -9 -10 -1 -3 20 -20 -5 -12 -2 -25 -22 -23 -4 29 -8
right_child=1 4 8 6 5 14 7 15 16 10 11 -13 13 -15 -16 -17 -18 -19 19 -21 25 26 -24 24 -26 -27 -28 -29 -30 -31
leaf_value=-0.060554698038423858 -0.024619925015384292 -0.0044067391529892782 -0.030307268098039259 -0.0033283025887685864 0.056878950145551221 0.11884134067235043 0.04281847392134086 0.20937182455149167 0.0086318938016760605 -0.039796575580689754 -0.011478179752037151 0.12629802289892414 0.003472595833650483 0.1076599596781813 0.25528081028406802 0.077534813168797234 0.087537728955481356 -0.029110661704306862 -0.0069645641760734426 0.13446968831742304 0.11524392716784208 0.028963000132898847 0.07812508868903556 0.088158187506940003 -0.022293360594474735 0.035465284961679201 0.10868687260621716 0.044651266423938268 0.018254393808232031 0.11613417709249313
leaf_weight=2693 2280 260 4339 1209 236 162 443 160 1750 410 585 223 617 241 172 163 224 2309 242 249 304 1296 170 203 252 303 164 161 518 278
leaf_count=2693 2280 260 4339 1209 236 162 443 160 1750 410 585 223 617 241 172 163 224 2309 242 249 304 1296 170 203 252 303 164 161 518 278
internal_value=-0.000254694 0.0303188 -0.0234338 0.0182207 0.0794017 0.134441 0.0374147 0.0684645 -0.00904542 -0.0179817 0.0132499 0.0355123 -0.00437504 0.0327648 0.189174 0.142914 0.0175977 -0.0460444 0.0562827 0.070675 0.0519372 0.0192345 0.00866622 -0.0160348 0.0269333 0.0754591 0.0379344 -0.0276202 0.0490369 0.0711199
internal_weight=22616 9752 12864 7824 1928 570 4231 1562 7862 5888 1388 978 3593 858 334 323 1974 5002 1358 1098 849 2669 755 2735 455 607 1460 4500 1239 721
internal_count=22616 9752 12864 7824 1928 570 4231 1562 7862 5888 1388 978 3593 858 334 323 1974 5002 1358 1098 849 2669 755 2735 455 607 1460 4500 1239 721
is_linear=0
shrinkage=0.0161


Tree=52
num_leaves=31
num_cat=0
split_feature=296 296 414 480 554 31 515 505 297 57 221 329 479 200 351 241 328 178 573 477 576 260 178 87 249 13 497 400 130 115
split_gain=58140 24017.7 16682.4 12693.7 11213.9 9440.25 8882.7 8574.9 9689.38 8088.83 7837.1 8618.9 7580.46 6750.35 6303.32 5659.58 5164.79 5055.31 4867.37 4645.24 5571.56 4301.79 4259.64 4236.37 3951.3 3830.8 4820.28 4114.91 3298.75 3295.13
threshold=16.500000000000004 4.5000000000000009 20.000000000000004 218.50000000000003 209.25000000000003 6.5000000000000009 57.500000000000007 156.50000000000003 8.0000000000000018 6.5000000000000009 16.500000000000004 16.500000000000004 24.500000000000004 20.000000000000004 24.500000000000004 8.0000000000000018 24.500000000000004 13.500000000000002 72.549999237060561 20.000000000000004 195.05000305175784 13.500000000000002 24.500000000000004 10.500000000000002 35.500000000000007 6.5000000000000009 44.500000000000007 20.000000000000004 10.500000000000002 29.500000000000004
decision_type=2 2 2 2 10 2 2 2 2 2 2 2 2 2 2 2 2 2 10 2 10 2 2 2 2 2 2 2 2 2
left_child=1 6 10 5 7 25 -1 8 -4 -7 15 -12 18 14 17 -2 24 28 -10 20 29 -21 -17 -23 -8 -3 -27 -28 -5 -11
right_child=2 3 4 13 -6 9 16 -9 12 19 11 -13 -14 -15 -16 22 -18 -19 -20 21 -22 23 -24 -25 -26 26 27 -29 -30 -31
leaf_value=-0.053484527453003028 -0.0067727885175518617 -0.039282647843736695 0.0051692911279573586 -0.047333021887589026 0.22040127959405512 -0.017200044910676376 -0.028645759489382479 0.0094533061329421901 0.17631746192973163 -0.00034014208953517304 0.032922272736811857 0.13890294657075217 0.21808619993823883 0.13384761882501731 0.1233825218763621 0.024453000864010303 0.046917150031689399 0.076759389423230379 0.073208178379644398 0.028059872839713441 0.090400242548938081 0.1560603727580647 0.094928209163872845 0.042148124192024003 0.047623972943895566 -0.03450559760090096 -0.0021643170306249542 0.069763670755210186 0.035823696333051179 0.055863320283951676
leaf_weight=3731 1363 1919 211 311 162 1971 2534 347 162 2317 539 316 186 216 166 982 301 228 450 599 221 172 288 168 189 1011 993 260 205 306
leaf_count=3731 1363 1919 211 311 162 1971 2534 347 162 2317 539 316 186 216 166 982 301 228 450 599 221 172 288 168 189 1011 993 260 205 306
internal_value=0.000680204 -0.012939 0.04916 0.00166526 0.0937186 -0.00413784 -0.0368605 0.0785666 0.102312 0.00923904 0.029761 0.0721193 0.127968 0.0528988 0.0336588 0.0159973 -0.016342 0.0136081 0.10054 0.0230204 0.0127583 0.0540769 0.0404533 0.0998435 -0.0233433 -0.0225443 -0.00834619 0.0127421 -0.0142503 0.0062076
internal_weight=22824 17818 5006 11063 1518 9937 6755 1356 1009 5754 3488 855 798 1126 910 2633 3024 744 612 3783 2844 939 1270 340 2723 4183 2264 1253 516 2623
internal_count=22824 17818 5006 11063 1518 9937 6755 1356 1009 5754 3488 855 798 1126 910 2633 3024 744 612 3783 2844 939 1270 340 2723 4183 2264 1253 516 2623
is_linear=0
shrinkage=0.0161


Tree=53
num_leaves=31
num_cat=0
split_feature=416 501 297 91 116 178 511 476 357 176 569 310 538 476 410 384 235 196 239 432 476 579 96 559 382 432 67 155 221 31
split_gain=54243.9 19921.6 19416.8 13594.5 11845.2 8437.07 7041.05 8844.32 9916.86 6968.84 6160.08 5819.79 6157.93 5525.29 5708.29 5317.63 5299.26 5042.9 4683.04 5938.93 5384.56 4651.78 5269.67 4560.18 4527.7 4028 3744.96 4821.65 3399.23 3359.54
threshold=10.500000000000002 61.500000000000007 8.0000000000000018 5.5000000000000009 24.500000000000004 10.500000000000002 210.50000000000003 35.500000000000007 35.500000000000007 5.5000000000000009 231.15000152587893 24.500000000000004 135.50000000000003 5.5000000000000009 20.000000000000004 13.500000000000002 6.5000000000000009 5.5000000000000009 6.5000000000000009 20.000000000000004 43.500000000000007 210.94999694824222 8.0000000000000018 159.44999694824222 35.500000000000007 24.500000000000004 8.0000000000000018 5.5000000000000009 20.000000000000004 5.5000000000000009
decision_type=2 2 2 2 2 2 2 2 2 2 10 2 2 2 2 2 2 2 2 2 2 8 2 8 2 2 2 2 2 2
left_child=1 9 16 28 10 13 7 26 -9 -1 18 17 -13 24 25 -16 -2 -7 -5 20 -20 29 -23 -21 -3 -15 27 -6 -4 -19
right_child=2 5 3 4 6 11 -8 8 -10 -11 -12 12 -14 14 15 -17 -18 21 19 23 -22 22 -24 -25 -26 -27 -28 -29 -30 -31
leaf_value=-0.051846539809976264 -0.026146367576664636 -0.034939487047308482 -0.012276328245232811 0.0073724463764255118 0.058019043709952908 -0.021310021330748354 0.014266451351216517 0.10734446590322073 0.25978872024252819 -0.019419022282883294 0.13858482826408147 0.016381838297071322 0.15285012129972597 -0.017045595731796506 0.011727456287128877 0.12515053227370532 0.017122126223094745 -0.040385450089882785 0.02115040639637196 0.060863226894653615 0.10775130894777511 0.015846515160197108 0.13994232040696319 0.1671246511078919 0.047575248611671651 0.049897274881115554 0.052836377097677134 0.17329079710425307 0.061765619017103958 0.032822670066010091
leaf_weight=4214 1285 2316 961 921 176 656 225 275 186 2905 164 167 177 1522 266 180 1710 221 1133 261 223 165 193 176 186 275 502 204 193 612
leaf_count=4214 1285 2316 961 921 176 656 225 275 186 2905 164 167 177 1522 266 180 1710 221 1133 261 223 165 193 176 186 275 502 204 193 612
internal_value=-0.000212635 -0.0196975 0.0316473 0.0493443 0.0621244 -0.000275085 0.0977389 0.111706 0.168902 -0.0386174 0.0427126 0.0258529 0.086668 -0.0123446 0.00599576 0.0575564 -0.00143429 0.0145135 0.0369106 0.0520702 0.0354097 0.0342648 0.0828131 0.103713 -0.0287959 -0.00678804 0.0817841 0.119964 8.63747e-05 0.0133719
internal_weight=22650 14055 8595 5600 4446 6936 1568 1343 461 7119 2878 2191 344 4745 2243 446 2995 1847 2714 1793 1356 1191 358 437 2502 1797 882 380 1154 833
internal_count=22650 14055 8595 5600 4446 6936 1568 1343 461 7119 2878 2191 344 4745 2243 446 2995 1847 2714 1793 1356 1191 358 437 2502 1797 882 380 1154 833
is_linear=0
shrinkage=0.0161


Tree=54
num_leaves=31
num_cat=0
split_feature=416 493 297 179 354 477 295 222 243 377 506 530 546 384 459 85 544 279 82 451 295 23 257 397 418 89 483 433 353 417
split_gain=53524.1 19931.6 18924.3 15038.6 12083.5 12348.2 8698.75 7065.99 7046.01 6179.85 6600.63 8858.11 5973.44 7677.3 5679.09 4928.53 4636.55 4076.37 4380.75 3983.37 3933.17 3860.48 4935.25 3831.29 3827.14 3800.19 4848.26 4980.84 3711.75 3634.08
threshold=10.500000000000002 96.500000000000014 6.5000000000000009 10.500000000000002 35.500000000000007 24.500000000000004 8.0000000000000018 3.5000000000000004 10.500000000000002 8.0000000000000018 103.50000000000001 90.500000000000014 240.75000000000003 10.500000000000002 13.500000000000002 20.000000000000004 209.25000000000003 13.500000000000002 8.0000000000000018 5.5000000000000009 13.500000000000002 8.0000000000000018 16.500000000000004 13.500000000000002 5.5000000000000009 8.0000000000000018 80.500000000000014 8.0000000000000018 20.000000000000004 29.500000000000004
decision_type=2 2 2 2 2 2 2 2 2 2 2 2 8 2 2 2 10 2 2 2 2 2 2 2 2 2 2 2 2 2
left_child=1 6 25 7 9 -6 24 -4 14 19 11 29 17 -14 -3 -16 23 -10 -19 -5 -21 -12 -23 -9 -1 -2 -27 -28 -8 -11
right_child=2 8 3 4 5 -7 28 16 12 10 21 -13 13 -15 15 -17 -18 18 -20 20 -22 22 -24 -25 -26 26 27 -29 -30 -31
leaf_value=-0.05666004697154043 -0.031178962178657316 -0.023995264403983276 -0.028877100306180688 -0.029809130189828812 0.067814396095558727 0.22989461444073434 -0.019080250574346484 0.01094104247452304 -0.0056956870885895407 0.05479259865703863 0.0024933637866641351 0.21849050418287438 0.028388244546901843 0.16426884357637303 0.0032050615242736435 0.088496850948971417 0.098363817291066608 0.10769174301591661 0.012066352009989546 0.015275316920527542 0.082687897387155082 0.14036597856811861 0.026226871653812916 0.053077897727451896 -0.03183764599404889 -0.021767076968980243 -0.0064793897038205091 0.090295208816933245 0.028966186026108138 0.14672981533179938
leaf_weight=3248 1079 2182 594 235 259 231 2063 1602 964 367 311 164 282 175 803 225 251 207 312 520 396 181 216 861 3206 571 258 295 522 161
leaf_count=3248 1079 2182 594 235 259 231 2063 1602 964 367 311 164 282 175 803 225 251 207 312 520 396 181 216 861 3206 571 258 295 522 161
internal_value=-0.000756113 -0.0199329 0.0310582 0.0451666 0.0710134 0.144272 -0.0343367 0.0213989 0.00534314 0.0569326 0.0796637 0.115046 0.02957 0.0804728 -0.00929132 0.0218959 0.0324112 0.013868 0.0502513 0.0292636 0.0444444 0.0450477 0.0783244 0.0256805 -0.0443333 -0.00959112 0.0111115 0.0451028 -0.00936893 0.0828711
internal_weight=22741 14189 8552 6349 3041 490 9039 3308 5150 2551 1400 692 1940 457 3210 1028 2714 1483 519 1151 916 708 397 2463 6454 2203 1124 553 2585 528
internal_count=22741 14189 8552 6349 3041 490 9039 3308 5150 2551 1400 692 1940 457 3210 1028 2714 1483 519 1151 916 708 397 2463 6454 2203 1124 553 2585 528
is_linear=0
shrinkage=0.0161


Tree=55
num_leaves=31
num_cat=0
split_feature=416 237 535 412 116 211 325 448 324 596 148 526 33 459 179 51 175 430 51 178 451 150 178 447 45 150 533 221 391 575
split_gain=49135.2 19974.6 18601.7 10517.7 9275.24 9139.78 7814.32 8109.44 10325.7 25060.9 7716.72 8343.3 7339.94 7054.08 6172.99 6168.53 6105.85 6516.77 5837.76 5307.88 4842.94 4680.72 4457.83 4438.82 4316.52 4165.11 3827.72 3543.8 5192.64 3448.32
threshold=10.500000000000002 16.500000000000004 112.50000000000001 35.500000000000007 10.500000000000002 4.5000000000000009 8.0000000000000018 6.5000000000000009 16.500000000000004 215.15000152587893 35.500000000000007 83.500000000000014 10.500000000000002 20.000000000000004 13.500000000000002 6.5000000000000009 8.0000000000000018 29.500000000000004 13.500000000000002 6.5000000000000009 10.500000000000002 4.5000000000000009 35.500000000000007 13.500000000000002 10.500000000000002 16.500000000000004 127.50000000000001 6.5000000000000009 13.500000000000002 73.350002288818374
decision_type=2 2 2 2 2 2 2 2 2 8 2 2 2 2 2 2 2 2 2 2 2 2 2 2 2 2 2 2 2 10
left_child=2 16 4 5 21 -3 13 26 23 20 12 -12 -7 -4 -5 -15 -2 -18 -19 -6 -10 -1 27 -9 -25 -21 -8 -14 -29 -23
right_child=1 3 6 14 19 10 7 8 9 -11 11 -13 22 15 -16 -17 17 18 -20 25 -22 29 -24 24 -26 -27 -28 28 -30 -31
leaf_value=-0.053159460729072773 -0.0068850043888871162 -0.019049868488262706 -0.026111799854175156 0.066387272570606601 -0.023922899689317059 0.0194273211431223 0.060719200996958517 -0.011663470281102277 0.092672322940552387 0.27845610374197355 0.21692707791003915 0.05550608705856671 0.02652283502674015 0.11684928197770741 0.19437708285565453 -0.003592992504996988 0.018123970316204989 0.033067338423424367 0.15796475298458476 0.006959076823906684 -0.027566906565447424 -0.04521245019435683 0.14749429747984288 0.0065017332917607067 0.11910879964323227 0.082770500713753678 -0.024132656133039315 0.15427772017949951 0.052215200545976295 -0.015166271888924703
leaf_weight=3321 2429 405 1776 171 1284 966 172 469 184 162 165 168 376 184 230 274 2499 219 175 788 164 1675 207 174 180 247 692 208 344 2430
leaf_count=3321 2429 405 1776 171 1284 966 172 469 184 162 165 168 376 184 230 274 2499 219 175 788 164 1675 207 174 180 247 692 208 344 2430
internal_value=0.000665684 0.03112 -0.0177264 0.0626386 -0.0301632 0.0517235 0.00962006 0.0311829 0.0560877 0.113021 0.0635093 0.13556 0.0520784 -0.0115751 0.139857 0.0447429 0.0119273 0.0277305 0.0886018 -0.00204479 0.0359402 -0.0389408 0.079847 0.0207785 0.0638261 0.025074 -0.00721361 0.0647322 0.0907162 -0.027432
internal_weight=22738 8562 14176 3240 9745 2839 4431 2197 1333 510 2434 333 2101 2234 401 458 5322 2893 394 2319 348 7426 1135 823 354 1035 864 928 552 4105
internal_count=22738 8562 14176 3240 9745 2839 4431 2197 1333 510 2434 333 2101 2234 401 458 5322 2893 394 2319 348 7426 1135 823 354 1035 864 928 552 4105
is_linear=0
shrinkage=0.0161


Tree=56
num_leaves=31
num_cat=0
split_feature=176 177 501 414 556 541 178 517 358 512 517 324 239 391 505 541 218 177 357 80 150 149 356 31 336 356 534 481 321 297
split_gain=49246.9 23095.4 19292.3 13108.5 10493.5 8490.17 7068.02 7185.13 6421.49 6387.17 6903.66 12984.7 6175.06 6139.78 7161.45 6975.32 6081.91 5437.51 5182.85 6968.76 4979.93 4931.84 4678.22 4574.6 4023.8 3776.94 4630.21 4169.37 3618.41 4358.41
threshold=8.0000000000000018 10.500000000000002 70.500000000000014 24.500000000000004 203.05000305175784 233.25000000000003 10.500000000000002 146.50000000000003 24.500000000000004 200.50000000000003 205.50000000000003 10.500000000000002 29.500000000000004 16.500000000000004 191.50000000000003 149.65000152587893 8.0000000000000018 4.5000000000000009 16.500000000000004 20.000000000000004 10.500000000000002 35.500000000000007 4.5000000000000009 4.5000000000000009 8.0000000000000018 10.500000000000002 120.50000000000001 46.500000000000007 16.500000000000004 8.0000000000000018
decision_type=2 2 2 2 10 10 2 2 2 2 2 2 2 2 2 10 2 2 2 2 2 2 2 2 2 2 2 2 2 2
left_child=2 5 22 13 6 17 -5 8 24 12 11 -11 18 23 15 21 -14 -2 -4 -20 -19 -15 -1 -3 -8 -25 27 -27 -22 -30
right_child=1 3 9 4 -6 -7 7 -9 -10 10 -12 -13 16 14 -16 -17 -18 20 19 -21 28 -23 -24 25 -26 26 -28 -29 29 -31
leaf_value=-0.051258481488377375 -0.02900574172900075 -0.023005108600091615 -0.021517452588280875 0.027630919197948179 0.21679194256880552 0.11180850239744632 0.041625356337784518 0.023302296363070945 0.21303829881972094 0.013447612170068393 0.0012964281014042937 0.17761897450065703 -0.0071263076090198 0.045386431737538889 -0.013641139347540276 0.179915642567609 0.12412094753093476 -0.0064728819599913865 -0.0017549354890301857 0.1118421269347709 0.017367752774217992 0.14553842794004979 -0.024909129984504539 -0.003479130596818673 0.15347800388024307 0.033750900490043589 0.010583115743587061 0.10419087549923817 0.020819928094850663 0.13497832616109345
leaf_weight=3575 1366 478 3459 442 162 176 170 186 196 318 725 206 190 634 234 168 176 1948 616 181 860 160 3425 550 165 432 577 442 171 177
leaf_count=3575 1366 478 3459 442 162 176 170 186 196 318 725 206 190 634 234 168 176 1948 616 181 860 160 3425 550 165 432 577 442 171 177
internal_value=0.000322858 0.0277303 -0.0203177 0.0518286 0.0953374 0.00209844 0.0783407 0.109568 0.139742 0.00120152 0.0335091 0.0780332 -0.00752384 0.0361827 0.0661526 0.0855863 0.0559228 -0.00216637 -0.0129855 0.0240136 0.00944297 0.0655978 -0.0383695 0.0217141 0.0967872 0.0324084 0.0460278 0.0694008 0.0351281 0.0789509
internal_weight=22565 9694 12871 4996 1321 4698 1159 717 531 5871 1249 524 4622 3675 1196 962 366 4522 4256 797 3156 794 7000 2479 335 2001 1451 874 1208 348
internal_count=22565 9694 12871 4996 1321 4698 1159 717 531 5871 1249 524 4622 3675 1196 962 366 4522 4256 797 3156 794 7000 2479 335 2001 1451 874 1208 348
is_linear=0
shrinkage=0.0161


Tree=57
num_leaves=31
num_cat=0
split_feature=296 178 235 482 90 498 238 296 357 326 474 316 533 270 530 388 414 541 61 52 387 230 266 90 401 314 515 112 422 117
split_gain=48567.2 23693.3 15166.6 13334.9 13202.4 9587.26 6891.08 5873.84 6311.66 6336.31 5854.74 5809.94 5787.88 7231.51 5917.46 5712.71 7055.2 5121.58 6221.08 8466.99 4946.1 4741 6381.45 4700.82 4131.55 3907.6 3766.49 5813.59 3762.69 3630.99
threshold=6.5000000000000009 8.0000000000000018 13.500000000000002 25.500000000000004 29.500000000000004 259.50000000000006 20.000000000000004 16.500000000000004 10.500000000000002 4.5000000000000009 16.500000000000004 16.500000000000004 176.50000000000003 10.500000000000002 288.50000000000006 13.500000000000002 35.500000000000007 184.15000152587893 16.500000000000004 8.0000000000000018 24.500000000000004 13.500000000000002 10.500000000000002 20.000000000000004 29.500000000000004 20.000000000000004 146.50000000000003 16.500000000000004 10.500000000000002 20.000000000000004
decision_type=2 2 2 2 2 2 2 2 2 2 2 2 2 2 2 2 2 8 2 2 2 2 2 2 2 2 2 2 2 2
left_child=3 5 11 -1 7 10 -6 -4 -9 -10 24 21 13 26 20 -11 -17 18 19 -13 25 -3 -23 -12 -2 -14 -5 -28 -26 -15
right_child=1 2 4 12 6 -7 -8 8 9 15 23 17 14 29 -16 16 -18 -19 -20 -21 -22 22 -24 -25 28 -27 27 -29 -30 -31
leaf_value=-0.048823882268864117 -0.020902225007714433 -0.0043891565428509907 0.026099128538110427 -0.036453903356570061 0.091344619211336492 0.095517160145153851 0.20475209615286388 0.013609098900501935 0.011318139120664152 0.06460624207292609 0.0072507904040973025 0.20345543255600587 0.0026437194067757026 0.0014299268945545203 -0.065641354733316171 0.1088439637691558 0.2405284584502507 0.0067624489647924117 0.0063508379683771491 0.056725936346350002 0.11291280589792468 0.00317284863885668 0.097576602249419636 0.076877556090761121 -0.0083134500949423942 0.081128893553925677 -0.023246573421092459 0.079622155252868518 0.094408755349960752 0.073098255978246429
leaf_weight=3609 3503 1788 996 3392 309 258 254 298 177 313 1204 178 803 1444 185 313 160 340 182 240 169 434 325 318 218 207 543 193 160 210
leaf_count=3609 3503 1788 996 3392 309 258 254 298 177 313 1204 178 803 1444 185 313 160 340 182 240 169 434 325 318 218 207 543 193 160 210
internal_value=0.00123284 0.0235469 0.0450086 -0.0235957 0.0727749 -0.00035972 0.142551 0.0553592 0.0784516 0.0984926 -0.00494232 0.0225466 -0.0108512 -0.0178909 0.0189727 0.118094 0.153438 0.0567606 0.0850537 0.119265 0.0322697 0.00991033 0.0436271 0.0218138 -0.0154412 0.0187526 -0.0292896 0.00369654 0.0351046 0.0105435
internal_weight=22723 11968 6307 10755 2820 5661 563 2257 1261 963 5403 3487 7146 5782 1364 786 473 940 600 418 1179 2547 759 1522 3881 1010 4128 736 378 1654
internal_count=22723 11968 6307 10755 2820 5661 563 2257 1261 963 5403 3487 7146 5782 1364 786 473 940 600 418 1179 2547 759 1522 3881 1010 4128 736 378 1654
is_linear=0
shrinkage=0.0161


Tree=58
num_leaves=31
num_cat=0
split_feature=296 150 486 355 297 414 498 503 530 174 525 89 56 503 393 238 319 352 153 284 537 170 509 217 67 30 276 563 166 510
split_gain=43387.4 17874.5 15840.5 12416.1 9903.86 7181.4 6588.79 6467.97 6949.02 6346.87 6098.1 6121.9 5957.2 5352.52 5300.78 5071.18 4931.12 4584.69 4557.11 4173.52 4101.05 4706.38 8846.57 3679.56 3605.21 3298.96 3247.47 3236.01 3235.32 3191.69
threshold=8.0000000000000018 8.0000000000000018 73.500000000000014 20.000000000000004 16.500000000000004 24.500000000000004 275.50000000000006 230.50000000000003 265.50000000000006 6.5000000000000009 147.50000000000003 20.000000000000004 6.5000000000000009 227.50000000000003 8.0000000000000018 6.5000000000000009 13.500000000000002 29.500000000000004 5.5000000000000009 5.5000000000000009 109.50000000000001 10.500000000000002 52.500000000000007 8.0000000000000018 8.0000000000000018 16.500000000000004 16.500000000000004 195.05000305175784 8.0000000000000018 218.50000000000003
decision_type=2 2 2 2 2 2 2 2 2 2 2 2 2 2 2 2 2 2 2 2 2 2 2 2 2 2 2 10 2 2
left_child=2 9 12 6 26 10 15 18 16 -2 11 -6 -1 17 -7 23 24 25 29 -20 21 -17 -23 -3 -9 -11 -5 -21 -14 -4
right_child=1 3 7 4 5 14 -8 8 -10 13 -12 -13 28 -15 -16 20 -18 -19 19 27 -22 22 -24 -25 -26 -27 -28 -29 -30 -31
leaf_value=-0.046221592769496708 -0.01983011767097222 -0.032361167789085016 -0.032123225390256152 0.024784008971163625 0.04514444230577272 0.092949932212104056 0.12081209973595686 -0.012487465141974284 -0.03800447708014236 -0.0071872168206865142 -0.0042587414358912154 0.18449246458994692 -0.029945653420124094 0.085161012287904445 0.20977569152697559 0.030763035744933363 0.13925652264234969 0.064271160655161474 -0.020600593453584951 0.02754334370830647 0.010572911166363693 0.03322146468520569 0.1695011137618041 0.026524883936331158 0.086946379223985293 0.060120306001743271 0.090487043596752414 -0.040777111470458371 0.0053481562298151129 0.042272292240892261
leaf_weight=4470 1970 611 1661 715 164 165 186 181 195 1658 168 164 1754 280 262 831 194 346 951 1751 955 281 221 500 197 213 269 200 1091 164
leaf_count=4470 1970 611 1661 715 164 165 186 181 195 1658 168 164 1754 280 262 831 194 346 951 1751 955 281 221 500 197 213 269 200 1091 164
internal_value=0.000485205 0.0256917 -0.019111 0.0451445 0.0783423 0.116241 0.0274787 0.0015442 0.0449147 0.00177005 0.0744859 0.11489 -0.0346275 0.0188208 0.164687 0.0223644 0.0732237 0.0104317 -0.00548809 0.0070416 0.0360694 0.0543182 0.093264 -0.00583861 0.0392716 0.000462685 0.0427694 0.0205276 -0.0164029 -0.0254249
internal_weight=22768 9959 12809 5492 1907 923 3585 5494 767 4467 496 328 7315 2497 427 3399 572 2217 4727 2902 2288 1333 502 1111 378 1871 984 1951 2845 1825
internal_count=22768 9959 12809 5492 1907 923 3585 5494 767 4467 496 328 7315 2497 427 3399 572 2217 4727 2902 2288 1333 502 1111 378 1871 984 1951 2845 1825
is_linear=0
shrinkage=0.0161


Tree=59
num_leaves=31
num_cat=0
split_feature=296 474 178 558 537 117 329 47 479 210 499 543 83 524 117 348 333 516 153 204 172 504 224 221 599 564 563 493 85 563
split_gain=45924.1 18483.5 12426.8 12394.9 11254.6 8829.45 7567.51 7227.04 7155.38 6263.64 6026.53 5607.36 6468.94 7620.35 4977.41 4967.49 6346.23 4791.3 4563.22 4257.08 5983.89 4043.81 4203.71 3965.91 3736.12 4483.33 3562.25 4640.24 3575.88 3476.8
threshold=6.5000000000000009 16.500000000000004 10.500000000000002 238.25000000000003 74.500000000000014 13.500000000000002 13.500000000000002 4.5000000000000009 20.000000000000004 20.000000000000004 272.50000000000006 221.94999694824222 10.500000000000002 136.50000000000003 5.5000000000000009 13.500000000000002 20.000000000000004 78.500000000000014 5.5000000000000009 10.500000000000002 20.000000000000004 194.50000000000003 10.500000000000002 10.500000000000002 186.44999694824222 121.64999771118165 179.15000152587893 102.50000000000001 10.500000000000002 146.25000000000003
decision_type=2 2 2 10 2 2 2 2 2 2 2 8 2 2 2 2 2 2 2 2 2 2 2 2 8 8 10 2 2 8
left_child=4 2 10 5 14 19 -7 -6 29 15 -2 18 23 -14 -1 -4 24 -10 -9 -3 -21 22 -11 -13 25 -17 27 -20 -29 -8
right_child=1 3 9 -5 7 6 8 11 17 21 -12 12 13 -15 -16 16 -18 -19 26 20 -22 -23 -24 -25 -26 -27 -28 28 -30 -31
leaf_value=-0.050094056307851721 -0.011621899069648396 -0.0017971017710948938 0.0037222882422931962 0.18293456374169836 -0.039363641900541785 0.034651956760147241 0.099054439565353716 -0.034000798510866917 0.21587961650366375 0.05223340183180579 0.085956140692945451 -0.028717450718371347 0.16872178456956574 0.02994008902360025 -0.021144047385767795 0.0068691603080423174 0.13574942450793998 0.096546155359043997 -0.011817249030750038 0.017050033303028237 0.11905694534269157 -0.0020230572312858412 0.13348198881007181 0.064454373226854225 -0.021609678382053424 0.12354310338447487 -0.029280528769495603 0.023704459582834226 0.1024879126210482 0.025683063663438872
leaf_weight=3584 4666 1066 1660 176 1129 930 392 900 178 378 170 346 176 247 2705 184 184 173 454 469 219 160 295 180 239 160 395 367 253 294
leaf_count=3584 4666 1066 1660 176 1129 930 392 900 178 378 170 346 176 247 2705 184 184 173 454 469 219 160 295 180 239 160 395 367 253 294
internal_value=0.000403007 0.0220568 0.00818628 0.0508667 -0.0237839 0.0446137 0.0680375 -0.00417468 0.0979555 0.032482 -0.00818687 0.0077918 0.0408634 0.0877394 -0.0376459 0.0193943 0.0532823 0.15713 -0.00544642 0.0183319 0.0495545 0.0705855 0.0878825 0.0031217 0.0272146 0.0612045 0.0120317 0.0272476 0.0558912 0.0676439
internal_weight=22729 11993 8096 3897 10736 3721 1967 4447 1037 3260 4836 3318 949 423 6289 2427 767 351 2369 1754 688 833 673 526 583 344 1469 1074 620 686
internal_count=22729 11993 8096 3897 10736 3721 1967 4447 1037 3260 4836 3318 949 423 6289 2427 767 351 2369 1754 688 833 673 526 583 344 1469 1074 620 686
is_linear=0
shrinkage=0.0161


Tree=60
num_leaves=31
num_cat=0
split_feature=177 415 535 210 239 416 347 362 417 192 562 143 356 281 195 268 23 238 534 221 372 404 598 234 112 115 345 453 346 117
split_gain=45378.1 19247.4 14919.2 12283.2 8674.19 8145.65 6804.22 6423.82 6709.41 5240.15 6843.49 7041.67 7678.79 4811.7 5957.39 4731.48 6744.78 4802.69 5838.95 4638.84 4167.86 3816.85 3795.14 3643.36 4101.74 3552.15 3456.65 5178.96 6188.9 3329.23
threshold=6.5000000000000009 10.500000000000002 50.500000000000007 5.5000000000000009 10.500000000000002 13.500000000000002 8.0000000000000018 5.5000000000000009 24.500000000000004 5.5000000000000009 235.84999847412112 5.5000000000000009 5.5000000000000009 16.500000000000004 20.000000000000004 6.5000000000000009 4.5000000000000009 16.500000000000004 129.50000000000003 4.5000000000000009 35.500000000000007 43.500000000000007 172.25000000000003 24.500000000000004 10.500000000000002 10.500000000000002 16.500000000000004 10.500000000000002 16.500000000000004 29.500000000000004
decision_type=2 2 2 2 2 2 2 2 2 2 8 2 2 2 2 2 2 2 2 2 2 2 10 2 2 2 2 2 2 2
left_child=2 6 25 -3 13 22 20 -4 9 -9 -11 -12 -13 23 -15 -7 -17 -18 29 -8 -2 26 -6 -5 -25 -1 27 -21 -29 -19
right_child=1 3 7 4 5 15 19 8 -10 10 11 12 -14 14 -16 16 17 18 -20 21 -22 -23 -24 24 -26 -27 -28 28 -30 -31
leaf_value=-0.05030449660258203 -0.018034903765906024 0.0025815842498156942 -0.026596878572070895 0.0089589619690349995 0.012668421450945011 0.041400927791177045 -0.014428980149482257 -0.02277911536565377 0.095085407032701005 0.0021638891720204296 -0.014260091445337868 0.032230020749989548 0.1869654337821007 0.03975125753882857 0.14585344096417935 0.19805211327942709 0.054220670903972777 0.12010580752950775 0.05575492085851861 0.013797235499577714 0.055623102923728643 0.10691608767110622 0.10065274647419967 0.010354980915033304 0.12274476452423076 -0.020155011759282783 -0.0053560499835709581 0.043094848279437242 0.16072284953441848 0.2205070232982288
leaf_weight=3855 3030 1411 2231 1309 498 258 700 1311 216 1649 170 160 174 435 201 220 374 179 182 732 213 169 171 164 174 1378 587 377 168 167
leaf_count=3855 3030 1411 2231 1309 498 258 700 1311 216 1649 170 160 174 435 201 220 374 179 182 732 213 169 171 164 174 1378 587 377 168 167
internal_value=0.000688166 0.0228078 -0.0225706 0.0438556 0.0572938 0.0813508 0.00257661 -0.00503852 0.00802483 0.00258932 0.0180475 0.0699694 0.112911 0.0356923 0.0733206 0.10371 0.118017 0.0984702 0.129769 0.0212938 -0.0131898 0.0336053 0.0351929 0.0211476 0.0682821 -0.0423698 0.026946 0.0418127 0.0793977 0.168633
internal_weight=22863 11719 11144 5743 4332 2049 5976 5911 3680 3464 2153 504 334 2283 636 1380 1122 902 528 2733 3243 2033 669 1647 338 5233 1864 1277 545 346
internal_count=22863 11719 11144 5743 4332 2049 5976 5911 3680 3464 2153 504 334 2283 636 1380 1122 902 528 2733 3243 2033 669 1647 338 5233 1864 1277 545 346
is_linear=0
shrinkage=0.0161


Tree=61
num_leaves=31
num_cat=0
split_feature=176 480 297 414 555 178 388 191 480 487 434 411 477 241 256 401 178 486 564 49 118 32 415 104 597 10 148 599 517 12
split_gain=42418.3 19440.7 14727.5 10081.9 10432.9 9392.77 7881.98 6111.02 5864.76 7730.85 5789.63 5046.64 4889.85 4448.71 4132.96 4832.63 6123.95 3934.2 3814.18 3754.99 3594.55 3550.29 3513.46 3796.37 3304.17 3192.13 3168.79 3829.91 3113.15 5404.04
threshold=10.500000000000002 23.500000000000004 5.5000000000000009 24.500000000000004 210.94999694824222 6.5000000000000009 6.5000000000000009 52.000000000000007 219.50000000000003 176.50000000000003 10.500000000000002 35.500000000000007 35.500000000000007 6.5000000000000009 20.000000000000004 24.500000000000004 16.500000000000004 261.50000000000006 120.95000076293947 35.500000000000007 5.5000000000000009 35.500000000000007 5.5000000000000009 2.5000000000000004 180.15000152587893 16.500000000000004 16.500000000000004 102.64999771118165 147.50000000000003 20.000000000000004
decision_type=2 2 2 2 10 2 2 2 2 2 2 2 2 2 2 2 2 2 10 2 2 2 2 2 10 2 2 8 2 2
left_child=1 20 -2 10 6 11 -5 8 19 -10 21 28 -8 25 15 16 -15 -11 -13 22 -1 26 -7 -24 -25 -12 -4 -28 -3 -30
right_child=2 5 3 4 -6 7 12 -9 9 17 13 18 -14 14 -16 -17 -18 -19 -20 -21 -22 -23 23 24 -26 -27 27 -29 29 -31
leaf_value=-0.058160306557385286 -0.011088612555732015 -0.029479043638434448 -0.0027487963372026022 -0.0090397943096500698 0.19757201320608572 -0.019401031974174348 0.067216232093838743 0.10871628079828782 0.14668748061005057 -0.01599321487727659 -0.0031777352241869443 -0.0080594660116054644 0.15605175346440961 0.032229969904363283 0.018761546891369656 0.15632553859786921 0.12600671615976131 0.081098112058322236 0.098868749088374383 0.055410077134651778 -0.029063534335271098 0.077782010431050708 0.078127919603867904 -0.0044690501937355983 0.054267105861487953 0.073329422797377336 0.09240190224137626 0.010594932261055456 -0.017118078794055868 0.062472843134096359
leaf_weight=2241 1727 3787 1749 311 166 1697 950 166 173 288 512 186 194 492 330 196 286 173 161 318 2172 209 202 1593 294 195 226 434 1112 276
leaf_count=2241 1727 3787 1749 311 166 1697 950 166 173 288 512 186 194 492 330 196 286 173 161 318 2172 209 202 1593 294 195 226 434 1112 276
internal_value=0.000575118 -0.0155192 0.030517 0.0420173 0.0765815 -0.0035276 0.0627616 0.0126853 0.00931583 0.0548909 0.0299084 -0.0179303 0.0823016 0.050457 0.0680957 0.0847864 0.0667334 0.0203913 0.0414849 0.0022695 -0.0438447 0.0141151 -0.00218776 0.0117842 0.00466974 0.0178907 0.00858173 0.0386433 -0.0219188 -0.00127468
internal_weight=22816 14839 7977 6250 1621 10426 1455 4904 4738 634 4629 5522 1144 2011 1304 974 778 461 347 4104 4413 2618 3786 2089 1887 707 2409 660 5175 1388
internal_count=22816 14839 7977 6250 1621 10426 1455 4904 4738 634 4629 5522 1144 2011 1304 974 778 461 347 4104 4413 2618 3786 2089 1887 707 2409 660 5175 1388
is_linear=0
shrinkage=0.0161


Tree=62
num_leaves=31
num_cat=0
split_feature=177 175 501 268 58 353 362 585 119 74 590 310 504 553 259 278 34 297 366 254 33 192 526 483 209 548 175 239 461 476
split_gain=36222.2 19087.3 12827.8 8720.3 7076.35 8092.94 6908.99 7749.34 6895.68 6207.68 6266.41 5939.22 5660.67 4886.46 4642.86 5236.56 4511.43 4832.96 5130.97 6510.27 7752.06 8103.96 4905.7 4576.18 4423.12 4359.62 4084.17 4000.97 5467.06 3874.75
threshold=6.5000000000000009 10.500000000000002 71.500000000000014 5.5000000000000009 5.5000000000000009 61.500000000000007 35.500000000000007 138.55000305175784 5.5000000000000009 35.500000000000007 167.05000305175784 16.500000000000004 228.50000000000003 238.25000000000003 24.500000000000004 10.500000000000002 5.5000000000000009 6.5000000000000009 20.000000000000004 13.500000000000002 8.0000000000000018 10.500000000000002 162.50000000000003 96.500000000000014 5.5000000000000009 169.15000152587893 3.5000000000000004 8.0000000000000018 24.500000000000004 20.000000000000004
decision_type=2 2 2 2 2 2 2 10 2 2 8 2 2 10 2 2 2 2 2 2 2 2 2 2 2 10 2 2 2 2
left_child=2 8 26 -3 -5 13 11 -8 -2 24 -11 14 -13 16 -4 -16 -6 -18 19 22 -21 -22 23 -19 25 -10 -1 -26 29 -29
right_child=1 3 6 4 5 -7 7 -9 9 10 -12 12 -14 -15 15 -17 17 18 -20 20 21 -23 -24 -25 27 -27 -28 28 -30 -31
leaf_value=-0.055002314837032974 -0.023489953189571394 0.0036628532893871928 -0.023564276932899642 0.0045184341432691162 0.021790956189576383 0.17159528621296255 0.14430996755496578 -0.0073006320129348759 -0.026962630601626274 0.12665080794584882 -0.00098908150849874631 0.011122253973320098 0.11355828827106737 0.14439904987519916 -0.011685306724465281 0.10277294186667719 0.0072074640013347294 0.059514442974453026 0.030999042194361358 0.044794323752300184 0.25489780182444405 0.10181571730640927 -0.0052702435171464914 0.15514727526950586 -0.0048021722332112753 0.049359539948063268 -0.02682841813846383 0.00066944355609963784 0.099558610807687853 0.057374028763778978
leaf_weight=1949 1921 1105 3015 615 841 172 174 175 1264 236 172 922 165 162 267 169 315 484 498 166 179 181 202 178 1074 229 4246 846 283 496
leaf_count=1949 1921 1105 3015 615 841 172 174 175 1264 236 172 922 165 162 267 169 315 484 498 166 179 181 202 178 1074 229 4246 846 283 496
internal_value=0.000512021 0.0203747 -0.020311 0.0437133 0.0547908 0.0639364 -0.00080344 0.06822 0.00212533 0.0128276 0.0727841 -0.00611695 0.0266931 0.0581532 -0.0164583 0.0326264 0.0535556 0.0656711 0.0754129 0.0913082 0.136004 0.177997 0.0640702 0.085264 0.00698653 -0.0152404 -0.035696 0.0192905 0.0352283 0.0216449
internal_weight=22701 11619 11082 5098 3993 3378 4887 349 6521 4600 408 4538 1087 3206 3451 436 3044 2203 1888 1390 526 360 864 662 4192 1493 6195 2699 1625 1342
internal_count=22701 11619 11082 5098 3993 3378 4887 349 6521 4600 408 4538 1087 3206 3451 436 3044 2203 1888 1390 526 360 864 662 4192 1493 6195 2699 1625 1342
is_linear=0
shrinkage=0.0161


Tree=63
num_leaves=31
num_cat=0
split_feature=356 357 480 354 236 393 29 355 269 71 238 257 64 478 473 539 230 335 84 505 212 439 465 461 402 536 178 397 87 114
split_gain=42382.5 19868 14944.5 11352.5 8234.96 7422.12 7330.86 8364.1 5801.26 5239.83 5539.14 4974.62 4731.85 4963.18 4606.01 4646.09 4055.69 3924.88 6637.75 4405.76 3891.27 3774.86 3716.19 3404.15 3249.69 3094.64 3030.11 3436.69 5076.66 2777.61
threshold=10.500000000000002 10.500000000000002 148.50000000000003 35.500000000000007 3.5000000000000004 10.500000000000002 24.500000000000004 29.500000000000004 13.500000000000002 35.500000000000007 6.5000000000000009 43.500000000000007 52.000000000000007 5.5000000000000009 16.500000000000004 156.50000000000003 16.500000000000004 20.000000000000004 10.500000000000002 253.50000000000003 3.5000000000000004 13.500000000000002 8.0000000000000018 10.500000000000002 20.000000000000004 53.500000000000007 5.5000000000000009 13.500000000000002 5.5000000000000009 13.500000000000002
decision_type=2 2 2 2 2 2 2 2 2 2 2 2 2 2 2 2 2 2 2 2 2 2 2 2 2 2 2 2 2 2
left_child=2 14 4 6 -1 23 9 24 20 10 -3 12 13 -4 26 -16 21 19 -19 -15 -6 -12 -18 -5 25 -8 -2 -28 -29 -10
right_child=1 3 11 5 8 -7 7 -9 29 -11 16 -13 -14 17 15 -17 22 18 -20 -21 -22 -23 -24 -25 -26 -27 27 28 -30 -31
leaf_value=-0.045386390823926294 -0.031256458202726177 -0.021195864643803713 -0.027022176924998875 0.011583943682931173 -0.045050345572519371 0.1688593980291509 0.080268953482635907 0.15411114488608674 -0.0047425666339371 0.094556026262496679 0.0013490644653897357 0.095637551754771691 0.092559881962688245 -0.0057913070057558401 0.0081657354597528091 0.085974925710993882 0.12177659070912519 0.1306108943036402 -0.0046537854284267269 0.068767129460017187 -0.015885067169674322 0.055996439490498623 0.036460209105684961 0.11160518287301202 0.11172706055263883 0.002193472235235023 -0.013069143226168482 0.11037971910852888 0.0017488149615174137 0.039280248607459246
leaf_weight=3799 1116 637 906 179 1621 313 208 270 1079 271 1000 182 165 1195 729 274 220 195 181 248 4435 488 335 175 167 360 1044 168 333 566
leaf_count=3799 1116 637 906 179 1621 313 208 270 1079 271 1000 182 165 1195 729 274 220 195 181 248 4435 488 335 175 167 360 1044 168 333 566
internal_value=-0.00102458 0.0280448 -0.0175577 0.050238 -0.0259853 0.111701 0.0398691 0.0774374 -0.0164115 0.0270667 0.0202335 0.0139833 0.00883293 0.00375459 3.63654e-05 0.0294452 0.0331625 0.0190967 0.0654342 0.00700631 -0.0236956 0.0192869 0.0703217 0.061096 0.0492396 0.0308259 -0.0110397 0.0035482 0.0382229 0.0103902
internal_weight=22859 8287 14572 4623 11500 667 3956 1005 7701 2951 2680 3072 2890 2725 3664 1003 2043 1819 376 1443 6056 1488 555 354 735 568 2661 1545 501 1645
internal_count=22859 8287 14572 4623 11500 667 3956 1005 7701 2951 2680 3072 2890 2725 3664 1003 2043 1819 376 1443 6056 1488 555 354 735 568 2661 1545 501 1645
is_linear=0
shrinkage=0.0161


Tree=64
num_leaves=31
num_cat=0
split_feature=356 492 237 208 174 208 231 295 396 92 558 588 527 562 460 591 30 477 152 431 386 433 134 539 133 317 473 377 227 238
split_gain=36518.4 17137.3 13269.5 8965.21 6617.11 6311.33 5866 5753.27 5649.47 5371.9 6507.25 5207.11 6477.25 4866 4797.83 4575 4528.43 4499.34 5033.95 5234.92 4321.66 4178.02 4125.38 6530.53 4036.74 3836.67 4392.72 3288.97 3285.39 3189.14
threshold=10.500000000000002 80.500000000000014 16.500000000000004 20.000000000000004 8.0000000000000018 8.0000000000000018 13.500000000000002 5.5000000000000009 6.5000000000000009 10.500000000000002 180.15000152587893 137.05000305175784 53.500000000000007 210.94999694824222 29.500000000000004 176.25000000000003 10.500000000000002 10.500000000000002 10.500000000000002 10.500000000000002 10.500000000000002 8.0000000000000018 8.0000000000000018 152.50000000000003 10.500000000000002 4.5000000000000009 29.500000000000004 29.500000000000004 6.5000000000000009 6.5000000000000009
decision_type=2 2 2 2 2 2 2 2 2 2 8 8 2 10 2 8 2 2 2 2 2 2 2 2 2 2 2 2 2 2
left_child=1 7 4 8 13 25 24 -1 16 -10 20 12 -5 -2 17 -16 -4 27 19 -19 -11 -13 -8 -24 -6 -3 -27 -7 -18 -26
right_child=2 5 3 11 6 14 22 -9 9 10 -12 21 -14 -15 15 -17 28 18 -20 -21 -22 -23 23 -25 29 26 -28 -29 -30 -31
leaf_value=-0.043170942114060251 -0.012816086262448378 -0.035842499990109321 -0.035337028738962828 0.079306528216320379 -0.0096725851186590123 -0.01095142437821024 0.025105401058760125 -0.016470036840979235 0.021882930274481606 0.00052481367642446598 0.14585461750806233 0.0010171947437136906 0.21207520478672795 0.076029559514199152 0.018048376971107557 0.13703091247786961 -0.0093471164290047301 0.034017264489014667 0.0014388682912222705 0.14487173343454468 0.10207676455245501 0.099112490400621353 0.049937000518317842 0.17210774248421201 2.9019448710466977e-05 -0.0051570708550579122 0.069665195358712725 0.06056683789159608 0.074887837749717773 0.072684271648995477
leaf_weight=4396 2428 998 401 204 968 1263 423 3998 612 236 290 182 180 171 160 177 214 258 369 194 202 297 318 177 270 2311 223 192 272 375
leaf_count=4396 2428 998 401 204 968 1263 423 3998 612 236 290 182 180 171 160 177 214 258 369 194 202 297 318 177 270 2311 223 192 272 375
internal_value=-0.000164546 -0.0155002 0.0269573 0.0533163 0.0110757 0.0049258 0.0296067 -0.0304563 0.036228 0.0570927 0.0866597 0.0973861 0.141603 -0.00696147 0.0238982 0.0806105 0.00468093 0.0154907 0.0456268 0.0816485 0.047413 0.0618895 0.0621021 0.0936698 0.0110982 -0.00910347 0.00141824 -0.00149779 0.0377483 0.0423069
internal_weight=22759 14539 8220 3090 5130 6145 2531 8394 2227 1340 728 863 384 2599 2613 337 887 2276 821 452 438 479 918 495 1613 3532 2534 1455 486 645
internal_count=22759 14539 8220 3090 5130 6145 2531 8394 2227 1340 728 863 384 2599 2613 337 887 2276 821 452 438 479 918 495 1613 3532 2534 1455 486 645
is_linear=0
shrinkage=0.0161


Tree=65
num_leaves=31
num_cat=0
split_feature=176 117 495 299 480 176 174 224 66 456 194 215 269 411 55 67 595 299 420 382 419 130 434 219 135 486 53 591 494 326
split_gain=38715.2 14664.3 13846.6 10641 9010.76 7909.18 7703.91 7346.84 7031.3 6127.11 6995.27 6573.68 5325.11 5195.5 4608.57 4603.07 4496.64 4251.51 3993.09 3936.64 3822.33 6364.04 3786.92 3749.46 5250.77 3710.23 3926.44 3565.22 3794.57 3530.7
threshold=8.0000000000000018 13.500000000000002 40.500000000000007 13.500000000000002 188.50000000000003 52.000000000000007 20.000000000000004 4.5000000000000009 16.500000000000004 13.500000000000002 5.5000000000000009 13.500000000000002 16.500000000000004 20.000000000000004 29.500000000000004 3.5000000000000004 153.34999847412112 4.5000000000000009 20.000000000000004 20.000000000000004 13.500000000000002 8.0000000000000018 8.0000000000000018 8.0000000000000018 20.000000000000004 34.500000000000007 10.500000000000002 179.15000152587893 113.50000000000001 20.000000000000004
decision_type=2 2 2 2 2 2 2 2 2 2 2 2 2 2 2 2 8 2 2 2 2 2 2 2 2 2 2 8 2 2
left_child=2 4 -1 6 17 9 16 29 -6 14 -11 -12 18 -8 -5 -14 22 -2 23 -20 27 -22 -3 -9 -25 -24 -27 28 -17 -4
right_child=1 3 7 5 8 -7 13 12 -10 10 11 -13 15 -15 -16 20 -18 -19 19 -21 21 -23 25 24 -26 26 -28 -29 -30 -31
leaf_value=-0.038516102647909368 -0.028862585423000794 -0.00088745201162379855 -0.037547429510704507 0.017484406201378269 0.021885660598599511 0.15836848318453595 0.039442111948151941 -0.024282524759114063 0.12255635505390396 0.013309186732761755 0.19422004794327252 0.071164792896791437 0.11087194477957731 0.12989912160870667 0.10166835590810176 -0.01662784822261873 -0.019816437802212671 0.0062378208721143216 0.011305461896611458 0.10157957939985156 0.13146288405369627 -0.00098358241051559568 0.0021351213138047121 -0.0059399103388644197 0.069262997597677581 0.041879281961800921 0.14898600910764803 -0.046482635390022661 0.089025328845763058 0.021913783173868148
leaf_weight=5324 1283 543 1906 760 576 253 523 2040 262 172 231 221 179 241 217 194 861 2952 567 161 181 195 195 1183 302 201 160 269 161 299
leaf_count=5324 1283 543 1906 760 576 253 523 2040 262 172 231 221 179 241 217 194 861 2952 567 161 181 195 195 1183 302 201 160 269 161 299
internal_value=-0.000405063 0.0240074 -0.0185848 0.0448993 0.00514938 0.0746583 0.0246362 -0.00468704 0.0533884 0.0614152 0.100847 0.134106 0.00537025 0.0680071 0.0362065 0.035648 0.00771837 -0.00439035 -0.00301769 0.0313023 0.0221594 0.0627113 0.0293116 -0.0101123 0.00933803 0.058847 0.0894156 -0.00223807 0.0312218 -0.0294738
internal_weight=22612 9651 12961 4578 5073 1854 2724 7637 838 1601 624 452 5432 764 977 1179 1960 4235 4253 728 1000 376 1099 3525 1485 556 361 624 355 2205
internal_count=22612 9651 12961 4578 5073 1854 2724 7637 838 1601 624 452 5432 764 977 1179 1960 4235 4253 728 1000 376 1099 3525 1485 556 361 624 355 2205
is_linear=0
shrinkage=0.0161


Tree=66
num_leaves=31
num_cat=0
split_feature=177 482 295 541 54 31 461 255 573 416 49 534 412 280 348 116 594 96 235 269 481 387 110 309 334 195 151 557 195 542
split_gain=42171.5 14045.8 13383.1 10078.4 9611.19 8036.25 7401.15 6684.62 7218.63 5467.6 5149.33 5145.69 5243.56 5140.98 4853.28 4534.06 3785.46 3614.68 3567.55 3530.53 3562.51 3312.12 3279.12 3269.92 3346.77 5225.55 3239.31 3135.52 3214.05 6331.71
threshold=10.500000000000002 31.500000000000004 16.500000000000004 233.25000000000003 43.500000000000007 4.5000000000000009 8.0000000000000018 13.500000000000002 195.05000305175784 5.5000000000000009 10.500000000000002 91.500000000000014 16.500000000000004 8.0000000000000018 20.000000000000004 43.500000000000007 186.44999694824222 20.000000000000004 4.5000000000000009 16.500000000000004 138.50000000000003 13.500000000000002 8.0000000000000018 5.5000000000000009 13.500000000000002 8.0000000000000018 10.500000000000002 224.44999694824222 4.5000000000000009 97.549999237060561
decision_type=2 2 2 10 2 2 2 2 10 2 2 2 2 2 2 2 10 2 2 2 2 2 2 2 2 2 2 10 2 10
left_child=1 18 5 9 11 17 -5 21 14 22 -6 15 -13 26 19 23 -14 -2 -1 20 -9 -7 -3 -4 25 -25 -11 28 29 -15
right_child=2 3 4 6 10 7 -8 8 -10 13 -12 12 16 27 -16 -17 -18 -19 -20 -21 -22 -23 -24 24 -26 -27 -28 -29 -30 -31
leaf_value=-0.052237578090105423 -0.043456954080178155 -0.035440399184544183 0.018344666109746346 -0.0028802252744054044 0.20068089895351218 -0.0010072867167981421 0.13072868076925576 -0.025422014757075055 0.14465172597027676 -0.024801477750449327 0.076854421070407269 0.0010604974908168141 0.028440788294463015 0.12358585208718559 0.10162995287580813 0.14306571046922656 0.13184951947759077 0.03210584733089699 -0.025427912152356225 0.068208560962132569 0.06025048207424423 0.03616770436119348 -0.0070804235684676165 0.050622422211647221 0.031085055635782149 0.17407744067862768 0.01393677696865013 0.088556022978830778 0.0044010768306797093 0.0068239334372310872
leaf_weight=2378 759 2210 351 194 172 1997 240 435 195 1781 178 819 210 192 248 193 164 209 2815 282 177 901 2030 182 219 175 815 162 1694 324
leaf_count=2378 759 2210 351 194 172 1997 240 435 195 1781 178 819 210 192 248 193 164 209 2815 282 177 901 2030 182 219 175 815 162 1694 324
internal_value=-0.000382053 -0.0163619 0.0297525 -0.00486225 0.0591095 0.0147224 0.0709507 0.0242915 0.0540755 -0.00843809 0.137774 0.047196 0.023899 0.00301904 0.0385887 0.0719904 0.0738487 -0.0271179 -0.0377092 0.0210745 -0.000605726 0.0105424 -0.0218679 0.0571673 0.0807839 0.111206 -0.0126307 0.0201566 0.0151321 0.0503158
internal_weight=22701 14835 7866 9642 2663 5203 434 4235 1337 9208 350 2313 1193 4968 1142 1120 374 968 5193 894 612 2898 4240 927 576 357 2596 2372 2210 516
internal_count=22701 14835 7866 9642 2663 5203 434 4235 1337 9208 350 2313 1193 4968 1142 1120 374 968 5193 894 612 2898 4240 927 576 357 2596 2372 2210 516
is_linear=0
shrinkage=0.0161


Tree=67
num_leaves=31
num_cat=0
split_feature=237 116 496 118 293 540 270 360 56 418 70 482 458 295 52 322 28 588 335 130 30 452 301 537 334 481 489 57 204 327
split_gain=35934.8 14102.2 13507.1 10403.3 8237.63 7605.04 6819.92 6764.63 5824.7 5680.7 5665.37 5408.24 7129.25 5233.48 5207.2 5184.21 4860.9 4675.52 4864.53 4255.16 3899.52 3274.02 3422.74 3255.28 3611.98 3999.96 3177.12 3071.06 2888.63 3465.9
threshold=10.500000000000002 35.500000000000007 37.500000000000007 29.500000000000004 16.500000000000004 244.44999694824222 3.5000000000000004 35.500000000000007 6.5000000000000009 13.500000000000002 61.500000000000007 148.50000000000003 20.000000000000004 6.5000000000000009 16.500000000000004 13.500000000000002 10.500000000000002 113.64999771118165 5.5000000000000009 4.5000000000000009 6.5000000000000009 4.5000000000000009 4.5000000000000009 221.50000000000003 13.500000000000002 153.50000000000003 13.500000000000002 6.5000000000000009 3.5000000000000004 2.5000000000000004
decision_type=2 2 2 2 2 10 2 2 2 2 2 2 2 2 2 2 2 10 2 2 2 2 2 2 2 2 2 2 2 2
left_child=2 5 8 17 7 6 -2 10 -1 13 21 -6 14 -8 -13 -9 -11 18 -3 -18 -10 -4 -23 24 25 -15 -22 -28 -24 -30
right_child=1 3 4 -5 11 -7 9 15 20 16 -12 12 -14 23 -16 -17 19 -19 -20 -21 26 22 28 -25 -26 -27 27 -29 29 -31
leaf_value=-0.04822301561563113 -0.031157315548734067 0.0186119191008671 -0.035410508704445384 0.16288516319890106 0.0056159675456125789 0.10839212920465034 -0.019149422224528971 0.0096049183835018263 -0.03635797350549784 0.017015555114442766 0.068206906661166758 -0.0057298716067798522 0.14800758075229958 0.032773515878154233 0.091274173451741963 0.12259444712496823 0.11831164786685007 0.0084027764115077608 0.12641099933348682 0.046612058802193698 -0.023732402632953536 -0.030610764997055912 -0.032779805448447462 -0.034743816364095965 -0.0037684379987258936 0.10853393406519087 -0.013548943527964619 0.052038411214671565 0.073457885511097276 0.0014904573818501803
leaf_weight=3180 704 175 1824 298 1241 240 1184 302 1280 1206 208 360 182 879 238 162 275 362 288 988 648 1430 590 213 498 228 316 445 187 2407
leaf_count=3180 704 175 1824 298 1241 240 1184 302 1280 1206 208 360 182 879 238 162 275 362 288 988 648 1430 590 213 498 228 316 445 187 2407
internal_value=-1.22663e-06 0.0286754 -0.0144137 0.081314 -0.00216242 0.0194569 0.0159964 -0.0103178 -0.0334703 0.0220684 -0.01447 0.026517 0.0597409 0.00718073 0.0328377 0.0491046 0.0401605 0.051821 0.085717 0.0622422 -0.0160151 -0.0171448 -0.0099189 0.0243416 0.0321975 0.0483985 0.00244851 0.0247728 -0.000618359 0.00668762
internal_weight=22538 7538 15000 1123 9131 6415 6175 7110 5869 5471 6646 2021 780 3002 598 464 2469 825 463 1263 2689 6438 4614 1818 1605 1107 1409 761 3184 2594
internal_count=22538 7538 15000 1123 9131 6415 6175 7110 5869 5471 6646 2021 780 3002 598 464 2469 825 463 1263 2689 6438 4614 1818 1605 1107 1409 761 3184 2594
is_linear=0
shrinkage=0.0161


Tree=68
num_leaves=31
num_cat=0
split_feature=415 500 296 88 370 41 118 533 477 540 483 524 29 412 155 57 151 86 374 230 75 260 311 94 317 315 358 175 228 132
split_gain=34627.4 16220.1 13881.6 10843.1 7409.92 6899.76 6854.76 6395.89 11352.7 8467.16 6293.24 6114.61 5873.46 5145.51 5108.03 5005.38 4980.75 4359.98 3700.31 3553.62 7467.1 3535.82 3903.05 3906.77 3425.07 3369.95 3353.84 3230.35 3179.87 3123.96
threshold=10.500000000000002 51.500000000000007 16.500000000000004 61.500000000000007 43.500000000000007 10.500000000000002 4.5000000000000009 99.500000000000014 13.500000000000002 209.25000000000003 148.50000000000003 117.50000000000001 24.500000000000004 29.500000000000004 4.5000000000000009 16.500000000000004 16.500000000000004 43.500000000000007 20.000000000000004 16.500000000000004 24.500000000000004 8.0000000000000018 4.5000000000000009 20.000000000000004 16.500000000000004 16.500000000000004 13.500000000000002 13.500000000000002 8.0000000000000018 8.0000000000000018
decision_type=2 2 2 2 2 2 2 2 2 10 2 2 2 2 2 2 2 2 2 2 2 2 2 2 2 2 2 2 2 2
left_child=1 16 10 7 6 -6 -3 8 28 -9 15 -12 -10 24 -8 27 -1 19 -18 21 26 -16 -23 -24 -13 -17 -21 -2 -4 -29
right_child=2 4 3 -5 5 -7 14 9 12 -11 11 13 -14 -15 17 25 18 -19 -20 20 -22 22 23 -25 -26 -27 -28 29 -30 -31
leaf_value=-0.038668136216188448 -0.024116114055297358 -0.02683641366475752 -0.0070458284955608524 0.17403909120776012 0.0021971609275914725 0.12853210828029948 -0.019327981113773259 0.0032347008983151016 0.07680927893097432 0.097247455111775155 0.10751632528791416 -0.011557316660425563 0.16708111498817832 0.1021731010645892 -0.014527808399501884 0.014007120083288504 -0.014023164648697468 0.08199104124674049 0.067083810236677838 -0.0094755337737293666 0.1391852431202425 0.07317371499488419 -0.011534627563627733 0.059726525830515485 0.054050113988986244 0.081050846744055147 0.061972188898375941 -0.012420738607687011 0.062287255713182374 0.039190244275721098
leaf_weight=5524 1713 2076 399 183 225 224 1334 1190 484 314 281 664 306 182 1377 726 806 252 178 436 163 302 754 271 299 266 279 698 300 538
leaf_count=5524 1713 2076 399 183 225 224 1334 1190 484 314 281 664 306 182 1377 726 806 252 178 436 163 302 754 271 299 266 279 698 300 538
internal_value=0.00139123 -0.0140157 0.027005 0.0536857 0.00180729 0.0652764 -0.00212343 0.0463191 0.0699805 0.022878 0.0112119 0.040195 0.111805 0.0236528 0.0077993 0.000718718 -0.0327235 0.0172441 0.000624706 0.0126825 0.040827 0.0035351 0.0222963 0.00728316 0.00878857 0.0320083 0.0183711 -0.00979865 0.0226772 0.0100252
internal_weight=22744 14201 8543 3176 7693 449 7244 2993 1489 1504 5367 1426 790 1145 5168 3941 6508 3834 984 3582 878 2704 1327 1025 963 992 715 2949 699 1236
internal_count=22744 14201 8543 3176 7693 449 7244 2993 1489 1504 5367 1426 790 1145 5168 3941 6508 3834 984 3582 878 2704 1327 1025 963 992 715 2949 699 1236
is_linear=0
shrinkage=0.0161


Tree=69
num_leaves=31
num_cat=0
split_feature=415 480 296 270 177 353 533 547 558 435 297 446 185 145 8 55 271 207 544 520 127 533 432 114 172 578 88 196 406 450
split_gain=37278.2 15125.7 13699.1 10464.7 9186.57 8272.25 7995.75 6278.93 5797.84 5534.02 5389.11 5266.89 5464.26 5528.6 7886.76 4990.4 4765.93 4548.02 4109.91 5859.04 7894.17 3824.11 3642.62 3551.9 3497.56 3451.06 3784.81 3224.49 3113.69 3102.89
threshold=10.500000000000002 25.500000000000004 16.500000000000004 5.5000000000000009 10.500000000000002 52.000000000000007 102.50000000000001 220.15000152587893 92.149997711181655 4.5000000000000009 6.5000000000000009 10.500000000000002 5.5000000000000009 13.500000000000002 10.500000000000002 24.500000000000004 13.500000000000002 20.000000000000004 140.05000305175784 160.50000000000003 8.0000000000000018 167.50000000000003 29.500000000000004 13.500000000000002 10.500000000000002 179.15000152587893 8.0000000000000018 5.5000000000000009 10.500000000000002 24.500000000000004
decision_type=2 2 2 2 2 2 2 10 8 2 2 2 2 2 2 2 2 2 10 2 2 2 2 2 2 8 2 2 2 2
left_child=1 -1 9 -4 21 6 8 17 -5 -2 25 16 -13 14 -14 24 -6 -8 -12 20 -20 23 29 -3 -10 -11 -27 -18 -29 -23
right_child=2 4 3 5 11 -7 7 -9 15 10 18 12 13 -15 -16 -17 27 -19 19 -21 -22 22 -24 -25 -26 26 -28 28 -30 -31
leaf_value=-0.042316854010708414 -0.018762694721567202 -0.0308014566618382 -0.0082025347684459501 0.045537629718332397 -0.020491189652796064 0.15677362550678328 -0.013275259888123081 0.10986274797076971 0.039819595876743538 -0.018536651313283435 0.018709484382436484 -0.0068575656905495667 0.037296934616179937 0.016810111953168418 0.1694981677343968 0.17225380664953499 -0.020318743643542529 0.067296185960660074 0.037127107548204696 0.026792141481737673 0.19047050337361571 -0.013314728820962579 0.071679323843523768 -0.00030499148116903881 0.13340715594951377 -0.016190842283136865 0.066742119475115699 0.018924575142616931 0.1066860517077263 0.057818439456464962
leaf_weight=4458 1376 3951 620 542 1090 234 685 189 231 1177 1495 371 235 325 234 257 184 247 175 478 174 1166 190 1323 189 258 318 223 199 184
leaf_count=4458 1376 3951 620 542 1090 234 685 189 231 1177 1495 371 235 325 234 257 184 247 175 478 174 1166 190 1323 189 258 318 223 199 184
internal_value=-0.00166921 -0.0177789 0.0246645 0.0511425 -0.00646999 0.0654461 0.0563033 0.0252388 0.0848511 0.00914541 0.0185749 0.0177374 0.0440944 0.0679316 0.103307 0.11629 -0.000353658 0.00805265 0.0346628 0.0634738 0.113647 -0.0166374 0.00567058 -0.0231558 0.08199 -0.00272155 0.0295542 0.0358285 0.0603655 -0.00360211
internal_weight=22778 14133 8645 3194 9675 2574 2340 1121 1219 5451 4075 2861 1165 794 469 677 1696 932 2322 827 349 6814 1540 5274 420 1753 576 606 422 1350
internal_count=22778 14133 8645 3194 9675 2574 2340 1121 1219 5451 4075 2861 1165 794 469 677 1696 932 2322 827 349 6814 1540 5274 420 1753 576 606 422 1350
is_linear=0
shrinkage=0.0161


Tree=70
num_leaves=31
num_cat=0
split_feature=297 415 353 510 299 567 162 416 148 521 513 219 448 416 170 163 240 23 30 15 595 278 242 310 399 353 567 470 125 540
split_gain=31752.1 15545 10316.4 9607.21 7149.76 6457.69 6111.95 6908.19 5922.82 5776.4 5541.4 5540.25 6262.86 5033.72 4995.26 9246.8 4599.85 4704.98 3881.74 3658.21 3910.23 3783.12 5081.39 3579.17 3552.82 3425.53 6182.45 3542.96 3053.86 3018.62
threshold=6.5000000000000009 10.500000000000002 35.500000000000007 29.500000000000004 16.500000000000004 189.94999694824222 8.0000000000000018 20.000000000000004 8.0000000000000018 204.50000000000003 107.50000000000001 16.500000000000004 20.000000000000004 8.0000000000000018 8.0000000000000018 10.500000000000002 3.5000000000000004 35.500000000000007 29.500000000000004 10.500000000000002 152.44999694824222 5.5000000000000009 10.500000000000002 24.500000000000004 29.500000000000004 5.5000000000000009 135.84999847412112 6.5000000000000009 20.000000000000004 145.55000305175784
decision_type=2 2 2 2 2 8 2 2 2 2 2 2 2 2 2 2 2 2 2 2 10 2 2 2 2 2 10 2 2 8
left_child=3 10 6 -1 5 -4 19 23 28 14 13 18 -13 -2 -9 -16 -12 25 -10 20 -3 -21 29 -8 -15 26 -18 -28 -5 -23
right_child=1 2 4 8 -6 -7 7 9 11 -11 16 12 -14 24 15 -17 17 -19 -20 21 -22 22 -24 -25 -26 -27 27 -29 -30 -31
leaf_value=-0.040393206676875744 -0.029786955401062 0.0092865923806729964 0.011782726416708066 -0.027023501086632394 0.15869794681232058 0.13782218077531469 0.013172039147217224 0.056868204622186447 -0.0096805210963637651 -0.0028205859053597395 -0.035594813895515248 0.020664756102885814 0.13913780066627024 4.5534830789054137e-05 0.22986228290358704 0.07266722028594795 0.11248601133594764 0.10535997629436269 0.062767437037936899 -0.011392856163169542 -0.051436769826428919 0.05292840148894995 0.011549969611380259 0.075817357180617967 0.077834077362934947 0.0047596449260119489 0.066942091776223372 -0.027959309677276837 0.011441891921803785 0.15182154828417063
leaf_weight=4005 2002 1141 310 3488 271 160 1250 374 1915 176 348 413 161 1624 168 231 253 184 213 306 362 161 317 292 168 1287 175 244 631 161
leaf_count=4005 2002 1141 310 3488 271 160 1250 374 1915 176 348 413 161 1624 168 231 253 184 213 306 362 161 317 292 168 1287 175 244 631 161
internal_value=-0.000619415 0.0174558 0.0367596 -0.0205985 0.0927914 0.0547399 0.0283483 0.0461058 -0.00897237 0.0802938 6.4154e-06 0.00954498 0.053936 -0.0122394 0.0992481 0.138914 0.0186673 0.0274898 -0.00241786 0.0102693 -0.00532307 0.0350936 0.0573915 0.0250501 0.00735134 0.0201638 0.0496306 0.0116211 -0.0211252 0.102448
internal_weight=22791 11965 5680 10826 741 470 4939 2491 6821 949 6285 2702 574 3794 773 399 2491 2143 2128 2448 1503 945 639 1542 1792 1959 672 419 4119 322
internal_count=22791 11965 5680 10826 741 470 4939 2491 6821 949 6285 2702 574 3794 773 399 2491 2143 2128 2448 1503 945 639 1542 1792 1959 672 419 4119 322
is_linear=0
shrinkage=0.0161


Tree=71
num_leaves=31
num_cat=0
split_feature=475 517 178 297 389 359 542 531 588 57 227 299 367 254 372 447 2 8 28 191 376 116 70 304 117 270 473 13 414 189
split_gain=36818 15624.3 13751.6 8299.52 7251.51 8104.23 5883.34 6334.72 5612.83 5418.87 5270.5 4924.4 4617.34 4582.88 4407.69 5513.77 6048.89 4312.01 4176.14 4659.42 4071.15 3499.66 3471.17 3437.27 3242.64 3092.17 2991.78 3407.67 2954.19 2943.67
threshold=16.500000000000004 68.500000000000014 8.0000000000000018 8.0000000000000018 20.000000000000004 16.500000000000004 247.34999847412112 234.50000000000003 132.44999694824222 5.5000000000000009 43.500000000000007 16.500000000000004 35.500000000000007 10.500000000000002 10.500000000000002 10.500000000000002 10.500000000000002 10.500000000000002 16.500000000000004 16.500000000000004 24.500000000000004 8.0000000000000018 43.500000000000007 43.500000000000007 16.500000000000004 4.5000000000000009 20.000000000000004 16.500000000000004 24.500000000000004 8.0000000000000018
decision_type=2 2 2 2 2 2 10 2 8 2 2 2 2 2 2 2 2 2 2 2 2 2 2 2 2 2 2 2 2 2
left_child=1 3 12 21 14 -6 9 -8 -7 22 11 23 18 -13 -4 24 -17 -15 -2 -20 25 -1 29 26 -16 -5 -11 -28 -27 -3
right_child=2 6 4 20 5 8 7 -9 -10 10 -12 13 -14 17 15 16 -18 -19 19 -21 -22 -23 -24 -25 -26 28 27 -29 -30 -31
leaf_value=-0.044667992694631863 -0.013681234032460413 -0.034447443139719716 0.019435725887087574 -0.041684646013855228 0.052433174648301675 0.19938342766385567 0.13628077664084576 -0.0033631912001749723 0.089239229583196814 -0.012663955232102902 0.081187718638322151 0.0083651298754806799 0.086767556213323702 0.1228339981428133 -0.022876821705838938 0.16985107689061338 0.056422931658643184 0.030466024224785501 0.009781074298406035 0.10230994586370193 0.048638725230298489 -0.016847852231702265 0.055542428446517141 0.06555956603484106 0.069128149282010901 -0.007287803547557193 0.0010318026690171033 0.081997753268821597 0.059662950384294346 -0.00042360196555537183
leaf_weight=4422 1561 1630 1163 628 611 226 177 160 258 2860 264 723 177 232 204 204 305 303 587 186 339 1599 164 185 193 1618 438 195 191 1109
leaf_count=4422 1561 1630 1163 628 611 226 177 160 258 2860 264 723 177 232 204 204 305 303 587 186 339 1599 164 185 193 1618 438 195 191 1109
internal_value=5.90936e-05 -0.0116504 0.0356292 -0.0266648 0.057957 0.0914777 0.00399632 0.0699111 0.140719 0.00125205 0.0110921 0.00733832 0.00748552 0.0348361 0.0402051 0.06684 0.10193 0.0705649 0.00146304 0.0320759 -0.00362462 -0.0372837 -0.0163659 -0.00206044 0.0217917 -0.0109044 -0.00564854 0.0260111 -0.000205918 -0.02068
internal_weight=22912 17237 5675 8797 3164 1095 8440 337 484 8103 5200 4936 2511 1258 2069 906 509 535 2334 773 2776 6021 2903 3678 397 2437 3493 633 1809 2739
internal_count=22912 17237 5675 8797 3164 1095 8440 337 484 8103 5200 4936 2511 1258 2069 906 509 535 2334 773 2776 6021 2903 3678 397 2437 3493 633 1809 2739
is_linear=0
shrinkage=0.0161


Tree=72
num_leaves=31
num_cat=0
split_feature=178 235 177 544 101 239 247 539 79 584 388 294 410 229 52 238 412 432 235 116 273 54 210 220 228 402 553 292 81 301
split_gain=40144 19931.7 12153 11869.7 9219.88 6483.7 6734.98 6165.51 7146 8194.2 6333.43 5701.72 5407.9 4962.31 5256.38 3941.41 3852.02 3651.98 3458.79 3381.81 3666.66 3273.32 3251.62 3226.1 3174.93 2797.92 3113.92 2517.79 3179.2 3758.42
threshold=10.500000000000002 13.500000000000002 5.5000000000000009 210.94999694824222 13.500000000000002 8.0000000000000018 29.500000000000004 187.50000000000003 5.5000000000000009 280.05000305175787 29.500000000000004 5.5000000000000009 35.500000000000007 5.5000000000000009 43.500000000000007 6.5000000000000009 13.500000000000002 29.500000000000004 10.500000000000002 43.500000000000007 24.500000000000004 29.500000000000004 16.500000000000004 10.500000000000002 29.500000000000004 8.0000000000000018 198.94999694824222 3.5000000000000004 8.0000000000000018 6.5000000000000009
decision_type=2 2 2 10 2 2 2 2 2 8 2 2 2 2 2 2 2 2 2 2 2 2 2 2 2 2 8 2 2 2
left_child=2 13 12 11 -5 25 7 8 -7 10 22 24 18 17 19 -13 -9 27 -1 20 -15 -17 -10 -22 -4 -3 -27 -2 -29 -30
right_child=1 5 3 4 -6 6 -8 16 9 -11 -12 15 -14 14 -16 21 -18 -19 -20 -21 23 -23 -24 -25 -26 26 -28 28 29 -31
leaf_value=-0.038978560645402408 -0.05281434045678586 -0.00013966061695701578 -0.030353877760134915 0.013041589696799284 0.14849299653709072 0.04513775529776539 0.00062907111696588428 -0.0061967312413977078 0.052445456322482938 0.23022989472350025 0.19341930383971406 -0.0073379424970389405 0.027770001300776677 0.0055853859231540142 0.10485953329413163 0.0135146975375231 0.096048373166679635 0.059351939714639236 -0.0099362459887445635 0.088775331661092999 0.01595859985195108 0.072561635544769715 0.13362945872619683 0.10378324609481618 0.043658624256075473 0.027290991734120362 0.11357606402445779 -0.02717485993892068 0.066310427042502132 -0.01626619322447417
leaf_weight=5652 391 439 2404 298 232 319 234 224 347 183 177 2719 394 2365 191 1337 166 180 1312 164 237 298 204 201 160 331 162 803 269 304
leaf_count=5652 391 439 2404 298 232 319 234 224 347 183 177 2719 394 2365 191 1337 166 180 1312 164 237 298 204 201 160 331 162 803 269 304
internal_value=8.00072e-05 0.0294105 -0.0155504 -0.00104911 0.0723779 0.0640491 0.0814704 0.0931329 0.110829 0.133806 0.109535 -0.00667789 -0.0302258 0.0105023 0.0229682 0.00453391 0.0372626 -0.00970513 -0.0335104 0.0176885 0.0135209 0.0242912 0.0825454 0.0563154 -0.0257261 0.0293684 0.055692 -0.0167531 -0.00648898 0.0224591
internal_weight=22697 7891 14806 7448 530 2786 1854 1620 1230 911 728 6918 7358 5105 3158 4354 390 1947 6964 2967 2803 1635 551 438 2564 932 493 1767 1376 573
internal_count=22697 7891 14806 7448 530 2786 1854 1620 1230 911 728 6918 7358 5105 3158 4354 390 1947 6964 2967 2803 1635 551 438 2564 932 493 1767 1376 573
is_linear=0
shrinkage=0.0161


Tree=73
num_leaves=31
num_cat=0
split_feature=475 558 178 482 103 299 118 120 268 598 324 564 373 456 350 13 68 30 334 534 499 60 172 254 145 106 419 289 294 85
split_gain=31998.8 19213 13704.3 13058.1 11597.9 7437.42 6964.76 6484.44 6081.53 6893.85 5011.01 4749.83 5415.34 4539.99 6393.03 3909.93 3913.64 3785.48 3941.07 3604.89 6067.44 4484.3 3611.73 3506.38 4840.43 3360.44 3334.61 3826.83 3505.38 3281.08
threshold=10.500000000000002 238.25000000000003 10.500000000000002 25.500000000000004 10.500000000000002 16.500000000000004 4.5000000000000009 4.5000000000000009 13.500000000000002 101.04999923706056 10.500000000000002 247.34999847412112 8.0000000000000018 20.000000000000004 8.0000000000000018 35.500000000000007 10.500000000000002 20.000000000000004 10.500000000000002 99.500000000000014 58.500000000000007 8.0000000000000018 24.500000000000004 16.500000000000004 13.500000000000002 13.500000000000002 8.0000000000000018 13.500000000000002 8.0000000000000018 10.500000000000002
decision_type=2 10 2 2 2 2 2 2 2 8 2 10 2 2 2 2 2 2 2 2 2 2 2 2 2 2 2 2 2 2
left_child=3 2 10 -1 -3 19 -5 -8 25 -10 17 12 26 23 -15 -14 -17 -2 -19 20 -4 -22 -21 -12 -25 -7 -9 -28 -29 -11
right_child=1 4 5 6 -6 8 7 11 9 29 13 -13 15 14 -16 16 -18 18 -20 22 21 -23 -24 24 -26 -27 27 28 -30 -31
leaf_value=-0.039179024016646247 -0.01923929056953614 0.049244173770976625 0.016694904199345193 -0.026516525297248465 0.23837511325253838 0.005252778511011586 -0.021488555387688506 -0.02614758400337943 0.18357942838030472 0.029472411328365738 -0.0063462180873054509 0.098007555587724171 0.018844312631880578 -0.0034186985593663696 0.12234352157358866 0.024460479689037248 0.13314382407823722 -0.0061986126605661045 0.081839305258893019 -0.011999992840414073 0.14732356922877327 0.044579048818551216 0.067344546926121698 0.11537771821224449 -0.0020589692771334623 0.078560252047448348 -0.0074653943768500921 0.10487070214775294 0.0028136222452254038 0.11517843762681444
leaf_weight=4288 2594 171 812 2856 166 366 1935 1182 209 234 1057 166 2056 183 244 177 168 350 211 833 200 247 181 167 199 292 769 185 166 231
leaf_count=4288 2594 171 812 2856 166 366 1935 1182 209 234 1057 166 2056 183 244 177 168 350 211 833 200 247 181 167 199 292 769 185 166 231
internal_value=-0.000551491 0.0232125 0.0185418 -0.0157967 0.142476 0.0424752 -0.00541504 0.00343891 0.072693 0.106703 0.00129827 0.0133502 0.0103571 0.0223403 0.0683903 0.0272756 0.0774528 -0.0110327 0.0268717 0.0247569 0.042954 0.0906024 0.00213987 0.00850549 0.0514612 0.0378201 -0.00727874 0.0126136 0.0566714 0.0720996
internal_weight=22895 8947 8610 13948 337 3605 9660 6804 1332 674 5005 4869 4703 1850 427 2401 345 3155 561 2273 1259 447 1014 1423 366 658 2302 1120 351 465
internal_count=22895 8947 8610 13948 337 3605 9660 6804 1332 674 5005 4869 4703 1850 427 2401 345 3155 561 2273 1259 447 1014 1423 366 658 2302 1120 351 465
is_linear=0
shrinkage=0.0161


Tree=74
num_leaves=31
num_cat=0
split_feature=116 210 480 558 237 236 432 370 501 568 12 415 476 87 179 293 297 261 277 23 120 151 178 315 35 355 130 299 485 239
split_gain=37083.7 15625.5 14195.2 12270.1 10118.1 9211.16 7097.53 6902.13 5325.31 8181.89 4943.89 4812.14 6776.21 4521.66 4512.59 4238.18 3965.44 4219.72 4527.55 5739.82 3679.23 3634.05 3341.99 3104.84 4211.32 2945.63 2924.83 2914.31 2843.58 4594.83
threshold=16.500000000000004 16.500000000000004 148.50000000000003 228.75000000000003 5.5000000000000009 52.000000000000007 4.5000000000000009 43.500000000000007 268.50000000000006 213.05000305175784 29.500000000000004 29.500000000000004 16.500000000000004 29.500000000000004 10.500000000000002 16.500000000000004 3.5000000000000004 13.500000000000002 13.500000000000002 13.500000000000002 6.5000000000000009 8.0000000000000018 16.500000000000004 24.500000000000004 13.500000000000002 5.5000000000000009 10.500000000000002 10.500000000000002 181.50000000000003 13.500000000000002
decision_type=2 2 2 10 2 2 2 2 2 10 2 2 2 2 2 2 2 2 2 2 2 2 2 2 2 2 2 2 2 2
left_child=2 3 4 6 15 11 -2 8 13 -10 21 -3 -13 23 -12 -1 -8 -18 20 -20 -19 25 -14 27 -25 -6 -15 -4 29 -29
right_child=1 5 7 -5 10 -7 16 -9 9 -11 14 12 22 26 -16 -17 17 18 19 -21 -22 -23 -24 24 -26 -27 -28 28 -30 -31
leaf_value=-0.039277197733198002 -0.028516811874225334 0.039879613985144842 -0.02854164280052493 0.14223067168155376 -0.039157515157185047 0.16972567968310562 -0.034409374081551092 0.090705943808872008 0.12481858095494798 -0.0063073670033789017 9.5132498945617159e-05 0.012069196005094911 0.083547575168904584 0.10334021508086615 0.084513997767360086 -0.0021344166266395875 0.014777831629140913 -0.021919082253189431 0.17406344208079338 0.039702672179548724 0.064346496822479338 0.003374045232325274 0.18136200925012916 0.079771668452499639 -0.025727389794479465 -0.0080620382993301515 0.0077218357313187796 0.10393851287211051 -0.017794840176047454 -0.0040368223863403102
leaf_weight=5824 912 1025 1360 193 1460 229 281 288 241 252 396 160 165 170 281 924 1740 216 161 170 314 2581 204 231 170 1725 163 170 490 255
leaf_count=5824 912 1025 1360 193 1460 229 281 288 241 252 396 160 165 170 281 924 1740 216 161 170 314 2581 204 231 170 1725 163 170 490 255
internal_value=-0.000541863 0.0347194 -0.0125247 0.016994 -0.0204158 0.0743422 0.010617 0.0149338 0.00869573 0.057745 -0.00598097 0.0602712 0.0997379 0.000651582 0.0351693 -0.0341947 0.023009 0.0292212 0.0583827 0.105128 0.0291448 -0.0108166 0.137688 -0.00630265 0.0349877 -0.0223236 0.0566067 -0.013591 0.00860504 0.0390979
internal_weight=22751 5770 16981 3987 13191 1783 3794 3790 3502 493 6443 1554 529 3009 677 6748 2882 2601 861 331 530 5766 369 2676 401 3185 333 2275 915 425
internal_count=22751 5770 16981 3987 13191 1783 3794 3790 3502 493 6443 1554 529 3009 677 6748 2882 2601 861 331 530 5766 369 2676 401 3185 333 2275 915 425
is_linear=0
shrinkage=0.0161


Tree=75
num_leaves=31
num_cat=0
split_feature=356 150 490 355 353 582 11 230 27 57 175 27 401 258 483 536 536 565 396 393 117 470 476 118 319 383 515 305 2 207
split_gain=34303.5 14460.4 10526.6 9178.92 7573.59 6071.6 6053.07 5675.5 5028.35 5721.38 5339.58 6791.39 6659.33 5029.3 4985.33 5084.74 6425.85 4505.67 4575.15 4498.51 4428.21 4017.61 3905.22 6096.16 3114.68 3572.78 5453.4 3105.19 3063.09 3290.61
threshold=10.500000000000002 8.0000000000000018 78.500000000000014 29.500000000000004 35.500000000000007 157.84999847412112 52.000000000000007 13.500000000000002 3.5000000000000004 6.5000000000000009 8.0000000000000018 5.5000000000000009 24.500000000000004 20.000000000000004 269.50000000000006 221.50000000000003 191.50000000000003 201.75000000000003 8.0000000000000018 10.500000000000002 5.5000000000000009 10.500000000000002 43.500000000000007 20.000000000000004 8.0000000000000018 13.500000000000002 156.50000000000003 13.500000000000002 16.500000000000004 8.0000000000000018
decision_type=2 2 2 2 2 8 2 2 2 2 2 2 2 2 2 2 2 8 2 2 2 2 2 2 2 2 2 2 2 2
left_child=2 7 20 6 5 19 14 -2 -4 13 12 -12 -11 24 15 16 22 27 -19 -5 -1 -15 -3 -24 -10 -26 -27 -9 29 -13
right_child=1 3 8 4 -6 -7 -8 17 9 10 11 28 -14 21 -16 -17 -18 18 -20 -21 -22 -23 23 -25 25 26 -28 -29 -30 -31
leaf_value=-0.037502131669571295 -0.0099407644072613821 0.017153577158291359 -0.029565312676307333 0.058442104185750528 0.17527205462802717 0.01664678642418875 0.12393311504865055 -0.011132973473678693 -0.035591081547683999 -0.012038046682194062 0.14895670501547811 0.007994785400865987 0.087248681996582103 0.087442078470880022 0.11056639671049286 -0.034548332498038112 0.12608205291754301 0.020889800924201903 0.14000855078992386 0.15799086548434427 -0.013956403477053826 -0.0054319478349355863 0.0095697670199496303 0.14264337558743478 -0.020051567023499799 -0.020573951212518215 0.10966220262373776 0.0602480830263405 -0.0062883497815513613 0.083071264491988525
leaf_weight=4298 2594 2322 1096 258 206 364 182 494 1210 1079 161 240 209 231 182 344 173 161 175 218 4003 252 184 174 593 163 170 232 304 413
leaf_count=4298 2594 2322 1096 258 206 364 182 494 1210 1079 161 240 209 231 182 344 173 161 175 218 4003 252 184 174 593 163 170 232 304 413
internal_value=0.000645918 0.0268028 -0.0143389 0.0457764 0.087721 0.0662221 0.033449 0.00288738 0.0016756 0.00849422 0.0264202 0.0521656 0.00405465 -0.00796489 0.0285684 0.023893 0.0309478 0.0342431 0.0830009 0.104083 -0.0261505 0.0389373 0.0247979 0.0743137 -0.0185816 0.00361919 0.0458423 0.0116451 0.0358574 0.0555141
internal_weight=22685 8263 14422 4607 1046 840 3561 3656 6121 5025 2406 1118 1288 2619 3379 3197 2853 1062 336 476 8301 483 2680 358 2136 926 333 726 957 653
internal_count=22685 8263 14422 4607 1046 840 3561 3656 6121 5025 2406 1118 1288 2619 3379 3197 2853 1062 336 476 8301 483 2680 358 2136 926 333 726 957 653
is_linear=0
shrinkage=0.0161


Tree=76
num_leaves=31
num_cat=0
split_feature=176 539 115 58 90 477 153 285 480 314 278 362 360 125 230 477 133 316 230 530 373 2 221 252 193 334 178 329 480 107
split_gain=33227.1 13810.9 11808.6 9302.4 7305.66 6988.12 7020.63 6359.48 5663.69 7035.95 10519.7 6267.81 5457.27 6331.52 4948.34 4820.76 4777.67 4738.73 4573.74 4542.04 4417.37 4771.65 4752.87 4167.43 3911.38 5016.34 7101.61 3756.26 3759.85 3654.85
threshold=10.500000000000002 62.500000000000007 16.500000000000004 5.5000000000000009 6.5000000000000009 29.500000000000004 16.500000000000004 5.5000000000000009 184.50000000000003 13.500000000000002 10.500000000000002 8.0000000000000018 29.500000000000004 10.500000000000002 13.500000000000002 16.500000000000004 16.500000000000004 16.500000000000004 16.500000000000004 29.500000000000004 16.500000000000004 10.500000000000002 6.5000000000000009 10.500000000000002 20.000000000000004 10.500000000000002 8.0000000000000018 10.500000000000002 31.500000000000004 13.500000000000002
decision_type=2 2 2 2 2 2 2 2 2 2 2 2 2 2 2 2 2 2 2 2 2 2 2 2 2 2 2 2 2 2
left_child=1 15 8 -4 14 20 -7 18 11 -10 -11 -2 19 -14 -5 -1 -13 -18 -3 -9 22 -22 -6 -20 29 26 -26 -17 -29 -21
right_child=2 7 3 4 5 6 -8 12 9 10 -12 16 13 -15 -16 27 17 -19 23 24 21 -23 -24 -25 25 -27 -28 28 -30 -31
leaf_value=-0.034169562484122784 -0.018838098752582664 -0.027736221425551592 -0.0060579595467468344 -0.014840998723805185 0.0041735619269722976 0.084930810418742231 0.21060101531299252 0.083575543772422795 0.010637861334023691 0.017246659443814438 0.1998016539129889 0.0086153976816281484 0.011549864732164062 0.124623382922347 0.079255526605665663 -0.02081821198841674 0.10751815883681969 -1.9333490681362744e-06 -0.010788933949741253 -0.016762062102529104 0.1723917210305147 0.065986739389945745 0.072865129619981067 0.087214128439890876 0.014414669968552025 -0.0054638805619690225 0.15807657205597392 -0.0053393659933819813 0.087621139868831244 0.017869373860910386
leaf_weight=6353 1837 2143 611 435 463 317 182 194 493 167 161 1484 284 235 217 778 290 167 286 2057 164 331 601 185 195 346 165 244 209 1282
leaf_count=6353 1837 2143 611 435 463 317 182 194 493 167 161 1484 284 235 217 778 290 167 286 2057 164 331 601 185 195 346 165 244 209 1282
internal_value=0.000853697 -0.0132653 0.0275188 0.0506552 0.0634505 0.0783325 0.130814 0.00242398 0.0108066 0.049135 0.106926 0.00247117 0.0135105 0.0627942 0.0164403 -0.0285192 0.0226508 0.0681759 -0.0177467 0.0074709 0.0615194 0.101288 0.0429961 0.0276549 0.00381507 0.0382479 0.0803251 0.00062256 0.0374977 -0.00345837
internal_weight=22876 14956 7920 3321 2710 2058 499 7372 4599 821 328 3778 4758 519 652 7584 1941 457 2614 4239 1559 495 1064 471 4045 706 360 1231 453 3339
internal_count=22876 14956 7920 3321 2710 2058 499 7372 4599 821 328 3778 4758 519 652 7584 1941 457 2614 4239 1559 495 1064 471 4045 706 360 1231 453 3339
is_linear=0
shrinkage=0.0161


Tree=77
num_leaves=31
num_cat=0
split_feature=177 55 116 510 210 435 535 374 561 509 85 473 412 568 56 413 273 496 332 161 486 370 514 596 494 532 144 438 18 273
split_gain=26830 13434.5 9164.65 8126.41 6937.67 7292.28 6928.72 6357.7 6053.97 5933.76 5861.44 5425.73 5734.06 5282.96 5178.09 5291.79 5162.83 4906.52 4718.81 6241.29 4632.48 4188.51 7974.56 3514.74 2626.91 4381.32 3176.94 2731.28 2615.22 2614.26
threshold=6.5000000000000009 8.0000000000000018 35.500000000000007 37.500000000000007 8.0000000000000018 24.500000000000004 121.50000000000001 8.0000000000000018 221.94999694824222 41.500000000000007 10.500000000000002 29.500000000000004 8.0000000000000018 85.149997711181655 29.500000000000004 3.5000000000000004 10.500000000000002 198.50000000000003 16.500000000000004 13.500000000000002 109.50000000000001 13.500000000000002 197.50000000000003 156.94999694824222 61.500000000000007 95.500000000000014 8.0000000000000018 8.0000000000000018 10.500000000000002 4.5000000000000009
decision_type=2 2 2 2 2 2 2 2 10 2 2 2 2 10 2 2 2 2 2 2 2 2 2 10 2 2 2 2 2 2
left_child=3 4 7 -1 18 24 9 -3 14 -4 -11 17 -13 -7 15 -9 -8 -5 -2 -20 -14 23 -23 -19 -6 27 -27 -26 -28 -17
right_child=1 2 6 11 5 13 16 8 -10 10 -12 12 20 -15 -16 29 -18 21 19 -21 -22 22 -24 -25 25 26 28 -29 -30 -31
leaf_value=-0.034263535697396839 -0.030854252330871669 0.0067167411251145724 0.053661904277902829 -0.017266064102861675 -0.01725500713346962 0.0060147875375176066 -0.030834583572505014 0.098864415015284535 0.12056296879269907 0.22732974766987402 0.091662612199280735 -0.028613155653868419 0.14224836028392213 0.12410610913182411 0.093559385401055989 -0.015970892924387803 0.082195048729058931 0.044081724661108088 -0.013600648765128924 0.10680627901696285 0.028830232391817409 -0.0031973800404456166 0.15058620772337225 -0.034519886593846381 0.023224603618633804 -0.031034197527172562 0.06994782694273538 0.11551694494152286 -0.013306115361867493 0.027234009595712021
leaf_weight=4554 2150 2716 248 5006 829 160 203 230 229 162 170 203 163 256 333 469 216 246 368 160 220 192 160 368 167 414 219 167 176 1598
leaf_count=4554 2150 2716 248 5006 829 160 203 230 229 162 170 203 163 256 333 469 216 246 368 160 220 192 160 368 167 414 219 167 176 1598
internal_value=0.000152758 0.0172361 0.0324201 -0.0177402 -0.00246311 0.0174837 0.0773373 0.024367 0.0411262 0.113388 0.157933 -0.00626243 0.0404789 0.0787429 0.0342005 0.0255849 0.0273775 -0.0108529 -0.0202587 0.0228417 0.077161 0.0223573 0.0666374 -0.0029897 0.00454891 0.0203835 0.000100701 0.0694412 0.0327928 0.0174195
internal_weight=22752 11640 6574 11112 5066 2388 999 5575 2859 580 332 6558 586 416 2630 2297 419 5972 2678 528 383 966 352 614 1972 1143 809 334 395 2067
internal_count=22752 11640 6574 11112 5066 2388 999 5575 2859 580 332 6558 586 416 2630 2297 419 5972 2678 528 383 966 352 614 1972 1143 809 334 395 2067
is_linear=0
shrinkage=0.0161


Tree=78
num_leaves=31
num_cat=0
split_feature=116 510 150 55 567 291 477 31 260 238 502 40 285 546 446 33 117 0 0 522 176 221 272 254 409 530 480 562 117 89
split_gain=32788.1 13208.4 12492.8 10953.5 7770.26 7271.79 6096.8 6014.72 5851.53 5443.32 5057.13 7827.25 5049.6 4890.54 4241.14 4202.8 4111.29 4419.78 4068.45 5014.95 3870.84 3750.73 3285 3137.62 4572.93 3120.84 3899.79 2893.86 3659.27 4075
threshold=16.500000000000004 37.500000000000007 5.5000000000000009 29.500000000000004 271.25000000000006 61.500000000000007 24.500000000000004 8.0000000000000018 10.500000000000002 6.5000000000000009 230.50000000000003 20.000000000000004 8.0000000000000018 247.34999847412112 10.500000000000002 16.500000000000004 16.500000000000004 13.500000000000002 6.5000000000000009 62.500000000000007 8.0000000000000018 20.000000000000004 8.0000000000000018 6.5000000000000009 16.500000000000004 257.50000000000006 201.50000000000003 182.25000000000003 24.500000000000004 10.500000000000002
decision_type=2 2 2 2 10 2 2 2 2 2 2 2 2 10 2 2 2 2 2 2 2 2 2 2 2 2 2 10 2 2
left_child=1 9 21 7 5 10 8 -4 12 -1 13 25 -5 14 22 -8 23 18 19 -18 -11 -2 -3 -9 -25 26 -12 28 -16 -30
right_child=2 4 3 6 -6 -7 15 16 -10 20 11 -13 -14 -15 27 -17 17 -19 -20 -21 -22 -23 -24 24 -26 -27 -28 -29 29 -31
leaf_value=-0.041319930453068962 -0.018784224913792887 -0.029741758794423079 0.0010131263431630789 0.051816775444339054 0.10994164311511154 0.084434315910102781 0.094442116425632355 -0.0095966316565646911 0.011255678443153325 -0.023548183725658717 -0.01825455564490228 0.10588965672704506 0.16639625778814757 0.073549655786159976 0.0022729264638413752 0.20609005674601574 0.12489982499471186 0.030829530729612403 0.14166952171285993 0.0059677955090881906 0.022585798145447478 0.049732099530621535 -0.0046093451508192711 0.020359042457696829 0.11793094513377878 -0.047374418801355622 0.06476873544640542 -0.040482671471184097 -0.00043200156135892603 0.10509331978219912
leaf_weight=4044 1253 3115 1095 218 162 244 191 421 309 1641 291 258 185 185 2737 163 170 467 284 201 661 248 2381 454 172 222 295 343 178 202
leaf_count=4044 1253 3115 1095 218 162 244 191 421 309 1641 291 258 185 185 2737 163 170 467 284 201 661 248 2381 454 172 222 295 343 178 202
internal_value=-0.000368568 -0.0116932 0.0325641 0.0464398 -0.00070382 -0.00242118 0.0912595 0.0317947 0.0640512 -0.0300679 -0.00449978 0.0286807 0.104474 -0.00837177 -0.0100666 0.145917 0.0473237 0.0687475 0.0957461 0.0605284 -0.010291 -0.00744806 -0.0188581 0.0243428 0.0472055 0.00399815 0.0235003 0.00389129 0.00878183 0.0556011
internal_weight=22790 16959 5831 4330 10613 10451 1066 3264 712 6346 10207 1066 403 9141 8956 354 2169 1122 655 371 2302 1501 5496 1047 626 808 586 3460 3117 380
internal_count=22790 16959 5831 4330 10613 10451 1066 3264 712 6346 10207 1066 403 9141 8956 354 2169 1122 655 371 2302 1501 5496 1047 626 808 586 3460 3117 380
is_linear=0
shrinkage=0.0161


Tree=79
num_leaves=31
num_cat=0
split_feature=416 175 432 481 526 555 480 31 500 429 171 536 34 569 301 449 172 122 476 372 160 410 487 59 116 444 304 185 357 539
split_gain=32773.5 12957.5 8423.91 8678.43 15051.4 7772.15 7311.24 5895.23 5806.42 5452.86 5519.63 4570.43 4808.11 6016.67 6011.11 5076.62 4378.86 4626.25 3978.3 3807.71 3349.47 3264.2 3978.65 3253.74 3365.9 3337.06 3158.73 2836.86 2819.49 6231.86
threshold=6.5000000000000009 10.500000000000002 29.500000000000004 93.500000000000014 135.50000000000003 235.84999847412112 23.500000000000004 6.5000000000000009 257.50000000000006 16.500000000000004 29.500000000000004 251.50000000000003 8.0000000000000018 233.25000000000003 10.500000000000002 10.500000000000002 24.500000000000004 13.500000000000002 29.500000000000004 8.0000000000000018 10.500000000000002 10.500000000000002 88.500000000000014 5.5000000000000009 29.500000000000004 10.500000000000002 61.500000000000007 8.0000000000000018 10.500000000000002 91.500000000000014
decision_type=2 2 2 2 2 10 2 2 2 2 2 2 2 8 2 2 2 2 2 2 2 2 2 2 2 2 2 2 2 2
left_child=6 2 7 -4 -5 9 -1 -2 28 11 23 12 19 15 -15 -14 26 20 -17 -3 -18 -21 -23 -11 25 27 -8 -25 -9 -30
right_child=1 5 3 4 -6 -7 16 8 -10 10 -12 -13 13 14 -16 18 17 -19 -20 21 -22 22 -24 24 -26 -27 -28 -29 29 -31
leaf_value=-0.040825824358086828 -0.023505975769310523 -0.017014525657981821 -0.0064279588551826999 0.22203308325339546 0.016888690929896682 0.12042041633732763 -0.018360391077071211 -0.0094885913733451718 0.095105577514804418 -0.00084449246398185095 0.12846119609296611 -0.049494317995463936 -0.0073813175765098391 0.03977796300519118 0.16133608657902068 0.031819592416314317 -0.030148397301173809 0.091315813485322431 0.10987803051369169 0.003127997409451804 0.047523510670644448 0.014321942034005285 0.12751634402419387 0.026925032252424742 0.10700597984927485 0.00044604290487661955 0.051168341667048055 0.11617917040838255 0.04636753420752654 -0.015908065729608057
leaf_weight=3347 2341 893 315 167 209 268 6146 1824 193 314 239 223 620 227 198 624 355 197 233 433 242 162 161 183 270 308 174 188 960 735
leaf_count=3347 2341 893 315 167 209 268 6146 1824 193 314 239 223 620 227 198 624 355 197 233 433 242 162 161 183 270 308 174 188 960 735
internal_value=-0.00025494 0.017574 0.00258037 0.0558386 0.108066 0.0358088 -0.0212 -0.00349561 0.00911774 0.0315064 0.0574605 0.0211709 0.0256152 0.0430609 0.0964651 0.0276781 -0.0119631 0.0236615 0.0530695 0.00547864 0.00129727 0.0320791 0.0708168 0.0440062 0.058871 0.0396958 -0.0164424 0.072217 0.00439504 0.0193492
internal_weight=22749 12288 6744 691 376 5544 10461 6053 3712 5276 1502 3774 3551 1902 425 1477 7114 794 857 1649 597 756 323 1263 949 679 6320 371 3519 1695
internal_count=22749 12288 6744 691 376 5544 10461 6053 3712 5276 1502 3774 3551 1902 425 1477 7114 794 857 1649 597 756 323 1263 949 679 6320 371 3519 1695
is_linear=0
shrinkage=0.0161


Tree=80
num_leaves=31
num_cat=0
split_feature=416 499 238 296 208 179 176 583 431 400 447 105 595 568 7 386 334 536 15 546 415 178 82 62 293 202 147 312 462 353
split_gain=28424.4 12713.6 9104.43 7159.49 7612.77 6870.34 5652.63 9827.86 5591.15 10535.8 5949.67 5747.61 6444.77 5428.01 5255.8 4670.12 3805.99 3644.22 3588.82 3580.74 3509.72 3327.19 3548.39 3307.38 3025.98 2816.84 4825.88 3977.04 3233.35 2780.29
threshold=10.500000000000002 62.500000000000007 5.5000000000000009 16.500000000000004 8.0000000000000018 10.500000000000002 35.500000000000007 147.15000152587893 29.500000000000004 24.500000000000004 10.500000000000002 24.500000000000004 183.15000152587893 157.84999847412112 5.5000000000000009 13.500000000000002 43.500000000000007 126.50000000000001 16.500000000000004 201.75000000000003 3.5000000000000004 13.500000000000002 4.5000000000000009 2.5000000000000004 10.500000000000002 8.0000000000000018 4.5000000000000009 20.000000000000004 8.0000000000000018 4.5000000000000009
decision_type=2 2 2 2 2 2 2 8 2 2 2 2 8 8 2 2 2 2 2 10 2 2 2 2 2 2 2 2 2 2
left_child=1 20 19 25 15 17 14 -8 10 13 16 23 -13 -10 -7 -5 21 -6 -16 -2 -1 -3 -23 -12 -17 -4 28 -28 -27 -25
right_child=2 8 3 4 5 6 7 -9 9 -11 11 12 -14 -15 18 24 -18 -19 -20 -21 -22 22 -24 29 -26 26 27 -29 -30 -31
leaf_value=-0.046406314427773571 -0.010255274835794389 -0.028068580093449206 0.0016821603150222416 0.00044035007183523844 0.060354046285882507 0.15170037528793273 0.22698503178795926 0.063000757142314193 0.065207341172583214 0.14037034626901626 -0.062445529340593428 0.018007770125097789 0.14907374624481404 -0.032778200481057465 0.016935719461208958 0.11490506700584081 0.055100261008197086 -0.0099699734191619014 0.097508093505987381 0.068746773590544819 -0.021679566493222304 0.065983898328969504 -0.01069324664916157 0.047879523495001054 0.020529661115684848 0.13812083101379632 -0.00061146451471188025 0.070552805638142577 0.036458320304775436 0.00043055340798097948
leaf_weight=2117 2101 2819 1715 936 506 161 192 188 248 207 172 238 165 358 372 182 185 306 234 160 5033 209 621 417 172 161 854 267 165 1382
leaf_count=2117 2101 2819 1715 936 506 161 192 188 248 207 172 238 165 358 372 182 185 306 234 160 5033 209 621 417 172 161 854 267 165 1382
internal_value=0.000155798 -0.0138924 0.0231149 0.032912 0.0496999 0.0697032 0.095083 0.145918 0.00149347 0.0411974 -0.00370237 0.0163228 0.0717284 0.00728265 0.0698668 0.0193047 -0.016108 0.0338236 0.0480867 -0.00465427 -0.0290041 -0.0197246 0.00858626 0.00498232 0.0691168 0.0156548 0.032199 0.0163175 0.0867381 0.0114421
internal_weight=22843 14171 8672 6411 3249 1959 1147 380 7021 813 6208 2374 403 606 767 1290 3834 812 606 2261 7150 3649 830 1971 354 3162 1447 1121 326 1799
internal_count=22843 14171 8672 6411 3249 1959 1147 380 7021 813 6208 2374 403 606 767 1290 3834 812 606 2261 7150 3649 830 1971 354 3162 1447 1121 326 1799
is_linear=0
shrinkage=0.0161


Tree=81
num_leaves=31
num_cat=0
split_feature=117 175 475 496 151 370 12 480 66 195 284 258 503 239 155 269 150 565 66 281 468 187 417 539 178 193 205 561 144 561
split_gain=25695.4 15678.4 8748.87 8400.84 7000.11 6710.81 5967.25 6002.96 10503.7 5516.51 4913.62 7869.36 4722.22 4023.19 5182.02 3983.87 3964.03 3875.6 3650.73 3580.03 3422.68 3481.01 4760.07 3360 3506.83 3737.14 3239.87 3209.34 3201.65 3011.8
threshold=6.5000000000000009 10.500000000000002 29.500000000000004 36.500000000000007 29.500000000000004 52.000000000000007 16.500000000000004 80.500000000000014 20.000000000000004 8.0000000000000018 20.000000000000004 13.500000000000002 96.500000000000014 5.5000000000000009 43.500000000000007 20.000000000000004 6.5000000000000009 240.75000000000003 24.500000000000004 16.500000000000004 4.5000000000000009 10.500000000000002 10.500000000000002 112.50000000000001 16.500000000000004 16.500000000000004 4.5000000000000009 221.94999694824222 6.5000000000000009 170.05000305175784
decision_type=2 2 2 2 2 2 2 2 2 2 2 2 2 2 2 2 2 8 2 2 2 2 2 2 2 2 2 8 2 10
left_child=3 6 13 -1 9 16 15 -8 12 -4 11 -11 -9 18 17 -2 -5 23 -3 26 -18 22 27 -15 25 29 -17 -22 -19 -25
right_child=1 2 4 5 -6 -7 7 8 -10 10 -12 -13 -14 14 -16 19 20 28 -20 -21 21 -23 -24 24 -26 -27 -28 -29 -30 -31
leaf_value=-0.03718049622648352 -0.015098236148087908 -0.0089090485183330095 0.019040571138880299 -0.022681586766524989 0.15249548143092942 0.074249994966616356 -0.0061790715522848875 0.093890098573456163 0.1395583620399376 0.062675158839905334 0.013413692044047966 0.20044754932393813 -0.0011140884722563387 0.037072201672922349 0.11858884127088982 0.060305236841560278 -0.030418794981440633 0.023828588005362424 0.070413179775198897 0.085273815635649119 -0.0065456784473533836 -0.012068260877812705 0.088776974164846159 -0.045740531309030628 -0.044891254487270542 0.085623638103577288 -0.017366435939250413 0.058444268644377295 0.10115755747581399 0.042463399352228239
leaf_weight=4005 4505 1197 589 3169 224 252 906 176 258 283 169 174 589 1148 179 197 574 253 172 186 636 790 286 222 344 162 474 285 310 183
leaf_count=4005 4505 1197 589 3169 224 252 906 176 258 283 169 174 589 1148 179 197 574 253 172 186 636 790 286 222 344 162 474 285 310 183
internal_value=0.000246549 0.0152618 0.0354982 -0.0191266 0.0697358 -0.00705565 -0.00030289 0.0239776 0.0507082 0.0544587 0.0877459 0.115183 0.0207123 0.0236777 0.0347337 -0.00904227 -0.0106293 0.0290001 0.00103974 0.0227647 0.00421719 0.0141844 0.0313867 0.0187488 -0.00431572 0.02026 0.00540224 0.0135397 0.0664494 -0.00582731
internal_weight=22897 12900 5609 9997 1439 5992 7291 1929 1023 1215 626 457 765 4170 2801 5362 5740 2622 1369 857 2571 1997 1207 2059 911 567 671 921 563 405
internal_count=22897 12900 5609 9997 1439 5992 7291 1929 1023 1215 626 457 765 4170 2801 5362 5740 2622 1369 857 2571 1997 1207 2059 911 567 671 921 563 405
is_linear=0
shrinkage=0.0161


Tree=82
num_leaves=31
num_cat=0
split_feature=415 480 178 329 176 417 221 243 551 324 283 93 389 368 424 461 391 118 480 193 476 229 457 243 585 293 409 586 523 384
split_gain=26014.8 12366.9 9751.27 6430.24 6968.11 6395.91 5236.47 4447.4 5463.97 7915.01 4399.56 6371.58 6006.33 4326.97 5860.73 4268.29 4254.97 3785.74 3534.45 3379.56 3378.74 3414.68 3182.73 3073.64 3290.71 2940.28 2872.59 3709.17 2871.93 2985.08
threshold=16.500000000000004 25.500000000000004 8.0000000000000018 13.500000000000002 52.000000000000007 8.0000000000000018 10.500000000000002 10.500000000000002 213.05000305175784 10.500000000000002 13.500000000000002 24.500000000000004 10.500000000000002 16.500000000000004 13.500000000000002 29.500000000000004 4.5000000000000009 13.500000000000002 217.50000000000003 20.000000000000004 10.500000000000002 24.500000000000004 6.5000000000000009 20.000000000000004 187.55000305175784 29.500000000000004 13.500000000000002 133.65000152587893 153.50000000000003 8.0000000000000018
decision_type=2 2 2 2 2 2 2 2 8 2 2 2 2 2 2 2 2 2 2 2 2 2 2 2 10 2 2 8 2 2
left_child=1 17 15 18 6 7 28 22 19 -10 20 16 -13 14 -8 -2 -12 -1 25 -9 21 -7 -3 24 -18 -4 -22 -28 29 -5
right_child=2 5 3 4 -6 10 13 8 9 -11 11 12 -14 -15 -16 -17 23 -19 -20 -21 26 -23 -24 -25 -26 -27 27 -29 -30 -31
leaf_value=-0.037948468957028261 -0.0013658858842889496 -0.034642556913165694 0.0059157378996340165 0.089196582704993796 0.16126368961550788 -0.020780910238250003 0.065930791597316074 -0.018605095574340251 -0.0020846899707323992 0.11544910897486074 -0.04185050525140746 0.16490299529110689 0.029521152339459848 0.030057432572231008 0.18648033215550819 0.068930043347562323 0.031724560069068049 -0.0043972318503622716 0.085330585472285156 0.045667372005572214 0.0040094105310877941 0.047664746881802188 -0.007907295405859445 0.077489618870151156 -0.045376686437342974 0.0735300890819581 0.099707132747166138 0.013952188012166619 -0.024438911574786275 0.0139290991625741
leaf_weight=4049 2139 2137 1123 255 200 1662 222 1307 342 262 253 166 175 189 199 250 720 1113 223 253 1161 213 2516 280 179 196 221 322 185 296
leaf_count=4049 2139 2137 1123 255 200 1662 222 1307 342 262 253 166 175 189 199 250 720 1113 223 253 1161 213 2516 280 179 196 221 322 185 296
internal_value=-0.000170067 -0.00983722 0.0304156 0.049312 0.0725232 -0.000977424 0.0593199 -0.0113214 0.00773944 0.0488595 0.0121936 0.0329339 0.0954945 0.0942199 0.122969 0.00598047 0.01802 -0.0307189 0.0260253 -0.00816633 0.00191243 -0.0129929 -0.0201912 0.0308875 0.0163467 0.0159809 0.0183274 0.0488976 0.0303627 0.0488052
internal_weight=22808 17331 5477 3088 1546 12169 1346 6817 2164 604 5352 1773 341 610 421 2389 1432 5162 1542 1560 3579 1875 4653 1179 899 1319 1704 543 736 551
internal_count=22808 17331 5477 3088 1546 12169 1346 6817 2164 604 5352 1773 341 610 421 2389 1432 5162 1542 1560 3579 1875 4653 1179 899 1319 1704 543 736 551
is_linear=0
shrinkage=0.0161


Tree=83
num_leaves=31
num_cat=0
split_feature=116 178 55 477 31 541 213 372 424 354 471 232 431 119 311 221 230 309 376 150 422 2 566 91 543 175 298 187 347 117
split_gain=26351.6 11578.2 10489.2 7743.26 6952.63 6920.26 6027.15 5819.87 5706.45 5589.08 5853.85 5194.67 5526.49 4737.43 4420.49 3755.95 4533.72 3647.59 3225.18 3171.45 3033.49 2994.56 2969.36 2849.85 4113.15 2520.18 2652.34 2567.32 2899.07 3361.28
threshold=16.500000000000004 4.5000000000000009 29.500000000000004 24.500000000000004 4.5000000000000009 233.25000000000003 10.500000000000002 52.000000000000007 16.500000000000004 20.000000000000004 35.500000000000007 29.500000000000004 10.500000000000002 6.5000000000000009 61.500000000000007 10.500000000000002 16.500000000000004 61.500000000000007 3.5000000000000004 5.5000000000000009 16.500000000000004 16.500000000000004 71.750000000000014 8.0000000000000018 152.44999694824222 6.5000000000000009 43.500000000000007 13.500000000000002 10.500000000000002 5.5000000000000009
decision_type=2 2 2 2 2 10 2 2 2 2 2 2 2 2 2 2 2 2 2 2 2 2 8 2 10 2 2 2 2 2
left_child=1 7 4 19 -2 9 -5 22 -7 14 23 13 -13 -6 17 -15 20 18 -3 -4 -17 -21 -1 -11 -25 -20 27 28 -27 -30
right_child=2 5 3 6 11 8 -8 -9 -10 10 -12 12 -14 15 -16 16 -18 -19 25 21 -22 -23 -24 24 -26 26 -28 -29 29 -31
leaf_value=-0.057069929259514013 -0.022381237672661605 -0.031736754731533187 -0.01809576728150785 0.064375449783012059 -0.0067239028251869244 0.017508380385284246 0.18917266945207195 0.063350942021293544 0.13815639658619219 -0.012831569179346488 0.11312992684623008 0.025072612594961834 0.14883351921684468 0.016738971793076152 0.066236736028154664 0.0083988212278921157 0.11489995127371067 0.061023287152794016 -0.015169118777993956 0.089367351932753261 0.079896845107340284 0.020796916321606636 -0.026422183711274048 0.012072239047459831 0.095748751633806431 0.002285599576227349 -0.058288714943353533 -0.017113411770839575 -0.011074052736729768 0.063029738971264848
leaf_weight=989 909 1692 177 197 1083 280 206 172 160 611 171 197 179 1304 200 397 269 182 4065 367 252 302 4834 604 204 1234 165 757 221 558
leaf_count=989 909 1692 177 197 1083 280 206 172 160 611 171 197 179 1304 200 397 269 182 4065 367 252 302 4834 604 204 1234 165 757 221 558
internal_value=-0.000786887 -0.0108719 0.0287423 0.0701154 0.017479 -0.0011352 0.128226 -0.0289025 0.0614339 -0.00371903 0.0241214 0.0273286 0.0840533 0.0208681 -0.00859999 0.034327 0.0592849 -0.0102893 -0.0117852 0.0424061 0.036197 0.0584485 -0.0316316 0.0133786 0.0332276 -0.00695926 0.00440344 0.00814631 0.0176571 0.0419765
internal_weight=22938 17099 5839 1249 4590 11104 403 5995 440 10664 1590 3681 376 3305 9074 2222 918 8874 8692 846 649 669 5823 1419 808 7000 2935 2770 2013 779
internal_count=22938 17099 5839 1249 4590 11104 403 5995 440 10664 1590 3681 376 3305 9074 2222 918 8874 8692 846 649 669 5823 1419 808 7000 2935 2770 2013 779
is_linear=0
shrinkage=0.0161


Tree=84
num_leaves=31
num_cat=0
split_feature=236 526 474 554 477 105 511 295 228 357 52 178 118 14 498 328 589 424 89 529 296 24 546 410 394 504 472 9 81 475
split_gain=29881 13199.4 8935.01 8717.31 6633.88 5794.42 6766.28 5301.97 5224.16 5509.95 5000.81 4737.34 5688.55 4941.52 4643.9 4434.44 4333.55 3987.24 3874.12 3918.39 3837.17 4552.27 3779.38 3261.2 3019.49 3290.44 3011.8 3540.41 2800.22 2908.65
threshold=13.500000000000002 78.500000000000014 16.500000000000004 209.25000000000003 43.500000000000007 24.500000000000004 240.50000000000003 5.5000000000000009 43.500000000000007 8.0000000000000018 24.500000000000004 10.500000000000002 10.500000000000002 8.0000000000000018 286.50000000000006 10.500000000000002 127.25000000000001 20.000000000000004 20.000000000000004 73.500000000000014 16.500000000000004 16.500000000000004 238.25000000000003 10.500000000000002 29.500000000000004 56.500000000000007 16.500000000000004 13.500000000000002 13.500000000000002 16.500000000000004
decision_type=2 2 2 10 2 2 2 2 2 2 2 2 2 2 2 2 8 2 2 2 2 2 8 2 2 2 2 2 2 2
left_child=1 7 8 4 15 11 10 -1 9 22 17 14 13 -13 -3 -4 18 -7 19 -11 -17 23 -2 -22 25 -18 -14 -28 -27 -30
right_child=2 5 3 -5 -6 6 -8 -9 -10 16 -12 12 26 -15 -16 20 24 -19 -20 -21 21 -23 -24 -25 -26 28 27 -29 29 -31
leaf_value=-0.034975402041837703 -0.029797371660553785 -0.014451676003202461 0.0045405951814084409 0.1437034723870079 0.13248848969060492 -0.012275091202865305 0.13549236681866408 -0.010757655901737665 0.10522166393953324 0.0085040484220359359 0.099160988255878088 0.014995379925891169 -0.0084548958180839014 0.1211668827093559 0.062878388092574872 0.011991001137941307 0.063974909249683243 0.076620004056672686 0.10340486653685517 0.10016869298153143 0.072232274730670343 0.02421895261880069 0.033696346688746298 0.15770189701078796 0.071994464857232043 -0.035531627633274797 0.0028323378162679858 0.096652729057514625 -0.024566590886109813 0.067159234990292013
leaf_weight=4860 1007 3955 738 260 202 645 161 4532 161 479 182 222 1162 234 212 364 167 164 282 162 303 286 320 189 165 578 255 177 177 181
leaf_count=4860 1007 3955 738 260 202 645 161 4532 161 479 182 222 1162 234 212 364 167 164 282 162 303 286 320 189 165 578 255 177 177 181
internal_value=0.000414266 -0.0106359 0.0311793 0.0557648 0.0447717 0.00549125 0.0386574 -0.0232919 0.0155221 0.0114103 0.0229017 -0.000650603 0.0193826 0.0695297 -0.0105118 0.0353343 0.0270948 0.00571658 0.0536382 0.0317072 0.0552137 0.0754058 -0.0144684 0.105113 0.00775485 -0.00183354 0.00502208 0.0413271 -0.0136002 0.021743
internal_weight=22782 16761 6021 2342 2082 7369 1152 9392 3679 3518 991 6217 2050 456 4167 1880 2191 809 923 641 1142 778 1327 492 1268 1103 1594 432 936 358
internal_count=22782 16761 6021 2342 2082 7369 1152 9392 3679 3518 991 6217 2050 456 4167 1880 2191 809 923 641 1142 778 1327 492 1268 1103 1594 432 936 358
is_linear=0
shrinkage=0.0161


Tree=85
num_leaves=31
num_cat=0
split_feature=297 415 542 150 481 506 115 152 157 347 412 446 423 479 410 506 187 255 507 211 493 416 475 296 556 554 172 202 272 328
split_gain=24251.3 12832 8383.84 8095.81 6487.76 6040.18 6030.3 7119.82 8287.94 5367.12 5332.96 7082.48 4896.74 4625.47 4547.51 4538.4 4087.98 5492.55 5270.52 4069.83 5297.2 3935.04 4839.86 3758.59 3522.08 4247.19 3096.67 2886.9 2850.37 3009.67
threshold=5.5000000000000009 10.500000000000002 244.44999694824222 5.5000000000000009 37.500000000000007 218.50000000000003 16.500000000000004 20.000000000000004 8.0000000000000018 8.0000000000000018 3.5000000000000004 8.0000000000000018 5.5000000000000009 35.500000000000007 35.500000000000007 106.50000000000001 8.0000000000000018 20.000000000000004 106.50000000000001 8.0000000000000018 190.50000000000003 6.5000000000000009 5.5000000000000009 3.5000000000000004 209.25000000000003 177.15000152587893 10.500000000000002 13.500000000000002 3.5000000000000004 13.500000000000002
decision_type=2 2 10 2 2 2 2 2 2 2 2 2 2 2 2 2 2 2 2 2 2 2 2 2 10 10 2 2 2 2
left_child=5 4 3 -3 -2 14 13 24 -9 -6 11 -11 -7 16 23 -10 17 18 26 -12 21 -21 -23 -1 25 28 -5 -16 -8 -30
right_child=1 2 -4 6 9 12 7 8 15 10 19 -13 -14 -15 27 -17 -18 -19 -20 20 -22 22 -24 -25 -26 -27 -28 -29 29 -31
leaf_value=-0.042103999479710059 -0.020669699357704699 -0.0042451192921244968 0.12499438265987281 0.018223212339876036 -0.005315171749557421 0.10515379798710041 -0.010587571967630246 0.17173258672790329 0.11135043941449774 0.017488905685334257 -0.0043503448637343019 0.164628737148968 0.00066104747531289506 0.095092450107546078 0.056492628711386557 -0.0076004298857741664 -0.013200435942621366 0.10672552611482095 -0.032830500490872813 0.016593247272507553 -0.016475914237244652 0.15800490701799783 0.051585567722296707 -0.018223911447700556 0.11186860056468233 -0.037984179922022757 0.094821746936106149 -0.027799221358052795 0.022434861094578405 0.07413691042100766
leaf_weight=2543 2546 1551 238 392 2584 165 221 264 163 180 1037 161 395 192 293 169 906 211 359 295 304 178 296 5226 161 193 211 164 508 691
leaf_count=2543 2546 1551 238 392 2584 165 221 264 163 180 1037 161 395 192 293 169 906 211 359 295 304 178 296 5226 161 193 211 164 508 691
internal_value=0.00131457 0.0144652 0.0311953 0.0275862 0.000272127 -0.019654 0.0382291 0.0561992 0.104368 0.0108663 0.0279353 0.0870286 0.0314911 0.0194652 -0.0231387 0.0507293 0.0124696 0.0323166 0.0159717 0.018374 0.0403579 0.062856 0.0915986 -0.0260435 0.0400031 0.0328154 0.0450654 0.026192 0.0424547 0.0522511
internal_weight=22797 14011 6430 6192 7581 8786 4641 2370 596 5035 2451 341 560 2271 8226 332 2079 1173 962 2110 1073 769 474 7769 1774 1613 603 457 1420 1199
internal_count=22797 14011 6430 6192 7581 8786 4641 2370 596 5035 2451 341 560 2271 8226 332 2079 1173 962 2110 1073 769 474 7769 1774 1613 603 457 1420 1199
is_linear=0
shrinkage=0.0161


Tree=86
num_leaves=31
num_cat=0
split_feature=237 416 539 179 86 219 36 541 361 459 221 51 72 53 325 593 426 463 150 165 353 406 59 537 212 177 593 56 417 85
split_gain=24778.6 12716.7 9384.43 6820.75 6668.41 7684.98 6480.49 6349.64 6475.67 5867.35 5416.15 4815.2 5096.03 4757.13 4145.23 4047.7 4013.62 6920.92 3938.59 3900.11 3881.16 3664.89 4726.51 3533.96 3330.81 3319.17 3263.3 5030.61 3088.78 3009.04
threshold=6.5000000000000009 13.500000000000002 57.500000000000007 10.500000000000002 29.500000000000004 10.500000000000002 10.500000000000002 195.05000305175784 10.500000000000002 20.000000000000004 10.500000000000002 24.500000000000004 13.500000000000002 5.5000000000000009 5.5000000000000009 308.34999084472662 13.500000000000002 10.500000000000002 6.5000000000000009 8.0000000000000018 24.500000000000004 10.500000000000002 8.0000000000000018 92.500000000000014 3.5000000000000004 3.5000000000000004 99.350002288818374 24.500000000000004 10.500000000000002 2.5000000000000004
decision_type=2 2 2 2 2 2 2 8 2 2 2 2 2 2 2 8 2 2 2 2 2 2 2 2 2 2 10 2 2 2
left_child=2 10 -1 24 6 -6 26 13 -9 11 -2 18 -13 -8 -12 20 23 -18 -4 -20 21 -16 -23 -11 -3 -21 27 -5 -27 -26
right_child=1 3 9 4 5 -7 7 8 -10 16 14 12 -14 -15 15 -17 17 -19 19 25 -22 22 -24 -25 29 28 -28 -29 -30 -31
leaf_value=-0.030246550220167295 -0.010081613854498213 -0.022442008583423701 -0.030281275036062479 0.011335035384511456 0.048269043580069552 0.18635385774158597 0.1136236607085219 0.20002902873422476 0.05798602244860851 0.06814548654920026 -0.0088769936189183451 0.00026821905270275431 0.099904633058799736 0.021210456077789853 -0.017001439568634123 0.098803427643413586 0.0078417053031845999 0.13904245817048497 -0.018845173248780558 0.079211942195987858 0.086982002667519071 0.11103617981377382 0.0036798158992118169 -0.014659203415430309 0.083419651674395204 -0.017984868924949514 -0.010080280768999163 0.1139945175266205 0.066139857381907696 0.01953775032009164
leaf_weight=5836 3827 450 2157 393 225 196 195 168 166 184 750 403 199 560 523 236 215 203 1010 238 219 175 272 487 211 380 593 181 161 2063
leaf_count=5836 3827 450 2157 393 225 196 195 168 166 184 750 403 199 560 523 236 215 203 1010 238 219 175 272 487 211 380 593 181 161 2063
internal_value=0.000768071 0.0175765 -0.0159358 0.0354999 0.053755 0.112611 0.0427612 0.0710153 0.129503 -0.00111567 0.00144403 -0.00915731 0.0332436 0.0451099 0.0217347 0.0378626 0.0324471 0.0716151 -0.0156319 0.00201763 0.0257469 0.0118974 0.0457624 0.00801222 0.017551 0.0290972 0.0163754 0.0437478 0.0070069 0.0254756
internal_weight=22876 11403 11473 5401 2677 421 2256 1089 334 5637 6002 4548 602 755 2175 1425 1089 418 3946 1789 1189 970 447 671 2724 779 1167 574 541 2274
internal_count=22876 11403 11473 5401 2677 421 2256 1089 334 5637 6002 4548 602 755 2175 1425 1089 418 3946 1789 1189 970 447 671 2724 779 1167 574 541 2274
is_linear=0
shrinkage=0.0161


Tree=87
num_leaves=31
num_cat=0
split_feature=357 475 480 326 329 295 212 457 314 144 95 463 480 507 258 239 416 374 310 136 585 383 383 114 494 500 410 275 377 213
split_gain=22006.9 11210.6 10005.6 7378.51 6648.05 6533.22 5945.74 6560.97 5373.61 5495.78 5299.16 5296.21 5929.05 5691.95 4873.82 4432.34 3848.62 4585.82 3743.57 5393.4 5306.79 4374.79 3541.65 3417.4 3319.2 4455.33 3183.38 3157.32 4142.46 2896.82
threshold=10.500000000000002 16.500000000000004 148.50000000000003 4.5000000000000009 10.500000000000002 4.5000000000000009 13.500000000000002 10.500000000000002 20.000000000000004 8.0000000000000018 8.0000000000000018 10.500000000000002 205.50000000000003 222.50000000000003 29.500000000000004 6.5000000000000009 8.0000000000000018 24.500000000000004 13.500000000000002 13.500000000000002 191.15000152587893 8.0000000000000018 10.500000000000002 16.500000000000004 103.50000000000001 59.500000000000007 20.000000000000004 6.5000000000000009 6.5000000000000009 10.500000000000002
decision_type=2 2 2 2 2 2 2 2 2 2 2 2 2 2 2 2 2 2 2 2 10 2 2 2 2 2 2 2 2 2
left_child=2 11 5 -3 24 26 27 -8 14 -10 -11 29 15 -14 18 -13 -17 -18 -4 20 21 -20 -9 -7 25 -5 -1 -6 -29 -2
right_child=1 3 8 4 6 23 7 22 9 10 -12 12 13 -15 -16 16 17 -19 19 -21 -22 -23 -24 -25 -26 -27 -28 28 -30 -31
leaf_value=-0.040448471960524535 -0.018550397969168589 -0.0012781006698194934 -0.02030300946680795 0.014584609562646138 0.012801200644448096 -0.016494839156987826 0.17399879144257677 0.12435863243727893 0.0028770326958732695 0.15852019647400298 0.033697509156453143 -0.018764422711066799 0.15301049076233372 0.019435453882393837 0.069932935197433807 -0.0027469059623631943 0.033464607250887048 0.1270096885850307 0.032842416475166343 -0.037624787019773974 -0.022193962553949838 0.1470693686498917 0.019963874689001231 0.0083325669777529858 -0.00569547561813396 0.12224513328735721 0.0025712994147721433 0.0165118466607026 0.11490285498249594 0.014081915355555768
leaf_weight=3637 1988 668 1431 253 324 5414 291 161 289 181 173 672 171 161 251 494 601 176 177 248 162 172 178 1955 454 165 507 178 297 1092
leaf_count=3637 1988 668 1431 253 324 5414 291 161 289 181 173 672 171 161 251 494 601 176 177 248 162 172 178 1955 454 165 507 178 297 1092
internal_value=-0.000190537 0.0206992 -0.0121046 0.0457933 0.0594688 -0.0190043 0.0808534 0.117867 0.0136455 0.055055 0.0975858 0.00678169 0.0254139 0.0883055 0.00272785 0.0146556 0.0323438 0.054684 -0.0049639 0.0239251 0.0538427 0.0892051 0.0696131 -0.00990492 0.0243975 0.0571385 -0.0351795 0.0516394 0.0780817 -0.00697312
internal_weight=22921 8324 14597 2969 2301 11513 1429 630 3084 643 354 5355 2275 332 2441 1943 1271 777 2190 759 511 349 339 7369 872 418 4144 799 475 3080
internal_count=22921 8324 14597 2969 2301 11513 1429 630 3084 643 354 5355 2275 332 2441 1943 1271 777 2190 759 511 349 339 7369 872 418 4144 799 475 3080
is_linear=0
shrinkage=0.0161


Tree=88
num_leaves=31
num_cat=0
split_feature=296 150 561 82 236 589 118 504 314 539 117 105 595 265 500 220 496 54 80 475 504 143 271 27 216 172 52 288 110 495
split_gain=26654 12656.3 9206.56 9459.46 9382.72 8403.81 7153.54 6264.3 7175.66 6085.71 4779.53 4598.55 5196.62 10127.6 7406.42 4505.36 4782.88 4090.32 3795.93 4237.24 4129.87 3590.55 4194.65 4959.06 3429.39 3401.58 3115.24 3015.2 2866.43 2742.52
threshold=5.5000000000000009 6.5000000000000009 221.94999694824222 6.5000000000000009 29.500000000000004 124.35000228881837 29.500000000000004 230.50000000000003 13.500000000000002 51.500000000000007 13.500000000000002 4.5000000000000009 240.75000000000003 8.0000000000000018 141.50000000000003 24.500000000000004 127.50000000000001 20.000000000000004 6.5000000000000009 35.500000000000007 230.50000000000003 8.0000000000000018 10.500000000000002 24.500000000000004 24.500000000000004 20.000000000000004 16.500000000000004 13.500000000000002 10.500000000000002 12.500000000000002
decision_type=2 2 10 2 2 10 2 2 2 2 2 2 8 2 2 2 2 2 2 2 2 2 2 2 2 2 2 2 2 2
left_child=9 7 4 -4 17 6 26 15 -9 -1 -5 -11 25 28 -15 -2 -17 18 -3 20 24 -19 -23 -24 29 -13 -6 -7 -14 -20
right_child=1 2 3 10 5 27 -8 8 -10 11 -12 12 13 14 -16 16 -18 21 19 -21 -22 22 23 -25 -26 -27 -28 -29 -30 -31
leaf_value=-0.033624681586050274 -0.012591122459158662 -0.0091703876849280608 0.18881835146204029 -0.011175778826678473 0.043872609869858567 0.042186556235169953 0.17640581302745387 0.0056908396037602203 0.14194817800415133 -0.034159683957600204 0.09880518412734067 -0.016450091218578471 -0.046646032288624011 0.18570685891620034 0.03288991877901784 0 0.095836773131869737 0.012742986203750632 -0.016554537985078388 0.089777835849232893 -0.064383647183654302 0.022354148580472587 0.1379522866797584 0.027813162805707642 -0.027941576828307901 0.035015166939355594 0.12393382517372704 -0.042369655244430302 0.039244363670688939 0.035329530383475277
leaf_weight=4369 4736 1929 176 191 443 269 206 269 160 1163 220 2056 251 160 170 371 212 765 310 210 161 389 271 175 335 397 177 184 168 1761
leaf_count=4369 4736 1929 176 191 443 269 206 269 160 1163 220 2056 251 160 170 371 212 765 310 210 161 389 271 175 335 397 177 184 168 1761
internal_value=0.00185548 0.0156896 0.028565 0.0900078 0.0238069 0.0635736 0.0941386 -0.00261146 0.0565643 -0.0201902 0.0476375 -0.00673808 0.00321438 0.0403375 0.107054 -0.00738866 0.0348332 0.0157375 0.00817048 0.0202245 0.0145254 0.0379795 0.0610721 0.094789 0.0198154 -0.00811122 0.0667668 0.00778947 -0.0121517 0.0275518
internal_weight=22654 13920 8172 587 7585 1279 826 5748 429 8734 411 4365 3202 749 330 5319 583 6306 4706 2777 2567 1600 835 446 2406 2453 620 453 419 2071
internal_count=22654 13920 8172 587 7585 1279 826 5748 429 8734 411 4365 3202 749 330 5319 583 6306 4706 2777 2567 1600 835 446 2406 2453 620 453 419 2071
is_linear=0
shrinkage=0.0161


Tree=89
num_leaves=31
num_cat=0
split_feature=176 508 417 207 451 270 72 194 318 524 192 531 501 54 102 359 34 574 211 112 519 414 411 395 329 433 281 14 153 271
split_gain=23356.6 9564.33 9498.9 8026.99 7782.8 5786.75 5547.07 5436.74 6255.36 5027.15 6901.22 4682.79 5087.75 4340.38 4128.27 4029.01 4658.98 5303.93 3983.19 3902.85 3158.65 3395.21 4902.54 3125.35 3103.88 4313.53 2948.7 6244.21 2911.36 2910.46
threshold=8.0000000000000018 159.50000000000003 10.500000000000002 20.000000000000004 29.500000000000004 5.5000000000000009 35.500000000000007 13.500000000000002 4.5000000000000009 141.50000000000003 16.500000000000004 290.50000000000006 272.50000000000006 24.500000000000004 52.000000000000007 8.0000000000000018 10.500000000000002 221.94999694824222 13.500000000000002 4.5000000000000009 255.50000000000003 13.500000000000002 29.500000000000004 10.500000000000002 4.5000000000000009 5.5000000000000009 8.0000000000000018 10.500000000000002 4.5000000000000009 20.000000000000004
decision_type=2 2 2 2 2 2 2 2 2 2 2 2 2 2 2 2 2 8 2 2 2 2 2 2 2 2 2 2 2 2
left_child=1 5 14 7 9 28 11 24 -9 10 23 12 15 -7 20 -3 17 -17 -15 -10 21 -2 -23 -5 -4 -26 -27 -28 -1 -21
right_child=2 6 3 4 -6 13 -8 8 19 -11 -12 -13 -14 18 -16 16 -18 -19 -20 29 -22 22 -24 -25 25 26 27 -29 -30 -31
leaf_value=-0.046039543548797232 -0.014027095947194234 -0.017064388128747401 -0.026939259659519914 0.010531648057050853 0.15247144661469975 -0.013173063400241236 0.095734385600072386 0.13716567963428439 0.098738180105584855 0.001663902397352006 0.16321278893270449 -0.065308019143318463 0.087766630649151509 0.0061016130949936315 0.071542408251658973 0.024583120729820482 -0.0071278854855929873 0.14182919827949775 0.099362050248115216 -0.00022740285396501801 0.053232536574353749 0.0038941754501337421 0.083555529944193352 0.097020858699872398 -0.0097190903363403632 0.013289800161018609 0.11750641328343668 0.013923143966103136 -0.021714845081754645 0.070256495052612208
leaf_weight=2208 2724 899 473 276 244 4832 206 189 202 349 177 203 226 401 221 263 401 162 169 553 275 1394 234 179 823 625 288 318 3034 209
leaf_count=2208 2724 899 473 276 244 4832 206 189 202 349 177 203 226 401 221 263 401 162 169 553 275 1394 234 179 823 625 288 318 3034 209
internal_value=0.000714221 -0.0134102 0.0195492 0.035346 0.0710531 -0.0199128 0.0159074 0.0234535 0.0524292 0.0507782 0.0778627 0.00826217 0.0159292 -0.00821293 0.00356179 0.00650376 0.0321833 0.0693299 0.0337938 0.0357915 0.000309736 -0.00302901 0.0153587 0.0446088 0.0102234 0.0187927 0.0378738 0.0631897 -0.0319652 0.0190739
internal_weight=22757 13004 9753 4905 1225 10644 2360 3680 1153 981 632 2154 1951 5402 4848 1725 826 425 570 964 4627 4352 1628 455 2527 2054 1231 606 5242 762
internal_count=22757 13004 9753 4905 1225 10644 2360 3680 1153 981 632 2154 1951 5402 4848 1725 826 425 570 964 4627 4352 1628 455 2527 2054 1231 606 5242 762
is_linear=0
shrinkage=0.0161


Tree=90
num_leaves=31
num_cat=0
split_feature=415 357 178 222 570 296 510 55 475 557 73 557 139 586 424 208 151 237 449 294 287 101 150 515 350 408 166 490 546 595
split_gain=23628.1 10313.4 9938.15 7191.51 6485.98 7785.18 7601.93 7299.54 6468.51 5029.56 6937.37 4572.04 4298.18 4152.91 6393.63 4135.12 3897.57 4279.87 3731.79 3483.43 3471.3 3465.21 3189.23 3149.1 3040.27 5481.03 3011.69 2592.01 4306.66 2493.36
threshold=10.500000000000002 10.500000000000002 5.5000000000000009 3.5000000000000004 231.15000152587893 16.500000000000004 164.50000000000003 43.500000000000007 43.500000000000007 137.05000305175784 35.500000000000007 235.84999847412112 3.5000000000000004 200.34999847412112 24.500000000000004 24.500000000000004 8.0000000000000018 8.0000000000000018 5.5000000000000009 5.5000000000000009 16.500000000000004 35.500000000000007 5.5000000000000009 53.500000000000007 13.500000000000002 5.5000000000000009 16.500000000000004 159.50000000000003 137.05000305175784 200.34999847412112
decision_type=2 2 2 2 10 2 2 2 2 10 2 10 2 8 2 2 2 2 2 2 2 2 2 2 2 2 2 2 8 8
left_child=2 11 18 23 5 -5 7 8 15 16 12 19 -11 14 26 -7 -4 -18 -1 -2 -19 -20 -21 -3 -24 -26 -14 28 -27 -8
right_child=1 3 9 4 -6 6 29 -9 -10 10 -12 -13 13 -15 -16 -17 17 20 21 22 -22 -23 24 -25 25 27 -28 -29 -30 -31
leaf_value=-0.040010404185107859 -0.021651739548007733 0.033227136363807419 -0.021198520725411309 0.015685995166098855 0.13063663469600276 0.02006541670584968 0.043737150685898868 0.15841826663192043 0.13632881229127228 0.070969952927129237 0.11025635187802307 0.084523790536733368 -0.013224343842307704 -0.033799259055978401 0.10918356171877358 0.10179194820960002 -0.016480335013079904 0.011101595030939415 -0.020133741263518638 -0.012355470960277219 0.072084311624858816 0.044898789452850703 0.0073914803978826129 -0.045848327860410883 0.13102457933447323 0.0011265518529227205 0.053592091223868793 -0.029612330503005557 0.10971591357532581 -0.034547810880109574
leaf_weight=3223 1269 214 2991 1551 229 583 217 273 251 267 201 176 719 573 174 222 1151 988 3064 1080 321 228 1322 334 162 225 231 162 164 205
leaf_count=3223 1269 214 2991 1551 229 583 217 273 251 267 201 176 719 573 174 222 1151 988 3064 1080 321 228 1322 334 162 225 231 162 164 205
internal_value=-0.000268226 0.0207063 -0.0130927 0.0393065 0.0477298 0.0419729 0.0652438 0.0841484 0.0649257 -0.000601714 0.0201554 0.00406293 0.0109223 0.00146075 0.0194568 0.0426329 -0.00885024 0.00615389 -0.0276909 0.000827381 0.0260741 -0.0156225 0.00999256 -0.0149255 0.0218645 0.0486665 0.00299782 0.0244096 0.0469677 0.00565195
internal_weight=22770 8639 14131 4079 3531 3302 1751 1329 1056 7616 2165 4560 1964 1697 1124 805 5451 2460 6515 4384 1309 3292 3115 548 2035 713 950 551 389 422
internal_count=22770 8639 14131 4079 3531 3302 1751 1329 1056 7616 2165 4560 1964 1697 1124 805 5451 2460 6515 4384 1309 3292 3115 548 2035 713 950 551 389 422
is_linear=0
shrinkage=0.0161


Tree=91
num_leaves=31
num_cat=0
split_feature=115 510 555 177 313 591 238 235 229 353 173 490 591 416 261 435 275 568 245 486 204 30 568 65 113 150 446 185 90 85
split_gain=20384.9 9565.79 8732.63 6764.6 5451.32 5245 4526.75 6690.88 4514.65 6692.91 5552.71 5786.65 4131.68 3867.4 3672.6 3608.98 3869.34 4465.04 5602.31 5795.37 6025.76 3924.51 3709.41 6338.9 3541.64 3455.14 3136.45 3529.21 4757.61 4777.95
threshold=16.500000000000004 37.500000000000007 238.25000000000003 10.500000000000002 4.5000000000000009 117.85000228881837 20.000000000000004 29.500000000000004 24.500000000000004 4.5000000000000009 10.500000000000002 142.50000000000003 100.45000076293947 4.5000000000000009 8.0000000000000018 4.5000000000000009 4.5000000000000009 168.05000305175784 29.500000000000004 117.50000000000001 13.500000000000002 8.0000000000000018 115.14999771118165 13.500000000000002 4.5000000000000009 35.500000000000007 8.0000000000000018 20.000000000000004 8.0000000000000018 16.500000000000004
decision_type=2 2 10 2 2 10 2 2 2 2 2 2 10 2 2 2 2 10 2 2 2 2 8 2 2 2 2 2 2 2
left_child=1 25 3 14 -3 6 12 -8 13 -10 -11 -12 -5 -6 -2 -15 -17 18 19 22 21 -21 23 -18 -16 -1 -7 28 -28 -30
right_child=2 4 -4 5 8 26 7 -9 9 10 11 -13 -14 15 24 16 17 -19 -20 20 -22 -23 -24 -25 -26 -27 27 -29 29 -31
leaf_value=-0.027535913000149174 -0.012807691402282714 -0.018932518794696693 0.11858489201586925 0.028448691941203044 -0.017608051776000905 -0.023167624382880267 0.050179382560584206 0.17587171950573638 0.11965962226975656 -0.029962461548098882 0.11649291152084677 -0.0056606861040076244 0.11599761087180611 -0.016380072104393455 0.075336137068993697 -0.012337597144714758 0.017975332923705702 -0.0028393702460114121 -0.03620712189403983 0.10522626788288655 0.16435642054071531 0.013535802737529091 -0.0038196336108999663 0.13638929433126701 0.01022956987448056 0.035199884054656135 -0.018393665799010955 -0.032785093821146638 0.14238670588488955 0.02440993614851256
leaf_weight=6132 1557 2924 249 991 1846 408 274 184 211 349 209 193 163 1066 273 883 365 933 222 229 187 258 532 173 1054 236 163 160 188 170
leaf_count=6132 1557 2924 249 991 1846 408 274 184 211 349 209 193 163 1066 273 883 365 933 222 229 187 258 532 173 1054 236 163 160 188 170
internal_value=-0.00068009 -0.00961637 0.0252761 0.0211119 -0.000230176 0.0394221 0.0578663 0.100727 0.0069096 0.0395242 0.0169781 0.0577885 0.0408352 0.00221902 0.00395532 0.00977353 0.0171515 0.0261416 0.039907 0.0496093 0.0866035 0.0566994 0.0262844 0.0560964 0.0236415 -0.0252072 0.0120984 0.0332615 0.0535897 0.08643
internal_weight=22782 16948 5834 5585 10580 2701 1612 458 7656 962 751 402 1154 6694 2884 4848 3782 2899 1966 1744 674 487 1070 538 1327 6368 1089 681 521 358
internal_count=22782 16948 5834 5585 10580 2701 1612 458 7656 962 751 402 1154 6694 2884 4848 3782 2899 1966 1744 674 487 1070 538 1327 6368 1089 681 521 358
is_linear=0
shrinkage=0.0161


Tree=92
num_leaves=31
num_cat=0
split_feature=476 209 492 433 412 539 259 56 294 210 535 119 59 291 353 511 482 208 247 483 64 399 117 241 473 59 296 123 477 512
split_gain=21689.5 12929 8991.35 7790.21 6438.53 8458.54 11483.8 5708.02 4649.49 4468.72 5161.56 4699.99 4072.2 4612.51 3931.19 5490.45 6685.37 4108.55 3760.02 6196.49 3710.52 4491.39 3706.76 3573.07 3520.65 3259.38 4478.62 3109.52 2911.36 2618.05
threshold=10.500000000000002 4.5000000000000009 79.500000000000014 6.5000000000000009 13.500000000000002 152.50000000000003 8.0000000000000018 29.500000000000004 8.0000000000000018 8.0000000000000018 136.50000000000003 29.500000000000004 2.5000000000000004 52.000000000000007 4.5000000000000009 190.50000000000003 201.50000000000003 10.500000000000002 10.500000000000002 79.500000000000014 13.500000000000002 20.000000000000004 20.000000000000004 8.0000000000000018 20.000000000000004 20.000000000000004 29.500000000000004 6.5000000000000009 10.500000000000002 92.500000000000014
decision_type=2 2 2 2 2 2 2 2 2 2 2 2 2 2 2 2 2 2 2 2 2 2 2 2 2 2 2 2 2 2
left_child=2 23 8 25 9 7 -7 -6 28 -5 11 18 -4 14 15 17 -17 -14 19 -11 -16 24 -10 -2 -22 -3 -27 -25 -1 -29
right_child=1 3 12 4 5 6 -8 -9 22 10 -12 -13 13 -15 20 16 -18 -19 -20 -21 21 -23 -24 27 -26 26 -28 29 -30 -31
leaf_value=-0.038300135611038205 -0.034093263988863934 -0.00046291157357347223 -0.033720984765744408 0.002117494097125929 0.022822606727008303 0.2221133613022028 0.064386704019061033 0.10567140645171083 -0.010456844015809005 0.040409433190335062 0.0043737880952729197 0.1411422448410419 -0.011770566924892648 0.084283959332820915 -0.014573836478042052 0.15544549367935212 0.010922226791036724 0.062376657696277357 0.0095225935037930275 0.15658752732529857 -0.013400908990300262 0.082072876476739609 0.066125912586490893 -0.027138142596872132 0.056109490675620918 0.015611005017175454 0.11206381684473511 -0.0018202911322520894 -0.010433284932990172 0.084937105737383348
leaf_weight=4059 1196 2119 684 1032 836 191 322 291 2360 384 544 177 672 198 2499 172 161 272 357 173 736 240 176 281 254 480 169 169 1281 192
leaf_count=4059 1196 2119 684 1032 836 191 322 291 2360 384 544 177 672 198 2499 172 161 272 357 173 736 240 176 281 254 480 169 169 1281 192
internal_value=0.000826987 0.0203947 -0.0118425 0.0302793 0.0438243 0.0689371 0.123157 0.0442357 -0.0230941 0.028373 0.0449309 0.0651322 0.0032039 0.00806173 0.00504225 0.0294246 0.0856416 0.00956895 0.0503868 0.0765357 -0.00330122 0.0195823 -0.00513267 -0.0176412 0.0044093 0.00919478 0.0407636 0.012971 -0.0316196 0.0442569
internal_weight=22677 8913 13764 7075 4307 1640 513 1127 7876 2667 1635 1091 5888 5204 5006 1277 333 944 914 557 3729 1230 2536 1838 990 2768 649 642 5340 361
internal_count=22677 8913 13764 7075 4307 1640 513 1127 7876 2667 1635 1091 5888 5204 5006 1277 333 944 914 557 3729 1230 2536 1838 990 2768 649 642 5340 361
is_linear=0
shrinkage=0.0161


Tree=93
num_leaves=31
num_cat=0
split_feature=175 495 223 415 353 13 253 358 541 530 416 358 568 418 504 150 185 528 85 196 164 408 32 220 417 314 220 261 504 510
split_gain=23376.8 9216.55 9161.53 7689.93 7732.51 7503.08 6055.55 5240.42 4822.71 4819.15 6786.74 4770.01 4685.64 4577.5 5240.09 4481.56 4223.73 4163.53 4151.28 3870.23 3327.83 3047.75 3103.2 3746.44 3036.32 3729.54 2399.22 2352.35 3033.42 2929.05
threshold=10.500000000000002 317.50000000000006 8.0000000000000018 10.500000000000002 73.500000000000014 10.500000000000002 52.000000000000007 20.000000000000004 244.44999694824222 149.50000000000003 20.000000000000004 24.500000000000004 191.15000152587893 6.5000000000000009 257.50000000000006 6.5000000000000009 8.0000000000000018 116.50000000000001 4.5000000000000009 8.0000000000000018 24.500000000000004 10.500000000000002 10.500000000000002 13.500000000000002 13.500000000000002 8.0000000000000018 3.5000000000000004 3.5000000000000004 200.50000000000003 171.50000000000003
decision_type=2 2 2 2 2 2 2 2 10 2 2 2 10 2 2 2 2 2 2 2 2 2 2 2 2 2 2 2 2 2
left_child=2 3 13 21 8 15 7 12 9 10 17 18 -7 -1 26 -4 -9 -5 -12 -19 -11 -2 -23 -24 -17 -26 -15 -28 29 -29
right_child=1 -3 5 4 -6 6 -8 16 -10 20 11 -13 -14 14 -16 24 -18 19 -20 -21 -22 22 23 -25 25 -27 27 28 -30 -31
leaf_value=-0.031809020532631821 -0.015430437484429092 0.13892878287772134 -0.030786824190404325 0.01008655973074069 0.13898976989575748 -0.003646191018552257 0.11604822848289924 0.0074386352965559047 0.11516329835611343 -0.013274912886592478 0.116298900444865 0.12701507085428776 0.068660561935738731 -0.03504633483076406 0.079392054079933994 -0.0092797816470871208 0.10876007598574126 0.02252004143513214 0.029946724015641468 0.12586447432952133 0.054582341940581161 -0.005652400448134272 0.017074113431694096 0.10966828837581553 0.077638857738230302 -0.0047456047095929882 -0.032920956808416182 0.00018349327752489292 -0.059671636756443915 0.059083820617966278
leaf_weight=4896 1620 174 1576 1924 170 1589 179 178 161 1050 186 271 272 949 167 994 268 213 650 169 228 593 334 172 291 278 658 2058 195 245
leaf_count=4896 1620 174 1576 1924 170 1589 179 178 161 1050 186 271 272 949 167 994 268 213 650 169 228 593 334 172 291 278 658 2058 195 245
internal_value=0.00069227 0.0230255 -0.0112555 0.0204172 0.0322248 0.00491658 0.0258139 0.0188024 0.0284792 0.0254991 0.035485 0.0682612 0.00690937 -0.0211804 -0.00899386 -0.011626 0.0683751 0.0197405 0.0491872 0.0683021 -0.00115051 -0.00138284 0.0193028 0.0485953 0.00767911 0.0373464 -0.0125953 -0.0058369 0.00128791 0.00645971
internal_weight=22708 7915 14793 7741 5022 5625 2486 2307 4852 4691 3413 1107 1861 9168 4272 3139 446 2306 836 382 1278 2719 1099 506 1563 569 4105 3156 2498 2303
internal_count=22708 7915 14793 7741 5022 5625 2486 2307 4852 4691 3413 1107 1861 9168 4272 3139 446 2306 836 382 1278 2719 1099 506 1563 569 4105 3156 2498 2303
is_linear=0
shrinkage=0.0161


Tree=94
num_leaves=31
num_cat=0
split_feature=176 208 511 477 513 117 540 412 508 418 165 547 503 390 508 121 118 418 133 561 219 416 125 61 491 212 238 460 567 51
split_gain=20201.6 9356.31 8899.1 7544.86 9680.81 5623.99 5424.45 9062.33 4671.99 4281.49 4199.49 5132.65 4306.37 6634.36 4126.43 3824.78 3261.65 3736.03 6661.74 5615.93 2857.29 3637.34 2775.71 2715.95 4138.89 2688.18 2657.99 2595.23 2579.38 3560.53
threshold=10.500000000000002 8.0000000000000018 31.500000000000004 43.500000000000007 126.50000000000001 4.5000000000000009 191.15000152587893 16.500000000000004 201.50000000000003 13.500000000000002 43.500000000000007 119.25000000000001 231.50000000000003 6.5000000000000009 214.50000000000003 29.500000000000004 5.5000000000000009 16.500000000000004 8.0000000000000018 167.05000305175784 20.000000000000004 29.500000000000004 13.500000000000002 5.5000000000000009 97.500000000000014 8.0000000000000018 6.5000000000000009 29.500000000000004 193.75000000000003 13.500000000000002
decision_type=2 2 2 2 2 2 10 2 2 2 2 10 2 2 2 2 2 2 2 10 2 2 2 2 2 2 2 2 8 2
left_child=2 16 26 6 -5 25 8 14 9 23 12 -12 -7 -14 -8 20 -2 18 -18 -20 21 -11 -15 24 -3 27 -1 -4 29 -27
right_child=1 3 5 4 -6 10 7 -9 -10 15 11 -13 13 22 -16 -17 17 -19 19 -21 -22 -23 -24 -25 -26 28 -28 -29 -30 -31
leaf_value=-0.036259807529606232 -0.023171498124362016 0.0092806119795549556 -0.036361969723078057 0.17369185238923454 0.011425862733454605 -0.00092092798276355878 0.085289660826512986 0.16261703952999704 -0.0400047266315521 0.029567651998406521 -0.0047509343588086426 0.11820846620734771 0.10740264018936981 -0.028750660248662047 -0.019041971216423249 -9.6863213147887982e-05 -0.0039763825766735931 -0.016230208697930248 0.036834003578648723 0.14168649357854912 0.1239546904641092 0.10760093784200078 0.055674192148203398 0.0024683951104611393 0.10892346794867094 -0.0082578193879970681 -0.012061219363682894 0.027501332224145303 -0.031156655736831483 0.063341550983731565
leaf_weight=3377 994 284 1815 223 167 5399 185 202 286 511 164 189 253 265 209 281 947 863 617 169 187 223 163 1478 175 503 1811 181 447 280
leaf_count=3377 994 284 1815 223 167 5399 185 202 286 511 164 189 253 265 209 281 947 863 617 169 187 223 163 1478 175 503 1811 181 447 280
internal_value=0.000303126 0.0209266 -0.0108092 0.0366336 0.104269 -0.00167153 0.0300677 0.0749118 0.0222573 0.0279376 0.00702556 0.0610162 0.00388704 0.0420394 0.0298865 0.0518136 0.0016211 0.0111232 0.0247582 0.0594086 0.0676772 0.0533074 0.0033468 0.0131093 0.0473221 -0.0190218 -0.0278172 -0.030559 -0.000280548 0.017316
internal_weight=22848 8001 14847 4411 390 9659 4021 596 3425 3139 6433 353 6080 681 394 1202 3590 2596 1733 786 921 734 428 1937 459 3226 5188 1996 1230 783
internal_count=22848 8001 14847 4411 390 9659 4021 596 3425 3139 6433 353 6080 681 394 1202 3590 2596 1733 786 921 734 428 1937 459 3226 5188 1996 1230 783
is_linear=0
shrinkage=0.0161


Tree=95
num_leaves=31
num_cat=0
split_feature=297 176 496 570 556 209 433 386 355 563 541 587 19 298 502 530 72 151 174 406 399 269 363 252 433 443 254 271 54 111
split_gain=20302.7 13102.7 8706.66 7735.66 7142.67 7053.9 5955.04 5130.45 6453.73 6132.07 5911.24 5803.54 5986.91 4886.5 4770.08 4673.32 4620.52 4446.66 4347.08 4043.77 3859.43 3755.54 3527.15 3422.98 3389.44 3379.92 3288.71 5451.85 3163.43 2994.98
threshold=5.5000000000000009 13.500000000000002 299.50000000000006 235.84999847412112 204.25000000000003 4.5000000000000009 5.5000000000000009 6.5000000000000009 20.000000000000004 142.34999847412112 188.65000152587893 136.55000305175784 10.500000000000002 3.5000000000000004 242.50000000000003 93.500000000000014 52.000000000000007 8.0000000000000018 10.500000000000002 29.500000000000004 4.5000000000000009 16.500000000000004 29.500000000000004 6.5000000000000009 10.500000000000002 10.500000000000002 20.000000000000004 5.5000000000000009 24.500000000000004 16.500000000000004
decision_type=2 2 2 10 10 2 2 2 2 10 10 10 2 2 2 2 2 2 2 2 2 2 2 2 2 2 2 2 2 2
left_child=14 3 5 13 -5 -3 23 -8 9 15 11 12 -10 -2 20 21 18 -16 26 22 -1 -9 -20 -7 -21 -25 -15 -28 -22 -30
right_child=1 2 -4 4 -6 6 7 8 10 -11 -12 -13 -14 16 17 -17 -18 -19 19 24 28 -23 -24 25 -26 -27 27 -29 29 -31
leaf_value=-0.036439747419708533 -0.03240710475432456 -0.016299270661457217 0.15032070118742943 0.14625416989712797 -0.00096107195054364789 -0.016319658739502606 0.020266955341193438 0.0021677374847609101 0.051422074857001392 -0.014600634455726328 0.18183484778118775 0.0043005865082186897 0.15441778158129801 -0.014410142849898673 0.091331826471256802 0.13409386676801691 0.064042593000839018 -0.019874838467621427 0.0020647005914421154 0.018564601497453169 -0.017417810583380287 0.094015452652983653 0.067077266297181457 0.071871627780142458 0.12323591081491464 -0.0082192707421651738 0.093994522060030006 -0.0046856267689724699 -0.0019176986716672856 0.073481169983962064
leaf_weight=2700 1156 728 161 180 162 674 1000 284 295 378 168 212 292 3898 195 190 310 178 1800 160 4907 195 246 319 162 238 202 514 465 193
leaf_count=2700 1156 728 161 180 162 674 1000 284 295 378 168 212 292 3898 195 190 310 178 1800 160 4907 195 246 319 162 238 202 514 465 193
internal_value=0.00129281 0.013323 0.033759 0.00138424 0.0764518 0.0299806 0.037923 0.0501112 0.0649179 0.0371834 0.0949225 0.0766187 0.102697 -0.00165193 -0.0180965 0.0664777 0.00322046 0.0381996 0.000516591 0.0182528 -0.02064 0.0396079 0.00989296 0.00806201 0.0712984 0.0376074 -0.0085809 0.0231214 -0.0129702 0.020162
internal_weight=22562 13924 5134 8790 342 4973 4245 3014 2014 1047 967 799 587 8448 8638 669 7292 373 6982 2368 8265 479 2046 1231 322 557 4614 716 5565 658
internal_count=22562 13924 5134 8790 342 4973 4245 3014 2014 1047 967 799 587 8448 8638 669 7292 373 6982 2368 8265 479 2046 1231 322 557 4614 716 5565 658
is_linear=0
shrinkage=0.0161


Tree=96
num_leaves=31
num_cat=0
split_feature=296 58 498 570 31 357 207 570 476 121 492 589 110 400 482 489 429 536 152 261 429 416 57 168 286 540 169 215 545 152
split_gain=19550.4 10787.1 11223.9 13001.6 7611.99 6444.16 6890.42 7242.44 5313.17 5250.48 4126.37 4516.58 4703.09 3830.36 4266.28 5112.51 3806.11 3768.3 3583.07 3723.96 3563.04 3915.39 4215.21 4723.98 3134.89 3027.7 2841.85 2788.51 2554.08 2479.93
threshold=5.5000000000000009 5.5000000000000009 288.50000000000006 207.44999694824222 3.5000000000000004 10.500000000000002 29.500000000000004 235.84999847412112 29.500000000000004 4.5000000000000009 144.50000000000003 161.34999847412112 8.0000000000000018 16.500000000000004 80.500000000000014 161.50000000000003 35.500000000000007 228.50000000000003 13.500000000000002 20.000000000000004 6.5000000000000009 29.500000000000004 20.000000000000004 10.500000000000002 8.0000000000000018 191.15000152587893 24.500000000000004 6.5000000000000009 125.85000228881837 5.5000000000000009
decision_type=2 2 2 8 2 2 2 8 2 2 2 10 2 2 2 2 2 2 2 2 2 2 2 2 2 10 2 2 10 2
left_child=9 13 4 -4 29 16 17 8 -8 -1 -11 12 -12 -2 -15 -16 26 18 19 27 -20 22 23 -22 -21 -19 -6 -7 -28 -3
right_child=1 2 3 -5 5 6 7 -9 -10 10 11 -13 -14 14 15 -17 -18 25 20 24 21 -23 -24 -25 -26 -27 28 -29 -30 -31
leaf_value=-0.034273636053709935 -0.020636073982849827 -0.041256494763592909 0.20364433471192969 0.0091136044943183874 -0.0044033714136607598 -0.0089370499005819812 0.014628917924385596 0.1770012695120616 0.12394817208203565 -0.016399674707040877 0.0050600650906593844 -0.014994622605708337 0.094474612496527999 -0.021526748197084864 0.097263288050171551 -0.011487465385257172 0.062800760858643737 -0.060325478392379152 0.017916050819439006 0.015910402418233712 0.028057729318475132 0.11738760832729406 -0.0019467702545785113 0.1403178415676441 0.10644444544519863 0.023638631818577529 0.0097677512520329482 0.029498392602555823 0.087126903924150401 0.0038389994359736791
leaf_weight=3487 2878 666 183 174 2927 968 332 160 177 4164 318 567 294 378 266 193 285 218 529 186 206 308 264 185 214 227 306 988 174 600
leaf_count=3487 2878 666 183 174 2927 968 332 160 177 4164 318 567 294 378 266 193 285 218 529 186 206 308 264 185 214 227 306 988 174 600
internal_value=-0.000144464 0.0116922 0.0201924 0.108897 0.0169977 0.0223932 0.0343783 0.0824558 0.0526899 -0.0189035 -0.00886806 0.0177122 0.0480526 -0.011816 0.0184836 0.0514846 0.00627901 0.0268807 0.0320124 0.019633 0.0515448 0.0699934 0.0476714 0.0812333 0.064405 -0.0174415 0.00154398 0.0104651 0.0378595 -0.0198656
internal_weight=22822 13992 10277 357 9920 8654 4962 669 509 8830 5343 1179 612 3715 837 459 3692 4293 3848 2356 1492 963 655 391 400 445 3407 1956 480 1266
internal_count=22822 13992 10277 357 9920 8654 4962 669 509 8830 5343 1179 612 3715 837 459 3692 4293 3848 2356 1492 963 655 391 400 445 3407 1956 480 1266
is_linear=0
shrinkage=0.0161


Tree=97
num_leaves=31
num_cat=0
split_feature=175 117 555 224 118 273 599 502 269 477 483 560 313 565 198 477 544 297 31 320 331 127 570 100 94 497 213 383 535 583
split_gain=22455.5 13022.6 7735.77 7630.99 5964.25 6594.17 6546.7 5502.15 6565.89 5791.43 5125.39 4992.17 5130.79 4344.79 5170.17 4172.82 3471.5 3339.32 3288.11 3331.82 2951.26 5981.15 4945.73 3034.61 2587.13 3765.02 2378.1 2334.2 2595.67 2209.34
threshold=8.0000000000000018 8.0000000000000018 247.34999847412112 10.500000000000002 5.5000000000000009 35.500000000000007 159.44999694824222 90.500000000000014 8.0000000000000018 35.500000000000007 105.50000000000001 216.75000000000003 43.500000000000007 235.84999847412112 5.5000000000000009 3.5000000000000004 233.25000000000003 43.500000000000007 10.500000000000002 29.500000000000004 13.500000000000002 6.5000000000000009 80.950000762939467 29.500000000000004 16.500000000000004 149.50000000000003 20.000000000000004 10.500000000000002 129.50000000000003 140.05000305175784
decision_type=2 2 10 2 2 2 8 2 2 2 2 10 2 8 2 2 10 2 2 2 2 2 10 2 2 2 2 2 2 8
left_child=3 16 4 15 -3 7 -7 8 -6 10 29 12 20 17 -15 -1 -2 24 -17 -20 23 22 -22 26 27 -26 -5 28 -9 -10
right_child=1 2 -4 11 5 6 -8 13 9 -11 -12 -13 -14 14 -16 18 -18 -19 19 -21 21 -23 -24 -25 25 -27 -28 -29 -30 -31
leaf_value=-0.040350669936124087 -0.0061330407450472134 -0.0034833892792449587 0.13437009393676855 -0.026908348848704626 0.014969665029691092 0.040049271415550008 0.18236497789522085 0.061106172854223997 0.031750516678210328 0.14637285922688403 0.14193082578825789 0.074280310599489502 0.076910015250022529 0.1293321887210252 0.018734087463411837 -0.023580525182283589 0.06949354887443128 -0.065804215712719674 -0.0068159728400883452 0.053102584161152988 -0.0014387913320412459 -0.012221632803049332 0.11335785695517551 0.036372948253875888 0.10273342695167097 0.00088535110019765382 0.023043282310840657 -0.032133794310057216 -0.012090889424450284 0.089512693856076839
leaf_weight=2206 3855 1046 195 1834 825 177 160 215 794 229 162 258 217 165 328 4289 164 173 2348 268 162 624 242 278 165 220 285 439 301 220
leaf_count=2206 3855 1046 195 1834 825 177 160 215 794 229 162 258 217 165 328 4289 164 173 2348 268 162 624 242 278 165 220 285 439 301 220
internal_value=0.000875684 0.0192384 0.0346434 -0.013 0.0311783 0.0391118 0.107687 0.0336506 0.0510578 0.0722317 0.0577743 0.00584094 0.000986215 0.0142879 0.0557974 -0.0210675 -0.00304115 0.000746768 -0.0149036 -0.00066853 -0.00381727 0.0189943 0.0672673 -0.0136103 0.00935636 0.0445957 -0.0201789 -0.00482541 0.0183623 0.044306
internal_weight=22844 9833 5814 13011 5619 4573 337 4236 2230 1405 1176 3900 3642 2006 493 9111 4019 1513 6905 2616 3425 1028 404 2397 1340 385 2119 955 516 1014
internal_count=22844 9833 5814 13011 5619 4573 337 4236 2230 1405 1176 3900 3642 2006 493 9111 4019 1513 6905 2616 3425 1028 404 2397 1340 385 2119 955 516 1014
is_linear=0
shrinkage=0.0161


Tree=98
num_leaves=31
num_cat=0
split_feature=296 414 118 556 480 97 525 49 591 389 270 116 104 492 143 542 463 241 253 473 421 25 176 236 175 98 228 193 509 539
split_gain=19771 10716.4 9829.27 7347.12 6467.39 6779.48 9742.75 5085.49 8128.42 4945.27 4630.23 4605.26 5491.98 3594.32 4103.15 4680.92 3563.99 3450.66 3430.09 4020.41 4994.96 3372.76 3363.87 3338.77 3112.89 3785.01 4184.61 2741.66 2689.57 4418.74
threshold=13.500000000000002 20.000000000000004 5.5000000000000009 204.25000000000003 148.50000000000003 20.000000000000004 170.50000000000003 20.000000000000004 179.15000152587893 29.500000000000004 5.5000000000000009 29.500000000000004 10.500000000000002 118.50000000000001 10.500000000000002 260.05000305175787 8.0000000000000018 8.0000000000000018 5.5000000000000009 20.000000000000004 10.500000000000002 10.500000000000002 6.5000000000000009 4.5000000000000009 20.000000000000004 8.0000000000000018 10.500000000000002 6.5000000000000009 126.50000000000001 133.50000000000003
decision_type=2 2 2 10 2 2 2 2 8 2 2 2 2 2 2 8 2 2 2 2 2 2 2 2 2 2 2 2 2 2
left_child=2 10 13 9 23 7 -7 -6 -9 18 -2 16 17 -1 -15 -16 -12 -13 -3 -20 -21 -11 -18 -4 25 -24 -27 -14 29 -25
right_child=1 3 4 -5 5 6 -8 8 -10 21 11 12 27 14 15 -17 22 -19 19 20 -22 -23 24 28 -26 26 -28 -29 -30 -31
leaf_value=-0.03021409435018756 -0.016376371640259839 -0.008606767187117479 -0.019356268168321939 0.1424502049025711 -0.0048875182074673111 0.14894035965589084 0.011912557657400003 0.13842362010237358 -0.0057663714002426031 0.14899996570208099 -0.011570601718695138 0.04185811154662427 -0.04224284678869096 -0.022849265331922032 0.0033195866132920727 0.10211858566895901 -0.028674920767543483 0.12748548723643141 0.015823600317734259 0.14526630754346775 0.035703558274620642 0.051958530852174223 0.017032690920273756 0.0035723502697147308 -0.0129417758855579 0.13074319950693519 0.030749331831214852 0.040974327730358619 -0.025089012986098957 0.069081272320991635
leaf_weight=5105 1186 408 2802 226 1360 250 292 186 222 172 1152 228 165 1073 497 166 227 265 498 189 253 204 382 3366 228 245 196 271 729 290
leaf_count=5105 1186 408 2802 226 1360 250 292 186 222 172 1152 228 165 1073 497 166 227 265 498 189 253 204 382 3366 228 245 196 271 729 290
internal_value=0.000750709 0.0245129 -0.00869424 0.0560884 0.00190219 0.025339 0.0751607 0.0100524 0.0599096 0.0447535 0.0109604 0.0206195 0.0511139 -0.0234082 -0.00338057 0.0280921 0.0089517 0.0879327 0.0303268 0.0472506 0.082606 0.0964124 0.0274691 -0.00562745 0.0396177 0.0542072 0.0863549 0.00942761 0.00313984 0.00877506
internal_weight=22833 6495 16338 1950 9497 2310 542 1768 408 1724 4545 3359 929 6841 1736 663 2430 493 1348 940 442 376 1278 7187 1051 823 441 436 4385 3656
internal_count=22833 6495 16338 1950 9497 2310 542 1768 408 1724 4545 3359 929 6841 1736 663 2430 493 1348 940 442 376 1278 7187 1051 823 441 436 4385 3656
is_linear=0
shrinkage=0.0161


Tree=99
num_leaves=31
num_cat=0
split_feature=296 299 29 57 162 586 31 220 568 585 414 229 289 431 39 63 130 318 0 238 97 327 71 333 280 538 538 365 332 445
split_gain=20525.9 8156.27 7760.41 6973.83 5416.25 5731.28 5232.33 4978.91 4843.92 13110.7 4700.87 5467.74 7544.66 4018.29 5582.36 4228.57 3934.12 3720.01 3141.09 4141.54 3569.8 2938.81 2934.18 2704.04 2634.01 2684.1 2828.52 2591.4 3636.97 2523.14
threshold=13.500000000000002 16.500000000000004 24.500000000000004 6.5000000000000009 6.5000000000000009 132.44999694824222 10.500000000000002 6.5000000000000009 198.94999694824222 192.55000305175784 13.500000000000002 16.500000000000004 24.500000000000004 20.000000000000004 16.500000000000004 5.5000000000000009 35.500000000000007 43.500000000000007 6.5000000000000009 10.500000000000002 10.500000000000002 29.500000000000004 52.000000000000007 20.000000000000004 24.500000000000004 227.50000000000003 185.50000000000003 10.500000000000002 16.500000000000004 8.0000000000000018
decision_type=2 2 2 2 2 8 2 2 10 10 2 2 2 2 2 2 2 2 2 2 2 2 2 2 2 2 2 2 2 2
left_child=3 10 13 7 -4 -6 22 -1 27 -10 24 23 -13 15 -15 -3 17 21 -17 -20 -21 29 -5 -12 25 26 -2 28 -8 -9
right_child=1 2 4 6 5 -7 8 16 9 -11 11 12 -14 14 -16 18 -18 -19 19 20 -22 -23 -24 -25 -26 -27 -28 -29 -30 -31
leaf_value=-0.031435730336095466 -0.008111356920590191 -0.043332554178296116 0.036383277331371283 -0.013130774478497607 0.20738973964468482 0.075662881832462947 0.010847715490014918 -0.032497755404053717 0.17975925602028764 -0.021234983242204526 0.0047723937027091944 0.14174655290839994 0.018028077807507575 0.14029298938715642 0.0096818198423203709 -0.01568323776716599 0.050045684108635614 0.060214995419775354 -0.010669393131373167 0.035988612831440343 0.13935449866199098 0.040008134823743137 0.054082958549232674 0.06721612788008316 0.040319667307026186 -0.064690461195030802 0.058681408173974145 -0.0078489544142217472 0.071196844250473429 -0.0036168067735137311
leaf_weight=4790 2003 248 202 4358 172 172 1279 1721 160 177 1159 241 273 179 162 232 291 178 165 176 172 232 175 213 337 197 179 1246 325 1444
leaf_count=4790 2003 248 202 4358 172 172 1279 1721 160 177 1159 241 273 179 162 232 291 178 165 176 172 232 175 213 337 197 179 1246 325 1444
internal_value=-0.000942706 0.0233059 0.0515657 -0.0105423 0.102713 0.141595 0.000579909 -0.0204646 0.0163904 0.0741227 0.0117562 0.0312839 0.0760819 0.0306135 0.0783121 0.0142099 -0.00686518 -0.0115042 0.0333966 0.0556384 0.0871451 -0.0152692 -0.0105307 0.0144838 -0.00179523 -0.00777095 -0.00262124 0.00955558 0.0230902 -0.0193285
internal_weight=22858 6482 1880 16376 546 344 7720 8656 3187 337 4602 1886 514 1334 341 993 3866 3575 745 513 348 3397 4533 1372 2716 2379 2182 2850 1604 3165
internal_count=22858 6482 1880 16376 546 344 7720 8656 3187 337 4602 1886 514 1334 341 993 3866 3575 745 513 348 3397 4533 1372 2716 2379 2182 2850 1604 3165
is_linear=0
shrinkage=0.0161


Tree=100
num_leaves=31
num_cat=0
split_feature=177 359 353 37 538 475 33 494 26 302 473 540 108 215 507 73 429 589 251 598 306 501 157 383 570 9 598 208 373 162
split_gain=16523.9 8285.61 10052.2 8220.74 6359.06 5526.77 4674.6 5284.34 4091.18 4138.19 4014.35 4011.96 4806.07 5246.78 3976.64 3969.13 3811.79 3614.43 3597.72 5303.74 3350.17 3346.87 3312.69 4068.88 5318.86 3844.28 3491.45 2942.82 2907.23 3257.28
threshold=6.5000000000000009 10.500000000000002 35.500000000000007 20.000000000000004 14.500000000000002 10.500000000000002 43.500000000000007 116.50000000000001 4.5000000000000009 4.5000000000000009 29.500000000000004 77.750000000000014 24.500000000000004 10.500000000000002 219.50000000000003 10.500000000000002 10.500000000000002 112.25000000000001 16.500000000000004 213.05000305175784 24.500000000000004 62.500000000000007 5.5000000000000009 13.500000000000002 220.15000152587893 4.5000000000000009 99.950000762939467 6.5000000000000009 10.500000000000002 20.000000000000004
decision_type=2 2 2 2 2 2 2 2 2 2 2 10 2 2 2 2 2 8 2 8 2 2 2 2 8 2 8 2 2 2
left_child=4 5 6 16 -1 28 20 -8 -6 -10 18 -7 14 -14 17 -12 -4 21 -11 -20 22 -13 27 25 -25 -24 -27 -3 -2 -30
right_child=1 2 3 -5 8 11 7 -9 9 10 15 12 13 -15 -16 -17 -18 -19 19 -21 -22 -23 23 24 -26 26 -28 -29 29 -31
leaf_value=-0.035481944188686901 -0.023517933014964108 -0.027398296730616147 0.010490731625859258 0.1894190068004199 -0.025274060040094446 -0.0067374025072778568 0.019166537916832923 0.14495298311001323 -0.019487392560879273 -0.005228303642533484 0.008631261963184745 0.012667747314183343 0.1444698456853967 0.019679223111118076 0.082278048205043586 0.10512440351318542 0.10893229552315851 -0.011063182619870162 0.0073001534969259086 0.095669112896622222 -0.015999867684159893 0.091202512243417314 0.069382835121788403 0.040717606955000353 0.13932088194822267 0.050797673730154307 -0.013789945966802089 0.023391381073751279 -0.0061613283914412308 0.056167498084100119
leaf_weight=2666 2178 522 230 163 2292 1174 187 162 1937 2848 232 413 183 168 227 212 184 880 628 245 694 214 296 613 185 299 790 682 1049 274
leaf_count=2666 2178 522 230 163 2292 1174 187 162 1937 2848 232 413 183 168 227 212 184 880 628 245 694 214 296 613 185 299 790 682 1049 274
internal_value=0.000310213 0.0135913 0.0292895 0.0925109 -0.0138178 0.00196053 0.0210497 0.077622 -0.00693425 -4.1695e-05 0.00899619 0.0170519 0.0304582 0.0848081 0.019443 0.0547576 0.0542994 0.00996252 0.00352949 0.0321271 0.016206 0.0395098 0.022812 0.0346372 0.0636063 0.0179291 0.00392186 0.00135172 -0.0120809 0.0067295
internal_weight=22827 11767 5007 577 11060 6760 4430 349 8394 6102 4165 3259 2085 351 1734 444 414 1507 3721 873 4081 627 3387 2183 798 1385 1089 1204 3501 1323
internal_count=22827 11767 5007 577 11060 6760 4430 349 8394 6102 4165 3259 2085 351 1734 444 414 1507 3721 873 4081 627 3387 2183 798 1385 1089 1204 3501 1323
is_linear=0
shrinkage=0.0161


Tree=101
num_leaves=31
num_cat=0
split_feature=237 149 558 116 239 235 31 457 513 108 193 217 419 248 12 427 558 510 32 337 29 596 449 243 175 417 208 296 503 416
split_gain=20038 9540.55 9538.69 9386.48 7776.08 5458.88 5068.59 5153.25 5063.3 7164.08 4614.18 4228.47 4223.92 6446.15 5209.06 5126.71 3599.46 3096.02 2975.63 3439.64 4392.38 2794.81 2620.39 5571.97 3561.97 2581.27 2525.25 6686.75 3255.28 2475.37
threshold=8.0000000000000018 10.500000000000002 240.75000000000003 43.500000000000007 16.500000000000004 13.500000000000002 3.5000000000000004 16.500000000000004 156.50000000000003 13.500000000000002 35.500000000000007 8.0000000000000018 20.000000000000004 20.000000000000004 13.500000000000002 6.5000000000000009 71.950000762939467 265.50000000000006 10.500000000000002 4.5000000000000009 4.5000000000000009 216.75000000000003 13.500000000000002 16.500000000000004 35.500000000000007 10.500000000000002 13.500000000000002 13.500000000000002 230.50000000000003 24.500000000000004
decision_type=2 2 10 2 2 2 2 2 2 2 2 2 2 2 2 2 8 2 2 2 2 10 2 2 2 2 2 2 2 2
left_child=2 6 5 12 11 16 -2 10 -9 -10 18 -5 17 14 15 -14 -1 21 -8 20 -20 29 23 -7 -24 26 28 -28 -18 -3
right_child=1 3 -4 4 -6 22 7 8 9 -11 -12 -13 13 -15 -16 -17 25 -19 19 -21 -22 -23 24 -25 -26 -27 27 -29 -30 -31
leaf_value=-0.040413724884653342 -0.033399477812616533 0.0084598106952075685 0.083090129871153204 0.10697840589523482 0.16996214883271571 -0.016652277945650509 -0.019921752574585717 0.016330538832065769 0.14858845563082973 0.0075712807458499431 0.081375306846573195 -0.0070034154667129268 -0.019429744426498311 -0.019276054319569566 0.13871206298015079 0.090982948506056843 -0.025657864758770445 0.084911851636787453 -0.01741222894467926 -0.0060652186287279966 0.082318773332999196 -0.050115309209969157 0.014710327049236336 0.061321570717117156 0.09870851229259732 0.0029904055300123593 -0.013819561945004458 0.088116252043356616 0.03172137151444282 0.044843404022648664
leaf_weight=1630 787 1882 271 164 230 1378 1536 768 218 164 172 173 178 218 257 280 5697 168 178 913 319 167 623 287 166 1774 1088 197 268 654
leaf_count=1630 787 1882 271 164 230 1378 1536 768 218 164 172 173 178 218 257 280 5697 168 178 913 319 167 623 287 166 1774 1088 197 268 654
internal_value=0.00122281 0.0192036 -0.0114436 0.0366231 0.0977498 -0.0133998 0.00413649 0.0110635 0.0401938 0.0881087 0.000311878 0.0483956 0.0275058 0.0572776 0.0806514 0.0480201 -0.0183869 0.0178225 -0.00441296 0.012465 0.0465529 0.013644 0.00824211 -0.0031976 0.0324128 -0.0144056 -0.0186655 0.00178964 -0.0230759 0.0178519
internal_weight=22805 9426 13379 4371 567 13108 5055 4268 1150 382 3118 337 3804 933 715 458 10654 2871 2946 1410 497 2703 2454 1665 789 9024 7250 1285 5965 2536
internal_count=22805 9426 13379 4371 567 13108 5055 4268 1150 382 3118 337 3804 933 715 458 10654 2871 2946 1410 497 2703 2454 1665 789 9024 7250 1285 5965 2536
is_linear=0
shrinkage=0.0161


Tree=102
num_leaves=31
num_cat=0
split_feature=415 558 402 238 175 59 353 538 511 198 412 127 36 125 364 167 325 439 177 573 584 560 413 353 599 151 40 231 594 535
split_gain=17855.7 9503.46 10456.7 7000.48 6742.57 6842.89 6145.03 5595.75 4751.85 4655.55 4652.55 4280.63 4348.6 4163.84 3662.3 4349.73 3623.04 3591.22 3155.08 3133.52 4103.58 3230.03 4154.73 3097.91 3321.02 2976.31 2746.93 2596.78 2376.89 2298.4
threshold=10.500000000000002 228.75000000000003 8.0000000000000018 6.5000000000000009 10.500000000000002 8.0000000000000018 61.500000000000007 241.50000000000003 74.500000000000014 6.5000000000000009 35.500000000000007 24.500000000000004 24.500000000000004 20.000000000000004 5.5000000000000009 20.000000000000004 8.0000000000000018 10.500000000000002 16.500000000000004 244.44999694824222 192.55000305175784 159.44999694824222 4.5000000000000009 20.000000000000004 168.05000305175784 8.0000000000000018 29.500000000000004 6.5000000000000009 104.35000228881837 92.500000000000014
decision_type=2 10 2 2 2 2 2 2 2 2 2 2 2 2 2 2 2 2 2 10 10 10 2 2 8 2 2 2 10 2
left_child=3 4 -3 8 27 23 7 9 -1 28 19 12 14 18 -11 29 -15 -12 -10 20 21 25 -23 -6 -25 -5 -27 -2 -7 -16
right_child=1 2 -4 10 5 6 -8 -9 13 11 17 -13 -14 16 15 -17 -18 -19 -20 -21 -22 22 -24 24 -26 26 -28 -29 -30 -31
leaf_value=-0.031899703835965909 -0.018397619861835444 -0.0013778343359062075 0.15814188257531206 -0.018099630351043217 -0.00911032997660924 0.03562667657661435 0.13563017683385287 -0.044750164958984838 -0.020390576974202136 0.11744604421897123 0.0084400897830410951 -2.1799206634126133e-05 0.13983576383617807 -0.0084659251245607203 0.047839581592964607 0.11202163191179659 0.082081311207682028 0.10644251165874839 0.036558978747365724 0.063410943352155066 -0.047551590009859625 0.10239457447120764 0.0090938127003828608 0.0036702657196266051 0.082366977872107755 0.0022458449778008293 0.063276096179039051 0.00994130373550043 -0.014607378506661089 -0.019535596598121315
leaf_weight=4827 1643 184 252 2287 1467 665 171 205 2297 219 206 237 218 220 310 174 238 184 283 180 528 167 480 353 230 1956 212 1710 385 227
leaf_count=4827 1643 184 252 2287 1467 665 171 205 2297 219 206 237 218 220 310 174 238 184 283 180 528 167 480 353 230 1956 212 1710 385 227
internal_value=-0.000690321 0.0175106 0.0907677 -0.0118856 0.0136193 0.0257347 0.0420482 0.0359778 -0.0219705 0.0427838 0.000903779 0.0621738 0.0750343 -0.0061865 0.059819 0.0420358 0.0385356 0.0547375 -0.0141347 -0.00270579 -0.00482383 -0.000397369 0.0332125 0.00335373 0.0347574 -0.00528381 0.0082246 -0.003938 0.0171851 0.019315
internal_weight=22715 8650 436 14065 8214 4861 2811 2640 7865 2435 6200 1385 1148 3038 930 711 458 390 2580 5810 5630 5102 647 2050 583 4455 2168 3353 1050 537
internal_count=22715 8650 436 14065 8214 4861 2811 2640 7865 2435 6200 1385 1148 3038 930 711 458 390 2580 5810 5630 5102 647 2050 583 4455 2168 3353 1050 537
is_linear=0
shrinkage=0.0161


Tree=103
num_leaves=31
num_cat=0
split_feature=118 295 10 540 345 269 191 447 71 359 407 548 578 532 116 595 542 376 165 176 571 376 348 93 279 52 244 347 279 347
split_gain=18828.5 10880.9 6326.47 4624.63 4423.32 4251.77 4095.04 4295.84 3941.76 6075.39 4458.23 5112.79 5213.58 5020.43 4731.71 4124.52 3469.36 3487.88 3379.06 3314.42 3181.77 2869.44 2608.57 3706.53 2894.49 2602.94 2498.76 2867.29 3982.53 3985.03
threshold=5.5000000000000009 10.500000000000002 61.500000000000007 244.44999694824222 52.000000000000007 20.000000000000004 16.500000000000004 16.500000000000004 29.500000000000004 20.000000000000004 5.5000000000000009 156.05000305175784 185.15000152587893 97.500000000000014 43.500000000000007 99.350002288818374 79.350002288818374 10.500000000000002 24.500000000000004 4.5000000000000009 76.049999237060561 43.500000000000007 35.500000000000007 8.0000000000000018 52.000000000000007 8.0000000000000018 5.5000000000000009 8.0000000000000018 6.5000000000000009 13.500000000000002
decision_type=2 2 2 10 2 2 2 2 2 2 2 10 10 2 2 10 10 2 2 2 8 2 2 2 2 2 2 2 2 2
left_child=20 2 3 5 8 19 7 25 10 -10 11 15 -13 14 -12 16 17 -3 -15 -2 -1 26 24 -24 -22 -7 -21 -28 29 -29
right_child=1 4 -4 -5 -6 6 -8 -9 9 -11 13 12 -14 18 -16 -17 -18 -19 -20 21 22 -23 23 -25 -26 -27 27 28 -30 -31
leaf_value=-0.038625238498472679 -0.024477190067807825 -0.003478747299948693 0.085822023010041867 0.072664864674292881 0.086916481227177711 -0.016487757848127105 -0.030235647605481582 0.092002278131864734 0.032132143865643982 0.14028613088005801 0.018428271779244082 0.15039081071233262 0.031378504558689589 -0.021640193217532109 0.10561801855819876 -0.02020877045651014 0.095252311011489926 0.076932097155076679 0.039208695298441447 -0.020331193839871704 -0.019344469425048194 0.057377082070782501 0.073282342775613518 -0.028347957682810222 0.04824235911629135 0.04758930074931457 -0.010846603948810773 0.11830811064121344 -0.001614829725744636 0.024405893623112102
leaf_weight=1884 2620 413 211 202 303 320 292 277 547 179 1500 195 188 1411 181 371 245 211 284 1591 5623 204 202 172 169 337 1351 180 709 338
leaf_count=1884 2620 413 211 202 303 320 292 277 547 179 1500 195 188 1411 181 371 245 211 284 1591 5623 204 202 172 169 337 1351 180 709 338
internal_value=-0.000521953 0.0103402 -0.00124828 -0.00343274 0.0269385 -0.00530587 0.022344 0.0388074 0.02376 0.0588306 0.018662 0.0405941 0.0920337 0.0081113 0.0278303 0.0246869 0.0438812 0.0236737 -0.011431 -0.0101568 -0.0203061 -0.00157157 -0.0147049 0.0264803 -0.0173683 0.016344 -0.00446173 0.0053229 0.0231457 0.0570814
internal_weight=22710 14660 8632 8421 6028 8219 1226 934 5725 726 4999 1623 383 3376 1681 1240 869 624 1695 6993 8050 4373 6166 374 5792 657 4169 2578 1227 518
internal_count=22710 14660 8632 8421 6028 8219 1226 934 5725 726 4999 1623 383 3376 1681 1240 869 624 1695 6993 8050 4373 6166 374 5792 657 4169 2578 1227 518
is_linear=0
shrinkage=0.0161


Tree=104
num_leaves=31
num_cat=0
split_feature=178 475 230 270 57 33 498 561 117 575 175 29 2 101 362 328 486 411 45 267 0 101 576 553 126 302 398 550 553 594
split_gain=18959.9 11191.7 8189.43 6629.02 5536.77 8578.95 5381.3 5451.44 5195.94 5236.45 4405.2 5133.88 7417.46 4165.35 4125.05 4484.96 3928.66 3745.72 4707.44 3686.94 3392.79 3149.62 5299.88 2722.62 2595.58 2490.22 2683.92 5115.12 9937.88 2740.88
threshold=5.5000000000000009 16.500000000000004 13.500000000000002 8.0000000000000018 29.500000000000004 13.500000000000002 238.50000000000003 240.75000000000003 43.500000000000007 162.34999847412112 20.000000000000004 10.500000000000002 13.500000000000002 52.000000000000007 35.500000000000007 8.0000000000000018 195.50000000000003 20.000000000000004 20.000000000000004 29.500000000000004 2.5000000000000004 8.0000000000000018 204.25000000000003 127.25000000000001 10.500000000000002 3.5000000000000004 6.5000000000000009 181.25000000000003 209.25000000000003 197.65000152587893
decision_type=2 2 2 2 2 2 2 8 2 8 2 2 2 2 2 2 2 2 2 2 2 2 8 8 2 2 2 10 8 10
left_child=6 2 20 19 14 -6 13 -8 10 -10 21 -12 -13 17 15 -4 -17 -1 -19 -3 -2 -5 23 -23 -14 -22 29 -28 -29 -27
right_child=1 3 4 8 5 -7 7 -9 9 -11 11 12 24 -15 -16 16 -18 18 -20 -21 25 22 -24 -25 -26 26 27 28 -30 -31
leaf_value=-0.026455523578273459 -0.036447072251082992 0.00022872777894020942 -0.0099430964305507047 -0.0078178181734757327 0.011568218583608949 0.17073501276525263 -0.010415546659402881 0.1041274993613174 0.1647943642602889 0.039996635962209315 0.0046587769649932189 0.15820388797911969 0.086953294023893082 0.042863297225583102 0.091292199720579489 0.01934259591805303 0.096631384603273335 -0.012195001377487484 0.065341815746548154 0.08139652900290538 -0.023214604586726407 0.052048125556244385 0.12507370469351217 -0.025726381735852292 0.01243770525208599 -0.0050203121406976045 0.0040204289910253741 0.13919046193885259 -0.014138344920643595 -0.073846257667385534
leaf_weight=7260 845 1393 1145 545 187 166 257 185 193 160 259 256 252 264 183 740 222 979 256 162 1158 265 160 208 235 2040 2227 224 214 162
leaf_count=7260 845 1393 1145 545 187 166 257 185 193 160 259 256 252 264 183 740 222 979 256 162 1158 265 160 208 235 2040 2227 224 214 162
internal_value=0.000529388 0.0126055 0.00302894 0.0348848 0.0271143 0.0864839 -0.017319 0.0374734 0.0509503 0.108295 0.0416538 0.0664796 0.0879978 -0.0200867 0.0179523 0.0115714 0.0372029 -0.0220457 0.00385835 0.00869993 -0.00623367 0.0205172 0.0449502 0.0177973 0.0510444 -0.00199237 0.00305218 0.0139237 0.0642227 -0.0100945
internal_weight=22802 13601 9513 4088 2643 353 9201 442 2533 353 2180 1002 743 8759 2290 2107 962 8495 1235 1555 6870 1178 633 473 487 6025 4867 2665 438 2202
internal_count=22802 13601 9513 4088 2643 353 9201 442 2533 353 2180 1002 743 8759 2290 2107 962 8495 1235 1555 6870 1178 633 473 487 6025 4867 2665 438 2202
is_linear=0
shrinkage=0.0161


Tree=105
num_leaves=31
num_cat=0
split_feature=417 235 538 90 40 296 119 568 194 301 296 261 520 333 177 156 346 254 551 207 2 561 539 368 466 528 481 517 447 66
split_gain=17402.8 8353.25 6911.63 6023.67 5961.6 5104.6 4910.13 7178.48 7611.45 4682.28 5163.11 4381.67 3966.67 4245.33 3832.96 5032.48 4194.71 5315.82 3682.81 3919.53 3519.84 3369.97 6357.4 8055.57 4689.67 3063.86 4510.54 2990.77 2889.24 2498.81
threshold=10.500000000000002 16.500000000000004 16.500000000000004 10.500000000000002 16.500000000000004 16.500000000000004 6.5000000000000009 192.55000305175784 10.500000000000002 4.5000000000000009 24.500000000000004 13.500000000000002 150.50000000000003 20.000000000000004 10.500000000000002 20.000000000000004 10.500000000000002 13.500000000000002 251.25000000000003 8.0000000000000018 16.500000000000004 238.25000000000003 111.50000000000001 16.500000000000004 8.0000000000000018 133.50000000000003 98.500000000000014 119.50000000000001 10.500000000000002 35.500000000000007
decision_type=2 2 2 2 2 2 2 8 2 2 2 2 2 2 2 2 2 2 8 2 2 8 2 2 2 2 2 2 2 2
left_child=2 4 -1 18 29 -5 -6 25 -9 -4 14 27 13 20 21 16 17 -16 19 -3 -7 -11 -23 24 -24 26 28 -12 -8 -2
right_child=1 3 9 5 6 12 7 8 -10 10 11 -13 -14 -15 15 -17 -18 -19 -20 -21 -22 22 23 -25 -26 -27 -28 -29 -30 -31
leaf_value=-0.030215933345034536 0.0022511513237517969 -0.044154320672535503 -0.019815822503407431 0.02541307194043391 -0.010486384060912138 0.13032324996221903 -0.01824213438068302 0.038871266610119873 0.18396966135474457 -0.013300662729231558 0.064456502580594349 0.1101491318656783 0.034599960033733806 0.17250192388507693 0.0057078612686836342 0.085839774657280821 -0.030995568377160339 0.10697993061710685 0.069718674145544349 0.030050004057670738 0.04439595018786105 -0.020883497383894688 -0.032576756479337228 0.15025759842291619 0.075408788862011494 -0.02560728115704556 0.11690529482993245 -0.026882588305398532 0.065630026530107258 -0.042642742446788284
leaf_weight=3433 4055 355 3340 588 454 221 252 192 184 4330 178 201 282 185 500 268 434 184 218 384 283 562 225 165 194 225 161 194 184 349
leaf_count=3433 4055 355 3340 588 454 221 252 192 184 4330 178 201 282 185 500 268 434 184 218 384 283 562 225 165 194 225 161 194 184 349
internal_value=0.000608317 0.0187262 -0.0103209 0.043386 0.00847721 0.0629074 0.0345593 0.0516496 0.109939 -0.00398004 0.00313065 0.0495602 0.0855882 0.106423 -0.000742941 0.0231708 0.00812716 0.0329851 0.0115602 -0.00556434 0.0821211 -0.00679992 0.0177417 0.0549521 0.0173652 0.024958 0.0440547 0.0167594 0.0170995 -0.00130117
internal_weight=22780 8572 14208 2516 6056 1559 1652 1198 376 10775 7435 573 971 689 6862 1386 1118 684 957 739 504 5476 1146 584 419 822 597 372 436 4404
internal_count=22780 8572 14208 2516 6056 1559 1652 1198 376 10775 7435 573 971 689 6862 1386 1118 684 957 739 504 5476 1146 584 419 822 597 372 436 4404
is_linear=0
shrinkage=0.0161


Tree=106
num_leaves=31
num_cat=0
split_feature=297 475 555 502 376 268 419 491 296 432 104 542 0 534 559 158 301 410 527 588 120 513 230 365 389 35 89 284 61 484
split_gain=16766.1 9529.4 11040.1 5945.03 5487.52 5391.32 5114.37 4828.41 5870.21 5735.86 7548.4 4411.02 4764.25 4885.3 8458.3 3673.24 3672.66 3419.76 3070.44 4735.38 3045.22 2995.91 3437.03 3383.75 4659.8 2661.25 2650.87 2426.8 2598.45 3633.99
threshold=5.5000000000000009 16.500000000000004 238.25000000000003 242.50000000000003 8.0000000000000018 4.5000000000000009 5.5000000000000009 160.50000000000003 16.500000000000004 13.500000000000002 13.500000000000002 240.75000000000003 24.500000000000004 112.50000000000001 142.34999847412112 2.5000000000000004 5.5000000000000009 35.500000000000007 184.50000000000003 205.94999694824222 6.5000000000000009 235.50000000000003 20.000000000000004 10.500000000000002 8.0000000000000018 16.500000000000004 6.5000000000000009 4.5000000000000009 10.500000000000002 41.500000000000007
decision_type=2 2 10 2 2 2 2 2 2 2 2 10 2 2 10 2 2 2 2 8 2 2 2 2 2 2 2 2 2 2
left_child=3 6 5 16 -5 -3 -2 8 -7 20 -11 12 15 -14 -15 -8 -1 26 -9 -20 -10 22 27 24 -24 -22 -18 -17 29 -29
right_child=1 2 -4 4 -6 7 11 18 9 10 -12 -13 13 14 -16 21 17 -19 19 -21 25 -23 23 -25 -26 -27 -28 28 -30 -31
leaf_value=-0.030863364513752666 -0.013662226635599068 -0.017950288575380797 0.14512344540737682 -0.01346237654221432 0.11171692153775829 0.018771521226956269 -0.037979582220268676 -0.029737122582106673 0.081534931991328469 0.16157343848657194 0.039120526475251639 0.077813330835459327 0.0088508796873763944 0.17110201234253281 0.024679823282008392 -0.017883534358155824 -0.026902293089561071 0.043193527283490213 0.098658672176517803 -0.0141062106328632 -0.0066244370910739335 -0.037564977714087303 0.020565719241699691 0.0053717599656213123 0.13208331998352227 0.06775116079262726 -0.00097333563586150611 -0.0087371462072449516 -0.0090147391900141371 0.041632577591721558
leaf_weight=4006 3321 629 210 188 175 1274 531 441 309 300 232 246 547 167 265 964 1959 297 163 236 369 365 201 345 189 188 2141 565 960 1079
leaf_count=4006 3321 629 210 188 175 1274 531 441 309 300 232 246 547 167 265 964 1959 297 163 236 369 365 201 345 189 188 2141 565 960 1079
internal_value=0.000530721 0.0114044 0.0312159 -0.0169518 0.0468209 0.0254337 0.00255644 0.0332105 0.0437951 0.0665824 0.108217 0.0109446 0.00827819 0.0408608 0.0813373 0.00213819 -0.0197095 -0.00954219 -0.000430682 0.0319017 0.0409782 0.00670676 0.0104676 0.0421739 0.0746692 0.0184367 -0.0133681 0.00392953 0.0120138 0.0243075
internal_weight=22862 14096 4351 8766 363 4141 9745 3512 2672 1398 532 6424 6178 979 432 5199 8403 4397 840 399 866 4668 4303 735 390 557 4100 3568 2604 1644
internal_count=22862 14096 4351 8766 363 4141 9745 3512 2672 1398 532 6424 6178 979 432 5199 8403 4397 840 399 866 4668 4303 735 390 557 4100 3568 2604 1644
is_linear=0
shrinkage=0.0161


Tree=107
num_leaves=31
num_cat=0
split_feature=416 222 231 11 297 415 557 517 455 220 30 513 513 228 396 599 357 515 415 483 27 69 215 501 3 132 268 544 411 290
split_gain=17371.4 9660.17 7030.11 7613.73 8327.6 6051.32 6109.87 7198.29 5854.07 4965.95 4919.52 4657.91 9050.66 4578.69 3981.16 5220.97 6081.86 4665.86 3854.21 3655.66 3493.92 3489.1 4602.03 4834.09 3359.09 4999.74 3157.08 2998.54 2843.68 2422.45
threshold=6.5000000000000009 3.5000000000000004 43.500000000000007 52.000000000000007 13.500000000000002 10.500000000000002 218.75000000000003 200.50000000000003 13.500000000000002 6.5000000000000009 43.500000000000007 202.50000000000003 228.50000000000003 24.500000000000004 6.5000000000000009 118.54999923706056 29.500000000000004 27.500000000000004 6.5000000000000009 133.50000000000003 13.500000000000002 16.500000000000004 5.5000000000000009 66.500000000000014 16.500000000000004 6.5000000000000009 20.000000000000004 216.75000000000003 29.500000000000004 6.5000000000000009
decision_type=2 2 2 2 2 2 10 2 2 2 2 2 2 2 2 10 2 2 2 2 2 2 2 2 2 2 2 10 2 2
left_child=9 26 3 5 -5 13 10 -8 -4 -1 14 28 -13 27 -7 16 17 -16 -15 -17 -12 22 -19 -24 25 -21 -2 -3 -11 -28
right_child=1 2 8 4 -6 6 7 -9 -10 11 20 12 -14 18 15 19 -18 21 -20 24 -22 -23 23 -25 -26 -27 29 -29 -30 -31
leaf_value=-0.024422026782848084 -0.026427105652457383 -0.0089010966069540676 0.033306817910980606 0.023029360659328622 0.16281966824329144 -0.0026218755537537816 0.16951610170358172 0.025212276211929785 0.14127624527853469 -0.012410471417747766 0.13340315673263833 0.1252831413177366 -0.0051720091816892209 0.080413734237383641 -0.0073432990138177119 -0.041190310492317167 0.12788811986436879 0.014479033718139637 -0.014014167804892544 -0.01660730468042337 0.029776997168305723 0.0094953203031324235 0.053215896601665959 0.1729268063456805 -0.027527452766320373 0.096550029104226401 -0.016463238554642056 0.048586667343146907 0.03530700950344598 0.068177740673822651
leaf_weight=5734 1750 3714 325 265 190 1674 163 200 218 3762 165 209 404 316 429 344 217 174 173 170 174 253 168 184 216 249 172 251 354 178
leaf_count=5734 1750 3714 325 265 190 1674 163 200 218 3762 165 209 404 316 429 344 217 174 173 170 174 253 168 184 216 249 172 251 354 178
internal_value=0.000908658 0.0138556 0.0203122 0.0171498 0.0814551 0.0139786 0.0265598 0.0900747 0.076697 -0.0143487 0.0213346 -0.00212969 0.0392678 0.000471337 0.0164284 0.0297037 0.0493702 0.0352461 0.0469586 0.00105384 0.0802839 0.0587305 0.0823674 0.115859 0.0239759 0.0505828 -0.0175921 -0.00525596 -0.00830077 0.0265155
internal_weight=22795 12332 10232 9689 455 9234 4780 363 543 10463 4417 4729 613 4454 4078 2404 1425 1208 489 979 339 779 526 352 635 419 2100 3965 4116 350
internal_count=22795 12332 10232 9689 455 9234 4780 363 543 10463 4417 4729 613 4454 4078 2404 1425 1208 489 979 339 779 526 352 635 419 2100 3965 4116 350
is_linear=0
shrinkage=0.0161


Tree=108
num_leaves=31
num_cat=0
split_feature=177 167 332 35 268 30 369 475 298 106 251 338 502 212 350 50 444 204 241 330 539 366 507 297 125 154 579 395 241 56
split_gain=14940.1 7752.91 7280.49 7822.7 6384.17 6186.84 6844.78 6231.94 6533.49 5103.22 4489.26 6118.62 4293.64 4255.71 6528.49 4080.77 3514.98 3303.6 3426.88 3200.75 3953.71 4490.31 3339.19 4926.94 4259.66 4413.73 3079.68 2858.75 4616.48 2781.06
threshold=8.0000000000000018 29.500000000000004 16.500000000000004 13.500000000000002 16.500000000000004 10.500000000000002 5.5000000000000009 35.500000000000007 20.000000000000004 10.500000000000002 6.5000000000000009 10.500000000000002 278.50000000000006 10.500000000000002 6.5000000000000009 20.000000000000004 10.500000000000002 20.000000000000004 4.5000000000000009 8.0000000000000018 43.500000000000007 8.0000000000000018 123.50000000000001 16.500000000000004 16.500000000000004 6.5000000000000009 216.75000000000003 5.5000000000000009 8.0000000000000018 4.5000000000000009
decision_type=2 2 2 2 2 2 2 2 2 2 2 2 2 2 2 2 2 2 2 2 2 2 2 2 2 2 8 2 2 2
left_child=4 5 15 -4 12 13 -7 19 -9 -6 -11 -12 16 26 -15 -3 -1 18 -16 20 -8 -22 23 -21 25 -25 -2 -28 -29 -18
right_child=1 2 3 -5 9 6 7 8 -10 10 11 -13 -14 14 17 -17 29 -19 -20 22 21 -23 -24 24 -26 -27 27 28 -30 -31
leaf_value=-0.023941244199974877 -0.025476308707973596 0.00025538278361903529 0.19612835085590088 0.040775628749375743 -0.0069242568757760274 -0.0051573967700318506 -0.00010958539493811131 0.041852869915028824 0.15949461877670515 1.6970578405132734e-05 0.12985768395330594 0.021785938527562988 0.049513324264723123 -0.019947211057743761 0.095819165428165931 0.082857660404641958 -0.025471772485634536 0.10925940303066115 0.0094819480644242945 -0.0029038865343732345 0.032716037278123736 0.12823180254966293 -0.012288289610174776 0.035769346914922361 0.0093779153162623918 0.14664188944159645 -0.027818850259624352 -0.0083283812008651138 0.097352265110800376 0.004626534821969259
leaf_weight=6971 2018 469 169 168 1194 1454 230 310 203 367 258 288 256 633 160 232 1147 183 470 541 258 254 693 169 232 209 265 237 195 2596
leaf_count=6971 2018 469 169 168 1194 1454 230 310 203 367 258 288 256 633 160 232 1147 183 470 541 258 254 693 169 232 209 265 237 195 2596
internal_value=0.000552905 0.0156361 0.0572344 0.118752 -0.0106934 0.0106783 0.0236478 0.0371703 0.0884509 0.0149691 0.0436264 0.0728959 -0.0156245 -0.00350741 0.018796 0.0276267 -0.0171831 0.0489903 0.0314462 0.0269884 0.0552378 0.0801468 0.0156085 0.0324252 0.0637966 0.0971342 -0.0153948 0.0137601 0.0393202 -0.00459046
internal_weight=22829 9752 1038 337 13077 8714 4553 3099 513 2107 913 546 10970 4161 1446 701 10714 813 630 2586 742 512 1844 1151 610 378 2715 697 432 3743
internal_count=22829 9752 1038 337 13077 8714 4553 3099 513 2107 913 546 10970 4161 1446 701 10714 813 630 2586 742 512 1844 1151 610 378 2715 697 432 3743
is_linear=0
shrinkage=0.0161


Tree=109
num_leaves=31
num_cat=0
split_feature=175 316 477 558 510 210 498 538 477 359 530 502 215 215 44 153 358 370 85 488 585 410 456 224 440 353 50 326 218 182
split_gain=14443.2 8542.93 6895.71 8044.46 5804.12 4711.17 4385.79 5502.57 5419.69 5020.88 4357.2 6850.33 4312.4 5197.16 6171.55 5851.23 3869.48 3629.56 5107.11 5479.05 3299.19 3278.57 3741.15 3151.04 4228.67 5396.7 3837.46 3136.73 2880.76 2491.23
threshold=10.500000000000002 8.0000000000000018 8.0000000000000018 238.25000000000003 38.500000000000007 4.5000000000000009 136.50000000000003 183.50000000000003 35.500000000000007 20.000000000000004 286.50000000000006 275.50000000000006 3.5000000000000004 13.500000000000002 20.000000000000004 10.500000000000002 8.0000000000000018 10.500000000000002 16.500000000000004 176.50000000000003 93.149997711181655 20.000000000000004 16.500000000000004 4.5000000000000009 6.5000000000000009 4.5000000000000009 10.500000000000002 16.500000000000004 8.0000000000000018 4.5000000000000009
decision_type=2 2 2 10 2 2 2 2 2 2 2 2 2 2 2 2 2 2 2 2 8 2 2 2 2 2 2 2 2 2
left_child=1 16 21 5 -3 -4 7 8 -7 -10 11 12 -6 14 23 -16 -1 27 19 -19 -15 -2 -23 -14 28 -26 -27 -8 -25 -18
right_child=2 4 3 -5 10 6 17 -9 9 -11 -12 -13 13 20 15 -17 29 18 -20 -21 -22 22 -24 24 25 26 -28 -29 -30 -31
leaf_value=-0.027475192220879293 -0.0074032901621505949 -0.017363362621296365 -0.012747189713515621 0.12709122401840231 -0.02410881567837244 0.027293638702631386 -0.046737573002592431 0.13186036157174866 0.045072795600467001 0.16083404174493715 -0.061059632727797374 0.1122665437896077 -0.014328020788368843 0.062579851883602738 0.040145286978643412 0.15041128175197865 -0.025538019076111283 0.014228447347376293 -0.025703363452661256 0.14099989269553442 -0.015999378777729521 0.0074550080059492584 0.087428357536000312 -0.038216449592159578 0.13754619828536824 -0.010454559381490406 0.079780977428561162 0.026897067925710547 0.047759022086423721 0.0047586531860749695
leaf_weight=5509 2723 1963 679 215 616 1839 388 179 238 165 181 197 448 161 301 214 1047 185 206 170 989 517 215 251 178 248 240 244 169 2142
leaf_count=5509 2723 1963 679 215 616 1839 388 179 238 165 181 197 448 161 301 214 1047 185 206 170 989 517 215 251 178 248 240 244 169 2142
internal_value=0.000346125 -0.00903158 0.017842 0.0309584 0.0054788 0.0261384 0.0334508 0.0459032 0.0390299 0.0925272 0.0161782 0.0196687 0.0148809 0.0223961 0.0377712 0.0860103 -0.019304 0.00816099 0.037981 0.0750022 -0.00497782 0.000721325 0.0309766 0.0215609 0.0363875 0.0616185 0.0338753 -0.0182718 -0.00356552 -0.00518085
internal_weight=22817 14854 7963 4508 6156 4293 3614 2421 2242 403 4193 4012 3815 3199 2049 515 8698 1193 561 355 1150 3455 732 1534 1086 666 488 632 420 3189
internal_count=22817 14854 7963 4508 6156 4293 3614 2421 2242 403 4193 4012 3815 3199 2049 515 8698 1193 561 355 1150 3455 732 1534 1086 666 488 632 420 3189
is_linear=0
shrinkage=0.0161


Tree=110
num_leaves=31
num_cat=0
split_feature=417 221 475 83 211 498 229 590 353 174 515 568 585 183 142 239 53 530 266 130 181 14 410 326 177 292 589 463 588 532
split_gain=12352.3 8122.27 7699.76 5306.72 5209.15 4782.99 4603.07 4564.5 5343.65 4057.82 4030.71 14563.3 3467.96 3391.66 3676.01 3336.8 3264.01 5591.1 3191.26 4679.72 2989.24 2775.04 3365.92 4059.04 2699.4 2694.39 3434.68 3073.98 2677.22 5039.72
threshold=6.5000000000000009 10.500000000000002 29.500000000000004 20.000000000000004 13.500000000000002 146.50000000000003 16.500000000000004 205.94999694824222 29.500000000000004 2.5000000000000004 188.50000000000003 184.15000152587893 201.75000000000003 13.500000000000002 6.5000000000000009 6.5000000000000009 6.5000000000000009 103.50000000000001 10.500000000000002 24.500000000000004 10.500000000000002 16.500000000000004 8.0000000000000018 8.0000000000000018 13.500000000000002 13.500000000000002 134.44999694824222 24.500000000000004 140.05000305175784 82.500000000000014
decision_type=2 2 2 2 2 2 2 10 2 2 2 10 10 2 2 2 2 2 2 2 2 2 2 2 2 2 10 2 10 2
left_child=5 6 10 4 -4 9 15 8 16 -1 11 24 13 21 -15 -2 17 -8 -11 -20 -12 22 -7 -24 -3 26 -17 -27 29 -26
right_child=1 2 3 -5 -6 12 7 -9 -10 18 20 -13 -14 14 -16 25 -18 -19 19 -21 -22 -23 23 -25 28 27 -28 -29 -30 -31
leaf_value=-0.044693131856039313 -0.019277151556433107 0.002023894687415977 0.05189669561204395 0.004895986443059777 0.14879913573730325 -0.0080398827392983326 0.010970047764274264 -0.050737387107633536 0.11051088479461828 -0.021368811391604663 0.01598394955216241 0.15144380431168328 -0.027400950180706072 0.11845440044018953 0.021154680039333483 0.0080672368541466997 0.0023128698975717539 0.12419532119123647 -0.0073994815695822939 0.060303302994727997 -0.048029315983691222 -0.033184325088297426 0.10766750746868334 0.0025194357939661545 0.021908081845442007 0.014237082989552662 -0.034786815422361075 0.090521873668928304 -0.020143605713742376 0.10195324995118936
leaf_weight=1329 2756 1541 300 216 278 453 292 190 200 4821 386 223 533 165 260 1640 853 185 1917 307 370 336 197 185 708 789 688 166 195 287
leaf_count=1329 2756 1541 300 216 278 453 292 190 200 4821 386 223 533 165 260 1640 853 185 1917 307 370 336 197 185 708 789 688 166 195 287
internal_value=-0.000586768 0.0103874 0.0275852 0.073098 0.0985445 -0.0134022 0.000401308 0.0236404 0.0328922 -0.0188812 0.0178384 0.0263309 0.00813766 0.0200209 0.0589852 -0.00621363 0.0212025 0.0549328 -0.0140086 0.0019356 -0.0153142 0.00585914 0.0215982 0.0568066 0.0161061 0.00474571 -0.00458742 0.0275217 0.0343223 0.0450201
internal_weight=22766 12263 4504 794 578 10503 7759 1720 1530 8374 3710 2954 2129 1596 425 6039 1330 477 7045 2224 756 1171 835 382 2731 3283 2328 955 1190 995
internal_count=22766 12263 4504 794 578 10503 7759 1720 1530 8374 3710 2954 2129 1596 425 6039 1330 477 7045 2224 756 1171 835 382 2731 3283 2328 955 1190 995
is_linear=0
shrinkage=0.0161


Tree=111
num_leaves=31
num_cat=0
split_feature=178 547 235 449 498 187 207 213 474 534 296 206 160 570 596 538 533 357 48 61 31 326 51 42 84 5 46 416 266 451
split_gain=16061.2 8048.22 7985.76 6332.02 6104.22 5361 6293.84 8499.85 4372.94 3790.28 4811.47 3791.76 3683.7 3273.65 4275.74 3301.62 4484.34 3845.53 4519.9 3869.58 3524.42 3234.58 2989.31 2920.11 4168.45 2574.49 2514.51 2299.49 2399.18 2299.16
threshold=10.500000000000002 247.34999847412112 13.500000000000002 4.5000000000000009 305.50000000000006 13.500000000000002 20.000000000000004 13.500000000000002 16.500000000000004 139.50000000000003 16.500000000000004 6.5000000000000009 35.500000000000007 235.84999847412112 226.84999847412112 154.50000000000003 127.50000000000001 10.500000000000002 29.500000000000004 20.000000000000004 6.5000000000000009 8.0000000000000018 3.5000000000000004 13.500000000000002 13.500000000000002 24.500000000000004 24.500000000000004 13.500000000000002 6.5000000000000009 6.5000000000000009
decision_type=2 10 2 2 2 2 2 2 2 2 2 2 2 10 10 2 2 2 2 2 2 2 2 2 2 2 2 2 2 2
left_child=1 3 13 -1 8 6 9 -8 -5 10 29 -11 -10 14 15 17 -17 -2 19 20 -19 -12 -22 24 -18 27 -7 28 -24 -4
right_child=2 -3 5 4 -6 26 7 -9 12 11 21 -13 -14 -15 -16 16 23 18 -20 -21 22 -23 25 -25 -26 -27 -28 -29 -30 -31
leaf_value=-0.027347270013615914 -0.017663783057303924 0.079225574613455904 -0.0225433270762849 -0.012050423594783094 0.091245839871533327 -0.004737641174649883 0.05379573269974687 0.18905486967994686 0.0074811896305073981 -0.046438003263996129 0.057408985401469312 0.042858429628207184 0.086562519752658204 0.072733238077017565 -0.070994118239207579 0.10546976873682629 0.075545158756725461 -0.020426933755661993 0.081098944494119821 -0.041474564701521999 0.090757205959951182 0.15202176311910293 -0.028784202087349841 -0.023037742942590138 -0.023563021313462603 -0.03278208645359218 0.059253431868018042 0.06851010481259584 0.04947067270864295 0.052222363912996894
leaf_weight=4509 1702 258 174 7563 170 735 325 192 2233 224 204 274 164 187 189 183 317 447 237 354 193 175 206 295 168 184 203 301 200 274
leaf_count=4509 1702 258 174 7563 170 735 325 192 2233 224 204 274 164 187 189 183 317 447 237 354 193 175 206 295 168 184 203 301 200 274
internal_value=-4.32822e-05 -0.00990279 0.0184451 -0.0114752 -0.00440802 0.0404467 0.0564036 0.104073 -0.00604303 0.0377859 0.058918 0.0026457 0.0129017 0.00659393 0.00410365 0.00707358 0.0337181 0.000357518 0.014823 0.0064777 0.0175807 0.101158 0.0332752 0.0168539 0.0411664 0.0207976 0.00908608 0.0347753 0.00970703 0.0231314
internal_weight=22840 14897 7943 14639 10130 2780 1842 517 9960 1325 827 498 2397 5163 4976 4787 963 3824 2122 1885 1531 379 1084 780 485 891 938 707 406 448
internal_count=22840 14897 7943 14639 10130 2780 1842 517 9960 1325 827 498 2397 5163 4976 4787 963 3824 2122 1885 1531 379 1084 780 485 891 938 707 406 448
is_linear=0
shrinkage=0.0161


Tree=112
num_leaves=31
num_cat=0
split_feature=415 558 103 480 353 526 210 119 484 537 503 339 91 360 324 151 212 61 1 127 385 272 513 490 315 237 230 417 373 208
split_gain=14969 12034.5 8891.93 7114.78 5806.1 5861.42 6803.9 4864.57 4685.45 5533.96 5188.99 5588.49 3797.05 3514.84 3395.28 3390.73 3349.82 3228.79 3553.77 4215.04 6914.35 5006.5 3616.4 7526.31 3284.95 4326.2 3052.77 3264.32 3038.59 3023.38
threshold=10.500000000000002 238.25000000000003 10.500000000000002 23.500000000000004 73.500000000000014 143.50000000000003 10.500000000000002 4.5000000000000009 31.500000000000004 88.500000000000014 42.500000000000007 8.0000000000000018 6.5000000000000009 24.500000000000004 8.0000000000000018 8.0000000000000018 24.500000000000004 35.500000000000007 4.5000000000000009 6.5000000000000009 4.5000000000000009 8.0000000000000018 204.50000000000003 200.50000000000003 6.5000000000000009 6.5000000000000009 13.500000000000002 13.500000000000002 35.500000000000007 4.5000000000000009
decision_type=2 10 2 2 2 2 2 2 2 2 2 2 2 2 2 2 2 2 2 2 2 2 2 2 2 2 2 2 2 2
left_child=3 4 -3 -1 5 6 26 28 -8 10 -10 -12 13 -9 -15 -11 -7 18 -14 20 21 -20 -21 -24 25 -22 29 -28 -5 -2
right_child=1 2 -4 7 -6 16 8 12 9 15 11 -13 17 14 -16 -17 -18 -19 19 22 24 -23 23 -25 -26 -27 27 -29 -30 -31
leaf_value=-0.027867732167556194 -0.031145490922181433 0.026715604801271792 0.19357491325448306 -0.025201249496268643 0.092279193666880255 -0.0033048061360089645 0.0074792237263568177 -0.016206120295741557 0.039027024141501818 0.07352895778034689 0.17770470757709741 0.06826937605284468 -0.0064760339671641786 -0.0097062596418275356 0.092800223561936637 -0.0026479152507943304 -0.058054039825916684 -0.031908957801480509 0.051572593256227248 -0.0018701084937198366 0.0055001107402986504 0.17727057928324905 0.13584307563979256 -0.017836984682178265 -0.0013235732272878107 0.11229997977933158 0.009870773827932609 0.076159118556492891 0.04295409875411612 0.0070162076484750011
leaf_weight=4181 751 163 169 2631 232 1842 760 2605 389 224 222 268 1086 175 160 466 344 364 168 1257 189 162 163 167 482 206 620 280 181 1897
leaf_count=4181 751 163 169 2631 232 1842 760 2605 389 224 222 268 1086 175 160 466 344 364 168 1257 189 162 163 167 482 206 620 280 181 1897
internal_value=-5.50882e-05 0.0166655 0.111724 -0.0102316 0.0128581 0.0105699 0.0189434 -0.00285262 0.0403261 0.0562217 0.0830207 0.117898 0.00417148 -0.00988691 0.0391818 0.0220479 -0.0119312 0.0139159 0.018221 0.0278289 0.0505091 0.11335 0.0105645 0.0580003 0.0268362 0.0612579 0.00490063 0.03052 -0.0208059 -0.00379795
internal_weight=22804 8627 332 14177 8295 8063 5877 9996 2329 1569 879 490 7184 2940 335 690 2186 4244 3880 2794 1207 330 1587 330 877 395 3548 900 2812 2648
internal_count=22804 8627 332 14177 8295 8063 5877 9996 2329 1569 879 490 7184 2940 335 690 2186 4244 3880 2794 1207 330 1587 330 877 395 3548 900 2812 2648
is_linear=0
shrinkage=0.0161


Tree=113
num_leaves=31
num_cat=0
split_feature=175 178 541 490 30 23 239 188 547 290 23 362 372 583 108 209 265 132 222 207 115 416 530 560 334 90 473 406 238 116
split_gain=15541.3 6932.7 6281.53 5122.09 4997.63 6105.69 5083.57 4796.58 6123.52 4417.32 5381.6 3965.12 6239.67 4832.29 8125.42 4072.7 6518.5 3599.64 3959.26 3829.93 3334.79 2955.64 3163.07 5840.43 2943.95 2894.15 3210.45 3547.9 2788.48 2559.79
threshold=8.0000000000000018 10.500000000000002 235.84999847412112 58.500000000000007 16.500000000000004 20.000000000000004 6.5000000000000009 20.000000000000004 201.75000000000003 5.5000000000000009 8.0000000000000018 8.0000000000000018 35.500000000000007 133.65000152587893 24.500000000000004 6.5000000000000009 8.0000000000000018 5.5000000000000009 3.5000000000000004 20.000000000000004 16.500000000000004 29.500000000000004 65.500000000000014 140.84999847412112 13.500000000000002 35.500000000000007 20.000000000000004 20.000000000000004 16.500000000000004 13.500000000000002
decision_type=2 2 10 2 2 2 2 2 8 2 2 2 2 10 2 2 2 2 2 2 2 2 2 8 2 2 2 2 2 2
left_child=3 2 20 -1 17 6 -6 8 9 -8 -11 21 13 14 15 -13 -17 -3 -19 24 -2 22 23 -5 28 26 -22 -28 -20 -26
right_child=1 4 -4 11 5 -7 7 -9 -10 10 -12 12 -14 -15 -16 16 -18 18 19 -21 25 -23 -24 -25 29 -27 27 -29 -30 -31
leaf_value=-0.022723304450881655 -0.012878586817173925 -0.01179971900611349 0.090561199222367494 -0.013596350397058634 0.009241055915922787 0.0020359623192366186 0.074596964852662664 0.016294662745788394 0.034452472076761512 0.23825775909619698 0.10931985860815782 -0.02445855897334406 0.083603903145175698 -0.017725210474753283 0.11404336728568677 -0.0075670124401412044 0.10124615678051703 -0.041608955971551793 0.036724114424565357 0.088715714114955171 -0.0045579320732459438 0.037963284042447247 -0.026577448646403809 0.094708421297776402 0.10706811025283935 0.073361863124519283 0.016140909128183337 0.09759694486478239 -0.028481705560621799 0.020991121354290813
leaf_weight=6515 2765 823 204 556 270 463 192 190 215 163 175 536 279 1364 223 349 241 177 346 313 1738 262 2569 168 170 187 619 179 334 191
leaf_count=6515 2765 823 204 556 270 463 192 190 215 163 175 536 279 1364 223 349 241 177 346 313 1738 262 2569 168 170 187 619 179 334 191
internal_value=-0.00114623 0.0142745 0.00283675 -0.0126162 0.0304555 0.0517817 0.0708761 0.0886492 0.10707 0.136484 0.17157 -0.00255483 0.0110983 0.00363327 0.0252467 0.00763994 0.0368405 0.0153342 0.0299355 0.0393055 -0.000419854 -0.0140524 -0.018198 0.0115026 0.0244266 0.0122224 0.00770481 0.0344419 0.00466194 0.0615912
internal_weight=22776 9714 5692 13062 4022 1668 1205 935 745 530 338 6547 2992 2713 1349 1126 590 2354 1531 1354 5488 3555 3293 724 1041 2723 2536 798 680 361
internal_count=22776 9714 5692 13062 4022 1668 1205 935 745 530 338 6547 2992 2713 1349 1126 590 2354 1531 1354 5488 3555 3293 724 1041 2723 2536 798 680 361
is_linear=0
shrinkage=0.0161


Tree=114
num_leaves=31
num_cat=0
split_feature=175 57 538 11 529 557 31 56 339 514 297 485 581 396 316 518 49 79 99 300 100 406 97 44 110 252 338 220 316 61
split_gain=12264.3 7396.34 5677.9 5486.18 4480.05 6790.72 4388.51 3973.37 5391.01 8424.47 4742.74 3823.47 4353.95 3399.4 3349.67 3045.71 3004.63 5290.77 3241.21 5534.49 2974.02 2740.07 2652.75 2578.38 2781.83 3496.11 4277.01 2219.11 2456.93 2535.1
threshold=8.0000000000000018 10.500000000000002 10.500000000000002 61.500000000000007 286.50000000000006 224.44999694824222 3.5000000000000004 29.500000000000004 20.000000000000004 121.50000000000001 16.500000000000004 205.50000000000003 155.05000305175784 2.5000000000000004 8.0000000000000018 204.50000000000003 16.500000000000004 2.5000000000000004 24.500000000000004 4.5000000000000009 2.5000000000000004 6.5000000000000009 3.5000000000000004 10.500000000000002 10.500000000000002 6.5000000000000009 8.0000000000000018 2.5000000000000004 35.500000000000007 35.500000000000007
decision_type=2 2 2 2 2 10 2 2 2 2 2 2 10 2 2 2 2 2 2 2 2 2 2 2 2 2 2 2 2 2
left_child=2 11 -1 6 5 7 -4 27 9 10 -9 -2 -13 -8 -12 -14 18 -18 23 -20 -19 -21 -22 -15 -25 -26 -27 -3 29 -29
right_child=1 4 3 -5 -6 -7 13 8 -10 -11 14 12 15 16 -16 -17 17 20 19 21 22 -23 -24 24 25 26 -28 28 -30 -31
leaf_value=-0.034596884900056857 -0.0070247609339437302 0.059265925018851126 -0.027557820533402805 0.065545544902532268 -0.046728659442220224 0.10793311632685453 -0.034316615732101978 0.01946755640993009 0.11392804975467374 -0.039947125145662316 0.055805689480004986 0.09552694130475127 -0.046540490342861049 -0.019159440781806356 0.15900606604308809 0.042058639759394244 0.097432242319348314 0.071868547211234049 0.09635093295681095 0.043818126564016166 0.055998251491463341 -0.031069636390887032 -0.0052790444069558545 -0.0092197431593602809 -0.0078094773409664742 0.12380979084011177 0.010597854585976792 0.022142565512335219 -0.034172145727003216 -0.026401580386745508
leaf_weight=2105 4014 289 2241 273 206 273 775 309 270 289 164 210 171 2961 164 244 196 178 210 210 210 319 1429 1247 306 172 175 2595 266 312
leaf_count=2105 4014 289 2241 273 206 273 775 309 270 289 164 210 171 2961 164 244 196 178 210 210 210 319 1429 1247 306 172 175 2595 266 312
internal_value=-0.000144901 0.0134794 -0.0103867 -0.00570995 0.0267876 0.0298636 -0.00754232 0.025283 0.0505916 0.0320987 0.0648221 -0.00125228 0.0357833 -0.00219203 0.107478 0.00549481 0.00107515 0.0179477 -0.00498573 0.0264199 0.00936075 -0.00129654 0.00255787 -0.00976505 0.00486297 0.031792 0.0667823 0.016533 0.0126334 0.0169244
internal_weight=22783 9776 13007 10902 5137 4931 10629 4658 1196 926 637 4639 625 8388 328 415 7613 2013 5600 739 1817 529 1639 4861 1900 653 347 3462 3173 2907
internal_count=22783 9776 13007 10902 5137 4931 10629 4658 1196 926 637 4639 625 8388 328 415 7613 2013 5600 739 1817 529 1639 4861 1900 653 347 3462 3173 2907
is_linear=0
shrinkage=0.0161


Tree=115
num_leaves=31
num_cat=0
split_feature=357 542 116 11 30 58 221 593 590 590 525 416 537 528 488 557 503 571 571 89 447 385 35 126 527 344 229 44 494 296
split_gain=15747.4 7934.26 7469.95 6922.81 6446.89 5714.62 5380.46 7818.14 12476.3 5194.61 4469.32 4393.41 4345.98 6872.53 6040.62 5387.69 4048.21 8197.34 5842.43 3772.58 3666.38 3989.69 6019.81 3632.13 4390.02 4426.5 3506.9 4602.64 3473.3 3245.33
threshold=10.500000000000002 162.34999847412112 8.0000000000000018 52.000000000000007 4.5000000000000009 6.5000000000000009 10.500000000000002 210.94999694824222 264.34999084472662 124.95000076293947 146.50000000000003 4.5000000000000009 74.500000000000014 121.50000000000001 98.500000000000014 138.55000305175784 230.50000000000003 205.94999694824222 174.34999847412112 8.0000000000000018 13.500000000000002 6.5000000000000009 10.500000000000002 20.000000000000004 31.500000000000004 13.500000000000002 20.000000000000004 8.0000000000000018 221.50000000000003 29.500000000000004
decision_type=2 8 2 2 2 2 2 8 8 10 2 2 2 2 2 10 2 10 10 2 2 2 2 2 2 2 2 2 2 2
left_child=1 11 26 4 -4 -6 10 9 -9 29 19 -1 -3 14 -14 -16 20 18 -18 -7 -15 -22 -23 24 -21 -26 -2 -28 -19 -8
right_child=2 12 3 -5 5 6 7 8 -10 -11 -12 -13 13 16 15 -17 17 28 -20 23 21 22 -24 -25 25 -27 27 -29 -30 -31
leaf_value=-0.030493880969275289 -0.0067039042814417858 -0.012837197268828399 -0.019050192611835833 0.11397117705555179 -0.014767760291324964 0.0026219009777023843 0.051798981865304017 0.21726046609542776 0.043113176349692826 0.0048896836369238103 -0.011733679113111462 -0.0078180215201847023 0.11280590088315805 -0.026063505416786779 -0.008832312067732483 0.088736563051312403 0.029788653361041723 0.025711743113939128 0.1461326558934814 0.026741626886857609 -0.037135483910026627 0.12020007210533903 -0.0088949426981976346 -0.0011417605085607152 0.066084118049579185 0.16533842554744868 -0.013054878242618827 0.085361138669488815 -0.074817994998784262 0.13506303673029899
leaf_weight=3558 2648 1665 656 255 520 480 458 198 232 516 599 5877 319 1131 401 231 264 181 195 331 183 184 190 219 321 184 228 267 175 166
leaf_count=3558 2648 1665 656 255 520 480 458 198 232 516 599 5877 319 1131 401 231 264 181 195 331 183 184 190 219 321 184 228 267 175 166
internal_value=0.00246795 -0.0076148 0.0201978 0.0321632 0.0278836 0.0351781 0.0421963 0.0648289 0.123357 0.0427321 0.0255343 -0.0163717 0.00852079 0.0188232 0.0556693 0.0267925 0.00481437 0.0342875 0.0792671 0.0400927 -0.00940188 0.0243876 0.0545541 0.0571187 0.0724089 0.102295 0.000641394 0.0399826 -0.0236399 0.0739871
internal_weight=22832 14554 8278 5135 4880 4224 3704 1570 430 1140 2134 9435 5119 3454 951 632 2503 815 459 1535 1688 557 374 1055 836 505 3143 495 356 624
internal_count=22832 14554 8278 5135 4880 4224 3704 1570 430 1140 2134 9435 5119 3454 951 632 2503 815 459 1535 1688 557 374 1055 836 505 3143 495 356 624
is_linear=0
shrinkage=0.0161


Tree=116
num_leaves=31
num_cat=0
split_feature=296 90 115 201 555 152 97 8 360 372 599 61 432 489 546 514 498 162 356 243 508 178 33 449 109 374 353 312 574 15
split_gain=12792.2 7609.18 7642.42 6227.86 5592.06 4842.82 6934.7 6657.4 4620.13 3881.71 3663.32 3833.66 3905.25 3566.55 3306.3 4150.44 3202.63 3069.86 3410.88 3031.15 5283.43 2850.71 2777.2 2727.72 2687.37 2491.13 2459.9 2979.27 2310.35 2266.46
threshold=5.5000000000000009 6.5000000000000009 16.500000000000004 35.500000000000007 235.84999847412112 20.000000000000004 13.500000000000002 10.500000000000002 16.500000000000004 29.500000000000004 201.75000000000003 10.500000000000002 5.5000000000000009 73.500000000000014 235.84999847412112 224.50000000000003 253.50000000000003 6.5000000000000009 35.500000000000007 4.5000000000000009 68.500000000000014 13.500000000000002 3.5000000000000004 5.5000000000000009 5.5000000000000009 20.000000000000004 29.500000000000004 8.0000000000000018 170.05000305175784 8.0000000000000018
decision_type=2 2 2 2 10 2 2 2 2 2 10 2 2 2 10 2 2 2 2 2 2 2 2 2 2 2 2 2 10 2
left_child=8 3 14 16 5 10 7 -7 23 21 11 12 -4 -14 15 17 22 25 19 20 -19 -10 -2 28 -25 -3 -24 -28 -1 -21
right_child=1 2 4 -5 -6 6 -8 -9 9 -11 -12 -13 13 -15 -16 -17 -18 18 -20 29 -22 -23 26 24 -26 -27 27 -29 -30 -31
leaf_value=-0.034965661986906441 -0.037081438183527354 -0.012308749248240453 0.0050197115977257123 0.066797392343566797 0.12806676908647785 0.1750101503485047 0.011115643834820187 0.045467535827047469 -0.0109780821626979 0.081223991348201879 -0.041914773862632509 0.0091089658472149095 0.036622003343579325 0.11296034282328637 0.066948035414766349 -0.04482152109109068 0.046802901870278163 -0.010977132248045056 0.070541758842375069 0.025414211779663288 0.097664837169478158 0.048839181656537466 -0.011422900760722164 -0.029084328364565926 -0.00090797865674379621 0.036592547522007572 -0.015268875933763979 0.080861597947024036 0.016826042547937573 -0.01101900869125697
leaf_weight=3267 1036 1961 307 283 168 213 306 200 1086 174 214 1230 317 320 225 417 237 207 306 750 263 255 3243 1417 2309 313 161 173 239 1079
leaf_count=3267 1036 1961 307 283 168 213 306 200 1086 174 214 1230 317 320 225 417 237 207 306 750 263 255 3243 1417 2309 313 161 173 239 1079
internal_value=-0.000614003 0.00896755 0.0180586 -0.00660639 0.0375451 0.0326429 0.0692895 0.112335 -0.0158747 0.00967972 0.0215992 0.0278621 0.0522718 0.0750079 0.00649507 0.00392228 -0.0108944 0.00809316 0.0200271 0.0132933 0.0497661 0.000379014 -0.0138638 -0.0212312 -0.0116298 -0.00556748 -0.00713271 0.0344528 -0.0314284 0.00390793
internal_weight=22676 13929 8796 5133 3275 3107 719 413 8747 1515 2388 2174 944 637 5521 5296 4850 4879 2605 2299 470 1341 4613 7232 3726 2274 3577 334 3506 1829
internal_count=22676 13929 8796 5133 3275 3107 719 413 8747 1515 2388 2174 944 637 5521 5296 4850 4879 2605 2299 470 1341 4613 7232 3726 2274 3577 334 3506 1829
is_linear=0
shrinkage=0.0161


Tree=117
num_leaves=31
num_cat=0
split_feature=209 118 171 157 281 475 418 189 561 593 165 501 485 377 273 503 57 104 6 177 504 449 8 327 281 353 368 579 353 153
split_gain=11895 7699 6714.19 5743.65 4776.23 5029.28 4917.7 4370.88 4055.67 5638.3 4006.77 3967.63 3685.4 4623.17 5037.39 4195.42 3649.17 3371.09 3353.21 3273.88 4060.25 3554.58 4500.14 3130.31 3006.63 2944.47 2775.64 2765.88 2593.72 2535.8
threshold=10.500000000000002 5.5000000000000009 61.500000000000007 5.5000000000000009 8.0000000000000018 35.500000000000007 20.000000000000004 61.500000000000007 221.94999694824222 148.75000000000003 6.5000000000000009 219.50000000000003 31.500000000000004 8.0000000000000018 16.500000000000004 101.50000000000001 6.5000000000000009 8.0000000000000018 4.5000000000000009 8.0000000000000018 242.50000000000003 6.5000000000000009 3.5000000000000004 16.500000000000004 8.0000000000000018 5.5000000000000009 6.5000000000000009 244.44999694824222 13.500000000000002 5.5000000000000009
decision_type=2 2 2 2 2 2 2 2 10 10 2 2 2 2 2 2 2 2 2 2 2 2 2 2 2 2 2 8 2 2
left_child=2 -2 3 11 6 8 16 19 9 12 -8 -1 -6 15 23 -14 -3 -7 29 -5 21 27 -23 -15 -24 -26 -12 -21 -11 -18
right_child=1 4 -4 7 5 17 10 -9 -10 28 26 -13 13 14 -16 -17 18 -19 -20 20 -22 22 24 -25 25 -27 -28 -29 -30 -31
leaf_value=-0.023415095397574578 -0.011537213310290428 -0.037203596220182551 0.068330497161601861 -0.010120502946305109 0.00041759844917345801 0.14674342043280242 0.092464515765791039 0.078152513715162561 0.090711158231313413 -0.045877302665336905 0.070378705094323132 0.035873592482255613 0.05512868510590075 0.018208811395648044 0.15281706102867185 -0.039390316503707452 0.01145159510249889 0.056852330149104846 -0.0013163606510195982 -0.02551628457926914 0.072917307664647157 0.087188850784932131 -0.014903519459553391 0.10568414179911323 0.089317737500912348 0.01348880960647051 -0.012856904716117465 0.028848479153004803 0.01915813885564514 0.10103201021625728
leaf_weight=6105 1848 549 296 5033 435 167 297 180 266 348 160 307 326 258 195 194 163 311 1193 1074 251 235 622 181 183 487 295 313 292 166
leaf_count=6105 1848 549 296 5033 435 167 297 180 266 348 160 307 326 258 195 194 163 311 1193 1074 251 235 622 181 183 487 295 313 292 166
internal_value=0.000706204 0.0170691 -0.00758323 -0.00910412 0.026194 0.0404388 0.011184 -0.000323941 0.0312586 0.0241532 0.0464492 -0.0205727 0.0404081 0.0554622 0.0846579 0.0198206 -0.00160972 0.088307 0.0112139 -0.00204989 0.0107766 0.00541599 0.0223688 0.0543286 0.0105605 0.0342354 0.016361 -0.013231 -0.0161681 0.0567218
internal_weight=22730 7644 15086 14790 5796 2973 2823 8378 2495 2229 752 6412 1589 1154 634 520 2071 478 1522 8198 3165 2914 1527 439 1292 670 455 1387 640 329
internal_count=22730 7644 15086 14790 5796 2973 2823 8378 2495 2229 752 6412 1589 1154 634 520 2071 478 1522 8198 3165 2914 1527 439 1292 670 455 1387 640 329
is_linear=0
shrinkage=0.0161


Tree=118
num_leaves=31
num_cat=0
split_feature=475 555 510 58 536 450 275 52 291 117 190 31 535 13 54 119 435 198 546 389 390 376 512 516 182 241 208 174 199 508
split_gain=13154.7 6354.64 6180.81 5670.04 5733.53 5327.85 4917.85 5781.71 5576.86 4812.98 7231.67 4276.89 4162.6 3814.59 4961.84 3747.5 4312.63 6897.71 10119.8 3215.67 3620.99 5011.09 3166.33 4228.54 3109.22 2935.73 4260.02 3547.47 2847.02 2822.03
threshold=16.500000000000004 238.25000000000003 11.500000000000002 8.0000000000000018 251.50000000000003 4.5000000000000009 3.5000000000000004 20.000000000000004 61.500000000000007 43.500000000000007 8.0000000000000018 3.5000000000000004 198.50000000000003 24.500000000000004 13.500000000000002 6.5000000000000009 10.500000000000002 6.5000000000000009 183.15000152587893 8.0000000000000018 24.500000000000004 13.500000000000002 218.50000000000003 152.50000000000003 29.500000000000004 20.000000000000004 13.500000000000002 24.500000000000004 3.5000000000000004 105.50000000000001
decision_type=2 10 2 2 2 2 2 2 2 2 2 2 2 2 2 2 2 2 8 2 2 2 2 2 2 2 2 2 2 2
left_child=2 3 -1 24 5 -5 -4 11 13 12 -11 -8 25 22 -15 -13 -17 18 29 -19 21 -21 23 -9 -2 26 28 -28 -7 -18
right_child=1 -3 6 4 -6 9 7 8 -10 10 -12 15 -14 14 -16 16 17 19 -20 20 -22 -23 -24 -25 -26 -27 27 -29 -30 -31
leaf_value=-0.027740836399599199 -0.0092322535499415291 0.10173703708770884 -0.021130970874833403 -0.016197303310021196 -0.045788602025525725 0.077931436180856309 -0.024459314649454285 0.0031913101227987774 0.11054764474430658 0.17830590734731677 0.030589737091155502 -0.010749220865612998 0.10824922651704996 0.010042783113317071 0.1249897203397589 -0.0018447879384225823 0.05639024831643747 -0.022338926319772901 0.15411121796245986 -0.0076238134176845797 -0.025687709892426046 0.10018984485568913 -0.050568836755602566 0.069542909941515338 0.063632144581177885 0.00047907359040364053 0.049373555948524647 0.13139135014007614 0.0062255269531428497 -0.024793940897421429
leaf_weight=2781 1771 252 2698 418 231 178 1876 1286 184 166 179 3121 197 209 183 2444 302 541 244 190 205 270 209 309 166 598 463 195 746 175
leaf_count=2781 1771 252 2698 418 231 178 1876 1286 184 166 179 3121 197 209 183 2444 302 541 244 190 205 270 209 309 166 598 463 195 746 175
internal_value=0.00118756 0.0227207 -0.00576088 0.0189649 0.0315791 0.0372783 -0.00152789 0.00297208 0.0253812 0.0454989 0.101733 -0.0027186 0.0373271 0.0182345 0.0637643 0.00272215 0.0123464 0.0303572 0.069756 0.0067834 0.0305108 0.0556069 0.0083281 0.0160604 -0.00297566 0.0309073 0.0423944 0.0737155 0.0200645 0.0265563
internal_weight=22787 5560 17227 5308 3371 3140 14446 11748 2380 2722 345 9368 2377 2196 392 7492 4371 1927 721 1206 665 460 1804 1595 1937 2180 1582 658 924 477
internal_count=22787 5560 17227 5308 3371 3140 14446 11748 2380 2722 345 9368 2377 2196 392 7492 4371 1927 721 1206 665 460 1804 1595 1937 2180 1582 658 924 477
is_linear=0
shrinkage=0.0161


Tree=119
num_leaves=31
num_cat=0
split_feature=175 539 371 480 553 66 419 595 299 596 212 465 243 537 178 475 361 284 18 550 132 334 482 402 19 552 57 338 182 210
split_gain=11413.4 6111.82 5660.46 8252.22 8983.96 10001.4 4632.43 6740.61 4635.51 3835.46 4359.51 6501.1 3698.23 3471.61 5234.25 3451.96 5362.08 3330.46 3993.77 5055.26 3199.43 3045.6 4056.81 2874.3 2778.9 2756.57 4026.46 4021.98 2581.56 2521.19
threshold=8.0000000000000018 61.500000000000007 10.500000000000002 205.50000000000003 192.55000305175784 13.500000000000002 13.500000000000002 224.44999694824222 6.5000000000000009 224.44999694824222 20.000000000000004 13.500000000000002 4.5000000000000009 215.50000000000003 10.500000000000002 8.0000000000000018 24.500000000000004 20.000000000000004 5.5000000000000009 231.15000152587893 3.5000000000000004 13.500000000000002 141.50000000000003 8.0000000000000018 16.500000000000004 165.25000000000003 8.0000000000000018 13.500000000000002 10.500000000000002 10.500000000000002
decision_type=2 2 2 2 8 2 2 10 2 10 2 2 2 2 2 2 2 2 2 8 2 2 2 2 2 8 2 2 2 2
left_child=1 29 13 12 -5 -6 9 8 -8 10 15 -12 -4 14 -2 -3 -17 18 -14 25 -10 -16 23 -23 -22 26 -20 -28 -15 -1
right_child=2 6 3 4 5 -7 7 -9 20 -11 11 -13 17 28 21 16 -18 -19 19 -21 24 22 -24 -25 -26 -27 27 -29 -30 -31
leaf_value=-0.025775986261250144 -0.0056030781760762838 -0.021317748357575775 -0.013558856746096961 0.013387765874168452 0.059313586763102076 0.22883050186549 0.076440494120468286 0.11827571587348282 0.052762440167845946 -0.064196963779431279 0.00057006474395941014 0.12195597688147181 0.0025572976474449818 -0.0017118188425783451 0.014055482011743633 -0.0010599273893016361 0.098885792580513859 -0.0065758452787550168 0.0015656908781460635 0.10804574168114575 -0.023847804890154565 -0.014409316216172502 0.12039870068117703 0.066399589232763775 0.026337663725217758 -0.01363547709997133 0.1142055042722379 0.027341543751234831 -0.066982733553320656 -0.0019538489990720436
leaf_weight=5115 3058 2363 752 292 208 160 256 172 273 290 355 169 620 335 1336 1064 160 595 307 319 895 202 185 261 420 235 301 257 297 1489
leaf_count=5115 3058 2363 752 292 208 160 256 172 273 290 355 169 620 335 1336 1064 160 595 307 319 895 202 185 261 420 235 301 257 297 1489
internal_value=0.000318477 -0.00953506 0.0135208 0.0280711 0.0801612 0.133081 0.00165145 0.0218658 0.0128603 -0.00760294 -0.00360493 0.0397643 0.0179107 0.00314115 0.00760359 -0.009947 0.0119856 0.0269041 0.0366855 0.0515804 0.00259583 0.0279713 0.0566256 0.031093 -0.00780109 0.0351841 0.0484744 0.0742404 -0.0324223 -0.0204084
internal_weight=22741 13021 9720 4046 660 368 6417 2016 1844 4401 4111 524 3386 5674 5042 3587 1224 2634 2039 1419 1588 1984 648 463 1315 1100 865 558 632 6604
internal_count=22741 13021 9720 4046 660 368 6417 2016 1844 4401 4111 524 3386 5674 5042 3587 1224 2634 2039 1419 1588 1984 648 463 1315 1100 865 558 632 6604
is_linear=0
shrinkage=0.0161


Tree=120
num_leaves=31
num_cat=0
split_feature=417 475 12 540 527 410 554 532 296 508 599 94 455 116 370 509 55 63 216 55 461 353 299 297 221 24 581 591 486 487
split_gain=11739.9 6456.49 6582.15 4195.28 4167.45 4128.75 3858.2 4589.35 4574.64 4210.74 6002.26 3708.36 3648.33 3539.53 3658.93 3344.57 3280.62 3193.01 3030.88 2998.49 2904.38 2628.83 3828.2 2586.82 2547.98 2709.45 3387.46 3297.09 2481.84 4048.74
threshold=6.5000000000000009 16.500000000000004 52.000000000000007 240.75000000000003 278.50000000000006 35.500000000000007 209.25000000000003 108.50000000000001 16.500000000000004 53.500000000000007 110.25000000000001 6.5000000000000009 6.5000000000000009 35.500000000000007 52.000000000000007 105.50000000000001 5.5000000000000009 43.500000000000007 8.0000000000000018 24.500000000000004 20.000000000000004 5.5000000000000009 24.500000000000004 43.500000000000007 5.5000000000000009 5.5000000000000009 123.45000076293947 175.25000000000003 166.50000000000003 115.50000000000001
decision_type=2 2 2 10 2 2 10 2 2 2 8 2 2 2 2 2 2 2 2 2 2 2 2 2 2 2 10 8 2 2
left_child=5 3 4 12 6 16 7 8 -3 19 -11 -7 23 14 21 -13 18 -18 -1 -10 -20 22 28 -2 -9 -26 -27 -28 29 -14
right_child=1 2 -4 -5 -6 11 -8 24 9 10 -12 15 13 -15 -16 -17 17 -19 20 -21 -22 -23 -24 -25 25 26 27 -29 -30 -31
leaf_value=-0.035548692592106877 -0.008044963805364588 0.012199835378277853 0.12322124413015662 0.063479277482932348 -0.048134306695223616 -0.018822150282350229 0.083330953918782133 -0.040733325740929117 0.0030690633961069583 0.16483782317966347 0.044626964906286988 0.10411613871614914 0.006148153274807458 0.080533335256532099 0.075479579880096445 0.0080246384693397985 -0.0093288800078699333 0.053028506076263672 -0.016324350461427734 0.072143161439461825 0.049140966732422464 -0.0056721102895087453 0.085532589234372916 -0.066390517865383275 -0.03377112278879036 0.090264728975654865 -0.036593023516100338 0.052109636321739879 -0.038077780725208489 0.083522674864095051
leaf_weight=2695 3217 1026 180 288 199 263 295 332 367 195 242 204 954 179 196 175 5711 221 1023 294 212 2603 205 210 241 173 226 209 224 215
leaf_count=2695 3217 1026 180 288 199 263 295 332 367 195 242 204 954 179 196 175 5711 221 1023 294 212 2603 205 210 241 173 226 209 224 215
internal_value=0.000503991 0.0112003 0.0280595 0.00310642 0.0235445 -0.0119884 0.0275133 0.0225239 0.0366717 0.0595174 0.0983218 0.0275604 0.000930873 0.0103408 0.00747794 0.0598088 -0.0145654 -0.00700175 -0.025976 0.0338275 -0.00506752 0.00429968 0.0205576 -0.0116271 -0.00290061 0.0118661 0.0299946 0.00597093 0.0109787 0.0203988
internal_weight=22774 12270 3979 8291 3799 10504 3600 3305 2124 1098 437 642 8003 4576 4397 379 9862 5932 3930 661 1235 4201 1598 3427 1181 849 608 435 1393 1169
internal_count=22774 12270 3979 8291 3799 10504 3600 3305 2124 1098 437 642 8003 4576 4397 379 9862 5932 3930 661 1235 4201 1598 3427 1181 849 608 435 1393 1169
is_linear=0
shrinkage=0.0161


Tree=121
num_leaves=31
num_cat=0
split_feature=178 357 31 167 107 503 423 565 535 239 15 355 283 90 310 236 161 313 538 158 510 545 130 292 182 208 572 337 56 551
split_gain=12918.7 7926.33 7311.87 7971.47 9627.44 4940.44 6405.37 4863.34 5523.49 4759.33 5222.93 4046.01 4865.43 3790.43 4054.78 3546 3728.72 3219.42 3642.71 6416.9 3420.55 3202.32 5486.07 3042.64 3485.14 4988.97 4379.93 2804.65 2555.88 2387.26
threshold=8.0000000000000018 10.500000000000002 5.5000000000000009 29.500000000000004 29.500000000000004 230.50000000000003 20.000000000000004 240.75000000000003 231.50000000000003 29.500000000000004 10.500000000000002 35.500000000000007 8.0000000000000018 10.500000000000002 8.0000000000000018 4.5000000000000009 10.500000000000002 5.5000000000000009 154.50000000000003 10.500000000000002 200.50000000000003 240.75000000000003 5.5000000000000009 4.5000000000000009 13.500000000000002 8.0000000000000018 86.350002288818374 8.0000000000000018 16.500000000000004 220.15000152587893
decision_type=2 2 2 2 2 2 2 10 2 2 2 2 2 2 2 2 2 2 2 2 2 8 2 2 2 2 10 2 2 10
left_child=5 17 -3 7 -5 15 13 8 9 11 -11 23 -13 14 -7 -1 29 -2 28 -20 -21 -18 -23 -4 25 -25 -27 -6 -19 -17
right_child=1 2 3 4 27 6 -8 -9 -10 10 -12 12 -14 -15 -16 16 21 18 19 20 -22 22 -24 24 -26 26 -28 -29 -30 -31
leaf_value=-0.022996356726317571 -0.019769341738834739 -0.0097333194433026991 -0.013348287615827998 0.18754871977924875 0.09320725673829422 -0.014040597557654379 0.1119203388629464 0.11531914598825335 -0.037681438796059605 0.021595241381014752 0.12813716171536629 0.0088376160166134237 0.12314640636723861 -0.038698215510338557 0.093043251252147047 -0.015461053397351453 0.00090269708470216395 -0.013521638822468077 -0.0038493997204870774 0.14607977586085855 0.040706689043237473 0.1212185099285992 0.011894111635543929 0.013685291582337503 -0.0013479139680103852 0.02525110583391622 0.1176885021727645 0.0026347095822712497 0.02993295808825416 0.047552363811013694
leaf_weight=4722 1599 1102 671 188 167 184 185 161 333 226 254 176 215 291 182 4715 1962 1383 384 161 160 169 404 676 734 229 319 190 470 161
leaf_count=4722 1599 1102 671 188 167 184 185 161 333 226 254 176 215 291 182 4715 1962 1383 384 161 160 169 404 676 734 229 319 190 470 161
internal_value=0.00106403 0.0150193 0.0274505 0.0364834 0.0942614 -0.0094724 0.0282315 0.0285934 0.0249445 0.0309096 0.0780227 0.0234137 0.071753 0.00463036 0.0391444 -0.0120909 -0.00513919 -0.00184408 0.00935176 0.0405018 0.0936307 0.010694 0.0441792 0.0162154 0.0263588 0.042993 0.0791034 0.0450693 -0.00248699 -0.0133756
internal_weight=22773 9798 5641 4539 545 12975 842 3994 3833 3500 480 3020 391 657 366 12133 7411 4157 2558 705 321 2535 573 2629 1958 1224 548 357 1853 4876
internal_count=22773 9798 5641 4539 545 12975 842 3994 3833 3500 480 3020 391 657 366 12133 7411 4157 2558 705 321 2535 573 2629 1958 1224 548 357 1853 4876
is_linear=0
shrinkage=0.0161


Tree=122
num_leaves=31
num_cat=0
split_feature=116 512 516 274 209 11 239 268 437 383 270 413 41 60 591 412 34 386 594 13 85 374 486 218 383 44 358 512 77 61
split_gain=11152.4 8115.89 8642.38 20401.9 7623.42 6345.32 5878.64 5167.56 4681.33 5232.39 4475.96 3813.07 3797.84 3781 3556.83 3430.28 3413.54 2970.84 3276.79 2959.75 2945.26 2837.86 2770.91 2525.03 2286.15 2609.9 3432.84 3726.43 2269.63 2221.48
threshold=16.500000000000004 201.50000000000003 188.50000000000003 6.5000000000000009 5.5000000000000009 24.500000000000004 6.5000000000000009 6.5000000000000009 5.5000000000000009 6.5000000000000009 20.000000000000004 52.000000000000007 16.500000000000004 10.500000000000002 182.25000000000003 35.500000000000007 24.500000000000004 13.500000000000002 135.15000152587893 4.5000000000000009 6.5000000000000009 8.0000000000000018 242.50000000000003 8.0000000000000018 3.5000000000000004 8.0000000000000018 16.500000000000004 96.500000000000014 10.500000000000002 10.500000000000002
decision_type=2 2 2 2 2 2 2 2 2 2 2 2 2 2 8 2 2 2 10 2 2 2 2 2 2 2 2 2 2 2
left_child=1 7 3 -3 24 14 17 15 12 10 13 22 -8 -10 21 23 19 18 -6 -11 -19 -4 29 -1 -2 -26 27 -27 -21 -9
right_child=4 2 5 -5 6 -7 8 11 9 16 -12 -13 -14 -15 -16 -17 -18 20 -20 28 -22 -23 -24 -25 25 26 -28 -29 -30 -31
leaf_value=-0.029066200513712986 -0.055047387765765066 0.21882734142756749 -0.017179786290836527 0.0016913626129709124 0.0053409782785532791 0.075949263485138543 -0.01346895431718872 0.0030193748237529283 0.10659972681076312 0.077272049509708535 0.14914340817822527 0.062952473186482311 0.066434256334909222 0.015138677334260027 -0.033204339753284108 0.028277316732762545 0.084548806726567463 0.087932374273006444 -0.060417286735844664 0.038367364441899358 0.010431610459841905 0.071209675255077931 0.060431771663012418 -0.0095660449803512838 -0.02838946575495499 -0.0020714685715199537 -0.041841530641050527 0.089553185246987049 -0.018280026080128554 -0.01593280836351417
leaf_weight=5246 277 179 186 301 692 255 538 3603 246 196 235 230 216 225 752 358 294 174 274 330 475 190 170 2568 583 239 175 221 412 2886
leaf_count=5246 277 179 186 301 692 255 538 3603 246 196 235 230 216 225 752 358 294 174 274 330 475 190 170 2568 583 239 175 221 412 2886
internal_value=-0.00124039 -0.00784503 0.0238511 0.082714 0.0180208 0.00340438 0.0288954 -0.0117673 0.0434653 0.0567106 0.0916792 -0.00149226 0.00938987 0.0629581 -0.0129745 -0.0204263 0.0366527 0.00459468 -0.0132866 0.0216153 0.0312462 0.0274225 -0.0037217 -0.0226607 -0.0132925 -0.00377725 0.0187824 0.041897 0.00688184 -0.00540603
internal_weight=22726 16924 1863 480 5802 1383 4307 15061 2692 1938 706 6889 754 471 1128 8172 1232 1615 966 938 649 376 6659 7814 1495 1218 635 460 742 6489
internal_count=22726 16924 1863 480 5802 1383 4307 15061 2692 1938 706 6889 754 471 1128 8172 1232 1615 966 938 649 376 6659 7814 1495 1218 635 460 742 6489
is_linear=0
shrinkage=0.0161


Tree=123
num_leaves=31
num_cat=0
split_feature=176 417 498 508 261 538 128 416 299 539 574 3 249 458 558 422 536 506 346 363 432 489 585 273 86 78 595 589 555 511
split_gain=11566.2 7352.79 7055.49 13904.5 5366.27 4932.14 5224.24 5359.63 5745.55 4420.28 4119.21 5467.23 3582.14 4345.9 3280.98 4528.27 5611.42 9366.99 3822.13 2951.61 2856.1 2669.8 2765.12 3334.88 4219.51 3388.55 2912.91 4034.37 5900.02 3425.17
threshold=4.5000000000000009 6.5000000000000009 286.50000000000006 224.50000000000003 3.5000000000000004 234.50000000000003 61.500000000000007 29.500000000000004 16.500000000000004 61.500000000000007 203.05000305175784 13.500000000000002 35.500000000000007 10.500000000000002 201.75000000000003 6.5000000000000009 94.500000000000014 145.50000000000003 6.5000000000000009 5.5000000000000009 43.500000000000007 12.500000000000002 191.15000152587893 24.500000000000004 13.500000000000002 16.500000000000004 101.54999923706056 175.25000000000003 255.05000305175784 50.500000000000007
decision_type=2 2 2 2 2 2 2 2 2 2 10 2 2 2 8 2 2 2 2 2 2 2 10 2 2 2 8 8 8 2
left_child=12 14 4 -4 -3 6 7 10 -9 -10 21 -12 -1 -14 20 -16 -17 -18 -19 -7 -2 -6 23 25 -25 26 29 -28 -29 -23
right_child=1 2 3 -5 5 19 -8 8 9 -11 11 -13 13 -15 15 16 17 18 -20 -21 -22 22 -24 24 -26 -27 27 28 -30 -31
leaf_value=-0.019466069947140043 -0.015761992902335292 -0.013445103288013543 0.17543876707208197 -0.025366771544000712 -0.017786162973506128 0.03684229285109273 0.10796005313960584 0.023735238534772132 0.1484716397488007 0.052303216232707499 0.12993259910981841 0.0019110377927946049 -0.020575091124105042 0.093767383399952497 -0.015856195391766904 -0.011146215043409626 0.16527551844663049 0.083704140121892742 -0.017065041484955426 -0.040366230612496043 0.047854355565498809 0.025376630964383463 -0.029084780587591175 0.094726797739313265 0.0016585710598508265 -0.011898051882770957 -0.0097924476869175828 0.12648737440216304 0.013266790037248283 0.093579240103396633
leaf_weight=6689 4247 1523 202 160 731 170 186 803 215 295 179 168 181 164 777 386 178 167 234 521 191 609 333 312 213 980 985 161 463 279
leaf_count=6689 4247 1523 202 160 731 170 186 803 215 295 179 168 181 164 777 386 178 167 234 521 191 609 333 312 213 980 985 161 463 279
internal_value=0.000295602 0.00799649 0.0168984 0.0866199 0.0141302 0.019657 0.0237587 0.0214267 0.0506149 0.092891 0.0143423 0.0680188 -0.0168545 0.0337108 -0.00566655 0.0130509 0.0363507 0.068056 0.0248425 -0.0213373 -0.0130188 0.0106611 0.0154635 0.0191762 0.0570125 0.0134564 0.0234167 0.0104794 0.0425169 0.0468317
internal_weight=22702 15668 9488 362 9126 7603 6912 6726 1313 510 5413 347 7034 345 6180 1742 965 579 401 691 4438 5066 4335 4002 525 3477 2497 1609 624 888
internal_count=22702 15668 9488 362 9126 7603 6912 6726 1313 510 5413 347 7034 345 6180 1742 965 579 401 691 4438 5066 4335 4002 525 3477 2497 1609 624 888
is_linear=0
shrinkage=0.0161


Tree=124
num_leaves=31
num_cat=0
split_feature=57 239 502 124 174 565 497 523 484 494 29 285 116 307 402 139 20 211 571 220 100 68 11 489 518 529 418 221 335 592
split_gain=11701.2 7022.45 5305.72 8500.41 5237.61 5185.33 4632.95 4635.05 7129.21 8959.13 5830.53 4237.66 3835.47 4777.77 4127.48 3571.15 3553.71 3107.72 3032.78 2789.12 3555.79 3784.52 3024.94 3108.85 4375.67 2857.39 2563.48 2533.94 2416.89 2351.15
threshold=10.500000000000002 5.5000000000000009 242.50000000000003 13.500000000000002 73.500000000000014 240.75000000000003 290.50000000000006 139.50000000000003 161.50000000000003 149.50000000000003 10.500000000000002 4.5000000000000009 16.500000000000004 8.0000000000000018 6.5000000000000009 20.000000000000004 5.5000000000000009 16.500000000000004 77.750000000000014 5.5000000000000009 4.5000000000000009 10.500000000000002 52.000000000000007 115.50000000000001 144.50000000000003 133.50000000000003 24.500000000000004 13.500000000000002 13.500000000000002 88.049999237060561
decision_type=2 2 2 2 2 8 2 2 2 2 2 2 2 2 2 2 2 2 8 2 2 2 2 2 2 2 2 2 2 10
left_child=2 -2 11 5 6 -4 7 8 10 -10 29 -1 -12 14 -14 16 -9 26 -13 -20 21 -21 23 24 25 -22 27 -18 -15 -3
right_child=1 4 3 -5 -6 -7 -8 15 9 -11 12 18 13 28 -16 -17 17 -19 19 20 22 -23 -24 -25 -26 -27 -28 -29 -30 -31
leaf_value=-0.025150384955115564 -0.0060135415583455146 0.015466376729360633 -0.051601615925834225 0.10868759749253114 0.10921071067487387 0.053773199251087922 0.092037504753772731 -0.027431292622937146 0.16278762688109488 0.0086131097660689243 0.016221056829892794 -0.02363392564621785 0.038789122843172943 -0.001829650425878604 0.13162949541617824 -0.044758451707417365 -0.00072209175337977264 0.068955212210303388 -0.013289866195533219 0.092874053361638856 -0.0027602132672649008 -0.0029314463071876701 0.067797081533008396 -0.018139558933247368 0.081372398888459471 0.064003825964479538 -0.048466774987028623 0.072502056472429369 0.066493368271923647 -0.022615053334160039
leaf_weight=4148 3073 983 282 251 180 212 230 471 216 179 970 1827 205 315 318 407 357 306 2576 248 1554 187 177 1471 215 186 163 186 233 734
leaf_count=4148 3073 983 282 251 180 212 230 471 216 179 970 1827 205 315 318 407 357 306 2576 248 1554 187 177 1471 215 186 163 186 233 734
internal_value=0.000383063 0.0140119 -0.00935181 0.0323877 0.0235519 -0.00633239 0.0210902 0.0183861 0.0278986 0.0929808 0.0210516 -0.0118238 0.0394454 0.0604576 0.0952839 -0.002504 0.0090766 0.0260912 -0.00527214 -0.000196458 0.00815052 0.0516346 0.00289403 -0.000452233 0.0128442 0.00436311 0.00747937 0.0243169 0.0271772 -0.000799339
internal_weight=22860 9526 13334 745 6453 494 6273 6043 4153 395 3758 12589 2041 1071 523 1890 1483 1012 8441 6614 4038 435 3603 3426 1955 1740 706 543 548 1717
internal_count=22860 9526 13334 745 6453 494 6273 6043 4153 395 3758 12589 2041 1071 523 1890 1483 1012 8441 6614 4038 435 3603 3426 1955 1740 706 543 548 1717
is_linear=0
shrinkage=0.0161


Tree=125
num_leaves=31
num_cat=0
split_feature=210 117 14 404 540 503 432 597 416 517 511 273 128 14 480 580 291 514 115 501 370 53 359 488 369 360 397 429 244 534
split_gain=9326.21 6957.26 7020.18 6251.08 9144.54 5527.25 7268.44 4652.68 4332.34 4656.64 6481.16 7553.92 8658.36 7242.76 4279.49 4162.04 3782.38 3687.46 3052.69 2837.04 2682.47 5045.26 3130.67 3375.03 2391.43 2385.79 2287.7 2246.22 2408.88 2193.72
threshold=6.5000000000000009 13.500000000000002 24.500000000000004 16.500000000000004 134.44999694824222 211.50000000000003 16.500000000000004 186.44999694824222 13.500000000000002 133.50000000000003 48.500000000000007 4.5000000000000009 10.500000000000002 8.0000000000000018 195.50000000000003 178.05000305175784 61.500000000000007 214.50000000000003 5.5000000000000009 218.50000000000003 16.500000000000004 24.500000000000004 4.5000000000000009 76.500000000000014 52.000000000000007 35.500000000000007 20.000000000000004 35.500000000000007 35.500000000000007 149.50000000000003
decision_type=2 2 2 2 10 2 2 10 2 2 2 2 2 2 2 10 2 2 2 2 2 2 2 2 2 2 2 2 2 2
left_child=5 20 8 4 -4 16 7 14 19 10 26 -12 13 -13 -7 29 18 -17 25 -3 27 22 23 -22 -20 -1 -10 28 -2 -11
right_child=1 2 3 -5 -6 6 -8 -9 9 15 11 12 -14 -15 -16 17 -18 -19 24 -21 21 -23 -24 -25 -26 -27 -28 -29 -30 -31
leaf_value=-0.027307275563410942 -0.011465444104440165 -0.015432738412090021 0.050099942819835042 0.011791943362450309 0.19181710050161366 -0.017009776738985363 0.10578103726371076 -0.050191545751188574 0.0017104981810201405 -0.0021082752042745111 -0.018252262804139652 0.085631177852755022 0.030620195022183792 0.22968235556694724 0.096141577906513814 0.075634437979918034 0.061117425421631351 -0.013934824887952431 -0.0092372932541730374 0.051765115790074354 -0.0073656761207566909 0.077963499432982933 -0.010309860654886175 0.090239935183446487 0.0459278292135369 0.035220485057489051 0.066784281291724631 0.04533110903000049 0.037200970640947045 -0.083188593096029481
leaf_weight=4227 4462 1214 316 316 189 174 233 268 705 166 164 190 245 174 172 227 173 250 5791 188 172 293 1007 196 211 164 175 209 280 182
leaf_count=4227 4462 1214 316 316 189 174 233 268 705 166 164 190 245 174 172 227 173 250 5791 188 172 293 1007 196 211 164 175 209 280 182
internal_value=-7.33715e-05 0.01028 0.025257 0.068037 0.103185 -0.0103445 0.0292193 0.000127431 0.0161988 0.0289971 0.0445898 0.0786116 0.104735 0.154555 0.0391708 -0.00221639 -0.0135182 0.028641 -0.0147629 -0.00640511 -0.000353506 0.0173009 0.00435711 0.044556 -0.00729404 -0.0249666 0.0146781 -0.00630605 -0.00858688 -0.04458
internal_weight=22733 11320 4701 821 505 11413 847 614 3880 2478 1653 773 609 364 346 825 10566 477 10393 1402 6619 1668 1375 368 6002 4391 880 4951 4742 348
internal_count=22733 11320 4701 821 505 11413 847 614 3880 2478 1653 773 609 364 346 825 10566 477 10393 1402 6619 1668 1375 368 6002 4391 880 4951 4742 348
is_linear=0
shrinkage=0.0161


Tree=126
num_leaves=31
num_cat=0
split_feature=235 178 476 540 89 24 207 325 12 347 494 129 202 539 488 589 474 282 189 185 385 151 61 176 238 195 215 187 343 571
split_gain=10490.7 6777.37 5317.85 5553.46 5085.09 8370.49 6562.56 5133.98 3815.73 3819.12 4070.4 3721.74 3562.79 6144.89 3286.05 3157.59 3077.92 3054.23 3114.59 3245.29 2983.88 2902.29 4892.32 3588.66 2722.09 2613.85 2590.86 4952.1 5603.51 2587.7
threshold=13.500000000000002 10.500000000000002 8.0000000000000018 244.44999694824222 8.0000000000000018 16.500000000000004 29.500000000000004 16.500000000000004 52.000000000000007 8.0000000000000018 214.50000000000003 61.500000000000007 16.500000000000004 127.50000000000001 252.50000000000003 145.55000305175784 6.5000000000000009 5.5000000000000009 13.500000000000002 10.500000000000002 16.500000000000004 8.0000000000000018 20.000000000000004 16.500000000000004 10.500000000000002 10.500000000000002 8.0000000000000018 5.5000000000000009 8.0000000000000018 74.750000000000014
decision_type=2 2 2 10 2 2 2 2 2 2 2 2 2 2 2 10 2 2 2 2 2 2 2 2 2 2 2 2 2 8
left_child=2 14 11 8 16 6 7 17 9 26 12 29 21 25 15 -2 -3 -6 19 -19 -7 -11 23 -23 -18 -14 -4 28 -28 -1
right_child=1 4 3 -5 5 20 -8 -9 -10 10 -12 -13 13 -15 -16 -17 24 18 -20 -21 -22 22 -24 -25 -26 -27 27 -29 -30 -31
leaf_value=-0.030513210432917662 0.0083949463982633775 0.062217086924553196 -0.021523397206089579 0.091243810540074272 -0.011344056028643405 0.042699750776034322 0.16020480919448002 0.12427911975383557 0.064012094541794892 -0.0094011963632050517 -0.040328553032525923 0.055807388612719985 -0.0081230430987903317 0.13307516459994009 0.066447243004721865 -0.03015779262184904 0.042555327809839991 0.043854665949962492 0.0045599330204739094 0.14131426113019646 -0.024902275672282044 0.027940943155403838 -0.038447806374143224 0.1091699364952934 -0.028321860760447612 0.069317221933725456 -0.00041521642971056459 -0.014843827870344752 0.11530134772232724 -0.010170304257456372
leaf_weight=2062 2270 200 2182 190 215 324 209 249 255 970 313 199 282 182 200 727 192 199 175 161 354 494 204 198 522 188 242 887 196 7612
leaf_count=2062 2270 200 2182 190 215 324 209 249 255 970 313 199 282 182 200 727 192 199 175 161 354 494 204 198 522 188 242 887 196 7612
internal_value=0.00102516 0.0192854 -0.00554801 0.00542498 0.0375748 0.0526808 0.0780932 0.0608912 0.00294825 0.000487723 0.0144013 -0.0130891 0.0212139 0.0536206 0.0032597 -0.000949166 0.00637859 0.039815 0.0604182 0.0875061 0.0073684 0.00987804 0.0307758 0.0512168 -0.00922948 0.022803 -0.0107372 0.00700757 0.0513129 -0.0145088
internal_weight=22653 5997 16656 6783 2800 1886 1208 999 6593 6338 2831 9873 2518 652 3197 2997 914 750 535 360 678 1866 896 692 714 470 3507 1325 438 9674
internal_count=22653 5997 16656 6783 2800 1886 1208 999 6593 6338 2831 9873 2518 652 3197 2997 914 750 535 360 678 1866 896 692 714 470 3507 1325 438 9674
is_linear=0
shrinkage=0.0161


Tree=127
num_leaves=31
num_cat=0
split_feature=415 559 175 480 448 129 402 347 281 0 323 172 76 42 213 411 547 551 516 117 512 552 406 357 1 209 596 533 136 594
split_gain=13137.7 6968.01 6171.55 5273.16 4331.37 3567.37 3777.2 3729.22 3593.59 5541.89 6425.67 8812.59 3569.62 3289.88 3820.3 3266.83 4450.48 9488.09 4245.95 5379.47 7438.52 4000.82 3650.84 2952.9 3349.08 4880.66 2930.18 2637.53 2616.35 2764.04
threshold=10.500000000000002 251.25000000000003 10.500000000000002 23.500000000000004 73.500000000000014 61.500000000000007 52.000000000000007 8.0000000000000018 10.500000000000002 24.500000000000004 13.500000000000002 6.5000000000000009 24.500000000000004 3.5000000000000004 6.5000000000000009 24.500000000000004 120.95000076293947 158.65000152587893 109.50000000000001 20.000000000000004 76.500000000000014 213.05000305175784 8.0000000000000018 10.500000000000002 6.5000000000000009 10.500000000000002 98.149997711181655 115.50000000000001 16.500000000000004 290.94999694824224
decision_type=2 10 2 2 2 2 2 2 2 2 2 2 2 2 2 2 8 8 2 2 2 10 2 2 2 2 8 2 2 8
left_child=3 2 23 -1 15 6 7 28 13 10 12 -12 -10 14 -9 18 -17 -18 19 -4 26 27 -19 -2 25 -25 -21 -20 29 -5
right_child=1 -3 4 5 -6 -7 -8 8 9 -11 11 -13 -14 -15 -16 16 17 22 21 20 -22 -23 -24 24 -26 -27 -28 -29 -30 -31
leaf_value=-0.024040853644221871 -0.015209253448520857 0.10256102722399671 0.013988348405506305 -0.01215420787744223 0.10712646337710011 0.057044614837545471 -0.053163467155632138 -0.012989369591798071 -0.026436051415426307 0.098361904223515637 0.15435183672020084 0.012760465392323181 0.056607560606640961 -0.013134637433937606 0.066792168437729268 0.0041221102098734051 0.16909226287308993 0.080600501225841989 0.018590697489732695 0.065367040671109058 0.16139236363139214 0.052315698853701138 -0.011374201458431698 0.0096464043767766471 -0.0042197260779481644 0.11115978077285306 -0.017277276581549275 -0.031318278220773398 -0.035249105157919167 0.020705528001668843
leaf_weight=4188 2031 236 1634 3384 162 254 390 292 716 246 173 335 165 1918 332 375 191 218 392 323 167 265 229 333 868 195 169 912 954 825
leaf_count=4188 2031 236 1634 3384 162 254 390 292 716 246 173 335 165 1918 332 375 191 218 392 323 167 265 229 333 868 195 169 912 954 825
internal_value=0.000682501 0.0162571 0.0138479 -0.00887686 0.0251882 -0.00251364 -0.00407082 -0.00201839 0.00928899 0.0279106 0.0154163 0.0610259 -0.0108563 -0.00267904 0.0294208 0.0224605 0.0482055 0.0740797 0.0157015 0.0296671 0.0685072 -0.00469342 0.0334288 -0.00281318 0.0152046 0.0471817 0.0369312 -0.0162969 -0.0111709 -0.00570783
internal_weight=22872 8700 8464 14172 5037 9984 9730 9340 4177 1635 1389 508 881 2542 624 4875 1013 638 3862 2293 659 1569 447 3427 1396 528 492 1304 5163 4209
internal_count=22872 8700 8464 14172 5037 9984 9730 9340 4177 1635 1389 508 881 2542 624 4875 1013 638 3862 2293 659 1569 447 3427 1396 528 492 1304 5163 4209
is_linear=0
shrinkage=0.0161


Tree=128
num_leaves=31
num_cat=0
split_feature=175 296 150 31 130 209 505 508 501 595 555 474 576 117 383 569 570 150 589 486 426 66 251 480 567 501 23 4 449 31
split_gain=10298 6584.7 4944.98 4482.89 4696.14 4310.68 4662.62 6804.51 4235.58 7268.47 4235.53 3857.89 4734 3615.07 4612.85 2814.53 2772.2 2740.74 3809.2 2962.36 4580.95 2704.14 3297.5 2674.95 2463.22 2658.03 3883.35 4463.4 2346.62 2286.72
threshold=8.0000000000000018 16.500000000000004 52.000000000000007 6.5000000000000009 43.500000000000007 5.5000000000000009 102.50000000000001 95.500000000000014 235.50000000000003 189.94999694824222 247.34999847412112 20.000000000000004 184.15000152587893 13.500000000000002 10.500000000000002 228.75000000000003 228.75000000000003 6.5000000000000009 146.25000000000003 71.500000000000014 5.5000000000000009 6.5000000000000009 6.5000000000000009 24.500000000000004 172.25000000000003 166.50000000000003 13.500000000000002 10.500000000000002 10.500000000000002 4.5000000000000009
decision_type=2 2 2 2 2 2 2 2 2 10 10 2 8 2 2 10 10 2 8 2 2 2 2 2 10 2 2 2 2 2
left_child=3 10 5 4 -1 28 7 13 15 -10 16 -8 -13 -7 23 17 24 -5 19 -19 -21 22 -20 -15 25 29 27 -27 -3 -2
right_child=1 2 -4 8 -6 6 11 -9 9 -11 -12 12 -14 14 -16 -17 -18 18 21 20 -22 -23 -24 -25 -26 26 -28 -29 -30 -31
leaf_value=-0.023034487929980845 -0.019900509525296827 -0.035091220700710378 0.11642356347712626 -0.018901641284405916 0.053736794942256465 -0.0022113874408007683 -0.015159713377072575 0.15077025471763589 0.10484369155081458 -0.021516400468016957 0.078527960908065741 0.093525885935482361 -0.0039229263709212965 0.049196328088951594 0.01761998255971391 0.059737509670229789 0.050534501340073076 0.001849981075351138 0.05826404834982471 0.097035696216163952 0.014109275674673304 -0.034819983508160089 -0.025572906613339771 0.13353184042848526 -0.028666619921471338 0.015263225697166554 -0.018561034322432918 0.12892907964519174 0.03668070137528847 0.0049801858996348222
leaf_weight=5791 1309 396 167 2649 214 329 613 174 250 223 186 257 259 168 335 171 276 1434 221 254 542 901 270 236 765 197 220 165 168 3564
leaf_count=5791 1309 396 167 2649 214 329 613 174 250 223 186 257 259 168 335 171 276 1434 221 254 542 901 270 236 765 197 220 165 168 3564
internal_value=-0.00068082 0.0117782 0.0311641 -0.0101176 -0.0202947 0.0263048 0.0358239 0.0573549 -0.00127635 0.0452204 0.00277516 0.012117 0.044567 0.0421135 0.0618786 -0.00469399 0.000602509 -0.00645469 0.00264207 0.0156925 0.0406003 -0.0182479 0.0121143 0.0985199 -0.00160934 0.00218081 0.0347023 0.0671373 -0.0136706 -0.00169851
internal_weight=22704 9784 3102 12920 6005 2935 2371 1242 6915 473 6682 1129 516 1068 739 6442 6496 6271 3622 2230 796 1392 491 404 6220 5455 582 362 564 4873
internal_count=22704 9784 3102 12920 6005 2935 2371 1242 6915 473 6682 1129 516 1068 739 6442 6496 6271 3622 2230 796 1392 491 404 6220 5455 582 362 564 4873
is_linear=0
shrinkage=0.0161


Tree=129
num_leaves=31
num_cat=0
split_feature=417 149 493 175 238 207 531 593 555 121 113 122 64 99 369 531 584 586 557 79 372 228 384 584 559 270 433 562 275 527
split_gain=9708.95 6285.73 5322.83 4875.18 5468.67 4309.47 4219.73 4136.45 3764.14 4547.28 4887.91 3715.84 3783.89 5962.4 3564.71 3435.67 3421.42 5147.71 3055.16 2906.23 2845.13 3266.82 4465.72 2747.75 4209.43 3124.65 2633.84 2666.23 3792.11 2416.15
threshold=6.5000000000000009 10.500000000000002 75.500000000000014 20.000000000000004 29.500000000000004 29.500000000000004 217.50000000000003 140.84999847412112 74.149997711181655 6.5000000000000009 16.500000000000004 3.5000000000000004 16.500000000000004 20.000000000000004 43.500000000000007 115.50000000000001 231.15000152587893 204.25000000000003 204.25000000000003 4.5000000000000009 20.000000000000004 8.0000000000000018 10.500000000000002 151.55000305175784 148.75000000000003 16.500000000000004 29.500000000000004 143.15000152587893 10.500000000000002 122.50000000000001
decision_type=2 2 2 2 2 2 2 8 10 2 2 2 2 2 2 2 8 8 8 2 2 2 2 10 10 2 2 10 2 2
left_child=2 5 -1 8 6 14 18 -7 -3 10 -10 -4 23 19 20 -16 17 26 29 -14 -2 -22 -23 24 25 -13 27 28 -11 -5
right_child=1 3 11 4 -6 7 -8 -9 9 16 -12 12 13 -15 15 -17 -18 -19 -20 -21 21 22 -24 -25 -26 -27 -28 -29 -30 -31
leaf_value=-0.020393565466911262 -0.010101055584252847 -0.011712363271403028 -0.027002632327385569 0.044127735789419684 0.11303350285992443 -0.0051256543267843126 -0.041864283083353951 0.10262666235677377 0.031302197353754016 -0.014194143961039298 0.11630956255604373 -0.0081745066265932025 0.074360293243299125 0.11527595492686975 0.097791625214945208 -0.0043386905290020445 -0.058958546400008062 0.10211000108527898 0.087470086912905226 -0.0026072798401643939 -0.0071167104908925584 0.0013296318202604034 0.096627556336844236 -0.019278173013902774 0.072554504432889994 0.060136745847200378 0.059714757821429792 -0.035330866301446273 0.060171767398528947 -0.019070165236650869
leaf_weight=6019 5235 1079 870 641 272 168 167 204 714 451 233 1131 168 204 176 165 176 161 315 521 603 260 251 1082 265 205 201 429 293 207
leaf_count=6019 5235 1079 870 641 272 168 167 204 714 451 233 1131 168 204 176 165 176 161 315 521 603 260 251 1082 265 205 201 429 293 207
internal_value=0.000894509 0.0105328 -0.0105246 0.0237158 0.0472192 0.000562936 0.0337418 0.0539011 0.0136339 0.0239319 0.0522423 0.00283069 0.0100954 0.0388023 -0.00239943 0.0483047 0.00824896 0.0159702 0.0446186 0.0161257 -0.00512642 0.0182297 0.0481854 0.000531901 0.0139348 0.00228977 0.0058595 -0.00334883 0.0150608 0.0286731
internal_weight=22866 12401 10465 5339 1602 7062 1330 372 3737 2658 947 4446 3576 893 6690 341 1711 1535 1163 689 6349 1114 511 2683 1601 1336 1374 1173 744 848
internal_count=22866 12401 10465 5339 1602 7062 1330 372 3737 2658 947 4446 3576 893 6690 341 1711 1535 1163 689 6349 1114 511 2683 1601 1336 1374 1173 744 848
is_linear=0
shrinkage=0.0161


Tree=130
num_leaves=31
num_cat=0
split_feature=150 476 503 597 193 558 537 269 239 140 12 63 469 588 333 283 489 71 0 234 36 10 340 590 587 306 382 273 493 496
split_gain=10254.1 6496.57 4805.83 6828.5 5528.88 4602.86 4604.86 4393.38 5481.42 4208.21 4411.84 3498.35 3499.7 3391.49 4880.34 4531.45 5238.89 7700.81 3259.81 3220.78 3186.54 2911.19 3187.64 2723.8 2986.04 2522.66 2748.34 2650.14 3359.62 4085.7
threshold=6.5000000000000009 16.500000000000004 221.50000000000003 189.94999694824222 6.5000000000000009 216.75000000000003 251.50000000000003 16.500000000000004 29.500000000000004 6.5000000000000009 52.000000000000007 5.5000000000000009 52.000000000000007 228.75000000000003 16.500000000000004 6.5000000000000009 53.500000000000007 10.500000000000002 16.500000000000004 16.500000000000004 16.500000000000004 24.500000000000004 13.500000000000002 138.55000305175784 121.64999771118165 10.500000000000002 16.500000000000004 13.500000000000002 137.50000000000003 41.500000000000007
decision_type=2 2 2 10 2 10 2 2 2 2 2 2 2 10 2 2 2 2 2 2 2 2 2 10 10 2 2 2 2 2
left_child=2 9 11 4 -4 6 7 25 18 19 13 -1 21 14 -11 -16 -17 -18 -9 23 -21 -13 -23 24 -2 27 -27 28 29 -3
right_child=1 5 3 -5 -6 -7 -8 8 -10 10 -12 12 -14 -15 15 16 17 -19 -20 20 -22 22 -24 -25 -26 26 -28 -29 -30 -31
leaf_value=-0.024472174553622328 -0.016291532382532829 -0.010506301651893177 0.010470560801034569 -0.023437342613671665 0.13233238870658318 0.089097355927679367 -0.058879502407891651 0.055682923105280065 0.12266949366827219 0.0012207182245091144 0.082646802092250254 -0.012701367851592375 0.068470607279421877 -0.051267954570804353 -0.0028212604335668095 -0.0036327299062037469 0.16367562681283712 0.032733126287727565 0.0032026470724372084 -0.0027024449777776432 0.070128598228314798 -0.0023378698569065308 0.067435258689988981 -0.045998537025835014 0.045442009696500037 -0.03586279042651383 0.034308575716640186 0.070756995567430037 -0.054859261792137362 0.067049727128206227
leaf_weight=4821 1918 369 184 350 204 290 172 756 213 2750 221 4637 160 230 367 189 228 239 518 531 220 498 257 718 227 479 207 250 162 336
leaf_count=4821 1918 369 184 350 204 290 172 756 213 2750 221 4637 160 230 367 189 228 239 518 531 220 498 257 718 227 479 207 250 162 336
internal_value=-0.000558777 0.0100348 -0.0116112 0.028075 0.0746029 0.0274572 0.022287 0.0265375 0.0470282 0.00169183 0.0126064 -0.014437 -0.00571881 0.00873372 0.0123976 0.0424201 0.0677663 0.0967126 0.0343633 -0.0110585 0.0186015 -0.00792464 0.0213815 -0.0188469 -0.00974745 0.00962507 -0.0146543 0.0245572 0.0112083 0.0264232
internal_weight=22701 11590 11111 738 388 3752 3462 3290 1487 7838 4224 10373 5552 4003 3773 1023 656 467 1274 3614 751 5392 755 2863 2145 1803 686 1117 867 705
internal_count=22701 11590 11111 738 388 3752 3462 3290 1487 7838 4224 10373 5552 4003 3773 1023 656 467 1274 3614 751 5392 755 2863 2145 1803 686 1117 867 705
is_linear=0
shrinkage=0.0161


Tree=131
num_leaves=31
num_cat=0
split_feature=416 179 293 496 585 509 547 528 497 565 518 481 450 477 477 314 492 61 30 432 307 484 423 231 476 516 598 423 206 433
split_gain=9876.98 5396.12 6775.12 4767.09 5033.36 4887.38 4447.08 4009.04 7366.76 4743.58 4662.02 5855.33 5175.63 3886.59 3763.13 2895.43 3496.91 2965.18 3676.32 3729.19 3860.58 3500.78 3470.46 4133.99 2531.91 2329.52 4294.58 2337.98 2175.67 2079.72
threshold=5.5000000000000009 10.500000000000002 52.000000000000007 198.50000000000003 197.65000152587893 185.50000000000003 247.34999847412112 290.50000000000006 286.50000000000006 233.25000000000003 117.50000000000001 169.50000000000003 13.500000000000002 43.500000000000007 4.5000000000000009 43.500000000000007 240.50000000000003 29.500000000000004 20.000000000000004 3.5000000000000004 6.5000000000000009 76.500000000000014 24.500000000000004 10.500000000000002 35.500000000000007 191.50000000000003 189.94999694824222 10.500000000000002 43.500000000000007 5.5000000000000009
decision_type=2 2 2 2 10 2 10 2 2 10 2 2 2 2 2 2 2 2 2 2 2 2 2 2 2 2 8 2 2 2
left_child=3 6 7 28 5 -5 14 8 9 10 11 12 -3 29 -2 16 17 18 22 -20 21 -21 -16 -24 25 -12 -27 -28 -1 -14
right_child=1 2 -4 4 -6 -7 -8 -9 -10 -11 24 -13 13 -15 15 -17 -18 -19 19 20 -22 -23 23 -25 -26 26 27 -29 -30 -31
leaf_value=-0.018203904029190695 -0.020407679695122912 9.2455098364729632e-05 0.099817561278824546 0.013497703906930499 -0.024012955745239484 0.11861774927935498 0.077198507309637482 -0.051500625882820443 0.12779035860527924 0.10165100740538097 -0.033901347175681149 0.11871366001069075 -0.0045396157862058542 0.1060788827496293 -0.001900376799174788 0.053058911739631426 -0.048872171278320928 -0.025764101934097679 0.10772050750961709 0.0204012812957628 -0.0091902626404642314 0.11573297780904443 0.007459304793336047 0.10675746644577257 0.035879531454989254 0.059208184203218425 -0.070521856058502308 0.013331014480038015 0.037949284768567459 0.044469443983721477
leaf_weight=7430 1921 1537 272 270 326 200 195 210 160 165 824 166 305 215 3840 312 322 692 163 248 446 168 291 174 289 247 173 171 183 841
leaf_count=7430 1921 1537 272 270 326 200 195 210 160 165 824 166 305 215 3840 312 322 692 163 248 446 168 291 174 289 247 173 171 183 841
internal_value=0.000924169 0.00904561 0.0214313 -0.0129294 0.0245474 0.0582797 0.00117124 0.0174063 0.0202522 0.0167595 0.0138168 0.0256909 0.0203543 0.0432191 -0.000554511 0.00517181 0.002813 0.00558054 0.00965447 0.0370593 0.0236703 0.0589572 0.00312404 0.0446667 -0.00752037 -0.016401 0.00795896 -0.0287708 -0.016851 0.0314055
internal_weight=22756 14347 5575 8409 796 470 8772 5303 5093 4933 4768 3064 2898 1361 8577 6656 6344 6022 5330 1025 862 416 4305 465 1704 1415 591 344 7613 1146
internal_count=22756 14347 5575 8409 796 470 8772 5303 5093 4933 4768 3064 2898 1361 8577 6656 6344 6022 5330 1025 862 416 4305 465 1704 1415 591 344 7613 1146
is_linear=0
shrinkage=0.0161


Tree=132
num_leaves=31
num_cat=0
split_feature=415 559 389 299 291 536 402 29 175 23 311 353 432 538 546 538 178 353 597 248 286 494 484 47 349 525 378 216 505 98
split_gain=9864.12 7222.45 5677.32 5172.94 4752.53 4577.17 4418.41 4339.31 4002.25 4078.8 6789.45 3986.1 3755.57 5184.84 3564.01 3363.07 2836.63 2914.71 4428.85 3391.6 2663.91 3548.61 2660.2 2492.48 2391.03 2049.58 2609.23 3173.08 5205.32 1904.01
threshold=10.500000000000002 251.25000000000003 16.500000000000004 8.0000000000000018 61.500000000000007 181.50000000000003 5.5000000000000009 5.5000000000000009 13.500000000000002 13.500000000000002 8.0000000000000018 20.000000000000004 13.500000000000002 130.50000000000003 240.75000000000003 123.50000000000001 10.500000000000002 4.5000000000000009 135.84999847412112 5.5000000000000009 43.500000000000007 228.50000000000003 98.500000000000014 10.500000000000002 6.5000000000000009 222.50000000000003 24.500000000000004 16.500000000000004 163.50000000000003 5.5000000000000009
decision_type=2 10 2 2 2 2 2 2 2 2 2 2 2 2 10 2 2 2 10 2 2 2 2 2 2 2 2 2 2 2
left_child=4 2 11 5 7 22 23 24 15 10 -10 20 -13 -14 16 -8 -9 18 19 -18 21 -2 -4 -5 -1 26 27 28 29 -19
right_child=1 -3 3 6 -6 -7 8 14 9 -11 -12 12 13 -15 -16 -17 17 25 -20 -21 -22 -23 -24 -25 -26 -27 -28 -29 -30 -31
leaf_value=-0.030146408591082589 -0.0047714452754833376 0.099131930132776908 -0.0001818798538610061 -0.033771957111546028 0.06307361901572614 -0.068784312483919294 0.062673684356253312 -0.011014235350591699 0.046459501787682093 0.045237494109302612 0.18198063856229429 0.003642033024848348 0.022226189423695305 0.12884197993621527 0.062779573748286729 -0.030962869574876123 0.060448703553565832 0.043757136088060179 0.11077724683698575 -0.019223457026847888 0.053473820432309062 -0.061733485910747066 0.056323883063191783 0.044689438107835544 -0.0093224856713041704 -0.049498249170724852 -0.041697054245465506 -0.028978951062459509 0.10886279653651422 -0.0061840000195114249
leaf_weight=3219 3878 244 675 216 233 188 254 5418 169 309 223 802 343 181 210 163 245 307 163 318 185 306 317 204 2578 203 263 340 171 555
leaf_count=3219 3878 244 675 216 233 188 254 5418 169 309 223 802 343 181 210 163 245 307 163 318 185 306 317 204 2578 203 263 340 171 555
internal_value=-0.000778618 0.0127702 0.0102627 0.0294076 -0.00902695 0.00402829 0.048864 -0.0102295 0.0655912 0.0890996 0.123614 0.00112151 0.0255746 0.0590983 -0.00268379 0.0260159 -0.00440881 0.00953452 0.0368506 0.0154056 -0.00629468 -0.00894303 0.0178512 0.00428182 -0.0208898 -0.00123654 0.00473754 0.0136493 0.0277027 0.0115752
internal_weight=22880 8657 8413 2718 14223 1180 1538 13990 1118 701 392 5695 1326 524 8193 417 7983 2565 726 563 4369 4184 992 420 5797 1839 1636 1373 1033 862
internal_count=22880 8657 8413 2718 14223 1180 1538 13990 1118 701 392 5695 1326 524 8193 417 7983 2565 726 563 4369 4184 992 420 5797 1839 1636 1373 1033 862
is_linear=0
shrinkage=0.0161


Tree=133
num_leaves=31
num_cat=0
split_feature=415 53 291 201 94 288 493 511 354 507 542 388 298 190 19 335 10 497 285 192 387 578 116 444 588 599 503 565 559 218
split_gain=9601.37 5398.65 5221.77 4102.15 4733.02 4993.43 4273.61 3683.64 2835.96 2869.22 2770.39 3262.95 4753.71 3870.36 5013.21 2646.36 2637.97 3202.38 3098.57 4036.54 2777.98 6757.6 6577.8 2629.51 2325.21 2196 2703.13 2698.2 2573.65 4613.51
threshold=10.500000000000002 24.500000000000004 61.500000000000007 8.0000000000000018 20.000000000000004 6.5000000000000009 88.500000000000014 21.500000000000004 16.500000000000004 130.50000000000003 244.44999694824222 20.000000000000004 29.500000000000004 6.5000000000000009 13.500000000000002 3.5000000000000004 73.500000000000014 275.50000000000006 43.500000000000007 8.0000000000000018 16.500000000000004 209.25000000000003 6.5000000000000009 4.5000000000000009 144.05000305175784 187.55000305175784 221.50000000000003 171.05000305175784 146.25000000000003 16.500000000000004
decision_type=2 2 2 2 2 2 2 2 2 2 10 2 2 2 2 2 2 2 2 2 2 8 2 2 10 10 2 10 8 2
left_child=2 10 7 8 5 -5 -7 -1 -3 -10 11 25 13 14 -13 -9 17 18 20 -20 -17 23 -23 -22 -15 26 27 28 -2 -30
right_child=1 3 -4 4 -6 6 -8 15 9 -11 -12 12 -14 24 -16 16 -18 -19 19 -21 21 22 -24 -25 -26 -27 -28 -29 29 -31
leaf_value=-0.021755497868171252 -0.0060226664490898307 -0.019931804995522731 0.068833211269351088 0.15684578888546113 0.0046500808796743299 0.12122721021991564 0.017864990742938729 -0.020445135326066861 0.012162561277700726 0.094039421135635751 0.062065815104393803 0.0092800298359501116 0.098073564072185718 0.0094368423017965677 0.10159711350993458 -0.0059410406825555996 0.061403770289818409 -0.048509692652620555 -0.0024089365347717542 0.1071268457301022 0.044359337433000301 0.011999994473057739 0.14376626132323059 -0.015799456644246365 -0.048967021025902994 -0.03114165182675906 0.05901757164884084 -0.053149734866738456 0.0050827857371860442 0.076858618018429747
leaf_weight=3980 2597 360 229 189 250 169 270 1911 337 166 235 395 203 626 249 5676 181 348 188 162 244 203 191 825 246 552 212 233 1007 302
leaf_count=3980 2597 360 229 189 250 169 270 1911 337 166 235 395 203 626 249 5676 181 348 188 162 244 203 191 825 246 552 212 233 1007 302
internal_value=0.000747185 0.0141644 -0.00741079 0.0394861 0.0639954 0.0875826 0.0577095 -0.00866777 0.0145236 0.0392303 0.00773171 0.00579996 0.0248871 0.0150715 0.0450106 -0.00341924 0.000635759 -0.00076471 0.00145077 0.0482232 -0.000839024 0.0189392 0.0759363 -0.00204615 -0.00701249 -0.000887215 0.00294568 6.79822e-05 0.00324854 0.0216602
internal_weight=22736 8598 14138 1741 878 628 439 13909 863 503 6857 6622 1719 1516 644 9929 8018 7837 7489 350 7139 1463 394 1069 872 4903 4351 4139 3906 1309
internal_count=22736 8598 14138 1741 878 628 439 13909 863 503 6857 6622 1719 1516 644 9929 8018 7837 7489 350 7139 1463 394 1069 872 4903 4351 4139 3906 1309
is_linear=0
shrinkage=0.0161


Tree=134
num_leaves=31
num_cat=0
split_feature=176 301 534 356 386 564 482 238 501 13 599 338 543 572 316 380 582 527 291 483 279 514 513 81 115 85 162 493 522 493
split_gain=9624.3 5902.3 4957.71 4822.25 6473.3 5212.66 4888.38 4445.04 4436.48 4023.42 8912 7896.52 3975.03 3474.2 3312.56 5593.8 6742.83 3212.07 3736.06 3257.03 3150.76 3068.57 4344.07 7196.63 3931.95 2944.86 2853.74 3140.33 2779.68 2756.75
threshold=6.5000000000000009 4.5000000000000009 120.50000000000001 29.500000000000004 29.500000000000004 121.64999771118165 101.50000000000001 16.500000000000004 73.500000000000014 24.500000000000004 165.25000000000003 10.500000000000002 74.750000000000014 192.55000305175784 13.500000000000002 10.500000000000002 136.55000305175784 290.50000000000006 61.500000000000007 278.50000000000006 10.500000000000002 182.50000000000003 159.50000000000003 8.0000000000000018 16.500000000000004 3.5000000000000004 13.500000000000002 80.500000000000014 251.50000000000003 143.50000000000003
decision_type=2 2 2 2 2 10 2 2 2 2 10 2 10 8 2 2 8 2 2 2 2 2 2 2 2 2 2 2 2 2
left_child=8 2 7 9 5 6 12 -2 -1 17 -11 -12 -5 -7 26 -16 -17 18 19 21 -18 22 24 -24 -3 -26 28 -28 -10 -29
right_child=1 3 -4 4 -6 13 -8 -9 14 10 11 -13 -14 -15 15 16 20 -19 -20 -21 -22 -23 23 -25 25 -27 27 29 -30 -31
leaf_value=-0.01874581182460594 -0.0058204830759083807 -0.0066985121746146944 -0.040751950159546628 -0.01815955867606316 0.10848801539385189 -0.04434782902737669 0.13100863322578515 0.060538585484864751 -0.01088404217066743 0.012063218821086902 0.19020910743283986 0.03581874166701321 0.067836783691998345 0.043077020726672612 -0.0068464179928641126 0.14091526442217003 -0.0098247899025369033 -0.056599651753988463 0.085428105230211271 0.070041353139640244 0.069998424164048792 -0.023690910872498812 0.1384707342865934 -0.0041161248694319384 0.073070667415302104 0.01499325984958997 0.080660659449335134 -0.035279638983885218 -0.074242715657171249 0.031990367081753797
leaf_weight=6301 1543 2756 892 240 314 327 166 315 2286 936 161 185 331 184 827 177 287 202 160 202 231 862 172 196 276 1268 169 280 195 362
leaf_count=6301 1543 2756 892 240 314 327 166 315 2286 936 161 185 331 184 827 177 287 202 160 202 231 862 172 196 276 1268 169 280 195 362
internal_value=0.000869951 0.0110709 -0.00954985 0.017418 0.0431218 0.0266567 0.0540612 0.00541718 -0.00985473 0.0119715 0.0379005 0.107727 0.03165 -0.012822 0.00177783 0.0214234 0.0550963 0.006513 0.00868073 0.00653434 0.0257266 0.0042103 0.00936762 0.0624638 0.00481811 0.0253902 -0.00729781 0.0189074 -0.0158734 0.00261476
internal_weight=22803 11688 2750 8938 1562 1248 737 1858 11115 7376 1282 346 571 511 4814 1522 695 6094 5892 5732 518 5530 4668 368 4300 1544 3292 811 2481 642
internal_count=22803 11688 2750 8938 1562 1248 737 1858 11115 7376 1282 346 571 511 4814 1522 695 6094 5892 5732 518 5530 4668 368 4300 1544 3292 811 2481 642
is_linear=0
shrinkage=0.0161


Tree=135
num_leaves=31
num_cat=0
split_feature=117 433 545 236 271 260 426 197 181 301 362 213 250 169 329 56 367 387 540 544 539 227 298 238 544 27 279 230 148 538
split_gain=9246.38 6381.43 7380.75 4705.18 6205.77 4544.02 4127.8 5765.69 3935.89 5162 3693.62 3228.41 2956.81 4451.25 4576 3017.7 2747.97 3388.08 2805.36 3330.92 2584.99 2464.43 2453.81 2431.98 2576.26 2366.37 2290.17 2596.28 3185.12 2172.93
threshold=4.5000000000000009 8.0000000000000018 255.05000305175784 16.500000000000004 8.0000000000000018 16.500000000000004 5.5000000000000009 8.0000000000000018 10.500000000000002 10.500000000000002 3.5000000000000004 35.500000000000007 13.500000000000002 5.5000000000000009 16.500000000000004 29.500000000000004 3.5000000000000004 2.5000000000000004 201.75000000000003 168.05000305175784 75.500000000000014 43.500000000000007 16.500000000000004 6.5000000000000009 147.15000152587893 8.0000000000000018 20.000000000000004 5.5000000000000009 13.500000000000002 13.500000000000002
decision_type=2 2 10 2 2 2 2 2 2 2 2 2 2 2 2 2 2 2 10 10 2 2 2 2 10 2 2 2 2 2
left_child=29 5 3 10 20 21 7 -6 -7 -10 -3 16 13 -8 -15 -14 -12 -18 19 23 25 -2 -11 -19 26 -5 27 -25 -29 -1
right_child=1 2 -4 4 6 8 12 -9 9 22 11 -13 15 14 -16 -17 17 18 -20 -21 -22 -23 -24 24 -26 -27 -28 28 -30 -31
leaf_value=-0.032277508214783583 -0.010388712034647791 -0.022008672069034358 0.10896146982188525 -0.011703602216066566 0.1646319596695475 0.00032674040295364149 -0.0027512259701655811 0.033632761102044016 0.1185920020970205 -0.0013244603849784996 -0.018697108507919735 0.062473163120735774 -0.028346287734829487 0.037329474316657257 0.14136059220634506 0.060232575693685994 0.071488885547261155 -0.0040094245299695857 0.058189351930146647 -0.037552291266687299 -0.021010123114237222 0.048594718720903179 0.074491276610595583 -0.0022636278144906822 0.087470354990241528 0.069111269102313397 -0.021339206311771306 0.025813958356243536 0.10347719458277592 -0.010093465029482575
leaf_weight=1497 6303 941 223 166 187 1019 193 164 202 352 751 318 254 218 222 164 257 1231 296 392 536 189 161 390 161 215 283 433 201 4887
leaf_count=1497 6303 941 223 166 187 1019 193 164 202 352 751 318 254 218 222 164 257 1231 296 392 536 189 161 390 161 215 283 433 201 4887
internal_value=0.0011416 0.00753433 0.0175893 0.0150307 0.0343455 -0.00248111 0.0556463 0.103491 0.0206684 0.0496258 0.00710455 0.0129223 0.0396452 0.0615938 0.0898714 0.00635083 0.0093317 0.0151147 0.0108301 0.00628732 0.00175314 -0.00866792 0.0224237 0.0126633 0.0266603 0.0338388 0.0191515 0.0303648 0.050473 -0.0152991
internal_weight=22806 16422 8196 7973 2319 8226 1402 351 1734 715 5654 4713 1051 633 440 418 4395 3644 3387 3091 917 6492 513 2699 1468 381 1307 1024 634 6384
internal_count=22806 16422 8196 7973 2319 8226 1402 351 1734 715 5654 4713 1051 633 440 418 4395 3644 3387 3091 917 6492 513 2699 1468 381 1307 1024 634 6384
is_linear=0
shrinkage=0.0161


Tree=136
num_leaves=31
num_cat=0
split_feature=475 557 369 125 389 419 564 175 582 219 7 347 234 200 482 4 127 551 257 355 426 506 0 495 521 357 314 172 593 590
split_gain=8462.94 9243.83 5412.17 6030.72 4713.18 4972.64 4227.62 3802.31 3547.91 3543.84 3415.55 3802.13 3134.41 3011.72 3726.28 3237.33 2995.89 4524.09 5391.98 3351.44 4082.05 4468.88 2945.11 2809.29 2805.94 2605.86 2896.2 4060.03 2452.54 4595.49
threshold=16.500000000000004 235.84999847412112 61.500000000000007 10.500000000000002 24.500000000000004 29.500000000000004 251.25000000000003 3.5000000000000004 247.34999847412112 4.5000000000000009 13.500000000000002 6.5000000000000009 3.5000000000000004 43.500000000000007 253.50000000000003 10.500000000000002 20.000000000000004 218.75000000000003 24.500000000000004 4.5000000000000009 10.500000000000002 105.50000000000001 35.500000000000007 221.50000000000003 32.500000000000007 35.500000000000007 6.5000000000000009 29.500000000000004 220.15000152587893 255.05000305175784
decision_type=2 10 2 2 2 2 10 2 8 2 2 2 2 2 2 2 2 8 2 2 2 2 2 2 2 2 2 2 8 8
left_child=2 4 6 -4 12 8 7 -1 10 -9 11 -6 -2 14 16 -15 17 25 19 -19 21 24 23 28 -21 26 -11 -28 -14 -30
right_child=1 -3 3 -5 5 -7 -8 9 -10 13 -12 -13 22 15 -16 -17 -18 18 -20 20 -22 -23 -24 -25 -26 -27 27 -29 29 -31
leaf_value=-0.021298816889996124 -0.03065136776523613 0.11183552393027767 -0.0021085122943316505 0.1204202190269304 0.013137563706362659 0.1161055287734671 0.05114288138109277 -0.016786659830671437 -0.034170953035712139 -0.016472180715134406 -4.2916465758961415e-05 0.10843796975113149 0.011013039568876231 0.0022125027699725934 -0.047357765562305733 0.09990762341637982 -0.018605860686158642 -0.021447064630882601 0.11103860635715021 0.005505471685854196 0.0891938029821088 -0.037011264365932883 -0.033033877815408355 -0.035319167688145858 0.10072202134090423 0.050013217824861421 0.0026121527700593995 0.074729397336548362 0.11540993109189561 0.022229157151895038
leaf_weight=4302 564 255 239 184 182 193 316 3700 198 2130 296 271 2215 188 407 166 1402 354 197 161 270 255 367 263 161 256 2195 223 181 571
leaf_count=4302 564 255 239 184 182 193 316 3700 198 2130 296 271 2215 188 407 166 1402 354 197 161 270 255 367 263 161 256 2195 223 181 571
internal_value=-0.000123318 0.0171392 -0.00573153 0.0511344 0.0125795 0.0415856 -0.00717478 -0.00830217 0.0263734 -0.00366602 0.0424099 0.0702015 0.00462693 0.00213468 0.000100974 0.0480908 0.00264427 0.00745179 0.032942 0.0201123 0.0375096 0.0132838 0.010165 0.0150807 0.0531868 2.90396e-05 -0.00277932 0.0092729 0.0195561 0.0446883
internal_weight=22662 5556 17106 423 5301 1140 16683 16367 947 12065 749 453 4161 8365 8011 354 7604 6202 1398 1201 847 577 3597 3230 322 4804 4548 2418 2967 752
internal_count=22662 5556 17106 423 5301 1140 16683 16367 947 12065 749 453 4161 8365 8011 354 7604 6202 1398 1201 847 577 3597 3230 322 4804 4548 2418 2967 752
is_linear=0
shrinkage=0.0161


Tree=137
num_leaves=31
num_cat=0
split_feature=417 194 494 495 483 582 483 537 175 139 126 410 57 80 173 84 148 116 72 374 52 542 579 131 449 549 200 360 221 372
split_gain=8841.29 5471.03 6336.92 4896.76 6332.8 12182.9 4736.3 5092.45 6129.6 5314.56 6580.32 4305.49 3629.11 3597.17 3581.12 3308.44 3795.52 3209.68 4288.38 3123.18 2871.51 2658.17 5878.46 2581.15 2560.63 3097.92 4848.93 7242.3 2178.5 2138.17
threshold=6.5000000000000009 13.500000000000002 288.50000000000006 226.50000000000003 183.50000000000003 150.65000152587893 288.50000000000006 253.50000000000003 24.500000000000004 10.500000000000002 8.0000000000000018 35.500000000000007 35.500000000000007 10.500000000000002 3.5000000000000004 20.000000000000004 5.5000000000000009 24.500000000000004 10.500000000000002 10.500000000000002 43.500000000000007 101.04999923706056 117.14999771118165 8.0000000000000018 4.5000000000000009 210.94999694824222 5.5000000000000009 5.5000000000000009 8.0000000000000018 13.500000000000002
decision_type=2 2 2 2 2 10 2 2 2 2 2 2 2 2 2 2 2 2 2 2 2 10 10 2 2 8 2 2 2 2
left_child=11 6 3 4 12 -6 7 8 20 19 -11 14 21 -14 -1 16 -13 24 -19 -10 -2 -3 -23 -22 -16 -26 27 -27 -24 -7
right_child=1 2 -4 -5 5 29 -8 -9 9 10 -12 15 13 -15 17 -17 -18 18 -20 -21 23 22 28 -25 25 26 -28 -29 -30 -31
leaf_value=-0.030143538674800106 -0.0050828504590817733 -0.006368313027862651 0.11962441258126315 -0.038369867096879909 0.18608808584844402 -0.016449951611843674 0.074759882517248272 -0.054948553281317987 -0.012229732444037331 0.14721731961314294 0.026169370872740835 -0.0046651817514034655 0.016455266337239188 0.11591585806057329 -0.024695001448249335 -0.022180632741035822 0.093348049574502434 -0.0086552325487216954 0.082845482377707377 0.062481544400829855 -0.0023415860915680354 0.085632358396039193 0.034281190276669919 0.08524512299029606 -0.011650046337158798 -0.01403503202877528 -0.006576940495151621 0.11899378192286916 -0.025734239071224137 0.062608696900097974
leaf_weight=2496 6457 1260 178 325 179 177 228 410 507 206 269 167 203 177 2282 214 263 315 229 203 170 319 282 178 3296 186 718 246 353 177
leaf_count=2496 6457 1260 178 325 179 177 228 410 507 206 269 167 203 177 2282 214 263 315 229 203 170 319 282 178 3296 186 718 246 353 177
internal_value=6.74667e-05 0.00933499 0.0259182 0.0210795 0.0272658 0.0778234 0.0023553 0.000387233 0.00322969 0.0370238 0.0787155 -0.0108409 0.0168685 0.0628449 -0.0135009 0.0294685 0.0552277 -0.0077853 0.0298193 0.00909823 -0.00265164 0.00896668 0.0292451 0.0423909 -0.0108294 -0.00370724 0.0190371 0.061663 0.000881217 0.0230129
internal_weight=22670 12258 3630 3452 3127 533 8628 8400 7990 1185 475 10412 2594 380 9768 644 430 7272 544 710 6805 2214 954 348 6728 4446 1150 432 635 354
internal_count=22670 12258 3630 3452 3127 533 8628 8400 7990 1185 475 10412 2594 380 9768 644 430 7272 544 710 6805 2214 954 348 6728 4446 1150 432 635 354
is_linear=0
shrinkage=0.0161


Tree=138
num_leaves=31
num_cat=0
split_feature=175 33 431 547 114 483 500 392 355 210 418 117 490 417 178 166 406 43 544 163 189 35 436 145 316 216 447 299 299 432
split_gain=9530.3 5202.29 5676.82 6450.33 5665.24 4247.09 4081.73 5934.06 3995.96 3415.04 3297.04 4245.12 3052.77 2966.26 2949.75 3989.6 4449.8 2859.11 3703.34 5412.85 2857.42 2641.45 2565.68 2855.91 3699.66 2335.73 2911.57 2138.98 4606.48 3239.99
threshold=8.0000000000000018 10.500000000000002 29.500000000000004 126.54999923706056 16.500000000000004 195.50000000000003 257.50000000000006 8.0000000000000018 43.500000000000007 4.5000000000000009 16.500000000000004 20.000000000000004 275.50000000000006 4.5000000000000009 35.500000000000007 29.500000000000004 29.500000000000004 10.500000000000002 178.05000305175784 10.500000000000002 10.500000000000002 4.5000000000000009 8.0000000000000018 6.5000000000000009 16.500000000000004 5.5000000000000009 13.500000000000002 16.500000000000004 35.500000000000007 10.500000000000002
decision_type=2 2 2 10 2 2 2 2 2 2 2 2 2 2 2 2 2 2 8 2 2 2 2 2 2 2 2 2 2 2
left_child=6 14 4 20 10 8 9 -8 25 -1 -3 -12 13 -11 15 27 -17 21 -19 -20 -4 -15 -23 -24 -25 26 -6 -2 29 -29
right_child=1 2 3 -5 5 -7 7 -9 -10 12 11 -13 -14 17 -16 16 -18 18 19 -21 -22 22 23 24 -26 -27 -28 28 -30 -31
leaf_value=-0.023061810794374759 -0.0066489428091409441 -0.013187910905854685 0.067768704119848866 0.12938656889912784 0.0040458635814197095 0.096204233513849796 0.088952248222317676 -0.019979272633993326 0.10163438913362191 -0.020101573045317945 -0.0043665933406136278 0.074880290938802496 -0.063822688379474551 -0.031104682952283799 -0.048221311803075755 0.0039712362543573645 0.10525289884199696 0.0024921653099016557 0.10627874145061168 0.01327523455603844 -0.026018080594716071 -0.012825435490755993 -0.0071829435090472295 0.010988587288407707 0.10052505348209355 0.0021452490726400729 0.096965605179439085 0.013137478417550631 -0.041493330016774646 0.090622459535833894
leaf_weight=4631 3762 1555 176 263 171 282 257 261 165 2118 422 299 227 894 310 258 200 1640 253 454 161 1337 456 285 207 825 180 328 212 245
leaf_count=4631 3762 1555 176 263 171 282 257 261 165 2118 422 299 227 894 310 258 200 1640 253 454 161 1337 456 285 207 825 180 328 212 245
internal_value=-0.00122243 0.0107568 0.0234975 0.0696117 0.0163951 0.039377 -0.0102537 0.0340205 0.0274092 -0.01209 0 0.0284646 -0.00563167 -0.00390052 -2.34597e-05 0.00295712 0.0482504 0.00230474 0.015786 0.0465898 0.0228927 -0.00764082 0.00152904 0.0217985 0.0487073 0.016975 0.0517641 -0.00159991 0.0225669 0.0463091
internal_weight=22834 9814 4499 600 3899 1623 13020 518 1341 12502 2276 721 7871 7644 5315 5005 458 5526 2347 707 337 3179 2285 948 492 1176 351 4547 785 573
internal_count=22834 9814 4499 600 3899 1623 13020 518 1341 12502 2276 721 7871 7644 5315 5005 458 5526 2347 707 337 3179 2285 948 492 1176 351 4547 785 573
is_linear=0
shrinkage=0.0161


Tree=139
num_leaves=31
num_cat=0
split_feature=175 296 500 531 221 498 503 210 502 171 370 404 417 265 84 420 556 319 579 541 595 30 493 537 539 555 542 509 105 288
split_gain=9947.26 5741.17 5412.47 7841.31 9354 4817.9 5844.77 6096.96 4411.64 4406.97 3817.7 3015.85 2981.27 2836.66 3829.75 3429.63 3638.27 3785.16 3621.76 2748.71 2665.71 2595.94 3199.38 3843.59 6998.09 2999.15 2580.35 4955.33 2872.78 2439.56
threshold=8.0000000000000018 16.500000000000004 257.50000000000006 255.50000000000003 8.0000000000000018 262.50000000000006 89.500000000000014 29.500000000000004 73.500000000000014 61.500000000000007 73.500000000000014 73.500000000000014 5.5000000000000009 4.5000000000000009 24.500000000000004 24.500000000000004 155.05000305175784 8.0000000000000018 183.15000152587893 235.84999847412112 158.65000152587893 5.5000000000000009 181.50000000000003 176.50000000000003 195.50000000000003 163.25000000000003 128.94999694824222 82.500000000000014 16.500000000000004 13.500000000000002
decision_type=2 2 2 2 2 2 2 2 2 2 2 2 2 2 2 2 10 2 10 10 10 2 2 2 2 8 10 2 2 2
left_child=2 9 10 4 -4 6 7 8 12 19 11 21 -3 -8 15 16 17 -15 -18 20 26 -1 23 29 -25 -26 -2 -28 -29 -23
right_child=1 5 3 -5 -6 -7 13 -9 -10 -11 -12 -13 -14 14 -16 -17 18 -19 -20 -21 -22 22 -24 24 25 -27 27 28 -30 -31
leaf_value=-0.022565870315743468 -0.00080120525718573444 -0.042164596685984441 0.0033876885749828658 -0.051360369708195165 0.16660011015018047 0.10540775145979951 -0.042019567699843711 0.12586231161051314 0.10676786616845906 0.083813911925671086 0.058225862586115763 0.051480257038096069 0.032762909833456297 -0.039086785093746856 -0.037183120606434562 -0.027866504104796318 0.13923196345631969 0.066421008498465536 0.032649679922191255 0.054942674124473158 -0.022722834324660639 -0.013252014718378322 -0.037434814344341844 0.1201500797196734 0.046539519529289933 -0.047391026487865001 0.10935587919050885 -0.010042119810883307 0.060351688842146298 0.010969097159182813
leaf_weight=4999 4223 164 188 164 177 206 298 221 182 173 200 187 850 184 290 203 165 169 167 240 1150 4454 819 178 165 189 164 498 215 1421
leaf_count=4999 4223 164 188 164 177 206 298 221 182 173 200 187 850 184 290 203 165 169 167 240 1150 4454 819 178 165 189 164 498 215 1421
internal_value=-0.000271014 0.0120384 -0.00941708 0.0410246 0.082599 0.0301437 0.0247763 0.0481329 0.0337502 0.00361403 -0.0115347 -0.0126607 0.0206212 0.00233743 0.0135784 0.0301825 0.0474197 0.0113588 0.0856907 0.00147257 -0.00057692 -0.0136437 -0.00746805 -0.00363376 0.0377986 -0.00354335 0.00441215 0.0295428 0.0111516 -0.00738959
internal_weight=22903 9762 13141 529 365 3099 2893 1417 1196 6663 12612 12412 1014 1476 1178 888 685 353 332 6490 6250 12225 7226 6407 532 354 5100 877 713 5875
internal_count=22903 9762 13141 529 365 3099 2893 1417 1196 6663 12612 12412 1014 1476 1178 888 685 353 332 6490 6250 12225 7226 6407 532 354 5100 877 713 5875
is_linear=0
shrinkage=0.0161


Tree=140
num_leaves=31
num_cat=0
split_feature=476 30 127 475 321 489 501 297 432 256 481 506 210 233 358 289 161 544 585 588 255 60 366 296 319 535 7 557 277 178
split_gain=6940.31 5309.55 5857.7 8334.01 6540.16 4216.81 3982.48 3743.19 3724.41 5292.91 5249.87 4637.25 3465.55 3215.09 2984.11 2766.05 2372.58 5824.14 2859.69 3252.7 3248.62 2302.35 2225.48 2171.39 2414.05 2859.94 3649.16 2460.69 2008.75 2239.91
threshold=16.500000000000004 10.500000000000002 10.500000000000002 35.500000000000007 8.0000000000000018 198.50000000000003 10.500000000000002 43.500000000000007 29.500000000000004 6.5000000000000009 174.50000000000003 103.50000000000001 29.500000000000004 5.5000000000000009 29.500000000000004 73.500000000000014 29.500000000000004 215.15000152587893 201.75000000000003 209.25000000000003 24.500000000000004 2.5000000000000004 6.5000000000000009 52.000000000000007 4.5000000000000009 226.50000000000003 20.000000000000004 231.15000152587893 2.5000000000000004 10.500000000000002
decision_type=2 2 2 2 2 2 2 2 2 2 2 2 2 2 2 2 2 8 10 10 2 2 2 2 2 2 2 8 2 2
left_child=6 7 3 5 -5 12 -1 23 15 22 11 13 -3 -11 -4 16 18 -18 19 21 -20 -8 -10 24 -2 26 27 -26 -23 -30
right_child=1 2 14 4 -6 -7 8 -9 9 10 -12 -13 -14 -15 -16 -17 17 -19 20 -21 -22 28 -24 -25 25 -27 -28 -29 29 -31
leaf_value=-0.02443023293986438 -0.021007352325131956 0.0088716962846626824 -0.010557956909179732 0.043030639171981667 0.17891191328795286 0.10196989781517711 -0.025862678431211348 -0.066675382976304695 0.019202047951960052 0.10755870960817887 0.10263296789188024 -0.036235592341526235 0.080761838806953395 0.019138097390106756 0.047784024578791835 0.054427654639225796 -0.0062923262050229474 0.079450640967242539 -0.049555878791162834 0.065804561175697218 0.02964913064357487 -0.025301497278326632 -0.045344417325828237 -0.048278957443053078 0.00079183215490390244 -0.043784378946428643 0.081387129656876861 0.063767304615105894 -0.0067311553594693154 0.011529282278132416
leaf_weight=2470 525 1120 1012 173 197 186 1435 218 239 164 280 246 206 307 293 199 740 284 752 162 163 1020 328 192 793 164 260 202 5934 2464
leaf_count=2470 525 1120 1012 173 197 186 1435 218 239 164 280 246 206 307 293 199 740 284 752 162 163 1020 328 192 793 164 260 202 5934 2464
internal_value=-0.000459126 0.0152087 0.0287543 0.0469308 0.115442 0.0301499 -0.00551173 -0.0031201 -0.00233498 0.0211497 0.0434923 0.0203641 0.0200579 0.0499757 0.00252301 -0.00512929 -0.00604603 0.017465 -0.00806604 -0.00579162 -0.0354204 -0.00686248 -0.0180955 0.00335533 0.00846712 0.0193886 0.0276627 0.0136005 -0.00396497 -0.00137068
internal_weight=22728 5541 3187 1882 370 1512 17187 2354 14717 1564 997 717 1326 471 1305 13153 12954 1024 11930 11015 915 10853 567 2136 1944 1419 1255 995 9418 8398
internal_count=22728 5541 3187 1882 370 1512 17187 2354 14717 1564 997 717 1326 471 1305 13153 12954 1024 11930 11015 915 10853 567 2136 1944 1419 1255 995 9418 8398
is_linear=0
shrinkage=0.0161


Tree=141
num_leaves=31
num_cat=0
split_feature=176 11 178 84 527 273 155 305 12 284 502 34 332 35 588 500 451 476 178 250 208 8 480 247 474 1 198 179 225 266
split_gain=9293.93 6250.84 4785.68 4592.13 4090.83 3709.64 3230.36 3695.98 4080.45 3101.01 3628.67 8051.37 3052.5 6218.56 3107.97 3875.46 3044.04 4600.88 7279.52 3420.04 3308.17 3071.4 3040.46 2950.06 3664.38 3086.85 3229.93 3273.39 4134.09 4113.41
threshold=8.0000000000000018 52.000000000000007 5.5000000000000009 13.500000000000002 261.50000000000006 52.000000000000007 4.5000000000000009 29.500000000000004 61.500000000000007 8.0000000000000018 208.50000000000003 13.500000000000002 24.500000000000004 16.500000000000004 181.25000000000003 75.500000000000014 8.0000000000000018 43.500000000000007 29.500000000000004 8.0000000000000018 8.0000000000000018 24.500000000000004 234.50000000000003 16.500000000000004 6.5000000000000009 16.500000000000004 16.500000000000004 5.5000000000000009 8.0000000000000018 8.0000000000000018
decision_type=2 2 2 2 2 2 2 2 2 2 2 2 2 2 8 2 2 2 2 2 2 2 2 2 2 2 2 2 2 2
left_child=6 2 22 -3 5 16 -1 8 9 -8 12 -12 14 -14 15 -11 20 23 19 -19 -4 -22 -2 25 -25 26 27 -18 -29 -30
right_child=1 3 4 -5 -6 -7 7 -9 -10 10 11 -13 13 -15 -16 -17 17 18 -20 -21 21 -23 -24 24 -26 -27 -28 28 29 -31
leaf_value=-0.02005589220263615 -0.013299284841801703 0.024598250136723513 -0.014908702932819646 0.13068357659174487 -0.03084200779805164 0.083385758656072492 -0.010145022591083611 -0.033264946655934928 0.074340270655960342 -0.01118865282011362 0.12794887279860068 -0.017357007572589941 0.10483046902379767 -0.025578882651036788 -0.032643335398624053 0.037640321821000328 0.0067666676607975604 -0.02284195519483993 0.16197642929735542 0.081060057325584092 0.010699048925665589 0.07578195710578621 0.053451957135284126 0.052481305064506073 -0.028827986909947027 0.0040473310073010759 -0.0013856409534443619 0.10585892718344284 0.08478458508595553 -0.024843362841918733
leaf_weight=4361 2542 237 1216 192 438 231 4285 934 190 1031 201 194 212 171 644 712 252 162 161 166 1101 227 190 194 553 790 312 449 185 170
leaf_count=4361 2542 237 1216 192 438 231 4285 934 190 1031 201 194 212 171 644 712 252 162 161 166 1101 227 190 194 553 790 312 449 185 170
internal_value=0.000177171 0.0120322 0.00926889 0.0721319 0.0166813 0.0200592 -0.00877344 -0.00303209 0.000660837 -0.00121508 0.0108675 0.0565239 0.00434841 0.0465445 -0.00241219 0.00874405 0.0175917 0.0275731 0.0732797 0.0296708 0.00426618 0.0218416 -0.00864838 0.0198712 -0.00768001 0.029419 0.0440536 0.0575011 0.0733737 0.0322204
internal_weight=22703 9768 9339 429 6607 6169 12935 8574 7640 7450 3165 395 2770 383 2387 1743 5938 3394 489 328 2544 1328 2732 2905 747 2158 1368 1056 804 355
internal_count=22703 9768 9339 429 6607 6169 12935 8574 7640 7450 3165 395 2770 383 2387 1743 5938 3394 489 328 2544 1328 2732 2905 747 2158 1368 1056 804 355
is_linear=0
shrinkage=0.0161


Tree=142
num_leaves=31
num_cat=0
split_feature=56 542 60 480 178 53 424 316 216 240 544 21 573 321 217 432 323 580 495 473 252 70 328 115 337 512 539 561 534 284
split_gain=8847.45 5652.61 6101.89 5996.39 5092.22 4827.49 4978.41 3310.32 3918.16 3747.68 5138.07 5197.42 3421.83 3666.51 3364.65 3088.51 2977 3158.64 5941.42 3769.08 3508.5 2673.41 2634.53 4463.5 4769.49 2630.39 6454.54 2650.35 2299.71 2206.5
threshold=4.5000000000000009 240.75000000000003 20.000000000000004 283.50000000000006 5.5000000000000009 52.000000000000007 16.500000000000004 16.500000000000004 20.000000000000004 6.5000000000000009 155.05000305175784 16.500000000000004 231.15000152587893 16.500000000000004 6.5000000000000009 5.5000000000000009 10.500000000000002 1.0000000180025095e-35 79.500000000000014 20.000000000000004 8.0000000000000018 43.500000000000007 24.500000000000004 16.500000000000004 10.500000000000002 200.50000000000003 170.50000000000003 171.05000305175784 90.500000000000014 3.5000000000000004
decision_type=2 10 2 2 2 2 2 2 2 2 10 2 8 2 2 2 2 10 2 2 2 2 2 2 2 2 2 10 2 2
left_child=25 4 3 -3 16 7 -7 15 9 10 11 14 13 -11 -9 28 21 18 -18 -19 -21 -2 -17 -24 -25 29 -27 -28 -6 -1
right_child=1 2 -4 -5 5 6 -8 8 -10 12 -12 -13 -14 -15 -16 22 17 19 -20 20 -22 -23 23 24 -26 26 27 -29 -30 -31
leaf_value=-0.037137036102750626 -0.018267784097711987 0.16707123365923454 -0.021627178099663566 0.035546475857307476 0.0016477694884053532 0.025056793435619715 0.1321568969570685 -0.03577980193951262 -0.014157729615538465 -0.0141986380818559 0.14527518997676356 0.11620053017645059 0.072548325141465336 0.054099140341928288 0.060612962062503231 0.0052222978012129856 -0.0073286770026053227 -0.01475418316860936 0.1170538082525434 -0.0093210365559202018 0.093773181685810711 0.046230114280581575 0.0018873903536243178 0.12939049747168668 0.016407233246808022 0.10275093636843323 0.027230811949359029 -0.055522009937645785 -0.03018353973462384 -0.013909570497815422
leaf_weight=1432 3813 164 171 200 1408 356 165 205 526 714 160 167 244 285 173 4028 219 1227 182 160 183 174 448 207 183 161 184 220 1009 4108
leaf_count=1432 3813 164 171 200 1408 356 165 205 526 714 160 167 244 285 173 4028 219 1227 182 160 183 174 448 207 183 161 184 220 1009 4108
internal_value=5.32223e-05 0.00609524 0.0575901 0.0948695 0.00439696 0.0112628 0.0590204 0.00871024 0.0248017 0.0353337 0.0649989 0.0413884 0.0184893 0.00526215 0.0082742 0.00324081 -0.00744318 0.00873541 0.0490655 -0.00155048 0.045614 -0.0154471 0.0106325 0.0366098 0.0764356 -0.0165409 0.0165284 -0.0177743 -0.0116308 -0.0199177
internal_weight=22876 16771 535 364 16236 10278 521 9757 2474 1948 705 545 1243 999 378 7283 5958 1971 401 1570 343 3987 4866 838 390 6105 565 404 2417 5540
internal_count=22876 16771 535 364 16236 10278 521 9757 2474 1948 705 545 1243 999 378 7283 5958 1971 401 1570 343 3987 4866 838 390 6105 565 404 2417 5540
is_linear=0
shrinkage=0.0161


Tree=143
num_leaves=31
num_cat=0
split_feature=178 474 509 502 142 509 235 514 187 449 24 135 92 231 379 280 468 37 228 467 595 200 544 286 564 544 245 269 361 482
split_gain=7842.09 5509.37 5385.55 5171.85 6197.32 4424.11 4986.07 5197.54 4042.28 4155.77 4226.17 5255.25 4633.81 3774.17 3562.97 7062.5 3192.78 2969.14 3187.45 3445.91 2855.3 2740.6 2713.33 2704.46 3609.49 4228.29 2297.49 3249.9 4871.37 2286.84
threshold=10.500000000000002 16.500000000000004 313.50000000000006 257.50000000000006 8.0000000000000018 204.50000000000003 13.500000000000002 197.50000000000003 13.500000000000002 5.5000000000000009 16.500000000000004 20.000000000000004 16.500000000000004 24.500000000000004 10.500000000000002 16.500000000000004 10.500000000000002 10.500000000000002 16.500000000000004 16.500000000000004 184.15000152587893 16.500000000000004 160.44999694824222 5.5000000000000009 198.94999694824222 210.94999694824222 20.000000000000004 13.500000000000002 10.500000000000002 198.50000000000003
decision_type=2 2 2 2 2 2 2 2 2 2 2 2 2 2 2 2 2 2 2 2 8 2 8 2 10 10 2 2 2 2
left_child=1 3 5 23 -5 6 7 17 9 -8 11 12 22 14 29 -16 -15 -2 26 -20 -7 -10 -11 -1 25 -25 27 -19 -29 -3
right_child=2 13 -4 4 -6 20 8 -9 21 10 -12 -13 -14 16 15 -17 -18 18 19 -21 -22 -23 -24 24 -26 -27 -28 28 -30 -31
leaf_value=-0.02266466015018094 -0.010231466539370838 -0.0022093423482128188 0.10456560922470545 -0.023840201904172357 0.099561925400144274 0.024148425539182044 -0.005153490590096 0.07233418322581564 -0.015307851969181822 0.0040406666183465875 0.020328857554804916 0.16484992402842472 0.12376673347966942 0.10799518186148449 0.0030851516562947451 0.097843159630624704 0.01746827171772234 -0.0035249716640025244 0.1055205245950139 0.014884055953086334 -0.037560031508793286 0.052171260723934604 0.084896588266432219 -0.006265054254296654 -0.057266390182984669 0.071913025503743844 -0.033849708541937307 0.11567328130280113 -0.0050525295417130911 -0.062194332867878205
leaf_weight=4942 2396 1514 164 193 232 267 287 287 530 289 413 165 223 183 738 282 227 709 194 249 711 221 172 5817 347 185 307 177 169 185
leaf_count=4942 2396 1514 164 193 232 267 287 287 530 289 413 165 223 183 738 282 227 709 194 249 711 221 172 5817 347 185 307 177 169 185
internal_value=0.000318941 -0.00658493 0.013246 -0.0116547 0.0434675 0.0113145 0.015929 0.00604459 0.0352062 0.0500694 0.0626467 0.0832047 0.0634752 0.0123904 0.00551459 0.029306 0.0579316 0.00151028 0.0171096 0.054629 -0.0206892 0.00451818 0.0342592 -0.0137316 -0.00677451 -0.00385145 0.00488885 0.0161839 0.056638 -0.00875482
internal_weight=22775 14845 7930 11716 425 7766 6788 4488 2300 1549 1262 849 684 3129 2719 1020 410 4201 1805 443 978 751 461 11291 6349 6002 1362 1055 346 1699
internal_count=22775 14845 7930 11716 425 7766 6788 4488 2300 1549 1262 849 684 3129 2719 1020 410 4201 1805 443 978 751 461 11291 6349 6002 1362 1055 346 1699
is_linear=0
shrinkage=0.0161


Tree=144
num_leaves=31
num_cat=0
split_feature=178 565 117 210 82 538 482 124 547 241 386 531 231 278 426 37 594 56 116 591 499 426 482 183 283 51 382 179 538 590
split_gain=8365.73 6309.1 5092.98 5067.42 5421.69 4817.97 6148.4 4765.5 3975.05 3971.75 3812.67 2981.6 2750.46 2621.84 2542.94 2810.64 7222.28 3423.38 3354.91 3100.35 3660.11 3765.16 2631.66 2411.53 3221.9 2658.41 2227.04 2204.62 2192.25 2109.67
threshold=4.5000000000000009 264.34999084472662 20.000000000000004 6.5000000000000009 35.500000000000007 92.500000000000014 44.500000000000007 16.500000000000004 247.34999847412112 29.500000000000004 20.000000000000004 310.50000000000006 4.5000000000000009 8.0000000000000018 43.500000000000007 24.500000000000004 187.55000305175784 52.000000000000007 6.5000000000000009 181.25000000000003 182.50000000000003 8.0000000000000018 153.50000000000003 8.0000000000000018 10.500000000000002 6.5000000000000009 6.5000000000000009 24.500000000000004 107.50000000000001 89.049999237060561
decision_type=2 10 2 2 2 2 2 2 10 2 2 2 2 2 2 2 10 2 2 10 2 2 2 2 2 2 2 2 2 10
left_child=23 2 8 10 5 6 27 13 11 12 29 14 -7 -8 15 17 22 18 -2 20 -20 -22 28 -1 -25 -26 -14 -5 -17 -4
right_child=1 -3 3 4 -6 9 7 -9 -10 -11 -12 -13 26 -15 -16 16 -18 -19 19 -21 21 -23 -24 24 25 -27 -28 -29 -30 -31
leaf_value=-0.02032568238015571 -0.010855772396197476 0.091298330097715832 0.0074800835324552528 -0.00089552697511348497 0.099762955608526951 -0.071615257737502824 0.17047531168625873 0.033555424325728583 0.060780945855453135 0.072645110481033393 0.056125944723630632 -0.070175706590271211 -0.032935989351632271 0.079145587632562145 -0.033221724890322435 0.011002185748004415 0.11966586121869752 -0.061191414969521893 0.0086297864089352767 -0.027560306428109815 0.01186972745679795 0.10811843374797601 0.054004275839681509 -0.014028989166532873 0.072172249851415182 0.005874635844182915 0.022778956447283654 0.064662400065495063 -0.041916510172870763 -0.040580509411257362
leaf_weight=4982 4100 226 415 541 288 164 169 258 275 171 208 160 306 160 573 845 173 245 3802 533 218 205 274 1366 238 462 474 176 267 549
leaf_count=4982 4100 226 415 541 288 164 169 258 275 171 208 160 306 160 573 845 173 245 3802 533 218 205 274 1366 238 462 474 176 267 549
internal_value=0.000320795 0.00683718 0.00560805 0.0215903 0.0336999 0.0258249 0.046836 0.0854821 0.000293678 0.00123111 -0.00635938 -0.00116402 -0.0116802 0.126131 -0.000179114 0.00159446 0.0215703 -0.00182405 -0.000179376 0.0090156 0.0136354 0.0585707 0.00930903 -0.014261 0.000352119 0.0284494 0.00089138 0.015164 -0.00168285 -0.0198661
internal_weight=22823 15775 15549 3879 2707 2419 1304 587 11670 1115 1172 11395 944 329 11235 10662 1559 9103 8858 4758 4225 423 1386 7048 2066 700 780 717 1112 964
internal_count=22823 15775 15549 3879 2707 2419 1304 587 11670 1115 1172 11395 944 329 11235 10662 1559 9103 8858 4758 4225 423 1386 7048 2066 700 780 717 1112 964
is_linear=0
shrinkage=0.0161


Tree=145
num_leaves=31
num_cat=0
split_feature=475 330 477 547 594 362 52 521 504 416 433 252 482 528 566 503 498 119 177 526 533 433 7 7 21 83 30 373 420 272
split_gain=7447.21 5609.12 6448.85 4640.68 5551.11 4316.04 4107.34 4873.21 3690.35 3383.99 3950.17 4701.61 4985.49 3046.12 3305.41 3144.21 3390.22 2891.34 4280.86 2908.78 2762.07 2739.72 3020.73 2606.93 2511.3 2459.09 2401.17 2718.9 2239.21 2463.48
threshold=16.500000000000004 8.0000000000000018 52.000000000000007 220.15000152587893 196.25000000000003 2.5000000000000004 29.500000000000004 184.50000000000003 244.50000000000003 4.5000000000000009 29.500000000000004 10.500000000000002 113.50000000000001 299.50000000000006 240.75000000000003 246.50000000000003 248.50000000000003 10.500000000000002 35.500000000000007 142.50000000000003 118.50000000000001 8.0000000000000018 10.500000000000002 13.500000000000002 16.500000000000004 13.500000000000002 10.500000000000002 16.500000000000004 24.500000000000004 6.5000000000000009
decision_type=2 2 2 10 10 2 2 2 2 2 2 2 2 2 10 2 2 2 2 2 2 2 2 2 2 2 2 2 2 2
left_child=5 8 3 4 17 -1 9 26 20 28 13 -12 -13 14 15 16 -11 19 23 21 -2 -3 -23 24 -19 -25 -8 -28 -7 -30
right_child=1 2 -4 -5 -6 6 7 -9 -10 10 11 12 -14 -15 -16 -17 -18 18 -20 -21 -22 22 -24 25 -26 -27 27 -29 29 -31
leaf_value=-0.028549568044097574 0.0036138631333185655 -0.011547527534097371 0.11324344116629295 0.094862409642291354 -0.055297539899202969 -0.021246218260545461 -0.011849249051307489 0.082913161738504881 0.071052593957395119 -0.0044067118667914205 -0.0091259312009735298 0.017324479272996608 0.1146324375889409 -0.07073923148211976 0.061300403819645438 -0.057091180602207477 0.059175760146790331 0.028159061086722378 0.10723125108304238 -0.045618095868727761 -0.034086235388049654 0.079972148756253914 -0.0012484635338911771 -0.030921877017396932 0.09694597555453259 0.044683347203122226 0.0090928375295143953 0.088815646383963442 -0.023459512158068019 0.052567353597810687
leaf_weight=2017 1575 419 220 215 249 4125 682 277 162 7314 448 305 248 175 203 284 224 467 210 230 740 273 209 283 196 184 354 162 208 235
leaf_count=2017 1575 419 220 215 249 4125 682 277 162 7314 448 305 248 175 203 284 224 467 210 230 740 273 209 283 196 184 354 162 208 235
internal_value=-0.0011691 0.0149054 0.0291428 0.0228308 0.0171284 -0.00641535 -0.00348513 0.0220449 -0.00321937 -0.00622174 -0.000595225 0.0295948 0.0610061 -0.00428349 -0.00283136 -0.00449875 -0.00251417 0.0244363 0.0404389 0.0054556 -0.00842697 0.0185194 0.0447053 0.0280054 0.0485298 -0.0010827 0.00795143 0.0341677 -0.0175497 0.0168176
internal_weight=22893 5632 3155 2935 2720 17261 15244 1475 2477 13769 9201 1001 553 8200 8025 7822 7538 2471 1340 1131 2315 901 482 1130 663 467 1198 516 4568 443
internal_count=22893 5632 3155 2935 2720 17261 15244 1475 2477 13769 9201 1001 553 8200 8025 7822 7538 2471 1340 1131 2315 901 482 1130 663 467 1198 516 4568 443
is_linear=0
shrinkage=0.0161


Tree=146
num_leaves=31
num_cat=0
split_feature=178 509 295 593 526 213 373 528 99 396 529 558 154 130 586 506 409 529 368 594 25 162 561 551 293 333 169 113 533 27
split_gain=6336.89 5119.08 5148.81 5120.59 4065.65 4033.63 3945.43 3722.13 2983.14 2967.24 3229.73 5726.36 3258.92 3551.42 2926.69 4269.47 3364.62 5469.79 2629.06 4114.21 3200.1 3002.98 2830.87 2625.72 2921.36 5030.16 5971.09 3292.37 2936.86 2752.01
threshold=10.500000000000002 308.50000000000006 16.500000000000004 224.44999694824222 183.50000000000003 2.5000000000000004 73.500000000000014 150.50000000000003 52.000000000000007 4.5000000000000009 290.50000000000006 240.75000000000003 20.000000000000004 61.500000000000007 213.05000305175784 253.50000000000003 16.500000000000004 173.50000000000003 16.500000000000004 100.45000076293947 3.5000000000000004 13.500000000000002 115.85000228881837 72.549999237060561 10.500000000000002 16.500000000000004 13.500000000000002 35.500000000000007 129.50000000000003 13.500000000000002
decision_type=2 2 2 10 2 2 2 2 2 2 2 10 2 2 10 2 2 2 2 10 2 2 8 8 2 2 2 2 2 2
left_child=5 2 3 8 7 -1 9 18 23 -7 11 12 13 14 15 16 -11 -18 20 -20 -4 -22 -23 -2 25 29 28 -26 -27 -25
right_child=1 -3 4 -5 -6 6 -8 -9 -10 10 -12 -13 -14 -15 -16 -17 17 -19 19 -21 21 22 -24 24 27 26 -28 -29 -30 -31
leaf_value=-0.027927997169145978 -0.029962485584069679 0.099298638979980536 0.10506948195028624 -0.074112498795219306 -0.0094049076436473998 -0.01670975377783241 0.061955902675143976 0.097484163241542313 -0.05064038279945008 -0.0039708218024578756 -0.06140646491363827 0.087719886031479094 -0.020538405490124673 0.078545759334082518 -0.054544026544946285 0.076669201946787613 0.012239165489800342 0.10690277867687069 0.036026106500784409 -0.065592438062428635 0.0090296469608510017 0.025792540621669101 0.11682342539929617 0.019244880887520435 -0.01751798504245021 -0.0017768022714223441 0.12546850034745302 0.042044988819447765 0.081013656136638482 -0.021262215614176638
leaf_weight=2009 462 167 188 228 546 3719 235 257 248 4852 214 197 1633 165 222 208 1316 180 276 165 567 189 168 1523 1341 334 226 293 166 608
leaf_count=2009 462 167 188 228 546 3719 235 257 248 4852 214 197 1633 165 222 208 1316 180 276 165 567 189 168 1523 1341 334 226 293 166 608
internal_value=-0.00052388 0.0110871 0.00919178 0.00056199 0.0290677 -0.00670139 -0.00340429 0.0406862 0.00384007 -0.004615 0.000387438 0.00189746 -7.12288e-05 0.00473928 0.0029391 0.00488919 0.00253352 0.0236449 0.0312718 -0.00194107 0.0444646 0.0321082 0.0686965 0.0065727 0.0103364 0.0201586 0.056764 -0.00682307 0.0256626 0.00767667
internal_weight=22902 7952 7785 5429 2356 14950 12941 1810 5201 12706 8987 8773 8576 6943 6778 6556 6348 1496 1553 441 1112 924 357 4953 4491 2857 726 1634 500 2131
internal_count=22902 7952 7785 5429 2356 14950 12941 1810 5201 12706 8987 8773 8576 6943 6778 6556 6348 1496 1553 441 1112 924 357 4953 4491 2857 726 1634 500 2131
is_linear=0
shrinkage=0.0161


Tree=147
num_leaves=31
num_cat=0
split_feature=542 319 416 372 413 171 223 523 539 196 427 84 374 479 317 352 522 515 538 436 449 271 229 185 484 583 515 228 215 176
split_gain=6952.89 6390.45 6331.81 4532.12 4650.69 5280.12 5011.39 4905.66 5989.58 4633.3 4982 4631.14 4521.02 3964.21 7774.59 4379.47 4176.31 4726.15 2659.31 3012.69 3708.86 2776.25 3248.37 3044.67 2746.66 5387.41 3126.15 2387.3 2109.74 2619.73
threshold=240.75000000000003 16.500000000000004 4.5000000000000009 8.0000000000000018 35.500000000000007 8.0000000000000018 6.5000000000000009 253.50000000000003 47.500000000000007 24.500000000000004 35.500000000000007 20.000000000000004 8.0000000000000018 13.500000000000002 13.500000000000002 8.0000000000000018 122.50000000000001 122.50000000000001 240.50000000000003 4.5000000000000009 6.5000000000000009 29.500000000000004 8.0000000000000018 13.500000000000002 149.50000000000003 144.05000305175784 113.50000000000001 10.500000000000002 3.5000000000000004 16.500000000000004
decision_type=10 2 2 2 2 2 2 2 2 2 2 2 2 2 2 2 2 2 2 2 2 2 2 2 2 10 2 2 2 2
left_child=2 12 -1 18 6 -6 -5 8 -8 10 13 -7 -2 16 15 -15 17 27 19 -4 -21 23 -23 24 26 -26 28 -10 -22 -30
right_child=1 -3 3 4 5 11 7 -9 9 -11 -12 -13 -14 14 -16 -17 -18 -19 -20 20 21 22 -24 -25 25 -27 -28 -29 29 -31
leaf_value=-0.015210497830579522 -0.04336224592631225 0.13072924982121634 -0.017775002217182985 -0.0069857301301690794 0.00053535297480460466 0.13252983860413223 -0.0037854730753474372 -0.046069592970194466 -0.0071075492006509363 -0.010041392773450328 0.12165652623020687 0.023889771304224115 0.061331253822415145 0.083400443957098225 0.14068962855919268 -0.022397605156052661 -0.0097913518169486548 0.12537697810230528 -0.041141870383615872 -0.011951782763871559 -0.01478236373281081 0.0079524384844925147 0.10946122073415862 -0.016613663475320908 0.12966850088007184 0.011952068137488215 -0.034227162846468595 0.06854647949836877 0.015246079346925508 0.068097056281146984
leaf_weight=6268 179 190 2254 2967 306 251 1199 265 259 398 224 172 265 194 262 212 537 165 479 2208 332 162 166 812 162 268 324 185 807 349
leaf_count=6268 179 190 2254 2967 306 251 1199 265 259 398 224 172 265 194 262 212 537 165 479 2208 332 162 166 812 162 268 324 185 807 349
internal_value=0 0.0525702 -0.001503 0.00389276 0.0128857 0.0515568 0.008777 0.0207748 0.0256544 0.0401544 0.0499687 0.0884103 0.0190707 0.0411034 0.0722935 0.0280982 0.0229022 0.0517692 -0.00431187 -0.00205982 0.00427265 0.014872 0.0593975 0.0100823 0.0197614 0.0563558 0.0110643 0.024362 0.020942 0.0312223
internal_weight=22821 634 22187 15919 7596 729 6867 3900 3635 2436 2038 423 444 1814 668 406 1146 609 8323 7844 5590 3382 328 3054 2242 430 1812 444 1488 1156
internal_count=22821 634 22187 15919 7596 729 6867 3900 3635 2436 2038 423 444 1814 668 406 1146 609 8323 7844 5590 3382 328 3054 2242 430 1812 444 1488 1156
is_linear=0
shrinkage=0.0161


Tree=148
num_leaves=31
num_cat=0
split_feature=541 586 496 117 435 455 353 498 342 336 524 217 90 290 35 382 239 526 489 154 308 356 94 169 324 283 218 288 278 272
split_gain=8010.48 7722.06 7032.24 6935.88 4573.5 5334.76 4264.5 5561.33 4756.73 4013.6 3285.76 3439.87 3947.69 3510.85 3094.94 4169.27 3201.75 4154.53 9396.53 6254.72 5752.14 4007.96 2648.63 2987.96 3352.2 2672.34 4355.44 2350.38 2294.99 2246.75
threshold=244.44999694824222 221.94999694824222 184.50000000000003 4.5000000000000009 8.0000000000000018 4.5000000000000009 43.500000000000007 286.50000000000006 8.0000000000000018 29.500000000000004 296.50000000000006 8.0000000000000018 43.500000000000007 43.500000000000007 5.5000000000000009 2.5000000000000004 4.5000000000000009 166.50000000000003 67.500000000000014 5.5000000000000009 5.5000000000000009 16.500000000000004 43.500000000000007 24.500000000000004 13.500000000000002 8.0000000000000018 6.5000000000000009 13.500000000000002 8.0000000000000018 16.500000000000004
decision_type=10 8 2 2 2 2 2 2 2 2 2 2 2 2 2 2 2 2 2 2 2 2 2 2 2 2 2 2 2 2
left_child=3 2 -2 -1 10 -6 7 9 -8 14 11 12 -5 22 -7 -16 -17 18 -18 -20 -21 -22 23 25 -25 -13 -27 -11 -28 -19
right_child=1 -3 -4 4 5 6 8 -9 -10 27 -12 13 -14 -15 15 16 17 29 19 20 21 -23 -24 24 -26 26 28 -29 -30 -31
leaf_value=-0.014760197376085749 0.038941933435719674 -0.011336656950506759 0.18261934085788248 -0.013425776323703533 -0.010250206521174183 -0.0027968870738685416 0.13798896419067871 0.098290394578835011 0.028499019803709131 0.00037134470344147251 -0.074557380934853576 -0.0091696143999255731 0.054210032703050033 0.080022473096261412 0.089832815356614665 -0.0067068351162843098 0.0067915974828565515 0.015559316068602209 0.15368125170169306 0.12750153739708128 -0.0051204007895520052 0.082421703803684673 -0.050334478238648686 0.09237117616599369 -0.0026020554645938498 0.077482162137279667 -0.048406505665883268 -0.060947701720924029 0.019767205246263759 -0.051382612261635846
leaf_weight=6082 186 236 169 4602 1795 1186 165 213 275 455 163 1476 235 182 256 757 985 389 216 211 347 222 194 228 166 290 169 251 527 195
leaf_count=6082 186 236 169 4602 1795 1186 165 213 275 455 163 1476 235 182 256 757 985 389 216 211 347 222 194 228 166 290 169 251 527 195
internal_value=0.00144875 0.0599499 0.107407 -0.000105348 0.00541213 0.0141486 0.0213051 0.0175609 0.0696112 0.014413 -0.00298821 -0.00153954 -0.0101349 0.011317 0.0197246 0.0271964 0.0223624 0.0309507 0.0420775 0.0769502 0.0556714 0.0289935 0.00720945 0.0111265 0.0522973 0.00452825 0.0250572 -0.0213957 0.00317971 -0.00675257
internal_weight=22823 591 355 22232 16150 7918 6123 5683 440 5470 8232 8069 4837 3232 4764 3578 3322 2565 1981 996 780 569 3050 2856 394 2462 986 706 696 584
internal_count=22823 591 355 22232 16150 7918 6123 5683 440 5470 8232 8069 4837 3232 4764 3578 3322 2565 1981 996 780 569 3050 2856 394 2462 986 706 696 584
is_linear=0
shrinkage=0.0161


Tree=149
num_leaves=31
num_cat=0
split_feature=117 513 116 110 118 248 401 153 568 528 541 472 595 61 195 166 37 593 584 525 30 186 2 437 471 33 247 182 599 280
split_gain=7715.33 5193.79 7781.43 7003.13 4322.96 4457.58 3951.02 3438.92 4677.16 4483.16 3667.1 3991.51 7797.5 3968.07 4265.45 6523.05 6276.73 3339.12 2988.52 2810.78 2625.81 2944.12 3574.51 4253.61 2898.64 2593.1 3702.71 3127.87 2353.7 2353.41
threshold=20.000000000000004 226.50000000000003 35.500000000000007 13.500000000000002 4.5000000000000009 73.500000000000014 35.500000000000007 4.5000000000000009 85.549999237060561 283.50000000000006 244.44999694824222 35.500000000000007 155.05000305175784 10.500000000000002 13.500000000000002 13.500000000000002 13.500000000000002 88.049999237060561 133.05000305175784 204.50000000000003 10.500000000000002 13.500000000000002 10.500000000000002 10.500000000000002 16.500000000000004 16.500000000000004 4.5000000000000009 13.500000000000002 112.25000000000001 13.500000000000002
decision_type=2 2 2 2 2 2 2 2 10 2 10 2 10 2 2 2 2 10 8 2 2 2 2 2 2 2 2 2 10 2
left_child=4 2 6 18 29 7 20 28 -9 10 11 13 -13 14 25 16 -16 -15 -4 -3 -2 22 23 -22 -24 26 -10 -28 -6 -1
right_child=1 19 3 -5 5 -7 -8 8 9 -11 -12 12 -14 17 15 -17 -18 -19 -20 -21 21 -23 24 -25 -26 -27 27 -29 -30 -31
leaf_value=-0.021888614588182802 -0.0085976281856081586 -0.069633998900875821 0.070246119368620602 0.13194405432462736 -0.0049632300191584759 0.077427050898222466 0.074414964044887913 -0.0089955349217745537 -0.024390310580333814 -0.049313989112880006 0.089489706887170006 0.0073728272787584228 0.14763446789148171 0.05680065027416039 0.044479616736537136 -0.0099884745852470164 0.16852553100808348 -0.014955586553163426 -0.012735240456597234 0.0086444520254601673 0.033122424015431855 -0.0077330331783164114 -0.012302578470164308 0.13047190215834018 0.066908529988398344 -0.018483738453256567 0.026380961983022932 0.1047080472113697 -0.032707205018409999 0.0021294551199332219
leaf_weight=4522 1293 244 240 299 2470 192 257 3673 293 266 182 263 169 188 258 232 180 1582 211 231 316 565 416 185 168 532 656 166 1169 1378
leaf_count=4522 1293 244 240 299 2470 192 257 3673 293 266 182 263 169 188 258 232 180 1582 211 231 316 565 416 185 168 532 656 166 1169 1378
internal_value=-0.000322293 0.0187612 0.0248132 0.0714976 -0.0049202 0.000449836 0.0138642 -0.000751897 0.00477562 0.0149639 0.0186059 0.0157459 0.0622982 0.0108196 0.0246874 0.0589448 0.0955111 -0.00732072 0.0313712 -0.0315164 0.00856857 0.0220349 0.0375579 0.0691168 0.0104439 0.0107372 0.0247005 0.0422275 -0.0138822 -0.016275
internal_weight=22796 4425 3950 750 18371 12471 3200 12279 8640 4967 4701 4519 432 4087 2317 670 438 1770 451 475 2943 1650 1085 501 584 1647 1115 822 3639 5900
internal_count=22796 4425 3950 750 18371 12471 3200 12279 8640 4967 4701 4519 432 4087 2317 670 438 1770 451 475 2943 1650 1085 501 584 1647 1115 822 3639 5900
is_linear=0
shrinkage=0.0161


Tree=150
num_leaves=31
num_cat=0
split_feature=234 157 412 599 561 130 218 29 162 433 150 307 0 128 310 247 147 481 60 197 238 11 565 486 239 150 461 572 132 516
split_gain=7699.68 4953.67 3758.92 5127.2 6813.36 4231.61 4629.13 3797.19 4575.15 3603.15 3998.22 4761.02 3683.32 3734.58 3508.23 3432.01 2981.48 2979.81 5595.46 2881.74 3650.9 4135.21 2966.8 2966.75 2449.44 4491.18 2292.27 2266.25 2235.04 2476.59
threshold=16.500000000000004 5.5000000000000009 13.500000000000002 168.05000305175784 152.44999694824222 8.0000000000000018 10.500000000000002 20.000000000000004 10.500000000000002 8.0000000000000018 20.000000000000004 4.5000000000000009 52.000000000000007 52.000000000000007 5.5000000000000009 8.0000000000000018 13.500000000000002 228.50000000000003 10.500000000000002 13.500000000000002 8.0000000000000018 5.5000000000000009 188.65000152587893 107.50000000000001 29.500000000000004 8.0000000000000018 35.500000000000007 216.75000000000003 4.5000000000000009 88.500000000000014
decision_type=2 2 2 8 8 2 2 2 2 2 2 2 2 2 2 2 2 2 2 2 2 2 8 2 2 2 2 10 2 2
left_child=1 17 19 7 -5 15 -7 -4 -9 24 12 -12 13 26 -13 -6 -16 -1 -19 20 -2 -22 23 -23 27 -26 -11 -3 -21 -30
right_child=2 9 3 4 5 6 -8 8 -10 10 11 14 -14 -15 16 -17 -18 18 -20 28 21 22 -24 -25 25 -27 -28 -29 29 -31
leaf_value=-0.015774354917466763 -0.0040588693019669164 -0.0060203842375167113 -0.007841243735037572 0.15826433241804116 0.051128052796799148 0.13549252862086275 0.02810798411982595 0 0.1067772373069053 0.0039690090906460366 0.11257037775207432 0.083751695536364384 0.079056758569249111 0.072652645409982258 -0.023249271026528427 -0.046735333876583678 0.052020905009079188 0.088929936283991942 -0.035857944094249757 0.030229755682508224 0.097679196608463748 0.007722622490346014 -0.033115029610178606 0.096772719978954008 -0.024882061386035235 0.085506997816098829 -0.036715009841565505 -0.053101365641775838 0.0052213274629209017 -0.063191797053979662
leaf_weight=7238 965 4716 783 162 193 197 222 213 204 3425 200 194 173 191 367 179 217 200 174 173 244 241 192 163 180 203 401 281 228 342
leaf_count=7238 965 4716 783 162 193 197 222 213 204 3425 200 194 173 191 367 179 217 200 174 173 244 241 192 163 180 203 401 281 228 342
internal_value=0.00116951 -0.00358331 0.0195347 0.0351988 0.063085 0.0435621 0.0786528 0.013033 0.0522849 0.00355818 0.0131604 0.042476 0.00631221 0.00317346 0.0244266 0.0039746 0.00467897 -0.0134824 0.0308106 0.00628967 0.017282 0.0418265 0.0189212 0.0437095 -0.00566134 0.0335656 -0.000288899 -0.00867263 -0.0203827 -0.0357853
internal_weight=22861 18160 4701 2153 953 791 419 1200 417 10548 5168 978 4190 4017 778 372 584 7612 374 2548 1805 840 596 404 5380 383 3826 4997 743 570
internal_count=22861 18160 4701 2153 953 791 419 1200 417 10548 5168 978 4190 4017 778 372 584 7612 374 2548 1805 840 596 404 5380 383 3826 4997 743 570
is_linear=0
shrinkage=0.0161


Tree=151
num_leaves=31
num_cat=0
split_feature=117 208 528 540 588 507 489 484 476 217 36 380 584 538 514 290 526 559 284 49 422 534 492 351 582 282 79 505 570 54
split_gain=8038.99 5251.28 4285.61 5361.55 7086.91 4660.05 3776.9 8073.27 3560.95 3317.2 3911.44 3063.36 2763.28 2753.33 2667.25 2631.1 3407.62 4188.69 4155.02 5749.33 6220.72 3677.87 2507.64 3871.92 3930.39 2492.18 2600.87 2337.93 2914.82 2195.49
threshold=6.5000000000000009 10.500000000000002 261.50000000000006 191.15000152587893 209.25000000000003 205.50000000000003 185.50000000000003 178.50000000000003 43.500000000000007 8.0000000000000018 29.500000000000004 10.500000000000002 213.05000305175784 13.500000000000002 164.50000000000003 43.500000000000007 195.50000000000003 154.15000152587893 5.5000000000000009 13.500000000000002 8.0000000000000018 104.50000000000001 93.500000000000014 6.5000000000000009 153.34999847412112 5.5000000000000009 20.000000000000004 67.500000000000014 80.549999237060561 52.000000000000007
decision_type=2 2 2 10 10 2 2 2 2 2 2 2 10 2 2 2 2 8 2 2 2 2 2 2 8 2 2 2 10 2
left_child=12 9 3 6 5 -5 7 8 14 10 -2 -10 13 -1 22 16 17 21 -19 20 -20 25 -3 -24 -25 -11 27 28 -27 -15
right_child=1 2 -4 4 -6 -7 -8 -9 11 15 -12 -13 -14 29 -16 -17 -18 18 19 -21 -22 -23 23 24 -26 26 -28 -29 -30 -31
leaf_value=-0.025900634458528447 -0.014236158060415753 0.0068285710635866215 -0.037251189829379701 0.082592850474311835 0.15968075942060408 -0.023998471559535207 -0.02326804328370637 0.1223648629327205 0.022391122907867319 -0.015876135333112541 0.051080261767599659 0.11276665027739871 -0.051386111695630649 -0.0069560840163803818 -0.040986089370429524 0.074469497416493891 -0.031422159536385739 -0.0059847576127455039 0.040791611892689518 0.0011853256012783198 0.16738892397811495 -0.043980593702888718 -0.0027884477046973971 0.028613707490820886 0.12659814839771452 -0.001916870252569945 0.087282992516321475 -0.03550543407073619 0.081725249995130339 0.049356715142452864
leaf_weight=2252 4139 2145 321 236 162 193 525 200 219 481 252 176 445 7142 233 161 486 312 208 229 196 386 302 239 192 244 166 169 193 184
leaf_count=2252 4139 2145 321 236 162 193 525 200 219 481 252 176 445 7142 233 161 486 312 208 229 196 386 302 239 192 244 166 169 193 184
internal_value=-0.00136133 0.007111 0.0196824 0.0234774 0.0689145 0.0345843 0.017125 0.0228535 0.0171702 -0.00136858 -0.0104823 0.0627193 -0.0121538 -0.0103286 0.0113793 0.0110099 0.00767418 0.0150365 0.0420324 0.0657368 0.102268 -0.000514125 0.0156269 0.0413416 0.072318 0.0128574 0.0307905 0.0152768 0.0349696 -0.00553852
internal_weight=22788 12765 5143 4822 591 429 4231 3706 3506 7622 4391 395 10023 9578 3111 3231 3070 2584 945 633 404 1639 2878 733 431 1253 772 606 437 7326
internal_count=22788 12765 5143 4822 591 429 4231 3706 3506 7622 4391 395 10023 9578 3111 3231 3070 2584 945 633 404 1639 2878 733 431 1253 772 606 437 7326
is_linear=0
shrinkage=0.0161


Tree=152
num_leaves=31
num_cat=0
split_feature=416 56 222 528 558 103 178 353 597 517 348 383 338 89 8 510 40 506 71 151 412 550 241 303 597 510 490 528 490 265
split_gain=7844.02 6636.86 5916.61 5696.9 6057.58 8554.95 5493.12 5561.69 3729.32 5287.4 4559.96 5718.97 4529.79 5235.43 3552.31 2991.56 3274.16 2927.18 2455.73 2443.06 3202.9 3523.38 2441.2 3222.36 2764.5 2957.25 2755.74 2851.26 2547.93 3550.41
threshold=4.5000000000000009 4.5000000000000009 3.5000000000000004 290.50000000000006 238.25000000000003 10.500000000000002 10.500000000000002 61.500000000000007 189.94999694824222 234.50000000000003 16.500000000000004 20.000000000000004 20.000000000000004 20.000000000000004 61.500000000000007 176.50000000000003 20.000000000000004 207.50000000000003 35.500000000000007 5.5000000000000009 3.5000000000000004 127.25000000000001 16.500000000000004 35.500000000000007 216.75000000000003 224.50000000000003 211.50000000000003 156.50000000000003 92.500000000000014 10.500000000000002
decision_type=2 2 2 2 10 2 2 2 10 2 2 2 2 2 2 2 2 2 2 2 2 8 2 2 10 2 2 2 2 2
left_child=15 19 -3 4 6 -6 14 8 9 10 18 12 13 -12 22 -1 -17 -10 -8 -2 21 -21 23 24 25 26 27 28 -4 -30
right_child=1 2 3 -5 5 -7 7 -9 17 -11 11 -13 -14 -15 -16 16 -18 -19 -20 20 -22 -23 -24 -25 -26 -27 -28 -29 29 -31
leaf_value=-0.018665270005985821 -0.031304101608309508 -0.011885181082366057 0.00099976721738414273 -0.044318999084336445 0.0010779832597297601 0.15770647238877777 0.011045607222197372 0.11797923942014044 0.022828011183195909 0.12238120707753061 0.068109461419836217 -0.0067496195024177568 0.009332408501542112 0.17519006007179178 0.077056982507248295 -0.0025181168160767265 0.078523758814297948 -0.052724637115765145 0.065184754074368995 -0.0059152001853108914 -0.013146815693623535 0.096892428803030395 -0.015199761200798498 0.069655040422713477 0.067121217986115894 -0.056087042916381058 0.066745442187630524 -0.034345472873659154 0.0088503634553619131 0.080341144015100716
leaf_weight=5620 1332 2348 2446 388 173 190 2224 179 276 161 342 258 169 182 178 569 167 256 241 187 1418 160 1321 221 187 203 190 445 507 280
leaf_count=5620 1332 2348 2446 388 173 190 2224 179 276 161 342 258 169 182 178 569 167 256 241 187 1418 160 1321 221 187 203 190 445 507 280
internal_value=0.000524386 0.00639091 0.0113129 0.0162591 0.0184727 0.0831247 0.0161843 0.0300912 0.0262568 0.032174 0.0279155 0.0578731 0.0819658 0.105346 0.00620502 -0.0146662 0.0158385 -0.0134839 0.0163483 -0.0148421 -0.0024054 0.0414211 0.00402654 0.00970225 0.00658503 0.00379854 0.00694753 0.00385206 0.00911697 0.0343154
internal_weight=22818 16462 13365 11017 10629 363 10266 4288 4109 3577 3416 951 693 524 5978 6356 736 532 2465 3097 1765 347 5800 4479 4258 4071 3868 3678 3233 787
internal_count=22818 16462 13365 11017 10629 363 10266 4288 4109 3577 3416 951 693 524 5978 6356 736 532 2465 3097 1765 347 5800 4479 4258 4071 3868 3678 3233 787
is_linear=0
shrinkage=0.0161


Tree=153
num_leaves=31
num_cat=0
split_feature=289 495 353 527 116 538 208 545 24 282 506 333 470 314 267 178 589 487 37 516 529 559 585 371 133 85 381 55 369 72
split_gain=4977.41 6553.61 4054.75 3711.92 3711.39 4722.22 4872.61 4543.43 3765.74 5384.69 3575.71 9502.61 3075.68 2916.16 2932.41 2631.25 3966.11 3590.95 2558.24 2508.72 4573.77 2468.37 2467.08 2458.25 5460.17 2279.7 2177.73 2019.92 1980.01 1953.77
threshold=3.5000000000000004 337.50000000000006 87.000000000000014 288.50000000000006 16.500000000000004 228.50000000000003 10.500000000000002 247.34999847412112 8.0000000000000018 13.500000000000002 253.50000000000003 6.5000000000000009 73.500000000000014 13.500000000000002 13.500000000000002 10.500000000000002 110.95000076293947 73.500000000000014 20.000000000000004 112.50000000000001 63.500000000000007 185.15000152587893 169.15000152587893 43.500000000000007 16.500000000000004 6.5000000000000009 13.500000000000002 4.5000000000000009 35.500000000000007 61.500000000000007
decision_type=2 2 2 2 2 2 2 10 2 2 2 2 2 2 2 2 10 2 2 2 2 10 8 2 2 2 2 2 2 2
left_child=27 2 3 4 7 6 15 10 9 25 12 -12 21 19 -15 18 17 -17 -6 20 -10 23 -18 29 -25 -8 -7 -1 -29 -2
right_child=1 -3 -4 -5 5 26 8 -9 13 -11 11 -13 -14 14 -16 16 22 -19 -20 -21 -22 -23 -24 24 -26 -27 -28 28 -30 -31
leaf_value=-0.031937839142959078 -0.0072402315630934466 0.10405225465989426 0.069878616180463288 -0.043472067456034644 -0.025949945073216272 -0.064753881503701344 0.0027725023494944447 0.068646876531906195 -0.013486381189319035 0.12660438169436108 0.13195225768775296 -0.013734305491985958 0.057271918613097973 0.097678758242029928 0.016475883372168681 0.021147137634232014 -0.045879213701127436 0.1110840954223431 0.035061037585991627 -0.038933892194660757 0.088504920607761925 -0.03275771202278209 0.034608694171019375 0.078400008013170319 -0.02513472810036551 0.070039249985807531 0.0098674052728069186 -0.012264457876481984 0.04220145687629074 0.04809744418999324
leaf_weight=1475 10219 163 222 481 914 266 266 228 326 252 180 326 198 204 267 328 252 178 221 268 175 873 162 278 251 258 163 2857 184 168
leaf_count=1475 10219 163 222 481 914 266 266 228 326 252 180 326 198 204 267 328 252 178 221 268 175 873 162 278 251 258 163 2857 184 168
internal_value=-0.00135031 0.00242375 0.00149823 0.000639343 0.00187279 0.0144402 0.0197979 -0.00257104 0.0375821 0.0654111 -0.00387267 0.0380444 -0.00564405 0.0201476 0.0516965 0.00233969 0.0225846 0.0528316 -0.0140495 0.000793816 0.0220923 -0.00670274 -0.0143271 -0.00461686 0.0292303 0.0359373 -0.0363464 -0.0164709 -0.00896118 -0.00634293
internal_weight=22603 18087 17924 17702 17221 4500 4071 12721 2016 776 12493 506 11987 1240 471 2055 920 506 1135 769 501 11789 414 10916 529 524 429 4516 3041 10387
internal_count=22603 18087 17924 17702 17221 4500 4071 12721 2016 776 12493 506 11987 1240 471 2055 920 506 1135 769 501 11789 414 10916 529 524 429 4516 3041 10387
is_linear=0
shrinkage=0.0161


Tree=154
num_leaves=31
num_cat=0
split_feature=500 150 116 508 506 477 43 70 495 303 540 508 585 482 110 287 212 511 360 411 350 336 219 498 133 479 54 530 230 279
split_gain=5630.6 5109.9 4574.22 5272.36 4543.57 5285.34 5594.61 4127.35 3517.18 3190.35 3079.85 3229.52 2957.63 4101 4673.82 2947.45 2838.62 3074.95 3446.8 3493.26 4032.22 3320.69 2727.49 3620.79 5669.64 2716.89 2492.42 2427.81 2228.88 2581.62
threshold=344.50000000000006 5.5000000000000009 16.500000000000004 310.50000000000006 195.50000000000003 43.500000000000007 10.500000000000002 61.500000000000007 181.50000000000003 43.500000000000007 191.15000152587893 172.50000000000003 197.65000152587893 228.50000000000003 8.0000000000000018 52.000000000000007 2.5000000000000004 18.500000000000004 29.500000000000004 3.5000000000000004 13.500000000000002 16.500000000000004 8.0000000000000018 164.50000000000003 10.500000000000002 8.0000000000000018 61.500000000000007 52.500000000000007 16.500000000000004 13.500000000000002
decision_type=2 2 2 2 2 2 2 2 2 2 10 2 10 2 2 2 2 2 2 2 2 2 2 2 2 2 2 2 2 2
left_child=1 7 3 12 5 9 -7 22 -6 10 11 16 13 15 -15 26 -4 -18 19 -19 27 25 -1 28 -25 -22 -3 -21 -24 -30
right_child=-2 2 4 -5 8 6 -8 -9 -10 -11 -12 -13 -14 14 -16 -17 17 18 -20 20 21 -23 23 24 -26 -27 -28 -29 29 -31
leaf_value=-0.0184070499198076 0.092855722566847154 -0.0055713591579546005 -0.034366719029306089 0.08647716705560822 0.025497930811771805 0.14980533503391494 0.02396483543733028 0.066838431117714661 -0.048011639788419332 -0.039222327633778815 0.086032689596778789 -0.046307728415254455 -0.032184754963332243 -0.0071101544990362902 0.0978691698455601 0.055818583706381916 -0.0024880063221573569 0.10634973839739882 -0.0080622999730155485 0.052930598411023294 0.050845806254511981 0.012581600496878551 -0.015476801274336094 -0.0099552610278773827 0.09035409655923532 0.13949696421678306 0.057675752526291445 -0.0080464389185397975 0.072842549796459835 -0.0049536509655741514
leaf_weight=5783 167 7520 197 175 282 176 192 176 419 221 195 179 806 209 231 218 598 239 323 268 163 164 2030 316 271 202 165 458 173 305
leaf_count=5783 167 7520 197 175 282 176 192 176 419 221 195 179 806 209 231 218 598 239 323 268 163 164 2030 316 271 202 165 458 173 305
internal_value=-0.000285822 -0.000973479 0.00526431 -0.00105644 0.0190525 0.0264042 0.0842134 -0.0103458 -0.0184065 0.0197633 0.0241368 0.0198038 -0.00273334 0.000109084 0.0479505 -0.00255151 0.0243435 0.0291424 0.0395654 0.0498782 0.0391051 0.0729238 -0.0118786 0.000312121 0.0363144 0.099972 -0.00421036 0.0144306 -0.00810487 0.0231535
internal_weight=22821 22654 13600 9324 4276 3575 368 9054 701 3207 2986 2791 9149 8343 440 7903 2612 2415 1817 1494 1255 529 8878 3095 587 365 7685 726 2508 478
internal_count=22821 22654 13600 9324 4276 3575 368 9054 701 3207 2986 2791 9149 8343 440 7903 2612 2415 1817 1494 1255 529 8878 3095 587 365 7685 726 2508 478
is_linear=0
shrinkage=0.0161


Tree=155
num_leaves=31
num_cat=0
split_feature=58 295 513 552 236 266 510 489 150 24 52 505 283 353 179 422 125 265 442 41 557 400 564 250 593 60 577 90 29 85
split_gain=6597.98 4839.79 4801.86 6319.4 4250.6 4625.61 3581.83 5403.44 3109.19 3025.55 4676.75 2974.84 2900.63 3024.76 3473.47 3570.78 4459.97 5091.6 2888.23 2678.16 2614.27 2595.53 3133.38 2994.56 4967.81 2561.21 4256.44 2391.68 1982.19 1896.95
threshold=5.5000000000000009 16.500000000000004 221.50000000000003 221.94999694824222 29.500000000000004 24.500000000000004 272.50000000000006 224.50000000000003 8.0000000000000018 8.0000000000000018 20.000000000000004 145.50000000000003 3.5000000000000004 5.5000000000000009 5.5000000000000009 10.500000000000002 20.000000000000004 8.0000000000000018 8.0000000000000018 10.500000000000002 138.55000305175784 16.500000000000004 176.25000000000003 10.500000000000002 108.85000228881837 10.500000000000002 213.05000305175784 4.5000000000000009 20.000000000000004 16.500000000000004
decision_type=2 2 2 10 2 2 2 2 2 2 2 2 2 2 2 2 2 2 2 2 8 2 10 2 10 2 10 2 2 2
left_child=21 6 3 4 9 8 12 -8 -6 10 11 20 -2 14 29 27 17 19 -10 -17 28 22 -1 -23 -25 26 -15 -16 -3 -14
right_child=1 2 -4 -5 5 -7 7 -9 18 -11 -12 -13 13 25 15 16 -18 -19 -20 -21 -22 23 -24 24 -26 -27 -28 -29 -30 -31
leaf_value=-0.013641160049391239 -0.018793071489901551 -0.011041328092884292 -0.029883298708979499 0.12330825981689682 -0.02543159020012278 0.12492581491261456 0.10253897343799236 -0.015836019003614185 0.006424014254053533 -0.0035437821199880339 0.10105093446738667 -0.040755155172739276 0.0018376649065625916 -2.2319453961748439e-05 -0.024600134353552409 0.075802655209355682 -0.013937770419620396 0.1324429755379127 0.096767252878821597 -0.0052638995223435433 0.074212693672544988 -0.012250576428813997 -0.051851512086878299 -0.0055573650153247301 0.086329475827813501 -0.017961129405103856 0.083982569465293963 0.023729566113853715 0.055990775021341671 -0.05100099148927064
leaf_weight=5628 2079 357 428 169 166 190 214 187 161 1388 207 188 1013 2679 375 232 203 235 215 193 244 955 618 362 263 2304 166 906 168 213
leaf_count=5628 2079 357 428 169 166 190 214 187 161 1388 207 188 1013 2679 375 232 203 235 215 193 244 955 618 362 263 2304 166 906 168 213
internal_value=-0.000793221 0.00549972 0.0209573 0.0272659 0.0223162 0.056526 4.33462e-05 0.047278 0.0325048 0.0124945 0.0316393 0.0166009 -0.00174167 0.00241684 0.0142771 0.0266397 0.05196 0.0722642 0.0581456 0.0389335 0.0306536 -0.0127613 -0.0174256 0.00566235 0.033071 -0.00534106 0.00487092 0.00956315 0.0103641 -0.0073231
internal_weight=22706 14880 3881 3453 3284 732 10999 401 542 2552 1164 957 10598 8519 3370 2144 863 660 376 425 769 7826 6246 1580 625 5149 2845 1281 525 1226
internal_count=22706 14880 3881 3453 3284 732 10999 401 542 2552 1164 957 10598 8519 3370 2144 863 660 376 425 769 7826 6246 1580 625 5149 2845 1281 525 1226
is_linear=0
shrinkage=0.0161


Tree=156
num_leaves=31
num_cat=0
split_feature=117 163 11 569 162 362 571 498 153 225 345 114 426 25 584 593 502 551 416 345 89 181 301 156 560 502 183 56 496 52
split_gain=7371.02 4800.35 4630.06 4240.33 5713.13 4658.15 4234.27 11525.6 3369.16 3317.63 3003.79 3261.55 4871.42 4729.31 3142.84 2769.74 3675.91 4864.03 2463.1 2302.04 2248.11 2102.69 3767.19 2939.7 2473.52 2609.48 4955.03 2125.3 2071.63 1991.74
threshold=20.000000000000004 3.5000000000000004 52.000000000000007 251.25000000000003 10.500000000000002 87.000000000000014 209.25000000000003 250.50000000000003 2.5000000000000004 43.500000000000007 13.500000000000002 10.500000000000002 5.5000000000000009 5.5000000000000009 128.94999694824222 260.05000305175787 286.50000000000006 182.25000000000003 4.5000000000000009 73.500000000000014 5.5000000000000009 13.500000000000002 5.5000000000000009 35.500000000000007 204.25000000000003 170.50000000000003 8.0000000000000018 3.5000000000000004 67.500000000000014 35.500000000000007
decision_type=2 2 2 10 2 2 10 2 2 2 2 2 2 2 10 10 2 10 2 2 2 2 2 2 10 2 2 2 2 2
left_child=3 -2 6 5 -5 8 7 9 -1 10 11 12 28 -13 -15 16 18 -18 29 21 -14 22 27 24 25 -24 -27 -20 -3 -10
right_child=1 2 -4 4 -6 -7 -8 -9 15 -11 -12 13 20 14 -16 -17 17 -19 19 -21 -22 -23 23 -25 -26 26 -28 -29 -30 -31
leaf_value=-0.024000326802830901 -0.019073478156638721 0.019330534386353522 0.10733451212820549 -0.012570973927007506 0.11876357229536076 0.071616528610843944 -0.033057323679302184 0.15996817268009439 -0.016041547347634442 0.087675093012812816 -0.0091201950216830349 0.11573400550935097 -0.05945053350169708 0.0077360835816880609 0.084188338121116341 -0.070201857825598332 -0.011616408698742213 0.11245501821996655 -0.036028187706518652 0.057868558009176334 0.0030190963467385435 -0.012284579209751378 0.0096077804182217504 0.066023747568418237 -0.046944724417646633 0.12100027667728909 -0.0010892605146263195 -0.0022204281980231166 0.10072647057932836 0.027947651305074206
leaf_weight=2416 717 166 175 175 168 201 323 163 4564 181 830 215 214 498 194 160 163 164 577 178 492 2833 2837 277 178 163 182 2939 160 283
leaf_count=2416 717 166 175 175 168 201 323 163 4564 181 830 215 214 498 194 160 163 164 577 178 492 2833 2837 277 178 163 182 2939 160 283
internal_value=4.74565e-05 0.018959 0.0265173 -0.00438562 0.0516875 -0.00544865 0.0223943 0.0281555 -0.00631465 0.0208643 0.0164886 0.0274627 0.0078601 0.0497409 0.0292032 -0.00355609 -0.00285934 0.050537 -0.00402409 0.000477342 -0.0158831 -0.000543297 0.00410364 0.0155938 0.0114293 0.0147021 0.0565254 -0.00777521 0.0593517 -0.0134683
internal_weight=22786 4328 3611 18458 343 18115 3436 3113 17914 2950 2769 1939 1032 907 692 15498 15338 327 15011 10164 706 9986 7153 3637 3360 3182 345 3516 326 4847
internal_count=22786 4328 3611 18458 343 18115 3436 3113 17914 2950 2769 1939 1032 907 692 15498 15338 327 15011 10164 706 9986 7153 3637 3360 3182 345 3516 326 4847
is_linear=0
shrinkage=0.0161


Tree=157
num_leaves=31
num_cat=0
split_feature=355 432 502 52 418 356 6 112 291 52 22 558 166 45 125 597 531 169 32 538 537 596 61 35 537 503 209 181 451 525
split_gain=6222.68 3840.73 3755.52 7797.28 3473.98 3708.58 3923.12 4108.04 3371.43 3978.14 4380.71 3678.62 2939.36 2913.38 2992.77 4624.23 2765.9 2684.42 3279.78 2632.21 3803.89 3046.08 2369.56 5302.01 2358.09 3413.51 2238.9 3005.88 4130.66 2101.68
threshold=10.500000000000002 6.5000000000000009 224.50000000000003 4.5000000000000009 8.0000000000000018 24.500000000000004 20.000000000000004 6.5000000000000009 4.5000000000000009 3.5000000000000004 8.0000000000000018 244.44999694824222 52.000000000000007 20.000000000000004 8.0000000000000018 181.25000000000003 84.500000000000014 24.500000000000004 13.500000000000002 227.50000000000003 180.50000000000003 160.44999694824222 10.500000000000002 35.500000000000007 226.50000000000003 222.50000000000003 10.500000000000002 16.500000000000004 20.000000000000004 34.500000000000007
decision_type=2 2 2 2 2 2 2 2 2 2 2 10 2 2 2 10 2 2 2 2 2 10 2 2 2 2 2 2 2 2
left_child=2 19 4 -4 17 22 7 -7 16 10 -10 12 24 14 -5 -16 29 -1 -19 20 21 -2 23 -6 25 26 -11 28 -28 -3
right_child=1 8 3 13 5 6 -8 -9 9 11 -12 -13 -14 -15 15 -17 -18 18 -20 -21 -22 -23 -24 -25 -26 -27 27 -29 -30 -31
leaf_value=-0.019372814417416409 0.00051468432772731659 -0.0091366584539858495 0.11165876649659374 -0.019761077611573172 -0.0015039714778126445 0.12445121119291348 -0.027482100031362641 0.023855594721838572 0.023393617450867928 -0.00081144856115282482 0.13446996225932864 0.095728026451439324 0.08425098874834458 -0.054750040243103107 0.1068205753384119 -0.0096118411201701111 -0.033099771010794046 -0.0086199684957240837 0.064933565872955526 -0.047538289506558265 0.057333165309576412 -0.062799624409635643 -0.019307034494972161 0.083408672238801718 -0.025041696019946161 0.082477401968407651 0.028383893827342851 -0.0012222685464047245 0.11652508204699479 0.049003641615828999
leaf_weight=7211 2466 357 203 311 2898 172 173 273 193 1317 177 163 162 191 177 176 508 555 219 315 285 214 1761 204 357 203 583 507 181 293
leaf_count=7211 2466 357 203 311 2898 172 173 273 193 1317 177 163 162 191 177 176 508 555 219 315 285 214 1761 204 357 203 583 507 181 293
internal_value=-0.000890794 0.0102459 -0.0072421 0.0219587 -0.0095381 0.000327936 0.0374818 0.0627904 0.0191263 0.0263837 0.0765938 0.0210277 0.017342 0.000633913 0.0166006 0.0487026 -0.00493817 -0.0163132 0.0121613 -0.00328688 0.00140642 -0.00453223 -0.00438882 0.00407264 0.0138914 0.0188798 0.0138821 0.029126 0.0492963 0.017035
internal_weight=22805 8281 14524 1058 13466 5481 618 445 5001 3843 370 3473 3310 855 664 353 1158 7985 774 3280 2965 2680 4863 3102 3148 2791 2588 1271 764 650
internal_count=22805 8281 14524 1058 13466 5481 618 445 5001 3843 370 3473 3310 855 664 353 1158 7985 774 3280 2965 2680 4863 3102 3148 2791 2588 1271 764 650
is_linear=0
shrinkage=0.0161


Tree=158
num_leaves=31
num_cat=0
split_feature=210 357 166 542 565 575 578 29 558 475 525 182 433 532 496 460 161 282 434 40 563 397 369 336 540 369 81 50 173 455
split_gain=5924.8 4681.67 8034.28 5185.11 4736.42 5053.3 5822.26 6253.97 8732.51 3053.41 3024.48 3015.14 3066.8 3006.27 3748.61 6931.8 2892.27 2843.71 2831.69 2817.42 2738.25 2634.57 2420.64 3404.26 2108.9 2390.45 2153.27 2086.55 2141.87 4734.61
threshold=4.5000000000000009 10.500000000000002 52.000000000000007 244.44999694824222 120.95000076293947 85.549999237060561 108.14999771118165 8.0000000000000018 95.250000000000014 43.500000000000007 117.50000000000001 4.5000000000000009 8.0000000000000018 290.50000000000006 198.50000000000003 20.000000000000004 29.500000000000004 5.5000000000000009 16.500000000000004 29.500000000000004 177.15000152587893 20.000000000000004 35.500000000000007 10.500000000000002 191.15000152587893 10.500000000000002 3.5000000000000004 13.500000000000002 4.5000000000000009 10.500000000000002
decision_type=2 2 2 10 10 10 10 2 8 2 2 2 2 2 2 2 2 2 2 2 10 2 2 2 10 2 2 2 2 2
left_child=16 13 3 4 5 9 7 -7 -9 10 19 12 -6 14 20 17 27 -16 -18 21 22 -3 -2 -24 26 -26 -13 -1 29 -29
right_child=1 2 -4 -5 11 6 -8 8 -10 -11 -12 24 -14 -15 15 -17 18 -19 -20 -21 -22 -23 23 -25 25 -27 -28 28 -30 -31
leaf_value=-0.020552241358799506 -0.0038180913045490826 -0.007016100539108225 0.09877181817743412 0.084759724471867456 -0.016048445217951478 0.01182400689840182 0.0073650145913785126 0.04770597156736079 0.18405439351359579 0.064088574026312642 -0.048989393168464367 0.024855635243414925 0.069483813326041741 -0.056744192653990756 0.050055885876710345 0.10443354288245146 -0.0035907193643802023 -0.014662076671332369 0.076439712861252021 0.067568032142855922 -0.037843589557683674 0.047296322691288938 0.079726888579121233 -0.0044450333396942616 -0.020969882460442082 0.046633659519048666 -0.033838779731620229 -0.0073860614407636003 -0.011598839899791666 0.093558241359145783
leaf_weight=4673 6785 1435 291 246 200 263 577 271 222 219 274 185 237 250 258 240 314 553 180 187 573 276 223 281 289 255 1281 355 1264 182
leaf_count=4673 6785 1435 291 246 200 263 577 271 222 219 274 185 237 250 258 240 314 553 180 187 573 276 223 281 289 255 1281 355 1264 182
internal_value=0.000364352 0.00579881 0.016019 0.0122627 0.00936885 0.0208043 0.0459252 0.0753243 0.109152 0.0067893 0.00100105 -0.00802468 0.0302848 -0.0016806 -0.000133484 0.0284209 -0.0120103 0.00589735 0.0255225 0.00823019 -0.00395365 0.00173124 -0.00128628 0.032751 -0.0163654 0.010676 -0.0264159 -0.0148779 -0.000141802 0.0267821
internal_weight=22839 15871 6708 6417 6171 3724 1333 756 493 2391 2172 2447 437 9163 8913 1051 6968 811 494 1898 7862 1711 7289 504 2010 544 1466 6474 1801 537
internal_count=22839 15871 6708 6417 6171 3724 1333 756 493 2391 2172 2447 437 9163 8913 1051 6968 811 494 1898 7862 1711 7289 504 2010 544 1466 6474 1801 537
is_linear=0
shrinkage=0.0161


Tree=159
num_leaves=31
num_cat=0
split_feature=31 565 476 195 580 557 419 478 553 44 507 595 432 508 539 557 521 269 1 282 562 29 586 526 502 586 535 511 335 53
split_gain=6360.81 5892.24 4516.01 4229.89 4696.17 5695.76 6554.32 5462.44 5151.71 4294.69 3806.1 3759.81 5176.29 8243.29 9532.78 3744.24 3612.9 3153.57 3151.75 3443.35 3714.59 3266.21 2779.55 2544.57 2540.31 2778.07 3978.1 4122.26 4755.82 2482.15
threshold=5.5000000000000009 264.34999084472662 8.0000000000000018 13.500000000000002 88.549999237060561 224.44999694824222 6.5000000000000009 6.5000000000000009 170.05000305175784 20.000000000000004 205.50000000000003 192.55000305175784 13.500000000000002 123.50000000000001 204.50000000000003 207.44999694824222 50.500000000000007 5.5000000000000009 20.000000000000004 8.0000000000000018 68.450000762939467 20.000000000000004 205.94999694824222 40.500000000000007 283.50000000000006 201.75000000000003 150.50000000000003 108.50000000000001 20.000000000000004 5.5000000000000009
decision_type=2 10 2 2 10 8 2 2 10 2 2 8 2 2 2 10 2 2 2 2 10 2 8 2 2 10 2 2 2 2
left_child=11 2 24 10 16 6 7 -6 9 -8 15 -1 -13 -14 -15 17 23 -4 19 -19 -21 -22 -12 -5 25 26 -2 -28 29 -29
right_child=1 -3 3 4 5 -7 8 -9 -10 -11 22 12 13 14 -16 -17 -18 18 -20 20 21 -23 -24 -25 -26 -27 27 28 -30 -31
leaf_value=-0.018812238343412276 -0.0095166617680442576 0.088863082223280362 -0.014898258540281106 0.005254119435377143 0.026133885517371069 0.12032048793178947 0.0075317365908152698 0.14650009809855888 -0.048819548618016025 0.099984761887216639 0.0018720621836249699 -0.01090857392145669 -0.014293529630808507 0.1794355155560883 0.01168713122217523 0.073723883525936354 -0.043781186099243849 0.0081919977029728322 -0.0094953393190933058 0.10624727551760804 0.0070960867582828676 0.075420203341264799 -0.065426766662516136 0.079553380076294172 0.057812281462876459 -0.046665053319331976 0.097860598905488594 0.032969404342746846 0.076981264459868623 -0.030468880011741473
leaf_weight=5680 5223 219 1253 475 187 239 426 206 267 188 316 1471 337 179 173 228 300 1348 961 219 514 281 319 160 164 415 167 241 217 474
leaf_count=5680 5223 219 1253 475 187 239 426 206 267 188 316 1471 337 179 173 228 300 1348 961 219 514 281 319 160 164 415 167 241 217 474
internal_value=-0.000181523 0.00595757 0.00472821 0.0130514 0.0306281 0.0481587 0.0346028 0.0892865 0.0101826 0.0358782 0.00513614 -0.0119357 0.00613605 0.0425601 0.0970579 0.0100364 0.00223518 0.00685805 0.0150688 0.0250728 0.0474908 0.0312755 -0.0318993 0.0240123 -0.00478079 -0.00630799 -0.00365508 0.0241807 0.0109531 -0.00905327
internal_weight=22847 15007 14788 7887 2448 1513 1274 393 881 614 5439 7840 2160 689 352 4804 935 4576 3323 2362 1014 795 635 635 6901 6737 6322 1099 932 715
internal_count=22847 15007 14788 7887 2448 1513 1274 393 881 614 5439 7840 2160 689 352 4804 935 4576 3323 2362 1014 795 635 635 6901 6737 6322 1099 932 715
is_linear=0
shrinkage=0.0161


Tree=160
num_leaves=31
num_cat=0
split_feature=270 480 221 510 545 55 511 212 475 0 119 412 311 599 499 486 539 541 519 160 546 591 378 308 363 491 260 393 539 229
split_gain=6041.18 6351.98 7767.49 4675.78 4468.22 4056.45 3999.04 4087.11 5662.91 7491.38 3543.55 3437.45 7409.56 3502.87 4546.06 3797.94 7471.74 3448.29 2936.46 2788.9 3513.87 4653.94 2540.08 4830.98 2478.97 3321.4 2412.23 3087.39 2579.24 2227.06
threshold=8.0000000000000018 235.50000000000003 16.500000000000004 272.50000000000006 181.25000000000003 24.500000000000004 207.50000000000003 13.500000000000002 16.500000000000004 16.500000000000004 4.5000000000000009 35.500000000000007 13.500000000000002 117.14999771118165 52.500000000000007 159.50000000000003 122.50000000000001 120.04999923706056 280.50000000000006 35.500000000000007 213.05000305175784 215.15000152587893 6.5000000000000009 10.500000000000002 16.500000000000004 111.50000000000001 13.500000000000002 10.500000000000002 164.50000000000003 16.500000000000004
decision_type=2 2 2 2 10 2 2 2 2 2 2 2 2 10 2 2 2 10 2 2 10 10 2 2 2 2 2 2 2 2
left_child=1 3 4 18 -3 10 7 24 -9 -10 -2 13 -13 14 -12 16 17 22 29 20 26 -22 -16 -24 25 -7 -15 28 -28 -1
right_child=5 2 -4 -5 -6 6 -8 8 9 -11 11 12 -14 19 15 -17 -18 -19 -20 -21 21 -23 23 -25 -26 -27 27 -29 -30 -31
leaf_value=-0.015632509196566054 -0.016841128956030921 0.072005903346041275 0.13011614044761594 0.070490534049957851 -0.024863418527016661 0.010355555760519252 -0.022843330947092403 0.014048922731846575 0.19246430517385249 0.048826247143241824 0.00061859662420227809 0.0015647698377986002 0.13202269324614585 -0.026044097983393921 -0.012275771066104208 -0.020142592156511947 0.14264524051460425 0.095823481866561575 0.05614456795447699 -0.060659348548763516 0.082308105881297736 -0.026468714274945803 0.086739747301987552 -0.014822401062011945 -0.018181538188779843 0.089020682136179419 0.0029316149977959465 -0.023399726927964947 0.092855218229764544 0.0027136569074642223
leaf_weight=9809 1647 188 181 183 359 400 304 261 167 217 1947 298 182 1185 376 243 189 185 164 238 256 169 283 212 307 214 170 316 162 2076
leaf_count=9809 1647 188 181 183 359 400 304 261 167 217 1947 298 182 1185 376 243 189 185 164 238 256 169 283 212 307 214 170 316 162 2076
internal_value=-0.000270408 -0.00751095 0.0386843 -0.0102622 0.00838685 0.00917902 0.030544 0.0409228 0.0720166 0.111355 0.00421799 0.00963179 0.0510791 0.00627346 0.0168228 0.0380097 0.0493788 0.0326639 -0.0114907 -0.00823514 -0.00269905 0.0389979 0.0192219 0.0431949 0.0191215 0.0378114 -0.0123798 0.0125719 0.0468809 -0.0124259
internal_weight=22888 12960 728 12232 547 9928 1870 1566 645 384 8058 6411 480 5931 3435 1488 1245 1056 12049 2496 2258 425 871 495 921 614 1833 648 332 11885
internal_count=22888 12960 728 12232 547 9928 1870 1566 645 384 8058 6411 480 5931 3435 1488 1245 1056 12049 2496 2258 425 871 495 921 614 1833 648 332 11885
is_linear=0
shrinkage=0.0161


Tree=161
num_leaves=31
num_cat=0
split_feature=57 210 396 414 273 533 513 254 584 238 89 502 411 72 297 542 537 488 497 297 245 337 339 561 154 327 88 527 59 285
split_gain=5417.95 4180.7 3731.64 3515.07 5591.14 3796.57 6336.91 5495.53 5411.81 4057.88 4313.85 3683.22 3584.84 3345.58 3281.84 3271.1 6192.91 12214.8 6465.04 3178.66 2648.87 2420.66 2410.74 2361.59 3334.03 3175.51 3589.49 3257.99 2235.08 3324.85
threshold=10.500000000000002 6.5000000000000009 3.5000000000000004 43.500000000000007 10.500000000000002 90.500000000000014 91.500000000000014 43.500000000000007 142.34999847412112 6.5000000000000009 4.5000000000000009 293.50000000000006 3.5000000000000004 2.5000000000000004 35.500000000000007 244.44999694824222 108.50000000000001 104.50000000000001 201.50000000000003 29.500000000000004 20.000000000000004 4.5000000000000009 6.5000000000000009 169.15000152587893 3.5000000000000004 8.0000000000000018 10.500000000000002 160.50000000000003 20.000000000000004 13.500000000000002
decision_type=2 2 2 2 2 2 2 2 8 2 2 2 2 2 2 8 2 2 2 2 2 2 2 8 2 2 2 2 2 2
left_child=2 23 -1 5 -5 6 9 11 -8 -3 -11 13 -12 -7 20 -4 -17 -18 22 21 -14 -15 -19 -2 -25 27 -27 -26 -23 -30
right_child=1 3 15 4 -6 7 8 -9 -10 10 12 -13 14 19 -16 16 17 18 -20 -21 -22 28 -24 24 25 26 -28 -29 29 -31
leaf_value=-0.022460304715355522 -0.012905202689018687 -0.015753105602921234 -0.0062583199664868307 0.0053738538372055692 0.10758084602722984 0.056941968919567473 0.040717876364454217 0.089158825473038675 0.1577242835636711 -0.034656009380667478 0.099221181418548243 0.064086126835464538 0.031094618236672804 0.032115173098748007 0.095189220561410381 -0.0069055271767312007 0.17470541759080599 0.028002442638645809 0.083977059871380932 -0.05770536541797526 -0.037422648462269552 -0.030480484411372018 -0.04487512391230733 0.066074660467823051 0.0059876662038891157 0.085285150627602016 -0.0031598799035643002 -0.074918574503971241 0.060685716144887075 -0.036743234095858543
leaf_weight=2827 2415 695 8266 276 280 169 284 168 161 223 233 179 775 321 169 1288 162 201 268 409 180 933 283 256 326 191 314 213 200 166
leaf_count=2827 2415 695 8266 276 280 169 284 168 161 223 233 179 775 321 169 1288 162 201 268 409 180 933 283 256 326 191 314 213 200 166
internal_value=0.000595045 0.00985664 -0.00604618 0.0183735 0.0568873 0.0143019 0.0275265 0.000158656 0.0831034 0.0166451 0.0309111 -0.00612174 0.0417032 -0.01185 0.0297591 -0.00161111 0.0158232 0.047878 0.0205248 -0.0175914 0.0181557 -0.00744939 -0.0145612 -0.00348205 0.0140052 0.00121461 0.030245 -0.0259409 -0.0172444 0.0164323
internal_weight=22831 9536 13295 5821 556 5265 2720 2545 445 2275 1580 2377 1357 2198 1124 10468 2202 914 752 2029 955 1620 484 3715 1300 1044 505 539 1299 366
internal_count=22831 9536 13295 5821 556 5265 2720 2545 445 2275 1580 2377 1357 2198 1124 10468 2202 914 752 2029 955 1620 484 3715 1300 1044 505 539 1299 366
is_linear=0
shrinkage=0.0161


Tree=162
num_leaves=31
num_cat=0
split_feature=118 561 281 315 591 105 566 269 236 500 82 553 111 105 536 485 134 544 316 477 366 321 89 224 283 78 575 352 541 476
split_gain=5306.06 5847.26 8930.87 10602.5 5243.17 4279.58 5338.55 3805.38 4589.36 3049.05 2717.08 2974.4 3040.31 2981.81 2623.55 5265.73 4478.24 3269.29 3361.28 2728 2348.48 2321.42 2835.93 2318.94 3321.61 2401.23 4443.58 2299.61 2119.58 2227.06
threshold=4.5000000000000009 221.94999694824222 10.500000000000002 16.500000000000004 201.75000000000003 87.000000000000014 177.15000152587893 13.500000000000002 52.000000000000007 242.50000000000003 24.500000000000004 233.25000000000003 8.0000000000000018 16.500000000000004 105.50000000000001 93.500000000000014 16.500000000000004 155.05000305175784 8.0000000000000018 43.500000000000007 16.500000000000004 4.5000000000000009 29.500000000000004 16.500000000000004 24.500000000000004 24.500000000000004 126.54999923706056 8.0000000000000018 75.549999237060561 6.5000000000000009
decision_type=2 10 2 2 10 2 10 2 2 2 2 8 2 2 2 2 2 10 2 2 2 2 2 2 2 2 10 2 8 2
left_child=23 5 4 -4 -3 6 7 9 14 21 11 12 13 -8 15 19 27 -16 -19 20 28 -2 -23 25 -25 -1 -27 -17 -9 -30
right_child=1 2 3 -5 -6 -7 10 8 -10 -11 -12 -13 -14 -15 17 16 -18 18 -20 -21 -22 22 -24 24 -26 26 -28 -29 29 -31
leaf_value=-0.020876490468238567 -0.013921063761046539 0.058293596321157409 0.036371116762409415 0.1986902656383816 -0.053829878967878976 0.071950285672861089 -0.022950046669983928 -0.015018935491710203 0.089390242077424853 0.065286455658837325 -0.070571547321689937 0.04200698223258157 -0.048924357166089678 0.058799581478816962 -0.023018353835266413 0.079888168282162664 0.13883477569493152 0.088464697142314822 -0.0052510874834398175 0.069261865033413431 -0.025242340959771313 0.001098126819138496 0.058457717484811655 -0.0091331332144267904 0.054004925461746442 -0.016251437861362149 0.085870740291801681 0.00043361081237727473 -0.012303615379012032 0.041013095269763995
leaf_weight=4702 3036 186 291 163 258 225 371 422 217 176 291 194 665 168 882 176 160 164 250 191 485 6080 232 757 302 351 161 205 271 803
leaf_count=4702 3036 186 291 163 258 225 371 422 217 176 291 194 665 168 882 176 160 164 250 191 485 6080 232 757 302 351 161 205 271 803
internal_value=-0.000244409 0.00453085 0.0444861 0.0947005 -0.00680622 0.00223876 0.00122129 0.00454087 0.0172563 -0.00109875 -0.0257891 -0.0164506 -0.0258894 0.00248669 0.0133459 0.0223494 0.067301 -0.0054836 0.0318162 0.0111421 0.00552655 -0.00235114 0.00321013 -0.0128558 0.00885002 -0.017269 0.0158152 0.0371988 0.0155175 0.0275379
internal_weight=22835 16562 898 454 444 15664 15439 13750 4226 9524 1689 1398 1204 539 4009 2713 541 1296 414 2172 1981 9348 6312 6273 1059 5214 512 381 1496 1074
internal_count=22835 16562 898 454 444 15664 15439 13750 4226 9524 1689 1398 1204 539 4009 2713 541 1296 414 2172 1981 9348 6312 6273 1059 5214 512 381 1496 1074
is_linear=0
shrinkage=0.0161


Tree=163
num_leaves=31
num_cat=0
split_feature=221 542 448 298 273 133 294 489 508 116 51 586 91 293 52 484 6 470 57 311 484 362 62 208 380 512 418 457 556 2
split_gain=4868.01 5129.12 4131.2 3552.83 3553.77 5107.18 3453.39 3442.4 5978.31 5462.38 3294.42 3099.24 3065.74 2973.58 2947.59 6201.87 2530.15 2378.89 2344.49 2593.05 2335.6 2225.68 2447.62 3101.08 2940.18 4542.11 2410.07 2139.46 2104.36 2045.98
threshold=13.500000000000002 238.25000000000003 29.500000000000004 2.5000000000000004 52.000000000000007 8.0000000000000018 10.500000000000002 167.50000000000003 212.50000000000003 35.500000000000007 6.5000000000000009 201.75000000000003 2.5000000000000004 10.500000000000002 29.500000000000004 181.50000000000003 5.5000000000000009 43.500000000000007 8.0000000000000018 6.5000000000000009 70.500000000000014 2.5000000000000004 10.500000000000002 10.500000000000002 13.500000000000002 71.500000000000014 20.000000000000004 35.500000000000007 96.450000762939467 3.5000000000000004
decision_type=2 10 2 2 2 2 2 2 2 2 2 10 2 2 2 2 2 2 2 2 2 2 2 2 2 2 2 2 10 2
left_child=3 2 7 -1 11 -6 28 8 9 17 -9 12 -5 -8 21 18 -13 -2 -16 -20 -21 -14 23 27 26 -26 -25 29 -4 -23
right_child=1 -3 6 4 5 -7 13 10 -10 -11 -12 16 14 -15 15 -17 -18 -19 19 20 -22 22 -24 24 25 -27 -28 -29 -30 -31
leaf_value=-0.025490783935208677 -0.0027079661390447328 0.083037173712978904 -0.036080564836128377 -0.022906056563439879 -0.0093857081991743658 0.10418063899370654 0.12760716794795063 0.018360806139296158 0.101558308526492 0.072243376249723948 -0.040783062324313696 0.011661463437766808 -0.023910662142145978 0.038932649353483798 -0.018872849237620355 0.11123863192257076 -0.043911526206223121 0.053441026364490121 -0.0083948441778782957 0.019523481151685219 0.10400967313456297 -0.019667374171465909 -0.0084421329674757919 0.0012516099824947196 0.0082364584047274481 0.11492187037421459 0.062889920868015509 0.0512611018316661 0.043631719694078468 0.0058742251205758109
leaf_weight=1925 3275 252 160 1524 216 195 169 362 179 300 747 286 1025 236 431 184 818 208 255 181 161 1167 4048 819 197 219 206 207 185 2678
leaf_count=1925 3275 252 160 1524 216 195 169 362 179 300 747 286 1025 236 431 184 818 208 255 181 161 1167 4048 819 197 219 206 207 185 2678
internal_value=-0.0004329 0.0119139 0.0088308 -0.00491298 -0.00223796 0.0444389 0.0441016 0.0036096 0.0106317 0.00632307 -0.0214561 -0.00357127 -0.00141808 0.0759932 0.00136033 0.0251422 -0.0294936 0.000638417 0.00970903 0.030383 0.059365 -0.0013654 0.0010542 0.00805669 0.0283425 0.0644568 0.0136624 0.000836722 0.00659548 -0.00187181
internal_weight=22815 6073 5821 16742 14817 411 750 5071 3962 3783 1109 14406 13302 405 11778 1212 1104 3483 1028 597 342 10566 9541 5493 1441 416 1025 4052 345 3845
internal_count=22815 6073 5821 16742 14817 411 750 5071 3962 3783 1109 14406 13302 405 11778 1212 1104 3483 1028 597 342 10566 9541 5493 1441 416 1025 4052 345 3845
is_linear=0
shrinkage=0.0161


Tree=164
num_leaves=31
num_cat=0
split_feature=175 178 418 313 479 506 117 429 515 96 585 526 386 308 499 203 547 576 271 51 57 30 69 290 524 481 87 318 588 521
split_gain=6030.24 4121.17 4253.12 3845.28 3653.22 4181.33 3605.01 5441.24 5133.54 8783.36 4383.65 3648.29 3477.81 3429.26 3544.78 3430.15 3166.05 3147.66 3331.19 5125 3572.56 5283.13 2951.28 3655.84 2748.08 2741.57 2653.22 4849.12 2571.46 2971.35
threshold=3.5000000000000004 10.500000000000002 61.500000000000007 61.500000000000007 8.0000000000000018 275.50000000000006 29.500000000000004 13.500000000000002 188.50000000000003 6.5000000000000009 139.25000000000003 102.50000000000001 35.500000000000007 10.500000000000002 83.500000000000014 16.500000000000004 247.34999847412112 240.75000000000003 20.000000000000004 24.500000000000004 8.0000000000000018 13.500000000000002 29.500000000000004 6.5000000000000009 152.50000000000003 58.500000000000007 4.5000000000000009 8.0000000000000018 145.55000305175784 219.50000000000003
decision_type=2 2 2 2 2 2 2 2 2 2 8 2 2 2 2 2 10 10 2 2 2 2 2 2 2 2 2 2 10 2
left_child=22 3 4 16 12 6 8 11 13 -10 -9 -8 26 15 25 24 17 18 28 20 -20 -22 -1 -24 -6 -15 27 -3 -2 -30
right_child=1 2 -4 -5 5 -7 7 10 9 -11 -12 -13 -14 14 -16 -17 -18 -19 19 -21 21 -23 23 -25 -26 -27 -28 -29 29 -31
leaf_value=-0.019357392909642109 -0.0017556997610213619 -0.010808237448527243 -0.037234785334014912 0.061156097151179721 0.027160014961892645 -0.045560582015902601 0.067190290624363797 0.05333388852281843 -0.023360956488910994 0.12009257323356966 0.16789384269363752 -0.021218046592121492 0.061488596303913283 -0.0080793846108347042 -0.043310070464151321 0.077330730813401111 0.058609755871708136 -0.063372386080409335 -0.022408995349225382 0.086239199081882031 0.088499987731810156 -0.017686895804204156 0.076664308783446045 -0.02173841737276724 -0.041908456643993688 0.072662782286707875 -0.013766558123580663 0.090352460927371411 -0.034390947671643746 0.01518584868156291
leaf_weight=4407 7596 320 383 251 895 191 261 177 169 319 171 225 234 320 452 299 215 225 548 256 253 233 193 198 179 165 1660 199 1388 404
leaf_count=4407 7596 320 383 251 895 191 261 177 169 319 171 225 234 320 452 299 215 225 548 256 253 233 193 198 179 165 1660 199 1388 404
internal_value=0.000442589 0.00472117 0.0148211 -0.00115694 0.0180221 0.0278128 0.0316778 0.0610744 0.0229072 0.0703647 0.109694 0.0262121 0.00250054 0.0128713 -0.0108561 0.0290812 -0.00256584 -0.00377434 -0.00251632 0.0217388 0.00574685 0.037543 -0.0155932 0.0267736 0.0156267 0.0193411 -0.00382331 0.0279344 -0.00585171 -0.0232009
internal_weight=22786 17988 6619 11369 6236 3823 3632 834 2798 488 348 486 2413 2310 937 1373 11118 10903 10678 1290 1034 486 4798 391 1074 485 2179 519 9388 1792
internal_count=22786 17988 6619 11369 6236 3823 3632 834 2798 488 348 486 2413 2310 937 1373 11118 10903 10678 1290 1034 486 4798 391 1074 485 2179 519 9388 1792
is_linear=0
shrinkage=0.0161


Tree=165
num_leaves=31
num_cat=0
split_feature=551 174 248 118 416 532 357 389 555 502 593 135 298 70 529 61 550 62 33 497 574 392 595 386 565 539 589 110 506 244
split_gain=5278.86 4013.46 5099.92 4773.68 3542 5511.97 5036.02 3306.86 6437.96 3443.38 3236.09 5690.37 3707.01 3158.96 2919.11 2689.93 4148.31 8574.81 2994.27 3226.18 4133.43 6276.94 2801.63 2673.78 2630.87 6013.96 2600.08 2581.86 2528.33 2418.55
threshold=71.950000762939467 5.5000000000000009 87.000000000000014 73.500000000000014 29.500000000000004 101.50000000000001 24.500000000000004 35.500000000000007 157.84999847412112 283.50000000000006 224.44999694824222 16.500000000000004 10.500000000000002 10.500000000000002 253.50000000000003 10.500000000000002 186.44999694824222 5.5000000000000009 4.5000000000000009 177.50000000000003 131.75000000000003 6.5000000000000009 181.25000000000003 16.500000000000004 71.250000000000014 133.50000000000003 70.049999237060561 6.5000000000000009 99.500000000000014 10.500000000000002
decision_type=8 2 2 2 2 2 2 2 8 2 10 2 2 2 2 2 10 2 2 2 10 2 8 2 10 2 10 2 2 2
left_child=-1 7 3 4 10 6 13 9 -9 -2 14 12 -12 -6 15 16 18 -18 28 20 -20 -22 -21 27 25 26 -17 -7 -3 -23
right_child=1 2 -4 -5 5 23 -8 8 -10 -11 11 -13 -14 -15 -16 24 17 -19 19 22 21 29 -24 -25 -26 -27 -28 -29 -30 -31
leaf_value=-0.023100095543286795 -0.011930066527481258 0.0013247047039086264 0.097741071519113376 -0.059223933873335029 0.069520666324425343 0.02762737793949898 0.11815485236198069 0.081118586187748948 -0.031002935535795282 0.063126982258544018 -0.04206954925699017 0.11763036213532058 0.055607254911136099 -0.023019165501871868 -0.042930747658230885 -0.016848966017396362 0.14595103790875094 0.0066729347679211513 0.011178720982432529 0.013325259782914779 0.13739201857712438 0.056970158387800535 -0.076049829097890598 0.043550902774725037 -0.012466772080002277 0.094622882899688149 0.055191997250148013 -0.047671081683223447 -0.047410979069110175 -0.022207632963512563
leaf_weight=2489 7029 877 160 282 213 188 276 298 239 162 196 177 207 173 355 654 177 326 2586 184 181 236 179 266 3266 207 162 316 402 173
leaf_count=2489 7029 877 160 282 213 188 276 298 239 162 196 177 207 173 355 654 177 326 2586 184 181 236 179 266 3266 207 162 316 402 173
internal_value=-0.000979239 0.00175245 0.00742192 0.00624118 0.00778453 0.0315463 0.0656138 -0.00735542 0.0311734 -0.0102359 0.00455548 0.041527 0.00804351 0.0279846 0.00240124 0.00407828 0.0117271 0.0557301 0.00712831 0.0147617 0.0199631 0.0584254 -0.0306819 0.00222653 -0.00540548 0.0171152 -0.00251787 -0.0195369 -0.0139749 0.0234218
internal_weight=22636 20147 12419 12259 11977 1432 662 7728 537 7191 10545 580 403 386 9965 9610 5321 503 4818 3539 3176 590 363 770 4289 1023 816 504 1279 409
internal_count=22636 20147 12419 12259 11977 1432 662 7728 537 7191 10545 580 403 386 9965 9610 5321 503 4818 3539 3176 590 363 770 4289 1023 816 504 1279 409
is_linear=0
shrinkage=0.0161


Tree=166
num_leaves=31
num_cat=0
split_feature=115 527 558 222 231 546 457 492 153 574 467 90 504 55 358 362 237 401 519 54 222 53 81 72 564 177 349 2 574 568
split_gain=7168.89 4044.33 4937.07 4199.07 3590.62 3547.38 5563.77 2952.14 2930.23 2862.64 3215.46 3087.76 2970.41 2605.09 3486.66 5317.21 2378.61 3724.82 7056.22 3213.46 4373.42 2945.56 2820.56 3321.41 2793.96 2728.34 2408.6 2331.33 3573.74 3278.91
threshold=16.500000000000004 265.50000000000006 238.25000000000003 3.5000000000000004 43.500000000000007 244.44999694824222 10.500000000000002 296.50000000000006 2.5000000000000004 224.44999694824222 16.500000000000004 20.000000000000004 214.50000000000003 29.500000000000004 13.500000000000002 10.500000000000002 10.500000000000002 35.500000000000007 113.50000000000001 4.5000000000000009 8.0000000000000018 4.5000000000000009 16.500000000000004 24.500000000000004 235.84999847412112 52.000000000000007 2.5000000000000004 8.0000000000000018 94.250000000000014 95.250000000000014
decision_type=2 2 10 2 2 10 2 2 2 10 2 2 2 2 2 2 2 2 2 2 2 2 2 2 10 2 2 2 10 10
left_child=5 2 3 -2 9 7 -7 8 -1 10 12 27 13 -5 -15 -16 24 19 -19 20 -18 -22 23 25 -10 26 -21 28 -12 -29
right_child=1 -3 -4 4 -6 6 -8 -9 16 -11 11 -13 -14 14 15 -17 17 18 -20 22 21 -23 -24 -25 -26 -27 -28 29 -30 -31
leaf_value=-0.022327926978000255 -0.016218623486280604 -0.039001374441763097 0.10293431550530317 -0.0035019282958654533 0.078580520681641924 0.09959087093535926 -0.022123881159720023 -0.061934448679109182 -0.0079846889500245974 -0.042361492889684896 0.007209984956650645 0.087020197936241606 0.073145485960558199 0.0045054291215518346 0.13815733641369884 0.01591947230229256 0.0008421702772191548 0.13354053947390959 -0.012854846329457477 0.060178343016588386 0.11953779753503829 0.032965899220953741 -0.03193886139199939 0.054550018361652262 0.04889999877833684 -0.067019073070404375 -0.0046998856106465429 0.049261676497854859 0.11448816481182569 -0.03503877338457119
leaf_weight=2201 854 327 177 1714 280 210 181 240 9691 188 160 323 197 569 160 219 673 167 174 166 167 264 779 290 229 163 1391 230 163 249
leaf_count=2201 854 327 177 1714 280 210 181 240 9691 188 160 323 197 569 160 219 673 167 174 166 167 264 779 290 229 163 1391 230 163 249
internal_value=0.000540576 0.0159791 0.0192624 0.0164668 0.0227419 -0.00473874 0.043187 -0.00586935 -0.00504519 0.0189887 0.0218897 0.0449558 0.012805 0.00833071 0.0297492 0.0675859 -0.00235599 0.00774392 0.0587712 0.00326823 0.0265214 0.0665646 -0.0059279 0.00414126 -0.00666915 -0.00434421 0.00220201 0.0279853 0.0614201 0.00539039
internal_weight=22796 5810 5483 5306 4452 16986 391 16595 16355 4172 3984 1125 2859 2662 948 379 14154 4234 341 3893 1104 431 2789 2010 9920 1720 1557 802 323 479
internal_count=22796 5810 5483 5306 4452 16986 391 16595 16355 4172 3984 1125 2859 2662 948 379 14154 4234 341 3893 1104 431 2789 2010 9920 1720 1557 802 323 479
is_linear=0
shrinkage=0.0161


Tree=167
num_leaves=31
num_cat=0
split_feature=477 414 166 268 361 541 515 152 8 501 372 31 152 506 567 30 537 69 305 317 57 536 20 297 501 221 100 175 353 433
split_gain=5200.46 4154.17 6529.98 4975.55 4854.38 6246.4 3220.08 3537.58 3153.28 3085.89 2782.86 2714.51 2831.61 3889.71 4906.86 2831.7 4598.32 2770.06 2799.93 2761.23 4801.6 2553.88 2667.53 2372.09 2386.45 2371.12 4696.71 2306.14 2666.01 3645.17
threshold=5.5000000000000009 24.500000000000004 43.500000000000007 5.5000000000000009 13.500000000000002 178.05000305175784 127.50000000000001 10.500000000000002 87.000000000000014 286.50000000000006 5.5000000000000009 61.500000000000007 5.5000000000000009 234.50000000000003 210.94999694824222 10.500000000000002 173.50000000000003 52.000000000000007 20.000000000000004 16.500000000000004 24.500000000000004 251.50000000000003 8.0000000000000018 16.500000000000004 104.50000000000001 6.5000000000000009 6.5000000000000009 2.5000000000000004 5.5000000000000009 5.5000000000000009
decision_type=2 2 2 2 2 10 2 2 2 2 2 2 2 2 10 2 2 2 2 2 2 2 2 2 2 2 2 2 2 2
left_child=9 8 3 -3 5 6 7 -5 11 -1 -6 12 15 14 17 -2 -17 18 19 27 25 22 -15 24 -12 -21 -27 -14 29 -29
right_child=1 2 -4 4 10 -7 -8 -9 -10 -11 23 -13 13 21 -16 16 -18 -19 -20 20 -22 -23 -24 -25 -26 26 -28 28 -30 -31
leaf_value=-0.01211966479230548 -0.01781338207237293 -0.030877416697473434 0.12101039469588033 0.028375914723361678 0.048137068101945221 0.146770509806042 -0.016548900848266788 0.11717321324898124 0.072572182085504228 0.053033465157864286 -0.0039487354810323217 -0.043142685345938805 -0.025973029162378501 0.042358072922945765 0.092584089716773524 -0.0028274299472457009 0.073219105774837548 0.061105148827551276 -0.013158617668742288 -0.01037555349221453 0.099376900071086655 -0.077313856069141068 -0.041008038132764886 0.019943614855291048 -0.085525617593425765 0.11021114992412896 0.007231739898457581 -0.0076258837751086109 -0.00026666786210127947 0.049253784930584084
leaf_weight=7763 2798 443 170 358 262 161 214 173 161 193 208 353 501 166 189 1268 246 258 1365 419 236 203 248 302 169 171 351 449 2061 832
leaf_count=7763 2798 443 170 358 262 161 214 173 161 193 208 353 501 166 189 1268 246 258 1365 419 236 203 248 302 169 171 351 449 2061 832
internal_value=-4.58358e-05 0.00561672 0.0247132 0.0175542 0.0291832 0.0557855 0.0360914 0.0573504 0.00178773 -0.0105362 0.00354536 0.000845032 0.0021673 0.00817939 0.0116781 -0.00821315 0.00951333 0.00937275 0.0072787 0.0128405 0.034421 -0.0305239 -0.0075242 -0.0136262 -0.0405801 0.0181053 0.0410115 0.00622494 0.0110588 0.0292987
internal_weight=22691 14735 2460 2290 1847 906 745 531 12275 7956 941 12114 11761 7449 6832 4312 1514 6643 6385 5020 1177 617 414 679 377 941 522 3843 3342 1281
internal_count=22691 14735 2460 2290 1847 906 745 531 12275 7956 941 12114 11761 7449 6832 4312 1514 6643 6385 5020 1177 617 414 679 377 941 522 3843 3342 1281
is_linear=0
shrinkage=0.0161


Tree=168
num_leaves=31
num_cat=0
split_feature=542 510 234 231 380 448 221 435 301 186 212 489 480 481 356 327 155 551 551 295 347 380 525 507 501 115 296 149 511 502
split_gain=5928.06 8678.06 5330.1 4555.97 4058.2 3955.31 4923.61 3259.04 3136.24 3147.19 3879.2 3820.64 3898.68 3114.66 2774.51 5684.51 2742.3 3232.6 4730.91 3220.62 3367.93 2765.82 2604.77 2553.4 6042.27 8587.13 3003 2599.5 2825.49 2423.09
threshold=240.75000000000003 205.50000000000003 16.500000000000004 43.500000000000007 8.0000000000000018 35.500000000000007 13.500000000000002 8.0000000000000018 4.5000000000000009 20.000000000000004 5.5000000000000009 234.50000000000003 235.50000000000003 235.50000000000003 29.500000000000004 16.500000000000004 16.500000000000004 144.84999847412112 161.34999847412112 6.5000000000000009 6.5000000000000009 6.5000000000000009 193.50000000000003 105.50000000000001 63.500000000000007 16.500000000000004 4.5000000000000009 3.5000000000000004 224.50000000000003 83.500000000000014
decision_type=10 2 2 2 2 2 2 2 2 2 2 2 2 2 2 2 2 8 8 2 2 2 2 2 2 2 2 2 2 2
left_child=2 -2 8 5 -3 16 -7 -5 -1 10 13 12 14 -10 23 -16 17 -4 -19 -20 21 -21 -18 24 -12 26 -26 -25 -29 -28
right_child=1 4 3 7 -6 6 -8 -9 9 -11 11 -13 -14 -15 15 -17 22 18 19 20 -22 -23 -24 27 25 -27 29 28 -30 -31
leaf_value=-0.014572102110777032 0.13071901327572533 -0.051061582471980241 -0.0037192165041723931 0.019097291184169651 0.049398690680214546 0.014178883471782349 0.12207049701891379 0.11953136437741055 -0.011155266831367545 -0.019562852585479393 0.0024852648436078512 -0.034606202100094477 0.077334271971281746 0.061268935391799659 0.011771298283429562 0.12780646958128103 -0.0056996645084389456 0.10779211964810195 0.067919707744712884 -0.00052215951695230389 -0.023768593392824642 0.087961689526275436 -0.072203461650177936 0.039089283817274091 -0.016678937743148017 0.15518534743153353 0.099936417125560784 -0.026684505878697556 0.040849344785528721 0.023839661367219194
leaf_weight=5821 220 183 1462 161 242 298 174 176 3999 1821 2090 421 254 160 348 160 782 180 265 196 493 171 190 255 251 171 174 1128 187 291
leaf_count=5821 220 183 1462 161 242 298 174 176 3999 1821 2090 421 254 160 348 160 782 180 265 196 493 171 190 255 251 171 174 1128 187 291
internal_value=0.000520943 0.0486332 -0.000883507 0.0146461 0.0060863 0.010081 0.0540024 0.0716193 -0.00491364 -0.000110439 0.00346923 0.0120618 0.015767 -0.00836339 0.0126687 0.0483641 0.00453025 0.0127074 0.0311283 0.0188412 0.00369083 0.0406419 -0.0187236 0.00867558 0.0174396 0.0526495 0.0281283 -0.00792768 -0.0170629 0.0523652
internal_weight=22724 645 22079 4548 425 4211 472 337 17531 11710 9889 5730 5309 4159 5055 508 3739 2767 1305 1125 860 367 972 4547 2977 887 716 1570 1315 465
internal_count=22724 645 22079 4548 425 4211 472 337 17531 11710 9889 5730 5309 4159 5055 508 3739 2767 1305 1125 860 367 972 4547 2977 887 716 1570 1315 465
is_linear=0
shrinkage=0.0161


Tree=169
num_leaves=31
num_cat=0
split_feature=118 29 234 342 561 412 505 128 60 582 116 532 125 307 302 443 380 448 283 455 130 27 522 535 537 246 260 569 250 568
split_gain=5952.93 4500.87 4552.15 4212.58 3580.44 3774.45 3577.58 3469.05 3143.47 3674.03 4591.59 5167.61 6212.13 4643.37 7279.25 3485.04 2820.34 2790.18 2915.08 2547.93 2371.93 2909.73 2295.7 2243.03 4832.42 3951.93 2121.1 3160.51 2115 2081.2
threshold=4.5000000000000009 6.5000000000000009 16.500000000000004 61.500000000000007 221.94999694824222 52.000000000000007 201.50000000000003 52.000000000000007 10.500000000000002 135.15000152587893 4.5000000000000009 33.500000000000007 8.0000000000000018 13.500000000000002 8.0000000000000018 20.000000000000004 35.500000000000007 35.500000000000007 10.500000000000002 8.0000000000000018 29.500000000000004 43.500000000000007 246.50000000000003 219.50000000000003 183.50000000000003 10.500000000000002 8.0000000000000018 160.44999694824222 29.500000000000004 193.75000000000003
decision_type=2 2 2 2 10 2 2 2 2 10 2 2 2 2 2 2 2 2 2 2 2 2 2 2 2 2 2 10 2 8
left_child=-1 7 3 8 5 6 17 23 9 10 -3 -12 19 14 -14 26 20 28 -19 -13 21 22 -10 24 -2 -26 -11 -28 -4 -25
right_child=1 2 4 -5 -6 -7 -8 -9 16 15 11 12 13 -15 -16 -17 -18 18 -20 -21 -22 -23 -24 29 25 -27 27 -29 -30 -31
leaf_value=-0.013308760185797784 -0.0087618672004163584 -0.007861616479166578 0.022232124898438177 -0.070352459450543248 0.09628201305219182 0.083897559371578875 -0.039993139667885397 0.061145521170899976 -0.015615611495413 -0.046347791659003462 0.010600514222952634 -0.0067711547379865639 0.059803791873874752 0.03591835234252802 0.2026954860403043 0.047492840014290459 0.043578651739123793 0.025332489439517169 0.11673498854674783 0.059486746702453103 0.03293585372799427 0.048113800467477215 -0.077472072113958693 0.0012572521464970421 0.002651674905315191 0.10297550647615267 0.053577008232891736 -0.03088541829029464 -0.03566554033993518 -0.061860888346292608
leaf_weight=6261 5152 763 1591 187 192 249 247 196 2140 459 970 315 182 198 189 237 278 210 160 287 295 174 168 217 223 188 188 295 182 357
leaf_count=6261 5152 763 1591 187 192 249 247 196 2140 459 970 315 182 198 189 237 278 210 160 287 295 174 168 217 223 188 188 295 182 357
internal_value=5.54109e-05 0.00513132 0.0117744 0.0050695 0.0291145 0.0242188 0.0179913 -0.00551821 0.00704869 0.0162919 0.026025 0.0381123 0.0608817 0.099038 0.132661 -0.00766159 -0.00529719 0.0246856 0.0649215 0.0247778 -0.0101985 -0.0153348 -0.0201284 -0.00765111 -0.00451975 0.0485992 -0.021563 0.0019415 0.0162756 -0.0379581
internal_weight=22750 16489 10156 7325 2831 2639 2390 6333 7138 4083 2904 2141 1171 569 371 1179 3055 2143 370 602 2777 2482 2308 6137 5563 411 942 483 1773 574
internal_count=22750 16489 10156 7325 2831 2639 2390 6333 7138 4083 2904 2141 1171 569 371 1179 3055 2143 370 602 2777 2482 2308 6137 5563 411 942 483 1773 574
is_linear=0
shrinkage=0.0161


Tree=170
num_leaves=31
num_cat=0
split_feature=270 170 339 452 53 374 59 504 526 389 508 544 452 210 377 194 266 431 173 520 569 30 508 116 589 541 184 455 54 204
split_gain=6061.78 4374.52 4053.27 3951.45 3876.83 4359.1 4187.78 3653.34 6819.38 3048.38 4782.02 3891.99 4645.32 4890.84 2650.45 3666.23 3783.2 2612.05 3975.6 2559.97 4628.21 3646.51 2477.5 2355.97 4411.57 2759.18 3256.95 2806.99 3526.95 3248.51
threshold=5.5000000000000009 5.5000000000000009 24.500000000000004 29.500000000000004 52.000000000000007 73.500000000000014 13.500000000000002 244.50000000000003 210.50000000000003 24.500000000000004 200.50000000000003 166.15000152587893 10.500000000000002 29.500000000000004 16.500000000000004 13.500000000000002 10.500000000000002 24.500000000000004 13.500000000000002 58.500000000000007 86.350002288818374 10.500000000000002 62.500000000000007 43.500000000000007 110.95000076293947 233.25000000000003 13.500000000000002 6.5000000000000009 29.500000000000004 4.5000000000000009
decision_type=2 2 2 2 2 2 2 2 2 2 2 10 2 2 2 2 2 2 2 2 10 2 2 2 10 10 2 2 2 2
left_child=7 3 4 17 5 9 -6 -1 -9 23 11 12 -11 -14 15 -4 -17 19 22 20 -2 -22 -19 25 -25 26 27 -3 29 -29
right_child=1 2 14 -5 6 -7 -8 8 -10 10 -12 -13 13 -15 -16 16 -18 18 -20 -21 21 -23 -24 24 -26 -27 -28 28 -30 -31
leaf_value=-0.011927028669646331 -0.0047131295614551922 -0.0050882308006037534 -0.023039399924149273 -0.046951812206603508 0.015357484202661744 0.098889977183603775 0.12788068828344659 0.11409581553190652 -0.026325878540493172 -0.00061964500271886327 -0.026330372735513686 0.11895877914615113 0.033952713317246301 0.13501777188609423 -0.041997272243649589 -0.0093026572130284636 0.088694753873693966 0.04744483426138963 0.093753008892485654 -0.016998921118816613 0.0051098753379291628 0.097909165275972973 -0.030916028424758803 0.10762232589087098 -0.010041422834653988 0.060973078418852363 -0.0168592521330772 0.057085503874818963 0.086327726678317007 0.0052151882024965126
leaf_weight=8490 1512 1441 533 513 172 162 172 171 188 468 269 175 368 188 472 198 210 189 184 2077 207 235 234 170 160 227 1432 405 213 1383
leaf_count=8490 1512 1441 533 513 172 162 172 171 188 468 269 175 368 188 472 198 210 189 184 2077 207 235 234 170 160 227 1432 405 213 1383
internal_value=0.00062735 0.007233 0.0141197 -0.00455175 0.018889 0.0163134 0.0716875 -0.00979764 0.0404947 0.014371 0.0349611 0.0487317 0.036707 0.0681681 -0.0108579 0.00473634 0.0410795 0.000132959 0.0312739 -0.0045505 0.00866947 0.0545021 0.00404063 0.00880115 0.0505019 0.00609878 0.00353825 0.0120312 0.0243714 0.0169775
internal_weight=22818 13969 8818 5151 7405 7061 344 8849 359 6899 1468 1199 1024 556 1413 941 408 4638 607 4031 1954 442 423 5431 330 5101 4874 3442 2001 1788
internal_count=22818 13969 8818 5151 7405 7061 344 8849 359 6899 1468 1199 1024 556 1413 941 408 4638 607 4031 1954 442 423 5431 330 5101 4874 3442 2001 1788
is_linear=0
shrinkage=0.0161


Tree=171
num_leaves=31
num_cat=0
split_feature=221 296 296 175 262 12 59 503 346 479 126 43 57 272 89 344 69 165 597 550 489 598 353 547 129 557 177 192 178 520
split_gain=5138.43 4834.21 5113.45 4387.66 3949.07 3479 3297.59 6984.07 3713.65 4531.45 4487.38 2764.97 2663.92 2625.14 2596.2 3082.42 2593.95 2563.97 2560.23 6701.03 3017.55 3152.47 3273.23 3544.25 3004.77 2847.4 2437.85 2405.33 2272.31 2251.03
threshold=13.500000000000002 35.500000000000007 52.000000000000007 8.0000000000000018 2.5000000000000004 52.000000000000007 10.500000000000002 224.50000000000003 8.0000000000000018 16.500000000000004 3.5000000000000004 16.500000000000004 6.5000000000000009 43.500000000000007 13.500000000000002 6.5000000000000009 10.500000000000002 29.500000000000004 186.44999694824222 196.25000000000003 195.50000000000003 161.34999847412112 3.5000000000000004 92.149997711181655 16.500000000000004 106.25000000000001 61.500000000000007 8.0000000000000018 2.5000000000000004 82.500000000000014
decision_type=2 2 2 2 2 2 2 2 2 2 2 2 2 2 2 2 2 2 10 10 2 10 2 10 2 10 2 2 2 2
left_child=3 4 -3 13 -2 12 7 8 -6 10 -10 14 17 26 -8 -16 -15 -5 19 20 21 22 23 -14 27 29 28 -20 -1 -24
right_child=1 2 -4 5 6 -7 11 -9 9 -11 -12 -13 18 16 15 -17 -18 -19 24 -21 -22 -23 25 -25 -26 -27 -28 -29 -30 -31
leaf_value=-0.028737641776086838 -0.036273994624847254 0.11340744018589259 0.0077788255057605095 -0.016114055422189161 -0.002280800534261065 0.06766558346117979 -0.0043269105138970393 0.098075865811566201 0.09803056761159544 0.10091944139166358 0.0049607130999668641 -0.021361371395922767 0.017513361515614851 0.076835654286741356 0.087348422757064045 0.010080988188142499 -0.012727223679376244 0.049437777294188939 -0.0045623424199180591 0.10511737196719129 -0.050668772872259939 0.07565677651267344 0.0055679624894509807 0.10683172180470453 0.038615786681091745 -0.022213627686562855 -0.07292604109865447 -0.080934822380234625 -0.0075007355616570938 0.050216545598160175
leaf_weight=1567 452 248 229 1930 1311 231 811 304 163 232 766 978 343 174 222 339 161 168 217 207 195 205 1538 174 164 794 168 212 7882 362
leaf_count=1567 452 248 229 1930 1311 231 811 304 163 232 766 978 343 174 222 339 161 168 217 207 195 205 1538 174 164 794 168 212 7882 362
internal_value=0.000837725 0.0135436 0.0627462 -0.00376991 0.00933185 0.00625819 0.0133579 0.0252393 0.0162725 0.0372431 0.0213159 -0.000667321 0.00407526 -0.0105638 0.0140668 0.0406994 0.0337217 -0.0108537 0.0111812 0.0160187 0.0109046 0.0144263 0.0105099 0.0476196 -0.0199245 0.00337947 -0.0121089 -0.0423584 -0.0110251 0.0140871
internal_weight=22747 6055 477 16692 5578 6740 5126 2776 2472 1161 929 2350 6509 9952 1372 561 335 2098 4411 3818 3611 3416 3211 517 593 2694 9617 429 9449 1900
internal_count=22747 6055 477 16692 5578 6740 5126 2776 2472 1161 929 2350 6509 9952 1372 561 335 2098 4411 3818 3611 3416 3211 517 593 2694 9617 429 9449 1900
is_linear=0
shrinkage=0.0161


Tree=172
num_leaves=31
num_cat=0
split_feature=529 176 432 540 523 135 239 466 504 551 504 239 282 592 273 9 27 229 497 449 594 529 328 125 55 560 538 60 464 26
split_gain=4335.12 4778.67 4186.88 6624.56 11071.1 7714.17 12073.4 4228.21 3195.7 2706.56 3092.42 4311.47 3671.43 5341.56 8146.18 3631.73 3668.67 4138.58 3539.25 2737.95 2653.67 3479.34 3322.82 2358.92 2296.41 2916.13 2240.68 2170.77 2120.76 2496.53
threshold=324.50000000000006 4.5000000000000009 5.5000000000000009 188.65000152587893 118.50000000000001 8.0000000000000018 6.5000000000000009 8.0000000000000018 232.50000000000003 72.149997711181655 138.50000000000003 6.5000000000000009 8.0000000000000018 69.450000762939467 10.500000000000002 8.0000000000000018 5.5000000000000009 6.5000000000000009 145.50000000000003 8.0000000000000018 144.05000305175784 115.50000000000001 29.500000000000004 24.500000000000004 16.500000000000004 133.65000152587893 234.50000000000003 13.500000000000002 16.500000000000004 13.500000000000002
decision_type=2 2 2 10 2 2 2 2 2 8 2 2 2 10 2 2 2 2 2 2 10 2 2 2 2 8 2 2 2 2
left_child=1 -1 8 9 -5 26 -7 -8 27 -4 11 28 23 14 -14 16 -12 -18 -17 -20 21 22 -15 24 -13 -26 -6 -3 29 -11
right_child=-2 2 3 4 5 6 7 -9 -10 10 15 12 13 20 -16 18 17 -19 19 -21 -22 -23 -24 -25 25 -27 -28 -29 -30 -31
leaf_value=-0.010645015818694628 -0.062841351743512922 0.0039580269225035309 -0.021881445984631081 0.16769439123629878 -0.04270077531772231 0.15209391938757594 0.07388463092691723 -0.024527244824942555 -0.055587197929969724 -0.0043305938916835549 0.075064250344432662 0.0028900530662029169 0.030579215556475636 0.011707545022818372 0.18249145051715362 -0.062660269012550493 0.043568600358619439 -0.038856219940596431 0.031253660702976326 -0.03105804347806243 -0.025917076911436212 0.10523918097730102 0.088141933459732577 -0.035949621333071675 0.079051629101791074 -0.0040294618872697271 0.029164395956971408 -0.019567912740232556 -0.024562117672699436 0.032389508238651839
leaf_weight=6943 284 3345 809 165 356 249 185 291 322 1429 213 889 208 782 164 439 285 354 313 439 197 170 182 248 285 177 164 1460 684 722
leaf_count=6943 284 3345 809 165 356 249 185 291 322 1429 213 889 208 782 164 439 285 354 313 439 197 170 182 248 285 177 164 1460 684 722
internal_value=-0.000332123 0.000456923 0.00542306 0.0112944 0.0437427 0.0272965 0.061245 0.0136716 -0.00648111 0.00620201 0.00898234 0.0146953 0.0271993 0.0436534 0.0976145 -0.00816729 0.0171956 -0.00205714 -0.0263308 -0.00509116 0.0285542 0.0380378 0.0261625 0.00966023 0.0180502 0.0471709 -0.0199903 -0.00318544 0.00012319 0.00798385
internal_weight=22753 22469 15526 10399 1410 1245 725 476 5127 8989 8180 6137 3302 1703 372 2043 852 639 1191 752 1331 1134 964 1599 1351 462 520 4805 2835 2151
internal_count=22753 22469 15526 10399 1410 1245 725 476 5127 8989 8180 6137 3302 1703 372 2043 852 639 1191 752 1331 1134 964 1599 1351 462 520 4805 2835 2151
is_linear=0
shrinkage=0.0161


Tree=173
num_leaves=31
num_cat=0
split_feature=495 542 503 449 234 361 141 504 364 300 539 515 238 540 403 591 186 396 567 508 529 451 562 539 254 589 11 186 568 197
split_gain=6311.16 5840.55 7589.25 4204.75 3997.71 4795.29 4916.75 3896.22 3415.91 3358.56 5781.24 2936.22 2897.61 2696.9 6649.08 3485.58 3232.61 2574.54 3001.11 4867.16 6836.95 2422.06 2338.93 3041.97 2175.35 2115.69 2115.14 2045.04 2017.63 1787.77
threshold=341.50000000000006 240.75000000000003 217.50000000000003 5.5000000000000009 16.500000000000004 13.500000000000002 29.500000000000004 111.50000000000001 24.500000000000004 13.500000000000002 148.50000000000003 272.50000000000006 8.0000000000000018 187.55000305175784 20.000000000000004 187.55000305175784 8.0000000000000018 5.5000000000000009 231.15000152587893 122.50000000000001 169.50000000000003 3.5000000000000004 183.15000152587893 172.50000000000003 6.5000000000000009 168.05000305175784 52.000000000000007 16.500000000000004 166.15000152587893 16.500000000000004
decision_type=2 10 2 2 2 2 2 2 2 2 2 2 2 10 2 10 2 2 8 2 2 2 10 2 2 10 2 2 8 2
left_child=1 3 -3 17 11 6 9 8 -7 21 12 13 -11 15 16 26 -15 25 22 24 -21 -6 23 -19 -20 -1 -5 -18 -17 -23
right_child=-2 2 -4 4 5 7 -8 -9 -10 10 -12 -13 -14 14 -16 28 27 18 19 20 -22 29 -24 -25 -26 -27 -28 -29 -30 -31
leaf_value=-0.019294839452005778 0.091538784768043557 -0.0059792128172865408 0.10817064925569969 -0.0024900245361909232 0.065251483415212502 0.00076781457306388206 0.11181990855584986 -0.036715400354763603 0.077041314107348338 -0.021037953004433667 0.14041914943680783 -0.049076142317240598 0.068312686500965947 -0.035859408340338815 0.1090261951878413 -0.0012905369602577983 0.077545767839369423 -0.012630371160850799 0.021839624389366642 0.13492631812246375 -0.0055907956888046929 0.011770609078697656 -0.053605906211578437 0.040606352103095947 -0.035164669398082639 -0.066802647044445898 0.040633274305850509 -0.0034696670199619831 -0.072882566372640623 -0.041879522354996514
leaf_weight=2996 191 319 286 8815 176 723 194 571 193 183 160 337 193 306 196 160 162 2864 362 187 172 750 313 308 333 265 305 160 285 205
leaf_count=2996 191 319 286 8815 176 723 194 571 193 183 160 337 193 306 196 160 162 2864 362 187 172 750 313 308 333 265 305 160 285 205
internal_value=-0.000616007 -0.00140008 0.0479436 -0.00276592 0.00248766 0.017847 0.0350717 -0.00369423 0.0168642 0.0261259 0.0593311 -0.00230438 0.0247629 -0.000784921 0.0271601 -0.00319477 0.001572 -0.0122483 -0.00440175 0.0193949 0.0675378 0.0103686 -0.0116055 -0.00745369 -0.00543936 -0.0231627 -0.00104527 0.0372166 -0.0471945 0.000229443
internal_weight=22670 22479 605 21874 14074 3348 1861 1487 916 1667 536 10726 376 10389 824 9565 628 7800 4539 1054 359 1131 3485 3172 695 3261 9120 322 445 955
internal_count=22670 22479 605 21874 14074 3348 1861 1487 916 1667 536 10726 376 10389 824 9565 628 7800 4539 1054 359 1131 3485 3172 695 3261 9120 322 445 955
is_linear=0
shrinkage=0.0161


Tree=174
num_leaves=31
num_cat=0
split_feature=283 565 194 555 552 442 480 576 598 483 294 596 450 85 291 88 278 75 88 151 371 578 537 435 528 500 105 303 536 517
split_gain=5011.64 4193.52 4127.7 6685.48 4401.88 6003.61 4657.09 7533.09 4648.29 5091.8 6247.56 4095.38 3645.88 4207.21 3516.13 3511.1 3613.8 3261.11 2620.21 3132.78 3537.39 2754.84 2477.15 2069.01 2668.62 2564.78 2048.32 1981.91 2055.25 5876.91
threshold=3.5000000000000004 264.34999084472662 13.500000000000002 76.049999237060561 240.75000000000003 13.500000000000002 184.50000000000003 155.05000305175784 120.04999923706056 83.500000000000014 8.0000000000000018 158.65000152587893 16.500000000000004 10.500000000000002 43.500000000000007 73.500000000000014 61.500000000000007 5.5000000000000009 3.5000000000000004 24.500000000000004 20.000000000000004 117.85000228881837 91.500000000000014 13.500000000000002 183.50000000000003 121.50000000000001 10.500000000000002 43.500000000000007 132.50000000000003 93.500000000000014
decision_type=2 10 2 10 8 2 2 8 8 2 2 10 2 2 2 2 2 2 2 2 2 10 2 2 2 2 2 2 2 2
left_child=-1 2 11 17 6 -6 8 -8 9 -5 -11 15 13 -9 -13 16 18 -4 -2 27 21 26 -19 24 25 -10 -21 28 -20 -30
right_child=1 -3 3 4 5 -7 7 12 23 10 -12 14 -14 -15 -16 -17 -18 22 19 20 -22 -23 -24 -25 -26 -27 -28 -29 29 -31
leaf_value=-0.015462622969168224 -0.016364920168754224 0.064851150617637854 0.046231769023938232 0.01191790771061743 0.015388683317540253 0.14913069246214961 0.15143343393973216 0.11443742953431824 0.024434837409671471 0.15250136586953703 0.018573499776642688 -0.026542382059282714 -0.027575176129567006 0.0081148626055651332 0.051293671374162131 0.072034094497161597 0.07299908684307678 -0.0081381278258944156 -0.001549296640173288 0.025017132499960352 0.098159533798521742 0.073768740055435503 -0.055523294521257364 -0.035966144759489151 0.060788795820058666 -0.053991512822997557 -0.038875095974130816 -0.04467606762296765 0.1125517997083338 0.0040578437570310353
leaf_weight=4524 2143 284 213 1028 178 171 167 180 219 172 191 2255 197 209 161 182 176 1035 5859 316 171 166 396 552 172 213 221 247 162 646
leaf_count=4524 2143 284 213 1028 178 171 167 180 219 172 191 2255 197 209 161 182 176 1035 5859 316 171 166 396 552 172 213 221 247 162 646
internal_value=-0.000289701 0.00346365 0.00249368 0.0144398 0.0265871 0.0809859 0.0208269 0.0560098 0.0104161 0.0302491 0.0820973 -0.00248133 0.0287755 0.0573735 -0.0213457 0.001946 0.000681577 -0.0125078 -0.000597684 0.00373792 0.0324582 0.0164433 -0.0212675 -0.0134283 0.00713031 -0.0141792 -0.0012336 0.000103978 0.00176653 0.0258395
internal_weight=22806 18282 17998 5293 3649 349 3300 753 2547 1391 363 12705 586 389 2416 10289 10107 1644 9931 7788 874 703 1431 1156 604 432 537 6914 6667 808
internal_count=22806 18282 17998 5293 3649 349 3300 753 2547 1391 363 12705 586 389 2416 10289 10107 1644 9931 7788 874 703 1431 1156 604 432 537 6914 6667 808
is_linear=0
shrinkage=0.0161


end of trees

feature_importances:
Column_178=66
Column_177=62
Column_296=58
Column_416=57
Column_175=50
Column_116=49
Column_477=46
Column_117=42
Column_176=41
Column_235=41
Column_480=40
Column_297=39
Column_475=38
Column_414=34
Column_237=33
Column_415=33
Column_539=33
Column_236=32
Column_357=32
Column_502=32
Column_150=31
Column_501=31
Column_353=30
Column_476=29
Column_31=28
Column_239=27
Column_540=27
Column_238=26
Column_295=26
Column_30=25
Column_210=25
Column_417=25
Column_55=24
Column_90=24
Column_221=24
Column_541=23
Column_115=22
Column_118=22
Column_298=22
Column_299=22
Column_355=22
Column_418=22
Column_449=22
Column_503=22
Column_538=22
Column_89=21
Column_208=21
Column_513=21
Column_537=21
Column_561=21
Column_57=20
Column_151=20
Column_270=20
Column_432=20
Column_356=19
Column_474=19
Column_498=19
Column_544=19
Column_558=19
Column_29=18
Column_52=18
Column_56=18
Column_269=18
Column_500=18
Column_508=18
Column_510=18
Column_542=18
Column_179=17
Column_433=17
Column_482=17
Column_492=17
Column_595=17
Column_412=16
Column_486=16
Column_506=16
Column_509=16
Column_547=16
Column_568=16
Column_54=15
Column_372=15
Column_389=15
Column_489=15
Column_496=15
Column_504=15
Column_511=15
Column_530=15
Column_61=14
Column_85=14
Column_230=14
Column_481=14
Column_483=14
Column_546=14
Column_565=14
Column_599=14
Column_12=13
Column_33=13
Column_153=13
Column_172=13
Column_207=13
Column_209=13
Column_213=13
Column_229=13
Column_268=13
Column_273=13
Column_410=13
Column_499=13
Column_526=13
Column_536=13
Column_555=13
Column_557=13
Column_589=13
Column_591=13
Column_593=13
Column_11=12
Column_194=12
Column_212=12
Column_370=12
Column_484=12
Column_493=12
Column_495=12
Column_515=12
Column_528=12
Column_535=12
Column_551=12
Column_567=12
Column_585=12
Column_13=11
Column_51=11
Column_53=11
Column_59=11
Column_66=11
Column_72=11
Column_119=11
Column_125=11
Column_130=11
Column_149=11
Column_166=11
Column_222=11
Column_254=11
Column_271=11
Column_281=11
Column_314=11
Column_316=11
Column_329=11
Column_362=11
Column_383=11
Column_479=11
Column_494=11
Column_497=11
Column_505=11
Column_507=11
Column_527=11
Column_529=11
Column_533=11
Column_534=11
Column_553=11
Column_559=11
Column_586=11
Column_588=11
Column_594=11
Column_0=10
Column_27=10
Column_110=10
Column_162=10
Column_174=10
Column_193=10
Column_195=10
Column_211=10
Column_220=10
Column_231=10
Column_234=10
Column_283=10
Column_293=10
Column_328=10
Column_347=10
Column_358=10
Column_371=10
Column_386=10
Column_411=10
Column_419=10
Column_461=10
Column_473=10
Column_487=10
Column_512=10
Column_517=10
Column_521=10
Column_525=10
Column_532=10
Column_570=10
Column_584=10
Column_596=10
Column_597=10
Column_2=9
Column_23=9
Column_58=9
Column_60=9
Column_105=9
Column_152=9
Column_182=9
Column_215=9
Column_219=9
Column_228=9
Column_241=9
Column_272=9
Column_284=9
Column_291=9
Column_301=9
Column_326=9
Column_369=9
Column_374=9
Column_376=9
Column_401=9
Column_423=9
Column_447=9
Column_490=9
Column_531=9
Column_564=9
Column_35=8
Column_185=8
Column_204=8
Column_279=8
Column_294=8
Column_310=8
Column_311=8
Column_324=8
Column_327=8
Column_333=8
Column_354=8
Column_360=8
Column_373=8
Column_396=8
Column_402=8
Column_406=8
Column_431=8
Column_448=8
Column_451=8
Column_455=8
Column_478=8
Column_550=8
Column_556=8
Column_562=8
Column_569=8
Column_583=8
Column_590=8
Column_8=7
Column_36=7
Column_40=7
Column_67=7
Column_84=7
Column_88=7
Column_91=7
Column_127=7
Column_148=7
Column_157=7
Column_161=7
Column_192=7
Column_206=7
Column_217=7
Column_224=7
Column_243=7
Column_247=7
Column_252=7
Column_261=7
Column_266=7
Column_278=7
Column_334=7
Column_359=7
Column_388=7
Column_424=7
Column_426=7
Column_429=7
Column_435=7
Column_514=7
Column_516=7
Column_552=7
Column_571=7
Column_574=7
Column_582=7
Column_598=7
Column_7=6
Column_14=6
Column_24=6
Column_37=6
Column_64=6
Column_70=6
Column_101=6
Column_114=6
Column_133=6
Column_135=6
Column_144=6
Column_154=6
Column_155=6
Column_165=6
Column_171=6
Column_181=6
Column_183=6
Column_187=6
Column_189=6
Column_218=6
Column_245=6
Column_251=6
Column_260=6
Column_265=6
Column_275=6
Column_282=6
Column_285=6
Column_288=6
Column_313=6
Column_319=6
Column_321=6
Column_325=6
Column_335=6
Column_352=6
Column_377=6
Column_380=6
Column_399=6
Column_413=6
Column_450=6
Column_452=6
Column_457=6
Column_485=6
Column_522=6
Column_545=6
Column_560=6
Column_578=6
Column_579=6
Column_1=5
Column_32=5
Column_34=5
Column_44=5
Column_45=5
Column_49=5
Column_71=5
Column_75=5
Column_81=5
Column_82=5
Column_92=5
Column_94=5
Column_100=5
Column_104=5
Column_108=5
Column_112=5
Column_124=5
Column_126=5
Column_128=5
Column_132=5
Column_134=5
Column_160=5
Column_169=5
Column_173=5
Column_196=5
Column_202=5
Column_216=5
Column_250=5
Column_257=5
Column_267=5
Column_280=5
Column_289=5
Column_290=5
Column_302=5
Column_307=5
Column_315=5
Column_330=5
Column_331=5
Column_332=5
Column_338=5
Column_350=5
Column_361=5
Column_366=5
Column_368=5
Column_382=5
Column_384=5
Column_385=5
Column_387=5
Column_393=5
Column_395=5
Column_420=5
Column_422=5
Column_446=5
Column_456=5
Column_463=5
Column_488=5
Column_523=5
Column_524=5
Column_554=5
Column_563=5
Column_566=5
Column_575=5
Column_576=5
Column_580=5
Column_3=4
Column_4=4
Column_6=4
Column_10=4
Column_15=4
Column_25=4
Column_42=4
Column_68=4
Column_69=4
Column_79=4
Column_80=4
Column_87=4
Column_97=4
Column_98=4
Column_120=4
Column_122=4
Column_139=4
Column_143=4
Column_145=4
Column_167=4
Column_186=4
Column_190=4
Column_198=4
Column_200=4
Column_201=4
Column_225=4
Column_244=4
Column_248=4
Column_255=4
Column_258=4
Column_277=4
Column_286=4
Column_287=4
Column_317=4
Column_336=4
Column_337=4
Column_339=4
Column_345=4
Column_346=4
Column_348=4
Column_349=4
Column_365=4
Column_381=4
Column_390=4
Column_397=4
Column_398=4
Column_400=4
Column_403=4
Column_436=4
Column_437=4
Column_445=4
Column_470=4
Column_472=4
Column_491=4
Column_519=4
Column_520=4
Column_572=4
Column_573=4
Column_9=3
Column_19=3
Column_26=3
Column_28=3
Column_41=3
Column_43=3
Column_46=3
Column_50=3
Column_62=3
Column_63=3
Column_78=3
Column_83=3
Column_86=3
Column_96=3
Column_99=3
Column_103=3
Column_106=3
Column_111=3
Column_113=3
Column_121=3
Column_129=3
Column_142=3
Column_147=3
Column_163=3
Column_164=3
Column_170=3
Column_191=3
Column_197=3
Column_227=3
Column_232=3
Column_233=3
Column_249=3
Column_253=3
Column_256=3
Column_276=3
Column_292=3
Column_300=3
Column_303=3
Column_304=3
Column_305=3
Column_308=3
Column_312=3
Column_318=3
Column_351=3
Column_363=3
Column_378=3
Column_391=3
Column_404=3
Column_409=3
Column_434=3
Column_443=3
Column_444=3
Column_453=3
Column_458=3
Column_459=3
Column_460=3
Column_466=3
Column_467=3
Column_518=3
Column_543=3
Column_548=3
Column_581=3
Column_592=3
Column_18=2
Column_20=2
Column_21=2
Column_22=2
Column_39=2
Column_47=2
Column_73=2
Column_74=2
Column_93=2
Column_107=2
Column_131=2
Column_136=2
Column_140=2
Column_141=2
Column_156=2
Column_158=2
Column_168=2
Column_188=2
Column_199=2
Column_223=2
Column_240=2
Column_242=2
Column_259=2
Column_264=2
Column_306=2
Column_309=2
Column_323=2
Column_342=2
Column_344=2
Column_364=2
Column_367=2
Column_392=2
Column_394=2
Column_408=2
Column_427=2
Column_439=2
Column_440=2
Column_442=2
Column_462=2
Column_464=2
Column_465=2
Column_468=2
Column_469=2
Column_471=2
Column_549=2
Column_577=2
Column_587=2
Column_5=1
Column_16=1
Column_17=1
Column_48=1
Column_65=1
Column_76=1
Column_77=1
Column_95=1
Column_102=1
Column_109=1
Column_123=1
Column_138=1
Column_184=1
Column_203=1
Column_205=1
Column_214=1
Column_226=1
Column_246=1
Column_262=1
Column_263=1
Column_274=1
Column_320=1
Column_322=1
Column_340=1
Column_343=1
Column_375=1
Column_379=1
Column_407=1
Column_421=1
Column_430=1
Column_438=1
Column_454=1

parameters:
[boosting: gbdt]
[objective: regression]
[metric: rmse,l2]
[tree_learner: serial]
[device_type: cpu]
[data_sample_strategy: bagging]
[data: ]
[valid: ]
[num_iterations: 3000]
[learning_rate: 0.0161]
[num_leaves: 31]
[num_threads: 10]
[seed: 11]
[deterministic: 0]
[force_col_wise: 0]
[force_row_wise: 0]
[histogram_pool_size: -1]
[max_depth: -1]
[min_data_in_leaf: 160]
[min_sum_hessian_in_leaf: 0.001]
[bagging_fraction: 0.694]
[pos_bagging_fraction: 1]
[neg_bagging_fraction: 1]
[bagging_freq: 1]
[bagging_seed: 27648]
[bagging_by_query: 0]
[feature_fraction: 0.725]
[feature_fraction_bynode: 1]
[feature_fraction_seed: 4989]
[extra_trees: 0]
[extra_seed: 22223]
[early_stopping_round: 0]
[early_stopping_min_delta: 0]
[first_metric_only: 0]
[max_delta_step: 0]
[lambda_l1: 1.4619]
[lambda_l2: 0]
[linear_lambda: 0]
[min_gain_to_split: 0]
[drop_rate: 0.1]
[max_drop: 50]
[skip_drop: 0.5]
[xgboost_dart_mode: 0]
[uniform_drop: 0]
[drop_seed: 21136]
[top_rate: 0.2]
[other_rate: 0.1]
[min_data_per_group: 100]
[max_cat_threshold: 32]
[cat_l2: 10]
[cat_smooth: 10]
[max_cat_to_onehot: 4]
[top_k: 20]
[monotone_constraints: ]
[monotone_constraints_method: basic]
[monotone_penalty: 0]
[feature_contri: ]
[forcedsplits_filename: ]
[refit_decay_rate: 0.9]
[cegb_tradeoff: 1]
[cegb_penalty_split: 0]
[cegb_penalty_feature_lazy: ]
[cegb_penalty_feature_coupled: ]
[path_smooth: 0]
[interaction_constraints: ]
[verbosity: -1]
[saved_feature_importance_type: 0]
[use_quantized_grad: 0]
[num_grad_quant_bins: 4]
[quant_train_renew_leaf: 0]
[stochastic_rounding: 1]
[linear_tree: 0]
[max_bin: 255]
[max_bin_by_feature: ]
[min_data_in_bin: 3]
[bin_construct_sample_cnt: 200000]
[data_random_seed: 74]
[is_enable_sparse: 1]
[enable_bundle: 1]
[use_missing: 1]
[zero_as_missing: 0]
[feature_pre_filter: 1]
[pre_partition: 0]
[two_round: 0]
[header: 0]
[label_column: ]
[weight_column: ]
[group_column: ]
[ignore_column: ]
[categorical_feature: ]
[forcedbins_filename: ]
[precise_float_parser: 0]
[parser_config_file: ]
[objective_seed: 24011]
[num_class: 1]
[is_unbalance: 0]
[scale_pos_weight: 1]
[sigmoid: 1]
[boost_from_average: 1]
[reg_sqrt: 0]
[alpha: 0.9]
[fair_c: 1]
[poisson_max_delta_step: 0.7]
[tweedie_variance_power: 1.5]
[lambdarank_truncation_level: 30]
[lambdarank_norm: 1]
[label_gain: ]
[lambdarank_position_bias_regularization: 0]
[eval_at: ]
[multi_error_top_k: 1]
[auc_mu_weights: ]
[num_machines: 1]
[local_listen_port: 12400]
[time_out: 120]
[machine_list_filename: ]
[machines: ]
[gpu_platform_id: -1]
[gpu_device_id: -1]
[gpu_device_id_list: ]
[gpu_use_dp: 0]
[num_gpu: 1]

end of parameters

pandas_categorical:null
