tree
version=v4
num_class=1
num_tree_per_iteration=1
label_index=0
max_feature_idx=599
objective=regression
feature_names=Column_0 Column_1 Column_2 Column_3 Column_4 Column_5 Column_6 Column_7 Column_8 Column_9 Column_10 Column_11 Column_12 Column_13 Column_14 Column_15 Column_16 Column_17 Column_18 Column_19 Column_20 Column_21 Column_22 Column_23 Column_24 Column_25 Column_26 Column_27 Column_28 Column_29 Column_30 Column_31 Column_32 Column_33 Column_34 Column_35 Column_36 Column_37 Column_38 Column_39 Column_40 Column_41 Column_42 Column_43 Column_44 Column_45 Column_46 Column_47 Column_48 Column_49 Column_50 Column_51 Column_52 Column_53 Column_54 Column_55 Column_56 Column_57 Column_58 Column_59 Column_60 Column_61 Column_62 Column_63 Column_64 Column_65 Column_66 Column_67 Column_68 Column_69 Column_70 Column_71 Column_72 Column_73 Column_74 Column_75 Column_76 Column_77 Column_78 Column_79 Column_80 Column_81 Column_82 Column_83 Column_84 Column_85 Column_86 Column_87 Column_88 Column_89 Column_90 Column_91 Column_92 Column_93 Column_94 Column_95 Column_96 Column_97 Column_98 Column_99 Column_100 Column_101 Column_102 Column_103 Column_104 Column_105 Column_106 Column_107 Column_108 Column_109 Column_110 Column_111 Column_112 Column_113 Column_114 Column_115 Column_116 Column_117 Column_118 Column_119 Column_120 Column_121 Column_122 Column_123 Column_124 Column_125 Column_126 Column_127 Column_128 Column_129 Column_130 Column_131 Column_132 Column_133 Column_134 Column_135 Column_136 Column_137 Column_138 Column_139 Column_140 Column_141 Column_142 Column_143 Column_144 Column_145 Column_146 Column_147 Column_148 Column_149 Column_150 Column_151 Column_152 Column_153 Column_154 Column_155 Column_156 Column_157 Column_158 Column_159 Column_160 Column_161 Column_162 Column_163 Column_164 Column_165 Column_166 Column_167 Column_168 Column_169 Column_170 Column_171 Column_172 Column_173 Column_174 Column_175 Column_176 Column_177 Column_178 Column_179 Column_180 Column_181 Column_182 Column_183 Column_184 Column_185 Column_186 Column_187 Column_188 Column_189 Column_190 Column_191 Column_192 Column_193 Column_194 Column_195 Column_196 Column_197 Column_198 Column_199 Column_200 Column_201 Column_202 Column_203 Column_204 Column_205 Column_206 Column_207 Column_208 Column_209 Column_210 Column_211 Column_212 Column_213 Column_214 Column_215 Column_216 Column_217 Column_218 Column_219 Column_220 Column_221 Column_222 Column_223 Column_224 Column_225 Column_226 Column_227 Column_228 Column_229 Column_230 Column_231 Column_232 Column_233 Column_234 Column_235 Column_236 Column_237 Column_238 Column_239 Column_240 Column_241 Column_242 Column_243 Column_244 Column_245 Column_246 Column_247 Column_248 Column_249 Column_250 Column_251 Column_252 Column_253 Column_254 Column_255 Column_256 Column_257 Column_258 Column_259 Column_260 Column_261 Column_262 Column_263 Column_264 Column_265 Column_266 Column_267 Column_268 Column_269 Column_270 Column_271 Column_272 Column_273 Column_274 Column_275 Column_276 Column_277 Column_278 Column_279 Column_280 Column_281 Column_282 Column_283 Column_284 Column_285 Column_286 Column_287 Column_288 Column_289 Column_290 Column_291 Column_292 Column_293 Column_294 Column_295 Column_296 Column_297 Column_298 Column_299 Column_300 Column_301 Column_302 Column_303 Column_304 Column_305 Column_306 Column_307 Column_308 Column_309 Column_310 Column_311 Column_312 Column_313 Column_314 Column_315 Column_316 Column_317 Column_318 Column_319 Column_320 Column_321 Column_322 Column_323 Column_324 Column_325 Column_326 Column_327 Column_328 Column_329 Column_330 Column_331 Column_332 Column_333 Column_334 Column_335 Column_336 Column_337 Column_338 Column_339 Column_340 Column_341 Column_342 Column_343 Column_344 Column_345 Column_346 Column_347 Column_348 Column_349 Column_350 Column_351 Column_352 Column_353 Column_354 Column_355 Column_356 Column_357 Column_358 Column_359 Column_360 Column_361 Column_362 Column_363 Column_364 Column_365 Column_366 Column_367 Column_368 Column_369 Column_370 Column_371 Column_372 Column_373 Column_374 Column_375 Column_376 Column_377 Column_378 Column_379 Column_380 Column_381 Column_382 Column_383 Column_384 Column_385 Column_386 Column_387 Column_388 Column_389 Column_390 Column_391 Column_392 Column_393 Column_394 Column_395 Column_396 Column_397 Column_398 Column_399 Column_400 Column_401 Column_402 Column_403 Column_404 Column_405 Column_406 Column_407 Column_408 Column_409 Column_410 Column_411 Column_412 Column_413 Column_414 Column_415 Column_416 Column_417 Column_418 Column_419 Column_420 Column_421 Column_422 Column_423 Column_424 Column_425 Column_426 Column_427 Column_428 Column_429 Column_430 Column_431 Column_432 Column_433 Column_434 Column_435 Column_436 Column_437 Column_438 Column_439 Column_440 Column_441 Column_442 Column_443 Column_444 Column_445 Column_446 Column_447 Column_448 Column_449 Column_450 Column_451 Column_452 Column_453 Column_454 Column_455 Column_456 Column_457 Column_458 Column_459 Column_460 Column_461 Column_462 Column_463 Column_464 Column_465 Column_466 Column_467 Column_468 Column_469 Column_470 Column_471 Column_472 Column_473 Column_474 Column_475 Column_476 Column_477 Column_478 Column_479 Column_480 Column_481 Column_482 Column_483 Column_484 Column_485 Column_486 Column_487 Column_488 Column_489 Column_490 Column_491 Column_492 Column_493 Column_494 Column_495 Column_496 Column_497 Column_498 Column_499 Column_500 Column_501 Column_502 Column_503 Column_504 Column_505 Column_506 Column_507 Column_508 Column_509 Column_510 Column_511 Column_512 Column_513 Column_514 Column_515 Column_516 Column_517 Column_518 Column_519 Column_520 Column_521 Column_522 Column_523 Column_524 Column_525 Column_526 Column_527 Column_528 Column_529 Column_530 Column_531 Column_532 Column_533 Column_534 Column_535 Column_536 Column_537 Column_538 Column_539 Column_540 Column_541 Column_542 Column_543 Column_544 Column_545 Column_546 Column_547 Column_548 Column_549 Column_550 Column_551 Column_552 Column_553 Column_554 Column_555 Column_556 Column_557 Column_558 Column_559 Column_560 Column_561 Column_562 Column_563 Column_564 Column_565 Column_566 Column_567 Column_568 Column_569 Column_570 Column_571 Column_572 Column_573 Column_574 Column_575 Column_576 Column_577 Column_578 Column_579 Column_580 Column_581 Column_582 Column_583 Column_584 Column_585 Column_586 Column_587 Column_588 Column_589 Column_590 Column_591 Column_592 Column_593 Column_594 Column_595 Column_596 Column_597 Column_598 Column_599
feature_infos=[0:400] [0:400] [0:400] [0:400] [0:400] [0:400] [0:400] [0:400] [0:400] [0:400] [0:400] [0:400] [0:400] [0:400] [0:400] [0:400] [0:400] [0:400] [0:400] [0:400] [0:400] [0:400] [0:400] [0:400] [0:400] [0:400] [0:400] [0:400] [0:400] [0:400] [0:400] [0:400] [0:400] [0:400] [0:400] [0:400] [0:400] [0:400] [0:400] [0:400] [0:400] [0:400] [0:400] [0:400] [0:400] [0:400] [0:400] [0:400] [0:400] [0:400] [0:400] [0:400] [0:400] [0:400] [0:400] [0:400] [0:400] [0:400] [0:400] [0:400] [0:400] [0:400] [0:400] [0:400] [0:400] [0:400] [0:400] [0:400] [0:400] [0:400] [0:400] [0:400] [0:400] [0:400] [0:400] [0:400] [0:400] [0:400] [0:400] [0:400] [0:400] [0:400] [0:400] [0:400] [0:400] [0:400] [0:400] [0:400] [0:400] [0:400] [0:400] [0:400] [0:400] [0:400] [0:400] [0:400] [0:400] [0:400] [0:400] [0:400] [0:400] [0:400] [0:400] [0:400] [0:400] [0:400] [0:400] [0:400] [0:400] [0:400] [0:400] [0:400] [0:400] [0:400] [0:400] [0:400] [0:400] [0:400] [0:400] [0:400] [0:400] [0:400] [0:400] [0:400] [0:400] [0:400] [0:400] [0:400] [0:400] [0:400] [0:400] [0:400] [0:400] [0:400] [0:400] [0:400] [0:400] [0:400] [0:400] [0:400] [0:400] [0:400] [0:400] [0:400] [0:400] [0:400] [0:400] [0:400] [0:400] [0:400] [0:400] [0:400] [0:400] [0:400] [0:400] [0:400] [0:400] [0:400] [0:400] [0:400] [0:400] [0:400] [0:400] [0:400] [0:400] [0:400] [0:400] [0:400] [0:400] [0:400] [0:400] [0:400] [0:400] [0:400] [0:400] [0:400] [0:400] [0:400] [0:400] [0:400] [0:400] [0:400] [0:400] [0:400] [0:400] [0:400] [0:400] [0:400] [0:400] [0:400] [0:400] [0:400] [0:400] [0:400] [0:400] [0:400] [0:400] [0:400] [0:400] [0:400] [0:400] [0:400] [0:400] [0:400] [0:400] [0:400] [0:400] [0:400] [0:400] [0:400] [0:400] [0:400] [0:400] [0:400] [0:400] [0:400] [0:400] [0:400] [0:400] [0:400] [0:400] [0:400] [0:400] [0:400] [0:400] [0:400] [0:400] [0:400] [0:400] [0:400] [0:400] [0:400] [0:400] [0:400] [0:400] [0:400] [0:400] [0:400] [0:400] [0:400] [0:400] [0:400] [0:400] [0:400] [0:400] [0:400] [0:400] [0:400] [0:400] [0:400] [0:400] [0:400] [0:400] [0:400] [0:400] [0:400] [0:400] [0:400] [0:400] [0:400] [0:400] [0:400] [0:400] [0:400] [0:400] [0:400] [0:400] [0:400] [0:400] [0:400] [0:400] [0:400] [0:400] [0:400] [0:400] [0:400] [0:400] [0:400] [0:400] [0:400] [0:400] [0:400] [0:400] [0:400] [0:400] [0:400] [0:400] [0:400] [0:400] [0:400] [0:400] [0:400] [0:400] [0:400] [0:400] [0:400] [0:400] [0:400] [0:400] [0:400] [0:400] [0:400] [0:400] [0:400] [0:400] [0:400] [0:400] [0:400] [0:400] [0:400] [0:400] [0:400] [0:400] [0:400] [0:400] [0:400] [0:400] [0:400] [0:400] [0:400] [0:400] [0:400] [0:400] [0:400] [0:400] [0:400] [0:400] [0:400] [0:400] [0:400] [0:400] [0:400] [0:400] [0:400] [0:400] [0:400] [0:400] [0:400] [0:400] [0:400] [0:400] [0:400] [0:400] [0:400] [0:400] [0:400] [0:400] [0:400] [0:400] [0:400] [0:400] [0:400] [0:400] [0:400] [0:400] [0:400] [0:400] [0:400] [0:400] [0:400] [0:400] [0:400] [0:400] [0:400] [0:400] [0:400] [0:400] [0:400] [0:400] [0:400] [0:400] [0:400] [0:400] [0:400] [0:400] [0:400] [0:400] [0:400] [0:400] [0:400] [0:400] [0:400] [0:400] [0:400] [0:400] [0:400] [0:400] [0:400] [0:400] [0:400] [0:400] [0:400] [0:400] [0:400] [0:400] [0:400] [0:400] [0:400] [0:400] [0:400] [0:400] [0:400] [0:400] [0:400] [0:400] [0:400] [0:400] [0:400] [0:400] [0:400] [0:400] [0:400] [0:400] [0:400] [0:400] [0:400] [0:400] [0:400] [0:400] [0:400] [0:400] [0:400] [0:400] [0:400] [0:400] [0:400] [0:400] [0:400] [0:400] [0:400] [0:400] [0:400] [0:400] [0:400] [0:400] [0:400] [0:400] [0:400] [0:400] [0:400] [0:400] [0:400] [0:400] [0:400] [0:400] [0:400] [0:400] [0:400] [0:400] [0:400] [0:400] [0:400] [0:400] [0:400] [0:400] [0:400] [0:400] [0:400] [0:400] [0:400] [0:400] [0:400] [0:400] [0:400] [0:400] [0:400] [0:400] [0:400] [0:400] [0:400] [0:400] [0:400] [0:400] [0:400] [0:400] [0:400] [0:400] [0:400] [0:400] [0:400] [0:503] [0:503] [0:503] [0:503] [0:503] [0:503] [0:503] [0:503] [0:503] [0:503] [0:503] [0:503] [0:503] [0:503] [0:503] [0:503] [0:503] [0:503] [0:503] [0:503] [0:503] [0:503] [0:503] [0:503] [0:503] [0:503] [0:503] [0:503] [0:503] [0:503] [0:503] [0:503] [0:503] [0:503] [0:503] [0:503] [0:503] [0:503] [0:503] [0:503] [0:503] [0:503] [0:503] [0:503] [0:503] [0:503] [0:503] [0:503] [0:503] [0:503] [0:503] [0:503] [0:503] [0:503] [0:503] [0:503] [0:503] [0:503] [0:503] [0:503] [53.5:938.5999755859375] [53.5:938.5999755859375] [53.5:938.5999755859375] [53.5:938.5999755859375] [53.5:938.5999755859375] [53.5:938.5999755859375] [53.5:938.5999755859375] [53.5:938.5999755859375] [53.5:938.5999755859375] [53.5:938.5999755859375] [53.5:938.5999755859375] [53.5:938.5999755859375] [53.5:938.5999755859375] [53.5:938.5999755859375] [53.5:938.5999755859375] [53.5:938.5999755859375] [53.5:938.5999755859375] [53.5:938.5999755859375] [53.5:938.5999755859375] [53.5:938.5999755859375] [53.5:938.5999755859375] [53.5:938.5999755859375] [53.5:938.5999755859375] [53.5:938.5999755859375] [53.5:938.5999755859375] [53.5:938.5999755859375] [53.5:938.5999755859375] [53.5:938.5999755859375] [53.5:938.5999755859375] [53.5:938.5999755859375] [53.5:938.5999755859375] [53.5:938.5999755859375] [53.5:938.5999755859375] [53.5:938.5999755859375] [53.5:938.5999755859375] [53.5:938.5999755859375] [53.5:938.5999755859375] [53.5:938.5999755859375] [53.5:938.5999755859375] [53.5:938.5999755859375] [53.5:938.5999755859375] [53.5:938.5999755859375] [53.5:938.5999755859375] [53.5:938.5999755859375] [53.5:938.5999755859375] [53.5:938.5999755859375] [53.5:938.5999755859375] [53.5:938.5999755859375] [53.5:938.5999755859375] [53.5:938.5999755859375] [53.5:938.5999755859375] [53.5:938.5999755859375] [53.5:938.5999755859375] [53.5:938.5999755859375] [53.5:938.5999755859375] [53.5:938.5999755859375] [53.5:938.5999755859375] [53.5:938.5999755859375] [53.5:938.5999755859375] [53.5:938.5999755859375]
tree_sizes=2763 2907 2891 2895 2900 2895 2887 2888 2912 2893 2909 2903 2902 2896 2901 2903 2904 2910 2894 2900 2912 2893 2898 2903 2911 2910 2905 2900 2897 2907 2903 2906 2908 2908 2890 2899 2902 2907 2901 2925 2908 2911 2917 2903 2910 2904 2909 2905 2911 2912 2927 2899 2895 2893 2921 2900 2901 2914 2900 2905 2903 2901 2910 2892 2921 2916 2892 2904 2894 2903 2919 2902 2889 2902 2907 2913 2917 2909 2901 2898 2897 2917 2908 2908 2922 2918 2900 2909 2921 2912 2920 2924 2914 2906 2920 2912 2915 2913 2902 2906 2925 2908 2904 2919 2897 2931 2911 2887 2906 2885 2894 2893 2918 2920 2908 2912 2934 2887 2925 2905 2924 2909 2913 2906 2907 2898 2913 2895 2913 2919 2927 2913 2922 2935 2916 2902 2918 2907 2924 2924 2896 2926 2924 2899 2934 2939 2913 2928 2920 2918 2923 2941 2946 2928 2945 2941 2914 2890 2916 2936 2939 2943 2930 2942 2914 2926 2928 2917 2927 2930 2941 2930 2927 2919 2926 2929 2924 2950 2918 2926 2928 2913 2928 2932 2920 2937 2935 2939 2923 2928 2936 2939 2922 2949 2913 2919 2940 2939 2945 2922 2942 2937 2936 2955 2939 2962 2931 2946 2906 2927 2938 2946 2942 2934 2948 2926 2947 2929 2947 2926 2936 2916 2926 2938 2916 2930 2928 2926 2936 2937 2933 2924 2934 2939 2934 2956 2932 2978 2962 2944 2937 2934 2930 2947 2929 2938 2943 2948 2954 2933 2936 2945 2951 2959 2930 2941 2946 2927 2942 2914 2955 2920 2926 2950 2947 2910 2928 2916 2953 2939

Tree=0
num_leaves=31
num_cat=0
split_feature=155 479 506 487 276 508 543 236 419 274 274 429 224 367 318 378 276 10 418 478 560 276 274 382 211 1 419 364 478 541
split_gain=132313 66536.3 59903.4 28490.1 18750 18729.9 13047.3 11798.1 11674.7 11582.4 11291.6 11143.2 10499.7 10108.2 9814.31 8042.97 7626.88 7487.63 6915.84 5628.97 5957.08 5748.82 5538.91 5559.83 5209.15 6596.57 5111.88 5096.35 4919.59 4793.72
threshold=6.5000000000000009 20.000000000000004 64.500000000000014 34.500000000000007 20.000000000000004 221.50000000000003 224.44999694824222 20.000000000000004 8.0000000000000018 16.500000000000004 10.500000000000002 16.500000000000004 8.0000000000000018 6.5000000000000009 20.000000000000004 6.5000000000000009 10.500000000000002 8.0000000000000018 20.000000000000004 20.000000000000004 78.350002288818374 8.0000000000000018 5.5000000000000009 5.5000000000000009 5.5000000000000009 8.0000000000000018 35.500000000000007 5.5000000000000009 24.500000000000004 72.549999237060561
decision_type=2 2 2 2 2 2 10 2 2 2 2 2 2 2 2 2 2 2 2 2 10 2 2 2 2 2 2 2 2 8
left_child=2 3 8 9 7 12 13 19 29 -2 -6 -8 27 -5 -7 -14 -15 -17 -12 -3 -21 -22 -18 -24 -19 -26 -9 -4 -10 -1
right_child=1 4 5 6 10 14 11 26 28 -11 18 -13 15 16 -16 17 22 24 -20 20 21 -23 23 -25 25 -27 -28 -29 -30 -31
leaf_value=13.278296335151206 13.345683266989713 13.432035388843667 13.333645313107326 13.39570601445392 13.46200149221327 13.439059398844641 13.453881159456968 13.507794098336166 13.338780693352993 13.422332375188402 13.558767508587831 13.614560063735842 13.368719099381893 13.416649764219379 13.580975901517412 13.394080632918669 13.399722695881188 13.405849500190918 13.674757886739688 13.426671707478802 13.474033246952851 13.598627382937277 13.424022196397312 13.4947842568799 13.581639610197389 13.45305252342739 13.624168212589318 13.379966118421986 13.400343362313663 13.316367609012611
leaf_weight=1271 1897 956 1017 2210 181 577 329 253 1678 699 310 170 689 1871 162 529 297 187 236 214 205 182 393 1086 181 243 161 1565 420 2662
leaf_count=1271 1897 956 1017 2210 181 577 329 253 1678 699 310 170 689 1871 162 529 297 187 236 214 205 182 393 1086 181 243 161 1565 420 2662
internal_value=13.3944 13.4324 13.3549 13.4113 13.5025 13.3952 13.4296 13.4767 13.3204 13.3663 13.5724 13.5087 13.3826 13.4229 13.4702 13.4121 13.4394 13.4384 13.6089 13.4563 13.495 13.5327 13.4633 13.476 13.4768 13.508 13.5531 13.3617 13.3511 13.3041
internal_weight=22831 11650 11181 8952 2698 5150 6356 1971 6031 2596 727 499 4411 5857 739 1829 3647 1140 546 1557 601 387 1776 1479 611 424 414 2582 2098 3933
internal_count=22831 11650 11181 8952 2698 5150 6356 1971 6031 2596 727 499 4411 5857 739 1829 3647 1140 546 1557 601 387 1776 1479 611 424 414 2582 2098 3933
is_linear=0
shrinkage=1


Tree=1
num_leaves=31
num_cat=0
split_feature=215 506 419 503 94 464 540 299 154 318 480 337 358 357 214 213 569 535 543 403 59 62 483 396 452 478 555 311 9 145
split_gain=116911 62523.2 53074.7 27642.2 22771 15995.8 14889.1 13434.8 12283.8 10123.2 9706.28 9507.47 8085.41 8453.37 8016.24 7710.6 7029.18 7850.98 6678.82 6308.54 6263.68 6162.5 5683.73 5540.61 5458.58 5274.29 5200.5 7049.05 5332.7 4981.09
threshold=6.5000000000000009 63.500000000000007 24.500000000000004 35.500000000000007 29.500000000000004 6.5000000000000009 207.44999694824222 8.0000000000000018 8.0000000000000018 5.5000000000000009 193.50000000000003 16.500000000000004 20.000000000000004 16.500000000000004 10.500000000000002 10.500000000000002 121.64999771118165 85.500000000000014 201.75000000000003 35.500000000000007 29.500000000000004 16.500000000000004 9.5000000000000018 10.500000000000002 24.500000000000004 24.500000000000004 115.85000228881837 3.5000000000000004 4.5000000000000009 10.500000000000002
decision_type=2 2 2 2 2 2 10 2 2 2 2 2 2 2 2 2 8 2 10 2 2 2 2 2 2 2 8 2 2 2
left_child=1 7 3 14 6 10 24 22 18 21 -3 -6 26 -14 -2 23 17 -17 19 -5 -18 -7 -1 -10 -4 -9 -11 -28 -29 -30
right_child=2 5 4 8 11 9 -8 25 15 12 -12 -13 13 -15 -16 16 20 -19 -20 -21 -22 -23 -24 -25 -26 -27 27 28 29 -31
leaf_value=-0.11403732796664411 -0.046930545060333402 -0.045511671563648333 0.042127496392201695 -0.0045225193347289399 0.14660303229606383 -0.03689970968969266 0.22728060917255194 -0.05040519726118653 0.0027489246083762212 -0.025850432596674747 0.038798083149799774 0.29240777830901293 0.049501393389593286 0.19757285315491446 0.0096428382905011014 0.088521872323192335 0.047592882630643166 0.22225527157162003 0.076535856393847509 0.085367158767598858 0.1487137531591109 0.055323819556932025 -0.074426654601338571 0.060740265415495147 0.11235202119985403 0.014078072836543771 0.13427025109522539 -0.030383137762528777 0.018041019862921767 0.097109242488357519
leaf_weight=1405 1562 1805 931 2287 271 763 162 1422 854 323 440 204 238 173 1110 398 1312 160 372 222 181 249 2855 856 416 427 200 280 504 351
leaf_count=1405 1562 1805 931 2287 271 763 162 1422 854 323 440 204 238 173 1110 398 1312 160 372 222 181 249 2855 856 416 427 200 280 504 351
internal_value=-0.000318289 -0.0366111 0.0364125 0.0203041 0.112023 0.00370397 0.0813954 -0.0717628 0.0378973 0.0275251 -0.0289772 0.209272 0.0479379 0.111886 -0.0234201 0.0570621 0.0781191 0.126911 0.0128705 0.00342167 0.0598678 -0.0141851 -0.0874963 0.0317923 0.0638327 -0.035501 0.0320718 0.0461036 0.0305469 0.0505281
internal_weight=22733 11435 11298 9314 1984 5326 1509 6109 6642 3081 2245 475 2069 411 2672 3761 2051 558 2881 2509 1493 1012 4260 1710 1347 1849 1658 1335 1135 855
internal_count=22733 11435 11298 9314 1984 5326 1509 6109 6642 3081 2245 475 2069 411 2672 3761 2051 558 2881 2509 1493 1012 4260 1710 1347 1849 1658 1335 1135 855
is_linear=0
shrinkage=0.0161


Tree=2
num_leaves=31
num_cat=0
split_feature=155 517 479 480 394 479 544 541 485 259 37 130 509 154 154 59 573 304 153 213 179 596 96 438 239 165 269 95 334 327
split_gain=124207 60985.3 55645.5 28874.4 18760.8 16081.3 14641.2 13882.6 13200.6 14183.4 13120.4 12561 11160.3 10380.2 8726.63 8209.86 7397.95 7243.46 6692.42 6084.83 6034.96 6539.85 5977.9 5907.11 5317.44 5351.42 5042.94 4633.12 4470.53 4391.06
threshold=6.5000000000000009 83.500000000000014 20.000000000000004 43.500000000000007 24.500000000000004 13.500000000000002 198.94999694824222 215.15000152587893 136.50000000000003 16.500000000000004 16.500000000000004 13.500000000000002 212.50000000000003 16.500000000000004 6.5000000000000009 29.500000000000004 72.549999237060561 10.500000000000002 24.500000000000004 5.5000000000000009 29.500000000000004 122.54999923706056 20.000000000000004 5.5000000000000009 16.500000000000004 20.000000000000004 10.500000000000002 20.000000000000004 13.500000000000002 8.0000000000000018
decision_type=2 2 2 2 2 2 10 10 2 2 2 2 2 2 2 2 8 2 2 2 2 8 2 2 2 2 2 2 2 2
left_child=1 5 3 13 7 16 14 15 23 29 -6 -8 26 -2 -5 -4 -1 -13 -12 -7 21 22 -16 -3 25 -25 -11 -15 -17 -10
right_child=2 8 4 6 10 19 11 -9 9 12 18 17 -14 27 20 28 -18 -19 -20 -21 -22 -23 -24 24 -26 -27 -28 -29 -30 -31
leaf_value=-0.11333882975861365 -0.041634638429697335 -0.05732852135513275 0.036927306324883148 -0.0012074442780604456 0.10232239834542314 -0.061847967635306152 0.047538760793858818 0.21207106258434183 -0.013870332660056307 0.0011919842620337169 0.17563270388335422 0.24772167965100242 0.19822148801607437 -0.0090525756847677653 0.045115874278542356 0.070069960013840069 -0.07053250952854008 0.10408114419568021 0.31019092150614802 0.0036050523869843808 0.11753326978547447 0.020039533394285665 0.13412376044605509 -0.033030565967369224 0.06617095619518587 0.058198805028336471 0.11598738469888875 0.068611251776354132 0.17012165357108444 0.037628737941604117
leaf_weight=1447 2189 758 1220 1795 414 619 529 169 902 225 230 169 204 440 659 252 3809 199 166 907 260 1994 279 908 248 204 178 363 216 818
leaf_count=1447 2189 758 1220 1795 414 619 529 169 902 225 230 169 204 440 659 252 3809 199 166 907 260 1994 279 908 248 204 178 363 216 818
internal_value=-0.000453758 -0.0385829 0.0366295 0.0172494 0.101119 -0.0689616 0.037958 0.0728949 0.00776235 0.0342361 0.165797 0.0978508 0.10115 -0.0234677 0.0271805 0.0589469 -0.0823218 0.17011 0.232098 -0.0229296 0.0431516 0.0365477 0.0716156 -0.0213127 -0.00122186 -0.0162731 0.0519541 0.0260264 0.116298 0.010608
internal_weight=22770 11227 11543 8876 2667 6782 5884 1857 4445 2327 810 897 607 2992 4987 1688 5256 368 396 1526 3192 2932 938 2118 1360 1112 403 803 468 1720
internal_count=22770 11227 11543 8876 2667 6782 5884 1857 4445 2327 810 897 607 2992 4987 1688 5256 368 396 1526 3192 2932 938 2118 1360 1112 403 803 468 1720
is_linear=0
shrinkage=0.0161


Tree=3
num_leaves=31
num_cat=0
split_feature=155 517 359 493 508 214 153 542 451 319 299 33 518 274 217 156 306 396 274 594 211 340 70 544 481 171 481 540 248 239
split_gain=121725 56419.2 54769.5 31267.4 21926.2 19419.5 15943 14020 13123.7 12691.5 12110.1 10913.3 9325.97 9285.96 9159.33 8860.79 7804.72 7358.87 6561.99 9440.75 6067.66 6033.96 5786.11 5764.56 5527.42 5505.89 5179.26 5094.7 4618.14 4608.33
threshold=6.5000000000000009 70.500000000000014 24.500000000000004 70.500000000000014 221.50000000000003 10.500000000000002 13.500000000000002 197.65000152587893 10.500000000000002 16.500000000000004 8.0000000000000018 13.500000000000002 174.50000000000003 16.500000000000004 5.5000000000000009 20.000000000000004 5.5000000000000009 16.500000000000004 16.500000000000004 123.45000076293947 5.5000000000000009 13.500000000000002 6.5000000000000009 240.75000000000003 97.500000000000014 24.500000000000004 18.500000000000004 76.350002288818374 5.5000000000000009 16.500000000000004
decision_type=2 2 2 2 2 2 2 10 2 2 2 2 2 2 2 2 2 2 2 8 2 2 2 8 2 2 2 8 2 2
left_child=1 10 3 6 16 -4 26 14 22 23 27 -7 -10 -8 29 -15 -3 -13 -16 -20 -18 -14 -9 -6 -19 -22 -2 -1 -21 -5
right_child=2 4 5 7 9 11 13 8 12 -11 -12 17 21 15 18 -17 20 24 19 28 25 -23 -24 -25 -26 -27 -28 -29 -30 -31
leaf_value=-0.10450886931255381 -0.055243544445000063 -0.03700967420017285 0.04786643971209905 -0.015539474386774299 0.0029075712052935069 0.085046925556815797 0.0010858153350759715 -0.031633695645887333 0.063246728523768544 0.18962204521494236 -0.03645059917595566 0.144560365521198 0.28196425154992999 0.041792776826949311 0.030603796202010213 0.18317714433460447 -0.027314757134913808 0.30119067121507637 0.15867167922162087 -0.016493959914137525 0.013310451390490839 0.14169500186739642 0.082219104665946049 0.11567796559421419 0.17356308676060547 0.097831677692236163 -0.013192735124382841 -0.069505596323903698 0.07287006750310171 0.065518359438133722
leaf_weight=1958 1315 1819 714 1070 347 401 778 172 167 209 1897 451 160 344 1825 173 850 193 293 193 1309 160 352 178 164 236 1801 2414 665 219
leaf_count=1958 1315 1819 714 1070 347 401 778 172 167 209 1897 451 160 344 1825 173 850 193 293 193 1309 160 352 178 164 236 1801 2414 665 219
internal_value=-0.000539315 -0.0383644 0.0360034 0.0204202 0.00227389 0.114491 -0.01121 0.0468691 0.100786 0.0834846 -0.0704433 0.153817 0.160975 0.0362612 0.0340827 0.0891487 -0.0118659 0.187918 0.0496107 0.0797272 0.00722092 0.211903 0.0448027 0.0411869 0.242627 0.0262364 -0.0309464 -0.0851872 0.0527409 -0.00174956
internal_weight=22827 11217 11610 9687 4948 1923 4411 5276 1011 734 6269 1209 487 1295 4265 517 4214 808 2976 1151 2395 320 524 525 357 1545 3116 4372 858 1289
internal_count=22827 11217 11610 9687 4948 1923 4411 5276 1011 734 6269 1209 487 1295 4265 517 4214 808 2976 1151 2395 320 524 525 357 1545 3116 4372 858 1289
is_linear=0
shrinkage=0.0161


Tree=4
num_leaves=31
num_cat=0
split_feature=215 535 419 480 485 540 543 273 453 393 254 509 336 394 450 200 400 454 140 224 65 395 417 562 424 157 57 70 288 90
split_gain=112884 58732.9 53484.8 28426.9 17493.2 17095.8 14796.7 12490.3 11044.4 10801.2 10765.2 12328.9 9017.7 8457.88 7584.03 8387.79 7509.66 7256.72 7036.74 6881.11 6737.59 5873.31 5834.1 7597.04 5420.15 5161.19 4985.02 4820.39 5699.61 4731.93
threshold=6.5000000000000009 90.500000000000014 24.500000000000004 27.500000000000004 218.50000000000003 215.15000152587893 77.450000762939467 6.5000000000000009 13.500000000000002 20.000000000000004 10.500000000000002 226.50000000000003 20.000000000000004 10.500000000000002 20.000000000000004 20.000000000000004 24.500000000000004 4.5000000000000009 29.500000000000004 8.0000000000000018 8.0000000000000018 16.500000000000004 24.500000000000004 124.35000228881837 20.000000000000004 16.500000000000004 20.000000000000004 5.5000000000000009 6.5000000000000009 20.000000000000004
decision_type=2 2 2 2 2 10 8 2 2 2 2 2 2 2 2 2 2 2 2 2 2 2 2 10 2 2 2 2 2 2
left_child=1 6 3 9 16 8 -1 22 -4 -2 -6 -12 14 -10 24 -16 19 -8 27 29 -18 -15 -5 -24 -9 -23 -19 -14 -29 -3
right_child=2 4 5 7 10 -7 17 12 13 -11 11 -13 18 21 15 -17 20 26 -20 -21 -22 25 23 -25 -26 -27 -28 28 -30 -31
leaf_value=-0.091645090792529249 -0.047355520771583469 -0.044598452006758313 0.050911082735224121 0.00032426476073325286 0.027713220511402917 0.25539722193900088 -0.068303107329685558 0.012600281833678282 0.046727014899107223 0.041125970111074474 0.050383123655978176 0.24146701421261638 0.0071208021128307932 0.10966317457650386 0.054458527389393468 0.18319317059486984 -0.0012011649726766859 -0.037058126352602347 0.18942314966445925 0.017603742632529736 0.12087288907701257 0.14836333512911487 -0.00021363875171902401 0.15054999670148861 0.070068241689497379 0.26268703552148759 0.022195452939454966 0.03238188484787529 0.1234523196991289 0.026086158669316475
leaf_weight=2809 1784 1452 771 2394 431 196 1900 1909 234 447 172 179 213 363 568 171 245 2116 163 1185 224 236 183 164 548 183 445 267 540 295
leaf_count=2809 1784 1452 771 2394 431 196 1900 1909 234 447 172 179 213 363 568 171 245 2116 163 1185 224 236 183 164 548 183 445 267 540 295
internal_value=0.000611026 -0.0350355 0.0366339 0.020525 0.013025 0.112585 -0.0626917 0.0362399 0.0969076 -0.0296169 0.0816879 0.147898 0.053112 0.131789 0.0390427 0.0842788 -0.00275589 -0.044455 0.0911019 -0.0123308 0.0570527 0.157213 0.00927668 0.0709728 0.0254273 0.198351 -0.026753 0.0753667 0.0933504 -0.0326491
internal_weight=22787 11453 11334 9351 4183 1983 7270 7120 1787 2231 782 351 4379 1016 3196 739 3401 4461 1183 2932 469 782 2741 347 2457 419 2561 1020 807 1747
internal_count=22787 11453 11334 9351 4183 1983 7270 7120 1787 2231 782 351 4379 1016 3196 739 3401 4461 1183 2932 469 782 2741 347 2457 419 2561 1020 807 1747
is_linear=0
shrinkage=0.0161


Tree=5
num_leaves=31
num_cat=0
split_feature=155 479 506 481 94 508 139 540 59 154 130 299 547 225 299 393 337 72 77 545 169 156 522 179 544 212 159 269 479 15
split_gain=109538 55182 53807.5 29245.9 18783.9 17681.4 13351.8 12706.2 12323.1 12194.3 11761.2 11383.2 10111.1 9071.56 7787.48 7615.76 7240.52 6966.45 6304.89 6255.41 8708.52 5978.33 5689.32 5469.34 5426.98 5416.23 5120.24 7042.33 4864.58 4732.19
threshold=6.5000000000000009 20.000000000000004 64.500000000000014 66.500000000000014 13.500000000000002 221.50000000000003 13.500000000000002 210.94999694824222 29.500000000000004 8.0000000000000018 6.5000000000000009 8.0000000000000018 240.75000000000003 13.500000000000002 20.000000000000004 5.5000000000000009 13.500000000000002 24.500000000000004 29.500000000000004 203.05000305175784 8.0000000000000018 8.0000000000000018 172.50000000000003 24.500000000000004 71.049999237060561 13.500000000000002 10.500000000000002 6.5000000000000009 24.500000000000004 10.500000000000002
decision_type=2 2 2 2 2 2 2 10 2 2 2 2 10 2 2 2 2 2 2 8 2 2 2 2 8 2 2 2 2 2
left_child=2 3 11 9 26 13 -7 8 16 -2 18 24 15 14 -4 -12 -6 25 -5 23 -21 -11 -22 -17 -1 -15 -3 -28 -13 -16
right_child=1 4 5 10 7 6 -8 -9 -10 21 12 28 -14 17 29 19 -18 -19 -20 20 22 -23 -24 -25 -26 -27 27 -29 -30 -31
leaf_value=-0.11531681677728695 -0.047178105098564467 0.020032314625951179 -0.033507453149788473 0.00037717063573557055 0.054789158671364677 0.028450159332816582 0.17657032311001472 0.26942896134902122 0.19218377119041505 -0.023185131322122281 0.010179528054032473 -0.048444369794849056 0.17087863555346361 -0.01233898630801487 -0.00221292740266373 0.037756375522419339 0.14679542640430193 0.1134867374915569 0.086071171114401102 0.052020512886644138 0.23723639947316405 0.034157090162759703 0.10194008498959231 0.12954349948437294 -0.072820639599738377 0.073408043122994565 0.0078265492328121189 0.13625368515480846 0.01730833782944741 0.10830727933258782
leaf_weight=1049 1884 660 2789 1802 621 490 233 164 421 806 785 1474 202 718 258 1243 346 206 254 330 162 1134 162 195 3059 260 175 303 363 164
leaf_count=1049 1884 660 2789 1802 621 490 233 164 421 806 785 1474 202 718 258 1243 346 206 254 330 162 1134 162 195 3059 260 175 303 363 164
internal_value=0.000449597 0.0349073 -0.0358312 0.0157031 0.098858 0.00243242 0.0762172 0.135297 0.119432 -0.0180012 0.040807 -0.068776 0.0607194 -0.00970019 -0.0237499 0.0529768 0.087734 0.0283826 0.0109753 0.0690247 0.110337 0.0103213 0.169661 0.0502195 -0.083678 0.0104327 0.0491414 0.0892846 -0.0354385 0.0406823
internal_weight=22712 11649 11063 8959 2690 5118 723 1552 1388 3824 5135 5945 3079 4395 3211 2877 967 1184 2056 2092 654 1940 324 1438 4108 978 1138 478 1837 422
internal_count=22712 11649 11063 8959 2690 5118 723 1552 1388 3824 5135 5945 3079 4395 3211 2877 967 1184 2056 2092 654 1940 324 1438 4108 978 1138 478 1837 422
is_linear=0
shrinkage=0.0161


Tree=6
num_leaves=31
num_cat=0
split_feature=214 480 419 542 36 157 299 489 155 138 479 189 68 397 485 58 562 464 547 510 156 157 144 319 246 448 94 581 274 190
split_gain=108047 66604.5 50654.5 20976.8 16902.2 13091.2 12184.5 11891 11021.2 9783.26 8618.44 9722.89 7942.33 7555.84 7271.87 7151.64 9292.97 6936.54 6778.25 6310.92 6118.87 6065.78 6111.35 6566.27 5228.99 5241.22 5357.49 5706.73 4881.74 4874.3
threshold=10.500000000000002 43.500000000000007 24.500000000000004 210.94999694824222 6.5000000000000009 5.5000000000000009 6.5000000000000009 32.500000000000007 10.500000000000002 20.000000000000004 16.500000000000004 6.5000000000000009 8.0000000000000018 16.500000000000004 221.50000000000003 13.500000000000002 224.44999694824222 20.000000000000004 178.05000305175784 107.50000000000001 4.5000000000000009 10.500000000000002 20.000000000000004 16.500000000000004 6.5000000000000009 5.5000000000000009 4.5000000000000009 112.25000000000001 13.500000000000002 10.500000000000002
decision_type=2 2 2 10 2 2 2 2 2 2 2 2 2 2 2 2 8 2 8 2 2 2 2 2 2 2 2 8 2 2
left_child=1 6 4 5 -2 17 20 -6 -4 13 11 -9 14 -5 -7 19 -17 -3 -19 -10 -1 -13 23 -23 -14 -26 -27 -28 -8 -12
right_child=2 3 8 9 7 12 28 10 15 -11 29 21 24 -15 -16 16 -18 18 -20 -21 -22 22 -24 -25 25 26 27 -29 -30 -31
leaf_value=-0.10392003915097085 -0.015477690009170927 -0.04070504806651052 0.0715972951237802 0.016946342667409311 -0.0023966624757711624 -0.016599290024221669 -0.043829423703104615 0.0032887289745038824 0.1647046585181117 0.18355244118268982 0.071429084775899279 0.035673611403881783 0.0038776222717679626 0.14398183800475536 0.088476896723433618 0.15595675210853724 0.29645637303557043 -0.01991805384626277 0.099392678693174863 0.040674594056021619 -0.063681498238368828 0.038131450903840784 0.17222729224155575 0.14520170444309283 0.0039747549921447869 0.13307621079058937 0.13419137576642132 0.024813878347839494 0.041035500281821055 0.15580129471465917
leaf_weight=1879 1714 2665 543 461 1072 2206 2292 914 252 186 407 773 934 165 185 403 176 345 192 185 2057 451 215 222 400 278 160 548 190 317
leaf_count=1879 1714 2665 543 461 1072 2206 2292 914 252 186 407 773 934 165 185 403 176 345 192 185 2057 451 215 222 400 278 160 548 190 317
internal_value=-0.000997682 -0.025907 0.0483453 0.00304981 0.0273623 -0.00494427 -0.0652762 0.0441665 0.13023 0.0809816 0.0593042 0.04549 0.0121248 0.0504677 -0.00845934 0.161543 0.198705 -0.0300647 0.0226967 0.112252 -0.0828969 0.0686979 0.0974189 0.0734853 0.0333489 0.0531922 0.0731348 0.0495652 -0.0373234 0.108404
internal_weight=22787 15143 7644 8725 6085 7913 6418 4371 1559 812 3299 2575 4711 626 2391 1016 579 3202 537 437 3936 1661 888 673 2320 1386 986 708 2482 724
internal_count=22787 15143 7644 8725 6085 7913 6418 4371 1559 812 3299 2575 4711 626 2391 1016 579 3202 537 437 3936 1661 888 673 2320 1386 986 708 2482 724
is_linear=0
shrinkage=0.0161


Tree=7
num_leaves=31
num_cat=0
split_feature=215 497 479 542 214 274 486 419 455 58 277 484 421 481 346 155 129 477 419 364 153 259 213 471 200 358 383 135 189 9
split_gain=108684 52491.5 52033.3 29310 21720 14658.4 13863.2 11664.1 10547.1 9620.26 9601.13 9598.61 9087.51 8985.64 8481.06 8181.86 7931.75 7573.26 7519.93 7332.66 6152.85 5403.38 5393.19 5103.09 5031.36 5011.71 4907.45 4839.64 4495.82 4228.56
threshold=6.5000000000000009 78.500000000000014 24.500000000000004 191.15000152587893 10.500000000000002 13.500000000000002 37.500000000000007 16.500000000000004 24.500000000000004 16.500000000000004 5.5000000000000009 219.50000000000003 10.500000000000002 34.500000000000007 13.500000000000002 35.500000000000007 8.0000000000000018 10.500000000000002 43.500000000000007 16.500000000000004 20.000000000000004 13.500000000000002 13.500000000000002 8.0000000000000018 29.500000000000004 29.500000000000004 4.5000000000000009 10.500000000000002 13.500000000000002 5.5000000000000009
decision_type=2 2 2 10 2 2 2 2 2 2 2 2 2 2 2 2 2 2 2 2 2 2 2 2 2 2 2 2 2 2
left_child=1 7 3 4 6 18 -2 13 9 -7 -6 12 -3 -1 23 24 22 -16 -4 -18 -10 -13 -14 27 29 -9 -8 -5 -17 -12
right_child=2 11 5 14 10 8 26 25 20 -11 15 21 16 -15 17 28 19 -19 -20 -21 -22 -23 -24 -25 -26 -27 -28 -29 -30 -31
leaf_value=-0.087110297068551085 -0.05202867583553486 -0.023138003809311629 0.034034527363188238 0.045701778048580728 -0.0046173844461643281 0.061652827389370515 -0.029525160840143654 -0.029448555095143537 0.14908585552014333 0.17570310793699329 -0.013485620650729667 0.024579292594044663 -0.024768164704087915 -0.044917927060629352 0.085702121277480239 0.056563824696647697 0.036470008154583067 0.21505156309555745 0.13387341769431593 0.15937183865709575 0.28381126130667661 0.11101656324259811 0.066272456880279079 0.019179715784292579 0.11467865320227766 0.0650118780047272 0.019354097203677638 0.16931481262420223 0.15411651474528207 0.043959254688636581
leaf_weight=3676 1667 2333 693 170 1028 416 718 889 167 357 419 479 692 2036 247 217 432 225 273 178 188 309 223 382 211 174 2058 160 284 1592
leaf_count=3676 1667 2333 693 170 1028 416 718 889 167 357 419 479 692 2036 247 217 432 225 273 178 188 309 223 382 211 174 2058 160 284 1592
internal_value=0.000778932 -0.0343781 0.0357817 0.0195762 0.00875354 0.108347 -0.0153275 -0.0629611 0.147782 0.114356 0.0372834 0.00729792 -0.00315487 -0.0720753 0.0944557 0.0531107 0.0274006 0.147412 0.0622742 0.0723717 0.2205 0.058504 -0.0025544 0.0593166 0.0398424 -0.0139644 0.00670322 0.105707 0.11191 0.0319787
internal_weight=22893 11421 11472 9378 8194 2094 4443 6775 1128 773 3751 4646 3858 5712 1184 2723 1525 472 966 610 355 788 915 712 2222 1063 2776 330 501 2011
internal_count=22893 11421 11472 9378 8194 2094 4443 6775 1128 773 3751 4646 3858 5712 1184 2723 1525 472 966 610 355 788 915 712 2222 1063 2776 330 501 2011
is_linear=0
shrinkage=0.0161


Tree=8
num_leaves=31
num_cat=0
split_feature=480 479 274 274 217 419 239 547 568 560 485 35 453 546 155 236 456 453 512 514 442 451 499 155 335 463 484 380 236 59
split_gain=100041 44412.7 41975.1 20070.5 17982.2 17923.3 14380.9 13321.2 11421.3 11330.2 10857.1 9691.63 9191.03 8364.33 7841.32 6714.75 6724.02 6688.89 6580.6 8919.12 6572.73 5993.69 5879.08 5854.06 5396.41 5395.62 5278.04 4772.42 4642.49 4308.19
threshold=43.500000000000007 20.000000000000004 13.500000000000002 13.500000000000002 5.5000000000000009 24.500000000000004 8.0000000000000018 240.75000000000003 220.15000152587893 200.34999847412112 207.50000000000003 10.500000000000002 35.500000000000007 150.65000152587893 13.500000000000002 24.500000000000004 6.5000000000000009 16.500000000000004 99.500000000000014 45.500000000000007 10.500000000000002 10.500000000000002 21.500000000000004 5.5000000000000009 5.5000000000000009 20.000000000000004 283.50000000000006 5.5000000000000009 20.000000000000004 24.500000000000004
decision_type=2 2 2 2 2 2 2 10 10 10 2 2 2 10 2 2 2 2 2 2 2 2 2 2 2 2 2 2 2 2
left_child=2 4 6 8 10 14 24 11 15 12 21 13 -5 -6 -4 16 -3 27 19 -19 -12 -2 -16 -8 -1 -15 -9 -13 -25 -7
right_child=1 3 5 9 7 29 23 26 -10 -11 20 17 -14 25 22 -17 -18 18 -20 -21 -22 -23 -24 28 -26 -27 -28 -29 -30 -31
leaf_value=-0.092336902323525455 -0.043539544399032799 -0.023031800903658761 -0.033518534786701942 0.079759685503382749 -0.015553038352522787 0.074011470339830035 -0.055215943420198386 0.18687370283456936 0.17338557586856557 0.23753703284296956 -0.0029959838697425057 -0.01421719092875884 0.1908675111340207 0.018223251343012416 -0.010575954625391326 0.11230611054951699 0.049450897194213861 0.034933668378235742 0.043227714107544897 0.18435983496436956 0.10497697939697945 0.00056727144596548725 0.08000673687831826 -0.017463226506108171 -0.057570979725313977 0.097843245121299702 0.058690506916818617 0.039910943125476106 0.06678353155476778 0.19071108401971817
leaf_weight=2760 2173 573 830 755 2271 169 997 174 165 213 311 598 260 994 343 234 787 177 740 251 275 1261 404 880 2002 284 161 1432 210 161
leaf_count=2760 2173 573 830 755 2271 169 997 174 165 213 311 598 260 994 343 234 787 177 740 251 275 1261 404 880 2002 284 161 1432 210 161
internal_value=-0.000938772 0.0256205 -0.0436771 0.0807307 0.0107909 0.0231186 -0.0622788 0.0262299 0.0458399 0.130689 -0.0164019 0.0213054 0.108244 0.00298125 0.000524865 0.0326225 0.0188949 0.0416334 0.07234 0.122619 0.0476338 -0.0273362 0.0383824 -0.0270213 -0.0777258 0.035935 0.125339 0.0239542 -0.00121061 0.131018
internal_weight=22845 14089 8756 2987 11102 1907 6849 7082 1759 1228 4020 6747 1015 3549 1577 1594 1360 3198 1168 428 586 3434 747 2087 4762 1278 335 2030 1090 330
internal_count=22845 14089 8756 2987 11102 1907 6849 7082 1759 1228 4020 6747 1015 3549 1577 1594 1360 3198 1168 428 586 3434 747 2087 4762 1278 335 2030 1090 330
is_linear=0
shrinkage=0.0161


Tree=9
num_leaves=31
num_cat=0
split_feature=480 214 299 508 215 541 334 239 217 275 96 236 319 318 511 167 539 426 570 69 57 493 504 392 231 227 239 262 562 563
split_gain=103668 40789.2 39522.4 23661.4 17777 17493.6 16908 15039.2 13101.5 11091.1 9903.28 9062.2 8945.35 8467.14 8409.21 8679.6 8067.15 7701.11 7228.59 7322.83 6679.47 6562.46 6245.59 6055.09 5932.92 5489.79 5409.55 5092.23 5379.4 5054.08
threshold=43.500000000000007 10.500000000000002 16.500000000000004 180.50000000000003 6.5000000000000009 195.05000305175784 13.500000000000002 29.500000000000004 5.5000000000000009 10.500000000000002 8.0000000000000018 43.500000000000007 20.000000000000004 35.500000000000007 106.50000000000001 10.500000000000002 103.50000000000001 20.000000000000004 247.34999847412112 29.500000000000004 29.500000000000004 70.500000000000014 34.500000000000007 13.500000000000002 5.5000000000000009 8.0000000000000018 16.500000000000004 13.500000000000002 218.75000000000003 240.75000000000003
decision_type=2 2 2 2 2 10 2 2 2 2 2 2 2 2 2 2 2 2 10 2 2 2 2 2 2 2 2 2 8 10
left_child=2 3 4 8 -1 7 -4 10 26 -8 20 17 29 18 15 -12 -9 25 19 27 23 -17 -6 -3 -19 -10 -2 -5 -29 -7
right_child=1 5 6 13 22 12 9 16 11 -11 14 -13 -14 -15 -16 21 -18 24 -20 -21 -22 -23 -24 -25 -26 -27 -28 28 -30 -31
leaf_value=-0.076831874948241244 -0.043076204675906574 -0.033508954675841099 -0.0076198368088322881 -0.00011742766671805158 -0.040748411472048933 0.072550754046949134 0.017069051312231198 0.18940507229511117 -0.022597242511948307 0.16604703176142466 0.052683375603229554 0.12733496120324611 0.21250023221583683 0.16488584158646633 0.031988996466054534 0.081088485719602379 0.069513160941409011 -0.011278932888320445 0.13642529009869622 0.12157161022985072 0.10208340016400295 0.20341801699615561 0.01221209646752482 0.038188629719105381 0.092493864049445498 0.0210020917051442 0.016576655685465003 0.021022431855615382 0.13353339258711611 0.16929302226606499
leaf_weight=4471 2370 807 885 947 1901 531 216 278 1717 325 602 170 236 170 1319 216 307 214 204 218 166 242 828 491 427 1327 472 283 181 191
leaf_count=4471 2370 807 885 947 1901 531 216 278 1717 325 602 170 236 170 1319 216 307 214 204 218 166 242 828 491 427 1327 472 283 181 191
internal_value=0.00222728 0.0291455 -0.0417267 0.00758596 -0.0570648 0.0639663 0.0357003 0.0504612 -0.0069316 0.106609 0.0388759 0.0123991 0.126364 0.0561369 0.0591516 0.092929 0.126528 0.00709036 0.0460383 0.0347046 0.0059117 0.145777 -0.0246712 -0.00636947 0.0578122 -0.00358284 -0.0331608 0.021267 0.0649621 0.0981758
internal_weight=22712 14086 8626 8700 7200 5386 1426 4428 6697 541 3843 3855 958 2003 2379 1060 585 3685 1833 1629 1464 458 2729 1298 641 3044 2842 1411 464 722
internal_count=22712 14086 8626 8700 7200 5386 1426 4428 6697 541 3843 3855 958 2003 2379 1060 585 3685 1833 1629 1464 458 2729 1298 641 3044 2842 1411 464 722
is_linear=0
shrinkage=0.0161


Tree=10
num_leaves=31
num_cat=0
split_feature=214 481 419 239 484 540 335 405 478 505 545 394 336 333 357 67 543 155 573 427 104 465 490 397 329 35 275 108 0 153
split_gain=100650 61796 38418.8 16623.2 15007.9 14411 12816.3 12154.3 12044.4 9199.05 8805.82 8693.56 8522.67 6606.99 6598 6475.67 6345.15 6101.24 5918.4 5669.76 5655.5 5410.58 5153.01 5071.68 6320.58 5006.36 4803.97 4565.82 4283.49 4238.26
threshold=10.500000000000002 61.500000000000007 20.000000000000004 8.0000000000000018 193.50000000000003 205.94999694824222 10.500000000000002 24.500000000000004 52.000000000000007 68.500000000000014 203.05000305175784 10.500000000000002 8.0000000000000018 24.500000000000004 29.500000000000004 8.0000000000000018 71.250000000000014 6.5000000000000009 240.75000000000003 8.0000000000000018 24.500000000000004 16.500000000000004 152.50000000000003 13.500000000000002 8.0000000000000018 6.5000000000000009 24.500000000000004 8.0000000000000018 13.500000000000002 16.500000000000004
decision_type=2 2 2 2 2 10 2 2 2 2 10 2 2 2 2 2 8 2 10 2 2 2 2 2 2 2 2 2 2 2
left_child=1 3 6 16 12 8 9 14 11 -2 13 -4 20 -8 18 -15 -1 -5 -6 -14 22 -22 -3 27 -25 -18 -13 -21 -17 -11
right_child=2 4 5 17 7 -7 10 -9 -10 29 -12 26 19 15 -16 28 25 -19 -20 23 21 -23 -24 24 -26 -27 -28 -29 -30 -31
leaf_value=-0.10168768855705464 -0.033724370444094751 -0.042447889244899943 0.011324926394768663 -0.042833093630184969 0.0043695228524992169 0.23102929642176426 0.022401122489278547 0.14281722597254384 0.19910482884995084 0.0071129199192300997 0.12859583417503387 0.078420738198143131 -0.0055186442390522672 0.0049931097027740064 0.12607685263239266 0.069619354420939028 -0.076821358408173307 0.01104990613646532 0.10794270797701835 -0.028483217333989709 -0.01163960064178419 0.10430552377624651 0.0082631081036148666 0.019897234393644939 0.13218652518542029 -0.03968393723024944 0.15316224684592397 0.054175963220886483 0.16033664068979969 0.064488251500146171
leaf_weight=1428 1179 2149 400 1305 1122 219 1865 298 238 995 318 825 1329 224 164 324 2366 934 164 337 280 166 684 242 282 1568 307 356 233 503
leaf_count=1428 1179 2149 400 1305 1122 219 1865 298 238 995 318 825 1329 224 164 324 2366 934 164 337 280 166 684 242 282 1568 307 356 233 503
internal_value=-0.000788364 -0.0247744 0.0469102 -0.0572053 0.00777338 0.107755 0.0254524 0.0491487 0.092489 -7.43421e-05 0.0485153 0.0759105 -0.00463873 0.0388822 0.029882 0.0782082 -0.0725925 -0.0203453 0.0175962 0.0174569 -0.0218022 0.0314621 -0.0301959 0.0425662 0.0803726 -0.0620252 0.0987115 0.0139455 0.10761 0.0263942
internal_weight=22804 15174 7630 7601 7573 1989 5641 1748 1770 2677 2964 1532 5825 2646 1450 781 5362 2239 1286 2546 3279 446 2833 1217 524 3934 1132 693 557 1498
internal_count=22804 15174 7630 7601 7573 1989 5641 1748 1770 2677 2964 1532 5825 2646 1450 781 5362 2239 1286 2546 3279 446 2833 1217 524 3934 1132 693 557 1498
is_linear=0
shrinkage=0.0161


Tree=11
num_leaves=31
num_cat=0
split_feature=214 508 419 155 275 498 481 155 524 561 333 456 166 495 394 516 281 29 524 233 359 450 435 275 416 497 248 478 401 235
split_gain=105701 49994.5 43599.1 17410.6 15024.9 15024.4 14315.5 13257.5 10168.3 9470.89 7914.26 8081.71 7873.45 7100.2 6960.54 7629.17 6862.7 7062.29 6818.29 9907.73 6403.81 5976.04 5432.84 4947 4899.19 4475.66 4209.72 4043.31 4349.66 3883.91
threshold=8.0000000000000018 73.500000000000014 24.500000000000004 20.000000000000004 5.5000000000000009 87.500000000000014 198.50000000000003 5.5000000000000009 126.50000000000001 215.15000152587893 20.000000000000004 29.500000000000004 10.500000000000002 58.500000000000007 29.500000000000004 105.50000000000001 8.0000000000000018 13.500000000000002 127.50000000000001 8.0000000000000018 13.500000000000002 35.500000000000007 43.500000000000007 6.5000000000000009 24.500000000000004 161.50000000000003 10.500000000000002 35.500000000000007 8.0000000000000018 16.500000000000004
decision_type=2 2 2 2 2 2 2 2 2 10 2 2 2 2 2 2 2 2 2 2 2 2 2 2 2 2 2 2 2 2
left_child=1 4 3 5 20 23 16 -4 -8 14 26 -12 -6 -14 27 -16 25 -18 -19 -20 -1 22 -7 -2 -10 -3 -5 28 -9 -25
right_child=2 6 7 10 12 21 8 9 24 -11 11 -13 13 -15 15 -17 17 18 19 -21 -22 -23 -24 29 -26 -27 -28 -29 -30 -31
leaf_value=-0.085819058931815892 -0.042352786087534407 -0.038672088098748177 0.0082454618422969656 0.0064924696640066412 -0.048287405190377768 0.020076529708405153 0.15068191042365861 0.030942737148043131 0.016652425923036257 0.23956674251699089 0.076252201192485464 0.20223971463347343 -0.021179999997839281 0.072013703830099016 0.22228396148395368 0.08301331226228259 -0.0089106695900731479 0.0057481767174201439 0.19092323660500582 0.023235435100827519 -0.03129448068454261 0.10589006157966378 0.10968226819676914 -0.01203787134284969 0.10822802176315491 0.01051832483612424 0.065648101624777327 0.14433593461741265 0.1081068342534266 0.051739889178501669
leaf_weight=3558 1230 1844 288 566 2272 2308 226 360 908 173 573 172 752 295 262 168 1291 385 174 193 664 276 190 1197 182 647 697 270 402 312
leaf_count=3558 1230 1844 288 566 2272 2308 226 360 908 173 573 172 752 295 262 168 1291 385 174 193 664 276 190 1197 182 647 697 270 402 312
internal_value=-0.000605861 -0.0296964 0.0406403 0.0231443 -0.0570963 0.00835571 0.0056196 0.109056 0.0523701 0.126799 0.063735 0.105371 -0.0314529 0.00505554 0.113439 0.167926 -0.00794462 0.0139197 0.0531452 0.102803 -0.0772495 0.0347689 0.0269014 -0.0183864 0.0319646 -0.0258862 0.0391568 0.0907133 0.0716822 0.00113319
internal_weight=22835 13391 9444 7521 7541 5513 5850 1923 1316 1635 2008 745 3319 1047 1462 430 4534 2043 752 367 4222 2774 2498 2739 1090 2491 1263 1032 762 1509
internal_count=22835 13391 9444 7521 7541 5513 5850 1923 1316 1635 2008 745 3319 1047 1462 430 4534 2043 752 367 4222 2774 2498 2739 1090 2491 1263 1032 762 1509
is_linear=0
shrinkage=0.0161


Tree=12
num_leaves=31
num_cat=0
split_feature=215 479 506 508 299 17 453 224 483 359 254 262 177 481 293 599 551 485 401 34 278 276 333 57 37 407 70 434 98 222
split_gain=95372.2 49717.4 49194.1 15557 14043.2 13352.9 13205.9 11725.7 11136 10364.4 9090.6 7983.21 7289.75 7268.07 6760.02 6626.77 8050.79 6471.21 6493.37 6020.37 5958.97 5629.32 5455.12 5127.62 5001.04 4782.12 5293.29 4399.01 4306.02 4007.7
threshold=8.0000000000000018 16.500000000000004 64.500000000000014 211.50000000000003 8.0000000000000018 52.000000000000007 16.500000000000004 8.0000000000000018 25.500000000000004 24.500000000000004 35.500000000000007 24.500000000000004 24.500000000000004 219.50000000000003 4.5000000000000009 100.45000076293947 80.250000000000014 212.50000000000003 8.0000000000000018 6.5000000000000009 20.000000000000004 6.5000000000000009 8.0000000000000018 29.500000000000004 4.5000000000000009 6.5000000000000009 13.500000000000002 16.500000000000004 4.5000000000000009 6.5000000000000009
decision_type=2 2 2 2 2 2 2 2 2 2 2 2 2 2 2 10 10 2 2 2 2 2 2 2 2 2 2 2 2 2
left_child=2 5 4 7 22 8 13 20 -2 25 12 17 21 -3 -10 16 -11 -5 -19 29 28 -9 -1 -6 -21 -8 -27 -23 -4 -16
right_child=1 6 3 11 23 -7 9 10 14 15 -12 -13 -14 -15 19 -17 -18 18 -20 24 -22 27 -24 -25 -26 26 -28 -29 -30 -31
leaf_value=-0.082227112119555051 -0.030120919682967338 0.04804979786429054 -0.063215357587179111 -0.0012425336622916626 -0.032687286128552484 0.11746099111346682 0.031397909301608649 -0.029240889328536818 -0.012730986010667035 0.15403428048796489 0.12438431733268268 0.16423384741154048 0.086642908256029327 0.15340586361400907 -0.030599773098310985 0.12174866135152103 0.30508088886525675 0.018244023696098937 0.14504355921209289 -0.0066066784744744141 0.031797461016929124 0.0072784449371240661 -0.041625930600217513 0.042751581972335091 0.055728296239438056 0.070645458989021678 0.18772132153978774 0.092208470889888608 -0.020249546012717577 0.02912979531937885
leaf_weight=3659 1410 1281 936 433 1954 313 256 886 1153 206 204 167 287 196 537 325 166 193 230 395 392 616 1124 265 2124 238 174 213 1715 636
leaf_count=3659 1410 1281 936 433 1954 313 256 886 1153 206 204 167 287 196 537 325 166 193 230 395 392 616 1124 265 2124 238 174 213 1715 636
internal_value=-2.74867e-05 0.0391802 -0.0278238 0.00492111 -0.0571582 0.0148326 0.0954405 -0.0062688 0.00969333 0.131557 0.0219875 0.0623594 0.0115417 0.0620466 0.021285 0.175021 0.2215 0.0424569 0.087245 0.0319145 -0.0267607 -0.00101249 -0.0726908 -0.0236675 0.0459443 0.0861708 0.120147 0.0291284 -0.0354285 0.0017655
internal_weight=22684 9410 13274 6272 7002 6568 2842 5249 6255 1365 2206 1023 2002 1477 4845 697 372 856 423 3692 3043 1715 4783 2219 2519 668 412 829 2651 1173
internal_count=22684 9410 13274 6272 7002 6568 2842 5249 6255 1365 2206 1023 2002 1477 4845 697 372 856 423 3692 3043 1715 4783 2219 2519 668 412 829 2651 1173
is_linear=0
shrinkage=0.0161


Tree=13
num_leaves=31
num_cat=0
split_feature=155 419 506 480 154 542 508 276 540 394 377 299 513 157 247 429 485 104 209 94 594 535 154 108 333 219 253 154 176 557
split_gain=89788.1 44644.8 44242.3 26329.6 16398.6 13823.9 13703.9 12019.8 11017.9 12389.1 9707.96 9421.26 7943.88 10507.7 7235 6921.6 6720.83 8282.86 6084.09 6031.79 6527.81 5445.73 5223.42 5167.83 4840.84 4459.97 4427.58 4258.52 4238.31 4204.45
threshold=6.5000000000000009 20.000000000000004 64.500000000000014 34.500000000000007 10.500000000000002 216.75000000000003 221.50000000000003 10.500000000000002 198.94999694824222 10.500000000000002 13.500000000000002 8.0000000000000018 110.50000000000001 20.000000000000004 16.500000000000004 16.500000000000004 108.50000000000001 24.500000000000004 20.000000000000004 20.000000000000004 115.85000228881837 257.50000000000006 16.500000000000004 10.500000000000002 24.500000000000004 6.5000000000000009 13.500000000000002 13.500000000000002 24.500000000000004 186.44999694824222
decision_type=2 2 2 2 2 10 2 2 10 2 2 2 2 2 2 2 2 2 2 2 10 2 2 2 2 2 2 2 2 8
left_child=2 3 11 22 28 7 10 18 9 -6 29 -1 13 24 -9 -7 -12 26 27 -16 -21 23 -2 -8 -11 -20 -18 -5 -3 -4
right_child=1 4 6 5 8 15 21 14 -10 12 16 -13 -14 -15 19 -17 17 -19 25 20 -22 -23 -24 -25 -26 -27 -28 -29 -30 -31
leaf_value=-0.077015861915207443 -0.043043144719577306 0.019981673114173627 -0.03781553636774572 -0.023066320459352266 0.014607127978703239 0.064391851797739347 0.14343862394717311 0.030171691861032812 0.22313430941306486 0.080706654656950344 -0.0143398105627668 -0.033405663948115089 0.066323219884239101 0.25867502849640905 0.051390396360525899 0.17853726144588827 -0.0018457242349847588 0.15888262298274705 -0.0016361219388206282 0.20334002630013487 0.063452596023142169 0.00043314869384151805 0.0086217855453093462 0.038446413899463641 0.17741769188686596 0.099604837763974927 0.09078686019206611 0.020571954594286793 0.10665774926416606 0.0031670562215830042
leaf_weight=4090 1931 786 2118 1693 320 396 272 1828 230 316 583 1875 362 199 507 212 387 166 199 187 162 223 687 221 235 259 204 881 180 934
leaf_count=4090 1931 786 2118 1693 320 396 272 1828 230 316 583 1875 362 199 507 212 387 166 199 187 162 223 687 221 235 259 204 881 180 934
internal_value=-0.000758104 0.030605 -0.0335311 0.0134568 0.0889443 0.031234 0.00124138 0.0234654 0.119612 0.102968 -0.00940144 -0.0633117 0.128374 0.158293 0.0482799 0.104231 0.0267142 0.0583629 0.00149114 0.0869228 0.138474 0.0665581 -0.0294766 0.0964209 0.121996 0.0555645 0.0300891 -0.00812115 0.0361569 -0.025266
internal_weight=22643 11570 11073 8942 2628 6324 5108 5716 1662 1432 4392 5965 1112 750 2684 608 1340 757 3032 856 349 716 2618 493 551 458 591 2574 966 3052
internal_count=22643 11570 11073 8942 2628 6324 5108 5716 1662 1432 4392 5965 1112 750 2684 608 1340 757 3032 856 349 716 2618 493 551 458 591 2574 966 3052
is_linear=0
shrinkage=0.0161


Tree=14
num_leaves=31
num_cat=0
split_feature=213 491 479 155 155 155 276 480 502 541 346 141 2 176 198 337 412 138 481 422 95 359 216 295 460 538 520 563 310 541
split_gain=91412.8 51998.5 37964.6 15443.8 14853.5 13123.8 12376.9 10920.2 10737 8058.48 7807.85 7610.66 8440.2 7214.29 6704.15 6298.37 6763.29 6219.7 5847.36 5841.39 5725.21 5657.74 7029.69 5119.22 5066.11 5019.59 7867.86 7544.62 4617.44 4587.81
threshold=10.500000000000002 56.500000000000007 20.000000000000004 6.5000000000000009 24.500000000000004 5.5000000000000009 16.500000000000004 34.500000000000007 197.50000000000003 244.44999694824222 8.0000000000000018 6.5000000000000009 16.500000000000004 20.000000000000004 5.5000000000000009 16.500000000000004 13.500000000000002 10.500000000000002 28.500000000000004 10.500000000000002 13.500000000000002 8.0000000000000018 10.500000000000002 13.500000000000002 4.5000000000000009 76.500000000000014 108.50000000000001 224.44999694824222 10.500000000000002 72.549999237060561
decision_type=2 2 2 2 2 2 2 2 2 10 2 2 2 2 2 2 2 2 2 2 2 2 2 2 2 2 2 8 2 8
left_child=1 5 4 8 7 29 13 -2 15 21 -6 -8 -13 -4 -9 -3 -17 -10 -7 -16 -15 22 -5 -12 -24 -21 -27 -28 -26 -1
right_child=2 3 6 9 10 18 11 14 17 -11 23 12 -14 20 19 16 -18 -19 -20 25 -22 -23 24 -25 28 26 27 -29 -30 -31
leaf_value=-0.099321134856504512 -0.031449568743794017 -0.040160498148532744 0.055010114442552889 -0.021670765293607959 0.031208465212310171 -0.048523202418573545 0.088617959937503585 -0.0069278784854937938 0.0030180797538795004 0.13820853131854838 0.086630552506924474 0.25552385406821665 0.11222671650507149 0.073584785505762099 0.017844669546050546 -0.022250108443768051 0.080635529424660415 0.10189531568324686 -0.0048826243382226533 0.0068301023375372137 0.20086800607821598 0.045451543262217946 -0.036851101905374058 0.19644818375751516 0.10199315554683097 0.17818888349149761 0.021561195326283204 0.15105517614442573 0.017985412702999887 -0.062099777282142159
leaf_weight=1271 1183 2601 1116 1103 411 1931 264 1100 430 167 300 266 179 184 1209 479 253 268 1356 244 184 1683 177 175 338 198 394 166 342 2668
leaf_count=1271 1183 2601 1116 1103 411 1931 264 1100 430 167 300 266 179 184 1209 479 253 268 1356 244 184 1683 177 175 338 198 394 166 342 2668
internal_value=-0.0001981 -0.0231348 0.045433 0.00557496 0.0224124 -0.0542913 0.101898 0.0105283 -0.0163884 0.0288185 0.0826652 0.157264 0.197936 0.0754297 0.0255338 -0.0284172 0.0132779 0.0410161 -0.0305271 0.0416945 0.13729 0.0237975 0.00519166 0.127139 0.0397924 0.0704479 0.0908954 0.0599889 0.0597768 -0.074116
internal_weight=22640 15067 7573 7841 5380 7226 2193 4494 4031 3810 886 709 445 1484 3311 3333 732 698 3287 2211 368 3643 1960 475 857 1002 758 560 680 3939
internal_count=22640 15067 7573 7841 5380 7226 2193 4494 4031 3810 886 709 445 1484 3311 3333 732 698 3287 2211 368 3643 1960 475 857 1002 758 560 680 3939
is_linear=0
shrinkage=0.0161


Tree=15
num_leaves=31
num_cat=0
split_feature=215 419 483 503 94 16 483 286 17 239 274 337 127 217 358 358 173 212 540 427 594 132 288 273 498 156 290 128 214 511
split_gain=94677.6 45456.1 38524.9 19720 15314.5 11187.3 11708.6 10823.4 13287.5 10108.6 8130.47 7181.1 7121.61 7035.58 6694.81 6478.64 5750.04 5463.63 5433.1 5309.1 5718.57 5267.52 5227.13 5137.72 5077.23 4762.88 4719.69 4458.23 4372.39 4463.37
threshold=6.5000000000000009 24.500000000000004 83.500000000000014 32.500000000000007 29.500000000000004 24.500000000000004 197.50000000000003 10.500000000000002 52.000000000000007 8.0000000000000018 16.500000000000004 16.500000000000004 16.500000000000004 5.5000000000000009 43.500000000000007 20.000000000000004 20.000000000000004 13.500000000000002 72.549999237060561 13.500000000000002 147.15000152587893 8.0000000000000018 4.5000000000000009 6.5000000000000009 89.500000000000014 20.000000000000004 5.5000000000000009 5.5000000000000009 13.500000000000002 107.50000000000001
decision_type=2 2 2 2 2 2 2 2 2 2 2 2 2 2 2 2 2 2 8 2 8 2 2 2 2 2 2 2 2 2
left_child=2 3 9 12 14 15 21 13 10 18 16 -6 -2 -5 22 26 -9 -17 -1 -12 -21 -7 -3 -15 -11 -14 -4 -28 -24 -30
right_child=1 4 5 7 11 6 -8 8 -10 24 19 -13 25 23 -16 17 -18 -19 -20 20 -22 -23 28 -25 -26 -27 27 -29 29 -31
leaf_value=-0.094174353954177892 -0.034413636812187204 0.0045140803249118216 -0.040406723402647379 -0.01574597810244531 0.13212400598871793 -0.028404632332782669 0.16902193240562927 0.012038286375812432 0.19320720139310454 -0.035842594074084383 0.04983568346461343 0.26009109348192544 0.00025435457022976492 0.002452388769716451 0.15657564625400258 0.010170017032035746 0.085656724619450522 0.1120496162038655 -0.056398094440520498 0.1880096747768337 0.075791726595184905 0.07681673209304013 0.052784329531410087 0.048271134427551633 0.031828713880556699 0.099805085298614094 -0.027549175416846698 0.022095436874100826 0.16470115267189522 0.063289151941986074
leaf_weight=1377 1885 290 1135 1210 284 250 202 1346 176 1712 540 191 434 1021 246 436 346 199 3511 205 279 243 589 1680 345 175 815 1104 252 205
leaf_count=1377 1885 290 1135 1210 284 250 202 1346 176 1712 540 191 434 1021 246 436 346 199 3511 205 279 243 589 1680 345 175 815 1104 252 205
internal_value=0.00207508 0.0349325 -0.0308528 0.0197765 0.103421 0.00651059 0.0657665 0.0339751 0.0575941 -0.0544416 0.0487975 0.18363 -0.018944 0.0165039 0.0793235 -0.00464673 0.0271066 0.0421347 -0.0670449 0.0846154 0.123371 0.0234113 0.0650813 0.03096 -0.0244813 0.0288995 -0.0143814 0.000999087 0.0818509 0.119261
internal_weight=22683 11354 11329 9297 2057 4384 695 6803 2892 6945 2716 475 2494 3911 1582 3689 1692 635 4888 1024 484 493 1336 2701 2057 609 3054 1919 1046 457
internal_count=22683 11354 11329 9297 2057 4384 695 6803 2892 6945 2716 475 2494 3911 1582 3689 1692 635 4888 1024 484 493 1336 2701 2057 609 3054 1919 1046 457
is_linear=0
shrinkage=0.0161


Tree=16
num_leaves=31
num_cat=0
split_feature=155 497 239 487 508 393 359 217 596 133 239 166 292 587 156 278 274 364 339 177 405 58 544 409 490 456 117 206 239 209
split_gain=87038 43782.7 40394.7 18368.5 17937.3 13559.3 12099 11427.9 10642.4 10728.2 8412.9 6908.94 6804.22 8358.72 8410.92 6611.15 6249.02 6069.72 6037.69 7695.75 5516.99 5239.26 4837.89 4609.29 4607.53 4538.65 5371.5 4308.18 4252.97 4183.78
threshold=6.5000000000000009 78.500000000000014 13.500000000000002 34.500000000000007 221.50000000000003 6.5000000000000009 24.500000000000004 4.5000000000000009 203.05000305175784 8.0000000000000018 8.0000000000000018 5.5000000000000009 8.0000000000000018 135.15000152587893 6.5000000000000009 20.000000000000004 16.500000000000004 29.500000000000004 6.5000000000000009 8.0000000000000018 16.500000000000004 35.500000000000007 70.450000762939467 6.5000000000000009 242.50000000000003 6.5000000000000009 24.500000000000004 8.0000000000000018 16.500000000000004 20.000000000000004
decision_type=2 2 2 2 2 2 2 2 10 2 2 2 2 8 2 2 2 2 2 2 2 2 8 2 2 2 2 2 2 2
left_child=1 10 3 16 11 20 29 -5 9 -6 22 -3 23 14 -14 21 -2 25 -16 -20 -4 27 -1 -9 -15 -13 28 -8 -27 -7
right_child=2 4 5 7 8 6 15 12 -10 -11 -12 17 13 24 18 -17 -18 -19 19 -21 -22 -23 -24 -25 -26 26 -28 -29 -30 -31
leaf_value=-0.1028898460886634 -0.043037892160595607 -0.034169261478533761 -0.0038327740829441608 -0.018518167212889871 0.054025864362995377 0.046896633865181253 0.046363857567716396 -0.0095211332538150829 0.013110080514535643 0.22716135478690805 -0.03077230959094316 -0.023061522733631684 0.011152715107658463 0.021694057521897472 0.060877077864311992 0.19603428227410005 0.016497400144365248 0.088984534051350303 0.23835898349331627 0.090959124829129184 0.084854441680524709 0.17757270459785832 -0.062422992163383859 0.037858197805235159 0.09976984423257354 -0.0072395051673208172 0.10940345693741804 0.12441219619932403 0.08280369112659168 0.10995153149175003
leaf_weight=968 1765 1549 665 1185 188 1180 346 928 321 184 1923 1026 203 1188 202 293 616 226 200 171 250 220 3713 1246 235 750 163 393 166 356
leaf_count=968 1765 1549 665 1185 188 1180 346 928 321 184 1923 1026 203 1188 202 293 616 226 200 171 250 220 3713 1246 235 750 163 393 166 356
internal_value=-0.000536872 -0.0326289 0.0302713 0.00978609 0.00565924 0.074184 0.0918359 0.0258171 0.0811111 0.139726 -0.0591454 -0.00781101 0.0378365 0.0578095 0.100332 0.129002 -0.0276253 0.00969452 0.131885 0.170483 0.020373 0.108497 -0.0707963 0.0176229 0.0346044 0.00117049 0.0242341 0.0879018 0.00905267 0.0615262
internal_weight=22819 11177 11642 7939 4573 3703 2788 5558 693 372 6604 3880 4373 2199 776 1252 2381 2331 573 371 915 959 4681 2174 1423 2105 1079 739 916 1536
internal_count=22819 11177 11642 7939 4573 3703 2788 5558 693 372 6604 3880 4373 2199 776 1252 2381 2331 573 371 915 959 4681 2174 1423 2105 1079 739 916 1536
is_linear=0
shrinkage=0.0161


Tree=17
num_leaves=31
num_cat=0
split_feature=213 480 299 274 96 550 156 487 454 59 480 317 48 306 378 509 176 212 280 276 169 541 358 276 149 215 248 394 206 403
split_gain=86134.7 43736.5 36932.2 17886.6 16071.5 15336.4 10983.3 10616.7 10327.7 10297.5 9478.45 7735.71 7352.83 7283.99 7227.76 7143.44 6408.23 6074.36 5795.15 5465.71 5391.45 5161.47 4898.88 4886.27 6131.92 4819.49 4093.56 4081.42 3980.88 3880.41
threshold=8.0000000000000018 42.500000000000007 16.500000000000004 13.500000000000002 8.0000000000000018 255.05000305175784 5.5000000000000009 185.50000000000003 5.5000000000000009 35.500000000000007 39.500000000000007 8.0000000000000018 20.000000000000004 4.5000000000000009 35.500000000000007 242.50000000000003 24.500000000000004 13.500000000000002 3.5000000000000004 5.5000000000000009 8.0000000000000018 188.65000152587893 4.5000000000000009 16.500000000000004 16.500000000000004 16.500000000000004 10.500000000000002 6.5000000000000009 16.500000000000004 16.500000000000004
decision_type=2 2 2 2 2 10 2 2 2 2 2 2 2 2 2 2 2 2 2 2 2 8 2 2 2 2 2 2 2 2
left_child=1 8 3 10 7 6 15 -4 -1 16 -2 19 28 -8 21 29 27 -11 -15 -5 -19 -12 -23 -20 -25 -10 -21 -6 -13 -3
right_child=2 5 4 11 9 -7 13 -9 25 17 14 12 -14 18 -16 -17 -18 20 23 26 -22 22 -24 24 -26 -27 -28 -29 -30 -31
leaf_value=-0.080602040661099814 -0.041107571619037234 -0.042710535801201266 0.012841915225681854 -0.033269963356786919 0.010404058578118483 0.14688874562276455 -0.019388211632262353 0.13542091697529388 -0.047312335696144452 0.095110823353460633 -0.014221617417325508 0.035062204661209455 0.14671652499471641 -0.024339610654517233 0.094793096452097866 0.068497219106232479 0.16611574769241569 0.15228758522025046 0.019019017499757821 0.0047490859728230288 0.28080136516805265 0.095739118693941958 0.010676246014665627 0.04041682483503365 0.13344615699991264 0.0061777418200150095 0.073568355083446099 0.089905958928677171 0.10886756575690477 0.0031653832996331437
leaf_weight=2843 1263 2287 902 337 207 180 1289 230 2300 160 1487 664 311 496 251 191 245 173 1670 408 168 248 603 705 249 538 499 890 266 603
leaf_count=2843 1263 2287 902 337 207 180 1289 230 2300 160 1487 664 311 496 251 191 245 173 1670 408 168 248 603 705 249 538 499 890 266 603
internal_value=0.00116513 -0.0250471 0.0387491 0.0167756 0.0855467 2.86322e-05 -0.00349757 0.0377683 -0.0589062 0.11488 -0.00494423 0.050453 0.0789009 0.0127965 0.0126883 -0.0268225 0.0915912 0.177216 0.0261009 0.0220549 0.215671 0.00386379 0.0354931 0.0356444 0.0647227 -0.0371639 0.042637 0.0749257 0.0561974 -0.0331304
internal_weight=22663 13351 9312 6337 2975 7670 7490 1132 5681 1843 3852 2485 1241 4409 2589 3081 1342 501 3120 1244 341 2338 851 2624 954 2838 907 1097 930 2890
internal_count=22663 13351 9312 6337 2975 7670 7490 1132 5681 1843 3852 2485 1241 4409 2589 3081 1342 501 3120 1244 341 2338 851 2624 954 2838 907 1097 930 2890
is_linear=0
shrinkage=0.0161


Tree=18
num_leaves=31
num_cat=0
split_feature=274 480 419 480 239 155 258 357 213 275 499 456 146 394 556 34 293 380 31 505 545 307 528 502 179 517 359 367 536 334
split_gain=84660.4 53251.9 31281.9 17503.3 12831.1 11361.4 11329.5 10862.1 10100.9 9960.01 8744.36 8281.01 8012.39 7718.37 9144.46 7175.78 6705.73 6110.91 8391.17 6488.79 6090.41 5759.48 6683.79 9389.46 7219.15 5507.75 5373.36 5092.65 5571.26 6586.97
threshold=13.500000000000002 39.500000000000007 20.000000000000004 129.50000000000003 8.0000000000000018 20.000000000000004 8.0000000000000018 35.500000000000007 10.500000000000002 8.0000000000000018 80.500000000000014 20.000000000000004 29.500000000000004 29.500000000000004 175.25000000000003 20.000000000000004 10.500000000000002 10.500000000000002 24.500000000000004 226.50000000000003 244.44999694824222 3.5000000000000004 120.50000000000001 132.50000000000003 16.500000000000004 200.50000000000003 13.500000000000002 8.0000000000000018 133.50000000000003 20.000000000000004
decision_type=2 2 2 2 2 2 2 2 2 2 2 2 2 2 10 2 2 2 2 2 10 2 2 2 2 2 2 2 2 2
left_child=1 4 5 9 -1 10 17 20 -4 25 -2 -7 26 14 -10 -13 -15 18 -5 -19 21 -8 23 -23 -24 -3 -11 -12 29 -29
right_child=2 3 8 6 -6 11 7 -9 13 12 27 15 -14 16 -16 -17 -18 19 -20 -21 -22 22 24 -25 -26 -27 -28 28 -30 -31
leaf_value=-0.070061624245367327 -0.01747868410313699 -0.035636602573145368 0.047960994057971738 -0.033615336835310088 -0.020574453636624919 0.037624422946291917 -0.03414035939876503 0.16478563824178086 0.075952052729499578 -0.015051365705941648 0.0045306988593484315 0.056633756049272441 0.11154282091924234 0.13275862496647267 0.21196379992548575 0.17551473789221694 0.26255471620675414 0.013362984044371931 0.085441109189222125 0.1266398267142004 0.13057487876379539 0.028389540515812953 0.0035143825994116439 0.1847883135650458 0.098862130216868321 0.052337294598404506 0.04613623030490744 0.16742437238578634 0.027923510478819222 0.035077579493988612
leaf_weight=4507 1488 3352 499 1194 1946 1046 276 208 619 1226 751 265 198 236 162 263 185 587 176 169 185 211 879 189 269 195 534 214 560 180
leaf_count=4507 1488 3352 499 1194 1946 1046 276 208 619 1226 751 265 198 236 162 263 185 587 176 169 185 211 879 189 269 195 534 214 560 180
internal_value=0.00036158 -0.019193 0.0496478 0.0043603 -0.0551417 0.0284907 0.0285277 0.0539925 0.108926 -0.0147015 0.0110308 0.0638949 0.0144378 0.134215 0.104195 0.115894 0.189851 0.00196174 -0.0183033 0.0387166 0.0425099 0.033565 0.0456517 0.102347 0.0258768 -0.0307935 0.00350013 0.0359256 0.0606153 0.107021
internal_weight=22769 16301 6468 9848 6453 4767 4343 2217 1701 5505 3193 1574 1958 1202 781 528 421 2126 1370 756 2009 1824 1548 400 1148 3547 1760 1705 954 394
internal_count=22769 16301 6468 9848 6453 4767 4343 2217 1701 5505 3193 1574 1958 1202 781 528 421 2126 1370 756 2009 1824 1548 400 1148 3547 1760 1705 954 394
is_linear=0
shrinkage=0.0161


Tree=19
num_leaves=31
num_cat=0
split_feature=155 508 419 481 508 274 68 299 425 535 257 258 432 154 276 576 333 596 167 100 403 339 295 483 454 360 229 199 272 566
split_gain=73441.8 42834.3 35679.4 16087.2 14872.1 13768.2 10962.9 10533.8 9107.71 8613.53 10191.2 8391.26 8800.5 7544.53 7523.42 7290.89 7112.85 6792.5 6555.92 6089.17 5806.27 5664.9 5336.31 5131.24 5066.75 4518.09 4515.41 4411.61 4345.51 4161.52
threshold=8.0000000000000018 73.500000000000014 20.000000000000004 61.500000000000007 221.50000000000003 13.500000000000002 8.0000000000000018 8.0000000000000018 8.0000000000000018 265.50000000000006 16.500000000000004 8.0000000000000018 35.500000000000007 10.500000000000002 20.000000000000004 224.44999694824222 10.500000000000002 104.95000076293947 13.500000000000002 24.500000000000004 10.500000000000002 6.5000000000000009 8.0000000000000018 9.5000000000000018 8.0000000000000018 8.0000000000000018 4.5000000000000009 6.5000000000000009 24.500000000000004 235.84999847412112
decision_type=2 2 2 2 2 2 2 2 2 2 2 2 2 2 2 10 2 8 2 2 2 2 2 2 2 2 2 2 2 8
left_child=1 7 3 13 11 20 -5 23 -8 10 21 26 28 -2 16 17 -7 -10 -16 29 -4 -6 -18 -1 -9 -24 -3 -22 -13 -19
right_child=2 4 5 6 9 14 8 24 15 -11 -12 12 -14 -15 18 -17 22 19 -20 -21 27 -23 25 -25 -26 -27 -28 -29 -30 -31
leaf_value=-0.090605262182684665 -0.036308946640566525 -0.056391473159289912 0.0060921363116209779 0.0047795772146333208 0.12733084700944455 0.017648471541716823 0.020665429371845553 -0.040595960577537296 0.16164854523371519 -0.015144450717849969 0.20444224288215385 -7.8619221172324948e-05 0.1209692628498794 0.014807460621237972 0.12576051996422738 0.18247951610368532 0.068311242468362593 0.016920046116723424 0.2574609896147167 0.13451837745058814 0.018439779557701312 0.016259831950880453 0.094331470626648858 -0.05491861820200504 0.010665816854912464 0.20580134209357726 -0.010348564521557576 0.12524249923574343 0.077451722417897148 0.094414825945676781
leaf_weight=1508 1680 791 532 1850 195 226 1080 1540 179 248 168 1735 198 1349 242 167 280 685 166 204 160 307 160 3423 739 233 1834 271 210 244
leaf_count=1508 1680 791 532 1850 195 226 1080 1540 179 248 168 1735 198 1349 242 167 280 685 166 204 160 307 160 3423 739 233 1834 271 210 244
internal_value=-0.0013666 -0.0265468 0.0320801 0.0150251 0.00649089 0.087953 0.034652 -0.0526045 0.0562387 0.0658337 0.0958428 -0.00492965 0.0187029 -0.0135359 0.121997 0.0821991 0.0959189 0.0694168 0.179402 0.0548246 0.0417229 0.0594518 0.122168 -0.0658371 -0.0239632 0.160479 -0.0242318 0.0856488 0.00828016 0.0372992
internal_weight=22604 12896 9708 7438 5686 2270 4409 7210 2559 918 670 4768 2143 3029 1307 1479 899 1312 408 1133 963 502 673 4931 2279 393 2625 431 1945 929
internal_count=22604 12896 9708 7438 5686 2270 4409 7210 2559 918 670 4768 2143 3029 1307 1479 899 1312 408 1133 963 502 673 4931 2279 393 2625 431 1945 929
is_linear=0
shrinkage=0.0161


Tree=20
num_leaves=31
num_cat=0
split_feature=213 487 479 547 156 215 276 418 129 552 229 454 236 8 479 507 543 509 35 260 434 555 391 222 107 146 336 208 414 95
split_gain=77798 44744.7 34079.7 18436.9 16256.5 15404.6 13605 9378.9 8693.05 8560.74 8541.3 8203.63 7724.71 7355.59 6874.18 6792.45 6432.38 5934.17 5865.09 5459.36 5304.8 5259.23 4722.61 4642.69 4571.09 4424.47 4343.94 5175.43 4142.45 3837.37
threshold=10.500000000000002 31.500000000000004 20.000000000000004 244.44999694824222 6.5000000000000009 8.0000000000000018 16.500000000000004 20.000000000000004 10.500000000000002 139.25000000000003 4.5000000000000009 10.500000000000002 29.500000000000004 8.0000000000000018 24.500000000000004 183.50000000000003 201.75000000000003 230.50000000000003 24.500000000000004 10.500000000000002 20.000000000000004 210.94999694824222 13.500000000000002 10.500000000000002 16.500000000000004 4.5000000000000009 10.500000000000002 6.5000000000000009 24.500000000000004 6.5000000000000009
decision_type=2 2 2 10 2 2 2 2 2 8 2 2 2 2 2 2 10 2 2 2 2 10 2 2 2 2 2 2 2 2
left_child=1 11 5 4 9 15 12 -8 21 -3 29 -1 18 22 25 -2 24 23 20 -17 -4 28 -12 -11 -10 -15 -27 -28 -7 -6
right_child=2 3 6 -5 10 8 7 -9 16 17 13 -13 -14 14 -16 19 -18 -19 -20 -21 -22 -23 -24 -25 -26 26 27 -29 -30 -31
leaf_value=-0.06974770500044139 -0.019273976096459741 -0.046644681277851548 0.021052677615197884 0.12528429574493827 -0.053394174652360869 -0.0034717287367054513 0.10351972568508978 0.22377715580478608 0.040197289129051371 -0.029866751585581528 -0.013149363373233953 -0.024284242941556559 0.16770022379176344 -0.0067921087208212298 0.12564262162956055 0.00060719563344990152 0.16425519011686937 0.061376890395884218 0.12608233562585699 0.11403174066767989 0.1092258557535486 0.1050505266543223 0.048548589720983013 0.020454787580057424 0.10696569045198358 0.015256159931971899 0.13163504210721327 0.04466679087162035 0.076713109554115227 0.0044076701550457321
leaf_weight=3899 2115 2317 846 297 490 1094 385 300 802 1431 1096 1400 183 402 282 255 186 318 251 194 224 166 455 711 399 449 292 455 197 757
leaf_count=3899 2115 2317 846 297 490 1094 385 300 802 1431 1096 1400 183 402 282 255 186 318 251 194 224 166 455 711 399 449 292 455 197 757
internal_value=0.00111676 -0.0200821 0.0431185 0.000378302 -0.00354275 0.021418 0.0967195 0.156222 0.0472196 -0.0244359 0.0177875 -0.0577407 0.0696034 0.0309055 0.0523185 -0.00719204 0.076075 -0.00350855 0.0559961 0.0496671 0.0395334 0.0197342 0.00493512 -0.0131524 0.0623989 0.0393642 0.0548979 0.0786939 0.00874584 -0.0182863
internal_weight=22648 15051 7597 9752 9455 5408 2189 685 2844 4777 4678 5299 1504 3431 1880 2564 1387 2460 1321 449 1070 1457 1551 2142 1201 1598 1196 747 1291 1247
internal_count=22648 15051 7597 9752 9455 5408 2189 685 2844 4777 4678 5299 1504 3431 1880 2564 1387 2460 1321 449 1070 1457 1551 2142 1201 1598 1196 747 1291 1247
is_linear=0
shrinkage=0.0161


Tree=21
num_leaves=31
num_cat=0
split_feature=479 506 274 155 213 228 438 277 38 274 306 547 532 35 354 516 129 77 406 547 57 26 463 141 577 483 228 480 170 59
split_gain=77935.5 47370.3 26571.9 21416.9 13735 11286.8 10782.5 10574.1 9904.15 8487.09 8092.27 9253.31 7268.42 7265.12 7193.17 6131.92 5883.34 5961.19 8181.66 7482.19 5643.64 5633.78 5148.09 5073.28 5820.03 4843.27 4767.72 4691.46 4483.41 4070.96
threshold=16.500000000000004 65.500000000000014 6.5000000000000009 8.0000000000000018 10.500000000000002 4.5000000000000009 6.5000000000000009 6.5000000000000009 16.500000000000004 16.500000000000004 5.5000000000000009 240.75000000000003 130.50000000000003 20.000000000000004 20.000000000000004 221.50000000000003 8.0000000000000018 20.000000000000004 10.500000000000002 121.64999771118165 16.500000000000004 10.500000000000002 13.500000000000002 6.5000000000000009 164.05000305175784 219.50000000000003 6.5000000000000009 19.500000000000004 10.500000000000002 29.500000000000004
decision_type=2 2 2 2 2 2 2 2 2 2 2 10 2 2 2 2 2 2 2 10 2 2 2 2 8 2 2 2 2 2
left_child=1 3 12 27 20 25 29 15 13 26 -9 16 -2 -8 -11 -7 -12 19 -19 21 -4 -18 -14 -10 -25 -3 -5 -1 -15 -6
right_child=2 5 4 9 6 7 8 10 23 14 11 -13 22 28 -16 -17 17 18 -20 -21 -22 -23 -24 24 -26 -27 -28 -29 -30 -31
leaf_value=-0.076568735022662635 -0.016045959189150794 -0.031744079403146615 0.016424477222697381 -0.050694546099016566 0.029131709651089435 -0.015527819374436182 0.060198625058259556 0.0034396261313184074 0.10817440669750938 0.01095259258998935 0.014998024996419019 0.16506677061778241 0.015990794405374049 0.21668932511437836 0.1295769089532525 0.058772657361335301 0.042921444142772977 0.20753004760437302 0.053040969499345378 0.012224839239092219 0.086183672546479961 0.16671709692238901 0.11536262949846955 0.15963773974028317 0.28692877016852669 0.041057625591831695 -0.0002215886742986715 -0.047371831601275241 0.097056551884904183 0.11292453047342092
leaf_weight=2997 1392 1917 967 1052 533 2209 565 1280 168 731 1004 178 381 160 162 331 199 162 198 632 437 184 210 217 165 270 902 2735 167 210
leaf_count=2997 1392 1917 967 1052 533 2209 565 1280 168 731 1004 178 381 160 162 331 199 162 198 632 437 184 210 217 165 270 902 2735 167 210
internal_value=-0.000970148 -0.0179731 0.0513376 -0.0447132 0.0774719 0.00881104 0.102725 0.0196371 0.12841 -0.00860878 0.0365058 0.0530491 0.00402555 0.095222 0.0324987 -0.00583609 0.0446579 0.0662978 0.122626 0.046296 0.038154 0.102457 0.0513404 0.182191 0.214681 -0.0227455 -0.0274074 -0.0626417 0.155664 0.0528464
internal_weight=22715 17143 5572 8579 3589 8564 2185 6377 1442 2847 3837 2557 1983 892 893 2540 2379 1375 360 1015 1404 383 591 550 382 2187 1954 5732 327 743
internal_count=22715 17143 5572 8579 3589 8564 2185 6377 1442 2847 3837 2557 1983 892 893 2540 2379 1375 360 1015 1404 383 591 550 382 2187 1954 5732 327 743
is_linear=0
shrinkage=0.0161


Tree=22
num_leaves=31
num_cat=0
split_feature=214 491 359 542 463 275 565 275 429 453 35 479 189 250 51 108 273 595 382 198 564 482 419 406 419 272 229 496 187 337
split_gain=75831 46687.1 30125 17695.9 13433.5 12509.1 11481.7 10870.2 10611.7 7974.55 8154.23 7469.22 7310.64 7045.63 7193.72 6443.72 6439.88 6550.63 7550.9 5800.51 5371.49 5325.14 5295.82 4874.28 4711.08 5005.75 4696.36 6464.35 4560.8 4254.18
threshold=10.500000000000002 74.500000000000014 24.500000000000004 210.94999694824222 6.5000000000000009 13.500000000000002 216.75000000000003 5.5000000000000009 16.500000000000004 13.500000000000002 29.500000000000004 16.500000000000004 13.500000000000002 10.500000000000002 13.500000000000002 10.500000000000002 16.500000000000004 173.15000152587893 10.500000000000002 8.0000000000000018 83.450000762939467 79.500000000000014 10.500000000000002 20.000000000000004 29.500000000000004 20.000000000000004 13.500000000000002 140.50000000000003 10.500000000000002 4.5000000000000009
decision_type=2 2 2 10 2 2 10 2 2 2 2 2 2 2 2 2 2 8 2 2 8 2 2 2 2 2 2 2 2 2
left_child=1 7 5 11 -5 6 29 20 15 -4 24 19 23 -13 -15 -6 -14 18 -18 -3 -1 -21 -9 -7 -11 -26 -23 -28 -25 -2
right_child=2 3 9 4 8 12 -8 22 -10 10 -12 13 16 14 -16 -17 17 -19 -20 21 -22 26 -24 28 25 -27 27 -29 -30 -31
leaf_value=-0.078836102971858876 -0.032260479398026246 -0.025078487767720592 0.049956102481715024 -0.012910176670341699 0.14745334736017615 0.013255020092658462 0.10733064141314257 -0.039230666633664618 0.22566811061064318 0.057761592832615401 0.20394977400783093 0.0031115911421135249 0.044894193512295302 0.031321182754943874 0.14837527193450456 0.012488797848965609 0.092342211070313138 0.053409438540305124 0.24496965343117591 -0.039564286624202867 -0.043671682721661359 0.0073403761473502535 0.0014375192052238446 0.02281065469981769 0.084212333958547478 0.19704171479219693 0.14388258545433527 0.018937822787761197 0.1436357184256436 0.0085071816377878459
leaf_weight=2547 942 2612 458 269 173 1216 262 2669 184 335 286 841 603 356 221 196 176 226 162 410 2026 1054 1203 162 210 200 181 265 163 2243
leaf_count=2547 942 2612 458 269 173 1216 262 2669 184 335 286 841 603 356 221 196 176 226 162 410 2026 1054 1203 162 210 200 181 265 163 2243
internal_value=-0.000412252 -0.0212071 0.0409541 0.0103157 0.0803295 0.0252287 0.00487754 -0.0464506 0.125727 0.105941 0.130789 0.000622962 0.0511249 0.0328669 0.0761955 0.0758286 0.0815336 0.120665 0.165565 -0.00948281 -0.0632622 0.0118326 -0.0265893 0.0280812 0.102671 0.139308 0.0258967 0.0696969 0.0834815 -0.00354293
internal_weight=22851 15207 7644 6762 822 6155 3447 8445 553 1489 1031 5940 2708 1418 577 369 1167 564 338 4522 4573 1910 3872 1541 745 410 1500 446 325 3185
internal_count=22851 15207 7644 6762 822 6155 3447 8445 553 1489 1031 5940 2708 1418 577 369 1167 564 338 4522 4573 1910 3872 1541 745 410 1500 446 325 3185
is_linear=0
shrinkage=0.0161


Tree=23
num_leaves=31
num_cat=0
split_feature=214 501 419 166 544 36 480 495 405 156 590 370 454 153 563 70 135 37 199 569 299 379 494 570 35 335 480 495 34 277
split_gain=71212.1 45463.9 30724.8 19734.4 12117.6 11942 10090.3 10968.6 9743.15 9378.39 9126.86 9129.01 8708.89 7359.45 7234.7 6136.82 5438.21 5359.29 5271.87 5359.55 5172.62 5022.84 4863.28 5015.88 4095.29 4027.91 4024.51 3903.23 3801.59 3679.01
threshold=10.500000000000002 37.500000000000007 24.500000000000004 5.5000000000000009 198.94999694824222 6.5000000000000009 197.50000000000003 133.50000000000003 6.5000000000000009 5.5000000000000009 200.34999847412112 10.500000000000002 4.5000000000000009 20.000000000000004 238.25000000000003 20.000000000000004 35.500000000000007 6.5000000000000009 13.500000000000002 138.55000305175784 16.500000000000004 5.5000000000000009 164.50000000000003 203.05000305175784 20.000000000000004 10.500000000000002 19.500000000000004 200.50000000000003 29.500000000000004 8.0000000000000018
decision_type=2 2 2 2 10 2 2 2 2 2 8 2 2 2 8 2 2 2 2 10 2 2 2 8 2 2 2 2 2 2
left_child=1 9 4 18 5 -2 12 -8 28 -1 11 -6 27 29 21 -15 17 -14 -3 -20 -9 -10 23 25 -23 -19 -11 -5 -4 -7
right_child=2 3 8 6 10 13 7 20 14 26 -12 -13 16 15 -16 -17 -18 22 19 -21 -22 24 -24 -25 -26 -27 -28 -29 -30 -31
leaf_value=-0.072201525604742869 -0.021900012460212628 -0.037173165747101201 0.023964741987640668 -0.030513188700602722 0.065838643060154883 -0.0033115369482789887 0.16131289340974317 0.013822279638281355 0.033207891889738946 -0.049418104929808651 0.031150489259461959 0.23498592395036186 -0.0083137443188881204 0.042380035512199911 0.21073361340288127 0.12675040523966566 0.097328491300700357 0.0079463336275558006 -0.02461953973574733 0.065811228907023192 0.098864004902121494 0.095775576628575596 -0.010057558999126732 0.11371247225109658 0.1811948691907245 0.071577744607616706 -0.009311255742989211 0.053382329765287638 0.1143201589055146 0.034226109692666255
leaf_weight=3328 1541 2803 408 1329 170 1253 238 643 174 1452 358 162 1098 793 241 312 254 581 418 286 261 349 428 274 252 465 1175 161 172 1469
leaf_count=3328 1541 2803 408 1329 170 1253 238 643 174 1452 358 162 1098 793 241 312 254 581 418 286 261 349 428 274 252 465 1175 161 172 1469
internal_value=0.000617067 -0.0195556 0.0406651 0.0028009 0.0241032 0.0159341 0.0212084 0.0640375 0.103515 -0.0542451 0.0876221 0.148445 0.0105473 0.0311748 0.133585 0.0662236 0.0259257 0.0195448 -0.0272784 0.0120845 0.0384013 0.109564 0.0370575 0.0523521 0.131631 0.0362562 -0.0314881 -0.0214322 0.0508004 0.016938
internal_weight=22848 15194 7654 9239 6058 5368 5732 1142 1596 5955 690 332 4590 3827 1016 1105 3100 2846 3507 704 904 775 1748 1320 601 1046 2627 1490 580 2722
internal_count=22848 15194 7654 9239 6058 5368 5732 1142 1596 5955 690 332 4590 3827 1016 1105 3100 2846 3507 704 904 775 1748 1320 601 1046 2627 1490 580 2722
is_linear=0
shrinkage=0.0161


Tree=24
num_leaves=31
num_cat=0
split_feature=154 515 479 395 569 479 116 442 544 273 269 171 333 416 29 227 593 35 480 62 454 478 478 531 332 250 479 200 276 111
split_gain=68759.5 46574.9 29772.4 13839.5 13163.2 10779.1 9871.81 8807.29 10221.1 8316.02 7859.03 8484.73 7181.7 7669.89 6966.22 6705.05 6471.35 5930.24 5918.19 5102.75 4924.18 4832.11 4717.58 4514.99 4179.52 4171.13 4147.81 4103.68 3701.12 3999.95
threshold=10.500000000000002 54.500000000000007 29.500000000000004 6.5000000000000009 240.75000000000003 6.5000000000000009 20.000000000000004 8.0000000000000018 198.94999694824222 24.500000000000004 10.500000000000002 6.5000000000000009 24.500000000000004 20.000000000000004 16.500000000000004 3.5000000000000004 133.65000152587893 4.5000000000000009 43.500000000000007 6.5000000000000009 20.000000000000004 24.500000000000004 29.500000000000004 58.500000000000007 4.5000000000000009 6.5000000000000009 29.500000000000004 20.000000000000004 8.0000000000000018 16.500000000000004
decision_type=2 2 2 2 10 2 2 2 10 2 2 2 2 2 2 2 10 2 2 2 2 2 2 2 2 2 2 2 2 2
left_child=1 5 3 18 6 -1 15 20 12 19 24 -12 13 27 -13 -3 23 -17 -2 -4 -5 -7 -11 -14 -8 -26 28 -9 -19 -30
right_child=2 4 9 7 -6 21 10 8 -10 22 11 14 16 -15 -16 17 -18 26 -20 -21 -22 -23 -24 -25 25 -27 -28 -29 29 -31
leaf_value=-0.068913082817120191 -0.046251108341555817 -0.042951565600373241 0.13474785595704158 -0.0046455339686670358 0.10947013428377061 -0.037082617746994687 -0.060871175745601906 -0.0059292538649816234 0.14656537797555547 0.12208633204592362 0.0086294682362958643 0.19214699736183433 0.08215674546915612 0.1009968055503751 0.066298149269204451 -0.025467274195171006 0.010117597653330755 -0.0098817121977501157 0.010056842139200599 0.049972687775764794 0.044809405026799594 0.018770642722237545 0.22788530559221942 0.18447171363970871 -0.027330944709355605 0.062460167433647469 0.069057037904107124 0.066029181221389899 0.008883889543354357 0.068530515919947868
leaf_weight=3840 741 1107 277 1231 309 2669 204 912 316 280 311 191 267 304 285 1506 175 1559 1393 553 905 472 181 194 232 317 311 265 1018 409
leaf_count=3840 741 1107 277 1231 309 2669 204 912 316 280 311 191 267 304 285 1506 175 1559 1393 553 905 472 181 194 232 317 311 265 1018 409
internal_value=-2.21673e-05 -0.0206432 0.0379976 0.0243573 0.00650037 -0.0508151 0.00222638 0.0401685 0.0611163 0.108801 0.0385349 0.0741117 0.0483504 0.0288949 0.116846 -0.00723073 0.093618 0.000997338 -0.00948423 0.0782935 0.016297 -0.028682 0.163677 0.125264 0.00132045 0.0244728 0.013093 0.0102521 0.00725626 0.025996
internal_weight=22734 14740 7994 6703 7759 6981 7450 4569 2433 1291 1540 787 2117 1481 476 5910 636 4803 2134 830 2136 3141 461 461 753 549 3297 1177 2986 1427
internal_count=22734 14740 7994 6703 7759 6981 7450 4569 2433 1291 1540 787 2117 1481 476 5910 636 4803 2134 830 2136 3141 461 461 753 549 3297 1177 2986 1427
is_linear=0
shrinkage=0.0161


Tree=25
num_leaves=31
num_cat=0
split_feature=213 485 419 418 35 34 215 463 582 482 545 394 276 508 98 445 114 588 154 336 245 404 548 490 61 539 35 169 336 490
split_gain=70295.9 33173.2 28846.2 16507.3 13691.1 11353 10959.3 10893.7 9645.46 8277.82 7658.19 7468.82 6095.47 6002.95 6097.06 5533.84 5217.92 7552.22 4949.77 5073.4 4930.13 4609.18 4528.3 5002.48 4504.41 4462.62 4367.03 4232.37 4189.34 4151.89
threshold=8.0000000000000018 36.500000000000007 20.000000000000004 35.500000000000007 10.500000000000002 24.500000000000004 10.500000000000002 10.500000000000002 144.84999847412112 136.50000000000003 209.25000000000003 6.5000000000000009 8.0000000000000018 244.50000000000003 6.5000000000000009 10.500000000000002 8.0000000000000018 161.34999847412112 5.5000000000000009 16.500000000000004 8.0000000000000018 24.500000000000004 157.84999847412112 47.500000000000007 10.500000000000002 95.500000000000014 8.0000000000000018 8.0000000000000018 10.500000000000002 13.500000000000002
decision_type=2 2 2 2 2 2 2 2 8 2 10 2 2 2 2 2 2 10 2 2 2 2 8 2 2 2 2 2 2 2
left_child=1 11 4 5 9 26 8 -5 27 -2 18 -1 -7 14 -10 -14 -11 -18 -6 -20 -8 -16 23 -21 -12 -25 -4 -3 -29 -13
right_child=2 6 3 7 10 12 20 -9 13 16 24 29 15 -15 21 -17 17 -19 19 22 -22 -23 -24 25 -26 -27 -28 28 -30 -31
leaf_value=-0.070630301768188561 -0.02541894340236734 -0.052499699522415823 -0.0060395532670873666 0.087400928699127245 -0.021210117104068581 0.039192476292080058 0.0036059968430367595 0.2276998731015567 -0.030989012174172589 -0.0085639679797574648 0.16984996173231462 -0.055710412180057907 0.093831970186317198 0.070801825291130216 0.0059839700585902038 0.21641836973893822 0.13406065681570764 0.015133740525537004 0.022254218882809311 0.039406837193180028 0.049707194166605899 0.085602605893901021 0.025689170060889437 0.1976437073220173 0.053183942103609126 0.077795416776306581 0.053888406310750453 -0.033305621264652967 0.035960671565426108 -0.0086009827557584836
leaf_weight=3381 2254 1802 506 298 426 177 1353 278 1147 522 167 926 197 315 1092 187 227 356 1849 224 1084 228 381 164 178 160 833 734 327 1021
leaf_count=3381 2254 1802 506 298 426 177 1353 278 1147 522 167 926 197 315 1092 187 227 356 1849 224 1084 228 381 164 178 160 833 734 327 1021
internal_value=-0.00131887 -0.0249714 0.0324788 0.0796306 0.015575 0.0567223 -0.00440806 0.155156 -0.0167289 -0.00771711 0.0376268 -0.0561595 0.117539 0.00461309 -0.00382871 0.15359 0.0283701 0.0614801 0.029856 0.0376954 0.0241219 0.0197541 0.0684027 0.0980566 0.109725 0.138532 0.0312244 -0.0374753 -0.0119356 -0.0310185
internal_weight=22794 13410 9384 2476 6908 1900 8082 576 5645 3359 3549 5328 561 2782 2467 384 1105 583 3204 2778 2437 1320 929 548 345 324 1339 2863 1061 1947
internal_count=22794 13410 9384 2476 6908 1900 8082 576 5645 3359 3549 5328 561 2782 2467 384 1105 583 3204 2778 2437 1320 929 548 345 324 1339 2863 1061 1947
is_linear=0
shrinkage=0.0161


Tree=26
num_leaves=31
num_cat=0
split_feature=215 479 506 273 540 484 274 464 299 96 139 504 484 351 118 141 388 290 575 335 106 93 274 69 459 279 533 507 481 96
split_gain=70336.3 37865.6 35513.3 21044.2 13881.5 10083.3 10057.2 8271.63 7984.68 7616.99 7565.86 7447.59 7266.63 6634.52 6632.69 6377.6 6243.52 5944.83 5597.75 5568.09 5517.43 5437.14 5191.37 4461.88 5227.3 4442.22 4160.42 7439.9 6786.13 4109.05
threshold=6.5000000000000009 29.500000000000004 64.500000000000014 8.0000000000000018 233.25000000000003 234.50000000000003 13.500000000000002 6.5000000000000009 13.500000000000002 13.500000000000002 16.500000000000004 250.50000000000003 23.500000000000004 24.500000000000004 43.500000000000007 4.5000000000000009 24.500000000000004 16.500000000000004 151.55000305175784 10.500000000000002 8.0000000000000018 10.500000000000002 5.5000000000000009 16.500000000000004 10.500000000000002 6.5000000000000009 25.500000000000004 104.50000000000001 58.500000000000007 5.5000000000000009
decision_type=2 2 2 2 10 2 2 2 2 2 2 2 2 2 2 2 2 2 8 2 2 2 2 2 2 2 2 2 2 2
left_child=2 3 8 4 12 7 -3 -4 29 11 -7 20 -2 16 19 -8 23 -15 -18 -11 -5 -17 -21 -9 -25 -23 -24 28 -28 -1
right_child=1 6 5 9 -6 10 15 13 -10 14 -12 -13 -14 17 -16 21 18 -19 -20 22 -22 25 26 24 -26 -27 27 -29 -30 -31
leaf_value=-0.072600330872245045 -0.044997289335876718 0.057307068590202195 -0.027644584507212154 -0.011812173470179241 0.13840978775023005 0.030133604350266786 0.056417678976110934 -0.019596487074721947 -0.012245320749966822 0.0077277748259237293 0.15475334997193166 0.1127460413379486 0.0012980737042552137 0.13274377333862147 0.15687599703718796 0.087058348652327408 0.0037296279626176255 0.0085110693407484603 0.1379364417543128 -0.016579786387360348 0.037495760606970401 0.12176034942358528 0.019485052972791118 -0.016008282329079134 0.095289910751909998 0.2219196367712844 0.078207788924763558 0.058247784904443045 0.19508337275331791 -0.043479815674763111
leaf_weight=2949 1182 689 2020 1107 168 437 191 1479 1094 503 178 218 3423 218 179 188 163 185 160 167 1254 174 265 221 216 345 257 783 260 2198
leaf_count=2949 1182 689 2020 1107 168 437 191 1479 1094 503 178 218 3423 218 179 188 163 185 160 167 1254 174 265 221 216 345 257 783 260 2198
internal_value=0.00225363 0.030693 -0.0257763 0.0188372 -0.00533073 0.00496401 0.103636 -0.00311442 -0.0517722 0.041945 0.0662407 0.0226918 -0.0105798 0.0156318 0.0625045 0.139156 0.00479649 0.0757723 0.0702827 0.0549358 0.0143668 0.161475 0.0686321 -0.00623091 0.0389502 0.188386 0.0777401 0.0895971 0.13703 -0.0601691
internal_weight=22871 11353 11518 9766 4773 5277 1587 4662 6241 4993 615 2579 4605 2642 2414 898 2239 403 323 2235 2361 707 1732 1916 437 519 1565 1300 517 5147
internal_count=22871 11353 11518 9766 4773 5277 1587 4662 6241 4993 615 2579 4605 2642 2414 898 2239 403 323 2235 2361 707 1732 1916 437 519 1565 1300 517 5147
is_linear=0
shrinkage=0.0161


Tree=27
num_leaves=31
num_cat=0
split_feature=274 505 359 299 35 276 97 70 546 156 333 416 431 373 280 171 493 267 162 221 138 402 245 484 200 478 378 178 359 576
split_gain=60025.6 36886.9 24598.7 12568.7 12064.8 9502.14 8399 7413.34 7994.63 7334.92 7062.89 6965.24 6596.24 6163.36 6018.58 5761.51 6012.48 5862.74 5743.94 5832.63 5683.49 5387.33 5114.31 5152.01 4448.1 6796.11 4320.96 4142.15 4034.68 3916.34
threshold=13.500000000000002 61.500000000000007 24.500000000000004 13.500000000000002 6.5000000000000009 13.500000000000002 16.500000000000004 6.5000000000000009 233.25000000000003 13.500000000000002 20.000000000000004 29.500000000000004 10.500000000000002 8.0000000000000018 8.0000000000000018 8.0000000000000018 83.500000000000014 13.500000000000002 6.5000000000000009 20.000000000000004 10.500000000000002 20.000000000000004 6.5000000000000009 33.500000000000007 13.500000000000002 6.5000000000000009 29.500000000000004 20.000000000000004 13.500000000000002 73.750000000000014
decision_type=2 2 2 2 2 2 2 2 10 2 2 2 2 2 2 2 2 2 2 2 2 2 2 2 2 2 2 2 2 8
left_child=1 4 5 7 29 15 -4 -3 14 28 27 20 -13 -8 26 -2 -17 -18 -12 -20 -5 -22 -11 -24 -16 -26 -9 -7 -6 -1
right_child=2 3 6 11 9 10 13 8 -10 22 18 12 -14 -15 24 16 17 -19 19 -21 21 -23 23 -25 25 -27 -28 -29 -30 -31
leaf_value=-0.078612128083774033 -0.011494391883682623 -0.025905029246174997 0.071257541591807666 0.0038275156450606751 -0.043161006731706537 0.01734098867982576 0.085703381910378837 -0.026795986360043027 0.10743591868016771 -0.016207404394623162 0.036387485042431576 0.039819221349365531 0.17765893618461509 0.20178820358484201 0.0089724477384571441 -0.0049958304386796748 0.028414994748483233 0.11883662144309406 0.17064304485590487 0.04992270650858939 0.033183145666274345 0.12329455306823467 0.011959723538481787 0.12505313244127286 0.13998259169889526 0.013949972092848493 0.058213407963676286 0.09269666325309496 0.0023455776225512043 -0.047306216863983744
leaf_weight=1583 1718 2531 743 1161 2003 1093 195 1409 208 439 291 195 168 306 994 630 511 293 295 161 611 240 236 188 200 250 174 229 674 3020
leaf_count=1583 1718 2531 743 1161 2003 1093 195 1409 208 439 291 195 168 306 994 630 511 293 295 161 611 240 236 188 200 250 174 229 674 3020
internal_value=-0.000180706 -0.0166602 0.0413241 0.0075719 -0.0408892 0.0259885 0.105668 -0.00526337 0.010879 -0.0185328 0.0527991 0.0387431 0.103678 0.156652 0.0042363 0.00838227 0.0322119 0.0613964 0.092387 0.128072 0.0270161 0.0586241 0.0222682 0.0621604 0.0280123 0.0700168 -0.0174371 0.0304121 -0.0316948 -0.0580776
internal_weight=22749 16284 6465 8141 8143 5221 1244 5766 3235 3540 2069 2375 363 501 3027 3152 1434 804 747 456 2012 851 863 424 1444 450 1583 1322 2677 4603
internal_count=22749 16284 6465 8141 8143 5221 1244 5766 3235 3540 2069 2375 363 501 3027 3152 1434 804 747 456 2012 851 863 424 1444 450 1583 1322 2677 4603
is_linear=0
shrinkage=0.0161


Tree=28
num_leaves=31
num_cat=0
split_feature=214 495 419 335 540 275 419 546 377 275 599 189 532 15 419 38 512 513 481 176 547 321 36 485 479 157 108 184 4 59
split_gain=63066 40091.2 28464.2 13422.5 11016 10330.6 10162.3 9584.36 8374.86 8224.78 12631.7 8196.77 7731.05 7539.78 6914.79 6724.98 7408.19 9382.81 6674.74 6401.54 7904.2 5554.84 5358.63 5769.03 4924.85 4858.22 6948.06 4786.46 6967.39 4466.83
threshold=10.500000000000002 79.500000000000014 24.500000000000004 10.500000000000002 209.25000000000003 5.5000000000000009 10.500000000000002 235.84999847412112 24.500000000000004 24.500000000000004 97.549999237060561 6.5000000000000009 17.500000000000004 16.500000000000004 13.500000000000002 10.500000000000002 104.50000000000001 59.500000000000007 28.500000000000004 24.500000000000004 142.34999847412112 20.000000000000004 5.5000000000000009 92.500000000000014 29.500000000000004 10.500000000000002 16.500000000000004 6.5000000000000009 16.500000000000004 52.000000000000007
decision_type=2 2 2 2 10 2 2 10 2 2 10 2 2 2 2 2 2 2 2 2 10 2 2 2 2 2 2 2 2 2
left_child=1 5 3 21 9 24 8 19 -3 29 -11 14 -13 -10 -5 -14 17 -17 -7 -8 -21 -2 -23 -24 -1 -20 -27 -18 -29 -4
right_child=2 6 4 11 -6 18 7 -9 13 10 -12 12 15 -15 -16 16 27 -19 25 20 -22 22 23 -25 -26 26 -28 28 -30 -31
leaf_value=-0.061653668427001429 -0.013678132268534498 -0.014582541989651587 0.047247592426168411 -0.017823565623755339 0.22088718297173249 -0.043207740443287852 0.016009325904009136 0.14646133636038192 0.011221226535746143 0.24080244150661337 0.048113902543431633 -0.0093909458424348505 0.037808584847064147 0.13472389900753892 0.082512099514179912 0.087294782999565348 -0.0028307538128834269 0.22829826036150375 -0.021020960070303248 0.017399414340336233 0.16877829636611011 -0.02483497326583433 0.013743736928319048 0.14661055812952059 0.017149496502779506 0.0034868209766105228 0.12005964091935892 0.16225736590777193 0.025095994942478002 0.13965948083402274
leaf_weight=4468 2379 3393 903 744 170 2006 1959 190 395 189 166 329 739 190 234 295 197 210 1209 187 172 188 165 175 215 548 175 195 190 160
leaf_count=4468 2379 3393 903 744 170 2006 1959 190 395 189 166 329 739 190 234 295 197 210 1209 187 172 188 165 175 215 548 175 195 190 160
internal_value=-6.05572e-05 -0.0191159 0.0376747 0.0217228 0.0983335 -0.0418659 0.0111192 0.0365008 -0.00487722 0.0836243 0.150766 0.0448422 0.0623867 0.0513734 0.00615906 0.0753322 0.100821 0.145976 -0.022637 0.0274775 0.0899919 -0.00318581 0.0440447 0.0822003 -0.0580307 -0.00126607 0.0317355 0.0615993 0.0946285 0.0611793
internal_weight=22735 15107 7628 6040 1588 8621 6486 2508 3978 1418 355 3133 2155 585 978 1826 1087 505 3938 2318 359 2907 528 340 4683 1932 723 582 385 1063
internal_count=22735 15107 7628 6040 1588 8621 6486 2508 3978 1418 355 3133 2155 585 978 1826 1087 505 3938 2318 359 2907 528 340 4683 1932 723 582 385 1063
is_linear=0
shrinkage=0.0161


Tree=29
num_leaves=31
num_cat=0
split_feature=213 504 419 483 438 394 504 155 155 235 116 335 35 512 376 257 297 195 20 519 546 119 477 523 418 395 541 161 145 543
split_gain=62570.4 32380.7 26049.3 13444.9 14049.3 11675.7 10244.1 10090.2 9981.97 8059.19 6763.39 6220.15 6040.34 9478.62 6748.42 6627.55 5963.46 5920.85 5892.65 7290.39 5319.4 5189.37 4975.91 4766.92 4694.13 4500.53 4157.82 3868.03 3744.36 4296.56
threshold=10.500000000000002 53.500000000000007 20.000000000000004 197.50000000000003 29.500000000000004 24.500000000000004 52.500000000000007 6.5000000000000009 5.5000000000000009 16.500000000000004 24.500000000000004 16.500000000000004 10.500000000000002 108.50000000000001 16.500000000000004 8.0000000000000018 13.500000000000002 10.500000000000002 16.500000000000004 104.50000000000001 113.64999771118165 29.500000000000004 35.500000000000007 140.50000000000003 29.500000000000004 10.500000000000002 72.549999237060561 16.500000000000004 13.500000000000002 224.44999694824222
decision_type=2 2 2 2 2 2 2 2 2 2 2 2 2 2 2 2 2 2 2 2 10 2 2 2 2 2 8 2 2 8
left_child=1 8 6 7 9 10 11 23 26 28 21 -2 15 14 25 -8 -17 -11 19 -7 -12 -4 -9 -3 -10 -14 -1 -25 -5 -30
right_child=2 3 5 4 -6 18 12 22 24 17 20 -13 13 -15 -16 16 -18 -19 -20 -21 -22 -23 -24 27 -26 -27 -28 -29 29 -31
leaf_value=-0.084334343751533508 -0.030209857699117895 -0.039861861231058816 0.019297320299363464 -0.017828936476367158 0.16349059232448085 0.16362428406893853 -0.020514977838520222 0.0076848840079531714 -0.028323443048527994 0.02984753362977868 0.061120516520260411 0.036501143576949564 0.0019188574977137946 0.027625601935809617 0.17824865858604391 0.010610337752912039 0.099024836878676234 0.15815594126985216 0.20506580231720262 0.022412577533297801 0.18878841574527244 0.092944547391101209 0.085940054175399253 -0.015502527729752857 0.052720684599304485 0.10536706151140829 -0.049476393573721709 0.057245123984898873 -0.0090685070753189542 0.10738971059477573
leaf_weight=1360 1357 2318 811 729 220 224 837 2781 3060 202 174 494 171 1305 208 536 314 174 243 165 166 358 228 824 197 303 2570 246 168 160
leaf_count=1360 1357 2318 811 729 220 224 837 2781 3060 202 174 494 171 1305 208 536 314 174 243 165 166 358 228 824 197 303 2570 246 168 160
internal_value=-0.000552061 -0.0194286 0.036964 0.00274526 0.043679 0.0846428 0.0184837 -0.00782844 -0.0442683 0.0252686 0.0602841 -0.0123931 0.0340461 0.053071 0.101726 0.0116241 0.0432994 0.0892869 0.142766 0.103788 0.123522 0.0418715 0.0136223 -0.0268865 -0.0234143 0.0680968 -0.0615452 0.00120064 0.00247349 0.0476686
internal_weight=22903 15237 7666 8050 1653 2141 5525 6397 7187 1433 1509 1851 3674 1987 682 1687 850 376 632 389 340 1169 3009 3388 3257 474 3930 1070 1057 328
internal_count=22903 15237 7666 8050 1653 2141 5525 6397 7187 1433 1509 1851 3674 1987 682 1687 850 376 632 389 340 1169 3009 3388 3257 474 3930 1070 1057 328
is_linear=0
shrinkage=0.0161


Tree=30
num_leaves=31
num_cat=0
split_feature=275 359 480 480 94 58 129 213 271 552 213 38 262 405 539 521 218 215 41 563 540 214 38 309 460 512 62 74 359 235
split_gain=58490.6 32253.3 22005.4 21209.3 14774.4 9734.93 9507.26 8265.83 7288.77 6730.23 7196.31 5959.98 5690.42 5590.92 5476.87 8124.86 5349.89 5668.87 5234.93 5082.25 5046.4 4792.92 4742.44 4734.73 4730.06 4611.91 6942.46 4515.18 4083.82 3771.09
threshold=5.5000000000000009 16.500000000000004 129.50000000000003 29.500000000000004 8.0000000000000018 35.500000000000007 8.0000000000000018 8.0000000000000018 24.500000000000004 244.44999694824222 6.5000000000000009 4.5000000000000009 8.0000000000000018 8.0000000000000018 127.50000000000001 182.50000000000003 8.0000000000000018 10.500000000000002 8.0000000000000018 82.649997711181655 226.84999847412112 20.000000000000004 10.500000000000002 16.500000000000004 8.0000000000000018 85.500000000000014 13.500000000000002 10.500000000000002 35.500000000000007 6.5000000000000009
decision_type=2 2 2 2 2 2 2 2 2 10 2 2 2 2 2 2 2 2 2 8 10 2 2 2 2 2 2 2 2 2
left_child=2 3 7 21 27 13 20 19 11 10 22 -4 -13 -6 -14 -16 28 -18 -7 -1 -5 -2 -8 -19 -24 26 -12 -3 -15 -29
right_child=1 4 8 6 5 18 9 -9 -10 -11 25 12 14 16 15 -17 17 23 -20 -21 -22 -23 24 -25 -26 -27 -28 29 -30 -31
leaf_value=-0.074535818895891448 -0.040838553089923985 -0.013553040443895091 -0.043826612565959405 -0.0022769667018590666 0.039677204257148331 0.080078978800849104 -0.021959657610250604 -0.016609952947498566 0.095061295150769248 0.13554845319221637 0.048934497982169881 -0.010923419246520074 -0.011004326616055901 0.025674366735217381 0.16422997908367354 0.017413161115939779 0.055638078843563601 0.11051231255205521 0.19297823047384027 -0.041781881032694118 0.083351378404427648 0.017036930008834269 -0.013096330212276127 0.22219636095428355 0.068540886084391073 0.03712689581275376 0.15946649312488201 -0.00066428997920187874 0.12135659199184302 0.087894406078886364
leaf_weight=2253 2344 659 498 3489 945 171 741 1831 257 177 403 642 196 369 202 190 200 220 286 2711 188 440 310 180 451 1400 233 216 169 293
leaf_count=2253 2344 659 498 3489 945 171 741 1831 257 177 403 642 196 369 202 190 200 220 286 2711 188 440 310 180 451 1400 233 216 169 293
internal_value=0.000434452 0.0210034 -0.032089 0.00618804 0.0616554 0.0834503 0.0204544 -0.045866 0.0150604 0.0386199 0.0337641 0.00314846 0.0221868 0.0686661 0.0583777 0.0931288 0.0927179 0.125805 0.150785 -0.0566526 0.00209469 -0.0316831 0.00701258 0.160829 0.0352543 0.0534877 0.0894651 0.0142389 0.0557744 0.0502673
internal_weight=22664 13884 8780 10176 3708 2540 7392 6795 1985 3715 3538 1728 1230 2083 588 392 1138 600 457 4964 3677 2784 1502 400 761 2036 636 1168 538 509
internal_count=22664 13884 8780 10176 3708 2540 7392 6795 1985 3715 3538 1728 1230 2083 588 392 1138 600 457 4964 3677 2784 1502 400 761 2036 636 1168 538 509
is_linear=0
shrinkage=0.0161


Tree=31
num_leaves=31
num_cat=0
split_feature=154 480 479 216 478 438 455 77 286 479 499 424 271 300 358 550 480 481 215 215 584 297 144 313 39 209 288 84 284 100
split_gain=57100.6 29547.2 29397.6 15355.6 9077.44 8327.56 8234.03 7924.85 6944.26 8166.04 6710.58 6333.62 6139.63 5726.96 8329.33 5719.35 5657.15 5278.54 6081.89 5124.87 7064.47 4851.84 4809.62 4434.96 4263.71 4402.29 4240.48 6030.66 3933.64 3824.96
threshold=6.5000000000000009 129.50000000000003 24.500000000000004 8.0000000000000018 29.500000000000004 20.000000000000004 4.5000000000000009 35.500000000000007 16.500000000000004 16.500000000000004 56.500000000000007 35.500000000000007 5.5000000000000009 8.0000000000000018 4.5000000000000009 182.25000000000003 29.500000000000004 228.50000000000003 8.0000000000000018 20.000000000000004 117.85000228881837 13.500000000000002 13.500000000000002 20.000000000000004 35.500000000000007 6.5000000000000009 6.5000000000000009 24.500000000000004 13.500000000000002 8.0000000000000018
decision_type=2 2 2 2 2 2 2 2 2 2 2 2 2 2 2 8 2 2 2 2 10 2 2 2 2 2 2 2 2 2
left_child=1 6 3 10 17 15 -1 11 22 19 -2 24 -12 -14 -15 -6 -8 18 -4 -10 -21 -16 -5 26 25 -3 -24 -28 -18 -27
right_child=2 7 4 8 5 -7 16 -9 9 -11 12 -13 13 14 21 -17 28 -19 -20 20 -22 -23 23 -25 -26 29 27 -29 -30 -31
leaf_value=-0.063035216227114221 -0.029593985657216486 -0.027678057983013583 0.0010376522368687651 0.0066147839768700067 0.13745148492393452 0.22524164103070299 -0.049104896783364889 0.10972168575850208 0.02141226144784503 0.16142806178416083 -0.025530281209453252 0.098547179415143168 -0.003326706761569616 0.1523912619870316 -0.0063435494992939599 0.025254803694013943 -0.026604928626298846 0.14122001840546874 0.071681884076507663 0.17367569497423055 0.028260399580776873 0.075673660398569514 0.02181192963025411 -0.010226927465429499 0.080724901276572045 0.051340967627480284 0.14603384625343996 0.03380028796969748 0.015225760585163794 -0.0089229680887416493
leaf_weight=3136 2149 1005 513 2134 302 167 2282 228 667 195 927 195 918 178 422 194 2169 165 825 166 182 335 338 258 169 508 277 226 796 589
leaf_count=3136 2149 1005 513 2134 302 167 2282 228 667 195 927 195 918 178 422 194 2169 165 825 166 182 335 338 258 169 508 277 226 796 589
internal_value=-0.00137091 -0.0274816 0.0236945 0.0113369 0.0771533 0.126806 -0.0423889 0.018897 0.0330442 0.0659542 -0.00822523 0.01049 0.00828481 0.0252142 0.0532613 0.0936156 -0.0300446 0.055235 0.0446139 0.0475888 0.0976928 0.029921 0.0207198 0.048087 0.00291859 -0.00332582 0.0660045 0.0956536 -0.0153669 0.0189627
internal_weight=22615 11077 11538 9372 2166 663 8383 2694 4443 1210 4929 2466 2780 1853 935 496 5247 1503 1338 1015 348 757 3233 1099 2271 2102 841 503 2965 1097
internal_count=22615 11077 11538 9372 2166 663 8383 2694 4443 1210 4929 2466 2780 1853 935 496 5247 1503 1338 1015 348 757 3233 1099 2271 2102 841 503 2965 1097
is_linear=0
shrinkage=0.0161


Tree=32
num_leaves=31
num_cat=0
split_feature=214 538 419 540 490 96 482 307 140 36 275 556 212 403 458 280 53 333 597 386 238 188 551 318 109 397 236 331 167 273
split_gain=59712.7 32499.9 24581.7 11977.7 11769.1 10169.1 9976.76 9458.85 8367.76 7557.44 7272.78 7183.12 6831.35 6050.7 7545.52 5365.96 5512.73 5879.65 5295.18 5087.13 5455.41 4938.68 4865.23 4760.73 4844.33 4484.89 4403.45 4401.63 4389.05 4361.61
threshold=8.0000000000000018 86.500000000000014 24.500000000000004 240.75000000000003 27.500000000000004 10.500000000000002 20.500000000000004 6.5000000000000009 10.500000000000002 8.0000000000000018 8.0000000000000018 209.25000000000003 29.500000000000004 24.500000000000004 10.500000000000002 3.5000000000000004 29.500000000000004 29.500000000000004 97.049999237060561 8.0000000000000018 8.0000000000000018 8.0000000000000018 156.94999694824222 35.500000000000007 4.5000000000000009 5.5000000000000009 13.500000000000002 13.500000000000002 10.500000000000002 20.000000000000004
decision_type=2 2 2 10 2 2 2 2 2 2 2 8 2 2 2 2 2 2 10 2 2 2 10 2 2 2 2 2 2 2
left_child=1 6 4 12 -2 26 -1 19 18 -9 -8 29 13 23 -15 -11 17 -17 -7 -6 -21 -16 -22 24 -3 -26 -4 -19 -12 -10
right_child=2 3 5 -5 7 8 10 9 11 15 28 -13 -14 14 21 16 -18 27 -20 20 22 -23 -24 -25 25 -27 -28 -29 -30 -31
leaf_value=-0.061117044172082254 -0.018875318920620051 -0.042939403209027033 0.011621039553170634 0.11343770328220068 -0.02255814960111378 0.123696732619566 -0.038985332216866828 0.01356913423237838 0.063364456320149282 -0.00011190292754825619 -0.01492725572286913 0.25316141110095147 0.07742129942224947 -0.005490847851376564 0.036725486340323597 0.044134695141657868 0.13321074651522133 0.064541243160921094 0.027825133866305633 -0.0076813187069239694 0.028903223473833475 0.16152120611703213 0.13633560201459652 0.055849538346677413 -0.029703311540095825 0.013493772533447359 0.092408266393870619 0.17013599991462861 0.046163622965666631 0.18109005818026516
leaf_weight=3699 1697 1035 513 273 1083 295 3103 1351 166 324 907 161 308 394 166 1437 308 224 304 534 308 164 170 277 971 1738 266 190 459 162
leaf_count=3699 1697 1035 513 273 1083 295 3103 1351 166 324 907 161 308 394 166 1437 308 224 304 534 308 164 170 277 971 1738 266 190 459 162
internal_value=0.000385759 -0.0213777 0.0313244 0.00956105 0.0185014 0.0836887 -0.0415545 0.0292034 0.115494 0.0442357 -0.0253572 0.164951 0.00394421 -0.000820255 0.04202 0.0609119 0.0700807 0.0595633 0.07508 0.00168182 0.0276457 0.0988165 0.0671606 -0.00853971 -0.0133098 -0.00198088 0.0392371 0.113059 0.00558312 0.121581
internal_weight=22987 13494 9493 5326 7626 1867 8168 5929 1088 3834 4469 489 5053 4745 724 2483 2159 1851 599 2095 1012 330 478 4021 3744 2709 779 414 1366 328
internal_count=22987 13494 9493 5326 7626 1867 8168 5929 1088 3834 4469 489 5053 4745 724 2483 2159 1851 599 2095 1012 330 478 4021 3744 2709 779 414 1366 328
is_linear=0
shrinkage=0.0161


Tree=33
num_leaves=31
num_cat=0
split_feature=419 480 274 275 565 480 418 93 129 454 154 512 342 278 215 174 348 275 2 402 478 488 321 336 189 225 337 158 566 419
split_gain=54798 33932.9 23985.7 14135.6 12637.8 8700.56 8301.29 8079.66 8181.44 8044.84 7874.18 7091.23 6387.73 6071.55 5661.28 5622.06 5740.82 5353.11 5296.82 5290.54 5430.19 5239.71 5003.14 4857.71 4823.5 4818.7 4649.57 3943.95 3906.81 3855.21
threshold=13.500000000000002 34.500000000000007 13.500000000000002 5.5000000000000009 235.84999847412112 235.50000000000003 29.500000000000004 3.5000000000000004 10.500000000000002 5.5000000000000009 5.5000000000000009 210.50000000000003 8.0000000000000018 6.5000000000000009 13.500000000000002 3.5000000000000004 4.5000000000000009 3.5000000000000004 24.500000000000004 13.500000000000002 29.500000000000004 135.50000000000003 6.5000000000000009 13.500000000000002 10.500000000000002 13.500000000000002 16.500000000000004 2.5000000000000004 231.15000152587893 35.500000000000007
decision_type=2 2 2 2 10 2 2 2 2 2 2 2 2 2 2 2 2 2 2 2 2 2 2 2 2 2 2 2 10 2
left_child=1 10 4 11 9 6 14 -5 28 21 -1 27 -13 -8 -4 -10 -17 -11 -18 22 -21 -2 -19 -12 -15 -24 -25 -3 -9 -16
right_child=2 3 5 7 -6 -7 13 8 15 17 23 12 -14 24 29 16 18 19 -20 20 -22 -23 25 26 -26 -27 -28 -29 -30 -31
leaf_value=-0.064801523604262223 -0.036710957019739157 -0.072724208670069138 0.019299784622404038 -0.021871776743773403 0.15063882917606436 0.16586590835492007 0.049712651966995855 0.0024951110559287351 -0.014641806744300713 -0.032468114848504252 -0.038878463845131842 -0.023824972277289996 0.10382453532185654 0.22555136495786668 0.055814828033965813 0.0040024350562931892 0.056721425566625308 -0.013603159175907223 0.13003845569167877 0.044106639208270584 0.13954554290514692 0.029119858755247339 0.019237844444443968 -0.019137495764444817 0.10831128626103223 0.10508374411145058 0.074458538068853511 -0.023820599735109187 0.077910773784987383 0.12929147383802123
leaf_weight=3087 1153 506 826 1194 172 260 205 2847 321 339 2042 203 203 161 616 404 1207 688 325 575 212 430 553 402 212 245 209 2780 190 266
leaf_count=3087 1153 506 826 1194 172 260 205 2847 321 339 2042 203 203 161 616 404 1207 688 325 575 212 430 553 402 212 245 209 2780 190 266
internal_value=0.000422765 -0.0160119 0.0382737 0.00163597 0.0153685 0.0775524 0.0674976 0.0159496 0.0244842 0.00981661 -0.0473148 -0.0235112 0.0399418 0.120266 0.0496266 0.047703 0.0580523 0.0271772 0.0722903 0.0360832 0.0698456 -0.0188141 0.0181865 -0.0269586 0.158979 0.0456235 0.0128396 -0.0313583 0.007221 0.0780011
internal_weight=22833 15920 6913 10180 4367 2546 2286 6488 5294 4195 5740 3692 406 578 1708 2257 1936 2612 1532 2273 787 1583 1486 2653 373 798 611 3286 3037 882
internal_count=22833 15920 6913 10180 4367 2546 2286 6488 5294 4195 5740 3692 406 578 1708 2257 1936 2612 1532 2273 787 1583 1486 2653 373 798 611 3286 3037 882
is_linear=0
shrinkage=0.0161


Tree=34
num_leaves=31
num_cat=0
split_feature=275 419 497 483 540 453 367 552 38 455 378 508 394 358 211 564 453 514 133 211 280 476 107 375 564 17 568 112 478 272
split_gain=57234.2 31298.7 19583.7 17636.8 11061 10970.1 10800.3 11661 9617.54 7307.64 7166.4 8442.98 6888.22 6203.69 5185.87 5789.62 5154.48 5118.52 5334.34 5990.42 4696.21 4738.24 4690.28 4902.95 4482.69 4409.02 4305.88 4164.37 4004.03 3765.91
threshold=5.5000000000000009 24.500000000000004 81.500000000000014 16.500000000000004 215.15000152587893 13.500000000000002 6.5000000000000009 213.05000305175784 10.500000000000002 20.000000000000004 10.500000000000002 230.50000000000003 29.500000000000004 29.500000000000004 16.500000000000004 144.05000305175784 5.5000000000000009 228.50000000000003 5.5000000000000009 13.500000000000002 4.5000000000000009 3.5000000000000004 16.500000000000004 16.500000000000004 235.84999847412112 16.500000000000004 124.35000228881837 10.500000000000002 16.500000000000004 16.500000000000004
decision_type=2 2 2 2 10 2 2 10 2 2 2 2 2 2 2 10 2 2 2 2 2 2 2 2 8 2 8 2 2 2
left_child=2 3 13 -2 5 -3 7 -5 20 28 -4 14 -11 -1 15 -12 27 18 19 -18 -8 -22 24 -24 -23 -20 -27 -10 -7 -30
right_child=1 4 10 6 -6 9 8 -9 16 12 11 -13 -14 -15 -16 -17 17 -19 25 -21 21 22 23 -25 -26 26 -28 -29 29 -31
leaf_value=-0.054303568359367303 -0.032337558758593725 0.023293984245629343 -0.019800678020607088 -0.010756652236075911 0.1845821525582596 0.02520613104981528 -0.018215379752078931 0.0967761053059851 -0.023045632709309507 0.092815779767512485 -0.04064573976342517 0.12991905356983724 0.22725592270687442 0.02302012631535684 0.079294771787880261 0.04413302770624937 0.082034935314477767 0.0035509273244132616 0.03734712750033102 0.19788556704234103 -0.031725438095099791 0.0032180935657854862 0.040996920482261764 0.14247315571830213 0.077295280896663071 0.15897531821466004 0.058308387068709389 0.058556329913733197 0.043232419192783637 0.14322318937726353
leaf_weight=5262 2116 964 1996 3423 215 330 897 283 355 224 513 184 178 283 234 352 371 297 887 169 319 1027 378 184 267 185 275 298 170 232
leaf_count=5262 2116 964 1996 3423 215 330 897 283 355 224 513 184 178 283 234 352 371 297 887 169 319 1027 378 184 267 185 275 298 170 232
internal_value=0.000223365 0.020414 -0.0319087 0.00973921 0.0745436 0.0632558 0.0190016 -0.00253881 0.0325153 0.0972061 -0.000711021 0.028969 0.152403 -0.050353 0.012046 -0.00611896 0.0538917 0.065761 0.07554 0.118335 0.0127665 0.0255547 0.0354124 0.0742623 0.0185211 0.0583662 0.0988452 0.0141578 0.0668612 0.100997
internal_weight=22868 14044 8824 11731 2313 2098 9615 3706 5909 1134 3279 1283 402 5545 1099 865 2837 2184 1887 540 3072 2175 1856 562 1294 1347 460 653 732 402
internal_count=22868 14044 8824 11731 2313 2098 9615 3706 5909 1134 3279 1283 402 5545 1099 865 2837 2184 1887 540 3072 2175 1856 562 1294 1347 460 653 732 402
is_linear=0
shrinkage=0.0161


Tree=35
num_leaves=31
num_cat=0
split_feature=214 480 359 157 544 335 35 347 563 568 558 419 212 584 256 479 38 49 428 563 514 505 512 395 515 220 368 306 437 471
split_gain=56182.9 28306 23166.2 10312.5 10066.4 9973.08 8510.21 7342.61 6614.03 6197.5 6073.83 5780.44 5437.65 5361.87 5317.37 5205.32 5136.25 4897.81 5702.46 4823.37 4671.75 4459.72 5183.52 6422.31 6577.85 7514.93 4223.86 3652.78 3547.89 3529.88
threshold=8.0000000000000018 29.500000000000004 24.500000000000004 5.5000000000000009 195.05000305175784 29.500000000000004 10.500000000000002 8.0000000000000018 235.84999847412112 177.15000152587893 138.55000305175784 10.500000000000002 20.000000000000004 109.54999923706056 20.000000000000004 5.5000000000000009 6.5000000000000009 10.500000000000002 5.5000000000000009 191.15000152587893 217.50000000000003 17.500000000000004 102.50000000000001 8.0000000000000018 38.500000000000007 8.0000000000000018 20.000000000000004 4.5000000000000009 29.500000000000004 13.500000000000002
decision_type=2 2 2 2 10 2 2 2 10 10 8 2 2 10 2 2 2 2 2 8 2 2 2 2 2 2 2 2 2 2
left_child=1 15 4 10 6 17 -2 20 9 -6 -3 -9 26 -7 -12 -1 -8 -4 -19 -20 28 -18 23 -23 -25 -26 -13 -24 -5 -29
right_child=2 3 5 7 8 13 16 11 -10 -11 14 12 -14 -15 -16 -17 21 18 19 -21 -22 22 27 24 25 -27 -28 29 -30 -31
leaf_value=-0.070927583574554878 -0.011448312660424462 -0.045122240516241682 0.035392955297798512 -0.02064587479793948 0.12310273784880586 0.22657145021920669 0.00090313322586283134 0.01088020148633549 0.14110848589325861 0.013568880498259344 -0.015726481878088901 0.025024113892836711 0.14393745159557328 0.096001984314200872 0.059666359221104984 -0.036916120307272524 -0.0052100752178903895 0.013375767540556248 0.08555000195566094 0.1870613300271968 0.053688184227354857 0.0064556023905551936 -0.039084991448270011 0.039275231229307025 0.074438128327798003 0.19780807341266607 0.117635544418869 0.0095920774020434047 0.048593535973356326 0.076970023971853749
leaf_weight=2217 2637 1845 748 2198 182 167 1422 1410 237 509 1479 622 173 161 290 2471 487 172 361 184 291 289 201 341 283 235 161 491 210 343
leaf_count=2217 2637 1845 748 2198 182 167 1422 1410 237 509 1479 622 173 161 290 2471 487 172 361 184 291 289 201 341 283 235 161 491 210 343
internal_value=0.000113865 -0.0211272 0.0301618 -0.00390531 0.0179596 0.0822581 0.0111 0.0109159 0.0676735 0.0424527 -0.0246837 0.0316218 0.0621889 0.162553 -0.00335369 -0.0530055 0.0256366 0.0642649 0.0943522 0.119865 -0.00722662 0.0388004 0.0486294 0.0721951 0.094285 0.130453 0.0440969 0.022468 -0.0145978 0.0373309
internal_weight=22817 13367 9450 8679 7657 1793 6729 5065 928 691 3614 2366 956 328 1769 4688 4092 1465 717 545 2699 2670 2183 1148 859 518 783 1035 2408 834
internal_count=22817 13367 9450 8679 7657 1793 6729 5065 928 691 3614 2366 956 328 1769 4688 4092 1465 717 545 2699 2670 2183 1148 859 518 783 1035 2408 834
is_linear=0
shrinkage=0.0161


Tree=36
num_leaves=31
num_cat=0
split_feature=155 506 239 542 374 217 226 258 553 197 430 299 154 244 273 116 38 145 514 517 353 169 278 35 94 47 9 229 8 467
split_gain=57151.9 29612.4 22728.7 12936.4 13230.1 9519.2 8782.05 7537.67 9545.5 9654.14 7396.35 7388.14 7028.81 6531.67 6139.91 5550.22 5508.94 5325.45 6252.41 5291.47 6004.59 7357.39 4712.39 4360.5 4255.73 4033.95 3924.95 3820.89 4335.36 7907.38
threshold=8.0000000000000018 66.500000000000014 16.500000000000004 213.05000305175784 13.500000000000002 6.5000000000000009 10.500000000000002 10.500000000000002 177.15000152587893 16.500000000000004 29.500000000000004 8.0000000000000018 6.5000000000000009 24.500000000000004 8.0000000000000018 16.500000000000004 3.5000000000000004 6.5000000000000009 204.50000000000003 46.500000000000007 13.500000000000002 10.500000000000002 16.500000000000004 2.5000000000000004 6.5000000000000009 16.500000000000004 13.500000000000002 6.5000000000000009 13.500000000000002 10.500000000000002
decision_type=2 2 2 10 2 2 2 2 10 2 2 2 2 2 2 2 2 2 2 2 2 2 2 2 2 2 2 2 2 2
left_child=1 11 3 5 -5 -2 14 16 13 24 22 -1 -7 -9 -4 -16 -3 -14 19 -19 25 -22 -8 -18 -10 -21 -17 -25 -29 -30
right_child=2 7 6 4 -6 12 10 8 9 -11 -12 -13 17 -15 15 26 23 18 -20 20 21 -23 -24 27 -26 -27 -28 28 29 -31
leaf_value=-0.056445244564445066 -0.014888762482822093 -0.047149400442097041 -0.0061784975539635658 0.021458506854596864 0.18617077792045517 -0.0071999638780240773 0.061423462572656115 -0.0056648927447346649 -0.032299400505331852 0.15633069112280554 0.19330813586380785 -0.020739364125916617 0.012638932163705196 0.090955568601609735 0.038226692872411164 0.06059298140591627 -0.042591971209669642 0.028520664876351125 -0.024730571502452087 0.028753788081360671 0.2273035321492349 0.075178179039931001 0.13909680157968088 -0.01239774597189394 0.077553999578927918 0.12623883193388727 0.17107293569389445 0.0067204973673270392 0.13986289765460364 0.0022566327320815227
leaf_weight=4785 2764 833 454 298 220 1244 695 1462 168 255 193 2193 1114 207 668 160 522 464 199 333 162 169 287 1172 200 165 176 857 211 223
leaf_count=4785 2764 833 454 298 220 1244 695 1462 168 255 193 2193 1114 207 668 160 522 464 199 333 162 169 287 1172 200 165 176 857 211 223
internal_value=-0.000572642 -0.0225659 0.0289024 0.0139739 0.091459 0.00790179 0.0693304 0.00331092 0.0263938 0.0801747 0.102098 -0.0452272 0.0242697 0.00630449 0.0429065 0.0651257 -0.0105399 0.0393012 0.0591927 0.0721272 0.0965058 0.149703 0.0841483 -0.000315688 0.0273396 0.0611003 0.118533 0.00863465 0.0277466 0.0692116
internal_weight=22853 13088 9765 7132 518 6614 2633 6110 2292 623 1175 6978 3850 1669 1458 1004 3818 2606 1492 1293 829 331 982 2985 368 498 336 2463 1291 434
internal_count=22853 13088 9765 7132 518 6614 2633 6110 2292 623 1175 6978 3850 1669 1458 1004 3818 2606 1492 1293 829 331 982 2985 368 498 336 2463 1291 434
is_linear=0
shrinkage=0.0161


Tree=37
num_leaves=31
num_cat=0
split_feature=419 480 155 273 155 509 419 487 56 540 394 190 316 29 540 232 274 515 537 578 274 127 297 308 438 35 482 138 227 449
split_gain=57109.3 28352.9 21359.5 15942.5 13196.3 10103 9751.64 9165.09 10230.8 8236.66 7568 7548.82 6770.63 6591.55 6227.64 5785.4 5545.69 5514.03 8178.58 10503.3 5782.89 4351.88 4307.92 4568.56 3827.58 3821.99 3583.52 4062.79 3522.39 3440.35
threshold=10.500000000000002 32.500000000000007 5.5000000000000009 8.0000000000000018 6.5000000000000009 212.50000000000003 35.500000000000007 191.50000000000003 20.000000000000004 215.15000152587893 16.500000000000004 6.5000000000000009 24.500000000000004 16.500000000000004 146.25000000000003 3.5000000000000004 6.5000000000000009 105.50000000000001 76.500000000000014 99.950000762939467 16.500000000000004 24.500000000000004 20.000000000000004 6.5000000000000009 8.0000000000000018 10.500000000000002 148.50000000000003 20.000000000000004 6.5000000000000009 6.5000000000000009
decision_type=2 2 2 2 2 2 2 2 2 10 2 2 2 2 10 2 2 2 2 10 2 2 2 2 2 2 2 2 2 2
left_child=1 16 5 9 12 22 7 24 -9 28 -8 29 26 -12 -14 -13 -1 18 20 -20 -17 -19 -2 -24 -5 -26 -3 -28 -4 -6
right_child=2 4 3 6 11 -7 10 8 -10 -11 13 15 14 -15 -16 17 -18 21 19 -21 -22 -23 23 -25 25 -27 27 -29 -30 -31
leaf_value=-0.061198705606067771 -0.02295563124918815 -0.03863157041672758 -0.016544574121984179 0.019937685949433209 -0.030431067255625412 0.090752341044640292 0.067255761724781427 0.069303125717223149 0.22089733356911215 0.12680837560961902 0.21035319815384945 -0.022111581502411413 -0.0061496737019664906 0.091140792447872918 0.11021270782364186 -0.0021516021253297018 -0.026663258446748408 0.010796326530312509 0.2282941846657626 0.054934953276658864 0.10372261880131385 0.083399144895338853 -0.016769057734004788 0.081684189405442947 0.020367949501642675 0.081078645743680275 -0.017824269893363984 0.065617222921261875 0.027086440781243594 0.012590547136617815
leaf_weight=3240 2017 2726 891 1041 870 272 424 371 168 161 286 396 360 209 178 364 1924 1155 167 199 211 263 255 234 395 849 946 180 1038 1079
leaf_count=3240 2017 2726 891 1041 870 272 424 371 168 161 286 396 360 209 178 364 1924 1155 167 199 211 263 255 234 395 849 946 180 1038 1079
internal_value=0.00156375 -0.0182073 0.0343031 0.0518024 -0.00109617 -0.00243173 0.0716936 0.0568529 0.116597 0.0161678 0.117272 0.017637 -0.0211746 0.160067 0.0323057 0.0347928 -0.0483361 0.0443552 0.0745834 0.1341 0.0366587 0.0242788 -0.0125553 0.0302954 0.0427498 0.0618205 -0.0286501 -0.00446458 0.00692119 -0.00660148
internal_weight=22869 14258 8611 5833 9094 2778 3743 2824 539 2090 919 4704 4390 495 538 2755 5164 2359 941 366 575 1418 2506 489 2285 1244 3852 1126 1929 1949
internal_count=22869 14258 8611 5833 9094 2778 3743 2824 539 2090 919 4704 4390 495 538 2755 5164 2359 941 366 575 1418 2506 489 2285 1244 3852 1126 1929 1949
is_linear=0
shrinkage=0.0161


Tree=38
num_leaves=31
num_cat=0
split_feature=479 480 95 155 213 541 34 563 17 377 479 541 58 313 139 454 156 503 378 118 357 95 282 57 236 599 57 179 513 347
split_gain=48473 35711.3 16842.5 12510.7 11638.6 9115.83 9800.31 8121.5 7921.35 7482.06 6229.12 6200.26 8013.47 6166.44 6709.69 6165.62 5995.96 5660.32 5193.14 4518.21 4437.6 4294.32 3871.41 4472.44 3799.49 3725.42 4557.17 3507.81 3478.41 3443.04
threshold=16.500000000000004 32.500000000000007 10.500000000000002 6.5000000000000009 10.500000000000002 193.75000000000003 24.500000000000004 173.15000152587893 52.000000000000007 20.000000000000004 35.500000000000007 231.15000152587893 8.0000000000000018 13.500000000000002 13.500000000000002 13.500000000000002 6.5000000000000009 248.50000000000003 13.500000000000002 16.500000000000004 20.000000000000004 3.5000000000000004 16.500000000000004 13.500000000000002 16.500000000000004 134.44999694824222 3.5000000000000004 16.500000000000004 35.500000000000007 10.500000000000002
decision_type=2 2 2 2 2 10 2 10 2 2 2 10 2 2 2 2 2 2 2 2 2 2 2 2 2 8 2 2 2 2
left_child=1 15 7 9 19 6 -6 21 11 17 -8 16 -13 -11 -15 24 20 -3 -9 -4 -5 -2 -23 -24 -1 26 -18 -17 -26 -28
right_child=2 3 4 8 5 -7 10 18 -10 13 -12 12 -14 14 -16 27 25 -19 -20 -21 -22 22 23 -25 28 -27 29 -29 -30 -31
leaf_value=-0.058992039403718645 -0.033519407630279073 -0.027352352300699063 0.0060478906246861173 -0.024208743464622394 0.044493504519457626 0.18864273369734808 0.086739101976619992 0.032829560438287782 0.10278985674236252 -0.0034932982660356958 0.19082156338792025 0.16497764407056331 0.010638012358847888 0.008192581916891907 0.15061877151394432 -0.024935212570021736 0.10592591669696964 0.047156860369158414 0.14147408331260475 0.074534766675370193 0.041301865160109683 0.002015925658921695 0.01157815327254268 0.12318910955946184 -0.040092727584421423 0.0099076355213376464 0.006523375150811664 0.04876878399407699 0.046825659377594989 0.061010948814688971
leaf_weight=4034 649 4159 727 1482 807 241 362 302 285 617 255 161 191 167 177 1108 250 282 184 381 327 1298 213 166 411 2122 687 197 168 536
leaf_count=4034 649 4159 727 1482 807 241 362 302 285 617 255 161 191 167 177 1108 250 282 184 381 327 1298 213 166 411 2122 687 197 168 536
internal_value=0.000668305 -0.012603 0.0419263 0.00400092 0.0700831 0.0969963 0.0814694 0.0141517 0.0199217 -0.0137987 0.129794 0.0158145 0.0812977 0.0269223 0.0815442 -0.0447121 0.0115448 -0.0226158 0.0740109 0.0296192 -0.0123538 0.00163442 0.015253 0.0605253 -0.0534544 0.0235771 0.0432532 -0.013791 -0.0148322 0.0304227
internal_weight=22946 17361 5585 11443 2773 1665 1424 2812 6041 5402 617 5756 352 961 344 5918 5404 4441 486 1108 1809 2326 1677 379 4613 3595 1473 1305 579 1223
internal_count=22946 17361 5585 11443 2773 1665 1424 2812 6041 5402 617 5756 352 961 344 5918 5404 4441 486 1108 1809 2326 1677 379 4613 3595 1473 1305 579 1223
is_linear=0
shrinkage=0.0161


Tree=39
num_leaves=31
num_cat=0
split_feature=155 479 498 558 494 419 338 508 595 288 199 576 133 565 166 133 419 212 236 276 595 117 309 93 156 113 510 484 217 439
split_gain=47915.3 27427.8 21709.7 12561.3 11340.6 9735.28 8965.3 7805.97 11079.5 7251.14 7370.71 6420.53 5630.34 5616.66 5118.53 5083.19 4768.07 5539.41 4680.23 4798.28 4712.21 4383.76 4329.48 4299.61 4391.8 5112.99 4104.12 4854.51 4056.73 4061.87
threshold=6.5000000000000009 20.000000000000004 85.500000000000014 233.25000000000003 20.500000000000004 43.500000000000007 16.500000000000004 227.50000000000003 203.05000305175784 3.5000000000000004 13.500000000000002 228.75000000000003 8.0000000000000018 71.750000000000014 5.5000000000000009 29.500000000000004 8.0000000000000018 13.500000000000002 29.500000000000004 6.5000000000000009 247.34999847412112 3.5000000000000004 5.5000000000000009 3.5000000000000004 24.500000000000004 13.500000000000002 129.50000000000003 87.500000000000014 3.5000000000000004 13.500000000000002
decision_type=2 2 2 10 2 2 2 2 10 2 2 10 2 8 2 2 2 2 2 2 8 2 2 2 2 2 2 2 2 2
left_child=2 4 13 5 -2 18 -7 14 12 -6 23 21 -9 -1 -4 16 -16 -18 19 -3 -21 -12 -23 -11 -25 -26 27 -24 -15 -30
right_child=1 3 7 -5 9 6 -8 8 -10 10 11 -13 -14 28 15 -17 17 -19 -20 20 -22 22 26 24 25 -27 -28 -29 29 -31
leaf_value=-0.069575679510806121 -0.027358641011500144 -0.0086320352706439445 -0.029181237910193437 0.20125814299293918 -0.019130525224261861 0.070634612090173243 0.19908249173169121 0.054506370340989575 -0.015363643251242679 -0.024591012625902794 0.10480905845815844 0.14776855993787708 0.18757299101716055 -0.055735521417516226 -0.021872703415040443 0.08370594866659993 0.0029833494479686693 0.086240384407282988 0.1060559704413582 0.066763703276034203 -0.01438939311525159 -0.013786161567728676 0.03842663257575557 0.011104990801281193 0.020392269498863802 0.11567001757564621 0.013133971664715284 0.12703523293329788 -0.035361311614817981 0.0025083585504602859
leaf_weight=1510 1799 550 1397 170 1151 435 209 167 293 678 247 161 164 1610 1051 219 715 292 242 872 235 402 406 2705 361 246 517 266 2713 1005
leaf_count=1510 1799 550 1397 170 1151 435 209 167 293 678 247 161 164 1610 1051 219 715 292 242 872 235 402 406 2705 361 246 517 266 2713 1005
internal_value=-0.000447464 0.0223746 -0.0243291 0.0672133 0.00876332 0.0582431 0.112357 0.00402024 0.0566715 0.0178679 0.0249824 0.0502201 0.120508 -0.0421514 -0.00491574 0.00996145 0.00210256 0.0271488 0.0398793 0.0302002 0.0495148 0.0416625 0.0318443 0.0123324 0.0198981 0.0590444 0.0472918 0.0735359 -0.0343747 -0.0251186
internal_weight=22788 11652 11136 2713 8939 2543 644 4298 624 7140 5989 1999 331 6838 3674 2277 2058 1007 1899 1657 1107 1838 1591 3990 3312 607 1189 672 5328 3718
internal_count=22788 11652 11136 2713 8939 2543 644 4298 624 7140 5989 1999 331 6838 3674 2277 2058 1007 1899 1657 1107 1838 1591 3990 3312 607 1189 672 5328 3718
is_linear=0
shrinkage=0.0161


Tree=40
num_leaves=31
num_cat=0
split_feature=274 480 479 505 77 540 571 577 453 238 264 158 217 284 127 419 256 56 35 599 482 442 27 325 179 285 333 36 251 156
split_gain=46092.3 27268.6 15445.2 11503.6 12028.1 9387.21 8894.27 8603.81 8104.9 7880.4 7195.18 6572.88 5865.54 5827.79 4693.5 4648.2 4499.79 4524.28 4441.27 4969.37 9015.6 8130.93 4146.63 5201.54 4138.16 4121.15 3593.35 3823.51 3566.69 3387.16
threshold=13.500000000000002 39.500000000000007 20.000000000000004 269.50000000000006 16.500000000000004 205.94999694824222 240.75000000000003 247.34999847412112 35.500000000000007 8.0000000000000018 13.500000000000002 3.5000000000000004 16.500000000000004 8.0000000000000018 4.5000000000000009 20.000000000000004 10.500000000000002 29.500000000000004 10.500000000000002 145.55000305175784 70.500000000000014 10.500000000000002 6.5000000000000009 8.0000000000000018 16.500000000000004 16.500000000000004 16.500000000000004 10.500000000000002 6.5000000000000009 5.5000000000000009
decision_type=2 2 2 2 2 10 10 10 2 2 2 2 2 2 2 2 2 2 2 10 2 2 2 2 2 2 2 2 2 2
left_child=1 9 7 6 -5 8 10 11 -4 29 16 -2 -10 -12 -13 -11 26 -18 25 20 -20 -22 -15 -24 -25 -16 -3 -28 -17 -1
right_child=2 3 5 4 -6 -7 -8 -9 12 15 13 14 -14 22 18 28 17 -19 19 -21 21 -23 23 24 -26 -27 27 -29 -30 -31
leaf_value=-0.065547755136496466 -0.029718427540197972 -0.030690191909401268 0.04185442564530184 0.022065443036567028 0.18860235772856854 0.17914983138809551 0.10231589139320585 0.13222046807038559 0.072125731100167415 -0.027090985160425445 -0.0069985920417220552 -0.01194494677659568 0.20141327369208395 -0.0021868367640589647 -0.017675462682520716 -0.013267903323284634 -0.0046358938328475629 0.065484786933378225 0.02624466254289801 0.0077282288423421684 0.053946000222633045 0.16544954856386426 0.12252379892702712 0.011895412205097263 0.097762272918194476 0.063913736218040335 -0.022380412974474764 0.059506402836726979 0.082805102846831014 -0.03703807915400021
leaf_weight=2529 694 3536 1175 354 165 203 204 171 211 1606 1355 751 161 419 660 202 1987 271 869 652 376 310 245 510 204 212 355 253 198 1895
leaf_count=2529 694 3536 1175 354 165 203 204 171 211 1606 1355 751 161 419 660 202 1987 271 869 652 376 310 245 510 204 212 355 253 198 1895
internal_value=-0.00112155 -0.0155434 0.035322 0.00127851 0.0750561 0.0761503 -0.00281903 0.0200988 0.0626193 -0.0413371 -0.00516945 0.0158556 0.128144 0.0166956 0.0241198 -0.0148519 -0.0145073 0.00376941 0.032924 0.0450789 0.0607246 0.104368 0.0400114 0.058473 0.0364618 0.00213345 -0.0244716 0.0116555 0.0342294 -0.0533411
internal_weight=22733 16288 6445 9858 519 1750 9339 4695 1547 6430 9135 4524 372 2733 3830 2006 6402 2258 3079 2207 1555 686 1378 959 714 872 4144 608 400 4424
internal_count=22733 16288 6445 9858 519 1750 9339 4695 1547 6430 9135 4524 372 2733 3830 2006 6402 2258 3079 2207 1555 686 1378 959 714 872 4144 608 400 4424
is_linear=0
shrinkage=0.0161


Tree=41
num_leaves=31
num_cat=0
split_feature=213 419 492 96 35 155 548 562 460 254 116 140 156 95 217 59 209 249 107 382 442 24 254 419 423 522 260 546 77 546
split_gain=47199.3 22998.3 20187.3 10726.1 9404.23 9205.83 8735.67 8189.18 7467.37 7237 6098.7 6044.17 5887.76 5516.86 5212.24 6390.62 4853.38 5875.14 4331.96 4068.94 7686.69 6479.6 6619.6 4031.55 3876.08 4300.59 3624.36 3574.18 5256.46 3480.38
threshold=8.0000000000000018 20.000000000000004 80.500000000000014 16.500000000000004 10.500000000000002 5.5000000000000009 251.25000000000003 235.84999847412112 4.5000000000000009 29.500000000000004 16.500000000000004 35.500000000000007 5.5000000000000009 10.500000000000002 10.500000000000002 20.000000000000004 10.500000000000002 20.000000000000004 13.500000000000002 8.0000000000000018 16.500000000000004 13.500000000000002 10.500000000000002 43.500000000000007 5.5000000000000009 180.50000000000003 20.000000000000004 156.05000305175784 16.500000000000004 72.549999237060561
decision_type=2 2 2 2 2 2 10 8 2 2 2 2 2 2 2 2 2 2 2 2 2 2 2 2 2 2 2 10 2 8
left_child=2 4 5 10 9 29 8 23 -4 27 -3 16 26 -12 -7 -16 18 24 -6 -14 21 22 -21 -5 -18 -26 -10 -2 -29 -1
right_child=1 3 6 7 11 14 -8 -9 12 -11 13 -13 19 -15 15 -17 17 -19 -20 20 -22 -23 -24 -25 25 -27 -28 28 -30 -31
leaf_value=-0.075669276968664892 -0.024220947213564464 0.020727497616192851 -0.033683337227878363 0.057872818683697938 -0.0097036421549588463 -0.030762123438268861 0.11694627553261082 0.19754342681202697 -0.024854934907726361 0.066478936612212269 0.036780958606991369 0.099388324234523304 0.0043167928158296372 0.14035275826132346 -0.0048248448118887264 0.10423208769654049 -0.026832727719589895 0.11140980001370281 0.042517318984279358 0.071109256480797328 0.0069089934372901333 0.018084931343377422 0.204646198640034 0.14151446282881514 0.025239230306390956 0.11318622805945609 0.042571554836530343 -0.010598469457805326 0.085122541361493179 -0.043619222735724147
leaf_weight=1233 2399 1051 1307 462 1279 2441 170 223 1286 313 273 299 1152 262 922 164 243 290 607 239 645 232 162 222 592 191 246 527 207 3082
leaf_count=1233 2399 1051 1307 462 1279 2441 170 223 1286 313 273 299 1152 262 922 164 243 290 607 239 645 232 162 222 592 191 246 527 207 3082
internal_value=-0.000913465 0.0266093 -0.0204781 0.0685606 0.0115513 -0.0370092 0.00335223 0.112737 -0.00030832 -0.00732433 0.043282 0.0301371 0.0106956 0.0875461 -0.0177048 0.0116225 0.0236631 0.0473953 0.00709094 0.0262827 0.0460645 0.0859251 0.125116 0.0850541 0.0292786 0.0467225 -0.0140126 -0.0147051 0.0163644 -0.0527829
internal_weight=22721 9440 13281 2493 6947 7842 5439 907 5269 3446 1586 3501 3962 535 3527 1086 3202 1316 1886 2430 1278 633 401 684 1026 783 1532 3133 734 4315
internal_count=22721 9440 13281 2493 6947 7842 5439 907 5269 3446 1586 3501 3962 535 3527 1086 3202 1316 1886 2430 1278 633 401 684 1026 783 1532 3133 734 4315
is_linear=0
shrinkage=0.0161


Tree=42
num_leaves=31
num_cat=0
split_feature=273 479 515 274 357 223 558 225 456 17 552 454 566 298 418 36 596 236 75 277 140 206 479 330 175 505 159 407 442 136
split_gain=46655.8 23670 21440.4 13249.1 9742.35 9277.88 9185.49 9075.83 8351.56 8551.11 6823.2 6331.5 8597.01 6803.44 6317.1 6008.51 5352.11 5246.46 4920.01 5150.51 4866.58 4829.39 4164.59 4055.87 4299.35 3817.4 3677.28 3668.57 4052.01 3529.25
threshold=8.0000000000000018 16.500000000000004 40.500000000000007 6.5000000000000009 24.500000000000004 5.5000000000000009 231.15000152587893 8.0000000000000018 4.5000000000000009 52.000000000000007 185.15000152587893 20.000000000000004 148.75000000000003 10.500000000000002 24.500000000000004 8.0000000000000018 203.05000305175784 20.000000000000004 13.500000000000002 29.500000000000004 13.500000000000002 6.5000000000000009 5.5000000000000009 13.500000000000002 6.5000000000000009 226.50000000000003 13.500000000000002 6.5000000000000009 16.500000000000004 8.0000000000000018
decision_type=2 2 2 2 2 2 10 2 2 2 10 2 8 2 2 2 10 2 2 2 2 2 2 2 2 2 2 2 2 2
left_child=2 5 15 -3 8 27 11 20 -4 18 23 17 13 -13 26 -1 -12 -5 -10 25 -7 -22 -17 -9 -25 29 -6 -2 -29 -20
right_child=1 3 4 6 14 7 -8 10 9 -11 16 12 -14 -15 -16 22 -18 -19 19 -21 21 -23 -24 24 -26 -27 -28 28 -30 -31
leaf_value=-0.056411657061854338 -0.035756035695139861 0.0025365320574618107 -0.038449190727341216 0.033901287988956703 -0.0054184217371019286 -0.015786865135205642 0.18876805434078514 0.012917980389149085 -0.013445302573944143 0.10344073515132436 0.15491412702107282 0.21965731872269764 0.04720950573744933 0.10079130966248206 0.11368279354827635 -0.046177280177718043 0.041477370652541097 0.10771119811429389 -0.037067779681032649 0.10297080534341473 -0.014545012222305016 0.080269981497348097 -8.8191838556350737e-05 0.12164820365431064 0.034110312559359118 0.083306877556730899 0.07378889375433087 -0.013812284488579045 0.051292181213396994 0.023003824272464366
leaf_weight=3468 1196 759 1774 1157 458 1477 184 1052 3115 208 240 202 402 330 263 953 197 319 412 181 243 325 1091 222 425 164 227 928 338 659
leaf_count=3468 1196 759 1774 1157 458 1477 184 1052 3115 208 240 202 402 330 263 953 197 319 412 181 243 325 1091 222 425 164 227 928 338 659
internal_value=0.000719011 0.0268605 -0.0194218 0.0617338 -0.00162847 0.00925498 0.0790458 0.0238578 -0.00865048 0.00249942 0.0470679 0.0706589 0.103487 0.145969 0.0465897 -0.0435025 0.103831 0.0498694 -0.0021292 0.022748 -0.000373542 0.0396651 -0.0215884 0.0324541 0.0641829 0.0109716 0.0207955 -0.0155342 0.00355089 -8.29771e-05
internal_weight=22969 9996 12973 3353 7461 6643 2594 4181 6513 4739 2136 2410 934 532 948 5512 437 1476 4531 1416 2045 568 2044 1699 647 1235 685 2462 1266 1071
internal_count=22969 9996 12973 3353 7461 6643 2594 4181 6513 4739 2136 2410 934 532 948 5512 437 1476 4531 1416 2045 568 2044 1699 647 1235 685 2462 1266 1071
is_linear=0
shrinkage=0.0161


Tree=43
num_leaves=31
num_cat=0
split_feature=215 479 514 541 165 273 156 364 479 480 69 319 155 483 333 468 70 550 575 392 278 104 116 283 549 412 357 200 29 156
split_gain=42381.1 23982.4 21950.6 11039.6 9718.3 8656.74 7324.88 6454.34 6373.34 5676.06 5669.51 7374.34 7476.36 5932.32 5644.96 5611.99 5316.97 6200.91 5143.51 5137.66 4989.12 5799.13 4723.3 4535.13 4726.09 7306.51 4484.1 4294.64 4256.43 3841.28
threshold=8.0000000000000018 35.500000000000007 43.500000000000007 244.44999694824222 5.5000000000000009 8.0000000000000018 6.5000000000000009 35.500000000000007 8.0000000000000018 248.50000000000003 8.0000000000000018 13.500000000000002 35.500000000000007 184.50000000000003 6.5000000000000009 5.5000000000000009 13.500000000000002 201.75000000000003 78.350002288818374 8.0000000000000018 10.500000000000002 10.500000000000002 29.500000000000004 10.500000000000002 148.75000000000003 10.500000000000002 29.500000000000004 10.500000000000002 13.500000000000002 24.500000000000004
decision_type=2 2 2 10 2 2 2 2 2 2 2 2 2 2 2 2 2 8 10 2 2 2 2 2 8 2 2 2 2 2
left_child=2 3 8 5 9 18 7 16 -1 -4 -7 29 13 -13 -3 27 19 -18 -2 -6 -16 -22 23 -17 -25 -26 -20 -8 -21 -12
right_child=1 14 4 -5 6 10 15 -9 -10 -11 11 12 -14 -15 20 22 17 -19 26 28 21 -23 -24 24 25 -27 -28 -29 -30 -31
leaf_value=-0.05548872532263726 -0.026986256926644841 0.025439529709478582 -0.029806270478509162 0.11817563167725026 -0.050217051388516259 0.0055830993106105731 -0.033407568551212664 0.087262930881823811 -0.020774371130311792 0.060067360783560626 0.009582214825180865 0.034770045912313308 0.16953319681989196 0.14060499046400285 0.080553687051730022 0.011414220355333751 -0.0059041577311773844 0.094254186383432054 0.003989785979255909 -0.025307769948627604 0.088946611174491555 0.21595732818990637 0.1269479804389973 0.017906725511625483 0.18569801884419584 0.040542089782845597 0.081810345030552525 0.060135935227089335 0.050922723090485997 0.068018949072850166
leaf_weight=3606 1522 202 2733 271 984 1634 412 188 2216 195 1293 656 188 174 391 609 507 234 2037 480 162 222 200 237 174 187 212 184 314 377
leaf_count=3606 1522 202 2733 271 984 1634 412 188 2216 195 1293 656 188 174 391 609 507 234 2037 480 162 222 200 237 174 187 212 184 314 377
internal_value=-0.000443468 0.0259043 -0.0187301 0.017084 -0.000776588 0.013696 0.013539 -0.00372388 -0.0422796 -0.0238128 0.0292504 0.0436286 0.0777935 0.0569855 0.10139 0.0368811 -0.0105238 0.025693 -0.00412491 -0.0256308 0.121155 0.162436 0.054422 0.0423849 0.0738859 0.110572 0.0113359 -0.00448888 0.00480915 0.0227883
internal_weight=22801 9341 13460 8364 7638 8093 4710 2707 5822 2928 4322 2688 1018 830 977 2003 2519 741 3771 1778 775 384 1407 1207 598 361 2249 596 794 1670
internal_count=22801 9341 13460 8364 7638 8093 4710 2707 5822 2928 4322 2688 1018 830 977 2003 2519 741 3771 1778 775 384 1407 1207 598 361 2249 596 794 1670
is_linear=0
shrinkage=0.0161


Tree=44
num_leaves=31
num_cat=0
split_feature=214 514 59 395 226 566 464 367 544 237 479 359 346 333 187 83 130 134 403 163 463 422 556 275 402 194 543 489 507 66
split_gain=46956 21699.9 17128.5 9818.82 8861.49 8414.95 7775.08 8864.92 7516.46 6597.91 6340.44 6020.72 5848.03 4967.9 5104.59 4975.66 4966.57 5144.33 5465.64 7560.73 4921.15 5426.8 4828.14 4118.31 3774.9 4025.32 3454.49 3336.55 4050.94 3605.05
threshold=10.500000000000002 42.500000000000007 29.500000000000004 5.5000000000000009 10.500000000000002 218.75000000000003 8.0000000000000018 24.500000000000004 198.94999694824222 6.5000000000000009 13.500000000000002 24.500000000000004 10.500000000000002 24.500000000000004 10.500000000000002 16.500000000000004 8.0000000000000018 20.000000000000004 8.0000000000000018 13.500000000000002 29.500000000000004 13.500000000000002 244.44999694824222 10.500000000000002 4.5000000000000009 3.5000000000000004 71.250000000000014 13.500000000000002 156.50000000000003 10.500000000000002
decision_type=2 2 2 2 2 10 2 2 10 2 2 2 2 2 2 2 2 2 2 2 2 2 8 2 2 2 8 2 2 2
left_child=1 10 3 -2 9 20 -4 -8 11 -3 26 13 -10 27 -15 -16 -11 18 -18 -20 24 -22 -13 -12 -6 -26 -1 -5 29 -29
right_child=2 4 6 8 5 -7 7 -9 12 16 23 22 -14 14 15 -17 17 -19 19 -21 21 -23 -24 -25 25 -27 -28 28 -30 -31
leaf_value=-0.069446622981999551 -0.017782421099428927 -0.030052943289879591 0.041802689669275916 -0.03757467339297299 -0.030911531010266738 0.11131118737440768 0.089418814228047247 0.22451138317651026 0.03232197435601903 -0.014647842904845712 -0.02365642533575435 0.042690421102643782 0.13315374383059847 0.0057024312640842241 0.045805602631444342 0.14716770842862975 -0.023901845477885014 0.096107329110442286 0.10732905044044816 -0.020138666176454011 0.018903383748625598 0.13029062716691536 0.14005274230608195 0.046075245470451325 0.075688738896294544 0.0052650097734662261 -0.04002912852400372 0.045085071343597197 -0.024175852337414445 -0.00023841389193693524
leaf_weight=1466 1332 2900 514 403 617 246 467 173 287 1541 1042 508 312 446 394 185 515 237 274 215 314 178 179 278 247 1426 3548 991 591 839
leaf_count=1466 1332 2900 514 403 617 246 467 173 287 1541 1042 508 312 446 394 185 515 237 274 215 314 178 179 278 247 1426 3548 991 591 839
internal_value=-0.00119931 -0.017694 0.0313584 0.0211576 -0.00120188 0.0210407 0.0885032 0.125973 0.0312631 -0.0130593 -0.0403689 0.0241774 0.0848813 0.0163329 0.0466964 0.0782331 0.00464663 0.0286243 0.0126711 0.0512368 0.01305 0.0592499 0.0680927 -0.00895268 0.0031138 0.0156764 -0.0486349 0.00530388 0.0124512 0.0242928
internal_weight=22665 15044 7621 6467 8710 3028 1154 640 5135 5682 6334 4536 599 3849 1025 579 2782 1241 1004 489 2782 492 687 1320 2290 1673 5014 2824 2421 1830
internal_count=22665 15044 7621 6467 8710 3028 1154 640 5135 5682 6334 4536 599 3849 1025 579 2782 1241 1004 489 2782 492 687 1320 2290 1673 5014 2824 2421 1830
is_linear=0
shrinkage=0.0161


Tree=45
num_leaves=31
num_cat=0
split_feature=419 36 213 359 154 500 563 453 235 116 487 463 494 221 188 166 491 5 2 42 398 155 480 417 298 480 416 506 319 236
split_gain=41990.7 21921.6 17841.9 12103.6 9641.2 9568.94 8722.75 6969.74 6930.87 7591.61 6895.69 7799.53 11741.9 6466.25 5916.86 5595.34 5458.79 4590.13 4623.7 4423.38 4308.06 4298.64 4246.22 3878.18 3776 5251.76 4717.74 3515.51 3330.63 3324.05
threshold=10.500000000000002 8.0000000000000018 10.500000000000002 35.500000000000007 13.500000000000002 46.500000000000007 235.84999847412112 35.500000000000007 16.500000000000004 10.500000000000002 142.50000000000003 13.500000000000002 156.50000000000003 3.5000000000000004 16.500000000000004 16.500000000000004 93.500000000000014 8.0000000000000018 29.500000000000004 29.500000000000004 13.500000000000002 6.5000000000000009 204.50000000000003 13.500000000000002 8.0000000000000018 18.500000000000004 4.5000000000000009 215.50000000000003 5.5000000000000009 29.500000000000004
decision_type=2 2 2 2 2 2 10 2 2 2 2 2 2 2 2 2 2 2 2 2 2 2 2 2 2 2 2 2 2 2
left_child=1 5 10 6 13 -1 7 23 24 -10 21 -12 -13 -3 -9 20 -15 27 22 -18 -5 -2 -19 -4 25 -6 -27 -7 -28 -23
right_child=2 4 3 15 8 17 -8 14 9 -11 11 12 -14 16 -16 -17 19 18 -20 -21 -22 29 -24 -25 -26 26 28 -29 -30 -31
leaf_value=-0.055866375876360432 -0.023832427698635507 -0.047000722438881121 0.00121798561701597 0.039387540797097366 -0.03489034962642263 -0.043059811784126607 0.14757400404534554 0.038368041229093743 0.17435399403534291 0.039440478667016561 0.0066653020488854327 0.18049023754078578 0.020733927839269937 -0.017359927717983954 0.15652825585642474 0.16236095211190796 0.0119842120820432 -0.021831270448988152 0.071975624043435771 0.092435558848861968 0.12890932614328324 0.0039735865304415217 0.046947558793323976 0.042666515410179053 -0.016270459374298791 0.1180011067988721 0.080252785240946353 0.022089634494447376 -0.0015956812914407752 0.07713558111673384
leaf_weight=3692 1828 979 1379 345 218 1934 173 264 163 323 863 204 288 2063 189 291 1313 1373 199 205 235 1345 280 1018 608 218 207 241 340 183
leaf_count=3692 1828 979 1379 345 218 1934 173 264 163 323 863 204 288 2063 189 291 1313 1373 199 205 235 1345 280 1018 608 218 207 241 340 183
internal_value=-0.00183582 -0.0186932 0.0262852 0.0517852 0.00275905 -0.0371415 0.0365371 0.0297887 0.031514 0.0847377 0.00520245 0.0358602 0.0870222 -0.0103331 0.0877186 0.10468 -0.000302122 -0.0199684 -0.00132764 0.0228644 0.0756999 -0.00716875 -0.0101667 0.0188309 0.015241 0.0347552 0.0546327 -0.0358301 0.029335 0.0127512
internal_weight=22961 14356 8605 3894 6637 7719 3023 2850 2077 486 4711 1355 492 4560 453 871 3581 4027 1852 1518 580 3356 1653 2397 1591 983 765 2175 547 1528
internal_count=22961 14356 8605 3894 6637 7719 3023 2850 2077 486 4711 1355 492 4560 453 871 3581 4027 1852 1518 580 3356 1653 2397 1591 983 765 2175 547 1528
is_linear=0
shrinkage=0.0161


Tree=46
num_leaves=31
num_cat=0
split_feature=215 239 486 419 318 480 482 337 17 428 417 557 36 541 213 270 157 34 235 109 175 509 200 544 231 177 192 500 112 332
split_gain=40566.3 23136.4 19295.5 10268.9 9370.79 8730.88 8293.54 7985.22 7372.7 7457.61 6568.17 7376.96 6020.93 5746.73 6396.02 5729.13 5363.48 4919.87 4652.11 4295.05 4210.8 4188.29 4011.1 3958.81 3844.72 4222.03 3651.64 3559.2 3524.05 4746.15
threshold=6.5000000000000009 13.500000000000002 152.50000000000003 29.500000000000004 20.000000000000004 18.500000000000004 20.500000000000004 24.500000000000004 52.000000000000007 8.0000000000000018 13.500000000000002 200.34999847412112 8.0000000000000018 226.84999847412112 29.500000000000004 20.000000000000004 6.5000000000000009 6.5000000000000009 10.500000000000002 10.500000000000002 24.500000000000004 265.50000000000006 16.500000000000004 164.05000305175784 20.000000000000004 16.500000000000004 10.500000000000002 28.500000000000004 24.500000000000004 10.500000000000002
decision_type=2 2 2 2 2 2 2 2 2 2 2 10 2 10 2 2 2 2 2 2 2 2 2 8 2 2 2 2 2 2
left_child=2 5 6 10 15 27 -1 21 9 -7 -3 17 28 14 16 23 -11 -12 -14 -20 -18 24 -19 -5 25 -4 -16 -2 -8 -30
right_child=1 3 7 4 -6 8 12 -9 -10 13 11 -13 18 -15 26 -17 20 22 19 -21 -22 -23 -24 -25 -26 -27 -28 -29 29 -31
leaf_value=-0.051394132194582456 -0.043741100299893892 0.01473928168315553 -0.026730306208547511 0.078948723913707219 0.18325537027101985 -0.0096426327642227683 -0.03634344039097271 0.10808398728932389 0.096437004725656236 -0.018121697726463944 -0.020521118022216494 0.16158201804858813 -0.01414930429154867 0.10613759997247477 0.039492510097727744 0.13632579485560617 0.019199269545847872 0.045223786719530916 0.0013588477901655379 0.084085144305493256 0.091269507696587412 0.075010423585014224 0.12864394080376787 -0.0054990869097148887 0.054127556082117868 0.04024510321246786 0.14074346846637972 0.012971728991068679 -0.030646038985793409 0.074941417025919319
leaf_weight=3306 1094 1422 968 345 251 2589 3539 253 273 959 207 179 1290 221 215 246 1528 550 364 295 244 235 206 246 300 326 163 388 280 182
leaf_count=3306 1094 1422 968 345 251 2589 3539 253 273 959 207 179 1290 221 215 246 1528 550 364 295 244 235 206 246 300 326 163 388 280 182
internal_value=0.000545064 0.0220972 -0.0209822 0.0554546 0.096913 0.00621963 -0.0309446 0.0232964 0.0146236 0.0108461 0.0378531 0.0666135 -0.0195782 0.0267828 0.0211343 0.0709924 0.012533 0.0489365 0.00361577 0.0384268 0.0291364 0.0115551 0.0679858 0.043758 0.00218522 -0.00983887 0.0832159 -0.0288773 -0.0308825 0.0108981
internal_weight=22664 11326 11338 3652 1088 7674 9256 2082 6192 5919 2564 1142 5950 3330 3109 837 2731 963 1949 659 1772 1829 756 591 1594 1294 378 1482 4001 462
internal_count=22664 11326 11338 3652 1088 7674 9256 2082 6192 5919 2564 1142 5950 3330 3109 837 2731 963 1949 659 1772 1829 756 591 1594 1294 378 1482 4001 462
is_linear=0
shrinkage=0.0161


Tree=47
num_leaves=31
num_cat=0
split_feature=503 479 542 588 213 157 540 36 275 453 508 511 505 583 334 487 400 45 396 155 155 358 35 599 171 570 41 390 536 120
split_gain=40242.8 27442.7 13372 15651.2 12445.4 11011.1 9868.49 6412.9 6368.68 6290.92 6338.06 5472.88 6625.71 6751.38 5010.51 6474.56 4951.77 4949.76 4834.17 4684.4 4425.73 4272.36 4256.63 4105.04 4491.53 6497 5956.92 3925.3 4504.93 3910.03
threshold=35.500000000000007 29.500000000000004 197.65000152587893 146.25000000000003 8.0000000000000018 5.5000000000000009 215.15000152587893 13.500000000000002 8.0000000000000018 5.5000000000000009 290.50000000000006 106.50000000000001 81.500000000000014 90.549999237060561 8.0000000000000018 71.500000000000014 20.000000000000004 5.5000000000000009 13.500000000000002 13.500000000000002 5.5000000000000009 35.500000000000007 10.500000000000002 122.54999923706056 6.5000000000000009 126.54999923706056 16.500000000000004 10.500000000000002 93.500000000000014 5.5000000000000009
decision_type=2 2 10 8 2 2 10 2 2 2 2 2 2 10 2 2 2 2 2 2 2 2 2 10 2 10 2 2 2 2
left_child=4 2 5 -4 20 21 14 -6 23 -5 16 12 -10 -14 -3 18 -11 -15 -16 -19 -1 22 -2 -7 -25 -26 -27 -24 -29 -17
right_child=1 6 3 9 7 8 -8 -9 11 10 -12 -13 13 17 15 29 -18 19 -20 -21 -22 -23 27 24 25 26 -28 28 -30 -31
leaf_value=-0.057167600190389155 -0.034335596958264311 0.023569440106284804 0.19984602353530884 -0.018084869865716318 -0.020031640991992325 -0.018765728548191266 0.17685736081434345 0.033874493265515455 0.020270438983912138 0.013802808916925485 0.13390870403167751 0.009065863267277173 0.15496745504747422 -0.018678297293992233 0.079097624075782219 -0.0048456307505694149 0.1006588962889625 0.023497277021211373 0.20342389356286678 0.13809691092799722 -0.0271396400214255 0.052777619350240307 -0.021105748651546515 -0.014277073717573006 0.1328974179469849 -0.014921214663739843 0.093852152023171612 -0.017552532424645814 0.075998526268340708 0.07872248743342361
leaf_weight=2984 2793 618 161 445 1579 1889 211 897 993 692 207 1997 236 175 164 206 226 173 162 200 2225 203 875 630 166 416 190 241 298 487
leaf_count=2984 2793 618 161 445 1579 1889 211 897 993 692 207 1997 236 175 164 206 226 173 162 200 2225 203 875 630 166 416 190 241 298 487
internal_value=-0.000242129 0.01506 0.00692634 0.048639 -0.0302202 0.000631955 0.0731709 -0.000493136 0.0130942 0.033118 0.0533926 0.0273693 0.0479255 0.0829229 0.0597919 0.0817369 0.0352113 0.0518535 0.140952 0.0850079 -0.0443458 -0.0193278 -0.0228127 -0.00326872 0.0175946 0.0436343 0.0191438 -3.54523e-05 0.0341259 0.0538472
internal_weight=22739 15054 13206 1731 7685 11475 1848 2476 7065 1570 1125 3774 1777 784 1637 1019 918 548 326 373 5209 4410 4207 3291 1402 772 606 1414 539 693
internal_count=22739 15054 13206 1731 7685 11475 1848 2476 7065 1570 1125 3774 1777 784 1637 1019 918 548 326 373 5209 4410 4207 3291 1402 772 606 1414 539 693
is_linear=0
shrinkage=0.0161


Tree=48
num_leaves=31
num_cat=0
split_feature=419 480 274 367 226 531 555 236 274 504 220 316 224 508 479 454 119 380 510 144 270 215 160 56 248 515 276 225 128 195
split_gain=43257.9 19680.4 19526.1 11747.3 10308.9 9662.47 8911.26 7621.04 7072.14 7109.72 6971.8 6273.02 6184.75 6560.04 5700.64 5334.09 5245.12 5176.25 4783.22 4484.61 4181.76 4039.35 4036.12 4017.9 3953.1 5766.09 3911.43 3875.96 3789.12 3820.75
threshold=10.500000000000002 24.500000000000004 13.500000000000002 8.0000000000000018 10.500000000000002 86.500000000000014 182.25000000000003 29.500000000000004 13.500000000000002 215.50000000000003 4.5000000000000009 20.000000000000004 6.5000000000000009 227.50000000000003 35.500000000000007 10.500000000000002 24.500000000000004 13.500000000000002 191.50000000000003 10.500000000000002 10.500000000000002 8.0000000000000018 29.500000000000004 6.5000000000000009 8.0000000000000018 142.50000000000003 5.5000000000000009 6.5000000000000009 10.500000000000002 10.500000000000002
decision_type=2 2 2 2 2 2 10 2 2 2 2 2 2 2 2 2 2 2 2 2 2 2 2 2 2 2 2 2 2 2
left_child=1 21 5 17 16 15 14 12 9 -5 -10 18 -7 24 28 -2 -4 26 19 -12 -11 -1 -19 -18 -14 -26 -3 -25 -6 -30
right_child=2 3 4 8 6 7 -8 -9 10 20 11 -13 13 -15 -16 -17 23 22 -20 -21 -22 -23 -24 27 25 -27 -28 -29 29 -31
leaf_value=-0.056293715876323647 -0.025508538523255329 -0.050714738148175682 0.014760174864584362 -0.011163757925793922 0.01046364491526792 -0.0085481968425722681 0.17372446491474267 0.10608102438723047 -0.01970926427572545 0.11213710845244018 0.028407911674138291 0.12805028663543827 -0.0026552811987534336 0.11982548587503102 0.13451707401985674 0.021741860935227307 0.018515532182541712 -0.0060137864805053466 -0.021408163269128387 0.11330221044304435 0.004167514745167307 -0.02100091121187634 0.078030540873336163 0.051602610255066461 0.11415633928650044 0.0076652765598177221 -0.017783245418267438 0.16043045310589307 0.12537794758550544 0.027131273931619487
leaf_weight=3195 2008 1640 1173 2520 353 1005 284 314 372 208 410 272 554 244 278 895 204 1373 242 267 169 1144 166 162 254 275 2182 180 234 184
leaf_count=3195 2008 1640 1173 2520 353 1005 284 314 372 208 410 272 554 244 278 895 204 1373 242 267 169 1144 166 162 254 275 2182 180 234 184
internal_value=-0.00113804 -0.0184374 0.0273395 -0.00581849 0.0600505 0.00934401 0.0936623 0.0315994 0.0134833 -0.00140033 0.0410851 0.0600935 0.0215605 0.044381 0.0719644 -0.010933 0.0339724 -0.0218807 0.0399545 0.0619239 0.0637994 -0.046994 0.00303613 0.0752039 0.0273616 0.0588416 -0.0319201 0.108949 0.0493792 0.0821869
internal_weight=22761 14160 8601 9821 3052 5549 1333 2646 4460 2897 1563 1191 2332 1327 1049 2903 1719 5361 919 677 377 4339 1539 546 1083 529 3822 342 771 418
internal_count=22761 14160 8601 9821 3052 5549 1333 2646 4460 2897 1563 1191 2332 1327 1049 2903 1719 5361 919 677 377 4339 1539 546 1083 529 3822 342 771 418
is_linear=0
shrinkage=0.0161


Tree=49
num_leaves=31
num_cat=0
split_feature=275 479 492 540 574 479 412 213 35 511 17 506 183 239 407 99 226 138 367 255 448 184 285 362 117 517 336 94 288 544
split_gain=38413.8 18574.5 17746.3 9919.78 10729.6 8492.91 8175.09 7622.01 7611.63 7222.19 7212.81 6097.27 7860.48 5646.89 4819.25 4723.72 4954 4689.53 4474.31 5512.79 4327.54 4644.87 4272.11 4451.12 5157.48 4667.34 4183.02 3782.27 3688.68 4536.71
threshold=8.0000000000000018 16.500000000000004 81.500000000000014 205.94999694824222 207.44999694824222 24.500000000000004 10.500000000000002 8.0000000000000018 20.000000000000004 127.50000000000001 35.500000000000007 215.50000000000003 13.500000000000002 24.500000000000004 8.0000000000000018 6.5000000000000009 13.500000000000002 8.0000000000000018 13.500000000000002 10.500000000000002 10.500000000000002 5.5000000000000009 6.5000000000000009 4.5000000000000009 5.5000000000000009 120.50000000000001 4.5000000000000009 2.5000000000000004 13.500000000000002 213.05000305175784
decision_type=2 2 2 10 8 2 2 2 2 2 2 2 2 2 2 2 2 2 2 2 2 2 2 2 2 2 2 2 2 8
left_child=2 6 7 8 -5 11 13 -1 20 15 14 17 -13 27 -8 -10 -17 -4 19 -7 -3 -22 -19 -24 -25 -26 -16 -2 -29 -30
right_child=1 3 5 4 -6 18 10 -9 9 -11 -12 12 -14 -15 26 16 -18 22 -20 -21 21 -23 23 24 25 -27 -28 28 29 -31
leaf_value=-0.044858173307331897 -0.056893701995631978 -0.00060727856651440358 -0.028995118794702616 0.22173236144930661 0.044652526634655736 0.035804758529919462 -0.0016472035731538368 -0.0094492011969140519 0.040512754835488995 0.014003626527270784 0.10740897064345017 -0.00026594920784454742 0.10739620883733027 0.069631791755762965 -0.031538886686775285 0.094713663208238388 0.19640215052071894 -0.027160848734790636 -0.003580681375330515 0.14474615960218126 0.12129507151177212 0.027322058789712691 -0.033694395411464476 0.11794951724498585 0.079208605806794577 -0.013061043514153815 0.054096680864405652 -0.015992999742385709 -0.00048629664223586957 0.076124550218510209
leaf_weight=5513 413 880 2105 184 172 284 1241 2209 209 316 278 517 266 240 170 353 193 589 231 210 189 493 239 193 230 371 1119 2439 722 277
leaf_count=5513 413 880 2105 184 172 284 1241 2209 209 316 278 517 266 240 170 353 193 589 231 210 189 493 239 193 230 371 1119 2439 722 277
internal_value=-0.000978814 0.0229187 -0.0192177 0.0564444 0.136243 0.00366229 0.0083902 -0.0347319 0.0456461 0.0787138 0.0295458 -0.00455487 0.0362789 -0.00612491 0.0209808 0.105767 0.130702 -0.0131399 0.0548112 0.0821635 0.0229578 0.0533989 0.0074222 0.0271637 0.0455121 0.022211 0.0427844 -0.0108523 -0.00531458 0.0207326
internal_weight=22845 9888 12957 2989 356 5235 6899 7722 2633 1071 2808 4510 783 4091 2530 755 546 3727 725 494 1562 682 1622 1033 794 601 1289 3851 3438 999
internal_count=22845 9888 12957 2989 356 5235 6899 7722 2633 1071 2808 4510 783 4091 2530 755 546 3727 725 494 1562 682 1622 1033 794 601 1289 3851 3438 999
is_linear=0
shrinkage=0.0161


Tree=50
num_leaves=31
num_cat=0
split_feature=419 485 454 543 441 544 430 367 542 478 456 416 253 411 360 544 185 454 346 592 457 511 332 549 162 156 535 214 355 214
split_gain=37062.6 21161.7 14569.5 10222.6 9287.98 8733.31 8031.54 7890.55 7163.47 6685.69 6490.64 5929.89 5484.69 5382.65 5028.91 6906.46 4985.07 4535.62 4770.64 4459.39 4450.37 4267.9 4198.9 4198.16 9124.78 4656.36 4105.53 4030.99 3830.54 3767.47
threshold=10.500000000000002 24.500000000000004 5.5000000000000009 197.65000152587893 5.5000000000000009 192.55000305175784 16.500000000000004 8.0000000000000018 210.94999694824222 24.500000000000004 6.5000000000000009 20.000000000000004 29.500000000000004 13.500000000000002 13.500000000000002 136.55000305175784 4.5000000000000009 4.5000000000000009 6.5000000000000009 94.250000000000014 20.000000000000004 173.50000000000003 16.500000000000004 153.34999847412112 13.500000000000002 8.0000000000000018 20.500000000000004 13.500000000000002 13.500000000000002 6.5000000000000009
decision_type=2 2 2 10 2 10 2 2 10 2 2 2 2 2 2 10 2 2 2 10 2 2 2 8 2 2 2 2 2 2
left_child=1 29 8 7 -4 9 -7 17 -2 21 20 22 27 14 -12 -16 -15 -3 -19 -13 -9 23 -11 25 -25 -6 -20 -5 -27 -1
right_child=2 3 4 12 5 6 -8 10 -10 11 13 19 -14 16 15 -17 -18 18 26 -21 -22 -23 -24 24 -26 28 -28 -29 -30 -31
leaf_value=-0.056591480727202693 -0.015290780637086304 -0.04429220574349179 0.00957782196478363 0.0050083222638854404 -0.0085840796485726466 0.064368407508773692 0.18146131619807673 -0.028582079601788372 0.094634303437619596 0.014177642992335536 -0.012350318623500944 0.070276693264552603 0.13007935677422827 0.12283272879701218 0.097549726495379296 -0.028812928022807719 0.033793209479917027 -0.031257712640959077 0.078652689852742125 0.18594289516623561 0.058931036139224048 -0.022343935037070474 0.090490583091856744 0.031333077412308737 0.15924326531722111 0.023066192617277333 -0.0014295093377772908 0.076036702509266446 0.098049763384673083 -0.024496713576153035
leaf_weight=2884 2231 1659 1931 639 707 432 235 1313 165 399 1101 167 160 220 299 179 634 1619 187 181 170 372 353 487 206 529 1469 307 266 1417
leaf_count=2884 2231 1659 1931 639 707 432 235 1313 165 399 1101 167 160 220 299 179 634 1619 187 181 170 372 353 487 206 529 1469 307 266 1417
internal_value=-0.00022056 -0.0161795 0.0260469 -0.00328463 0.0389611 0.0520473 0.105658 -0.00905408 -0.00771099 0.0422894 0.00800568 0.0755114 0.0428602 0.0241925 0.00656433 0.0501806 0.0567584 -0.0225988 -0.0116025 0.130504 -0.0185344 0.0280441 0.0500314 0.0365944 0.0693894 0.0214476 0.00759938 0.0280836 0.0481846 -0.0460231
internal_weight=22918 14257 8661 9956 6265 4334 667 8850 2396 3667 3916 1100 1106 2433 1579 478 854 4934 3275 348 1483 2567 752 2195 693 1502 1656 946 795 4301
internal_count=22918 14257 8661 9956 6265 4334 667 8850 2396 3667 3916 1100 1106 2433 1579 478 854 4934 3275 348 1483 2567 752 2195 693 1502 1656 946 795 4301
is_linear=0
shrinkage=0.0161


Tree=51
num_leaves=31
num_cat=0
split_feature=214 491 479 358 544 381 276 392 35 226 75 44 153 497 241 260 483 543 454 316 529 336 356 201 437 385 249 242 193 20
split_gain=37715.4 20783.1 17642.4 10366 10295.3 8537.52 7978.43 7570.03 6879.64 5922.36 6151.13 6353.65 5365.12 5168.87 5107.36 4951.32 4611.17 4546.76 4294.06 4181.65 5411.57 4476.19 4031.26 3967.65 4322.44 3498.6 4697.66 3428.16 3383.09 3529.28
threshold=10.500000000000002 94.500000000000014 29.500000000000004 61.500000000000007 195.05000305175784 16.500000000000004 20.000000000000004 10.500000000000002 16.500000000000004 5.5000000000000009 29.500000000000004 20.000000000000004 13.500000000000002 92.500000000000014 10.500000000000002 6.5000000000000009 257.50000000000006 70.850002288818374 20.000000000000004 10.500000000000002 55.500000000000007 13.500000000000002 13.500000000000002 10.500000000000002 6.5000000000000009 10.500000000000002 8.0000000000000018 8.0000000000000018 20.000000000000004 3.5000000000000004
decision_type=2 2 2 2 10 2 2 2 2 2 2 2 2 2 2 2 2 8 2 2 2 2 2 2 2 2 2 2 2 2
left_child=1 7 4 9 8 16 22 17 25 23 18 -12 28 -9 -8 -15 -6 -1 -11 21 -21 -14 -4 -3 -25 -2 -27 -26 29 -10
right_child=2 3 6 -5 5 -7 14 13 12 10 11 -13 19 15 -16 -17 -18 -19 -20 20 -22 -23 -24 24 27 26 -28 -29 -30 -31
leaf_value=-0.065178055254249398 -0.01963937555314281 -0.031694919858446011 0.029202935882342632 0.13748341568502689 0.077961830886692784 0.15167956721626741 0.2088668960715698 -0.015454552378116911 -0.041559824440996235 0.0039251745603416915 0.028274291211587831 0.15542320184814692 -0.012394366706164542 0.11685920779659098 0.087924752026685926 -0.0009703990616872387 -0.020480987385686031 -0.031900998668714646 0.066812716749651752 0.16142821979289854 0.051595930329515635 0.071478647880878932 0.10233002824063711 -0.029034363472137815 0.0050456237677013877 -0.015678997006744962 0.046750077959975052 0.10994832119039563 -0.041902090002523457 0.034291431534309531
leaf_weight=1322 1796 1355 491 160 292 249 184 2269 191 2726 279 161 332 160 180 218 213 5503 314 181 328 327 326 273 161 626 623 163 270 943
leaf_count=1322 1796 1355 491 160 292 249 184 2269 191 2726 279 161 332 160 180 218 213 5503 314 181 328 327 326 273 161 626 623 163 270 943
internal_value=-0.000133046 -0.0148551 0.02923 0.00975381 0.0186304 0.0744968 0.0863902 -0.029386 0.011127 0.00598719 0.0185809 0.0748527 0.0305155 -0.00626387 0.149125 0.0488423 0.0363938 -0.0383502 0.0104285 0.0560138 0.0906984 0.0291882 0.058411 -0.0164526 0.0181031 -0.00524206 0.0154417 0.0578934 0.00928651 0.021495
internal_weight=22616 15064 7552 5592 6371 754 1181 9472 5617 5432 3480 440 2572 2647 364 378 505 6825 3040 1168 509 659 817 1952 597 3045 1249 324 1404 1134
internal_count=22616 15064 7552 5592 6371 754 1181 9472 5617 5432 3480 440 2572 2647 364 378 505 6825 3040 1168 509 659 817 1952 597 3045 1249 324 1404 1134
is_linear=0
shrinkage=0.0161


Tree=52
num_leaves=31
num_cat=0
split_feature=214 508 479 275 563 484 528 224 417 225 36 412 58 212 453 396 323 460 419 246 551 127 355 202 416 31 30 46 231 417
split_gain=34386.8 18560.4 16858.4 8432.66 9857.58 7121.52 7949.21 9980.66 9660.46 6905.08 6449.92 5719.06 6229.4 5587.93 5467 5956.58 4559.89 4394.47 4200.14 3973 4605.24 3967.07 3706.66 3802.36 3517.28 3429.06 3581.36 3294.88 3886.43 4505.47
threshold=8.0000000000000018 72.500000000000014 24.500000000000004 13.500000000000002 235.84999847412112 182.50000000000003 127.50000000000001 8.0000000000000018 20.000000000000004 24.500000000000004 8.0000000000000018 13.500000000000002 29.500000000000004 24.500000000000004 24.500000000000004 20.000000000000004 8.0000000000000018 6.5000000000000009 24.500000000000004 8.0000000000000018 235.84999847412112 10.500000000000002 16.500000000000004 10.500000000000002 20.000000000000004 6.5000000000000009 6.5000000000000009 5.5000000000000009 13.500000000000002 4.5000000000000009
decision_type=2 2 2 2 10 2 2 2 2 2 2 2 2 2 2 2 2 2 2 2 8 2 2 2 2 2 2 2 2 2
left_child=1 10 3 4 27 16 7 -7 -8 14 -1 12 19 25 24 -16 -3 21 -12 -5 -21 -18 -19 -24 -4 26 -13 -2 -29 -30
right_child=2 5 9 11 -6 6 8 -9 -10 -11 18 13 -14 -15 15 -17 17 22 -20 20 -22 -23 23 -25 -26 -27 -28 28 29 -31
leaf_value=-0.045686606398807943 -0.027538692374181741 -0.022608444128137152 0.010751370897662626 -0.021627725911734761 0.11025509511204321 0.021113479936213882 -0.0082187460946400188 0.19364812272466869 0.098640406313480034 0.13689051334438079 -0.020837707078671736 0.1359040877927237 0.10088726272583694 0.13697085896691577 0.054131953436018766 0.16018622319796241 -0.041986098990824054 0.012130191494408074 0.049306140803533099 0.0061544703486553724 0.087617549927482163 0.039910273764813271 0.12646134106962956 0.018322255965833676 0.079750568486563353 0.020177185593591856 0.03177837009285335 -0.0095819550949924684 0.1028555347289533 0.012064134473627568
leaf_weight=4756 1407 2335 731 767 193 191 1066 160 276 297 2458 174 198 207 407 208 559 878 243 672 246 211 177 162 260 575 170 2003 181 656
leaf_count=4756 1407 2335 731 767 193 191 1066 160 276 297 2458 174 198 207 407 208 559 878 243 672 246 211 177 162 260 575 170 2003 181 656
internal_value=-0.000961754 -0.0174278 0.0227558 0.0118262 -0.0022708 0.00360978 0.0316028 0.0998288 0.0137407 0.0655257 -0.0344003 0.0326351 0.0154543 0.0613456 0.0523135 0.090039 -0.00735009 0.0105687 -0.0145184 0.00540134 0.0280101 -0.0195138 0.0296214 0.0748537 0.0288778 0.0442857 0.084515 -0.00738995 0.0025839 0.0317258
internal_weight=22824 13472 9352 7449 4440 6015 1693 351 1342 1903 7457 3009 1883 1126 1606 615 4322 1987 2701 1685 918 770 1217 339 991 919 344 4247 2840 837
internal_count=22824 13472 9352 7449 4440 6015 1693 351 1342 1903 7457 3009 1883 1126 1606 615 4322 1987 2701 1685 918 770 1217 339 991 919 344 4247 2840 837
is_linear=0
shrinkage=0.0161


Tree=53
num_leaves=31
num_cat=0
split_feature=419 505 213 59 416 212 217 226 220 257 35 377 505 571 51 569 270 347 38 128 319 595 67 215 395 154 176 504 214 447
split_gain=37784.1 18916.2 16587.8 13966.3 9307.53 8289.81 7669.78 7756.11 7639.37 7516.67 6800.19 6784.9 5949.72 5608.85 5194.04 5146.1 6406.06 6445.28 4803.07 5374.23 4503.61 4975.77 4213.92 4186.97 3920.89 3492.53 3401.92 5222.98 3140.34 3013.5
threshold=10.500000000000002 56.500000000000007 13.500000000000002 29.500000000000004 29.500000000000004 8.0000000000000018 10.500000000000002 13.500000000000002 3.5000000000000004 10.500000000000002 24.500000000000004 35.500000000000007 269.50000000000006 162.34999847412112 4.5000000000000009 247.34999847412112 6.5000000000000009 10.500000000000002 10.500000000000002 13.500000000000002 24.500000000000004 132.44999694824222 20.000000000000004 6.5000000000000009 5.5000000000000009 13.500000000000002 5.5000000000000009 102.50000000000001 13.500000000000002 24.500000000000004
decision_type=2 2 2 2 2 2 2 2 2 2 2 2 2 10 2 8 2 2 2 2 2 8 2 2 2 2 2 2 2 2
left_child=1 10 4 18 12 -6 28 -8 -3 -7 24 14 23 -13 -10 20 -17 -18 -4 25 29 -22 -12 -2 -1 -20 -21 -28 -5 -16
right_child=2 8 3 6 5 9 7 -9 11 -11 22 13 -14 -15 15 16 17 -19 19 26 21 -23 -24 -25 -26 -27 27 -29 -30 -31
leaf_value=-0.054450039027426025 -0.017883134621235582 -0.033885090474199846 0.010638889137982456 0.018154199948883214 0.0021052890305348518 0.052942876269832462 0.1029250233836511 0.24430337169642397 -0.025197389914465906 0.1951582574060382 -0.011279114083300672 0.02542014738107989 0.09252643076779711 0.13720381044329588 -0.012451505887916292 -0.0043218426230768863 0.12887252930494295 0.017102964556559047 -0.013379952203335913 0.035597145092812775 0.11627310943222929 0.0095832181824857324 0.081700177889202544 0.013013062792036399 -0.028558154535024975 0.06251366887925118 0.19276242060864029 0.066391198027421841 0.10261027421338269 0.034771064288996366
leaf_weight=3096 2341 1333 1131 210 323 233 253 168 1259 165 491 331 176 180 2366 392 312 235 301 161 175 323 170 2210 2982 328 160 182 252 411
leaf_count=3096 2341 1333 1131 210 323 233 253 168 1259 165 491 331 176 180 2366 392 312 235 301 161 175 323 170 2210 2982 328 160 182 252 411
internal_value=-0.000693891 -0.0169546 0.0258988 0.055335 0.0088962 0.0627793 0.109653 0.159398 0.000966594 0.111961 -0.0364164 0.00873411 0.000672541 0.0648421 0.00349116 0.0120679 0.0452963 0.0808976 0.0341302 0.05758 0.00253354 0.0471219 0.0125983 -0.00287454 -0.0417508 0.0261583 0.0968258 0.125581 0.0642721 -0.00545402
internal_weight=22650 14056 8594 3146 5448 721 883 421 7317 398 6739 5984 4727 511 5473 4214 939 547 2263 1132 3275 498 661 4551 6078 629 503 342 462 2777
internal_count=22650 14056 8594 3146 5448 721 883 421 7317 398 6739 5984 4727 511 5473 4214 939 547 2263 1132 3275 498 661 4551 6078 629 503 342 462 2777
is_linear=0
shrinkage=0.0161


Tree=54
num_leaves=31
num_cat=0
split_feature=419 481 212 157 189 198 453 199 508 584 293 454 113 336 94 35 82 357 225 52 57 15 294 595 550 229 333 598 245 192
split_gain=32297.5 17407.1 13596.1 11313.8 9082.43 8284.24 7034.64 6914.31 6357.19 6206.14 5916.64 5214.96 4651.27 4738.68 4680.89 4515.61 4437.64 4406.49 3964.64 3959.58 3916.02 3677.87 3663.84 3859.29 6009.48 3642.91 3483.62 3580.01 3482.81 3302.43
threshold=10.500000000000002 18.500000000000004 20.000000000000004 5.5000000000000009 8.0000000000000018 35.500000000000007 35.500000000000007 13.500000000000002 262.50000000000006 215.15000152587893 2.5000000000000004 5.5000000000000009 13.500000000000002 13.500000000000002 8.0000000000000018 10.500000000000002 2.5000000000000004 29.500000000000004 16.500000000000004 4.5000000000000009 20.000000000000004 3.5000000000000004 3.5000000000000004 160.44999694824222 135.15000152587893 10.500000000000002 4.5000000000000009 102.64999771118165 5.5000000000000009 4.5000000000000009
decision_type=2 2 2 2 2 2 2 2 2 10 2 2 2 2 2 2 2 2 2 2 2 2 2 8 10 2 2 8 2 2
left_child=1 -1 4 15 9 6 19 12 10 11 -6 -2 -5 -14 -15 -3 -12 -18 -17 -4 -13 -21 -9 24 26 -19 -24 -28 -25 -23
right_child=2 3 5 7 8 -7 -8 22 -10 -11 16 20 13 14 -16 18 17 25 -20 21 -22 29 23 28 -26 -27 27 -29 -30 -31
leaf_value=-0.045089365977148133 -0.03527885876136496 -0.037491003200901866 -0.011822309979945631 -0.013836469779121612 -0.059423576670922643 0.16892444247652494 0.12038583862484084 -0.016731385286748779 0.1302460560701493 0.082059725816511234 -0.03258047366152015 -0.0057540003627871497 -0.0031993993735950728 0.010602296986795757 0.099172947095379632 -0.015633009798117967 0.032453137521399569 0.15088332169684529 0.052817867383758384 0.12188569764274057 0.044367611063426196 0.094336761607870884 -0.015672003675005125 0.072271103378236723 0.13847315585818409 0.043765394645551653 0.10855532013099257 0.014204197482233264 -0.0047957858222888606 0.023720395711886902
leaf_weight=3756 1236 2726 339 2952 185 169 314 301 169 207 230 1752 867 309 311 1039 1994 161 278 162 525 220 189 214 229 170 239 186 523 789
leaf_count=3756 1236 2726 339 2952 185 169 314 301 169 207 230 1752 867 309 311 1039 1994 161 278 162 525 220 189 214 229 170 239 186 523 789
internal_value=-0.00040011 -0.0153948 0.0241518 -0.00462991 0.0130617 0.0610272 0.0510172 0.00882223 0.0343734 -0.00359752 0.0284515 -0.00865149 -0.00213487 0.0210794 0.0550684 -0.0256641 0.0348235 0.0415015 -0.00116613 0.0365766 0.00579203 0.0506081 0.0346926 0.0445041 0.068041 0.0959392 0.041734 0.0673182 0.0175499 0.0391407
internal_weight=22741 14119 8622 10363 6629 1993 1824 6320 2909 3720 2740 3513 4439 1487 620 4043 2555 2325 1317 1510 2277 1171 1881 1580 843 331 614 425 737 1009
internal_count=22741 14119 8622 10363 6629 1993 1824 6320 2909 3720 2740 3513 4439 1487 620 4043 2555 2325 1317 1510 2277 1171 1881 1580 843 331 614 425 737 1009
is_linear=0
shrinkage=0.0161


Tree=55
num_leaves=31
num_cat=0
split_feature=213 492 479 235 394 419 599 69 480 460 216 215 566 407 396 380 467 2 33 354 198 185 479 31 552 463 508 371 205 155
split_gain=33946.2 18892 17155.1 10876.7 8754.25 8381.4 9334.94 6920.07 6541.82 6139.7 5889.55 5850.66 6019.92 5409.31 5334.54 5158.11 5614.27 4983.13 4969.22 4912 4814.71 4404.53 4397.43 4312.75 3972.02 3674.82 3693.77 4539.14 3455.53 3461.34
threshold=8.0000000000000018 80.500000000000014 35.500000000000007 13.500000000000002 6.5000000000000009 20.000000000000004 156.94999694824222 6.5000000000000009 324.50000000000006 4.5000000000000009 10.500000000000002 6.5000000000000009 228.75000000000003 5.5000000000000009 5.5000000000000009 10.500000000000002 10.500000000000002 8.0000000000000018 29.500000000000004 35.500000000000007 8.0000000000000018 10.500000000000002 5.5000000000000009 13.500000000000002 150.65000152587893 5.5000000000000009 232.50000000000003 3.5000000000000004 16.500000000000004 20.000000000000004
decision_type=2 2 2 2 2 2 10 2 2 2 2 2 10 2 2 2 2 2 2 2 2 2 2 2 8 2 2 2 2 2
left_child=1 10 3 11 -4 7 21 -5 9 -3 22 -2 18 -6 -11 -9 -17 -15 28 25 -20 -7 -1 -22 -18 -16 27 -27 -13 -30
right_child=2 8 4 5 13 6 -8 15 -10 14 -12 12 -14 17 19 16 24 -19 20 -21 23 -23 -24 -25 -26 26 -28 -29 29 -31
leaf_value=-0.054294807044970847 -0.015795735144788652 -0.026966362885863692 -0.0089191521574120466 -0.01058154810444263 0.041215371752036156 0.11948049515220284 0.20150068448898645 0.019041834409821125 0.10678839430509782 -0.012898607949770128 -0.0073555916162633128 -0.0099043547493724068 0.095403590966142815 0.18829505307783767 -0.010627121961103995 0.027764797891494063 0.069856609522021232 0.095342087951806431 0.0087541716708601659 0.10100824805417552 0.036968651591068914 0.0079904874042567124 -0.02665785707980704 0.14954418100410191 0.17928040864263164 0.09985342414599406 0.090738898242232385 0.013071332813188025 0.0057993205933745658 0.090619986009794887
leaf_weight=2908 2364 1294 213 735 243 161 164 611 164 1340 1872 1918 237 242 718 253 164 396 393 211 186 215 3076 169 183 177 244 1342 351 194
leaf_count=2908 2364 1294 213 735 243 161 164 611 164 1340 1872 1918 237 242 718 253 164 396 393 211 186 215 3076 169 183 177 244 1342 351 194
internal_value=0.000220498 -0.0162809 0.0236715 0.0157673 0.0836033 0.0439519 0.100088 0.0283625 0.00662965 0.00354111 -0.0322945 0.00370767 0.0170863 0.105999 0.0133378 0.0520185 0.0855606 0.130637 0.0112985 0.0264062 0.0476425 0.0557922 -0.0400923 0.0906272 0.127632 0.0200521 0.0325599 0.023199 0.000251436 0.0360356
internal_weight=22738 13346 9392 8298 1094 2486 540 1946 5490 5326 7856 5812 3448 881 4032 1211 600 638 3211 2692 748 376 5984 355 347 2481 1763 1519 2463 545
internal_count=22738 13346 9392 8298 1094 2486 540 1946 5490 5326 7856 5812 3448 881 4032 1211 600 638 3211 2692 748 376 5984 355 347 2481 1763 1519 2463 545
is_linear=0
shrinkage=0.0161


Tree=56
num_leaves=31
num_cat=0
split_feature=213 479 514 545 199 199 38 68 154 582 447 35 541 215 335 179 416 382 597 466 239 454 478 48 329 79 166 158 485 127
split_gain=35420.9 18426.1 16604.7 8510.65 7518.85 7474.34 8190.57 8202.81 6523 6030.33 6039.94 5868.03 5496.64 5100.19 4220.91 4148.29 4068.28 6952.71 4002.65 3934.02 4249.4 4077.16 4022.14 4949 3871.55 3809.2 7486.54 3503.64 3366.52 3298.01
threshold=8.0000000000000018 20.000000000000004 38.500000000000007 191.15000152587893 10.500000000000002 8.0000000000000018 16.500000000000004 10.500000000000002 20.000000000000004 159.44999694824222 13.500000000000002 5.5000000000000009 216.75000000000003 4.5000000000000009 5.5000000000000009 16.500000000000004 24.500000000000004 6.5000000000000009 218.75000000000003 4.5000000000000009 16.500000000000004 5.5000000000000009 20.000000000000004 13.500000000000002 4.5000000000000009 20.000000000000004 20.000000000000004 3.5000000000000004 204.50000000000003 24.500000000000004
decision_type=2 2 2 10 2 2 2 2 2 10 2 2 10 2 2 2 2 2 8 2 2 2 2 2 2 2 2 2 2 2
left_child=2 3 14 19 13 15 8 -8 -7 -5 -11 28 24 -4 -1 -3 -15 -18 -17 -2 27 -22 -23 -24 -13 26 -26 -21 -6 -29
right_child=1 5 4 9 11 6 7 -9 -10 10 -12 12 -14 16 -16 18 17 -19 -20 20 21 22 23 -25 25 -27 -28 29 -30 -31
leaf_value=-0.051259423661487752 -0.021039776146131405 8.6630827140029513e-05 -0.034533704982296409 0.14557274337998277 -0.024887578209181131 0.027013925496681617 0.058650723803929883 0.19514817237051663 0.12330930334388644 -0.0021078526140476859 0.089774796659769396 -0.021313846928822988 0.11814357986379365 -0.0084633183237703014 -0.02270378550518614 0.034668312210359667 -0.026855499118698049 0.097000143543847422 0.12233463815017559 -0.033234294331419285 -0.025417994475740481 0.023887553269016759 0.16254178106935332 0.037424997445847041 0.035884561229399765 0.0092320305141596788 0.16269477171110869 0.0020121145908152073 0.055494601296538396 0.048754313868935473
leaf_weight=2992 1356 560 1856 160 809 578 190 288 267 438 321 327 197 2909 2440 477 210 266 189 598 188 394 165 164 485 530 161 2421 162 467
leaf_count=2992 1356 560 1856 160 809 578 190 288 267 438 321 327 197 2909 2440 477 210 266 189 598 188 394 165 164 485 530 161 2421 162 467
internal_value=5.53189e-06 0.0242722 -0.0167615 0.0102007 -0.00187731 0.0610952 0.0876452 0.140941 0.0574688 0.0556976 0.0367206 0.0201043 0.0381427 -0.0130844 -0.0384368 0.0324255 -0.00131681 0.0423085 0.0595819 0.00292878 0.0103259 0.0412884 0.0586665 0.100245 0.0276412 0.0412737 0.0675254 0.00222762 -0.0114525 0.00957865
internal_weight=22565 9221 13344 6672 7912 2549 1323 478 845 919 759 2671 1700 5241 5432 1226 3385 476 666 5753 4397 911 723 329 1503 1176 646 3486 971 2888
internal_count=22565 9221 13344 6672 7912 2549 1323 478 845 919 759 2671 1700 5241 5432 1226 3385 476 666 5753 4397 911 723 329 1503 1176 646 3486 971 2888
is_linear=0
shrinkage=0.0161


Tree=57
num_leaves=31
num_cat=0
split_feature=479 481 217 154 418 217 507 380 36 335 393 535 420 548 336 468 437 345 540 313 248 515 309 138 292 29 362 297 58 494
split_gain=32750.4 22046.7 11753.7 9537.36 8710.56 8679.9 7268.41 6588.5 6278.13 6277.45 5847.53 5610.18 6002.74 6054.98 5369.95 4992.34 4831.14 5683.91 4743.54 4732.18 4341.05 3699.47 3568.48 3820.89 3559.67 3511.03 3303.11 4281.34 4054.51 3179.11
threshold=29.500000000000004 61.500000000000007 13.500000000000002 5.5000000000000009 35.500000000000007 5.5000000000000009 272.50000000000006 6.5000000000000009 8.0000000000000018 24.500000000000004 35.500000000000007 123.50000000000001 20.000000000000004 149.65000152587893 10.500000000000002 10.500000000000002 29.500000000000004 10.500000000000002 105.54999923706056 5.5000000000000009 8.0000000000000018 10.500000000000002 16.500000000000004 10.500000000000002 4.5000000000000009 3.5000000000000004 13.500000000000002 13.500000000000002 10.500000000000002 231.50000000000003
decision_type=2 2 2 2 2 2 2 2 2 2 2 2 2 10 2 2 2 2 8 2 2 2 2 2 2 2 2 2 2 2
left_child=1 3 10 21 9 6 16 20 22 -4 -2 12 13 18 -5 -16 24 -18 -10 -17 -7 -1 -9 -24 -3 -13 27 -27 -28 -26
right_child=2 5 4 14 -6 7 -8 8 11 -11 -12 25 -14 -15 15 19 17 -19 -20 -21 -22 -23 23 -25 29 26 28 -29 -30 -31
leaf_value=-0.062599470494991705 0.018415916294287578 -0.047990282012396898 0.042426909727227874 -0.02153120836106252 0.19753274614932986 -0.020899196861755363 0.089224935152102572 -0.0081212754361521533 0.10564712235885204 0.15471234663762284 0.11138732579715392 -0.035884528994982408 0.14415178101576334 0.14358933031353785 -0.0084840525437062837 0.10939789390598799 -0.021789054287882297 0.10705879099126937 0.0090662987301923931 0.017716555398147836 0.019929849066808756 -0.031792241637422877 0.0011160252293718118 0.096643296659450706 -0.018060856679094274 -0.011875932046370956 0.11589305590915013 0.064637101210987119 0.026700859948484867 0.042059985897344561
leaf_weight=1492 1434 979 447 3226 198 1355 178 1174 177 182 200 200 249 160 996 221 184 171 519 432 1345 3150 233 204 2008 520 244 298 290 257
leaf_count=1492 1434 979 447 3226 198 1355 178 1174 177 182 200 200 249 160 996 221 184 171 519 432 1345 3150 233 204 2008 520 244 298 290 257
internal_value=-0.000598321 -0.00733556 0.0548614 -0.0251809 0.10433 0.00846813 -0.0111824 0.0191231 0.031575 0.0749539 0.0298099 0.0467813 0.0745191 0.0542364 -0.00944734 0.0141785 -0.0161549 0.0402094 0.0336616 0.048781 -0.000551566 -0.0416992 0.006481 0.0457639 -0.0223302 0.0270172 0.0363395 0.0159692 0.0674994 -0.0112288
internal_weight=22723 20262 2461 9517 827 10745 3777 6968 4268 629 1634 2657 1105 856 4875 1649 3599 355 696 653 2700 4642 1611 437 3244 1552 1352 818 534 2265
internal_count=22723 20262 2461 9517 827 10745 3777 6968 4268 629 1634 2657 1105 856 4875 1649 3599 355 696 653 2700 4642 1611 437 3244 1552 1352 818 534 2265
is_linear=0
shrinkage=0.0161


Tree=58
num_leaves=31
num_cat=0
split_feature=154 359 519 156 343 234 442 286 565 274 187 333 419 167 424 503 296 260 22 258 413 542 168 0 394 550 16 376 382 577
split_gain=33839.6 19622.2 12810.8 9413.95 7180.99 6899.71 6440.27 7190.03 7158.99 6052.86 6166.46 5626.68 4969.67 5306.78 4803.56 4787.03 4577.05 4421.88 3911.98 3772.05 3815.15 3759.95 4545.24 3745.4 3717.77 3661.44 3593.77 3579.29 3493.2 3437.59
threshold=6.5000000000000009 24.500000000000004 123.50000000000001 5.5000000000000009 29.500000000000004 6.5000000000000009 8.0000000000000018 10.500000000000002 255.05000305175784 16.500000000000004 8.0000000000000018 8.0000000000000018 35.500000000000007 13.500000000000002 29.500000000000004 204.50000000000003 5.5000000000000009 10.500000000000002 16.500000000000004 20.000000000000004 6.5000000000000009 197.65000152587893 6.5000000000000009 10.500000000000002 16.500000000000004 90.549999237060561 20.000000000000004 29.500000000000004 5.5000000000000009 147.15000152587893
decision_type=2 2 2 2 2 2 2 2 8 2 2 2 2 2 2 2 2 2 2 2 2 8 2 2 2 10 2 2 2 10
left_child=2 3 5 15 14 -1 -5 16 9 -9 -11 29 18 24 19 27 -8 -6 28 -4 -21 -18 -23 -12 -14 -7 -27 -2 -13 -3
right_child=1 11 4 6 17 25 7 8 -10 10 23 12 13 -15 -16 -17 21 -19 -20 20 -22 22 -24 -25 -26 26 -28 -29 -30 -31
leaf_value=-0.044144911819688576 -0.027352193103448955 -0.013849006357806785 -0.017434146414231255 0.001798651815579631 0.01996283016993464 -0.02658941978277829 -0.019991766992949096 0.0084194123893479404 0.13319910654704517 0.0054264480078478738 0.063007968625289595 0.028707476261924762 0.020706658423478685 0.16256113932748939 0.067698947675624621 0.043662992126861609 0.0140655181646563 0.13930148421598981 0.0039006761087811235 0.096209500311041071 -0.0060132411556877196 0.011871130644389839 0.12697388199924611 0.16121154000453353 0.11444842164355538 -0.0061289944211781414 0.061622681182447327 0.035420627645162434 0.10978876017015501 0.076655333793895886
leaf_weight=4817 2559 339 1958 2968 163 2186 681 625 285 195 189 238 196 284 237 325 891 160 300 165 221 161 200 218 251 949 258 259 330 160
leaf_count=4817 2559 339 1958 2968 163 2186 681 625 285 195 189 238 196 284 237 325 891 160 300 165 221 161 200 218 251 949 258 259 330 160
internal_value=-0.00137442 0.0177924 -0.0214746 0.00800079 0.00758263 -0.0317554 0.0191894 0.0341654 0.0604688 0.0435563 0.0799964 0.0623799 0.0771126 0.10807 -0.00136468 -0.0148211 0.0135787 0.0791508 0.0510138 -0.00835769 0.037622 0.0318574 0.0757052 0.115666 0.0733973 -0.0141592 0.00833364 -0.0215744 0.075856 0.0151233
internal_weight=22768 11654 11114 9556 2904 8210 6413 3445 1512 1227 602 2098 1599 731 2581 3143 1933 323 868 2344 386 1252 361 407 447 3393 1207 2818 568 499
internal_count=22768 11654 11114 9556 2904 8210 6413 3445 1512 1227 602 2098 1599 731 2581 3143 1933 323 868 2344 386 1252 361 407 447 3393 1207 2818 568 499
is_linear=0
shrinkage=0.0161


Tree=59
num_leaves=31
num_cat=0
split_feature=334 503 479 59 503 275 209 366 566 239 140 272 217 226 38 516 152 176 358 427 559 382 400 262 23 58 236 442 31 554
split_gain=33365.9 20232.7 18095 8441.57 6830.12 7973.28 6605.2 7441.23 8690.15 5912.2 5761.18 5500.32 5480.35 5215.75 4521.52 4514.89 4327.61 4064.82 3685.05 3648.24 4488.14 5753.94 3807.69 3544.18 5676.48 3306.45 3260.86 3224.78 3961.58 4470.47
threshold=10.500000000000002 66.500000000000014 29.500000000000004 29.500000000000004 293.50000000000006 13.500000000000002 20.000000000000004 4.5000000000000009 231.15000152587893 8.0000000000000018 8.0000000000000018 6.5000000000000009 13.500000000000002 43.500000000000007 6.5000000000000009 253.50000000000003 6.5000000000000009 29.500000000000004 5.5000000000000009 6.5000000000000009 100.45000076293947 6.5000000000000009 29.500000000000004 10.500000000000002 6.5000000000000009 13.500000000000002 20.000000000000004 16.500000000000004 16.500000000000004 153.34999847412112
decision_type=2 2 2 2 2 2 2 2 10 2 2 2 2 2 2 2 2 2 2 2 10 2 2 2 2 2 2 2 2 10
left_child=1 9 4 14 5 15 7 -3 13 -1 -7 -12 -5 19 -4 -2 -13 27 -16 -9 21 -21 -22 24 -18 -20 -11 28 29 -8
right_child=2 6 3 12 -6 10 17 8 -10 26 11 16 -14 -15 18 -17 23 -19 25 20 22 -23 -24 -25 -26 -27 -28 -29 -30 -31
leaf_value=-0.042080936526775019 -0.0073533338758376187 -0.030725860305731018 -0.0036222831819841331 0.091931633635374863 0.10413784908437573 0.010421731573303842 0.033887100832910327 -0.020258702513367154 0.10469530935158139 -0.019991037610466604 0.011157245680137514 0.14794257885712833 0.20834324551847835 0.087267331472925772 0.14158629136364145 0.069320621583836131 0.028526237298806358 0.10903594357356164 -0.0010337455353297623 -0.0018707532208279466 -0.0096617288641331744 0.097303032776584392 0.067605949002281326 0.027937144525679632 0.1524884338254493 0.092032245001956378 0.030645169227126193 -0.020542934328823328 -0.0038589031821333365 0.1432701642985916
leaf_weight=5354 3513 1638 262 260 219 1544 245 1430 236 1868 496 182 177 186 164 211 177 190 177 289 1486 318 186 413 210 223 400 262 252 161
leaf_count=5354 3513 1638 262 260 219 1544 245 1430 236 1868 496 182 177 186 164 211 177 190 177 289 1486 318 186 413 210 223 400 262 252 161
internal_value=-8.83821e-05 -0.0147833 0.025807 0.0818795 0.0156356 0.012759 0.00523201 -0.00168425 0.00982546 -0.0328505 0.03219 0.0549144 0.139136 0.0040712 0.0515591 -0.00300271 0.0769918 0.0411991 0.0772347 -9.45943e-05 0.0125474 0.0500464 -0.00105208 0.060821 0.0958534 0.0507917 -0.0110501 0.0271637 0.0461951 0.0773211
internal_weight=22729 14501 8228 1263 6965 6746 6879 5769 4131 7622 3022 1478 437 3895 826 3724 982 1110 564 3709 2279 607 1672 800 387 400 2268 920 658 406
internal_count=22729 14501 8228 1263 6965 6746 6879 5769 4131 7622 3022 1478 437 3895 826 3724 982 1110 564 3709 2279 607 1672 800 387 400 2268 920 658 406
is_linear=0
shrinkage=0.0161


Tree=60
num_leaves=31
num_cat=0
split_feature=36 419 480 214 199 153 518 78 546 381 406 77 515 245 162 172 33 113 342 272 1 274 193 71 76 333 277 510 532 400
split_gain=30911.7 18541.6 14054.1 11339.5 8806.21 8029.03 7890.24 7038.9 5513.13 7324.27 5471.8 5319.5 5154.29 4919.02 4636.11 4924.11 4458.27 4405.31 5166.68 4339.36 4182.72 4118.08 5191.85 3981.57 3865.81 3772.69 3704.32 4918.64 5481.46 3482.54
threshold=6.5000000000000009 24.500000000000004 133.50000000000003 10.500000000000002 13.500000000000002 5.5000000000000009 101.50000000000001 20.000000000000004 203.05000305175784 10.500000000000002 3.5000000000000004 20.000000000000004 26.500000000000004 13.500000000000002 4.5000000000000009 29.500000000000004 24.500000000000004 24.500000000000004 5.5000000000000009 6.5000000000000009 16.500000000000004 24.500000000000004 6.5000000000000009 29.500000000000004 8.0000000000000018 8.0000000000000018 8.0000000000000018 130.50000000000003 53.500000000000007 24.500000000000004
decision_type=2 2 2 2 2 2 2 2 10 2 2 2 2 2 2 2 2 2 2 2 2 2 2 2 2 2 2 2 2 2
left_child=2 3 12 6 20 -3 25 -6 16 -10 -7 29 -1 -13 -12 21 17 -5 -19 -14 -4 22 -16 -21 -22 -2 -18 28 -28 -8
right_child=1 5 4 8 7 10 11 -9 9 -11 14 13 19 -15 15 -17 26 18 -20 23 24 -23 -24 -25 -26 -27 27 -29 -30 -31
leaf_value=-0.046818108593510981 -0.027178621979148596 -0.0052326803235154167 -0.021968383283849903 0.0045181902202580419 0.02398159809821682 -0.00046873524416639583 -0.0020107681396791255 0.13192883969630811 0.014175835514464049 0.13913875573890228 0.031360557275974976 0.029817607363381089 -0.03598563610391254 0.13479742405339348 0.1219925148278771 0.17819556884990118 0.013466822521509152 0.13109434576824275 0.020639183651260686 -0.01072800626524756 -0.016685079965316419 0.13874700799461015 0.035567222560397474 0.060965901317696566 0.077013774272345001 0.0061470718283246966 0.05366904513360287 0.015510173522004999 0.18081296981041856 0.058834161845636813
leaf_weight=3176 2982 394 1198 2449 439 218 1720 244 230 259 326 356 2043 172 285 178 351 164 334 1798 206 287 493 226 255 1248 179 195 174 284
leaf_count=3176 2982 394 1198 2449 439 218 1720 244 230 259 326 356 2043 172 285 178 351 164 334 1798 206 287 493 226 255 1248 179 195 174 284
internal_value=0.00167574 0.0175823 -0.020357 0.00914534 0.0139205 0.0604991 -0.00388256 0.0625799 0.0294725 0.0804109 0.0750049 0.0185917 -0.0314438 0.0640602 0.0855063 0.0996881 0.0229898 0.0134052 0.0570612 -0.0194318 -0.00609809 0.0865446 0.0672571 -0.00271103 0.0350929 -0.0173408 0.0543828 0.080547 0.116407 0.00660022
internal_weight=22863 13278 9585 11097 2342 2181 6762 683 4335 489 1787 2532 7243 528 1569 1243 3846 2947 498 4067 1659 1065 778 2024 461 4230 899 548 353 2004
internal_count=22863 13278 9585 11097 2342 2181 6762 683 4335 489 1787 2532 7243 528 1569 1243 3846 2947 498 4067 1659 1065 778 2024 461 4230 899 548 353 2004
is_linear=0
shrinkage=0.0161


Tree=61
num_leaves=31
num_cat=0
split_feature=479 275 560 217 557 199 454 136 549 184 287 359 157 55 512 333 418 414 507 516 228 197 316 288 567 493 200 500 558 90
split_gain=31245.3 18385.6 12377.4 8536.51 8520.25 8071.45 7150.1 6249.45 5957.69 5904.26 5612.56 5809.36 6131.26 4789 4412.93 4281.23 4084.32 4088.2 3748.35 7645.9 3704.75 3612.59 4272.47 4479.23 3594.35 6802.24 3565.06 3485.23 4638.22 5685.17
threshold=16.500000000000004 5.5000000000000009 238.25000000000003 10.500000000000002 139.25000000000003 3.5000000000000004 6.5000000000000009 35.500000000000007 177.15000152587893 24.500000000000004 5.5000000000000009 29.500000000000004 20.000000000000004 16.500000000000004 197.50000000000003 24.500000000000004 35.500000000000007 5.5000000000000009 119.50000000000001 48.500000000000007 6.5000000000000009 10.500000000000002 6.5000000000000009 10.500000000000002 131.75000000000003 56.500000000000007 4.5000000000000009 10.500000000000002 98.750000000000014 6.5000000000000009
decision_type=2 2 10 2 8 2 2 2 8 2 2 2 2 2 2 2 2 2 2 2 2 2 2 2 10 2 2 2 8 2
left_child=1 4 5 7 -1 -2 14 13 -9 -6 -8 21 24 20 -7 16 17 -5 19 -17 -3 22 -12 -24 25 -13 -15 -19 29 -29
right_child=2 3 -4 15 9 6 10 8 -10 -11 11 12 -14 26 -16 18 -18 27 -20 -21 -22 -23 23 -25 -26 -27 -28 28 -30 -31
leaf_value=-0.044930212553504503 -0.017201965525038582 -0.035829191635906407 0.14309513712245098 -0.019319288459865996 -0.016197856926632781 -0.0042839264583249695 0.01468152719586968 0.00092428459472343634 0.12681842457636794 0.067189243996957901 0.035300944467765896 0.030265958865215523 0.18490761726924285 -0.028321024022938044 0.082442791147303227 0.020611828614573446 0.088759576018543437 -0.049311705867820417 0.018208328916403092 0.16777341407244123 -0.0062660001255549153 0.017145086179798874 0.053384633764534041 0.17247185217953589 0.021244907326917931 0.17252399097928697 0.027165034687703996 0.0027689817240567323 0.014294720272909539 0.125699038717555
leaf_weight=4514 893 2322 249 923 2425 1255 839 241 164 242 431 164 172 417 173 187 175 164 334 180 2090 658 166 163 206 187 1069 164 1407 242
leaf_count=4514 893 2322 249 923 2425 1255 839 241 164 242 431 164 172 417 173 187 175 164 334 180 2090 658 166 163 206 187 1069 164 1407 242
internal_value=-0.00107208 -0.0117626 0.0321344 0.002261 -0.031449 0.0269238 0.0358562 -0.00920471 0.0519618 -0.0086226 0.0500279 0.0638295 0.100791 -0.0134088 0.0062064 0.0214061 0.0132109 0.00864384 0.0573214 0.0928533 -0.0218302 0.0448107 0.0687323 0.112457 0.074774 0.106123 0.0115787 0.0217109 0.0281484 0.0761005
internal_weight=22816 17260 5556 10079 7181 5307 4414 6303 405 2667 2986 2147 729 5898 1428 3776 3075 2900 701 367 4412 1418 760 329 557 351 1486 1977 1813 406
internal_count=22816 17260 5556 10079 7181 5307 4414 6303 405 2667 2986 2147 729 5898 1428 3776 3075 2900 701 367 4412 1418 760 329 557 351 1486 1977 1813 406
is_linear=0
shrinkage=0.0161


Tree=62
num_leaves=31
num_cat=0
split_feature=273 479 489 480 548 247 36 31 357 153 542 464 522 371 377 275 384 271 129 270 416 540 259 342 117 168 460 34 445 516
split_gain=29048.4 18291.9 15769.6 8787.04 7251.82 6745.28 6196.76 5638.64 6584.53 5613.18 4802.59 4650.94 12397.8 4641.78 4571.89 4357.64 4337.15 6681.03 5215.26 4264.82 4138.52 3925.39 5680.7 3767.76 3714.29 3258.65 3153.76 3150.9 3149.54 3096.16
threshold=6.5000000000000009 20.000000000000004 118.50000000000001 235.50000000000003 255.05000305175784 8.0000000000000018 10.500000000000002 4.5000000000000009 29.500000000000004 43.500000000000007 213.05000305175784 20.000000000000004 156.50000000000003 6.5000000000000009 20.000000000000004 8.0000000000000018 10.500000000000002 16.500000000000004 10.500000000000002 16.500000000000004 35.500000000000007 167.05000305175784 13.500000000000002 10.500000000000002 29.500000000000004 3.5000000000000004 13.500000000000002 20.000000000000004 13.500000000000002 253.50000000000003
decision_type=2 2 2 2 10 2 2 2 2 2 8 2 2 2 2 2 2 2 2 2 2 8 2 2 2 2 2 2 2 2
left_child=2 4 15 6 5 14 24 -4 11 13 20 29 -13 -8 25 -1 17 18 -12 -16 26 22 -15 -18 28 -2 -7 -28 -3 -9
right_child=1 3 7 -5 -6 10 9 8 -10 -11 16 12 -14 21 19 -17 23 -19 -20 -21 -22 -23 -24 -25 -26 -27 27 -29 -30 -31
leaf_value=-0.040175461628566875 -0.047332576071791095 -0.01682190104588549 -0.026501663586010429 0.13315914209551943 0.10120768464885888 -0.010963828089272964 0.011248561921257026 -0.0050271770496917879 0.10776465913793179 0.14126823779069933 -0.011568290437350307 0.17137871776456146 -0.014764081282566338 0.060054179367381381 0.001770965370997033 -0.014154124676489009 -0.028326563044369101 0.15526099519944353 0.09969366542092542 0.089139749565362497 0.066878127797693906 0.026458125727157569 0.17200452417109213 0.062811481085735935 0.080034585387464705 -0.010799199828775056 0.0024867984288106976 0.061033277516352374 0.041950091767529084 0.067825391364887896
leaf_weight=5428 811 699 736 300 197 1916 477 1366 224 208 237 164 213 316 549 2413 283 184 202 197 272 279 188 201 192 2895 650 377 357 170
leaf_count=5428 811 699 736 300 197 1916 477 1366 224 208 237 164 213 316 549 2413 283 184 202 197 272 279 188 201 192 2895 650 377 357 170
internal_value=-0.00108152 0.0161355 -0.0203464 0.0504371 0.00460085 0.00242908 0.0412913 0.0119161 0.0251586 0.0637189 0.0167585 0.0154736 0.0661481 0.0508984 -0.0114767 -0.0321706 0.0456849 0.0737792 0.0395738 0.0248744 0.00679118 0.0750228 0.10186 0.00947346 0.0148913 -0.0188003 0.00122979 0.0240015 0.00302475 0.00302061
internal_weight=22701 11987 10714 3016 8971 8774 2716 2873 2137 1468 4322 1913 377 1260 4452 7841 1107 623 439 746 3215 783 504 484 1248 3706 2943 1027 1056 1536
internal_count=22701 11987 10714 3016 8971 8774 2716 2873 2137 1468 4322 1913 377 1260 4452 7841 1107 623 439 746 3215 783 504 484 1248 3706 2943 1027 1056 1536
is_linear=0
shrinkage=0.0161


Tree=63
num_leaves=31
num_cat=0
split_feature=156 59 480 334 76 333 297 38 18 76 427 35 135 237 226 426 481 286 314 378 236 481 454 475 479 571 419 222 371 142
split_gain=31746.2 18569.5 17733.8 10158.3 9719.17 8352.33 6423.39 6126.93 6383.79 9204.74 6092.18 6355.49 5554.1 5380.36 5267.2 5143.16 4946.24 6323.71 4639.58 4564.18 4534.29 4530.68 3720.35 3717.54 4904.03 3665.17 3312.26 2991.71 2988.42 2862.64
threshold=6.5000000000000009 29.500000000000004 129.50000000000003 8.0000000000000018 43.500000000000007 16.500000000000004 8.0000000000000018 5.5000000000000009 20.000000000000004 10.500000000000002 16.500000000000004 16.500000000000004 10.500000000000002 35.500000000000007 10.500000000000002 13.500000000000002 219.50000000000003 10.500000000000002 10.500000000000002 13.500000000000002 10.500000000000002 110.50000000000001 4.5000000000000009 24.500000000000004 13.500000000000002 231.15000152587893 35.500000000000007 10.500000000000002 8.0000000000000018 6.5000000000000009
decision_type=2 2 2 2 2 2 2 2 2 2 2 2 2 2 2 2 2 2 2 2 2 2 2 2 2 10 2 2 2 2
left_child=2 3 6 13 7 12 -1 -4 29 -10 16 27 -3 25 28 -16 26 -18 -17 21 -14 -7 -8 -24 -25 -2 -5 -12 -13 -9
right_child=1 5 4 10 -6 19 22 8 9 -11 11 14 20 -15 15 18 17 -19 -20 -21 -22 -23 23 24 -26 -27 -28 -29 -30 -31
leaf_value=-0.040272957347966119 -0.011727678551278622 0.0031882133097968163 -0.023124325324954457 0.002112509988537957 0.13730206054440705 0.12627365813397756 -0.036621196142585272 -0.014402950856544749 0.17073223654117697 0.0049373550862570224 -0.012740016073332425 0.082170562778632592 0.030411223954875687 0.074253862890019229 0.036548119836266373 0.20071130724186909 -0.002426283308100663 0.12562076989230939 0.08402001667955046 0.16637065373666071 0.15000251824954836 0.014637166931805608 -0.0094775296484904369 -0.0002019605952619584 0.11360036877526326 0.065555767845520807 0.066856824476267909 0.051856604577138206 0.016384868760945293 0.034024616183090446
leaf_weight=5405 4368 476 931 2812 165 229 993 580 178 170 470 306 168 211 167 186 184 218 170 272 162 161 1645 248 162 165 221 307 434 695
leaf_count=5405 4368 476 931 2812 165 229 993 580 178 170 470 306 168 211 167 186 184 218 170 272 162 161 1645 248 162 165 221 307 434 695
internal_value=0.00117793 0.0197295 -0.0182267 0.0120348 0.0175332 0.0732771 -0.029732 0.00978635 0.0286794 0.0898081 0.0269776 0.04902 0.0384295 -0.00520556 0.0713132 0.110452 0.0138801 0.0669536 0.145054 0.115669 0.089191 0.0802482 -0.0110321 0.00132144 0.0447064 -0.00890939 0.00683787 0.0127524 0.0436199 0.0119764
internal_weight=22859 11687 11172 10219 2719 1468 8453 2554 1623 348 5475 2040 806 4744 1263 523 3435 402 356 662 330 390 3048 2055 410 4533 3033 777 740 1275
internal_count=22859 11687 11172 10219 2719 1468 8453 2554 1623 348 5475 2040 806 4744 1263 523 3435 402 356 662 330 390 3048 2055 410 4533 3033 777 740 1275
is_linear=0
shrinkage=0.0161


Tree=64
num_leaves=31
num_cat=0
split_feature=275 507 299 541 516 154 346 419 485 486 511 556 375 359 278 544 301 178 298 158 248 276 178 227 273 222 129 155 312 165
split_gain=27413.3 19474.7 12929.5 8732.92 8311.27 6636.32 6172.98 6094.11 6027.63 11993.7 5641.41 8625.78 6298.44 5526.33 4795.4 6366.41 5227.68 4292.64 4063.97 3924.15 3783.07 3994.75 3569.36 3567.79 3625.98 3799.2 3533.25 3794.5 3702.81 4426.04
threshold=8.0000000000000018 193.50000000000003 16.500000000000004 213.05000305175784 11.500000000000002 6.5000000000000009 6.5000000000000009 10.500000000000002 235.50000000000003 272.50000000000006 116.50000000000001 136.55000305175784 10.500000000000002 35.500000000000007 20.000000000000004 216.75000000000003 10.500000000000002 3.5000000000000004 16.500000000000004 2.5000000000000004 5.5000000000000009 8.0000000000000018 6.5000000000000009 4.5000000000000009 24.500000000000004 6.5000000000000009 29.500000000000004 6.5000000000000009 6.5000000000000009 6.5000000000000009
decision_type=2 2 2 10 2 2 2 2 2 2 2 8 2 2 2 8 2 2 2 2 2 2 2 2 2 2 2 2 2 2
left_child=1 4 6 5 -1 -4 -2 19 18 -10 11 13 -13 -7 20 16 -16 -9 -3 -6 -8 -22 -12 -21 25 -25 27 -19 29 -29
right_child=2 8 3 -5 7 10 14 17 9 -11 22 12 -14 -15 15 -17 -18 26 -20 23 21 -23 -24 24 -26 -27 -28 28 -30 -31
leaf_value=-0.048984795341218988 -0.0070167090015333953 -0.00076837281136280292 -0.0071560003257496313 0.13368843323734531 -0.054873653865379679 0.013258093102693418 -0.015071164677480198 -0.039323809165663075 0.17721250441329822 0.0064260226957025927 0.081226713490764588 0.08259487767058625 0.21461241709926054 0.10360278122735878 -0.008717409061136619 0.1355861587088476 0.088485146248573662 -0.0084547692852126963 0.075171809552370975 -0.037447504354727622 -0.0026268143105780406 0.041461664972041075 -0.00061565658057437798 -0.030537452559520679 0.054614448295378544 0.0053443456619828274 0.07462337011336774 0.12772017841206518 0.0024435705200757975 0.018507613676177682
leaf_weight=2320 3266 676 578 292 931 484 847 520 216 211 185 217 166 276 347 205 244 1637 250 1749 855 1409 543 1608 217 1457 210 183 456 204
leaf_count=2320 3266 676 578 292 931 484 847 520 216 211 185 217 166 276 347 205 244 1637 250 1749 855 1409 543 1608 217 1457 210 183 456 204
internal_value=0.000569359 -0.014953 0.0206832 0.0504284 -0.0217565 0.0404915 0.00931343 -0.0148667 0.0428166 0.0928743 0.0552236 0.0775421 0.139875 0.0460984 0.0229704 0.058242 0.0313738 0.00301191 0.0197084 -0.0244967 0.013938 0.0248012 0.0201499 -0.0188707 -0.00896377 -0.0134727 0.0112045 0.00582488 0.0335821 0.0702116
internal_weight=22759 12845 9914 2741 11492 2449 7173 9172 1353 427 1871 1143 383 760 3907 796 591 3210 926 5962 3111 2264 728 5031 3282 3065 2690 2480 843 387
internal_count=22759 12845 9914 2741 11492 2449 7173 9172 1353 427 1871 1143 383 760 3907 796 591 3210 926 5962 3111 2264 728 5031 3282 3065 2690 2480 843 387
is_linear=0
shrinkage=0.0161


Tree=65
num_leaves=31
num_cat=0
split_feature=479 515 226 334 217 190 395 191 396 442 547 521 543 514 234 293 154 305 479 259 155 393 18 46 197 237 77 79 57 591
split_gain=25687.9 18842.1 9390.02 9351.25 7880.64 7817.41 6794.92 5999.49 5713.33 5742.34 6475.25 7804.26 7306.72 5406.49 4740.13 4668.38 5640.02 4552.9 4303.67 4145.64 3877.88 3868.93 3859.47 3712.13 3572.05 3544.81 3529.57 3366.75 4366.63 3364.72
threshold=29.500000000000004 37.500000000000007 10.500000000000002 8.0000000000000018 13.500000000000002 8.0000000000000018 10.500000000000002 13.500000000000002 3.5000000000000004 6.5000000000000009 235.84999847412112 197.50000000000003 195.05000305175784 272.50000000000006 16.500000000000004 20.000000000000004 20.000000000000004 8.0000000000000018 13.500000000000002 20.000000000000004 35.500000000000007 10.500000000000002 10.500000000000002 10.500000000000002 20.000000000000004 5.5000000000000009 5.5000000000000009 8.0000000000000018 5.5000000000000009 200.34999847412112
decision_type=2 2 2 2 2 2 2 2 2 2 10 2 10 2 2 2 2 2 2 2 2 2 2 2 2 2 2 2 2 10
left_child=1 6 5 24 21 14 -1 -6 -4 27 11 12 15 19 -3 16 26 -17 -16 25 -8 -5 -21 -23 -2 -7 -11 28 -10 -27
right_child=3 2 8 4 7 13 20 -9 9 10 -12 -13 -14 -15 18 17 -18 -19 -20 22 -22 23 -24 -25 -26 29 -28 -29 -30 -31
leaf_value=-0.036816062956216637 -0.0046470147896544621 -0.026174566683088353 -0.017923794583464051 -0.00038124642058141265 0.17098391639945545 -0.023421221617761011 -0.010700767379256446 0.063602053047856918 0.099679831408088379 0.060946216006163977 0.13874938654844568 -0.014108594847483199 0.15061341438577167 0.099507650780583934 -0.0057073325511833055 0.037179981623866244 0.09688643963415268 0.15795057002490814 0.074793056164502339 0.0030705642324619243 0.055833329550232666 0.10914536050141616 0.091679163985975975 0.032224618555151886 0.077894238909192323 0.02304581461978028 -0.0062520873357109399 -0.014249851927895789 0.0062545573649710603 -0.043140043795518328
leaf_weight=5128 791 3797 719 312 301 986 1892 246 188 282 182 548 187 180 674 160 260 165 231 237 258 308 277 347 164 1561 718 865 420 228
leaf_count=5128 791 3797 719 312 301 986 1892 246 188 282 182 548 187 180 674 160 260 165 231 237 258 308 277 347 164 1561 718 865 420 228
internal_value=-3.05763e-05 -0.00603946 0.00567098 0.0489826 0.0738699 -0.0047519 -0.0267427 0.122735 0.0238195 0.0313759 0.0462251 0.0389566 0.0553805 0.0135783 -0.0182804 0.04413 0.0300701 0.0985667 0.0148143 0.00886838 -0.00270573 0.0462045 0.0508685 0.0684309 0.00950296 0.00108043 0.0126743 0.00613754 0.0351813 0.0145976
internal_weight=22612 20143 12865 2469 1514 8171 7278 547 4694 3975 2502 2320 1772 3469 4702 1585 1260 325 905 3289 2150 967 514 655 955 2775 1000 1473 608 1789
internal_count=22612 20143 12865 2469 1514 8171 7278 547 4694 3975 2502 2320 1772 3469 4702 1585 1260 325 905 3289 2150 967 514 655 955 2775 1000 1473 608 1789
is_linear=0
shrinkage=0.0161


Tree=66
num_leaves=31
num_cat=0
split_feature=419 275 34 483 483 454 392 557 247 57 462 183 378 321 95 489 198 74 162 216 423 323 46 562 527 235 456 286 66 333
split_gain=27528.9 14805.4 13424.5 8864.08 7609.31 7049.12 6807.47 6329.05 5556.56 5100.89 4861.1 7656.08 4753.35 4738.78 4467.18 4569.84 4274.69 4077.51 5810.17 5314.04 3906.61 3703.02 3545.19 3388.72 5024.43 3249.78 3332.13 3224.92 4316.58 6476.85
threshold=13.500000000000002 5.5000000000000009 24.500000000000004 286.50000000000006 16.500000000000004 5.5000000000000009 10.500000000000002 140.84999847412112 13.500000000000002 20.000000000000004 13.500000000000002 13.500000000000002 5.5000000000000009 8.0000000000000018 10.500000000000002 77.500000000000014 20.000000000000004 3.5000000000000004 24.500000000000004 20.000000000000004 29.500000000000004 5.5000000000000009 16.500000000000004 183.15000152587893 48.500000000000007 24.500000000000004 13.500000000000002 10.500000000000002 10.500000000000002 10.500000000000002
decision_type=2 2 2 2 2 2 2 8 2 2 2 2 2 2 2 2 2 2 2 2 2 2 2 10 2 2 2 2 2 2
left_child=1 7 3 5 -3 -2 -4 -1 16 21 -11 -12 -8 -10 -14 -16 25 -15 19 22 -9 -7 -19 24 -18 -6 -27 -23 29 -29
right_child=2 4 6 -5 8 9 12 20 13 10 11 -13 14 17 15 -17 23 18 -20 -21 -22 27 -24 -25 -26 26 -28 28 -30 -31
leaf_value=-0.04219932832694457 -0.017095800135766583 -0.029144499745926231 0.019128686411502303 0.12235963366431853 -0.012874268599650796 -0.012600167416708635 0.03405487211815756 -0.015995406994369913 0.0042526256206341312 0.026203232972346915 0.171421710232177 0.025916258503321566 0.045910500960196617 -0.023430784786165601 0.088476850921587649 0.1823194506312994 0.085574140093278725 0.027834321610743465 -0.020915438413193554 0.14012392833028087 0.055452571696565325 0.0076231882993824576 0.10581187214201704 0.099108635658215843 -0.01396952070689585 -0.0038030208690423349 0.087482422727431966 0.02737655996316209 0.014484305926014586 0.16710782530674048
leaf_weight=4249 1613 1731 463 192 3705 1005 254 2192 1140 593 192 184 182 173 255 288 188 460 189 252 218 1011 226 160 436 249 177 183 378 163
leaf_count=4249 1613 1731 463 192 3705 1005 254 2192 1140 593 192 184 182 173 255 288 188 460 189 252 218 1011 226 160 436 249 177 183 378 163
internal_value=-0.000354399 -0.0121398 0.0263186 0.0148754 0.00122317 0.0109933 0.0700596 -0.0303767 0.0083734 0.0232152 0.0549713 0.10028 0.0941224 0.028235 0.115134 0.138293 -0.00148191 0.0492477 0.060425 0.0768396 -0.00952271 0.0119761 0.053558 0.0329778 0.0159835 -0.00802753 0.0340702 0.0262255 0.0521694 0.0932717
internal_weight=22701 15745 6956 5514 9086 5322 1442 6659 7355 3709 969 376 979 2440 725 543 4915 1300 1127 938 2410 2740 686 784 624 4131 426 1735 724 346
internal_count=22701 15745 6956 5514 9086 5322 1442 6659 7355 3709 969 376 979 2440 725 543 4915 1300 1127 938 2410 2740 686 784 624 4131 426 1735 724 346
is_linear=0
shrinkage=0.0161


Tree=67
num_leaves=31
num_cat=0
split_feature=273 479 438 484 551 59 276 38 248 228 403 217 353 322 106 157 406 530 549 130 497 154 198 96 451 141 230 576 315 57
split_gain=28947.7 16780.2 9388.33 8646.56 8025.34 7942.06 6407.98 6308.37 5629.41 6973.89 5174.56 4925.08 5862.35 4799.89 7210.67 4728.52 4727.89 4005.35 3992.47 6446.66 5265.72 3674.98 3500.14 4880.59 3408.98 5284.3 5361.23 3407.46 3345.49 3249.56
threshold=5.5000000000000009 20.000000000000004 8.0000000000000018 23.500000000000004 247.34999847412112 29.500000000000004 10.500000000000002 10.500000000000002 16.500000000000004 20.000000000000004 24.500000000000004 13.500000000000002 20.000000000000004 13.500000000000002 20.000000000000004 5.5000000000000009 13.500000000000002 91.500000000000014 209.25000000000003 6.5000000000000009 176.50000000000003 20.000000000000004 8.0000000000000018 8.0000000000000018 13.500000000000002 4.5000000000000009 16.500000000000004 198.94999694824222 20.000000000000004 20.000000000000004
decision_type=2 2 2 2 10 2 2 2 2 2 2 2 2 2 2 2 2 2 8 2 2 2 2 2 2 2 2 10 2 2
left_child=3 2 15 -1 8 11 29 -5 24 10 21 -3 -13 28 22 -2 -8 -17 27 -20 -21 -10 23 -15 -4 -26 -27 -19 -9 -7
right_child=1 5 4 7 -6 6 16 13 9 -11 -12 12 -14 14 -16 17 -18 18 19 20 -22 -23 -24 -25 25 26 -28 -29 -30 -31
leaf_value=-0.045746415830561771 -0.029416792887770798 0.014774462854280732 -0.0059320149981437875 -0.025605284622656221 0.12490521297632859 0.011448847570115991 0.086589896307778705 -0.018159624220822304 -0.013453857927259272 0.11930683571932786 0.10062235513508587 0.039472436427564407 0.14590191243745693 -0.012666104004300934 0.13201264716054814 -0.015718913618201654 0.19164068467213646 0.014866819354996737 -0.014061850153328895 0.16649682149696113 0.036055820689675805 0.060448889612689495 -0.033798173493966854 0.10905875685531789 0.086201303649838024 -0.012018127382663966 0.069449505137267373 -0.066309740708348747 0.042446577974160057 0.10109185655378874
leaf_weight=2927 2132 1656 2369 3466 181 299 286 1307 587 260 195 569 176 173 177 1633 183 800 205 161 161 248 232 168 296 796 284 161 288 162
leaf_count=2927 2132 1656 2369 3466 181 299 286 1307 587 260 195 569 176 173 177 1633 183 800 205 161 161 248 232 168 296 796 284 161 288 162
internal_value=-0.000246275 0.0142718 0.0042551 -0.0231776 0.0195571 0.0457464 0.085705 -0.0118056 0.0157653 0.0447741 0.0259372 0.0302591 0.0646471 0.00858087 0.0421762 -0.0109346 0.12763 0.00168323 0.020797 0.0564104 0.101349 0.00846751 0.0143846 0.0472349 0.00576671 0.025925 0.00938305 0.00124251 -0.00720155 0.0430014
internal_weight=22538 13800 10469 8738 5216 3331 930 5811 5035 1290 1030 2401 745 2345 750 5253 469 3121 1488 527 322 835 573 341 3745 1376 1080 961 1595 461
internal_count=22538 13800 10469 8738 5216 3331 930 5811 5035 1290 1030 2401 745 2345 750 5253 469 3121 1488 527 322 835 573 341 3745 1376 1080 961 1595 461
is_linear=0
shrinkage=0.0161


Tree=68
num_leaves=31
num_cat=0
split_feature=34 544 276 497 334 419 480 272 369 324 467 282 6 570 427 48 204 547 175 547 485 420 480 532 10 290 584 455 395 414
split_gain=25273.8 17843.4 15224.8 10036.3 8049.21 7912.05 6596.09 5827.68 5702.22 5447.11 5235.7 5095.2 6037.68 6703.48 4513.65 4800.97 4161.43 4006.34 3786.97 3784.09 10278.1 3605.09 4858.11 5900.82 3583.61 3538.85 6548.19 3367.82 3282.89 3235.96
threshold=6.5000000000000009 210.94999694824222 8.0000000000000018 77.500000000000014 13.500000000000002 35.500000000000007 99.500000000000014 20.000000000000004 20.000000000000004 20.000000000000004 10.500000000000002 10.500000000000002 5.5000000000000009 235.84999847412112 13.500000000000002 8.0000000000000018 4.5000000000000009 221.94999694824222 16.500000000000004 189.94999694824222 135.50000000000003 8.0000000000000018 74.500000000000014 150.50000000000003 10.500000000000002 8.0000000000000018 226.84999847412112 10.500000000000002 5.5000000000000009 2.5000000000000004
decision_type=2 10 2 2 2 2 2 2 2 2 2 2 2 8 2 2 2 10 2 8 2 2 2 2 2 2 8 2 2 2
left_child=3 2 7 29 18 10 -7 28 9 17 14 -5 -13 16 -6 -16 -14 -3 -4 20 -18 -12 -23 -24 27 -9 -27 -20 -2 -1
right_child=1 8 4 11 5 6 -8 25 -10 -11 21 12 13 -15 15 -17 19 -19 24 -21 -22 22 23 -25 -26 26 -28 -29 -30 -31
leaf_value=-0.06211361467421924 -0.029137360553783506 0.085297363074988294 -0.0023364691886162805 -0.014471076143450225 -0.015038181086125223 0.16746746169041835 0.035615206807823159 -0.0022670014012450366 0.14158676026043879 0.13739558468558802 0.030336110530874351 -0.021357982199877962 -0.051120429729995726 0.11619956407712694 0.016651403414755635 0.11100727301472685 0.0021859702374902451 -0.0056863285839399763 0.028542322736157252 -0.023394600223760373 0.16788139630514143 0.034621514528982211 0.18419318874554172 0.054449650811218053 0.007999656018797402 0.019599565651485931 0.14041128869833341 0.13258318415931375 -0.0035347508983568743 -0.028504899885522433
leaf_weight=885 2346 208 2042 2555 662 239 168 635 285 162 523 525 161 261 484 197 245 315 163 165 161 263 201 167 395 428 160 161 2912 4670
leaf_count=885 2346 208 2042 2555 662 239 168 635 285 162 523 525 161 261 484 197 245 315 163 165 161 263 201 167 395 428 160 161 2912 4670
internal_value=1.97622e-05 0.0145618 0.00925284 -0.0197881 0.0285336 0.0472482 0.1131 -0.00759675 0.081015 0.0557792 0.0365053 -0.000585437 0.0227705 0.0461249 0.0148715 0.0439813 0.0211071 0.0304534 0.00884122 0.0415138 0.0679507 0.0616619 0.0875887 0.125379 0.0406192 0.0240514 0.0525135 0.0803143 -0.0149625 -0.0338635
internal_weight=22744 13116 12146 9628 5665 2904 407 6481 970 685 2497 4073 1518 993 1343 681 732 523 2761 571 406 1154 631 368 719 1223 588 324 5258 5555
internal_count=22744 13116 12146 9628 5665 2904 407 6481 970 685 2497 4073 1518 993 1343 681 732 523 2761 571 406 1154 631 368 719 1223 588 324 5258 5555
is_linear=0
shrinkage=0.0161


Tree=69
num_leaves=31
num_cat=0
split_feature=419 36 34 544 543 35 563 376 338 259 367 391 482 587 54 155 360 534 583 94 535 336 298 317 486 480 376 340 570 382
split_gain=25487.9 14818.1 11950 8608.99 7776.69 6888.78 5884.41 5824.62 5744.22 5580.88 5448.44 5139.3 4367.8 6984.47 6655.44 4285.06 4222.37 4326.92 4078.29 3866.54 3839.13 3877.43 5031.05 3794.6 7215.37 3585.62 4273.39 3546.68 5882.91 3366.19
threshold=10.500000000000002 10.500000000000002 6.5000000000000009 244.44999694824222 195.05000305175784 8.0000000000000018 84.250000000000014 52.000000000000007 13.500000000000002 13.500000000000002 8.0000000000000018 13.500000000000002 16.500000000000004 110.95000076293947 24.500000000000004 35.500000000000007 6.5000000000000009 106.50000000000001 247.34999847412112 20.000000000000004 130.50000000000003 8.0000000000000018 24.500000000000004 13.500000000000002 115.50000000000001 251.50000000000003 6.5000000000000009 16.500000000000004 147.94999694824222 13.500000000000002
decision_type=2 2 2 10 10 2 8 2 2 2 2 2 2 10 2 2 2 2 8 2 2 2 2 2 2 2 2 2 8 2
left_child=1 6 25 5 10 23 -1 -8 15 18 -3 -6 -12 14 19 20 -11 -18 -10 29 21 -7 -23 -4 -25 26 -2 -28 -29 -14
right_child=2 4 3 -5 11 8 7 -9 9 16 12 -13 13 -15 -16 -17 17 -19 -20 -21 -22 22 -24 24 -26 -27 27 28 -30 -31
leaf_value=-0.045209221805603696 -0.034378823629177095 -0.01669202115833605 -0.0097742254429743023 0.13499769337335146 0.026165494554969793 0.011159335919444263 -0.020278007475267746 0.06837264978375511 0.026528487794461104 0.04910189456603084 -0.025460793278511678 0.12670533373277129 0.04186673360509581 -0.007145290404846634 0.14526474603065617 0.09044874787615656 0.088824637450785004 0.20650522412466768 0.11500679929406907 0.088545875417384429 -0.012108216302867949 0.036754379197891325 0.13468328529088136 -0.0042760402172250765 0.10741769451626391 0.064610844615326082 -0.0072757697047735846 -0.0088866460904317851 0.12194064409208941 -0.031693965500019877
leaf_weight=2951 1136 2435 1297 213 356 814 5466 199 663 177 504 210 490 870 173 259 165 161 170 275 635 510 186 393 242 173 1057 193 165 240
leaf_count=2951 1136 2435 1297 213 356 814 5466 199 663 177 504 210 490 870 173 259 165 161 170 275 635 510 186 393 242 173 1057 193 165 240
internal_value=-0.000274751 -0.013551 0.021573 0.0344788 0.00695451 0.0306999 -0.0267695 -0.0171597 0.0434534 0.0702306 0.000531036 0.0635098 0.0169737 0.0274281 0.0529818 0.0285624 0.112607 0.147015 0.0446135 0.0370729 0.0210789 0.0350507 0.0629589 0.00599915 0.0382536 -0.00630032 -0.0111185 0.00753888 0.0513451 0.0176502
internal_weight=22778 14169 8609 5885 5553 5672 8616 5665 3740 1336 4987 566 2552 2048 1178 2404 503 326 833 1005 2145 1510 696 1932 635 2724 2551 1415 358 730
internal_count=22778 14169 8609 5885 5553 5672 8616 5665 3740 1336 4987 566 2552 2048 1178 2404 503 326 833 1005 2145 1510 696 1932 635 2724 2551 1415 358 730
is_linear=0
shrinkage=0.0161


Tree=70
num_leaves=31
num_cat=0
split_feature=213 491 59 438 548 237 276 540 393 163 275 228 295 360 396 440 539 578 26 249 224 248 370 398 340 447 52 558 479 211
split_gain=25122.3 12086.6 12022.7 7296.69 7031.19 5788.35 5685.04 8593.33 5324.52 4933.45 4888.2 4728.11 4672.7 4091.36 3929.98 4392.14 4300.71 5444.12 5776.44 3916.74 3467.76 3385.35 3101.57 3743.87 3464.75 4473.69 3093.61 4666.47 3039.26 2785.55
threshold=10.500000000000002 59.500000000000007 29.500000000000004 8.0000000000000018 251.25000000000003 35.500000000000007 10.500000000000002 215.15000152587893 52.000000000000007 5.5000000000000009 5.5000000000000009 3.5000000000000004 52.000000000000007 16.500000000000004 4.5000000000000009 10.500000000000002 230.50000000000003 110.95000076293947 10.500000000000002 8.0000000000000018 6.5000000000000009 20.000000000000004 24.500000000000004 6.5000000000000009 13.500000000000002 10.500000000000002 6.5000000000000009 100.45000076293947 43.500000000000007 8.0000000000000018
decision_type=2 2 2 2 10 2 2 8 2 2 2 2 2 2 2 2 2 10 2 2 2 2 2 2 2 2 2 8 2 2
left_child=1 10 3 28 9 8 13 -8 19 26 -1 -11 14 -4 -13 -16 17 18 -17 -5 -12 -22 23 -21 25 -25 -3 -28 -2 -19
right_child=2 4 6 5 -6 -7 7 -9 -10 11 20 12 -14 -15 15 16 -18 29 -20 22 21 -23 -24 24 -26 -27 27 -29 -30 -31
leaf_value=-0.038556334790948645 -0.0070961839323992271 -0.03672195059023399 0.008845523550386522 -0.0010912375457413914 0.089401321647683399 0.10654898285891522 0.067358921042807149 0.2015406444411848 0.089560456969209903 -0.026993709673341561 -0.026396138883491637 -0.016485292907693488 0.10009533324232468 0.099093664415153798 0.0043926202761462923 0.018418893564466559 0.11507409572210972 0.034131795931913671 0.14346565316969967 0.012597939935998267 -0.0057608759996664047 0.055499792951703417 -0.00752303714802277 0.15270630723456813 0.028593735061082055 0.046932168751747626 0.075000715163172471 -0.012353747454167632 0.059737087339865581 -0.03015865860107542
leaf_weight=3955 2844 1200 442 1354 234 247 451 171 304 755 2011 879 168 185 1574 192 191 395 192 441 1241 288 317 217 279 200 179 1384 188 313
leaf_count=3955 2844 1200 442 1354 234 247 451 171 304 755 2011 879 168 185 1574 192 191 395 192 441 1241 288 317 217 279 200 179 1384 188 313
internal_value=0.0002837 -0.0117185 0.0240886 0.0151554 0.00250663 0.0315002 0.0697798 0.104286 0.025536 -0.000229807 -0.0262524 0.00987543 0.0170116 0.0355113 0.0132692 0.0224319 0.0445444 0.0321866 0.0810036 0.0185962 -0.0124994 0.00576269 0.0369459 0.0493647 0.0726271 0.102032 -0.0172779 -0.00233456 -0.00294441 0.00567636
internal_weight=22791 15151 7640 6391 7656 3359 1249 622 3112 7422 7495 4659 3904 627 3736 2857 1283 1092 384 2808 3540 1529 1454 1137 696 417 2763 1563 3032 708
internal_count=22791 15151 7640 6391 7656 3359 1249 622 3112 7422 7495 4659 3904 627 3736 2857 1283 1092 384 2808 3540 1529 1454 1137 696 417 2763 1563 3032 708
is_linear=0
shrinkage=0.0161


Tree=71
num_leaves=31
num_cat=0
split_feature=155 508 58 167 464 248 516 239 542 28 395 273 358 453 133 589 562 219 15 265 544 598 355 221 30 143 366 287 336 17
split_gain=21162.5 11662.1 10491.2 8681.61 8498.64 7813.97 7052.19 6021.85 5978.28 6886.57 5030.8 4904.96 4888.7 4822.75 4640.69 4495.24 4322.45 4097.71 3922.86 3733.88 3719.8 3688.95 6703.07 3520.94 3490.35 6997.61 3312.05 3279.66 3224.2 2924.9
threshold=6.5000000000000009 221.50000000000003 29.500000000000004 8.0000000000000018 20.000000000000004 16.500000000000004 7.5000000000000009 35.500000000000007 215.15000152587893 13.500000000000002 16.500000000000004 6.5000000000000009 35.500000000000007 20.000000000000004 6.5000000000000009 233.25000000000003 193.75000000000003 4.5000000000000009 61.500000000000007 13.500000000000002 240.75000000000003 221.94999694824222 10.500000000000002 35.500000000000007 10.500000000000002 8.0000000000000018 8.0000000000000018 3.5000000000000004 8.0000000000000018 20.000000000000004
decision_type=2 2 2 2 2 2 2 2 8 2 2 2 2 2 2 8 8 2 2 2 8 8 2 2 2 2 2 2 2 2
left_child=1 6 3 11 20 17 -1 15 10 -10 -7 -2 18 -12 -14 16 29 -5 27 -13 -3 23 -23 26 25 -21 -19 -8 -29 -4
right_child=2 4 7 5 -6 8 12 -9 9 -11 13 19 14 -15 -16 -17 -18 21 -20 24 -22 22 -24 -25 -26 -27 -28 28 -30 -31
leaf_value=-0.050488883356359732 -0.023320056674575949 -0.014652563594731919 0.023953822246437891 -0.019261906457570529 0.1434070787300423 -0.0016495457788071339 -0.038516371298895138 0.12736205686611346 0.16404548589744183 0.030251271193874298 0.029046120051586948 -0.0039310665965161034 -0.02213750809454457 0.12588909854871219 0.081265015942646165 -0.015017840453238125 0.13251933016634307 -0.0077123327375049049 0.05769598056379973 0.0046017378408471079 0.071785760172670604 0.01121255461759231 0.11790655949717053 -0.062271035996982006 0.002338805913447936 0.12400611219903827 0.03762288411102678 -0.022230647279917328 0.0022966789799810268 0.10034049667340537
leaf_weight=1750 2268 377 580 867 174 503 1826 247 237 173 327 2235 199 226 258 291 164 773 174 261 196 373 259 160 478 249 907 4118 2094 168
leaf_count=1750 2268 377 580 867 174 503 1826 247 237 173 327 2235 199 226 258 291 164 773 174 261 196 373 259 160 478 249 907 4118 2094 168
internal_value=-0.000724194 -0.0165951 0.014361 0.0086482 0.0448445 0.0244532 -0.0210023 0.0549096 0.0554424 0.107648 0.0351508 -0.00517797 -0.0150472 0.0686665 0.036187 0.0400141 0.0575994 0.0108402 -0.0179012 0.00758118 0.0148734 0.0214074 0.0549741 0.00986515 0.0336474 0.0629453 0.0167493 -0.0195406 -0.013959 0.0411417
internal_weight=22912 11166 11746 10296 747 4805 10419 1450 1466 410 1056 5491 8669 553 457 1203 912 3339 8212 3223 573 2472 632 1840 988 510 1680 8038 6212 748
internal_count=22912 11166 11746 10296 747 4805 10419 1450 1466 410 1056 5491 8669 553 457 1203 912 3339 8212 3223 573 2472 632 1840 988 510 1680 8038 6212 748
is_linear=0
shrinkage=0.0161


Tree=72
num_leaves=31
num_cat=0
split_feature=239 480 198 95 393 59 218 292 367 273 358 175 212 505 176 321 485 421 583 3 334 374 4 382 188 541 103 309 328 267
split_gain=25697 13473.3 10316.5 8872.47 8277.68 6350.77 5908.91 5840.2 5812.57 5736.46 5720.17 5147.23 5378.98 5038.68 4277.25 4051.64 3953.63 3679.77 6995.96 3596.44 3423.8 3316.58 3616.4 3235.74 3223.34 3038.7 3008.32 2987.52 4882.59 3910
threshold=13.500000000000002 18.500000000000004 43.500000000000007 6.5000000000000009 29.500000000000004 43.500000000000007 8.0000000000000018 8.0000000000000018 5.5000000000000009 20.000000000000004 35.500000000000007 13.500000000000002 16.500000000000004 251.50000000000003 24.500000000000004 8.0000000000000018 137.50000000000003 10.500000000000002 70.450000762939467 13.500000000000002 10.500000000000002 10.500000000000002 6.5000000000000009 8.0000000000000018 16.500000000000004 240.75000000000003 13.500000000000002 20.000000000000004 8.0000000000000018 13.500000000000002
decision_type=2 2 2 2 2 2 2 2 2 2 2 2 2 2 2 2 2 2 10 2 2 2 2 2 2 8 2 2 2 2
left_child=1 20 4 13 10 6 -6 9 26 -5 27 21 16 15 25 -3 19 -17 -19 -13 -1 -10 -23 -8 -11 -12 -9 -2 -29 -30
right_child=2 3 -4 7 5 -7 23 8 11 24 14 12 -14 -15 -16 17 -18 18 -20 -21 -22 22 -24 -25 -26 -27 -28 28 29 -31
leaf_value=-0.042843726504763431 0.00077751253337727871 -0.032851962811869043 0.12035566874067326 -0.013625477458366375 -0.0060284007892845619 0.15042256641931764 0.035282879511205595 -0.028502655721728214 0.0012371040086162973 0.013673280834539359 0.011195950320193869 0.12641218610102087 0.14127853307490801 0.04809317493920362 0.11571223842354474 -0.02096317487219632 -0.0029188683993154828 0.11294832014525075 -0.0014272380069254762 0.024776739533111561 -0.0089175894094710925 0.098829140597343837 0.02140646043342748 0.13213583029157577 0.089521687793970933 0.092333991462941176 0.032210929951985372 -0.0071651714558395186 0.12378287317645739 0.024174116813065527
leaf_weight=3285 3264 3018 301 2926 307 195 160 631 887 434 461 201 213 290 215 1284 244 175 665 165 1010 240 452 205 219 162 318 360 205 205
leaf_count=3285 3264 3018 301 2926 307 195 160 631 887 434 461 201 213 290 215 1284 244 175 665 165 1010 240 452 205 219 162 318 360 205 205
internal_value=9.43674e-06 -0.0103053 0.0284592 -0.00176836 0.0236353 0.069479 0.0459559 0.0103053 0.0255808 -0.00399039 0.0154723 0.0389106 0.0715683 -0.017176 0.0537526 -0.0208617 0.0471882 -0.0038135 0.022373 0.0806572 -0.0348712 0.021874 0.0482923 0.0897442 0.039147 0.0323322 -0.00813337 0.00751439 0.0360412 0.0740359
internal_weight=22697 16657 6040 12362 5739 867 672 6930 3351 3579 4872 2402 823 5432 838 5142 610 2124 840 366 4295 1579 692 365 653 623 949 4034 770 410
internal_count=22697 16657 6040 12362 5739 867 672 6930 3351 3579 4872 2402 823 5432 838 5142 610 2124 840 366 4295 1579 692 365 653 623 949 4034 770 410
is_linear=0
shrinkage=0.0161


Tree=73
num_leaves=31
num_cat=0
split_feature=419 480 336 36 212 338 510 51 3 555 588 146 77 367 581 545 577 210 176 479 367 59 504 154 591 482 386 189 10 465
split_gain=22760.6 13336 9690.8 9617.47 8345.43 8553.86 5945.8 5866.31 5361.24 5064.88 6388.97 4588.97 4598.62 4301.14 4415.24 6913.32 4073.42 4746.23 6297.69 3873.15 3650.17 3358.73 2984.35 2934.97 2915 5637.55 2847.95 3421.26 2817.79 2813.21
threshold=10.500000000000002 19.500000000000004 10.500000000000002 5.5000000000000009 29.500000000000004 20.000000000000004 208.50000000000003 61.500000000000007 8.0000000000000018 205.94999694824222 198.94999694824222 4.5000000000000009 20.000000000000004 8.0000000000000018 108.14999771118165 90.549999237060561 240.75000000000003 8.0000000000000018 5.5000000000000009 29.500000000000004 5.5000000000000009 24.500000000000004 280.50000000000006 10.500000000000002 192.55000305175784 178.50000000000003 16.500000000000004 8.0000000000000018 3.5000000000000004 6.5000000000000009
decision_type=2 2 2 2 2 2 2 2 2 10 10 2 2 2 8 10 8 2 2 2 2 2 2 2 10 2 2 2 2 2
left_child=1 -1 16 6 7 8 26 9 -6 19 -11 12 -4 24 15 -15 22 -18 -19 23 -21 -10 -3 -5 25 -13 -2 -28 -25 -16
right_child=3 2 11 4 5 -7 -8 -9 21 10 -12 13 -14 14 29 -17 17 18 -20 20 -22 -23 -24 28 -26 -27 27 -29 -30 -31
leaf_value=-0.036939982465632619 -0.024079869252245402 -0.022798484705864767 -0.028550411408287676 -0.005322708526574787 0.10613026769985394 0.16394260933144719 0.064786865743650987 0.11477638973757183 -0.030058776626153784 0.12586479503282655 0.0142400458381544 0.0024705508201267462 0.056395562143826933 0.03394772479059751 0.065106858249894151 0.16555847361443643 -0.013119995817076789 0.12577511759945276 0.0099391471621190983 -0.0088013134640932758 0.056844453662128237 0.064942425860324393 0.047599330031452176 0.087989489627487025 -0.048840043650311693 0.10240047709847902 -0.010439383790944452 0.077806247894516595 0.016876619035437669 0.011051034904681492
leaf_weight=3841 1684 4919 801 1959 256 226 280 182 221 260 273 953 208 236 389 185 892 178 386 288 916 171 161 163 200 173 336 172 1286 700
leaf_count=3841 1684 4919 801 1959 256 226 280 182 221 260 273 953 208 236 389 185 892 178 386 288 916 171 161 163 200 173 336 172 1286 700
internal_value=0.00122541 -0.0113093 -0.00182359 0.0217825 0.0324875 0.0786111 -0.00506133 0.0249156 0.0488141 0.0217323 0.0687353 0.018455 -0.0110159 0.0289486 0.0475317 0.0918373 -0.0137567 0.00997352 0.046539 0.0162951 0.0411223 0.011323 -0.0205627 0.00751715 0.00776901 0.0178448 -0.0139943 0.0193927 0.0248924 0.0303818
internal_weight=22895 14222 10381 8673 6201 874 2472 5327 648 5145 533 3845 1009 2836 1510 421 6536 1456 564 4612 1204 392 5080 3408 1326 1126 2192 508 1449 1089
internal_count=22895 14222 10381 8673 6201 874 2472 5327 648 5145 533 3845 1009 2836 1510 421 6536 1456 564 4612 1204 392 5080 3408 1326 1126 2192 508 1449 1089
is_linear=0
shrinkage=0.0161


Tree=74
num_leaves=31
num_cat=0
split_feature=479 36 499 496 153 540 419 321 35 538 510 424 278 286 178 192 437 433 539 34 377 554 119 528 456 119 104 43 263 574
split_gain=20317.6 12252.1 11175.9 8660.77 7003.6 7275.21 7746.44 5355.81 5235.52 7916.67 5121.93 4377.37 4604.7 4149.43 5222.87 4798.81 4441.17 5502.25 4036.24 3701.52 3591.28 3836.97 3498.34 3086.79 3042.43 3016.78 2850.62 2693.1 5685.95 3538.2
threshold=16.500000000000004 4.5000000000000009 288.50000000000006 78.500000000000014 5.5000000000000009 198.94999694824222 20.000000000000004 8.0000000000000018 24.500000000000004 118.50000000000001 48.500000000000007 24.500000000000004 6.5000000000000009 10.500000000000002 3.5000000000000004 13.500000000000002 10.500000000000002 10.500000000000002 82.500000000000014 6.5000000000000009 20.000000000000004 177.15000152587893 24.500000000000004 57.500000000000007 5.5000000000000009 16.500000000000004 5.5000000000000009 8.0000000000000018 5.5000000000000009 205.94999694824222
decision_type=2 2 2 2 2 10 2 2 2 2 2 2 2 2 2 2 2 2 2 2 2 8 2 2 2 2 2 2 2 8
left_child=1 18 4 19 24 8 -7 11 -6 10 -10 22 -13 27 -15 16 -16 -18 -1 -3 -20 -22 23 -5 -2 -21 -27 -9 -29 -30
right_child=2 3 -4 7 5 6 -8 13 9 -11 -12 12 -14 14 15 -17 17 -19 20 25 21 -23 -24 -25 -26 26 -28 28 29 -31
leaf_value=-0.043179993366310891 -0.043722056816414223 -0.028287466625517406 0.14383466303446618 0.037664154294527921 0.013413930051804477 0.0096181374953588847 0.15425654029306984 -0.012607296573864271 0.051476227949053502 -0.013789020423561171 0.15199494658627008 -0.023575937689326417 0.082755447147172798 0.12530625772405096 0.022075696462327238 -0.0084319811516772192 0.037051354690593875 0.16314444672774192 -0.023630030860806419 -0.010903344413339804 -0.020440992646077186 0.089607249185915658 0.045653131622655496 -0.024695106597318651 0.0068615590117316978 0.079717731017295873 0.0052530853541691803 0.10118058296480667 0.030108568599602398 -0.052041639782502952
leaf_weight=3137 488 2971 197 229 2815 161 239 756 302 253 234 169 280 193 399 424 180 180 1494 2753 162 166 246 2006 835 193 433 213 448 195
leaf_count=3137 488 2971 197 229 2815 161 239 756 302 253 234 169 280 193 399 424 180 180 1494 2753 162 166 246 2006 835 193 433 213 448 195
internal_value=-0.0021344 -0.0107509 0.0247326 -0.00211635 0.0203236 0.0309367 0.0960984 0.011894 0.023698 0.06036 0.0954033 -0.00356599 0.0426807 0.0270617 0.0476014 0.0349043 0.0591443 0.100163 -0.0321071 -0.0151772 -0.0130296 0.0351824 -0.011945 -0.0182952 -0.0117789 -0.00364301 0.0282486 0.00951447 0.0290794 0.0051586
internal_weight=22751 17227 5524 12268 5327 4004 400 5918 3604 789 536 2930 449 2988 1376 1183 759 360 4959 6350 1822 328 2481 2235 1323 3379 626 1612 856 643
internal_count=22751 17227 5524 12268 5327 4004 400 5918 3604 789 536 2930 449 2988 1376 1183 759 360 4959 6350 1822 328 2481 2235 1323 3379 626 1612 856 643
is_linear=0
shrinkage=0.0161


Tree=75
num_leaves=31
num_cat=0
split_feature=299 514 58 176 139 157 159 514 94 35 526 284 539 397 35 34 216 479 230 67 401 312 475 355 12 77 537 426 63 590
split_gain=20795.9 11902.7 10092.7 6090.13 8406.47 5890.66 5797.34 6642.27 7632.53 5719.48 5687.05 5019.53 8596.67 4852.5 4526.85 5401.08 4264.7 4004.3 3539.48 3428.96 3314.73 3553.19 5607.49 3232.58 2990.5 3473.62 2991.99 3518.52 5116.46 7503.66
threshold=16.500000000000004 43.500000000000007 29.500000000000004 16.500000000000004 6.5000000000000009 4.5000000000000009 3.5000000000000004 96.500000000000014 20.000000000000004 6.5000000000000009 234.50000000000003 10.500000000000002 79.500000000000014 13.500000000000002 16.500000000000004 6.5000000000000009 13.500000000000002 35.500000000000007 43.500000000000007 20.000000000000004 5.5000000000000009 16.500000000000004 8.0000000000000018 20.000000000000004 3.5000000000000004 52.000000000000007 305.50000000000006 6.5000000000000009 5.5000000000000009 205.94999694824222
decision_type=2 2 2 2 2 2 2 2 2 2 2 2 2 2 2 2 2 2 2 2 2 2 2 2 2 2 2 2 2 8
left_child=1 9 14 16 -5 10 23 8 11 -1 -3 19 -13 -10 20 -16 -4 -17 24 -8 -2 -22 -23 -7 -9 26 27 -26 29 -29
right_child=2 5 3 4 -6 6 7 18 13 -11 -12 12 -14 -15 15 17 -18 -19 -20 -21 21 22 -24 -25 25 -27 -28 28 -30 -31
leaf_value=-0.038505943080556777 -0.020981931912234741 -0.024042579490225535 0.0087650236178214765 0.02877811098567204 0.17541873959433169 -0.035370504935673369 -0.0083822149588255006 -0.034378101591589612 0.047755919840217438 -0.0099462367570191113 0.059926581849316832 0.0099556733181522007 0.1357373528992224 0.15587713382229745 -0.029908464022730112 0.036071375913224374 0.098654910854728037 0.10371580687936797 0.064952639914450105 0.069932594485349497 0.002960808879238718 -0.0095244949558890169 0.10176602099147394 0.040944627362458061 -0.015696578322549143 0.073634117181142239 -0.062670638205245155 0.11044301166111915 0.0034439865616434084 -0.013451263128419209
leaf_weight=3698 878 2629 391 164 267 959 949 546 227 3580 227 342 240 206 230 780 211 321 235 171 1227 203 277 169 1214 187 174 323 1452 208
leaf_count=3698 878 2629 391 164 267 959 949 546 227 3580 227 342 240 206 230 780 211 321 235 171 1227 203 277 169 1214 187 174 323 1452 208
internal_value=-0.00050643 -0.0086503 0.0286745 0.0734466 0.119675 0.00235042 0.00975866 0.0156296 0.0388794 -0.0244608 -0.0173603 0.0235071 0.0618648 0.099249 0.016858 0.0409838 0.0403104 0.0558147 0.00418415 0.00355376 0.00442668 0.0175094 0.0546504 -0.0239159 0.000698739 0.00608814 0.00233417 0.00587949 0.0191003 0.0618676
internal_weight=22685 17736 4949 1033 431 10458 7602 6474 2135 7278 2856 1702 582 433 3916 1331 602 1101 4339 1120 2585 1707 480 1128 4104 3558 3371 3197 1983 531
internal_count=22685 17736 4949 1033 431 10458 7602 6474 2135 7278 2856 1702 582 433 3916 1331 602 1101 4339 1120 2585 1707 480 1128 4104 3558 3371 3197 1983 531
is_linear=0
shrinkage=0.0161


Tree=76
num_leaves=31
num_cat=0
split_feature=273 479 480 335 157 249 298 515 398 583 113 572 306 138 435 227 68 128 64 453 38 193 460 354 480 35 582 116 93 235
split_gain=20616.3 11291.7 8373.75 6535.41 6118.12 5824.88 6097.52 4798.61 5136.85 6618.8 4666.01 4363.06 9800.43 4138.81 3579.51 3881.64 5030.42 6386.1 3515.98 3488.07 3008.43 2952.1 3920.08 2934.59 3396.17 2866 3529.42 3657.42 2919.78 2843.86
threshold=8.0000000000000018 20.000000000000004 19.500000000000004 10.500000000000002 5.5000000000000009 10.500000000000002 35.500000000000007 200.50000000000003 13.500000000000002 173.15000152587893 2.5000000000000004 260.05000305175787 13.500000000000002 43.500000000000007 4.5000000000000009 6.5000000000000009 16.500000000000004 16.500000000000004 8.0000000000000018 24.500000000000004 8.0000000000000018 10.500000000000002 13.500000000000002 13.500000000000002 120.50000000000001 8.0000000000000018 134.44999694824222 29.500000000000004 29.500000000000004 4.5000000000000009
decision_type=2 2 2 2 2 2 2 2 2 8 2 8 2 2 2 2 2 2 2 2 2 2 2 2 2 2 10 2 2 2
left_child=2 5 -1 23 -4 25 11 8 -5 19 -6 20 -13 14 -12 -16 29 -18 -19 -10 -7 22 -22 -3 -25 -2 27 28 -27 -17
right_child=1 3 4 7 10 6 -8 -9 9 -11 13 12 -14 -15 15 16 17 18 -20 -21 21 -23 -24 24 -26 26 -28 -29 -30 -31
leaf_value=-0.036112664135531165 -0.021000708506588837 -0.00078828903392432598 -0.022936054262342746 0.051618201359152696 -0.038958591190315549 -0.018378222102608543 0.10737261882226272 0.0022722904367019178 0.024518774287611948 0.19977265426351148 -0.019998157834980188 -0.0015242160983018809 0.13629627179696552 0.069436591049086852 -0.0055438174169280627 -0.030857874277857317 0.14346850717145787 -0.026320330039897782 0.073573725793329187 0.12989593782239039 0.016498915420648939 -0.0073221512289560449 0.095959419917601138 0.011611341076636852 0.10320419214024666 -0.0010209284466787055 -0.02256386348647978 0.08508214998063808 0.057571776691946054 0.024449768131887151
leaf_weight=3647 1970 819 3835 657 596 814 206 241 164 176 1114 315 232 275 1581 313 195 163 207 163 500 541 238 244 185 1178 802 190 271 1044
leaf_count=3647 1970 819 3835 657 596 814 206 241 164 176 1114 315 232 275 1581 313 195 163 207 163 500 541 238 244 185 1178 802 190 271 1044
internal_value=-0.00206916 0.0154186 -0.0154274 0.0438705 -0.00733319 0.00502959 0.0229888 0.0677438 0.0813258 0.120082 0.00356576 0.0163953 0.0568868 0.00875138 0.00513172 0.0131301 0.0285031 0.0688777 0.0295027 0.0771182 0.00580177 0.0212092 0.0421563 0.0170515 0.0511643 -0.00655242 0.00509838 0.0186485 0.00992116 0.0116754
internal_weight=22876 9906 12970 2649 9323 7257 2846 1401 1160 503 5488 2640 547 4892 4617 3503 1922 565 370 327 2093 1279 738 1248 429 4411 2441 1639 1449 1357
internal_count=22876 9906 12970 2649 9323 7257 2846 1401 1160 503 5488 2640 547 4892 4617 3503 1922 565 370 327 2093 1279 738 1248 429 4411 2441 1639 1449 1357
is_linear=0
shrinkage=0.0161


Tree=77
num_leaves=31
num_cat=0
split_feature=479 480 94 563 158 235 180 20 312 22 442 247 376 560 411 587 437 490 532 274 550 233 176 538 381 59 425 459 393 68
split_gain=20441.3 13118.9 9693.5 8021.09 6978.07 6103.2 5864.27 5255.63 7440.1 6234.26 7708.19 4967.7 4786.15 5457.36 4783.13 5063.2 4227.28 4465.29 7723.26 4170.26 4244.56 4148.05 3954.13 3853.86 3479.69 3471.19 2994.94 3676.97 2938.05 2862.23
threshold=16.500000000000004 19.500000000000004 13.500000000000002 228.75000000000003 3.5000000000000004 16.500000000000004 4.5000000000000009 13.500000000000002 20.000000000000004 20.000000000000004 8.0000000000000018 5.5000000000000009 29.500000000000004 143.15000152587893 20.000000000000004 137.05000305175784 29.500000000000004 89.500000000000014 148.50000000000003 16.500000000000004 224.44999694824222 24.500000000000004 35.500000000000007 115.50000000000001 13.500000000000002 29.500000000000004 24.500000000000004 8.0000000000000018 24.500000000000004 5.5000000000000009
decision_type=2 2 2 10 2 2 2 2 2 2 2 2 2 8 2 8 2 2 2 2 8 2 2 2 2 2 2 2 2 2
left_child=1 28 12 14 -3 11 -7 21 9 10 -9 -6 22 -14 25 -16 19 -18 -19 26 23 24 -2 -21 -8 29 -13 -28 -1 -4
right_child=2 4 3 -5 5 6 7 8 -10 -11 -12 16 13 -15 15 -17 17 18 -20 20 -22 -23 -24 -25 -26 -27 27 -29 -30 -31
leaf_value=-0.035946468089860198 -0.0050829757938397318 -0.024469819362526193 -0.02981435580766725 0.15862114145051698 -0.017328931093795415 -0.023438310085925375 0.014051648530186945 0.06790295684082584 -0.006953322012801323 0.023514051830337276 0.21375887055063056 -0.012361947906132941 -0.00033062515254964487 0.12816730862414616 0.13624306786201384 0.036630504263267263 -0.007444188350040311 0.16809209198814268 0.017532644679667614 0.044890544926482132 0.084889771664889868 -0.039780426842367711 0.06493331021861394 -0.024422711003162866 0.084721880964215596 0.067302639717205556 -0.014757409810645288 0.072298981068295659 0.01578524136767176 0.028791202511456233
leaf_weight=4126 2518 2476 271 166 3013 449 595 186 211 167 191 2742 169 173 259 272 218 160 198 441 278 243 228 393 260 482 242 261 305 1059
leaf_count=4126 2518 2476 271 166 3013 449 595 186 211 167 191 2742 169 173 259 272 218 160 198 441 278 243 228 393 260 482 242 261 305 1059
internal_value=0.000193737 -0.00852193 0.0269118 0.0504194 -0.000211655 0.00564702 0.0287311 0.041385 0.0740942 0.105573 0.141861 -0.00103762 0.00780421 0.064601 0.0427433 0.0852617 0.00890809 0.0499017 0.0848875 0.00348329 0.0303939 0.0188723 0.000721896 0.0122003 0.0355695 0.0302705 -0.00573119 0.0303682 -0.0323803 0.0168321
internal_weight=22752 17155 5597 2509 12724 10248 2302 1853 755 544 377 7946 3088 342 2343 531 4933 576 358 4357 1112 1098 2746 834 855 1812 3245 503 4431 1330
internal_count=22752 17155 5597 2509 12724 10248 2302 1853 755 544 377 7946 3088 342 2343 531 4933 576 358 4357 1112 1098 2746 834 855 1812 3245 503 4431 1330
is_linear=0
shrinkage=0.0161


Tree=78
num_leaves=31
num_cat=0
split_feature=156 591 306 299 133 509 535 272 207 585 139 10 491 288 212 515 124 337 253 67 41 454 560 551 171 504 416 573 519 589
split_gain=20504.9 12093.1 10992.2 7911.58 6818.18 10931.4 7775.48 6229.07 6104.03 5661.46 5366.94 6134.31 10078.2 4884.38 4867.36 4051.25 3968.64 5273.26 5809.99 7474.94 7268.08 3937.88 3460.68 5641.92 3308.74 4051.22 3099.25 3033.33 2796.78 2675.57
threshold=5.5000000000000009 114.45000076293947 4.5000000000000009 16.500000000000004 8.0000000000000018 212.50000000000003 224.50000000000003 6.5000000000000009 8.0000000000000018 133.05000305175784 6.5000000000000009 8.0000000000000018 133.50000000000003 5.5000000000000009 29.500000000000004 130.50000000000003 8.0000000000000018 10.500000000000002 13.500000000000002 20.000000000000004 10.500000000000002 8.0000000000000018 189.94999694824222 195.05000305175784 24.500000000000004 81.500000000000014 3.5000000000000004 184.15000152587893 97.500000000000014 189.94999694824222
decision_type=2 8 2 2 2 2 2 2 2 8 2 2 2 2 2 2 2 2 2 2 2 2 10 8 2 2 2 10 2 10
left_child=1 -1 22 13 -3 7 -7 -6 14 -9 28 -12 -13 24 15 21 17 26 19 20 -19 -5 -2 -24 -4 -26 -15 -28 -10 -18
right_child=2 4 3 8 5 6 -8 9 10 -11 11 12 -14 16 -16 -17 29 18 -20 -21 -22 -23 23 -25 25 -27 27 -29 -30 -31
leaf_value=-0.035792214010526263 -0.015729309607491939 -0.01574615298583322 -0.012236179621234487 -0.02539010779777116 -0.02733528884727 0.18906334997224569 0.030381907300531513 0.12235771426830451 0.065944527278308879 0.016445612476024468 0.036620345904620835 0.064328286306104196 0.19971972982501157 0.066147328156912835 0.081962447657226878 -0.031291274032620213 0.015604766148246791 0.0062490465336601259 0.013714298503464423 0.18026860683624979 0.12871246152646015 0.057295327580011546 0.10582465719853153 -0.028468499781029877 -0.014270472786544471 0.099835720047048049 -0.0081254255597944369 0.067178402981672367 -0.0076169394199745053 -0.030396076179418995
leaf_weight=4660 3249 2596 2169 219 734 161 160 162 256 684 334 328 253 254 273 450 1919 287 388 182 224 467 164 160 160 162 896 164 280 395
leaf_count=4660 3249 2596 2169 219 734 161 160 162 256 684 334 328 253 254 273 450 1919 287 388 182 224 467 164 160 160 162 896 164 280 395
internal_value=0.00101613 -0.0176165 0.013533 0.0221495 0.00121269 0.024384 0.110043 0.00696623 0.0448067 0.0367545 0.0679918 0.0917017 0.123326 0.0131462 0.0209139 0.00622213 0.0227918 0.0373226 0.0636686 0.0916032 0.0599777 0.0308644 -0.0107205 0.0394344 -0.00507835 0.0430639 0.0156304 0.00350315 0.027473 0.00774225
internal_weight=22790 9157 13633 10060 4497 1901 321 1580 2860 846 1451 915 581 7200 1409 1136 4709 2395 1081 693 511 686 3573 324 2491 322 1314 1060 536 2314
internal_count=22790 9157 13633 10060 4497 1901 321 1580 2860 846 1451 915 581 7200 1409 1136 4709 2395 1081 693 511 686 3573 324 2491 322 1314 1060 536 2314
is_linear=0
shrinkage=0.0161


Tree=79
num_leaves=31
num_cat=0
split_feature=275 59 508 225 543 257 393 200 394 479 216 560 175 413 272 493 518 572 471 367 536 573 34 167 346 173 423 440 330 200
split_gain=18617.2 12061.8 8482.64 8353.09 8977.8 9295.3 8131.19 6517.64 6060.78 4621.01 4518.03 4136 4073.11 5834.22 4298.68 3878.18 7009.18 9439.33 4123.07 4009.51 3725.53 5311.47 3689.77 5026.23 3686.91 3739.12 3783.99 3407.89 3176.91 2970.34
threshold=4.5000000000000009 29.500000000000004 214.50000000000003 8.0000000000000018 201.75000000000003 20.000000000000004 13.500000000000002 8.0000000000000018 10.500000000000002 24.500000000000004 13.500000000000002 109.54999923706056 5.5000000000000009 5.5000000000000009 13.500000000000002 146.50000000000003 98.500000000000014 308.34999084472662 5.5000000000000009 8.0000000000000018 185.50000000000003 213.05000305175784 24.500000000000004 10.500000000000002 8.0000000000000018 5.5000000000000009 16.500000000000004 10.500000000000002 8.0000000000000018 29.500000000000004
decision_type=2 2 2 2 10 2 2 2 2 2 2 8 2 2 2 2 2 8 2 2 2 10 2 2 2 2 2 2 2 2
left_child=2 3 11 8 15 20 10 -4 -2 24 28 -1 -8 -14 -15 16 19 18 -18 -5 -6 -22 -21 -24 -10 -26 -27 -11 -3 -17
right_child=1 6 7 4 5 -7 12 -9 9 27 -12 -13 13 14 -16 29 17 -19 -20 22 21 -23 23 -25 25 26 -28 -29 -30 -31
leaf_value=-0.039328373553322638 -0.019055212546842348 -0.047720838992712761 -0.013005068654770394 -0.01339682836836939 -0.022526137650343635 0.1608477232140505 0.028030046130060101 0.11983448450342357 -0.011847164130200427 0.017603693378363667 0.064409380814524006 -0.013171593940297037 0.17916685941210864 0.0096839090769846002 0.10773527990009024 -0.022367658422676573 -0.030212665106362543 0.14289543597743326 0.050130138136815119 0.0094759347729004746 0.1342480934366462 0.0095899054621518438 0.013314031959506109 0.13138054775742675 -0.016528227341744178 0.024856209079913372 0.10938031204713362 0.10295401678748022 0.022969036913837206 0.049146199772783977
leaf_weight=3400 4541 308 199 1434 190 211 281 184 1911 280 312 2913 182 181 325 1153 227 240 609 1101 161 198 203 174 367 537 185 215 354 173
leaf_count=3400 4541 308 199 1434 190 211 281 184 1911 280 312 2913 182 181 325 1153 227 240 609 1101 161 198 203 174 367 537 185 215 354 173
internal_value=-0.000244472 0.00916105 -0.0227968 0.00398046 0.01823 0.0699937 0.0467702 0.050752 -0.0067871 0.00914593 0.0138899 -0.0272626 0.0797958 0.100904 0.0727081 0.0108224 0.0187557 0.0538716 0.0282864 0.00577213 0.0350324 0.0655607 0.0243864 0.0678687 0.00161794 0.0252684 0.0465466 0.0547226 -0.00988435 -0.0130197
internal_weight=22749 16053 6696 14110 6074 760 1943 383 8036 3495 974 6313 969 688 506 5314 3988 1076 836 2912 549 359 1478 377 3000 1089 722 495 662 1326
internal_count=22749 16053 6696 14110 6074 760 1943 383 8036 3495 974 6313 969 688 506 5314 3988 1076 836 2912 549 359 1478 377 3000 1089 722 495 662 1326
is_linear=0
shrinkage=0.0161


Tree=80
num_leaves=31
num_cat=0
split_feature=274 492 59 337 304 464 508 5 548 454 35 438 187 307 287 317 208 595 472 500 358 437 460 87 425 167 283 156 583 414
split_gain=18942.6 12779.4 9322.83 5805.56 7748.37 6304.67 8561.22 5474.84 5365.6 4547.18 4201.94 4368.22 3759.8 4615.82 4466.78 3758.52 3897.03 3740.95 3727.51 3664.48 3590.09 7126.63 3535.66 4154.12 3520.62 3510.06 3374.43 3102.48 3087.81 3216.13
threshold=13.500000000000002 56.500000000000007 29.500000000000004 16.500000000000004 35.500000000000007 20.000000000000004 227.50000000000003 5.5000000000000009 209.25000000000003 5.5000000000000009 16.500000000000004 6.5000000000000009 13.500000000000002 13.500000000000002 6.5000000000000009 16.500000000000004 8.0000000000000018 213.05000305175784 13.500000000000002 105.50000000000001 29.500000000000004 13.500000000000002 13.500000000000002 6.5000000000000009 5.5000000000000009 16.500000000000004 43.500000000000007 16.500000000000004 151.55000305175784 8.0000000000000018
decision_type=2 2 2 2 2 2 2 2 8 2 2 2 2 2 2 2 2 10 2 2 2 2 2 2 2 2 2 2 10 2
left_child=1 9 10 5 18 20 28 -4 25 -1 17 27 14 -14 -13 16 -16 -2 22 -11 26 -22 -5 -24 -20 -9 -3 -12 29 -7
right_child=2 3 7 4 -6 6 -8 8 -10 19 11 12 13 -15 15 -17 -18 -19 24 -21 21 -23 23 -25 -26 -27 -28 -29 -30 -31
leaf_value=-0.036284166666308244 -0.0045621184801277444 -0.0177496981116461 -0.012615358720185961 -0.019989736775142222 0.13269864772299136 -0.0046104218287910366 0.1263759213503387 0.033738820322232937 0.15187117050826718 -0.014922480763844524 -0.02031176272094512 -0.022975034337936136 0.14212283818179203 0.049504818766698239 0.0282473767761422 -0.00090513649378309771 0.13380763541657323 0.065425746014098535 0.10553182147875663 0.062191837815874902 -0.014078228032175415 0.11644199708607193 0.097038716055135435 -0.0016770193536430429 0.025454446623692149 0.12039020548910041 0.05366987619906842 0.036434240076367863 -0.027127434125274203 0.063562488372105014
leaf_weight=3906 2497 4581 174 752 168 347 198 398 234 3623 618 357 176 681 181 237 183 215 199 167 312 166 180 285 504 175 178 419 362 370
leaf_count=3906 2497 4581 174 752 168 347 198 398 234 3623 618 357 176 681 181 237 183 215 199 167 312 166 180 285 504 175 178 419 362 370
internal_value=0.000271689 -0.00901814 0.0234083 0.00446442 0.0278274 -0.00302073 0.0290502 0.069177 0.0868417 -0.024091 0.0153345 0.0289783 0.0440402 0.068553 0.0220871 0.0488936 0.0813822 0.000977651 0.0186389 -0.0115184 -0.0108455 0.0311996 0.00156916 0.0364849 0.0481556 0.0602441 -0.0150735 0.00259377 0.0111688 0.0305366
internal_weight=22843 16298 6545 8602 2088 6514 1277 981 807 7696 5564 2852 1815 857 958 601 364 2712 1920 3790 5237 478 1217 465 703 573 4759 1037 1079 717
internal_count=22843 16298 6545 8602 2088 6514 1277 981 807 7696 5564 2852 1815 857 958 601 364 2712 1920 3790 5237 478 1217 465 703 573 4759 1037 1079 717
is_linear=0
shrinkage=0.0161


Tree=81
num_leaves=31
num_cat=0
split_feature=419 546 480 274 158 559 405 124 359 226 518 358 54 460 385 38 359 441 54 305 530 9 219 121 415 39 479 239 497 489
split_gain=18326.3 10298.3 10033 9027.96 6762.31 6027.24 5877.75 4793.59 4687.8 5272.37 5045.68 4629.29 4580.58 4459.97 4344.75 6038.54 6139.59 4219.34 3678.48 3964.41 3335.55 3227.93 3133.57 3009.64 4381.14 3565.1 3421.86 2928.54 2917.53 3673.67
threshold=13.500000000000002 251.25000000000003 18.500000000000004 6.5000000000000009 2.5000000000000004 235.84999847412112 16.500000000000004 24.500000000000004 35.500000000000007 4.5000000000000009 184.50000000000003 35.500000000000007 13.500000000000002 5.5000000000000009 6.5000000000000009 10.500000000000002 5.5000000000000009 13.500000000000002 20.000000000000004 20.000000000000004 121.50000000000001 8.0000000000000018 5.5000000000000009 20.000000000000004 13.500000000000002 8.0000000000000018 16.500000000000004 8.0000000000000018 184.50000000000003 178.50000000000003
decision_type=2 10 2 2 2 10 2 2 2 2 2 2 2 2 2 2 2 2 2 2 2 2 2 2 2 2 2 2 2 2
left_child=2 3 27 11 -4 8 13 14 21 -10 12 -2 -11 -6 22 -16 -17 -9 28 -20 -18 -5 -8 24 25 -23 -26 -1 -15 -30
right_child=1 -3 4 5 6 -7 7 17 9 10 -12 -13 -14 18 15 16 20 -19 19 -21 -22 23 -24 -25 26 -27 -28 -29 29 -31
leaf_value=-0.037733929304771673 -0.013283501982103449 0.13340928991767834 -0.035545167198257017 -0.00037949027164885073 -0.020813219263871582 0.12402603551890032 0.02613107030825932 0.025905187024792511 -0.015547903879918442 0.061864026455056821 -0.0029314861537589449 0.054664517346938918 0.14977279140605393 -0.0092773165957971762 -0.0018638894705555883 0.11844351682840493 0.07020676334073471 0.13514774403616753 0.016897947535627646 0.098612763216880561 -0.027210238062792279 -0.011834194324084231 -0.036643124262785064 -0.0060501650630521682 0.030639403781589448 0.05258419643040918 0.12092130239042714 -0.0037883172125700564 0.064692829330765089 -0.0042323261927310731
leaf_weight=3285 2237 209 1357 1279 2746 181 330 195 195 375 160 294 262 3254 653 317 182 174 899 186 182 400 548 391 181 501 276 826 345 477
leaf_count=3285 2237 209 1357 1279 2746 181 330 195 195 375 160 294 262 3254 653 317 182 174 899 186 182 400 548 391 181 501 276 826 345 477
internal_value=0.000250819 0.0220904 -0.00924812 0.0186309 -0.00172485 0.0331034 0.00264878 0.023746 0.0290038 0.0593902 0.0777546 -0.00538139 0.0980581 -0.00423479 0.0147713 0.0330819 0.0666255 0.0774817 0.00458149 0.0309279 0.0214336 0.0190411 -0.0130224 0.0332564 0.044591 0.0239595 0.0852156 -0.0309192 -0.00242595 0.0246675
internal_weight=22897 6941 15956 6732 11845 4201 10488 2581 4020 992 797 2531 637 7907 2212 1334 681 369 5161 1085 364 3028 878 1749 1358 901 457 4111 4076 822
internal_count=22897 6941 15956 6732 11845 4201 10488 2581 4020 992 797 2531 637 7907 2212 1334 681 369 5161 1085 364 3028 878 1749 1358 901 457 4111 4076 822
is_linear=0
shrinkage=0.0161


Tree=82
num_leaves=31
num_cat=0
split_feature=479 504 57 561 396 306 542 595 405 17 90 301 240 232 53 159 454 106 400 525 282 109 215 572 510 179 28 156 576 385
split_gain=19271.5 11518.4 8756.41 7841.96 7671.05 7114.62 6917.72 7448.96 5353.27 4795.96 5036.61 5012.71 4622.69 5691.11 5990.82 9044.82 4312.39 4142.69 3997.48 4815.48 3887.92 6098.06 3837.34 3746.69 3481.22 3424.76 3276.6 3222.31 3713.07 3220.51
threshold=16.500000000000004 34.500000000000007 16.500000000000004 207.44999694824222 10.500000000000002 4.5000000000000009 210.94999694824222 163.25000000000003 8.0000000000000018 24.500000000000004 13.500000000000002 10.500000000000002 6.5000000000000009 16.500000000000004 5.5000000000000009 8.0000000000000018 6.5000000000000009 35.500000000000007 10.500000000000002 87.500000000000014 16.500000000000004 10.500000000000002 20.000000000000004 251.25000000000003 107.50000000000001 24.500000000000004 10.500000000000002 6.5000000000000009 198.94999694824222 10.500000000000002
decision_type=2 2 2 10 2 2 8 8 2 2 2 2 2 2 2 2 2 2 2 2 2 2 2 8 2 2 2 2 8 2
left_child=1 22 4 16 17 -3 9 -8 -6 23 -11 -12 -9 14 -14 -16 -4 -2 -10 -20 24 -22 -1 27 25 -18 -15 -7 29 -29
right_child=2 5 3 -5 8 6 7 12 18 10 11 -13 13 26 15 -17 20 -19 19 -21 21 -23 -24 -25 -26 -27 -28 28 -30 -31
leaf_value=-0.030993748206882214 -0.015467973508396808 -0.019498152049355136 0.0011653906716299403 0.14693009570990267 0.0070005528015305626 -0.024003947555536375 0.13099006532114535 -0.0055324799385609363 0.033486854488660081 0.003383961730581835 0.14252560030430608 0.020657062696300677 0.013737324588387388 0.038417111344066932 0.16151050629509195 0.03010651868529397 0.031714394889488934 0.065840338109196136 0.17122225340483344 0.054843019110773231 0.16969614652447287 0.036223672561812928 0.012698969832191096 0.063458846674420907 -0.0055204447221966569 0.11390909736201001 -0.061677007769424294 -0.0068536935557504137 -0.050338109742878473 0.033212672421815512
leaf_weight=5477 1964 3208 479 208 744 2189 184 823 435 563 174 177 361 166 283 262 346 177 163 214 178 178 575 188 291 213 173 1203 297 915
leaf_count=5477 1964 3208 479 208 744 2189 184 823 435 563 174 177 361 166 283 262 346 177 163 214 178 178 575 188 291 213 173 1203 297 915
internal_value=-0.000518319 -0.00895179 0.0254538 0.053617 0.0110268 0.00074081 0.00890242 0.0327965 0.0382336 -0.000523775 0.0332691 0.0811376 0.0240483 0.0436215 0.0646817 0.0983833 0.0420842 -0.00873509 0.066822 0.105223 0.0583169 0.103026 -0.0268386 -0.00697416 0.039564 0.0630758 -0.0125939 -0.00985534 0.00295947 0.0104443
internal_weight=22808 17218 5590 1893 3697 11166 7958 2252 1556 5706 914 351 2068 1245 906 545 1685 2141 812 377 1206 356 6052 4792 850 559 339 4604 2415 2118
internal_count=22808 17218 5590 1893 3697 11166 7958 2252 1556 5706 914 351 2068 1245 906 545 1685 2141 812 377 1206 356 6052 4792 850 559 339 4604 2415 2118
is_linear=0
shrinkage=0.0161


Tree=83
num_leaves=31
num_cat=0
split_feature=215 419 543 528 9 235 519 541 336 376 531 567 544 411 288 441 76 449 103 133 441 166 148 478 117 481 55 105 156 188
split_gain=20023.4 12936.2 8333.93 9991.72 8438.32 7708.53 6661.93 8862.92 5852.61 5055.11 4741.25 4745.25 5576.88 4570.98 4470 4427.39 5805.83 4100.23 3998.32 4800.72 6099.7 3818.65 3899.55 3465.21 3429.26 3329.06 3950.39 3878.67 2991.92 2792.74
threshold=5.5000000000000009 35.500000000000007 192.55000305175784 117.50000000000001 29.500000000000004 6.5000000000000009 191.50000000000003 193.75000000000003 16.500000000000004 16.500000000000004 170.50000000000003 160.44999694824222 218.75000000000003 20.000000000000004 3.5000000000000004 10.500000000000002 16.500000000000004 6.5000000000000009 8.0000000000000018 10.500000000000002 10.500000000000002 13.500000000000002 10.500000000000002 20.000000000000004 35.500000000000007 67.500000000000014 10.500000000000002 4.5000000000000009 13.500000000000002 8.0000000000000018
decision_type=2 2 10 2 2 2 2 8 2 2 2 8 8 2 2 2 2 2 2 2 2 2 2 2 2 2 2 2 2 2
left_child=5 2 8 -4 18 21 7 13 14 -10 23 -12 -13 -3 -2 -11 -17 -16 -5 20 -20 -1 -23 -7 25 -19 27 -27 -29 -26
right_child=1 6 3 4 -6 10 -8 -9 9 15 11 12 -14 -15 17 16 -18 24 19 -21 -22 22 -24 -25 29 26 -28 28 -30 -31
leaf_value=-0.038263757189697753 -0.030279831830093855 0.025264635142240449 0.16303941674897074 -0.023393304926622008 0.12503154678033784 -0.017358074293295354 -0.013440993554672443 0.15233170587459172 0.008172789358085783 0.017448792517028192 0.11109821031635152 -0.037062768748923419 0.062681099915446792 0.1207242425491571 -0.014532251461836154 0.16661738715707303 0.045109865915849236 -0.010212682100693342 0.013720074344360306 -0.0091257009848619095 0.14654718536503838 -0.021232617335778588 0.051784905576590212 0.026152887971875812 0.014865923089235688 0.10549759247376048 -0.0031432845816180169 0.0068100220694085039 0.080958581855859815 0.10816744706587053
leaf_weight=4151 1477 537 160 486 200 2797 247 305 2214 435 165 288 293 172 2621 162 277 1563 188 310 172 794 249 571 169 212 844 520 194 165
leaf_count=4151 1477 537 160 486 200 2797 247 305 2214 435 165 288 293 172 2621 162 277 1563 188 310 172 794 249 571 169 212 844 520 194 165
internal_value=-9.9669e-05 0.01233 0.00731978 0.0426804 0.0284614 -0.0183034 0.0614564 0.0797238 0.00237827 0.0211279 -0.00183458 0.034883 0.0131978 0.0484559 -0.00507508 0.0539185 0.0900022 0.000841569 0.0117334 0.0372485 0.0772473 -0.0313433 -0.00377826 -0.00997438 0.0118365 0.00689988 0.0220244 0.0449889 0.0269898 0.0610285
internal_weight=22938 13630 12369 1516 1356 9308 1261 1014 10853 3088 4114 746 581 709 7765 874 439 6288 1156 670 360 5194 1043 3368 3667 3333 1770 926 714 334
internal_count=22938 13630 12369 1516 1356 9308 1261 1014 10853 3088 4114 746 581 709 7765 874 439 6288 1156 670 360 5194 1043 3368 3667 3333 1770 926 714 334
is_linear=0
shrinkage=0.0161


Tree=84
num_leaves=31
num_cat=0
split_feature=275 419 540 547 485 510 34 563 288 336 165 578 593 544 145 229 198 217 258 508 130 453 213 265 439 489 555 336 343 383
split_gain=22915.5 12838.3 10056.8 8307.47 10497.5 7421.09 7217.59 5575.46 5134.92 5063.96 5012.21 5356.75 4472.32 4383.9 4300.53 5556.15 5468.91 4166 3753.6 3988.68 3635.02 3621.72 3567.64 5929.67 3523.27 3856.38 6597.67 3152.07 2987.93 3006.41
threshold=5.5000000000000009 24.500000000000004 209.25000000000003 240.75000000000003 278.50000000000006 123.50000000000001 10.500000000000002 149.65000152587893 3.5000000000000004 5.5000000000000009 4.5000000000000009 182.25000000000003 136.55000305175784 160.44999694824222 6.5000000000000009 10.500000000000002 16.500000000000004 20.000000000000004 8.0000000000000018 242.50000000000003 35.500000000000007 13.500000000000002 5.5000000000000009 8.0000000000000018 10.500000000000002 74.500000000000014 231.15000152587893 16.500000000000004 43.500000000000007 10.500000000000002
decision_type=2 2 10 10 2 2 2 8 2 2 2 8 8 8 2 2 2 2 2 2 2 2 2 2 2 2 8 2 2 2
left_child=7 3 5 6 -5 9 8 -1 -2 -3 -11 21 -9 -7 15 -8 27 28 -14 24 -16 -12 23 -19 25 -20 -27 -17 29 -10
right_child=1 2 -4 4 -6 13 14 12 17 10 11 -13 18 -15 20 16 -18 22 19 -21 -22 -23 -24 -25 -26 26 -28 -29 -30 -31
leaf_value=-0.030891081555729748 -0.039228704403616664 0.0039512837746309174 0.14235490927800321 0.17747441678899287 0.0091773464713177811 0.045323906807969182 -0.018440098370605642 0.056764306783007035 -0.02287961829624104 0.0064036567340487903 0.01880619328824917 0.16488131249857202 -0.026103752326574518 -0.037537082471601618 0.023742341740015969 -0.015938479125382345 0.10657586796980582 0.0046709022164057304 -0.032891811791278529 0.084777718499093227 0.089072192554332977 0.10075742044328106 0.0011468427915869838 0.13910570716269768 -0.029079597591331881 -0.0077366430499767724 0.13300611246085561 0.064376630351147032 0.051246212910639174 0.0066941739327649498
leaf_weight=5674 1218 352 252 161 239 260 1506 284 2416 218 229 204 1643 455 2676 401 202 173 170 165 241 362 429 168 540 177 168 185 204 1410
leaf_count=5674 1218 352 252 161 239 260 1506 284 2416 218 229 204 1643 455 2676 401 202 173 170 165 241 362 429 168 540 177 168 185 204 1410
internal_value=-0.00104298 0.0117909 0.046269 0.00487487 0.0769758 0.0346166 0.00230439 -0.0213578 -0.00970434 0.0566283 0.0749094 0.093665 -0.00416207 -0.0073729 0.0161774 -0.000305397 0.0343232 -0.00220763 -0.010214 0.0111658 0.0291479 0.0690429 0.0320999 0.0709717 -0.000324631 0.0297805 0.0607307 0.00937681 -0.0087685 -0.0119746
internal_weight=22782 13961 2332 11629 400 2080 11229 8821 6018 1365 1013 795 3147 715 5211 2294 788 4800 2863 1220 2917 591 770 341 1055 515 345 586 4030 3826
internal_count=22782 13961 2332 11629 400 2080 11229 8821 6018 1365 1013 795 3147 715 5211 2294 788 4800 2863 1220 2917 591 770 341 1055 515 345 586 4030 3826
is_linear=0
shrinkage=0.0161


Tree=85
num_leaves=31
num_cat=0
split_feature=454 479 599 158 94 199 298 252 284 331 276 593 556 544 506 381 593 210 265 541 196 18 333 427 531 484 467 376 439 569
split_gain=15961.5 11278.4 7558.26 6405.79 5501.55 5166.94 5456.82 5123.5 6193.68 7387.76 4829.54 5420.06 7147.48 6682.63 4542.72 8839.79 4006.04 4333.31 4124.69 4392.85 5643.97 3987.77 3868.54 3582.54 3451.76 3398.02 3190.3 3850.87 3960.51 3177.85
threshold=5.5000000000000009 16.500000000000004 165.25000000000003 2.5000000000000004 13.500000000000002 13.500000000000002 29.500000000000004 8.0000000000000018 8.0000000000000018 8.0000000000000018 6.5000000000000009 126.54999923706056 106.85000228881837 187.55000305175784 262.50000000000006 8.0000000000000018 203.05000305175784 8.0000000000000018 35.500000000000007 231.15000152587893 6.5000000000000009 52.000000000000007 20.000000000000004 10.500000000000002 20.500000000000004 185.50000000000003 10.500000000000002 8.0000000000000018 13.500000000000002 178.05000305175784
decision_type=2 2 8 2 2 2 2 2 2 2 2 8 8 10 2 2 10 2 2 8 2 2 2 2 2 2 2 2 2 10
left_child=2 3 -1 -2 26 14 21 29 25 -10 -6 12 24 -13 16 -16 17 -5 19 -19 -21 22 -7 -24 -12 -9 -3 -28 -29 -4
right_child=1 4 7 5 10 6 -8 8 9 -11 11 13 -14 -15 15 -17 -18 18 -20 20 -22 -23 23 -25 -26 -27 27 28 -30 -31
leaf_value=-0.029080223591837203 -0.035466694382502537 -0.0037893923776113119 -0.0053514875936607363 -0.012606731242386095 0.013115427266360256 0.00062594305745124874 0.1041487182345547 -0.030567123203941848 0.11839165224610236 0.0042045266314155848 0.0072048702188482099 0.0099717036932828289 0.17912325526095502 0.10641054775459356 -0.023208710108706149 0.14102341146884761 -0.05789457028699363 -0.0031803806548555834 0.085946879822362918 -0.007471612421555392 0.10489826275000977 0.087156316082515659 0.00140521246369972 0.089050624061819003 0.098161298216743464 0.052764634854987703 0.00011186968459508068 0.11818437790277089 0.020143990965529004 -0.068411502447125114
leaf_weight=5367 1103 1185 1170 3768 653 1768 206 447 319 273 171 618 205 267 177 163 350 1701 196 216 249 198 212 283 297 177 377 221 208 252
leaf_count=5367 1103 1185 1170 3768 653 1768 206 447 319 273 171 618 205 267 177 163 350 1701 196 216 249 198 212 283 297 177 377 221 208 252
internal_value=0.000200134 0.0101115 -0.0181117 0.00125368 0.0324298 0.00552543 0.0245263 0.0041949 0.0284656 0.0657742 0.0499151 0.0653238 0.099782 0.0390934 -0.00190152 0.0554569 -0.0049147 -0.00188591 0.0152066 0.00879451 0.05265 0.0178519 0.0117777 0.0515611 0.0649775 -0.00689203 0.0130005 0.0377146 0.0707045 -0.0165432
internal_weight=22797 14792 8005 10590 4202 9487 2667 2638 1216 592 2211 1558 673 885 6820 340 6480 6130 2362 2166 465 2461 2263 495 468 624 1991 806 429 1422
internal_count=22797 14792 8005 10590 4202 9487 2667 2638 1216 592 2211 1558 673 885 6820 340 6480 6130 2362 2166 465 2461 2263 495 468 624 1991 806 429 1422
is_linear=0
shrinkage=0.0161


Tree=86
num_leaves=31
num_cat=0
split_feature=155 590 286 545 335 514 545 179 212 221 254 352 334 129 199 9 590 551 347 508 537 393 92 54 4 202 456 514 399 429
split_gain=18821.3 9929.31 8574.04 9074.84 6678.72 6559.79 7685.57 6038.91 6307.59 5757.69 5486.51 5336.03 5577.39 5145.03 6560.31 4898 5587.86 4811.73 4650.32 3891.77 6598.3 3573.43 3196 2974.17 2873.89 3041.78 4087.38 4605.31 3621.34 2765.44
threshold=8.0000000000000018 110.95000076293947 10.500000000000002 240.75000000000003 10.500000000000002 212.50000000000003 188.65000152587893 20.000000000000004 20.000000000000004 10.500000000000002 8.0000000000000018 35.500000000000007 16.500000000000004 8.0000000000000018 24.500000000000004 8.0000000000000018 132.44999694824222 92.649997711181655 4.5000000000000009 232.50000000000003 212.50000000000003 4.5000000000000009 16.500000000000004 20.000000000000004 6.5000000000000009 4.5000000000000009 6.5000000000000009 102.50000000000001 6.5000000000000009 6.5000000000000009
decision_type=2 8 2 10 2 2 10 2 2 2 2 2 2 2 2 2 8 8 2 2 2 2 2 2 2 2 2 2 2 2
left_child=1 23 7 4 -4 6 11 21 -9 -10 19 12 29 -12 18 -14 17 -17 -15 24 -21 -2 -20 -1 -3 -26 -27 28 -28 -6
right_child=2 10 3 -5 5 -7 -8 8 9 -11 13 -13 15 14 -16 16 -18 -19 22 20 -22 -23 -24 -25 25 26 27 -29 -30 -31
leaf_value=-0.032088344685338187 -0.028757774558264306 -0.032996955388760442 0.0020919595032216041 0.1480113289617476 0.056050712792966299 -0.018652523596809297 0.1594442809323614 0.011352612807338463 0.036098524267359759 0.16182253800032095 -0.0010584398166781227 0.13545369957587741 0.0052848958555920473 0.08290688001024879 0.13358348976417861 0.076602559161757913 0.034589365010675957 0.19396540834523576 -0.010656282020341811 0.109381113143348 -0.032430875522911837 0.0044794413306183806 0.059351619341979002 -0.00057083672626876336 -0.0339112288204911 -0.019980093230569287 0.026337971630344747 -0.00087930820987243115 0.13437864348777473 -0.0093018525439178806
leaf_weight=5169 1093 1594 1376 178 235 340 176 781 217 168 1791 165 235 288 172 192 261 173 629 174 166 3598 231 915 607 646 160 397 163 586
leaf_count=5169 1093 1594 1376 178 235 340 176 781 217 168 1791 165 235 288 172 192 261 173 629 174 166 3598 231 915 607 646 160 397 163 586
internal_value=0.00031337 -0.0122989 0.0172224 0.0356626 0.0303078 0.0467283 0.0577283 0.00488609 0.0376784 0.091021 0.000747694 0.048023 0.0394323 0.0167037 0.0408216 0.0680651 0.0915952 0.132294 0.026903 -0.0119515 0.0400743 -0.00325979 0.0081208 -0.0273522 -0.0169171 -0.00391411 0.00939827 0.0357899 0.0809329 0.00937576
internal_weight=22876 13102 9774 3917 3739 2363 2023 5857 1166 385 7018 1847 1682 3111 1320 861 626 365 1148 3907 340 4691 860 6084 3567 1973 1366 720 323 821
internal_count=22876 13102 9774 3917 3739 2363 2023 5857 1166 385 7018 1847 1682 3111 1320 861 626 365 1148 3907 340 4691 860 6084 3567 1973 1366 720 323 821
is_linear=0
shrinkage=0.0161


Tree=87
num_leaves=31
num_cat=0
split_feature=454 239 508 543 519 241 401 58 465 549 398 425 157 293 454 158 216 452 312 199 444 512 89 372 464 158 399 7 480 119
split_gain=15744.6 11710.1 9802.34 8358.37 7503.82 8488.11 6524.57 6043.12 8109.69 6430.66 5751.24 7534.28 4698.38 4527.27 3554.02 3536.83 3481.13 3456.69 5952.98 3555.88 4570.4 2948.96 2943.81 2922.56 2767.87 2759.49 3154.04 3678.04 4163.78 2580.04
threshold=5.5000000000000009 16.500000000000004 73.500000000000014 210.94999694824222 181.50000000000003 10.500000000000002 5.5000000000000009 52.000000000000007 24.500000000000004 185.15000152587893 13.500000000000002 13.500000000000002 6.5000000000000009 4.5000000000000009 16.500000000000004 10.500000000000002 16.500000000000004 20.000000000000004 4.5000000000000009 24.500000000000004 13.500000000000002 207.50000000000003 6.5000000000000009 52.000000000000007 5.5000000000000009 4.5000000000000009 13.500000000000002 20.000000000000004 109.50000000000001 20.000000000000004
decision_type=2 2 2 10 2 2 2 2 2 8 2 2 2 2 2 2 2 2 2 2 2 2 2 2 2 2 2 2 2 2
left_child=2 3 -1 12 -5 -6 16 8 21 14 -8 22 23 -14 -10 -9 -4 19 -19 29 -21 24 -12 -2 -3 -26 27 28 -27 -15
right_child=1 7 6 4 5 -7 10 15 9 -11 11 -13 13 17 -16 -17 -18 18 -20 20 -22 -23 -24 -25 25 26 -28 -29 -30 -31
leaf_value=-0.032045530450717674 -0.014681823506800478 -0.0014064600447878436 -0.036421462346897561 -0.0094495149185902343 0.021759489763339513 0.16061077749253094 0.0025021128384230345 0.049849225673648349 -0.0040736375528355843 0.15870956458273142 -0.024686797632361018 0.13684661147341107 -0.015308121283322465 -0.0017947158456337441 0.096464639063942759 0.15429672318042895 0.042766133400171498 0.12927219691332251 0.025302710370763128 0.10449789820515648 -0.0022671099935940029 -0.024046785016479243 0.05613074193036819 0.053232579506812393 -0.0021396538912751579 0.058616444987257953 0.01665880609244565 0.015758426782702308 0.15635446493492505 0.048749973604226775
leaf_weight=4715 4744 718 1070 288 216 243 1477 172 187 199 198 219 1443 2523 177 166 166 177 743 219 197 375 284 170 360 304 477 221 181 292
leaf_count=4715 4744 718 1070 288 216 243 1477 172 187 199 198 219 1443 2523 177 166 166 177 743 219 197 375 284 170 360 304 477 221 181 292
internal_value=0.000997752 0.0108906 -0.017001 0.00285796 0.0548956 0.0953203 0.00376975 0.0364445 0.0295936 0.0850722 0.0205426 0.05852 -0.000839089 0.00924863 0.0447498 0.101216 -0.0257672 0.0177909 0.0453311 0.00994175 0.0538819 0.0177355 0.022883 -0.0123275 0.0246757 0.0368277 0.0487059 0.0703247 0.0951404 0.00343992
internal_weight=22921 14792 8129 11255 747 459 3414 3537 3199 563 2178 701 10508 5594 364 338 1236 4151 920 3231 416 2636 482 4914 2261 1543 1183 706 485 2815
internal_count=22921 14792 8129 11255 747 459 3414 3537 3199 563 2178 701 10508 5594 364 338 1236 4151 920 3231 416 2636 482 4914 2261 1543 1183 706 485 2815
is_linear=0
shrinkage=0.0161


Tree=88
num_leaves=31
num_cat=0
split_feature=214 479 539 430 341 496 549 346 243 37 158 245 352 35 596 550 317 599 297 150 54 210 574 285 377 482 395 454 248 112
split_gain=20420.8 7988.39 7880.38 7117.77 5936.95 10506.3 5416.37 5356.61 7574.68 5305.76 5202.42 5167.11 4680.61 4047.93 3801.9 4686.32 4900.87 3701.63 3681.04 5997.78 3434.4 3385.02 3230.27 3002.65 3391.58 2958.42 3139.65 2944.84 3306.93 3230.33
threshold=10.500000000000002 29.500000000000004 141.50000000000003 16.500000000000004 10.500000000000002 146.50000000000003 251.25000000000003 10.500000000000002 35.500000000000007 24.500000000000004 2.5000000000000004 8.0000000000000018 8.0000000000000018 16.500000000000004 201.75000000000003 156.94999694824222 5.5000000000000009 122.54999923706056 6.5000000000000009 8.0000000000000018 6.5000000000000009 8.0000000000000018 133.65000152587893 16.500000000000004 10.500000000000002 21.500000000000004 5.5000000000000009 6.5000000000000009 20.000000000000004 6.5000000000000009
decision_type=2 2 2 2 2 2 8 2 2 2 2 2 2 2 10 10 2 10 2 2 2 2 8 2 2 2 2 2 2 2
left_child=2 7 10 6 21 -6 -4 14 13 -3 -1 -8 -12 23 15 17 -17 25 19 -15 -20 -5 -22 -9 -25 -2 -27 28 -14 -29
right_child=1 9 3 4 5 -7 11 8 -10 -11 12 -13 27 18 -16 16 -18 -19 20 -21 22 -23 -24 24 -26 26 -28 29 -30 -31
leaf_value=-0.04285061335459165 -0.019355286894022185 0.039440073915003544 -0.018269034010117036 -0.030283219453060197 0.19252577648661587 0.029247577616476027 -0.005363962823976668 -0.017364244312710039 0.11690261566550572 0.11892507303129811 -0.022687824767247618 0.087273233449688806 -0.020287657425528165 0.028658352775138899 -0.048664374153472842 0.12303798641849274 0.01725157701836718 -0.041934183971666115 0.070600142398099169 0.1461899893319776 0.049675445362230647 0.054359043024499294 -0.03587727673179137 -0.016505524853373661 0.071806203849496944 -0.023409528970795113 0.031919211247246476 0.055941565287425866 0.042877213993005744 0.0037379958320679012
leaf_weight=1886 768 899 1897 263 164 272 347 785 240 288 5882 283 1843 264 365 164 371 501 240 197 183 229 305 195 266 343 1176 394 243 1401
leaf_count=1886 768 899 1897 263 164 272 347 785 240 288 5882 283 1843 264 365 164 371 501 240 197 183 229 305 195 266 343 1176 394 243 1401
internal_value=-0.00122284 0.0203963 -0.0120311 0.00931808 0.0474535 0.0907181 -0.00467722 0.0132387 0.0305839 0.0587452 -0.0183651 0.0362119 -0.0136327 0.0220664 0.000651473 0.00607543 0.0497236 -0.00229193 0.0433174 0.0789344 0.0207309 0.00906544 -0.00374678 0.00176875 0.0343999 0.00638198 0.0194101 8.51471e-05 -0.0129182 0.0152097
internal_weight=22654 7550 15104 3455 928 436 2527 6363 2675 1187 11649 630 9763 2435 3688 3323 535 2788 1189 461 728 492 488 1246 461 2287 1519 3881 2086 1795
internal_count=22654 7550 15104 3455 928 436 2527 6363 2675 1187 11649 630 9763 2435 3688 3323 535 2788 1189 461 728 492 488 1246 461 2287 1519 3881 2086 1795
is_linear=0
shrinkage=0.0161


Tree=89
num_leaves=31
num_cat=0
split_feature=155 157 516 418 467 541 294 509 170 449 452 280 58 526 430 320 35 311 165 357 476 192 278 37 28 401 70 413 181 483
split_gain=17897.7 9081.89 7337.09 7208.53 5727.64 5662.9 5299.21 5816.94 5031.75 7113.92 5605.44 4738.75 4306.08 4230.71 4068.17 4550.18 3809.86 3572.79 3500.56 3968.53 4765.62 3406.15 4682.37 3448.21 3283.33 3450.52 3400.89 4260.4 5248.37 6380.08
threshold=6.5000000000000009 10.500000000000002 21.500000000000004 52.000000000000007 13.500000000000002 238.25000000000003 3.5000000000000004 262.50000000000006 24.500000000000004 10.500000000000002 35.500000000000007 3.5000000000000004 29.500000000000004 118.50000000000001 6.5000000000000009 8.0000000000000018 8.0000000000000018 13.500000000000002 6.5000000000000009 29.500000000000004 20.000000000000004 16.500000000000004 24.500000000000004 43.500000000000007 20.000000000000004 3.5000000000000004 3.5000000000000004 16.500000000000004 8.0000000000000018 143.50000000000003
decision_type=2 2 2 2 2 10 2 2 2 2 2 2 2 2 2 2 2 2 2 2 2 2 2 2 2 2 2 2 2 2
left_child=2 5 -1 4 21 11 -4 18 10 -10 13 -2 16 14 -6 -16 -13 -14 -8 24 -21 22 23 -3 25 -20 -27 28 -28 -30
right_child=1 3 6 -5 8 -7 7 -9 9 -11 -12 12 17 -15 15 -17 -18 -19 19 20 -22 -23 -24 -25 -26 26 27 -29 29 -31
leaf_value=-0.03368574446912892 -0.02674198279771723 0.021445228475448226 -0.031028217578603426 0.10929898676773228 0.11398052921149888 0.085518972393261922 -0.014529265397256552 0.069081761068634603 0.18013328319451682 0.036659175031655639 0.12325672646782039 -0.020566320461783041 0.019787067651045615 -0.011616188191929243 0.08829047059273204 -0.0090571199750578684 0.011656518516681164 0.1036967231520175 -0.030869428154069095 0.0011768563929316291 0.12444121534644159 -0.015126235313029028 0.080336451238929033 -0.050449968628045072 -0.030034936291384859 -0.02175096947698614 0.020292999567063614 -0.012606041663220838 0.14842984857251235 0.022939706249540361
leaf_weight=3237 1328 1581 1603 293 186 209 2890 316 168 193 168 1353 387 506 196 340 3201 200 383 162 164 804 322 194 584 361 620 380 241 187
leaf_count=3237 1328 1581 1603 293 186 209 2890 316 168 193 168 1353 387 506 196 340 3201 200 383 162 164 804 322 194 584 361 620 380 241 187
internal_value=0.00132165 0.0152896 -0.0132731 0.0318143 0.0269352 0.00303487 -0.00489649 0.00176152 0.0498804 0.103493 0.0359994 0.000366343 0.00737342 0.0240428 0.0490663 0.0264962 0.0020779 0.0484165 -0.00179669 0.010135 0.0632593 0.0130303 0.0238369 0.0135741 0.00384257 0.0129623 0.0223592 0.0335268 0.0502768 0.0936562
internal_weight=22757 11629 11128 4951 4658 6678 7891 6288 1757 361 1396 6469 5141 1228 722 536 4554 587 5972 3082 326 2901 2097 1775 2756 2172 1789 1428 1048 428
internal_count=22757 11629 11128 4951 4658 6678 7891 6288 1757 361 1396 6469 5141 1228 722 536 4554 587 5972 3082 326 2901 2097 1775 2756 2172 1789 1428 1048 428
is_linear=0
shrinkage=0.0161


Tree=90
num_leaves=31
num_cat=0
split_feature=213 274 359 494 287 550 134 299 417 562 156 527 381 233 569 367 278 0 51 117 95 41 97 340 553 512 336 471 288 268
split_gain=17828.6 8754.68 7828.36 7558.73 5742.83 5573.59 5214.52 4807.45 5163.64 5429.11 4653.77 5526.49 6572.8 7697.08 6336.48 4388 5602.83 5273.77 4018.28 4069.37 3824.01 3424.28 4460.83 2941.68 3592.41 2907.75 2949.44 3852.62 2737.2 3274.11
threshold=10.500000000000002 13.500000000000002 43.500000000000007 73.500000000000014 10.500000000000002 255.05000305175784 61.500000000000007 16.500000000000004 13.500000000000002 137.84999847412112 5.5000000000000009 87.500000000000014 8.0000000000000018 10.500000000000002 240.75000000000003 8.0000000000000018 20.000000000000004 13.500000000000002 20.000000000000004 13.500000000000002 3.5000000000000004 6.5000000000000009 8.0000000000000018 10.500000000000002 201.75000000000003 176.50000000000003 10.500000000000002 10.500000000000002 3.5000000000000004 3.5000000000000004
decision_type=2 2 2 2 2 10 2 2 2 8 2 2 2 2 10 2 2 2 2 2 2 2 2 2 10 2 2 2 2 2
left_child=3 7 15 20 -4 6 10 -2 -9 -10 -5 12 -12 -14 23 21 18 -18 -17 -20 -1 22 -3 -13 25 26 -25 -28 -22 -30
right_child=1 2 4 5 -6 -7 -8 8 9 -11 11 14 13 -15 -16 16 17 -19 19 -21 28 -23 -24 24 -26 -27 27 -29 29 -31
leaf_value=-0.037146985825413238 -0.0064769618003271872 -0.020391018540392616 0.044115182920266768 -0.01932070260429699 0.17105792902850769 0.083231332417759749 0.07980403377452909 0.00080899353159217852 0.013085713807222272 0.11405882399096993 -0.0010837009627582565 -0.02208739227815695 0.031598620417076159 0.16370295745315699 0.094174846979790866 0.015928698140146767 0.043854844506951735 0.15149200104453944 0.026952018899275818 0.13064425408990546 -0.032172095535713839 -0.018196863059647461 0.085793853015498453 -0.018968462604853187 0.073085235878954838 -0.037395744554170447 -0.00099881380746411541 0.10589256376604528 -0.031826137653755159 0.00076144934155560312
leaf_weight=2353 2918 178 181 2483 190 218 208 648 256 301 445 1579 284 192 168 1231 259 218 213 183 1447 661 241 282 203 365 179 170 1037 3479
leaf_count=2353 2918 178 181 2483 190 218 208 648 256 301 445 1579 284 192 168 1231 259 218 213 183 1447 661 241 282 203 365 179 170 1037 3479
internal_value=0.000684102 0.0206585 0.0391738 -0.00947623 0.10919 0.00314333 0.000477464 0.00468825 0.0317452 0.0676933 -0.00211724 0.00892301 0.0433472 0.0849339 -0.00183093 0.0310081 0.0445507 0.0930969 0.0303036 0.0749298 -0.0197617 0.00460326 0.0406281 -0.00764537 0.0113541 -0.00120396 0.0196938 0.0510012 -0.0128975 -0.00671636
internal_weight=22770 7678 3555 15092 371 6776 6558 4123 1205 557 6350 3867 921 476 2946 3184 2104 477 1627 396 8316 1080 419 2778 1199 996 631 349 5963 4516
internal_count=22770 7678 3555 15092 371 6776 6558 4123 1205 557 6350 3867 921 476 2946 3184 2104 477 1627 396 8316 1080 419 2778 1199 996 631 349 5963 4516
is_linear=0
shrinkage=0.0161


Tree=91
num_leaves=31
num_cat=0
split_feature=155 479 543 486 59 562 511 308 453 432 26 417 288 83 377 147 370 278 223 520 438 482 64 415 478 133 274 349 70 278
split_gain=15029 11050.4 7775.44 6811.42 6547.71 6145.51 5777.61 6475.23 5793.06 5332.72 5964.62 4984.61 4785.17 4626.52 3887.48 6652.01 3871.39 4273.35 3926.61 3715.06 3656.74 3430.23 3301.61 3176.44 3159.58 3056.51 4192.82 3694.51 4545.74 3341.27
threshold=6.5000000000000009 10.500000000000002 247.34999847412112 132.50000000000003 29.500000000000004 224.44999694824222 140.50000000000003 8.0000000000000018 43.500000000000007 29.500000000000004 10.500000000000002 29.500000000000004 3.5000000000000004 35.500000000000007 35.500000000000007 10.500000000000002 20.000000000000004 10.500000000000002 8.0000000000000018 67.500000000000014 4.5000000000000009 19.500000000000004 10.500000000000002 24.500000000000004 16.500000000000004 5.5000000000000009 20.000000000000004 24.500000000000004 13.500000000000002 16.500000000000004
decision_type=2 2 10 2 2 8 2 2 2 2 2 2 2 2 2 2 2 2 2 2 2 2 2 2 2 2 2 2 2 2
left_child=3 12 4 20 6 -6 7 19 16 13 -11 -8 -2 -5 21 -16 17 -9 -19 -3 -1 -14 -21 -22 -25 26 29 -27 -29 -23
right_child=1 2 -4 9 5 -7 11 8 -10 10 -12 -13 14 -15 15 -17 -18 18 -20 22 23 25 -24 24 -26 27 -28 28 -30 -31
leaf_value=-0.035978799360943253 -0.030391470830164097 -0.019470895762585028 0.13491722974003256 -0.0062703192884155361 0.038330981352730074 0.12418091551972528 -0.026863556985986834 0.031026626129096874 0.13928103206733239 8.225950239377468e-05 0.13839778624976246 0.062516480222178802 -0.026488474558830081 0.077662728489924615 -0.00085383856849220068 0.12870463122744144 -0.010130585721512276 0.049556346896063204 0.15869206625871279 0.073269809172627168 -0.017658648395592086 -8.3848070829070434e-05 -0.010118966545817626 -0.0020853758672150931 0.076078673035584646 -0.011684021388869221 0.078897327094172506 -0.0048755244166536474 0.10425595837218264 0.078343082494734484
leaf_weight=2727 1208 760 177 2132 846 291 1023 615 177 160 164 192 944 185 252 173 295 179 165 283 5073 924 217 478 186 2075 311 232 172 166
leaf_count=2727 1208 760 177 2132 846 291 1023 615 177 160 164 192 944 185 252 173 295 179 165 283 5073 924 217 478 186 2075 311 232 172 166
internal_value=-0.000170145 0.0125811 0.0300006 -0.0135803 0.0263135 0.0603238 0.0164074 0.0295673 0.0530031 0.00898645 0.0701665 -0.0127199 -0.00149756 0.000421125 0.00514758 0.0518287 0.0408064 0.0564997 0.101972 0.00293221 -0.0206246 0.00103004 0.037032 -0.013322 0.0197745 0.00773133 0.0267413 -0.0030026 0.0415281 0.0118385
internal_weight=22782 11677 5220 11105 5043 1137 3906 2691 1431 2641 324 1215 6457 2317 5249 425 1254 959 344 1260 8464 4824 500 5737 664 3880 1401 2479 404 1090
internal_count=22782 11677 5220 11105 5043 1137 3906 2691 1431 2641 324 1215 6457 2317 5249 425 1254 959 344 1260 8464 4824 500 5737 664 3880 1401 2479 404 1090
is_linear=0
shrinkage=0.0161


Tree=92
num_leaves=31
num_cat=0
split_feature=36 299 208 482 153 112 367 589 346 560 510 523 404 543 419 117 217 321 117 543 296 142 180 217 269 448 18 92 378 100
split_gain=16346.1 9984.57 6656.71 6369.86 6029.67 5801.95 6171.03 6813.84 7722.03 4891.42 7702.05 5045.11 4711.38 5753.18 4610.48 4342.7 4156.27 5999.89 3885.69 3787.29 6624.31 3668.04 4326 4688.31 4766.67 3486.77 4624.41 2932.75 2683.96 2569.71
threshold=6.5000000000000009 16.500000000000004 13.500000000000002 16.500000000000004 5.5000000000000009 3.5000000000000004 8.0000000000000018 123.45000076293947 29.500000000000004 209.25000000000003 110.50000000000001 136.50000000000003 20.000000000000004 188.65000152587893 6.5000000000000009 29.500000000000004 13.500000000000002 13.500000000000002 6.5000000000000009 203.05000305175784 8.0000000000000018 24.500000000000004 20.000000000000004 6.5000000000000009 8.0000000000000018 6.5000000000000009 8.0000000000000018 29.500000000000004 6.5000000000000009 13.500000000000002
decision_type=2 2 2 2 2 2 2 10 2 10 2 2 2 8 2 2 2 2 2 10 2 2 2 2 2 2 2 2 2 2
left_child=2 3 14 -2 -3 -5 12 8 21 10 11 16 -7 -14 27 25 -6 -18 -12 -9 -21 22 23 -8 -25 26 -4 -1 -16 -20
right_child=1 4 15 5 9 6 7 19 -10 -11 18 -13 13 -15 28 -17 17 -19 29 20 -22 -23 -24 24 -26 -27 -28 -29 -30 -31
leaf_value=-0.03680686762254827 -0.020773712923541569 -0.0067182713122562318 -0.010864227531097575 -0.018678551967913834 0.031666656549983394 -0.0075088595361721784 0.026227987752340153 -0.0062574053349922958 0.14444068130287324 0.11151404360153315 0.053180608081262404 0.14816111545134283 0.0073359009930663265 0.11483570192449072 -0.022459180526431494 0.068854570197756426 0.049007324111752557 0.16874354461308066 0.010015297472451145 0.12445537525183248 -0.0068985814290194033 -0.012045233612608565 -0.007903035069050374 0.057717099690246576 0.14698366163078982 -0.0080530148530825584 0.11066640650501285 0.027831534884446125 0.005783792017548332 -0.056462242914322169
leaf_weight=3677 1938 639 162 1340 869 2561 435 1154 218 284 276 161 387 194 1712 286 312 167 337 178 225 268 244 375 266 1611 162 191 1776 272
leaf_count=3677 1938 639 162 1340 869 2561 435 1154 218 284 276 161 387 194 1712 286 312 167 337 178 225 268 244 375 266 1611 162 191 1776 272
internal_value=0.00185895 0.0135473 -0.0141266 0.00536 0.0376874 0.011819 0.0181049 0.0332626 0.0545437 0.0482919 0.040782 0.0628982 0.00187363 0.0432714 -0.0215032 0.0102942 0.0526972 0.0908017 0.00304551 0.00856311 0.0510604 0.0421878 0.0532166 0.0670983 0.0947974 0.0016266 0.0498284 -0.033609 -0.00807184 -0.0196372
internal_weight=22677 13100 9577 9783 3317 7845 6505 3363 1806 2678 2394 1509 3142 581 7356 2221 1348 479 885 1557 403 1588 1320 1076 641 1935 324 3868 3488 609
internal_count=22677 13100 9577 9783 3317 7845 6505 3363 1806 2678 2394 1509 3142 581 7356 2221 1348 479 885 1557 403 1588 1320 1076 641 1935 324 3868 3488 609
is_linear=0
shrinkage=0.0161


Tree=93
num_leaves=31
num_cat=0
split_feature=154 59 515 272 293 225 170 497 349 407 34 277 353 528 514 212 461 477 42 71 557 194 38 289 184 391 566 462 358 392
split_gain=14410.2 8860.49 7011.37 6006.12 5727.82 5726.33 5276.14 4613.52 5925.14 4609.12 4773.29 4655.85 5963.85 9441.49 3987.61 3898.04 5801.73 3670.86 3662.24 3600.97 6208.53 3595.87 5121.26 3482.34 4115.2 4629.1 3390.38 3286.76 3525.66 4144.76
threshold=6.5000000000000009 29.500000000000004 10.500000000000002 6.5000000000000009 4.5000000000000009 13.500000000000002 35.500000000000007 126.50000000000001 13.500000000000002 6.5000000000000009 10.500000000000002 6.5000000000000009 24.500000000000004 103.50000000000001 93.500000000000014 6.5000000000000009 16.500000000000004 3.5000000000000004 8.0000000000000018 24.500000000000004 141.55000305175784 6.5000000000000009 16.500000000000004 13.500000000000002 13.500000000000002 6.5000000000000009 180.15000152587893 6.5000000000000009 20.000000000000004 13.500000000000002
decision_type=2 2 2 2 2 2 2 2 2 2 2 2 2 2 2 2 2 2 2 2 8 2 2 2 2 2 8 2 2 2
left_child=2 4 -1 -3 23 27 19 14 -9 -6 15 -12 17 -14 18 16 -11 -13 -5 -7 -21 22 -19 -2 25 -25 -23 -4 -29 -30
right_child=1 3 5 7 9 6 -8 8 -10 10 11 12 13 -15 -16 -17 -18 21 -20 20 -22 26 -24 24 -26 -27 -28 28 29 -31
leaf_value=-0.041546053810080558 -0.023592623723724056 -0.010714280444985945 -0.025874683144805462 0.014540329648515935 -0.00091154129626383668 -0.00095348677212016243 0.099556847171054272 0.059276909897499827 0.17765812332013017 0.001705472383486856 0.010408296201808259 0.10177340592523017 0.19210952954901767 0.031779279368039183 -0.020668112206626219 -0.021605051815737117 0.10384113398747584 0.01806202670153614 0.09597016504055797 -0.013280508035095182 0.12523100943741416 0.032670435706129528 0.12301792117103849 -0.0048560809920520252 -0.034663835900515194 0.10628850988870486 -0.037777786787328758 -0.010284254200720553 0.0049010737802217133 0.10169998393146604
leaf_weight=1808 1970 350 3288 246 2949 1799 177 285 179 532 1058 201 185 197 202 827 198 296 345 166 169 452 204 189 223 199 291 3176 383 164
leaf_count=1808 1970 350 3288 246 2949 1799 177 285 179 532 1058 201 185 197 202 827 198 296 345 166 169 452 204 189 223 199 291 3176 383 164
internal_value=0.000552296 0.0131281 -0.0125276 0.048214 0.00747107 -0.00689697 0.0150767 0.0646408 0.104996 0.014684 0.0250454 0.0373102 0.0528845 0.109488 0.0409983 0.00231245 0.0294403 0.0378942 0.0621153 0.00805861 0.0565252 0.0275457 0.0609311 -0.0131722 0.0203871 0.0520878 0.00504733 -0.0141434 -0.00377647 0.0339661
internal_weight=22708 11578 11130 1607 9971 9322 2311 1257 464 7390 4441 2884 1826 382 793 1557 730 1444 591 2134 335 1243 500 2581 611 388 743 7011 3723 547
internal_count=22708 11578 11130 1607 9971 9322 2311 1257 464 7390 4441 2884 1826 382 793 1557 730 1444 591 2134 335 1243 500 2581 611 388 743 7011 3723 547
is_linear=0
shrinkage=0.0161


Tree=94
num_leaves=31
num_cat=0
split_feature=215 499 58 540 528 417 454 513 208 37 419 436 235 73 339 33 505 570 184 191 431 461 543 521 385 359 278 393 278 355
split_gain=15311 9170.1 8711.87 5414.51 18103 7730.22 5426.37 5843.13 5104.68 5096.33 5312.89 5070.41 4273.65 3710.3 4819.88 4787.62 6138.68 3752.39 3704.68 3683.9 4257.03 3672.87 3256.5 3965.89 5507.01 3216.75 3161.99 2959.11 4784.8 2479.77
threshold=4.5000000000000009 12.500000000000002 52.000000000000007 196.25000000000003 119.50000000000001 20.000000000000004 8.0000000000000018 112.50000000000001 16.500000000000004 10.500000000000002 35.500000000000007 10.500000000000002 10.500000000000002 20.000000000000004 4.5000000000000009 10.500000000000002 55.500000000000007 84.750000000000014 20.000000000000004 16.500000000000004 10.500000000000002 6.5000000000000009 193.75000000000003 109.50000000000001 10.500000000000002 16.500000000000004 20.000000000000004 20.000000000000004 8.0000000000000018 16.500000000000004
decision_type=2 2 2 10 2 2 2 2 2 2 2 2 2 2 2 2 2 10 2 2 2 2 10 2 2 2 2 2 2 2
left_child=12 -2 3 6 -5 19 29 9 25 27 13 -7 -1 14 -11 17 -17 -16 26 20 21 -6 23 24 -9 -4 -14 -8 -29 -3
right_child=1 2 8 4 5 11 7 22 -10 10 -12 -13 18 -15 15 16 -18 -19 -20 -21 -22 -23 -24 -25 -26 -27 -28 28 -30 -31
leaf_value=-0.02813379359067027 -0.022118777292645435 -0.013587964975322171 -0.0053361142955551328 0.1991642680702907 -0.064081211381379358 0.026957584079103706 -0.0021718197491768431 -0.017259508327632709 0.13838263206146775 -0.00038207186722617373 0.11437295860571675 0.15265163562359335 -0.017756646785445723 -0.0063806009024087226 0.074690218101026717 0.046195607789934146 0.1572293834439305 -0.011576429795006581 0.057023486370299997 -0.041705359768554461 0.069465696378969516 0.024809166841748647 0.052866368220518142 -0.022000343254139999 0.076622760760940628 0.084002419976837384 0.046481449408384355 0.0042286420297090411 0.10183170004812495 0.014722766182204387
leaf_weight=5066 2221 3542 206 162 190 171 1523 363 203 389 252 163 1412 422 261 264 254 261 257 367 288 329 242 1716 292 211 231 344 210 1036
leaf_count=5066 2221 3542 206 162 190 171 1523 363 203 389 252 163 1412 422 261 264 254 261 257 367 288 329 242 1716 292 211 231 344 210 1036
internal_value=-0.000509412 0.0082181 0.013152 0.0103465 0.0374196 0.0200282 0.00636834 0.0154998 0.0721241 0.0273063 0.0449764 0.0883698 -0.0204109 0.0355158 0.0479048 0.0659886 0.100686 0.0315118 0.00016835 0.000565164 0.0198177 -0.00768724 -0.00337801 -0.00912861 0.0245574 0.0398123 -0.00871067 0.00940377 0.0412687 -0.00717611
internal_weight=22848 15882 13661 13041 1670 1508 11371 6793 620 4180 2103 334 6966 1851 1429 1040 518 522 1900 1174 807 519 2613 2371 655 417 1643 2077 554 4578
internal_count=22848 15882 13661 13041 1670 1508 11371 6793 620 4180 2103 334 6966 1851 1429 1040 518 522 1900 1174 807 519 2613 2371 655 417 1643 2077 554 4578
is_linear=0
shrinkage=0.0161


Tree=95
num_leaves=31
num_cat=0
split_feature=491 239 58 226 208 30 392 16 547 177 580 513 75 275 576 424 4 544 530 584 45 514 133 14 513 402 269 156 153 156
split_gain=12762.9 8977.75 8380.19 6543.88 5036.78 9487.27 4549.78 4335.11 4222.71 3945.93 4542.05 4208.49 3590.48 3908.93 5229.24 4159.47 6888.72 4593.8 4205.22 3532.73 5025.03 3511.52 4707.25 6430.55 4127.11 3287.02 4083.91 3025.36 2975.96 2820.07
threshold=16.500000000000004 16.500000000000004 29.500000000000004 6.5000000000000009 13.500000000000002 16.500000000000004 16.500000000000004 52.000000000000007 235.84999847412112 24.500000000000004 168.05000305175784 215.50000000000003 73.500000000000014 5.5000000000000009 209.25000000000003 24.500000000000004 13.500000000000002 198.94999694824222 127.50000000000001 224.44999694824222 13.500000000000002 42.500000000000007 4.5000000000000009 5.5000000000000009 72.500000000000014 35.500000000000007 8.0000000000000018 5.5000000000000009 6.5000000000000009 8.0000000000000018
decision_type=2 2 2 2 2 2 2 2 10 2 10 2 2 2 10 2 2 10 2 8 2 2 2 2 2 2 2 2 2 2
left_child=27 3 9 7 6 -6 -4 25 12 11 -11 19 13 -5 15 17 -17 18 21 29 -21 -15 23 -23 -24 -2 -27 -1 -29 -3
right_child=1 2 4 8 5 -7 -8 -9 -10 10 -12 -13 -14 14 -16 16 -18 -19 -20 20 -22 22 24 -25 -26 26 -28 28 -30 -31
leaf_value=-0.035488764916584814 -0.016627102611495807 -0.016885808402716772 -0.0064489098144298335 -0.010665406257018468 0.19619075704420177 0.043656101940794341 0.086859995727667325 0.060347146753945001 0.068059113002937113 0.022951917510346018 0.1240908147034306 -0.044271035963672101 0.082342558776780622 -0.0063641397759014668 -0.039526180790946261 0.13105461070624985 0.016750691134341494 0.090819937466675243 -0.016664260071954647 0.010474402511678376 0.11150824338862575 0.020291412797744313 0.069243227113115979 0.15712406140445878 -0.0033333211533705634 -0.014997287010187698 0.093741719395992754 -0.027403425882953948 0.0090013245827905292 0.024193172401438368
leaf_weight=2496 6047 883 299 2284 186 246 247 211 320 378 166 368 165 679 404 224 352 191 1048 322 212 179 298 178 636 201 161 1215 1116 850
leaf_count=2496 6047 883 299 2284 186 246 247 211 320 378 166 368 165 679 404 224 352 191 1048 322 212 179 298 178 636 201 161 1215 1116 850
internal_value=4.21489e-05 0.00636054 0.027063 2.05988e-05 0.0682828 0.109385 0.0357192 -0.0114365 0.0109245 0.0143746 0.0538574 0.00621434 0.00816663 0.00627222 0.0155129 0.0213938 0.0612431 0.0142337 0.00937899 0.01442 0.0506293 0.0232454 0.0388368 0.088582 0.0197976 -0.0138034 0.0332995 -0.0231675 -0.00996403 0.00324899
internal_weight=22562 17735 4157 13578 978 432 546 6620 6958 3179 544 2635 6638 6473 4189 3785 576 3209 3018 2267 534 1970 1291 357 934 6409 362 4827 2331 1733
internal_count=22562 17735 4157 13578 978 432 546 6620 6958 3179 544 2635 6638 6473 4189 3785 576 3209 3018 2267 534 1970 1291 357 934 6409 362 4827 2331 1733
is_linear=0
shrinkage=0.0161


Tree=96
num_leaves=31
num_cat=0
split_feature=306 274 542 437 479 283 443 572 552 495 489 331 576 294 119 394 294 506 566 539 539 417 393 354 447 539 516 246 19 358
split_gain=15318.7 10146.8 9117.19 10362.9 6719.58 6465.06 5170.99 4767.76 4676.4 5758.71 5045.56 5201.82 7068.8 4623.79 4590.95 4234.36 4105.39 4108.31 7258.23 4100.85 6424.12 8701.4 4214.54 3679.59 6474.33 4642.17 3878.79 3559.68 5274.05 3423.75
threshold=4.5000000000000009 13.500000000000002 210.94999694824222 24.500000000000004 35.500000000000007 6.5000000000000009 8.0000000000000018 226.84999847412112 244.44999694824222 238.50000000000003 31.500000000000004 20.000000000000004 228.75000000000003 4.5000000000000009 16.500000000000004 29.500000000000004 3.5000000000000004 72.500000000000014 117.14999771118165 201.50000000000003 112.50000000000001 10.500000000000002 13.500000000000002 24.500000000000004 10.500000000000002 84.500000000000014 90.500000000000014 4.5000000000000009 13.500000000000002 4.5000000000000009
decision_type=2 2 10 2 2 2 2 8 10 2 2 2 8 2 2 2 2 2 10 2 2 2 2 2 2 2 2 2 2 2
left_child=13 2 16 5 8 -4 -7 15 9 10 -3 23 -13 -1 -15 -6 -2 -18 19 20 22 -22 -19 25 -25 26 -12 28 -16 -27
right_child=1 4 3 -5 7 6 -8 -9 -10 -11 11 12 -14 14 27 -17 17 18 -20 -21 21 -23 -24 24 -26 29 -28 -29 -30 -31
leaf_value=-0.037957134432016648 -0.024048468433951132 -0.0090498419628539228 -0.051210782474569727 0.16794364482830057 0.062310754484754531 -0.0045897832781744141 0.11391084093944216 -0.00028443231698245335 0.10192702789337327 -0.05253460990780686 0.022979853859502415 0.040495828318823243 0.15426530401087321 -0.018256335048231594 0.013275704707157644 0.15596778139829384 -0.0098952928254453301 0.0031932541659659068 -0.0022601175498047862 -0.031504216170263881 0.16960758491910721 0.021655379944556578 0.094067941998255716 -0.0067739735149808557 0.12640307370612083 0.039870057714438627 0.11281180475634192 -0.018546521769791238 0.11924688802936559 -0.023246305383392417
leaf_weight=2353 2069 1018 201 163 338 171 215 171 175 288 523 568 189 3563 378 200 4072 535 2598 161 237 183 176 173 208 294 164 340 180 918
leaf_count=2353 2069 1018 201 163 338 171 215 171 175 288 523 568 189 3563 378 200 4072 535 2598 161 237 183 176 173 208 294 164 340 180 918
internal_value=0.000524089 0.00913093 0.000203533 0.0543519 0.0275397 0.0227692 0.0613535 0.0736332 0.0203012 0.0170066 0.0219515 0.0323509 0.0689317 -0.0196923 -0.0100531 0.0971712 -0.00384269 0.00140501 0.0132401 0.0444266 0.0552563 0.105199 0.0257214 0.0201951 0.0658698 0.0110189 0.0444587 0.0224686 0.0475021 -0.00791648
internal_weight=22822 16008 10781 750 5227 587 386 709 4518 4343 4055 3037 757 6814 4461 538 10031 7962 3890 1292 1131 420 711 2280 381 1899 687 898 558 1212
internal_count=22822 16008 10781 750 5227 587 386 709 4518 4343 4055 3037 757 6814 4461 538 10031 7962 3890 1292 1131 420 711 2280 381 1899 687 898 558 1212
is_linear=0
shrinkage=0.0161


Tree=97
num_leaves=31
num_cat=0
split_feature=215 299 547 536 236 9 55 483 231 572 287 335 483 542 539 480 527 154 54 397 336 28 516 188 42 67 500 127 15 468
split_gain=15894.1 12490.1 8418.96 7536.91 7260.5 6014.47 5242.91 5108.05 4829.56 4402.26 4561.57 4341.32 4105.83 5082.27 4444.13 4028.84 4825.02 3867.07 3553.14 5774.75 3669.91 4654.54 4030.86 3450.54 3244.27 4010.26 5621.99 3195.93 3184.29 3164.03
threshold=4.5000000000000009 16.500000000000004 238.25000000000003 234.50000000000003 43.500000000000007 5.5000000000000009 8.0000000000000018 286.50000000000006 5.5000000000000009 220.15000152587893 5.5000000000000009 29.500000000000004 265.50000000000006 198.94999694824222 227.50000000000003 120.50000000000001 120.50000000000001 20.000000000000004 29.500000000000004 13.500000000000002 16.500000000000004 3.5000000000000004 205.50000000000003 10.500000000000002 13.500000000000002 10.500000000000002 89.500000000000014 13.500000000000002 10.500000000000002 13.500000000000002
decision_type=2 2 10 2 2 2 2 2 2 10 2 2 2 10 2 2 2 2 2 2 2 2 2 2 2 2 2 2 2 2
left_child=6 2 5 -4 7 -2 -1 9 23 10 28 24 13 14 18 -8 -17 -13 20 -20 22 -22 -10 -7 -12 26 -26 -23 -3 -29
right_child=1 4 3 -5 -6 8 15 -9 12 -11 11 17 -14 -15 -16 16 -18 -19 19 -21 21 27 -24 -25 25 -27 -28 29 -30 -31
leaf_value=-0.031242675718593741 -0.018577798559492664 -0.024513616872398038 0.13780412726382532 -0.0024779354874202098 0.1087509010636597 -0.024678901727662555 -0.014473051162208768 0.11664697683911437 -0.0022799514102440055 -0.045555416261542796 0.014936958452638946 0.043413096733020025 -0.06139943743830293 0.082486915896468727 -0.04748296131985047 0.089706564988277199 0.0028421313886394079 0.15001347058845091 0.013346451478815805 0.12557325455545856 0.11169322928364746 -0.0001024473703753258 0.078828435381713691 0.010181076065235922 0.030512533279055693 0.023665462983910084 0.15950279187340766 0.017620152030035943 0.032180400857535374 0.11203007860776801
leaf_weight=3986 3466 575 219 181 315 1673 2198 162 2411 220 1161 190 169 309 277 231 589 166 288 203 185 583 170 1313 169 415 183 205 464 168
leaf_count=3986 3466 575 219 181 315 1673 2198 162 2411 220 1161 190 169 309 277 231 589 166 288 203 185 583 170 1313 169 415 183 205 464 168
internal_value=0.00107342 0.0100044 0.00166483 0.0742677 0.0345194 -0.000876111 -0.0191213 0.0282019 0.00683454 0.0241512 0.0287732 0.0414961 0.0165624 0.0193128 0.0149599 -0.0031042 0.0273412 0.0931861 0.0190711 0.0597937 0.0136927 0.037739 0.00305321 -0.00934244 0.0319394 0.0576452 0.0976397 0.0234032 0.000782329 0.0602057
internal_weight=22844 15840 11820 400 4020 11420 7004 3705 7954 3543 3323 2284 4968 4799 4490 3018 820 356 4213 491 3722 1141 2581 2986 1928 767 352 956 1039 373
internal_count=22844 15840 11820 400 4020 11420 7004 3705 7954 3543 3323 2284 4968 4799 4490 3018 820 356 4213 491 3722 1141 2581 2986 1928 767 352 956 1039 373
is_linear=0
shrinkage=0.0161


Tree=98
num_leaves=31
num_cat=0
split_feature=213 59 460 286 28 166 130 107 149 310 206 581 429 515 480 154 206 364 228 75 13 65 27 376 266 179 417 141 60 563
split_gain=14946 9086.96 7345.81 6878.81 7784.6 6661.33 4828.19 6103.13 6436.71 7944.49 5112.49 4905.82 4363.44 7226.71 4481.96 3819.87 3723.19 4083.02 3642.38 3545.77 3349.93 3599 3331.93 4217.68 3573.65 3187.92 3095.92 2911.74 3445.96 2892.64
threshold=10.500000000000002 29.500000000000004 4.5000000000000009 16.500000000000004 16.500000000000004 24.500000000000004 10.500000000000002 13.500000000000002 20.000000000000004 8.0000000000000018 13.500000000000002 137.05000305175784 6.5000000000000009 272.50000000000006 19.500000000000004 16.500000000000004 24.500000000000004 20.000000000000004 8.0000000000000018 52.000000000000007 8.0000000000000018 6.5000000000000009 29.500000000000004 35.500000000000007 16.500000000000004 35.500000000000007 10.500000000000002 16.500000000000004 8.0000000000000018 76.350002288818374
decision_type=2 2 2 2 2 2 2 2 2 2 2 8 2 2 2 2 2 2 2 2 2 2 2 2 2 2 2 2 2 8
left_child=2 6 -1 15 -5 12 26 20 9 -9 11 -11 -4 14 -14 -3 17 18 -7 22 21 -8 23 -16 -24 -17 -2 28 -20 -28
right_child=1 3 5 4 -6 16 7 8 -10 10 -12 -13 13 -15 19 25 -18 -19 27 -21 -22 -23 24 -25 -26 -27 29 -29 -30 -31
leaf_value=-0.026911847219326102 -0.012729766465892639 -0.0016916661604468412 -0.018930993669594956 0.17272401679955671 0.027609763812915151 -0.031104324674831894 0.08425538469364538 0.18189444289649784 -0.0106728725277494 0.085058535982103542 0.11907912574557082 -0.028336494429033118 -0.029489387146476965 0.10185183776252908 -0.006388215005244495 0.026927059934753025 0.10374917843501306 0.089928236574515319 0.012488072550453443 0.0763224365463534 -0.012341223396046841 0.0049475451022412522 0.098510530536526503 0.063755187416258477 0.0059475986769432412 0.11364481832092618 -0.040925517590834126 -0.013545496699685449 0.11640900684252482 0.025268855146219384
leaf_weight=4349 2306 432 4226 234 163 371 244 161 265 175 210 227 1093 185 3159 249 166 189 168 184 918 380 189 239 254 198 196 202 164 1337
leaf_count=4349 2306 432 4226 234 163 371 244 161 265 175 210 227 1093 185 3159 249 166 189 168 184 918 380 189 239 254 198 196 202 164 1337
internal_value=3.93536e-05 0.0183103 -0.00924663 0.0575553 0.113202 -0.00212368 0.0105053 0.0275383 0.0577227 0.0812005 0.0546723 0.0209685 -0.00672594 0.00299592 -0.000572814 0.0323956 0.0326631 0.0218552 0.00761286 0.00727371 0.00720437 0.0359967 0.00395986 -0.00144772 0.0454915 0.0653916 -0.000935604 0.034556 0.0638934 0.0167903
internal_weight=22833 7695 15138 1276 397 10789 6419 2580 1038 773 612 402 9529 5303 5118 879 1260 1094 905 4025 1542 624 3841 3398 443 447 3839 534 332 1533
internal_count=22833 7695 15138 1276 397 10789 6419 2580 1038 773 612 402 9529 5303 5118 879 1260 1094 905 4025 1542 624 3841 3398 443 447 3839 534 332 1533
is_linear=0
shrinkage=0.0161


Tree=99
num_leaves=31
num_cat=0
split_feature=275 287 428 542 374 419 566 510 213 269 139 239 348 383 129 276 49 354 124 259 1 31 498 361 453 186 562 588 222 92
split_gain=12370.7 7459.78 6380.31 5328.8 6309.58 5188.89 5151.61 5507.17 7259.79 4041.02 3906.28 3856.31 4306.09 4724.64 4277.38 3797.3 4298.82 3921.4 3646.8 3547.27 8242.48 3021.77 2985.52 2919.01 2789.26 2762.65 2744.79 2884.53 2685.13 2647.43
threshold=5.5000000000000009 8.0000000000000018 16.500000000000004 210.94999694824222 13.500000000000002 10.500000000000002 224.44999694824222 197.50000000000003 13.500000000000002 6.5000000000000009 61.500000000000007 13.500000000000002 8.0000000000000018 10.500000000000002 10.500000000000002 16.500000000000004 8.0000000000000018 16.500000000000004 5.5000000000000009 16.500000000000004 13.500000000000002 10.500000000000002 117.50000000000001 8.0000000000000018 24.500000000000004 5.5000000000000009 139.25000000000003 132.44999694824222 6.5000000000000009 13.500000000000002
decision_type=2 2 2 10 2 2 10 2 2 2 2 2 2 2 2 2 2 2 2 2 2 2 2 2 2 2 8 8 2 2
left_child=5 3 10 15 -5 26 7 8 21 -7 11 14 13 -13 -3 -2 -17 25 -10 -11 -21 -4 -23 -20 -14 -18 -1 -28 -27 -16
right_child=1 2 6 4 -6 9 -8 -9 18 19 -12 12 24 -15 29 16 17 -19 23 20 -22 22 -24 -25 -26 28 27 -29 -30 -31
leaf_value=-0.031658537465709659 -0.012414716220234018 -0.015277120979986888 -0.0068637445775620804 0.0035342689946827122 0.12993863748538761 -0.017874426284400776 0.12990538906462237 -0.031747026964144706 0.14992852008649496 0.0072394133535540143 0.088570265806046725 0.028310125314164644 -0.0081491412995155256 0.12838043653284784 0.047968373689178036 -0.0087186711533247738 -0.029222577572972652 0.098189693043198994 0.022011038781215807 0.13778060354232916 -0.018417783235027626 0.020166163777932553 0.10570523660960554 0.10005856976983134 0.056741163319800614 -0.0021173319600577972 0.051681590953236996 -0.014737052463821397 0.081777852232040607 -0.011126500677023626
leaf_weight=3896 5187 2075 519 263 168 1279 169 260 182 1126 161 322 676 198 563 933 198 230 223 190 162 311 161 283 230 178 185 2008 221 301
leaf_count=3896 5187 2075 519 263 168 1279 169 260 182 1126 161 322 676 198 563 933 198 230 223 190 162 311 161 283 230 178 185 2008 221 301
internal_value=-0.000340796 0.00906896 0.0214578 -0.00206741 0.0528602 -0.0152484 0.0445969 0.0371495 0.0478324 0.00306902 0.0106755 0.007797 0.0295234 0.0664591 -0.00273661 -0.00547857 0.01495 0.0416808 0.0880219 0.0212085 0.065827 0.0199071 0.0493936 0.0657086 0.00829814 0.0198708 -0.0235462 -0.00912329 0.0442919 0.0273537
internal_weight=22858 14012 6634 7378 431 8846 2108 1939 1679 2757 4526 4365 1426 520 2939 6947 1760 827 688 1478 352 991 472 506 906 597 6089 2193 399 864
internal_count=22858 14012 6634 7378 431 8846 2108 1939 1679 2757 4526 4365 1426 520 2939 6947 1760 827 688 1478 352 991 472 506 906 597 6089 2193 399 864
is_linear=0
shrinkage=0.0161


Tree=100
num_leaves=31
num_cat=0
split_feature=215 552 162 419 199 285 358 213 276 192 140 94 594 466 237 495 540 538 528 342 569 404 69 55 507 573 149 487 320 157
split_gain=15430.6 9966.48 8781.84 8527.49 7334.76 5394.5 5763.52 4455.9 4252.84 3716.01 4640.78 3730.65 4167.59 3644.44 3580.45 3456.33 3411.37 4911.12 4447.07 3391.8 3682.13 2812.57 2778.14 2580.07 2476.81 4525.31 2476.28 3289.78 3816.32 3338.86
threshold=4.5000000000000009 247.34999847412112 5.5000000000000009 24.500000000000004 10.500000000000002 3.5000000000000004 43.500000000000007 6.5000000000000009 13.500000000000002 24.500000000000004 35.500000000000007 24.500000000000004 115.14999771118165 29.500000000000004 13.500000000000002 133.50000000000003 198.94999694824222 101.50000000000001 81.500000000000014 16.500000000000004 144.05000305175784 24.500000000000004 10.500000000000002 8.0000000000000018 162.50000000000003 170.05000305175784 6.5000000000000009 95.500000000000014 20.000000000000004 5.5000000000000009
decision_type=2 10 2 2 2 2 2 2 2 2 2 2 8 2 2 2 10 2 2 2 8 2 2 2 2 10 2 2 2 2
left_child=14 2 7 8 -3 -5 16 -2 26 10 11 21 -13 -9 23 -14 17 18 -7 -16 -21 -10 -19 -1 -25 -26 -4 -28 29 -29
right_child=1 4 3 5 -6 6 -8 13 9 -11 -12 12 15 -15 19 -17 -18 22 -20 20 -22 -23 -24 24 25 -27 27 28 -30 -31
leaf_value=-0.03489864470633252 -0.023711545596137213 0.0033372455888305355 -0.011716933950833609 -0.029556650353903837 0.13660206152940052 0.037760382875413542 0.13050842136203619 -0.0014718238086900278 0.0054109744864799985 -0.016509354538221149 0.10705731269175779 0.13251192895788239 -0.020486279292933118 0.056967016323382635 -0.010631536221731805 0.081334602165596015 0.11119009527298945 0.037746095112398508 0.1363994255087799 -0.0048264261613631555 0.10326944559398055 0.061730237120050123 -0.043896164683153834 -0.019532964119194036 0.088284736618278417 -0.030021993632454815 -0.0052878613747276244 -0.023666417403207688 0.080933533443780209 0.037442555093306761
leaf_weight=3270 2799 178 2375 199 270 453 248 2563 1408 470 201 160 164 310 1101 182 175 197 161 165 161 275 239 1955 164 171 1533 370 291 619
leaf_count=3270 2799 178 2375 199 270 453 248 2563 1408 470 201 160 164 310 1101 182 175 197 161 165 161 275 239 1955 164 171 1533 370 291 619
internal_value=5.24142e-05 0.00884488 0.00666445 0.0159551 0.0837056 0.0490432 0.0596779 -0.00925267 0.00907806 0.0248412 0.0329827 0.0261702 0.0645159 0.0048256 -0.0198773 0.0330047 0.0453191 0.0343182 0.0636634 0.00285748 0.0484861 0.0146275 -0.00695336 -0.0257166 -0.0125948 0.0278251 0.000383759 0.0106087 0.0296656 0.014557
internal_weight=22827 15840 15392 9720 448 1672 1473 5672 8048 2860 2390 2189 506 2873 6987 346 1225 1050 614 1427 326 1683 436 5560 2290 335 5188 2813 1280 989
internal_count=22827 15840 15392 9720 448 1672 1473 5672 8048 2860 2390 2189 506 2873 6987 346 1225 1050 614 1427 326 1683 436 5560 2290 335 5188 2813 1280 989
is_linear=0
shrinkage=0.0161


Tree=101
num_leaves=31
num_cat=0
split_feature=153 358 321 485 99 514 510 536 441 270 156 212 440 19 41 198 545 207 350 239 288 1 560 576 97 270 101 357 595 480
split_gain=13189.2 7581.43 6743.61 8221.77 10709.3 5532.11 4798.87 7182.93 7440.64 10432.7 5959.98 4663.58 4660.08 4172 4107.77 4021.56 7217.77 4018.04 5149.14 3875.81 4264.37 4271.9 4830.13 3646.31 3386.75 3303.49 3045.19 4301.17 2837.8 2606.98
threshold=5.5000000000000009 24.500000000000004 8.0000000000000018 222.50000000000003 6.5000000000000009 9.5000000000000018 110.50000000000001 82.500000000000014 24.500000000000004 8.0000000000000018 24.500000000000004 29.500000000000004 8.0000000000000018 8.0000000000000018 4.5000000000000009 16.500000000000004 220.15000152587893 8.0000000000000018 5.5000000000000009 16.500000000000004 4.5000000000000009 16.500000000000004 126.54999923706056 198.94999694824222 2.5000000000000004 35.500000000000007 8.0000000000000018 6.5000000000000009 187.55000305175784 156.50000000000003
decision_type=2 2 2 2 2 2 2 2 2 2 2 2 2 2 2 2 8 2 2 2 2 2 10 10 2 2 2 2 10 2
left_child=5 2 19 6 -5 -1 7 10 9 -9 -4 17 -7 -13 -14 24 -17 -3 -19 28 -21 22 -22 -6 -16 -8 27 -26 -2 -28
right_child=1 11 3 4 23 12 25 8 -10 -11 -12 13 14 -15 15 16 -18 18 -20 20 21 -23 -24 -25 26 -27 29 -29 -30 -31
leaf_value=-0.041755639996931097 -0.0081043394095268312 0.0035528100963625121 -0.00013794448418836671 0.16131559331192818 0.073629360071379171 -0.019464732316288914 -0.016932443676626791 0.029830653946892959 -0.01168787199022569 0.17705795524085441 0.078844938157431474 0.027365347822073428 -0.024231991179165909 0.12982254552140685 -0.053232381854732155 0.018946968295986116 0.14314908084824826 0.10624001427854593 0.024879241204020398 -0.028486551935175849 0.026802146972524345 -0.016539494493013535 0.12026416370981674 -0.020363638717705752 0.0012738893681839851 0.054271759359622619 0.010474566398401171 0.084327408012055322 -0.050020612487363995 -0.04851923898589669
leaf_weight=1521 4408 941 1930 229 206 4184 1580 253 209 247 284 180 869 243 230 460 165 296 636 335 380 252 231 222 349 189 749 302 463 262
leaf_count=1521 4408 941 1930 229 206 4184 1580 253 209 247 284 180 869 243 230 460 165 296 636 335 380 252 231 222 349 189 749 302 463 262
internal_value=0.00130391 0.0112737 0.00590328 0.0190838 0.0724326 -0.0137332 0.0116086 0.0242776 0.0688825 0.102608 0.00998292 0.0379705 -0.00809965 0.0862794 0.00593697 0.0163622 0.051774 0.0270478 0.0507444 -0.00570969 0.0202265 0.0391633 0.0621757 0.024821 0.00465192 -0.00931168 0.0126765 0.0398387 -0.0120934 -0.00479036
internal_weight=22805 13714 11418 5349 657 9091 4692 2923 709 500 2214 2296 7570 423 3386 2517 625 1873 932 6069 1198 863 611 428 1892 1769 1662 651 4871 1011
internal_count=22805 13714 11418 5349 657 9091 4692 2923 709 500 2214 2296 7570 423 3386 2517 625 1873 932 6069 1198 863 611 428 1892 1769 1662 651 4871 1011
is_linear=0
shrinkage=0.0161


Tree=102
num_leaves=31
num_cat=0
split_feature=155 239 589 58 294 564 381 437 284 378 56 10 580 292 394 14 50 462 131 12 271 152 458 394 576 581 42 491 217 247
split_gain=13475.3 7773.87 6669.07 6323.06 5624.33 6564.25 6816.85 5535.87 4081.34 4754.83 4805.28 5885.45 3792.56 3722.31 3538.28 3468.51 3436.85 3086.58 3306.6 3461.96 3709.24 4276.03 3182.38 3451.12 3713.19 3124.31 3496.83 3213.95 2906.97 3202.65
threshold=6.5000000000000009 16.500000000000004 112.95000076293947 29.500000000000004 5.5000000000000009 226.84999847412112 10.500000000000002 20.000000000000004 8.0000000000000018 6.5000000000000009 8.0000000000000018 13.500000000000002 141.55000305175784 43.500000000000007 13.500000000000002 20.000000000000004 29.500000000000004 5.5000000000000009 5.5000000000000009 20.000000000000004 13.500000000000002 16.500000000000004 20.000000000000004 6.5000000000000009 108.85000228881837 180.15000152587893 8.0000000000000018 74.500000000000014 4.5000000000000009 20.000000000000004
decision_type=2 2 8 2 2 10 2 2 2 2 2 2 10 2 2 2 2 2 2 2 2 2 2 2 10 8 2 2 2 2
left_child=2 4 -1 -3 -2 13 -7 14 16 -10 11 12 -11 17 -5 -12 -4 28 22 20 25 -22 23 -19 -25 26 -20 -28 -6 -30
right_child=1 3 8 7 5 6 -8 -9 9 10 15 -13 -14 -15 -16 -17 -18 18 19 -21 21 -23 -24 24 -26 -27 27 -29 29 -31
leaf_value=-0.024332619807133998 -0.012058881205568105 0.022314228151662962 -0.017413151319999147 0.0021712945686848742 -0.048714050231511714 0.0096644448601080849 0.15362229763257643 0.15646048880656621 -0.011820826544669294 -0.0048999163992596425 -0.01141841927410479 0.13086414425060583 0.085504720082343361 0.06369123143586071 0.085565364906570796 0.06571815374066442 0.041104665665965365 0.0019760756826127982 -0.019685666313522521 -0.025243895157506389 0.099962513627463737 -0.00034312209752126289 -0.023843104172653878 0.038649179547571744 0.11695956351576038 -0.038288481168196921 0.0085687613924681789 0.096544031732930372 -0.012196579503236262 0.054179308659075068
leaf_weight=5454 3082 2293 2763 222 405 167 175 173 994 292 637 230 204 321 327 198 287 267 323 694 257 192 176 384 267 342 228 205 919 237
leaf_count=5454 3082 2293 2763 222 405 167 175 173 994 292 637 230 204 321 327 198 287 267 323 694 257 192 176 384 267 342 228 205 919 237
internal_value=0.00107164 0.0131513 -0.011658 0.0354118 0.00538149 0.015055 0.0833959 0.076976 0.000670948 0.0156854 0.0332156 0.0635137 0.0322352 0.0105704 0.051886 0.00684446 -0.011899 0.00708275 0.0158315 0.00461857 0.0180304 0.0570177 0.038779 0.0508106 0.0708034 0.00206606 0.0203528 0.0502742 -0.0115934 0.00139127
internal_weight=22715 11656 11059 3015 8641 5559 342 722 5605 2555 1561 726 496 5217 549 835 3050 4896 3335 2241 1547 449 1094 918 651 1098 756 433 1561 1156
internal_count=22715 11656 11059 3015 8641 5559 342 722 5605 2555 1561 726 496 5217 549 835 3050 4896 3335 2241 1547 449 1094 918 651 1098 756 433 1561 1156
is_linear=0
shrinkage=0.0161


Tree=103
num_leaves=31
num_cat=0
split_feature=333 547 501 419 438 157 140 38 307 200 479 132 497 212 468 437 195 477 538 132 197 331 502 324 504 156 361 402 516 183
split_gain=12939.4 12271.2 7925.21 7490.73 6654.94 5266.53 7371.64 6428.94 5123.02 4141.2 4115.07 3703.35 3564.12 3526.56 3375.58 3267.35 3630.97 2872.11 3401.19 3159.08 2801.27 3029.72 3215.08 4459.89 2657.87 2635.28 2566.74 2658.31 2528.2 3464.25
threshold=13.500000000000002 238.25000000000003 195.50000000000003 35.500000000000007 8.0000000000000018 5.5000000000000009 35.500000000000007 16.500000000000004 5.5000000000000009 29.500000000000004 3.5000000000000004 6.5000000000000009 121.50000000000001 20.000000000000004 4.5000000000000009 8.0000000000000018 10.500000000000002 35.500000000000007 257.50000000000006 8.0000000000000018 5.5000000000000009 13.500000000000002 44.500000000000007 6.5000000000000009 10.500000000000002 6.5000000000000009 3.5000000000000004 24.500000000000004 154.50000000000003 6.5000000000000009
decision_type=2 10 2 2 2 2 2 2 2 2 2 2 2 2 2 2 2 2 2 2 2 2 2 2 2 2 2 2 2 2
left_child=1 5 -3 4 -2 10 14 -8 25 13 -1 -5 -13 26 -7 -15 -17 18 24 -19 -12 28 -23 -24 -16 -6 -10 -28 -22 -30
right_child=3 2 -4 11 8 6 7 -9 9 -11 20 12 -14 15 17 16 -18 19 -20 -21 21 22 23 -25 -26 -27 27 -29 29 -31
leaf_value=-0.042449757699005421 -0.0043756807329982991 0.0062680023623502444 0.14280472535955777 0.10941745392497237 -0.03834771856336399 -0.021909388955418597 0.010384015576623475 0.1196015946470307 0.073832678306544247 0.099705357326670921 -0.025487015847854955 0.074292900069348078 -0.012101987894017159 0.012413207752535778 -0.03102332105579908 0.14373765465535218 0.04408106153301606 0.08525588940016203 -0.062077739205446875 -0.0029638924541307188 -0.019790655599308954 -0.016288038005776551 0.11804604162875901 0.012697278324451588 0.0049472709591266706 0.020698344401122261 -9.9266808949958826e-05 0.062677487965807271 -0.025998059837689269 0.0770217329903847
leaf_weight=1604 2825 214 228 309 348 2221 348 234 198 286 2446 300 210 186 600 194 187 214 232 206 1705 276 171 268 4728 448 972 213 160 179
leaf_count=1604 2825 214 228 309 348 2221 348 234 198 286 2446 300 210 186 600 194 187 214 232 206 1705 276 171 268 4728 448 972 213 160 179
internal_value=0.000944023 -0.00689662 0.076752 0.0197787 0.0133964 -0.00926939 -0.00102789 0.0543367 0.0299629 0.0424507 -0.0198967 0.0653925 0.0386724 0.0340412 -0.00495981 0.0678734 0.0948866 0.0013314 -0.00173117 0.0419301 -0.0129421 -0.00181192 0.0267038 0.0537865 0.000892111 -0.00508619 0.0201538 0.0111648 -0.0117984 0.0283294
internal_weight=22710 16034 442 6676 5857 15592 8783 582 3032 2236 6809 819 510 1950 8201 567 381 5980 5560 420 5205 2759 715 439 5328 796 1383 1185 2044 339
internal_count=22710 16034 442 6676 5857 15592 8783 582 3032 2236 6809 819 510 1950 8201 567 381 5980 5560 420 5205 2759 715 439 5328 796 1383 1185 2044 339
is_linear=0
shrinkage=0.0161


Tree=104
num_leaves=31
num_cat=0
split_feature=217 273 36 57 239 488 539 275 259 571 510 146 491 495 488 504 13 577 513 281 71 504 238 226 293 371 253 49 523 46
split_gain=13253.8 7898.03 6278.91 6659.18 6255.44 5462.45 5309.37 6523.69 5951.22 4919.21 4889.89 4889.55 4617.24 8485.04 4340.32 4230.72 4087.92 3926.51 6617.8 8144.57 3847.71 3861.18 4532.15 3584.51 3473.98 3850.18 5157.78 2683.21 4647.08 2758.96
threshold=5.5000000000000009 6.5000000000000009 5.5000000000000009 35.500000000000007 16.500000000000004 176.50000000000003 116.50000000000001 16.500000000000004 13.500000000000002 103.85000228881837 212.50000000000003 6.5000000000000009 115.50000000000001 108.50000000000001 278.50000000000006 63.500000000000007 29.500000000000004 147.15000152587893 164.50000000000003 10.500000000000002 16.500000000000004 53.500000000000007 5.5000000000000009 10.500000000000002 10.500000000000002 10.500000000000002 8.0000000000000018 20.000000000000004 99.500000000000014 16.500000000000004
decision_type=2 2 2 2 2 2 2 2 2 8 2 2 2 2 2 2 2 8 2 2 2 2 2 2 2 2 2 2 2 2
left_child=4 12 -3 6 10 9 7 20 23 -5 -1 -12 27 -14 -15 -10 24 -6 19 -19 21 -4 -23 -9 -8 -26 -27 -2 29 -29
right_child=1 2 3 5 17 -7 16 8 15 -11 11 -13 13 14 -16 -17 -18 18 -20 -21 -22 22 -24 -25 25 26 -28 28 -30 -31
leaf_value=-0.023477721030366286 -0.019820801266916186 -0.0062538851339199279 0.0078407945142748795 0.11075294906117031 -0.0076888426493940346 0.15955410653608798 -0.023356318463785452 0.015006227314925926 0.066032436238253112 0.0054390223350162517 -0.027716297838629108 0.077922923360311272 0.097162329296169414 -0.0064115106431445199 0.079608895793729512 0.16696717416008192 0.058733031641019944 0.025627096217355302 -0.016255498025287137 0.17144756069578329 -0.01722407474129399 0.11614507531935195 0.026275733424941484 0.086980160255436118 -0.012516558623435413 -0.011072305471537388 0.10139199051798911 -0.03070393428823143 0.089843182046204381 0.046443949834866292
leaf_weight=7244 3186 1666 719 202 876 161 1080 526 229 268 205 254 291 1438 170 205 313 246 284 167 561 247 356 273 468 182 251 398 164 172
leaf_count=7244 3186 1666 719 202 876 161 1080 526 229 268 205 254 291 1438 170 205 313 246 284 167 561 247 356 273 468 182 251 398 164 172
internal_value=0.000550131 0.0107161 0.0214066 0.0290388 -0.014271 0.07855 0.0232596 0.0369458 0.0657414 0.0507517 -0.0202469 0.0306907 -0.003439 0.0171606 0.00266805 0.113763 0.00465912 0.0149781 0.0434999 0.0846478 0.0180777 0.0330761 0.0631269 0.0396275 -0.00387273 0.0194555 0.0540663 -0.0134243 0.0143085 -0.00738293
internal_weight=22802 13526 7707 6041 9276 631 5410 3116 1233 470 7703 459 5819 1899 1608 434 2294 1573 697 413 1883 1322 603 799 1981 901 433 3920 734 570
internal_count=22802 13526 7707 6041 9276 631 5410 3116 1233 470 7703 459 5819 1899 1608 434 2294 1573 697 413 1883 1322 603 799 1981 901 433 3920 734 570
is_linear=0
shrinkage=0.0161


Tree=105
num_leaves=31
num_cat=0
split_feature=419 417 272 340 16 156 526 548 57 358 408 377 263 282 166 137 180 35 535 428 565 583 248 571 461 517 489 513 315 372
split_gain=10884.6 8303.79 7284.61 6735.4 5361.05 4553.78 4222.68 4172 4091.74 4982.01 4067.35 5485.27 5749.15 3826.92 3709.94 4185.78 5498.46 4102.64 3495.16 3452.92 3441.3 3471.02 4655.77 4066.12 2975.41 2446.14 3405.99 3342.87 2327.07 2400.5
threshold=10.500000000000002 35.500000000000007 24.500000000000004 3.5000000000000004 61.500000000000007 2.5000000000000004 115.50000000000001 181.25000000000003 20.000000000000004 29.500000000000004 8.0000000000000018 35.500000000000007 10.500000000000002 52.000000000000007 29.500000000000004 6.5000000000000009 8.0000000000000018 43.500000000000007 90.500000000000014 29.500000000000004 216.75000000000003 161.34999847412112 10.500000000000002 175.25000000000003 3.5000000000000004 204.50000000000003 70.500000000000014 108.50000000000001 3.5000000000000004 6.5000000000000009
decision_type=2 2 2 2 2 2 2 8 2 2 2 2 2 2 2 2 2 2 2 2 10 10 2 8 2 2 2 2 2 2
left_child=3 8 6 -1 5 -5 -3 -8 13 19 24 20 -13 14 17 -16 -17 -2 -11 25 21 22 -12 -24 -7 26 -10 -28 -26 -30
right_child=1 2 -4 4 -6 10 7 -9 9 18 11 12 -14 -15 15 16 -18 -19 -20 -21 -22 -23 23 -25 28 -27 27 -29 29 -31
leaf_value=-0.030757490155803983 -0.0044081601750878959 -0.0042494271317320403 0.12692498979136491 -0.033345395682098343 0.062442200383401099 -0.039416815014023894 0.13136795153322745 0.019715188376733615 -0.014739130323044743 0.031775278712648965 -0.007891305168273844 0.13642285762635015 0.0050171011897294539 -0.066696510788464211 -0.017279429191394656 0.008906718851327565 0.13561364374655882 0.059516381321515072 0.1357131823886718 0.08524077364132418 0.05735282517502837 -0.034999945230550743 0.015791538636100472 0.087968308858781291 -0.031392146757253318 -0.04728092961267083 0.092382144443189859 0.01016892794180242 0.015273041074623159 -0.011855083543892819
leaf_weight=3132 4846 419 274 1367 306 834 162 188 488 166 1930 174 172 210 193 169 188 275 171 162 293 611 812 270 774 188 219 311 1452 2024
leaf_count=3132 4846 419 274 1367 306 834 162 188 488 166 1930 174 172 210 193 169 188 275 171 162 293 611 812 270 774 188 219 311 1452 2024
internal_value=-0.00123089 0.0130197 0.055617 -0.00992229 -0.00399803 -0.00589799 0.0301789 0.0714617 0.00715989 0.0291205 -0.00188085 0.00971632 0.0711678 0.000789139 0.00329232 0.0430285 0.0756979 -0.000970787 0.0845851 0.0154399 0.00428074 -4.82367e-06 0.00708631 0.0338241 -0.0116076 0.0060441 0.0159151 0.0441845 -0.00614488 -0.000516311
internal_weight=22780 8629 1043 14151 11019 10713 769 350 7586 1705 9346 4262 346 5881 5671 550 357 5121 337 1368 3916 3623 3012 1082 5084 1206 1018 530 4250 3476
internal_count=22780 8629 1043 14151 11019 10713 769 350 7586 1705 9346 4262 346 5881 5671 550 357 5121 337 1368 3916 3623 3012 1082 5084 1206 1018 530 4250 3476
is_linear=0
shrinkage=0.0161


Tree=106
num_leaves=31
num_cat=0
split_feature=155 479 217 2 355 508 535 13 129 242 542 130 193 235 93 277 72 142 15 580 118 536 45 268 539 226 365 512 42 284
split_gain=13920.2 8846.33 8042.08 6691.27 6172.78 6107.5 6868.57 8066.34 5029.86 4832.35 6046.58 4820.36 4148.02 4004.41 3990.45 4414.9 3843.38 5249.88 5436.95 3984.12 3656.89 3099.96 3098.06 2942.58 2942.15 2858.6 2773.65 2985.62 2608.29 2620.48
threshold=6.5000000000000009 29.500000000000004 13.500000000000002 20.000000000000004 6.5000000000000009 221.50000000000003 268.50000000000006 8.0000000000000018 8.0000000000000018 29.500000000000004 191.15000152587893 35.500000000000007 16.500000000000004 6.5000000000000009 4.5000000000000009 6.5000000000000009 13.500000000000002 4.5000000000000009 4.5000000000000009 103.25000000000001 29.500000000000004 133.50000000000003 8.0000000000000018 4.5000000000000009 68.500000000000014 16.500000000000004 29.500000000000004 80.500000000000014 8.0000000000000018 5.5000000000000009
decision_type=2 2 2 2 2 2 2 2 2 2 8 2 2 2 2 2 2 2 2 8 2 2 2 2 2 2 2 2 2 2
left_child=5 8 20 4 -4 13 7 -7 11 12 -11 28 14 23 21 -16 17 -17 -19 -20 -3 24 -21 -1 -10 -18 -15 -28 -2 -30
right_child=1 2 3 -5 -6 6 -8 -9 9 10 -12 -13 -14 26 15 16 25 18 19 22 -22 -23 -24 -25 -26 -27 27 -29 29 -31
leaf_value=-0.038682295635739494 -0.020243637906624697 0.0022606018834767021 0.050197104024784694 0.0088848187289370818 0.17596355881796832 -0.0094023838839615795 -0.050554105910580245 0.11469287640493081 -0.01614869902033066 0.022120524721754853 0.13060264047691314 0.07072402944589741 -0.013523337995318182 -0.0088896996933117752 0.00043574163583591486 0.0021466154825233513 -0.0071335579846341767 0.15191505238083555 0.12214383823044446 0.078284427467880974 0.074680364096456564 -0.064992320974725626 -0.0066092500402972435 -0.015338168989753997 0.06188374181730949 0.071253456871665524 -0.011441204380489929 0.081732004428380231 0.028396241577750347 -0.0079474837819509467
leaf_weight=2471 2411 775 165 173 264 241 196 310 401 369 209 208 1215 4263 841 277 462 220 183 208 236 202 239 3240 182 163 168 189 751 1630
leaf_count=2471 2411 775 165 173 264 241 196 310 401 369 209 208 1215 4263 841 277 462 220 183 208 236 202 239 3240 182 163 168 189 751 1630
internal_value=-0.00025202 0.0119277 0.0469589 0.0935566 0.127647 -0.0132101 0.0312358 0.0603726 0.00636989 0.0175041 0.0613875 -0.00514042 0.0119766 -0.0164261 0.0211553 0.0307858 0.045341 0.0631046 0.082942 0.0588188 0.019189 -0.0106258 0.0328412 -0.0254427 0.00817097 0.0132721 -0.00527523 0.0378199 -0.00843828 0.00350594
internal_weight=22862 11784 1613 602 429 11078 747 551 10171 5171 578 5000 4593 10331 3378 2593 1752 1127 850 630 1011 785 447 5711 583 625 4620 357 4792 2381
internal_count=22862 11784 1613 602 429 11078 747 551 10171 5171 578 5000 4593 10331 3378 2593 1752 1127 850 630 1011 785 447 5711 583 625 4620 357 4792 2381
is_linear=0
shrinkage=0.0161


Tree=107
num_leaves=31
num_cat=0
split_feature=454 359 212 469 30 510 140 461 249 498 534 217 379 312 200 62 222 147 4 30 379 53 306 183 61 500 419 336 18 542
split_gain=9625.25 8775.59 6257.86 5778.54 5873.9 5231.39 5874.48 6792.99 4778.19 4713.67 4668.73 4556.5 6735.49 4013.63 4927.35 4024.73 4944 4935.07 5465.92 4695.63 4430.01 3452.54 3193.74 3176.33 3076.11 6011.67 2746.12 2971.96 4806.1 2482.61
threshold=5.5000000000000009 29.500000000000004 20.000000000000004 5.5000000000000009 13.500000000000002 221.50000000000003 5.5000000000000009 10.500000000000002 8.0000000000000018 11.500000000000002 288.50000000000006 10.500000000000002 8.0000000000000018 24.500000000000004 2.5000000000000004 13.500000000000002 8.0000000000000018 16.500000000000004 16.500000000000004 6.5000000000000009 24.500000000000004 8.0000000000000018 10.500000000000002 6.5000000000000009 8.0000000000000018 108.50000000000001 20.000000000000004 5.5000000000000009 6.5000000000000009 96.450000762939467
decision_type=2 2 2 2 2 2 2 2 2 2 2 2 2 2 2 2 2 2 2 2 2 2 2 2 2 2 2 2 2 10
left_child=5 8 11 -4 -5 21 -7 -8 26 -10 13 -3 -13 14 -11 20 19 18 -18 -17 -16 -1 -23 -22 -24 -26 -2 -28 -29 -21
right_child=1 2 3 4 -6 6 7 -9 9 10 -12 12 -14 -15 15 16 17 -19 -20 29 23 22 24 -25 25 -27 27 28 -30 -31
leaf_value=-0.028824777207293498 -0.011086287872692209 -0.0083530429159470766 0.002438883844412037 0.17917076668581783 0.059128383554541843 -0.043929134274358808 0.0010477344181653355 0.14244056348937886 -0.029259911256296938 -0.031893158795391181 -0.054441661216290002 -0.01486178355227474 0.1095975295010157 -0.010581235058844906 0.0092228038210227809 0.08266618715135457 0.15460923867993312 0.023294112656219158 0.043571530676259893 0.035874828663843485 0.018618498589727375 -0.016518885138027153 -0.012314498469151277 0.10616254967354086 -0.00058334105661671948 0.11390556786956377 -0.015542921226955209 0.10707759631588415 0.0065143974317904618 -0.034254243312082884
leaf_weight=4110 6062 673 167 196 231 170 178 175 632 342 226 194 268 903 2047 243 301 244 187 237 200 2442 441 234 290 201 378 195 336 292
leaf_count=4110 6062 673 167 196 231 170 178 175 632 342 226 194 268 903 2047 243 301 244 187 237 200 2442 441 234 290 201 378 195 336 292
internal_value=-0.00125427 0.00644286 0.0405288 0.0828796 0.114285 -0.0154729 0.0337393 0.07121 0.00192811 0.0123506 0.0171749 0.0183439 0.0572844 0.0202741 0.0267188 0.0317548 0.052545 0.0825356 0.112108 0.0240777 0.0191422 -0.0189151 -0.00683684 0.0658739 0.0185065 0.0462369 -0.00717082 0.018915 0.0434887 -0.00279087
internal_weight=22795 14788 1729 594 427 8007 523 353 13059 6088 5456 1135 462 5230 4327 3985 1504 732 488 772 2481 7484 3374 434 932 491 6971 909 531 529
internal_count=22795 14788 1729 594 427 8007 523 353 13059 6088 5456 1135 462 5230 4327 3985 1504 732 488 772 2481 7484 3374 434 932 491 6971 909 531 529
is_linear=0
shrinkage=0.0161


Tree=108
num_leaves=31
num_cat=0
split_feature=419 540 489 227 8 436 3 272 533 557 94 62 577 266 44 97 456 520 490 448 562 211 147 570 58 478 226 599 266 136
split_gain=13321.5 10411.6 9359.98 6041.48 5490.44 5822.32 5480.23 7493.52 4225.74 5502 5434.75 4943.43 6596.57 4067.47 4042.55 3940.64 3258.82 3219.58 4968.59 3155.54 2983.86 6563.8 4244.56 3484.83 2975.54 2921.45 2820 3615.84 2791.87 3666.29
threshold=24.500000000000004 215.15000152587893 13.500000000000002 3.5000000000000004 13.500000000000002 24.500000000000004 10.500000000000002 13.500000000000002 214.50000000000003 182.25000000000003 8.0000000000000018 10.500000000000002 147.15000152587893 8.0000000000000018 16.500000000000004 10.500000000000002 13.500000000000002 101.50000000000001 67.500000000000014 4.5000000000000009 196.25000000000003 5.5000000000000009 10.500000000000002 189.94999694824222 24.500000000000004 10.500000000000002 13.500000000000002 187.55000305175784 5.5000000000000009 5.5000000000000009
decision_type=2 10 2 2 2 2 2 2 2 10 2 2 8 2 2 2 2 2 2 2 10 2 2 10 2 2 2 8 2 2
left_child=2 3 -1 -2 13 15 14 -8 9 10 -5 12 16 19 -7 -6 -12 18 -13 -4 23 -22 -23 -15 25 28 -21 -28 -17 -30
right_child=1 -3 4 8 5 6 7 -9 -10 -11 11 17 -14 20 -16 24 -18 -19 -20 26 21 22 -24 -25 -26 -27 27 -29 29 -31
leaf_value=-0.0267223984930056 -0.03051838411088582 0.12889264121218247 -0.031530808480669269 -0.0027540560390221752 -0.0073660634004646961 -0.028003326714693876 0.14571555114554741 0.0064144755853192178 -0.026584786764060168 0.12144596745873525 0.0093476172037345994 0.00074477922782724231 0.15293849123531839 0.0050884884069031773 0.071381363720846566 -0.0045729891700276686 0.098145462154712357 -0.036587499891768654 0.11347949958687419 -0.013942002973353436 0.12767542136447016 0.072261168489994684 -0.029421863364372913 -0.0528702749676195 0.06802574798766782 -0.013438186038099622 -0.0035582281355521538 0.062162419915331654 0.093386540721303188 0.02075636239173189
leaf_weight=3822 467 260 1866 738 2291 258 269 160 278 196 260 269 227 3694 180 401 183 187 163 3036 160 168 290 290 324 615 686 317 287 487
leaf_count=3822 467 260 1866 738 2291 258 269 160 278 196 260 269 227 3694 180 401 183 187 163 3036 160 168 290 290 324 615 686 317 287 487
internal_value=0.000873566 0.0311806 -0.00411637 0.022613 0.00135779 0.0147663 0.0529079 0.0938166 0.0325434 0.0399484 0.0320564 0.0520049 0.0823211 -0.00536783 0.012786 0.00725384 0.0460825 0.0191529 0.0433357 -0.0142123 0.00597568 0.0388926 0.00782533 0.000863695 0.023109 0.0149656 -0.00620534 0.0171894 0.0298524 0.0477181
internal_weight=22829 3228 19601 2968 15779 5272 867 429 2501 2223 2027 1289 670 10507 438 4405 443 619 432 5905 4602 618 458 3984 2114 1790 4039 1003 1175 774
internal_count=22829 3228 19601 2968 15779 5272 867 429 2501 2223 2027 1289 670 10507 438 4405 443 619 432 5905 4602 618 458 3984 2114 1790 4039 1003 1175 774
is_linear=0
shrinkage=0.0161


Tree=109
num_leaves=31
num_cat=0
split_feature=95 58 333 286 253 509 208 440 58 104 265 596 545 52 510 49 402 222 177 389 486 572 507 565 328 572 35 96 287 328
split_gain=12783.7 9855.12 7875.8 6672.98 6363.29 11997.3 5745.33 5394.75 8605.85 4485.82 4301.09 3595.45 4116.96 3629.27 3448.9 3389.7 3234.16 3054.11 3409.34 3787.5 2986.47 3450.56 4463.42 5354.09 7060.31 2807.41 4194.1 2701.22 3859.84 2526.76
threshold=6.5000000000000009 52.000000000000007 8.0000000000000018 16.500000000000004 20.000000000000004 212.50000000000003 13.500000000000002 16.500000000000004 6.5000000000000009 20.000000000000004 13.500000000000002 203.05000305175784 203.05000305175784 35.500000000000007 103.50000000000001 8.0000000000000018 8.0000000000000018 6.5000000000000009 20.000000000000004 13.500000000000002 13.500000000000002 216.75000000000003 193.50000000000003 140.84999847412112 10.500000000000002 142.34999847412112 43.500000000000007 24.500000000000004 8.0000000000000018 13.500000000000002
decision_type=2 2 2 2 2 2 2 2 2 2 2 10 10 2 2 2 2 2 2 2 2 10 2 10 2 10 2 2 2 2
left_child=4 2 17 11 20 9 16 10 -9 -6 -5 12 13 25 -10 -12 -3 -2 -19 -20 -1 22 -22 -24 -25 26 27 -4 -29 -13
right_child=1 6 3 7 5 -7 -8 8 14 -11 15 29 -14 -15 -16 -17 -18 18 19 -21 21 -23 23 24 -26 -27 -28 28 -30 -31
leaf_value=-0.033864866432011885 -0.01589719701213994 -0.0082550047800637443 0.0016525342693724699 0.0021097869977041417 -0.01455379379016262 0.145664744302929 0.14735283509991182 0.16415103164366962 0.088686623733766942 0.058058486942615964 0.12416594880985185 0 0.082133822393402403 0.064754204965788903 0.0025719226413078418 0.027262929983057099 0.086614899935447826 -0.00046746073476836871 0.0049585536939591845 0.093382223054195551 -0.013479736602259294 -0.06560436903059004 0.11207099418598175 -0.052245040887123992 0.076849920104211003 -0.02215236051645644 0.077604216564453599 0.004251484075812946 0.094615650935448686 -0.076587110266250105
leaf_weight=2041 2860 181 2342 711 941 173 201 228 233 288 165 277 233 318 251 218 191 2403 275 232 5559 292 161 253 194 656 251 288 214 187
leaf_count=2041 2860 181 2342 711 941 173 201 228 233 288 165 277 233 318 251 218 191 2403 275 232 5559 292 161 253 194 656 251 288 214 187
internal_value=0.00212276 0.0126757 0.0096432 0.0216947 -0.0116389 0.0201325 0.0779532 0.0480534 0.0825605 0.00244279 0.0255739 0.0117015 0.0162976 0.0125219 0.0440766 0.0690711 0.0403918 -0.00407929 0.00752748 0.0454671 -0.0168821 -0.011512 -0.00894698 0.0324578 0.0037301 0.0080875 0.0145046 0.00892739 0.0428201 -0.0308606
internal_weight=22817 12915 12342 6572 9902 1402 573 1806 712 1229 1094 4766 4302 4069 484 383 372 5770 2910 507 8500 6459 6167 608 447 3751 3095 2844 502 464
internal_count=22817 12915 12342 6572 9902 1402 573 1806 712 1229 1094 4766 4302 4069 484 383 372 5770 2910 507 8500 6459 6167 608 447 3751 3095 2844 502 464
is_linear=0
shrinkage=0.0161


Tree=110
num_leaves=31
num_cat=0
split_feature=273 480 259 516 239 269 236 481 588 542 218 309 516 228 285 185 336 335 358 360 116 66 225 39 27 45 349 486 146 360
split_gain=10218.1 6843.22 6580.25 5748.13 5275.64 5121.97 4883.1 5075.61 6205.47 10939 5891.27 7026.16 5274.84 4778.16 4286.5 4202.19 4117.9 3831.04 3761.66 4599.45 3731.94 3668.93 5764.72 3492.75 3397.3 4696.61 3210.79 3065.65 2973.96 3193.14
threshold=6.5000000000000009 139.50000000000003 8.0000000000000018 242.50000000000003 35.500000000000007 16.500000000000004 6.5000000000000009 61.500000000000007 196.25000000000003 215.15000152587893 24.500000000000004 13.500000000000002 157.50000000000003 6.5000000000000009 13.500000000000002 6.5000000000000009 16.500000000000004 16.500000000000004 5.5000000000000009 13.500000000000002 13.500000000000002 5.5000000000000009 6.5000000000000009 6.5000000000000009 8.0000000000000018 35.500000000000007 24.500000000000004 70.500000000000014 13.500000000000002 16.500000000000004
decision_type=2 2 2 2 2 2 2 2 10 10 2 2 2 2 2 2 2 2 2 2 2 2 2 2 2 2 2 2 2 2
left_child=1 24 26 5 6 -4 13 -8 9 10 12 -12 21 -2 -10 -6 18 -17 19 -15 -16 22 -9 -18 -1 -26 -3 -25 -23 -30
right_child=4 2 3 -5 15 -7 7 8 14 -11 11 -13 -14 16 20 17 23 -19 -20 -21 -22 28 -24 27 25 -27 -28 -29 29 -31
leaf_value=-0.025570605024188082 -0.018580254414753916 -0.0233506049979375 0.003603088747283181 0.1205003533856891 -0.0049614346265320838 0.093561380056196797 -0.0021976674256085956 0.011933155338111739 -0.041833232557900599 0.14338342306310503 0.029221809663798611 0.1613391407919155 -0.01358663597363139 0.0041019411562597842 0.089779923849878304 0.037294056744565443 -0.014043208623361369 0.11491024759949271 -0.018565589064521649 0.093520383938146212 -0.011956755005861337 0.0044133705013503794 0.13544979151322459 0.11769969911778938 -0.010091679715334199 0.060487641315500218 0.053447849147036777 0.03511929476071235 0.022093876490670947 0.11393405510268702
leaf_weight=4838 2587 970 675 203 279 217 2046 178 469 244 244 183 772 564 161 404 176 280 1110 203 222 756 219 201 3444 263 165 280 251 162
leaf_count=4838 2587 970 675 203 279 217 2046 178 469 244 244 183 772 564 161 404 176 280 1110 203 222 756 219 201 3444 263 165 280 251 162
internal_value=0.00125004 -0.0101273 0.0149831 0.0431448 0.0114756 0.0255139 0.0083173 0.018293 0.0291575 0.04002 0.03089 0.0858986 0.0208335 -0.00318498 -0.00917796 0.0476193 0.012523 0.0691012 0.000367783 0.0277988 0.0307484 0.0378168 0.0801288 0.0472138 -0.0166832 -0.00507795 -0.0121653 0.0696769 0.0234273 0.0581753
internal_weight=22766 10775 2230 1095 11991 892 11028 5907 3861 3009 2765 427 2338 5121 852 963 2534 684 1877 767 383 1566 397 657 8545 3707 1135 481 1169 413
internal_count=22766 10775 2230 1095 11991 892 11028 5907 3861 3009 2765 427 2338 5121 852 963 2534 684 1877 767 383 1566 397 657 8545 3707 1135 481 1169 413
is_linear=0
shrinkage=0.0161


Tree=111
num_leaves=31
num_cat=0
split_feature=156 509 534 59 216 484 463 328 526 485 488 508 39 454 386 580 237 212 234 266 431 153 132 57 296 118 180 393 179 389
split_gain=13938.3 9105.41 9601.62 7312.37 7742.02 5611.58 5057.47 5570.23 4610.99 7440.46 4791.15 7966.76 4608.3 5593.62 5410.25 6066.06 4419.07 3977.77 5269.89 3356.06 3172.83 3085.19 4132.57 3262.31 4656.74 4384.9 5139.63 3086.41 2812.02 2798.51
threshold=5.5000000000000009 244.50000000000003 241.50000000000003 29.500000000000004 13.500000000000002 23.500000000000004 8.0000000000000018 10.500000000000002 49.500000000000007 115.50000000000001 288.50000000000006 217.50000000000003 8.0000000000000018 5.5000000000000009 16.500000000000004 85.950000762939467 43.500000000000007 29.500000000000004 8.0000000000000018 8.0000000000000018 10.500000000000002 2.5000000000000004 20.000000000000004 6.5000000000000009 4.5000000000000009 10.500000000000002 8.0000000000000018 8.0000000000000018 2.5000000000000004 20.000000000000004
decision_type=2 2 2 2 2 2 2 2 2 2 2 2 2 2 2 10 2 2 2 2 2 2 2 2 2 2 2 2 2 2
left_child=1 17 -3 5 29 -2 -6 -8 9 12 16 -12 -7 -14 15 20 19 28 -19 -10 -15 -21 23 24 -23 26 -26 -25 -1 -5
right_child=3 2 -4 4 6 8 7 -9 10 -11 11 -13 13 14 -16 -17 -18 18 -20 21 -22 22 -24 27 25 -27 -28 -29 -30 -31
leaf_value=-0.041879344049215013 -0.012856350707348144 0.12989192885756434 -0.031691373662577953 -0.006814858845045655 0.033479551477410559 -0.00015650557108030184 0.055814333809774568 0.17077145107647126 -0.010455472449167631 0.13918286007428574 -0.017090232674496844 0.12943648613520081 -0.012118955904820507 0.114412326176181 0.0075663972241193731 0.18380241039651393 0.064338418829005192 -0.014791735101288658 0.098690020285800803 0.069003273344395169 0.016249560059168514 -0.0054002906473901375 -0.025229605253928634 -0.023903531258625588 0.16509255700935224 0.007661095525447496 0.045274843723976721 0.023133952026094175 -0.015862980667463531 0.059668012986501838
leaf_weight=1274 2738 227 164 636 337 935 208 232 3196 162 177 210 277 166 228 161 302 271 174 234 177 324 727 606 180 188 193 896 7019 221
leaf_count=1274 2738 227 164 636 337 935 208 232 3196 162 177 210 277 166 228 161 302 271 174 234 177 324 727 606 180 188 193 896 7019 221
internal_value=0.00147136 -0.0139411 0.0620577 0.011735 0.0437028 0.0074078 0.0805123 0.116482 0.0133513 0.0343197 0.00724283 0.0623596 0.025569 0.0494312 0.0727549 0.102198 0.00412367 -0.0173445 0.029528 0.00134122 0.0638255 0.0126094 0.00836412 0.0186055 0.0431286 0.071198 0.103159 0.00414044 -0.0198625 0.010302
internal_weight=22840 9129 391 13711 1634 12077 777 440 9339 2106 7233 387 1944 1009 732 504 6846 8738 445 6544 343 3348 3114 2387 885 561 373 1502 8293 857
internal_count=22840 9129 391 13711 1634 12077 777 440 9339 2106 7233 387 1944 1009 732 504 6846 8738 445 6544 343 3348 3114 2387 885 561 373 1502 8293 857
is_linear=0
shrinkage=0.0161


Tree=112
num_leaves=31
num_cat=0
split_feature=286 563 488 306 460 422 90 127 414 374 206 239 472 34 385 29 416 199 479 96 132 47 287 292 449 155 235 532 466 415
split_gain=9860.22 11433.4 12569 5240.98 4464.99 5185.06 6825.38 5065.42 4618.23 4249.56 4599.67 3852.89 3740.45 3380.2 3807.7 9283.04 3231.22 3009.95 2918.67 2841.23 4129.68 2829.05 4031.47 5636.24 2626.06 2471.69 2622.74 3069.23 2467.8 2367.65
threshold=10.500000000000002 240.75000000000003 219.50000000000003 4.5000000000000009 3.5000000000000004 10.500000000000002 2.5000000000000004 16.500000000000004 24.500000000000004 61.500000000000007 52.000000000000007 24.500000000000004 16.500000000000004 5.5000000000000009 20.000000000000004 6.5000000000000009 24.500000000000004 16.500000000000004 4.5000000000000009 10.500000000000002 10.500000000000002 20.000000000000004 10.500000000000002 6.5000000000000009 3.5000000000000004 4.5000000000000009 29.500000000000004 80.500000000000014 29.500000000000004 20.000000000000004
decision_type=2 10 2 2 2 2 2 2 2 2 2 2 2 2 2 2 2 2 2 2 2 2 2 2 2 2 2 2 2 2
left_child=3 4 -3 18 29 13 -7 21 12 10 11 24 17 -6 -15 -16 19 -9 -1 -13 -21 22 -8 -24 -5 -26 28 -28 -27 -2
right_child=1 2 -4 9 5 6 7 8 -10 -11 -12 16 -14 14 15 -17 -18 -19 -20 20 -22 -23 23 -25 25 26 27 -29 -30 -31
leaf_value=-0.037878780514065985 -0.030117422743267012 0.0083423489459989487 0.2075300902867579 -0.026831068791774923 -0.019837114823456493 0.13071342038396833 0.00030784609107490084 -0.017742111932494836 0.13069952665734033 0.067267996919980949 0.065110066460232763 -0.017091851437227738 0.099623794796111706 0.0035117992122540415 0.1513559396393836 0.002254082262691122 0.079894682434980505 0.067076624269177654 -0.012060869516946175 0.086046386779551023 -0.017811962486520172 -0.012863773580092153 -0.0067124496652284406 0.10492047791893347 -0.019464101972223934 -0.0038341874509823246 -0.0072817868944023891 0.082207927750104853 0.058727951760604372 0.028633033154780069
leaf_weight=1813 938 166 163 1621 1181 169 639 290 180 229 251 465 185 2010 166 312 214 173 3046 230 174 776 191 302 1912 4219 181 219 170 219
leaf_count=1813 938 166 163 1621 1181 169 639 290 180 229 251 465 185 2010 166 312 214 173 3046 230 174 776 191 302 1912 4219 181 219 170 219
internal_value=-0.000178983 0.0141387 0.1071 -0.00800751 0.0101796 0.0153145 0.0313843 0.0252402 0.0585011 -0.00127506 -0.00290306 -0.00472069 0.0384096 0.00258462 0.0132372 0.0540835 0.023839 0.0138996 -0.0216989 0.0100076 0.0412571 0.0107939 0.0270323 0.0616235 -0.00844018 -0.00398784 0.00218612 0.041655 -0.00140559 -0.0189766
internal_weight=22804 8060 329 14744 7731 6574 2905 2736 828 9885 9656 9405 648 3669 2488 478 1083 463 4859 869 404 1908 1132 493 8322 6701 4789 400 4389 1157
internal_count=22804 8060 329 14744 7731 6574 2905 2736 828 9885 9656 9405 648 3669 2488 478 1083 463 4859 869 404 1908 1132 493 8322 6701 4789 400 4389 1157
is_linear=0
shrinkage=0.0161


Tree=113
num_leaves=31
num_cat=0
split_feature=419 461 481 560 176 156 138 217 524 550 151 3 148 98 413 471 586 248 132 85 572 157 127 505 502 192 418 537 531 409
split_gain=10967.3 7308.29 6902.37 7482.6 5301.32 5259.88 4210.21 3758.38 3819.38 3747.12 5132.35 4072.96 3682.89 3691.39 3923.01 3668.78 3422.1 3273.6 3227.92 3203.36 3305.53 3190.46 3198.29 3115.05 3772.76 5482.58 3402.21 3070.45 2905.9 2866.53
threshold=10.500000000000002 5.5000000000000009 290.50000000000006 247.34999847412112 24.500000000000004 4.5000000000000009 16.500000000000004 3.5000000000000004 251.50000000000003 89.549999237060561 6.5000000000000009 13.500000000000002 24.500000000000004 4.5000000000000009 4.5000000000000009 10.500000000000002 209.25000000000003 10.500000000000002 16.500000000000004 24.500000000000004 264.34999084472662 16.500000000000004 16.500000000000004 154.50000000000003 135.50000000000003 6.5000000000000009 61.500000000000007 191.50000000000003 140.50000000000003 3.5000000000000004
decision_type=2 2 2 10 2 2 2 2 2 10 2 2 2 2 2 2 10 2 2 2 8 2 2 2 2 2 2 2 2 2
left_child=1 21 3 4 7 -3 17 -2 16 15 -11 -12 13 -8 -15 -6 23 18 27 20 29 -1 -23 24 26 -26 -9 -7 -25 -19
right_child=2 5 -4 -5 9 6 12 8 -10 10 11 -13 -14 14 -16 -17 -18 19 -20 -21 -22 22 -24 28 25 -27 -28 -29 -30 -31
leaf_value=-0.028172772688451017 -0.021507560317064724 -0.01753506533161462 0.094455220441368573 0.1141243918772724 -0.02761050117443974 -0.0070409813993590172 0.10097308005298425 0.0077554868149580071 -0.047994770829238892 -0.014393737301576965 0.12986065513417483 0.046456520412369959 -0.027493550045665772 0.091420155449119161 0.013828402742887547 0.058802144316374753 0.083980474180546605 0.054920299029737572 -0.042071240025710173 0.066549642146792168 0.057808699057518127 -0.010558232788436109 0.064688866860679164 0.027709725425340219 0.11986179566594632 0.0099129282680783005 0.080311738205336838 0.050757500161589891 -0.034025434590149083 -0.012515834514647765
leaf_weight=4484 1187 2718 276 184 321 1971 238 3520 279 177 276 340 220 215 793 211 171 193 601 302 294 687 186 281 214 262 176 271 664 1064
leaf_count=4484 1187 2718 276 184 321 1971 238 3520 279 177 276 340 220 215 793 211 171 193 601 302 294 687 186 281 214 262 176 271 664 1064
internal_value=0.000813319 -0.00783788 0.0152401 0.0125914 0.010276 0.001119 0.00935095 0.00449557 0.0100442 0.0397233 0.061903 0.0838641 0.0331704 0.0439004 0.0304016 0.00661794 0.0131108 0.00190997 -0.00893679 0.0185645 0.00920601 -0.0226896 0.00544683 0.0107379 0.0167192 0.0593932 0.0112169 -4.4137e-05 -0.0156433 -0.00214295
internal_weight=22776 14237 8539 8263 8079 8880 6162 6754 5567 1325 793 616 1466 1246 1008 532 5288 4696 2843 1853 1551 5357 873 5117 4172 476 3696 2242 945 1257
internal_count=22776 14237 8539 8263 8079 8880 6162 6754 5567 1325 793 616 1466 1246 1008 532 5288 4696 2843 1853 1551 5357 873 5117 4172 476 3696 2242 945 1257
is_linear=0
shrinkage=0.0161


Tree=114
num_leaves=31
num_cat=0
split_feature=419 480 140 430 226 453 566 399 276 377 328 136 268 419 598 176 158 93 593 303 66 357 462 378 64 170 480 137 511 45
split_gain=11787 6987.6 9277.12 9546.72 6987.35 5710.52 4874.44 6197.93 4014.55 3731.98 5062.64 4308.39 3607.11 4236.89 7033.58 4468.07 3543.68 3370.85 5577.1 2986.28 2865.52 4167.13 2733.46 4026.81 2717.8 3462.8 2985.52 5360.23 6417.94 3240.33
threshold=10.500000000000002 235.50000000000003 6.5000000000000009 13.500000000000002 8.0000000000000018 13.500000000000002 221.94999694824222 10.500000000000002 8.0000000000000018 43.500000000000007 8.0000000000000018 35.500000000000007 29.500000000000004 35.500000000000007 97.549999237060561 24.500000000000004 2.5000000000000004 29.500000000000004 105.54999923706056 6.5000000000000009 10.500000000000002 8.0000000000000018 6.5000000000000009 35.500000000000007 20.000000000000004 4.5000000000000009 135.50000000000003 16.500000000000004 167.50000000000003 29.500000000000004
decision_type=2 2 2 2 2 2 10 2 2 2 2 2 2 2 10 2 2 2 10 2 2 2 2 2 2 2 2 2 2 2
left_child=4 5 -3 -4 16 24 9 -8 -7 11 -11 17 13 15 -15 20 -1 -6 -19 -13 21 -10 -18 -24 25 -2 29 28 -28 -27
right_child=1 2 3 -5 6 8 7 -9 12 10 -12 19 -14 14 -16 -17 22 18 -20 -21 -22 -23 23 -25 -26 26 27 -29 -30 -31
leaf_value=-0.039911969191212072 -0.016670271766571289 -0.010691467583296267 0.048709225772355848 0.19957522042410739 -0.0097411301948153659 0.0082877386226104365 0.13299367892907149 -0.0057023542877907155 0.0020910727671293438 -0.006782847916462516 0.11557172586292684 0.0062478422746946177 -0.012363829025491966 0.15473073531808162 0.018967805690429336 0.11444652682444906 -0.022255704860537892 0.09777784037205986 -0.023897644283455564 0.10298299659721387 0.0015357929829439441 0.10929002870436148 -0.0066178968847213837 0.06569246457165212 -0.023208049169634277 -0.001224400321831633 0.073893205026401357 0.1181286580222491 -0.038566601823665177 0.065771477044484369
leaf_weight=1402 1129 270 276 180 3902 1433 174 160 179 177 173 165 248 238 170 167 3534 205 186 167 578 199 3694 211 989 1649 267 191 259 211
leaf_count=1402 1129 270 276 180 3902 1433 174 160 179 177 173 165 248 238 170 167 3534 205 186 167 578 199 3694 211 989 1649 267 191 259 211
internal_value=0.00138674 0.0162134 0.0640229 0.108313 -0.00765746 0.0118207 0.00693926 0.066482 0.0283629 0.00293709 0.053628 -0.000893896 0.0445203 0.0537501 0.0982205 0.0375725 -0.0164254 -0.00522022 0.0398362 0.0549777 0.024119 0.0585888 -0.0119958 -0.0027047 0.000498719 0.00683157 0.017137 0.0450534 0.0184738 0.00636302
internal_weight=22783 8633 726 456 14150 7907 5309 334 3212 4975 350 4625 1779 1531 408 1123 8841 4293 391 332 956 378 7439 3905 4695 3706 2577 717 526 1860
internal_count=22783 8633 726 456 14150 7907 5309 334 3212 4975 350 4625 1779 1531 408 1123 8841 4293 391 332 956 378 7439 3905 4695 3706 2577 717 526 1860
is_linear=0
shrinkage=0.0161


Tree=115
num_leaves=31
num_cat=0
split_feature=155 59 166 552 94 342 479 276 227 567 531 34 557 338 242 508 138 60 178 479 503 416 157 37 132 249 269 346 186 581
split_gain=11154.8 7251.23 6132.23 5533.37 4994.48 5115.29 4821.3 4111.96 4066.07 3793.95 5383.4 4441.96 4943.27 6155.1 3616.15 6206.82 4267.25 4533.23 3388.04 3310.54 3118.44 3059.59 2999.52 4115.24 3256.58 3891.14 4403.23 2646.62 4069.37 3095.17
threshold=6.5000000000000009 29.500000000000004 13.500000000000002 247.34999847412112 43.500000000000007 8.0000000000000018 20.000000000000004 10.500000000000002 10.500000000000002 221.94999694824222 153.50000000000003 5.5000000000000009 228.75000000000003 8.0000000000000018 8.0000000000000018 211.50000000000003 10.500000000000002 10.500000000000002 3.5000000000000004 29.500000000000004 252.50000000000003 3.5000000000000004 6.5000000000000009 52.000000000000007 16.500000000000004 4.5000000000000009 20.000000000000004 5.5000000000000009 13.500000000000002 125.85000228881837
decision_type=2 2 2 10 2 2 2 2 2 10 2 2 8 2 2 2 2 2 2 2 2 2 2 2 2 2 2 2 2 8
left_child=2 3 20 8 5 -3 -7 -8 18 10 11 -10 19 -14 -4 16 -16 -18 -2 21 -1 -13 -20 24 25 -24 27 -27 29 -29
right_child=1 4 14 -5 -6 6 7 -9 9 -11 -12 12 13 -15 15 -17 17 -19 22 -21 -22 -23 23 -25 -26 26 -28 28 -30 -31
leaf_value=-0.020289634132905954 -0.026154960844930849 0.00025222396594546303 -0.0078476337984480244 0.073514392515056606 0.12496983123805898 0.018976933482938097 0.045910333252592521 0.15356088119392136 -0.013787385384773913 0.076922500776722802 -0.021401171697686801 0.076159853413407044 0.023473034676410199 0.15042431711333376 -0.015940019482933086 0.12287730817297624 0.096936051009983412 0.0051701877423400633 -0.012283935375389559 0.084538561366221676 0.03378049321663374 0.0050516753838526348 -0.019370770074230163 -0.058059489051518844 -0.011645373599820978 0.0035247614494084995 0.10085391645679392 0.067242116864659321 0.10547101815549206 -0.016642588798831466
leaf_weight=8052 1386 641 1487 306 174 338 174 197 595 258 882 181 198 199 557 160 256 308 2059 201 286 1183 343 194 670 600 261 212 228 246
leaf_count=8052 1386 641 1487 306 174 338 174 197 595 258 882 181 198 199 557 160 256 308 2059 201 286 1183 343 194 670 600 261 212 228 246
internal_value=2.403e-05 0.0109769 -0.0115382 0.00608091 0.0437367 0.0332492 0.0630482 0.103136 0.00399338 0.017358 0.0128826 0.0247175 0.0364065 0.0871679 0.0092198 0.0290502 0.0156373 0.0468645 -0.00397333 0.0235146 -0.0184322 0.0145048 0.00240942 0.0134033 0.018828 0.0296432 0.0405258 0.0282636 0.0498668 0.0221347
internal_weight=22832 11726 11106 10202 1524 1350 709 371 9896 3697 3439 2557 1962 397 2768 1281 1121 564 6199 1565 8338 1364 4813 2754 2560 1890 1547 1286 686 458
internal_count=22832 11726 11106 10202 1524 1350 709 371 9896 3697 3439 2557 1962 397 2768 1281 1121 564 6199 1565 8338 1364 4813 2754 2560 1890 1547 1286 686 458
is_linear=0
shrinkage=0.0161


Tree=116
num_leaves=31
num_cat=0
split_feature=215 563 419 218 68 307 133 437 487 175 586 399 494 533 531 114 588 516 425 539 570 375 502 90 499 213 215 493 548 310
split_gain=9539.21 7153.14 6239.38 6188.73 4459.87 4087.49 4012.06 8628.2 8233.44 3931.24 3808.05 3587.27 3548.23 3664.72 4113.09 3643.59 4050.11 8304.56 4907.85 4044.75 4987.66 3940.15 3510.55 3259.82 2906.88 2656.95 2598.81 3655.74 3749.66 3006.56
threshold=8.0000000000000018 152.44999694824222 61.500000000000007 10.500000000000002 52.000000000000007 3.5000000000000004 8.0000000000000018 24.500000000000004 129.50000000000003 6.5000000000000009 135.15000152587893 3.5000000000000004 7.5000000000000009 290.50000000000006 257.50000000000006 20.000000000000004 144.05000305175784 70.500000000000014 8.0000000000000018 103.50000000000001 240.75000000000003 24.500000000000004 52.500000000000007 35.500000000000007 171.50000000000003 4.5000000000000009 16.500000000000004 85.500000000000014 96.450000762939467 20.000000000000004
decision_type=2 8 2 2 2 2 2 2 2 2 8 2 2 2 2 2 10 2 2 2 10 2 2 2 2 2 2 2 10 2
left_child=1 9 5 -4 6 -2 10 11 -9 -1 -3 -8 -7 14 15 19 17 -17 -19 21 -21 26 -23 25 -18 -11 29 28 -28 -14
right_child=2 4 3 -5 -6 12 7 8 -10 23 -12 -13 13 -15 -16 16 24 18 -20 20 -22 22 -24 -25 -26 -27 27 -29 -30 -31
leaf_value=-0.027128293701567791 -0.018454368374029455 0.065289387461113318 0.012613741840367877 0.14977132245432728 0.087407121406923333 -0.02446914621332533 0.062872108691328921 0.0038612723402740657 0.15715983553197155 -0.028047467273436075 -0.014692894320524473 -0.0042012295560755501 0.0094379634526750439 -0.039716609302682483 0.080163534541305675 0.012263232249939353 -0.043925118441917439 0.043546413596989006 0.14514948695918445 -0.012284271218450445 0.078851419700326594 0.022781693435778284 0.11594219091932456 0.053290572815514733 0.034708186165260037 0.0011876788329340485 0.030965017264534187 0.077817938229619604 -0.053173334055915587 -0.060719823483663393
leaf_weight=4797 1143 165 174 168 173 572 241 160 211 1236 2363 1449 1064 282 278 534 214 211 299 2113 168 214 207 232 283 2311 729 330 169 186
leaf_count=4797 1143 165 174 168 173 572 241 160 211 1236 2363 1449 1064 282 278 534 214 211 299 2113 168 214 207 232 283 2311 729 330 169 186
internal_value=7.07932e-05 -0.00866553 0.0125519 0.0800582 0.00715352 0.0099829 0.00412292 0.020799 0.0911107 -0.0174521 -0.00946322 0.00534974 0.0141249 0.0171601 0.0194552 0.0169406 0.0386801 0.0566893 0.10316 0.0104687 -0.00556164 0.0230899 0.0686434 -0.00516313 0.000802625 -0.00899307 0.0153411 0.0319765 0.0151043 -0.000982686
internal_weight=22676 13338 9338 342 4762 8996 4589 2061 371 8576 2528 1690 7853 7281 6999 6721 1541 1044 510 5180 2281 2899 421 3779 497 3547 2478 1228 898 1250
internal_count=22676 13338 9338 342 4762 8996 4589 2061 371 8576 2528 1690 7853 7281 6999 6721 1541 1044 510 5180 2281 2899 421 3779 497 3547 2478 1228 898 1250
is_linear=0
shrinkage=0.0161


Tree=117
num_leaves=31
num_cat=0
split_feature=543 529 156 57 551 100 288 479 513 334 485 238 223 301 148 494 492 259 596 292 155 478 521 380 344 239 231 157 438 72
split_gain=8741.25 14612 8293.74 7148.9 5720.16 4739.7 4066.14 4923.66 3998.58 5641.78 3898.44 3881.32 4551.05 3823.32 5308.6 3416.75 6374.29 4136.4 3661.2 3266.97 3177.84 3039.86 2888.23 2805.27 2745.68 3354.41 2709.41 2676.15 2664.48 2647.01
threshold=210.94999694824222 122.50000000000001 5.5000000000000009 20.000000000000004 260.05000305175787 10.500000000000002 5.5000000000000009 29.500000000000004 191.50000000000003 8.0000000000000018 242.50000000000003 24.500000000000004 16.500000000000004 20.000000000000004 8.0000000000000018 152.50000000000003 90.500000000000014 24.500000000000004 132.44999694824222 35.500000000000007 6.5000000000000009 35.500000000000007 147.50000000000003 20.000000000000004 13.500000000000002 16.500000000000004 29.500000000000004 4.5000000000000009 8.0000000000000018 24.500000000000004
decision_type=10 2 2 2 8 2 2 2 2 2 2 2 2 2 2 2 2 2 8 2 2 2 2 2 2 2 2 2 2 2
left_child=2 -2 10 4 23 -5 19 15 9 -9 11 26 -13 14 -11 16 22 18 20 21 -18 -4 29 -3 25 -17 -1 -28 -22 -8
right_child=1 3 6 5 -6 -7 7 8 -10 13 -12 12 -14 -15 -16 24 17 -19 -20 -21 28 -23 -24 -25 -26 -27 27 -29 -30 -31
leaf_value=-0.02159464275031368 0.17767778464588585 -0.036741961485462681 -0.013250321046445692 0.14747386765450854 0.081456141583771902 0.026039146653027721 0.0057415742410935836 0 -0.025392508013082179 0.055943997761522896 0.064124911942658416 -0.0018481075387774518 0.094209087359802227 0.021770000075580071 0.16713404170844476 -0.012518232162882191 0.011467502568651563 0.10242061561628742 0.0090470564196112012 0.049435577638798543 0.048219258681062839 0.041185225698709547 0.069164425647593925 0.033807601941538125 -0.038449535532551794 0.053784869499321347 -0.028054246027967723 0.049706057058303346 0.14128976604822038 -0.032901123723774441
leaf_weight=7310 172 618 3937 160 175 175 3018 292 176 227 161 578 164 175 220 797 188 245 811 258 160 285 163 191 633 263 193 282 161 542
leaf_count=7310 172 618 3937 160 175 175 3018 292 176 227 161 578 164 175 220 797 188 245 811 258 160 285 163 191 633 263 193 282 161 542
internal_value=0.000404622 0.0380881 -0.00223969 0.0198675 -0.00197905 0.0841081 0.00612956 0.0129579 0.0447863 0.0583257 -0.0143329 -0.0158171 0.0193511 0.0857325 0.110721 0.00798486 0.0143601 0.0416249 0.030323 -0.0061668 0.0641762 -0.00957015 0.00289268 -0.0200565 -0.0119139 0.00391024 -0.019172 0.0180613 0.0949728 -0.000135057
internal_weight=22730 1491 21239 1319 984 335 12551 8071 1090 914 8688 8527 742 622 447 6981 5288 1565 1320 4480 509 4222 3723 809 1693 1060 7785 475 321 3560
internal_count=22730 1491 21239 1319 984 335 12551 8071 1090 914 8688 8527 742 622 447 6981 5288 1565 1320 4480 509 4222 3723 809 1693 1060 7785 475 321 3560
is_linear=0
shrinkage=0.0161


Tree=118
num_leaves=31
num_cat=0
split_feature=94 560 194 225 539 93 59 16 338 390 272 396 536 423 528 553 235 475 291 475 183 59 25 574 599 215 73 213 512 496
split_gain=9919.76 6748.75 6344.61 5495.6 5319.3 6414.97 5149.38 5115.63 4980.55 4857.7 4178.48 4501.96 5294.29 4167.64 3882.88 5307.04 3658.73 3431.59 3282.96 3266.75 3062.5 2852.41 2850.61 2684.12 3243.92 2677.34 2550.65 2535.46 4616.11 2597.66
threshold=13.500000000000002 247.34999847412112 8.0000000000000018 6.5000000000000009 83.500000000000014 24.500000000000004 29.500000000000004 52.000000000000007 24.500000000000004 5.5000000000000009 3.5000000000000004 20.000000000000004 96.500000000000014 16.500000000000004 125.50000000000001 94.250000000000014 13.500000000000002 8.0000000000000018 5.5000000000000009 35.500000000000007 29.500000000000004 20.000000000000004 13.500000000000002 201.75000000000003 179.15000152587893 5.5000000000000009 3.5000000000000004 43.500000000000007 101.50000000000001 242.50000000000003
decision_type=2 10 2 2 2 2 2 2 2 2 2 2 2 2 2 10 2 2 2 2 2 2 2 10 10 2 2 2 2 2
left_child=2 6 9 21 26 10 7 16 14 -1 -6 12 -12 -14 15 -8 27 22 -11 23 -19 -4 -18 24 -20 -23 -5 29 -29 -2
right_child=1 -3 3 4 5 -7 8 -9 -10 18 11 -13 13 -15 -16 -17 17 20 19 -21 -22 25 -24 -25 -26 -27 -28 28 -30 -31
leaf_value=-0.028599743630624123 -0.0051480587890530803 0.10381384761746776 -0.018163776984976603 0.053368814449816303 -0.039404880311981347 0.11675984681228764 0.010159954583277651 0.074670470349397708 0.11463556834130149 -0.020386500296279687 0.1340235770948823 -0.018944608231127688 0.01560694711635455 0.095800990040637302 -0.022819978172279015 0.11124867307108324 0.027299048503552203 0.0026501214534715187 -0.00025222708220260317 0.061800683200397125 0.074607008207484921 -0.021216472316761062 0.11846796385763597 -0.050642261236864466 0.063687989909168019 0.059104156496487488 -0.011339857921394967 0.097622475282414703 -0.022179109148651021 -0.068020637507201082
leaf_weight=4078 3562 218 2281 181 213 237 326 278 217 2226 174 288 642 228 265 230 202 1196 2505 243 176 181 160 245 224 264 1235 168 165 179
leaf_count=4078 3562 218 2281 181 213 237 326 278 217 2226 174 288 642 228 265 230 202 1196 2505 243 176 181 160 245 224 264 1235 168 165 179
internal_value=0.000150782 0.0155588 -0.00717214 0.00590681 0.0202263 0.0387367 0.0128549 0.00719735 0.0460034 -0.0153124 0.0267528 0.0373498 0.0529018 0.0366504 0.0278344 0.0520196 0.0039637 0.0235526 -0.0053529 0.00504226 0.0118979 -0.0108834 0.0676597 0.000396723 0.00498745 0.0263815 -0.00305186 -0.00436809 0.0381906 -0.00816269
internal_weight=22787 7342 15445 5924 3198 1782 7124 6086 1038 9521 1545 1332 1044 870 821 556 5808 1734 5443 3217 1372 2726 362 2974 2729 445 1416 4074 333 3741
internal_count=22787 7342 15445 5924 3198 1782 7124 6086 1038 9521 1545 1332 1044 870 821 556 5808 1734 5443 3217 1372 2726 362 2974 2729 445 1416 4074 333 3741
is_linear=0
shrinkage=0.0161


Tree=119
num_leaves=31
num_cat=0
split_feature=419 155 358 463 426 220 110 154 319 119 398 180 84 382 573 453 479 66 547 306 563 506 557 434 421 4 374 450 520 482
split_gain=9539.62 6459.27 5964.72 8082.78 6479.88 4548.46 4238.43 4121.81 3825.25 4347.84 3939.86 4258.32 3611.7 5376.61 3712.23 3313.57 4242.67 3321.57 3276.05 3257.07 3173.1 4593.5 3598.45 3811.18 3121.6 3036.01 3006.4 3537.43 3951.99 5626.25
threshold=10.500000000000002 20.000000000000004 52.000000000000007 6.5000000000000009 13.500000000000002 3.5000000000000004 61.500000000000007 8.0000000000000018 24.500000000000004 3.5000000000000004 16.500000000000004 13.500000000000002 8.0000000000000018 8.0000000000000018 196.25000000000003 13.500000000000002 61.500000000000007 8.0000000000000018 233.25000000000003 13.500000000000002 71.250000000000014 92.500000000000014 103.85000228881837 10.500000000000002 8.0000000000000018 4.5000000000000009 5.5000000000000009 6.5000000000000009 163.50000000000003 185.50000000000003
decision_type=2 2 2 2 2 2 2 2 2 2 2 2 2 2 8 2 2 2 10 2 8 2 10 2 2 2 2 2 2 2
left_child=1 5 6 -4 -5 -1 15 25 18 -10 11 -11 13 -9 -14 17 20 19 -7 -2 -17 22 -22 -24 -21 -3 -23 -28 -29 -30
right_child=2 7 3 4 -6 8 -8 12 9 10 -12 -13 14 -15 -16 16 -18 -19 -20 24 21 26 23 -25 -26 -27 27 28 29 -31
leaf_value=-0.03020935477368231 0.0043910542930020212 0.042754309622739059 -0.020306629888581545 0.1697789790824068 0.035221758833471145 -0.013020714879105718 0.073891937453412757 0.024394589907544763 0.079335848639977086 -0.0033201423882792125 -0.051648856731320088 0.088385489199126532 0.038087155667576943 0.12477174109600871 -0.040334030588147531 -0.047392315188948007 0.087386955986712797 -0.015122273741036895 0.047478741445461964 0.0093949897077513674 0.025189901851345394 -0.040354298094939088 0.14307318515601719 0.034858802748841233 0.10859962413205941 -0.029406005921732349 -0.032329877547117608 -0.004419041186949222 0.0017624375449899392 0.13137078028208848
leaf_weight=2993 1967 203 196 200 174 7763 256 336 253 423 242 190 456 236 238 198 225 2297 239 165 1004 372 160 180 165 590 309 361 162 188
leaf_count=2993 1967 203 196 200 174 7763 256 336 253 423 242 190 456 236 238 198 225 2297 239 165 1004 372 160 180 165 590 309 361 162 188
internal_value=-0.000384581 -0.0085016 0.013012 0.0633408 0.10724 -0.0129875 0.00942721 0.0178553 -0.00732679 0.0207024 0.00332483 0.0250657 0.0358882 0.0658501 0.0111595 0.00729558 0.019989 -0.00142772 -0.0112108 0.0122566 0.0148124 0.0193226 0.0405536 0.0858524 0.0590686 -0.010904 -0.00115933 0.0131122 0.0328944 0.0714479
internal_weight=22741 14162 8579 570 374 12103 8009 2059 9110 1108 855 613 1266 572 694 7753 3159 4594 8002 2297 2934 2736 1344 340 330 793 1392 1020 711 350
internal_count=22741 14162 8579 570 374 12103 8009 2059 9110 1108 855 613 1266 572 694 7753 3159 4594 8002 2297 2934 2736 1344 340 330 793 1392 1020 711 350
is_linear=0
shrinkage=0.0161


Tree=120
num_leaves=31
num_cat=0
split_feature=454 419 57 503 335 294 460 157 158 67 581 159 2 180 42 113 505 340 529 524 478 155 443 578 380 249 163 198 68 94
split_gain=10049.3 8516.26 6525.58 5152.4 4740.79 4510.61 4186.62 4064.39 4473.88 3946.13 3797.21 3770.82 5138.81 6798.86 3456.29 3381.28 3265.36 3105.05 3101.43 4482.92 4267.56 3047.36 3011.59 2984.84 2952.99 4043.58 3549.68 5223.33 3892.43 3567.36
threshold=5.5000000000000009 13.500000000000002 20.000000000000004 231.50000000000003 6.5000000000000009 3.5000000000000004 3.5000000000000004 16.500000000000004 24.500000000000004 29.500000000000004 92.149997711181655 6.5000000000000009 5.5000000000000009 5.5000000000000009 24.500000000000004 1.0000000180025095e-35 141.50000000000003 3.5000000000000004 194.50000000000003 142.50000000000003 29.500000000000004 29.500000000000004 10.500000000000002 188.65000152587893 6.5000000000000009 8.0000000000000018 16.500000000000004 20.000000000000004 6.5000000000000009 10.500000000000002
decision_type=2 2 2 2 2 2 2 2 2 2 10 2 2 2 2 2 2 2 2 2 2 2 2 10 2 2 2 2 2 2
left_child=5 15 4 18 -3 -1 -7 9 16 21 -8 -12 13 -13 23 -2 22 -17 19 20 -4 -6 -9 -14 -19 -26 27 28 -27 -30
right_child=1 2 3 -5 7 6 10 8 -10 -11 11 12 14 -15 -16 17 -18 24 -20 -21 -22 -23 -24 -25 25 26 -28 -29 29 -31
leaf_value=-0.03639225747964888 -0.043292865180921507 -0.012925870440442577 0.011530738967917648 0.1383902364355864 0.013321419789084049 -0.034477478029700449 -0.014455786630621255 0.017256937581419097 0.12625185852189907 -0.045622958483917543 -0.010263026474745278 0.0087216879764697823 0.014714587565589228 0.14969220199707042 0.071153077964126191 -0.018490258776597174 -0.019609814336654194 -0.0062091206506896925 -0.022389546661200837 0.11471981819877185 0.085473585096361965 0.080349327666801557 0.11417739666956914 -0.05946869147179807 -0.0016609390386315599 -0.017893613999650258 -0.0040374709905644625 0.10304741687886747 0.079293114808677873 0.01549346716140316
leaf_weight=1894 471 1225 620 163 1247 1234 2636 172 186 257 962 167 566 190 203 1728 187 3190 167 234 301 205 162 187 2080 345 582 299 430 484
leaf_count=1894 471 1225 620 163 1247 1234 2636 172 186 257 962 167 566 190 203 1728 187 3190 167 234 301 205 162 187 2080 345 582 299 430 484
internal_value=-0.000185745 0.00771273 0.0244711 0.0529203 0.0128614 -0.0146661 -0.00796586 0.0259462 0.0584219 0.0124976 -0.00129943 0.0139343 0.0316809 0.0838139 0.0121882 -0.00122469 0.034161 0.000941051 0.0423642 0.0517473 0.0357222 0.0228009 0.0643367 -0.00367683 0.00547558 0.0143139 0.0298518 0.0425265 0.0281347 0.0455344
internal_weight=22774 14735 5126 1485 3641 8039 6145 2416 707 1709 4911 2275 1313 357 956 9609 521 9138 1322 1155 921 1452 334 753 7410 4220 2140 1558 1259 914
internal_count=22774 14735 5126 1485 3641 8039 6145 2416 707 1709 4911 2275 1313 357 956 9609 521 9138 1322 1155 921 1452 334 753 7410 4220 2140 1558 1259 914
is_linear=0
shrinkage=0.0161


Tree=121
num_leaves=31
num_cat=0
split_feature=226 566 203 333 167 392 153 567 377 298 7 205 350 210 57 180 34 35 208 389 591 142 274 104 108 18 208 327 48 390
split_gain=9427.58 9354.95 7931.13 4948.43 5301.64 7668.95 4942.16 4425.71 3953.27 4400.46 4608.8 3563.91 4582.17 3870.37 3381.63 5189.86 3049.88 2987.27 3327.9 3140.01 2843.89 3487.19 3759.62 4415.58 3965.48 3569.45 2836.48 2720.06 4848.38 2714.85
threshold=10.500000000000002 221.94999694824222 8.0000000000000018 24.500000000000004 10.500000000000002 29.500000000000004 4.5000000000000009 244.44999694824222 8.0000000000000018 16.500000000000004 29.500000000000004 20.000000000000004 8.0000000000000018 8.0000000000000018 35.500000000000007 5.5000000000000009 24.500000000000004 20.000000000000004 16.500000000000004 6.5000000000000009 191.15000152587893 29.500000000000004 13.500000000000002 16.500000000000004 13.500000000000002 35.500000000000007 5.5000000000000009 4.5000000000000009 2.5000000000000004 8.0000000000000018
decision_type=2 10 2 2 2 2 2 10 2 2 2 2 2 2 2 2 2 2 2 2 10 2 2 2 2 2 2 2 2 2
left_child=6 3 -3 17 -5 16 -1 -4 14 20 11 12 13 -11 -8 -16 -6 27 19 26 21 22 25 24 29 -10 -19 -2 -29 -24
right_child=1 2 7 4 5 -7 8 -9 9 10 -12 -13 -14 -15 15 -17 -18 18 -20 -21 -22 -23 23 -25 -26 -27 -28 28 -30 -31
leaf_value=-0.021044005240684272 -0.022528988617325857 0.1493633714463008 0.084919188075681176 -0.0041264728396438076 -0.013064558610670013 0.14509046312833779 -0.014169915108815531 -0.03329939159175381 -0.0099173608376421449 0.018729203142215413 -0.041236235193624134 0.11476780713264095 -0.0049366401037567922 0.11666972205728722 -0.038740653872180932 0.074386384431068722 0.070533356223874646 0.00067675703642134917 0.070473622688757606 -0.018386199555586191 -0.041940466309386595 -0.053414198124827561 0.0756127058374228 -0.019923823190762226 0.12935966728154039 0.060714466465638238 0.089863489042326744 0.083734993328410251 6.9578978230422749e-05 -0.010656916152451764
leaf_weight=5184 1315 231 165 432 220 224 5215 163 1586 193 167 181 380 230 168 280 232 190 317 470 368 237 206 221 172 210 181 190 3271 174
leaf_count=5184 1315 231 165 432 220 224 5215 163 1586 193 167 181 380 230 168 280 232 190 317 470 368 237 206 221 172 210 181 190 3271 174
internal_value=-0.000955846 0.0136783 0.0770784 0.0086422 0.0398769 0.0680322 -0.00828893 0.0260986 -0.00166641 0.0099211 0.0368891 0.0501721 0.0355826 0.0720386 -0.0105203 0.0319112 0.029792 0.00280607 0.0260069 0.00921803 0.000134168 0.00566054 0.0111196 0.0408086 0.0651663 -0.00164552 0.0442518 -0.00281434 0.0046694 0.0360484
internal_weight=22773 7601 559 7042 1108 676 15172 328 9988 4325 1151 984 803 423 5663 448 452 5934 1158 841 3174 2806 2569 773 552 1796 371 4776 3461 380
internal_count=22773 7601 559 7042 1108 676 15172 328 9988 4325 1151 984 803 423 5663 448 452 5934 1158 841 3174 2806 2569 773 552 1796 371 4776 3461 380
is_linear=0
shrinkage=0.0161


Tree=122
num_leaves=31
num_cat=0
split_feature=35 358 436 226 485 460 333 327 430 567 554 497 481 360 4 285 409 469 470 22 576 218 73 378 395 367 569 527 14 156
split_gain=8425.38 7147.19 6380.73 5934.35 4811.48 4435.61 4252.73 4704.44 6085.96 6297.91 7469.18 4018.17 4699.76 3776.59 8659.91 3434.04 3242.6 3926.39 4178.42 3185.77 3535.45 4041.95 3833.24 3870.38 3169.54 2855.88 4041.57 2871.55 2590.89 2528.36
threshold=10.500000000000002 35.500000000000007 10.500000000000002 6.5000000000000009 111.50000000000001 52.000000000000007 8.0000000000000018 13.500000000000002 29.500000000000004 170.05000305175784 118.54999923706056 152.50000000000003 85.500000000000014 13.500000000000002 8.0000000000000018 16.500000000000004 8.0000000000000018 16.500000000000004 13.500000000000002 3.5000000000000004 260.05000305175787 8.0000000000000018 10.500000000000002 10.500000000000002 16.500000000000004 8.0000000000000018 224.44999694824222 84.500000000000014 20.000000000000004 6.5000000000000009
decision_type=2 2 2 2 2 2 2 2 2 8 8 2 2 2 2 2 2 2 2 2 8 2 2 2 2 2 8 2 2 2
left_child=1 11 -3 29 -4 6 16 13 9 10 -9 15 -13 28 -15 -1 -5 18 -18 -14 22 -22 -21 -24 -11 -17 27 -27 -8 -2
right_child=3 2 4 5 -6 -7 7 8 -10 24 -12 12 19 14 -16 25 17 -19 -20 20 21 -23 23 -25 -26 26 -28 -29 -30 -31
leaf_value=-0.020584099273409203 -0.019022118452115731 -0.0030470708600296558 0.031349471745336456 -0.013072483587070759 0.15324167583176046 -0.03918757499526012 0.020149444746192697 0.031216860439007458 0.15274507315118069 0.041973695002947758 0.15568705950994591 0.081310899249206009 -0.044813202172853422 0.12953082739214503 0.0040485039696871459 -0.012606104265348811 0.0225556763516126 -0.0042427306497068266 0.11774453991110451 -0.02689536843439673 0.10011879201705733 0.00089488191885475675 -0.0099232185010224919 0.067518807359942479 -0.048845935394702236 0.037719270682485914 0.099438546673392789 -0.037590919485349567 -0.033805005598045904 0.0065876869230578781
leaf_weight=8275 1596 410 171 970 166 284 975 284 173 220 224 201 347 246 340 1066 306 486 197 819 207 220 371 304 182 334 163 216 302 2671
leaf_count=8275 1596 410 171 970 166 284 975 284 173 220 224 201 347 246 340 1066 306 486 197 819 207 220 371 304 182 334 163 216 302 2671
internal_value=-0.000537406 -0.00881357 0.0395577 0.0110744 0.0914612 0.0226408 0.0262255 0.0384523 0.0651484 0.0484695 0.0861477 -0.0117008 0.00669569 0.0229207 0.0567655 -0.0162209 0.00782639 0.0283476 0.0598832 7.25938e-05 0.0081928 0.0490515 -0.00346928 0.0249195 0.000797801 0.00406152 0.0290141 0.00810011 0.00737123 -0.00298572
internal_weight=22726 13270 747 9456 337 5189 4905 2946 1083 910 508 12523 2469 1863 586 10054 1959 989 503 2268 1921 427 1494 675 402 1779 713 550 1277 4267
internal_count=22726 13270 747 9456 337 5189 4905 2946 1083 910 508 12523 2469 1863 586 10054 1959 989 503 2268 1921 427 1494 675 402 1779 713 550 1277 4267
is_linear=0
shrinkage=0.0161


Tree=123
num_leaves=31
num_cat=0
split_feature=213 542 59 17 483 479 402 276 200 163 484 210 69 115 290 487 35 574 92 336 300 522 358 483 43 564 17 276 424 264
split_gain=11733 7024.42 6856.04 6767.47 5143.03 4769.41 4563.75 4549.45 4484.11 6147.84 9445.49 3486.24 3420.97 3908.35 3440.35 3400.21 3156.94 3128.58 4228.58 6787.85 7355.37 3175.94 3077.3 6626.97 2989.96 3600.47 2798.31 2589.28 2580.98 2495.7
threshold=10.500000000000002 210.94999694824222 29.500000000000004 20.000000000000004 208.50000000000003 5.5000000000000009 8.0000000000000018 10.500000000000002 29.500000000000004 10.500000000000002 109.50000000000001 8.0000000000000018 8.0000000000000018 43.500000000000007 4.5000000000000009 224.50000000000003 8.0000000000000018 164.05000305175784 5.5000000000000009 6.5000000000000009 6.5000000000000009 1.0000000180025095e-35 3.5000000000000004 69.500000000000014 20.000000000000004 129.65000152587893 5.5000000000000009 29.500000000000004 35.500000000000007 3.5000000000000004
decision_type=2 10 2 2 2 2 2 2 2 2 2 2 2 2 2 2 2 10 2 2 2 2 2 2 2 10 2 2 2 2
left_child=1 5 8 6 7 -1 -3 -4 16 10 -10 -9 -7 14 -14 22 24 18 19 -18 -21 -20 23 -16 -2 -26 -19 -24 29 -23
right_child=2 3 4 -5 -6 12 -8 11 9 -11 -12 -13 13 -15 15 -17 17 26 21 20 -22 28 27 -25 25 -27 -28 -29 -30 -31
leaf_value=-0.020665828726540578 -0.019532796827163308 -0.034452855046868153 0.0075953075910544215 0.11570193791754302 0.13682539317781414 -0.0110459316232743 0.055314914456812372 0.12851955894389905 0.023216029037286805 -0.0048027809261148536 0.18722702177429257 0.041974843426316223 -0.020738125180572876 0.071494793932020947 0.0011671825741439335 -0.05233914338862914 -0.0057663194238075201 0.039656875733496917 -0.043129464628526085 0.031388479656639164 0.17250114409480485 -0.015103140090655132 0.0055161117849821936 0.14061445295567776 -0.007455621055676891 0.08866157173870283 -0.027027152639535649 0.060371966070274438 -0.026632589755069928 0.037244036892197616
leaf_weight=5878 1644 291 561 219 162 4640 296 191 212 292 160 331 962 247 198 181 244 215 233 190 194 288 1792 160 273 160 674 255 264 1295
leaf_count=5878 1644 291 561 219 162 4640 296 191 212 292 160 331 962 247 198 181 244 215 233 190 194 288 1792 160 273 160 674 255 264 1295
internal_value=0.0012692 -0.00692673 0.0176134 0.0393129 0.0521592 -0.00953224 0.0107732 0.0394727 0.0108237 0.0504152 0.0938217 0.0736867 -0.00177091 0.0095631 0.00524499 0.0149199 0.0061863 0.0153144 0.0239203 0.0605447 0.102741 0.0128512 0.0199916 0.0635557 -0.00961071 0.0280068 -0.0108735 0.0123611 0.019926 0.0277055
internal_weight=22702 15119 7583 806 1245 14313 587 1083 6338 664 372 522 8435 3795 3548 2586 5674 3597 2708 628 384 2080 2405 358 2077 433 889 2047 1847 1583
internal_count=22702 15119 7583 806 1245 14313 587 1083 6338 664 372 522 8435 3795 3548 2586 5674 3597 2708 628 384 2080 2405 358 2077 433 889 2047 1847 1583
is_linear=0
shrinkage=0.0161


Tree=124
num_leaves=31
num_cat=0
split_feature=559 306 532 566 297 236 435 437 274 510 455 508 349 299 488 587 479 336 146 558 539 410 167 78 1 123 99 287 94 54
split_gain=8550.33 6080.62 6338.43 6830.26 10291.2 5404.18 5987.71 5811.52 4405.59 4826.31 5480.35 5050.7 4273.87 4009.09 13451.1 4215.96 3722.81 3719.44 3398.79 2885 3721.61 4047.94 2840.06 2966.73 4100.18 2688.82 2599.35 3872.01 2545.31 2400.13
threshold=73.350002288818374 4.5000000000000009 293.50000000000006 221.94999694824222 16.500000000000004 24.500000000000004 16.500000000000004 29.500000000000004 16.500000000000004 200.50000000000003 35.500000000000007 172.50000000000003 6.5000000000000009 5.5000000000000009 89.500000000000014 145.55000305175784 20.000000000000004 10.500000000000002 8.0000000000000018 113.64999771118165 126.50000000000001 10.500000000000002 20.000000000000004 8.0000000000000018 6.5000000000000009 13.500000000000002 13.500000000000002 16.500000000000004 13.500000000000002 13.500000000000002
decision_type=8 2 2 10 2 2 2 2 2 2 2 2 2 2 2 8 2 2 2 10 2 2 2 2 2 2 2 2 2 2
left_child=-1 22 3 5 18 7 16 8 19 10 11 26 -8 14 -9 17 -7 -15 -5 20 -3 -22 -2 -24 -25 -18 -10 -28 -14 -17
right_child=1 2 -4 4 -6 6 12 13 9 -11 -12 -13 28 15 -16 29 25 -19 -20 -21 21 -23 23 24 -26 -27 27 -29 -30 -31
leaf_value=-0.02466033357937444 -0.014965721978796887 -0.0034247168624826452 -0.048277812366636225 -0.027494987657592777 0.14976558966861767 -0.0032480351219384947 0.13881517703920943 -0.007926422121552798 -0.0052831258691813819 -0.040170426926601784 0.091924049551559042 0.098162369176087658 0.087975834196413166 0.011266986048189955 0.1894772014309932 0.01442499794576035 0.014816910379583841 0.098907069676246032 0.055600905864101192 -0.017820191063248222 0.0071353011428943068 0.089132336598330475 -0.014843641564497525 -0.017729424923425018 0.084746879432145095 0.10791351450975001 0.0086858819820755818 0.1007966214743695 -0.00081161373525915313 -0.060753052037262931
leaf_weight=3111 4753 3880 473 225 226 817 202 195 1118 308 299 182 172 275 165 271 162 232 294 2951 420 249 387 161 271 161 381 172 162 185
leaf_count=3111 4753 3880 473 225 226 817 202 195 1118 308 299 182 172 275 165 271 162 232 294 2951 420 249 387 161 271 161 381 172 162 185
internal_value=0.000147172 0.00405621 0.00965774 0.0116591 0.0590702 0.0089317 0.0359101 0.00492219 0.000708553 0.0194072 0.027945 0.0176087 0.0803004 0.0366261 0.0824849 0.0194582 0.0150182 0.051417 0.0195313 -0.00542146 0.00261659 0.0376896 -0.0101917 0.0174852 0.046501 0.061294 0.00882095 0.0373777 0.0448408 -0.0160233
internal_weight=22860 19749 14177 13704 745 12959 1676 11283 9960 2460 2152 1853 536 1323 360 963 1140 507 519 7500 4549 669 5572 819 432 323 1671 553 334 456
internal_count=22860 19749 14177 13704 745 12959 1676 11283 9960 2460 2152 1853 536 1323 360 963 1140 507 519 7500 4549 669 5572 819 432 323 1671 553 334 456
is_linear=0
shrinkage=0.0161


Tree=125
num_leaves=31
num_cat=0
split_feature=34 59 226 275 294 352 281 223 16 178 235 261 511 337 358 313 325 267 217 283 320 220 381 451 332 258 573 225 376 473
split_gain=9198.69 8274.77 5692.95 6393.5 5468.63 4950.06 4403.02 5624.99 4343.44 7977.08 3747.86 3853.52 4646.28 3681.6 3523.51 3821 3428.39 3283.52 3778.7 3470.95 3189.8 3126.74 2856.54 2846.35 2797.08 3321.91 3796.65 2497.99 3251.52 5602.72
threshold=6.5000000000000009 29.500000000000004 4.5000000000000009 24.500000000000004 3.5000000000000004 29.500000000000004 8.0000000000000018 43.500000000000007 52.000000000000007 6.5000000000000009 13.500000000000002 10.500000000000002 253.50000000000003 16.500000000000004 35.500000000000007 20.000000000000004 5.5000000000000009 35.500000000000007 13.500000000000002 6.5000000000000009 43.500000000000007 16.500000000000004 6.5000000000000009 13.500000000000002 6.5000000000000009 5.5000000000000009 79.950000762939467 8.0000000000000018 16.500000000000004 8.0000000000000018
decision_type=2 2 2 2 2 2 2 2 2 2 2 2 2 2 2 2 2 2 2 2 2 2 2 2 2 2 10 2 2 2
left_child=4 8 -3 5 -1 24 20 13 10 -10 11 -2 -13 -8 15 17 -15 18 21 -20 27 -12 -18 -21 -4 -26 -27 -6 -29 -30
right_child=1 2 3 -5 6 -7 7 -9 9 -11 14 12 -14 16 -16 -17 22 -19 19 23 -22 -23 -24 -25 25 26 -28 28 29 -31
leaf_value=-0.034655713131344211 -0.012912172205629509 -0.014125767896352557 -0.027625630202505372 0.12790740053283256 -0.028245765047002516 0.12032198558426552 -0.0068800746046118362 0.10214908197818824 0.1337852321178318 0 0.0016213144766043658 0.0050849188798940707 0.089156171209194529 0.08713941252716817 0.080398638383902044 -0.025054672501684784 0.062245672385997486 -0.032137728232754029 0.11047508413577276 -0.0067827736100802534 0.053403465934085612 0.062013396358804006 -0.016442822392512945 0.079457229915821409 -0.014255028901005586 -0.00066499928052824917 0.093591655806008853 -0.016585213614652948 0.10508473351208901 -0.017599067057059912
leaf_weight=2199 5077 374 205 264 2656 166 2098 160 185 307 1145 2690 182 226 208 583 187 266 231 220 164 276 331 180 207 165 334 1058 176 213
leaf_count=2199 5077 374 205 264 2656 166 2098 160 185 307 1145 2690 182 226 208 583 187 266 231 220 164 276 331 180 207 165 334 1058 176 213
internal_value=-0.000283862 0.00836747 0.0413684 0.056863 -0.0124072 0.0394264 -0.00567335 0.0092606 0.0034653 0.0502733 0.00138055 -0.00447895 0.0104207 0.00402285 0.0163695 0.0117706 0.0347996 0.0210426 0.0279479 0.0607446 -0.0161855 0.0133678 0.0119186 0.0319664 0.02466 0.0398754 0.0623775 -0.0189727 -0.00193562 0.0378478
internal_weight=22733 13265 1715 1341 9468 1077 7269 3002 11550 492 11058 7949 2872 2842 3109 2901 744 2318 2052 631 4267 1421 518 400 911 706 499 4103 1447 389
internal_count=22733 13265 1715 1341 9468 1077 7269 3002 11550 492 11058 7949 2872 2842 3109 2901 744 2318 2052 631 4267 1421 518 400 911 706 499 4103 1447 389
is_linear=0
shrinkage=0.0161


Tree=126
num_leaves=31
num_cat=0
split_feature=156 288 358 501 509 535 367 135 497 16 238 337 305 313 221 455 42 245 397 235 177 596 487 234 276 539 463 424 387 352
split_gain=9976.28 7692.96 6606.33 6362.33 5168.79 8927.04 4971.31 3886.12 3608.36 3979.76 4682.01 3933.78 4793.82 5478.24 4519.06 4635.48 7756.41 3249.77 3411.36 3236.86 3922.67 2938.54 4689.62 5060.87 3117.83 2930.47 2686.28 2665.8 2705.51 2442.74
threshold=5.5000000000000009 4.5000000000000009 61.500000000000007 320.50000000000006 242.50000000000003 222.50000000000003 3.5000000000000004 61.500000000000007 275.50000000000006 52.000000000000007 8.0000000000000018 13.500000000000002 35.500000000000007 10.500000000000002 20.000000000000004 29.500000000000004 10.500000000000002 4.5000000000000009 20.000000000000004 16.500000000000004 24.500000000000004 200.34999847412112 127.50000000000001 3.5000000000000004 16.500000000000004 227.50000000000003 5.5000000000000009 24.500000000000004 10.500000000000002 35.500000000000007
decision_type=2 2 2 2 2 2 2 2 2 2 2 2 2 2 2 2 2 2 2 2 2 10 2 2 2 2 2 2 2 2
left_child=4 29 3 6 7 -6 -3 19 9 11 -11 21 14 -14 15 17 -17 18 -13 26 -21 22 -8 -24 -25 -23 -1 -28 -29 -2
right_child=1 2 -4 -5 5 -7 8 -9 -10 10 -12 12 13 -15 -16 16 -18 -19 -20 20 -22 25 23 24 -26 -27 27 28 -30 -31
leaf_value=-0.032251826037566912 -0.014420832299607934 -0.015655546403180558 0.091056586797354289 0.1115382761793485 0.13186484379648386 -0.023518369428197249 0.0019908902296229382 0.059889411502670666 -0.040529482782062441 0.13311635285437032 0.01529041780942351 0.10671476467525201 0.15718379442181124 0.023961850984161197 -0.017599462264703703 0.019415639961229917 0.14970237763575536 0.0085061128070853097 0.01125131293482539 -0.006861496044043007 0.062259913176299059 -0.078456536243261918 0.12179621823628888 0.0078672246676041602 0.072872217493709729 0.0048522101515198488 -0.016764534317812007 0.055802243993669717 -0.025664435687246238 0.042074446167284223
leaf_weight=3012 3273 1371 301 172 172 216 3177 177 269 170 181 208 160 161 527 259 219 1180 183 1132 262 194 168 691 265 250 3644 278 170 211
leaf_count=3012 3273 1371 301 172 172 216 3177 177 269 170 181 208 160 161 527 259 219 1180 183 1132 262 194 168 691 265 250 3644 278 170 211
internal_value=0.000907896 0.00963402 0.0167473 0.0144637 -0.0121744 0.0453022 0.012728 -0.0147478 0.0174408 0.0193947 0.0724242 0.0169559 0.0317419 0.0904386 0.0244185 0.0352369 0.0791569 0.0218587 0.0620951 -0.0163051 0.00611287 0.00792356 0.0119983 0.0402635 0.025911 -0.0314954 -0.0207075 -0.0122043 0.024836 -0.0109926
internal_weight=22653 13590 10106 9805 9063 388 9633 8675 8262 7993 351 7642 2897 321 2576 2049 478 1571 391 8498 1394 4745 4301 1124 956 444 7104 4092 448 3484
internal_count=22653 13590 10106 9805 9063 388 9633 8675 8262 7993 351 7642 2897 321 2576 2049 478 1571 391 8498 1394 4745 4301 1124 956 444 7104 4092 448 3484
is_linear=0
shrinkage=0.0161


Tree=127
num_leaves=31
num_cat=0
split_feature=288 36 162 382 140 261 175 333 434 166 129 289 1 320 314 117 364 213 396 481 67 136 111 467 276 378 116 293 574 550
split_gain=9017.24 7019.3 5578.84 4413.74 5122.1 4893.2 5204.37 5635.53 5675.64 5248.44 3973.06 3735.64 4565.24 3769.2 3448.63 3333.49 6727.67 3210.64 3366.47 4446.87 3088.27 2800.48 2676.43 2624.44 2596.81 3497.82 4373.61 2571.26 3174.38 5598.45
threshold=4.5000000000000009 5.5000000000000009 5.5000000000000009 43.500000000000007 5.5000000000000009 13.500000000000002 35.500000000000007 35.500000000000007 20.000000000000004 13.500000000000002 29.500000000000004 10.500000000000002 16.500000000000004 20.000000000000004 29.500000000000004 4.5000000000000009 8.0000000000000018 6.5000000000000009 6.5000000000000009 211.50000000000003 5.5000000000000009 6.5000000000000009 10.500000000000002 29.500000000000004 13.500000000000002 8.0000000000000018 13.500000000000002 5.5000000000000009 146.25000000000003 102.64999771118165
decision_type=2 2 2 2 2 2 2 2 2 2 2 2 2 2 2 2 2 2 2 2 2 2 2 2 2 2 2 2 10 10
left_child=-1 10 17 4 23 14 7 8 11 -10 -2 22 13 -13 15 16 -6 -3 -19 27 -17 -5 -7 -4 -22 -26 -27 -20 29 -29
right_child=1 2 3 21 5 6 -8 -9 9 -11 -12 12 -14 -15 -16 20 -18 18 19 -21 24 -23 -24 -25 25 26 -28 28 -30 -31
leaf_value=-0.014956259032743918 -0.011970465231440198 -0.01606496063525931 0.011638795619821654 0.030871996297347246 0.12298501771134755 0.016771940980509555 0.13904270574139213 0.12898977202172948 0.14506803478662728 0.02756647449738792 0.047123014835278081 0.030833438728342027 -0.0184200650273268 0.12960568804921541 -0.022692132029018153 -0.01451066385777715 0.0055328969196293525 -0.017632639697932606 -0.016673287285552639 0.10700472815590857 0.012046424110760746 -0.049456648089585768 -0.060980781136989168 -0.047449330154653684 0.009290675923226065 0.14601656343099076 0.030553532948414563 0.019549281321971677 -0.021689566091679088 0.12723138861238986
leaf_weight=6787 4822 1894 1828 168 261 265 178 194 206 190 314 226 204 181 381 504 246 624 396 161 718 339 202 218 229 178 164 413 201 180
leaf_count=6787 4822 1894 1828 168 261 265 178 194 206 190 314 226 204 181 381 504 246 624 396 161 718 339 202 218 229 178 164 413 201 180
internal_value=0.000605219 0.00717278 0.0144579 0.0229536 0.0264857 0.0360413 0.0562216 0.0473693 0.0366109 0.0887505 -0.00835308 0.0174358 0.0436486 0.074817 0.0221374 0.0295737 0.0660428 -0.00108265 0.0132733 0.0275655 0.0192484 -0.0227924 -0.0168095 0.00533149 0.0324664 0.0581022 0.0907171 0.0167981 0.0335213 0.0522749
internal_weight=22872 16085 10949 7080 6573 4527 1846 1668 1474 396 5136 1078 611 407 2681 2300 507 3869 1975 1351 1793 507 467 2046 1289 571 342 1190 794 593
internal_count=22872 16085 10949 7080 6573 4527 1846 1668 1474 396 5136 1078 611 407 2681 2300 507 3869 1975 1351 1793 507 467 2046 1289 571 342 1190 794 593
is_linear=0
shrinkage=0.0161


Tree=128
num_leaves=31
num_cat=0
split_feature=306 236 281 281 36 436 140 166 532 566 202 358 71 599 452 112 154 233 572 507 96 92 118 82 247 395 359 570 474 167
split_gain=7741.89 6451.27 5930.04 5210.85 4931.65 4918.44 7144.97 5068.27 5432.97 6110.85 6447.37 5475.81 4663.31 7490.41 4052.77 3552.28 4970.86 3338.95 3709.8 4148.74 3049.45 3557.27 2832.03 2565.97 2470.54 2588.83 3593.12 2924.07 3016.72 2538.25
threshold=4.5000000000000009 52.000000000000007 13.500000000000002 4.5000000000000009 3.5000000000000004 29.500000000000004 29.500000000000004 5.5000000000000009 280.50000000000006 221.94999694824222 10.500000000000002 43.500000000000007 16.500000000000004 155.05000305175784 10.500000000000002 13.500000000000002 24.500000000000004 43.500000000000007 168.05000305175784 190.50000000000003 8.0000000000000018 8.0000000000000018 13.500000000000002 13.500000000000002 43.500000000000007 20.000000000000004 10.500000000000002 175.25000000000003 8.0000000000000018 10.500000000000002
decision_type=2 2 2 2 2 2 2 2 2 10 2 2 2 8 2 2 2 2 10 2 2 2 2 2 2 2 2 8 2 2
left_child=14 3 -3 15 -5 7 12 -6 9 11 -11 17 22 -14 -1 -2 23 18 19 24 -16 -22 -7 -17 25 27 29 -9 -29 -27
right_child=1 2 -4 4 5 6 -8 8 -10 10 -12 -13 13 -15 20 16 -18 -19 -20 -21 21 -23 -24 -25 -26 26 -28 28 -30 -31
leaf_value=-0.02193712509455388 -0.020988448319545314 0.022923245850069277 0.13842511263764334 -0.015040771564166172 -0.0071252618916234191 -0.023135869138757887 0.13592321871298868 -0.00018242643652714222 -0.054258965241657645 0.15813554228488497 0.016645069397310922 0.085837040612074228 0.0033978798241342165 0.15258348339573574 -0.01388797465918663 -0.018456087554760043 0.093823143175918611 0.076230997846428547 -0.022381515340505833 0.089096307570025637 0.071148103985125138 0.0029940639250832886 0.044848550242377487 0.03489075827381799 -0.044102767282543476 -0.023875944245217218 0.084027194570067007 0.087114325916370833 0.0041736765792886052 0.057742160944269497
leaf_weight=5062 2934 343 174 1754 2922 413 188 1924 248 172 163 291 181 169 927 720 165 211 731 198 316 536 258 346 184 228 316 225 231 174
leaf_count=5062 2934 343 174 1754 2922 413 188 1924 248 172 163 291 181 169 927 720 165 211 731 198 316 536 258 346 184 228 316 225 231 174
internal_value=-0.000272491 0.00590043 0.0618417 0.00401426 0.00974138 0.0143549 0.04468 0.0098907 0.0192835 0.0229012 0.0893612 0.0181722 0.027856 0.0755005 -0.0145898 -0.0113546 0.0115878 0.013714 0.0105759 0.0175056 0.00630324 0.0282995 0.00296911 -0.0011188 0.0131795 0.0165892 0.0433928 0.00849322 0.04515 0.0113927
internal_weight=22704 15863 517 15346 11181 9427 1209 8218 5296 5048 335 4713 1021 350 6841 4165 1231 4422 4211 3480 1779 852 671 1066 3282 3098 718 2380 456 402
internal_count=22704 15863 517 15346 11181 9427 1209 8218 5296 5048 335 4713 1021 350 6841 4165 1231 4422 4211 3480 1779 852 671 1066 3282 3098 718 2380 456 402
is_linear=0
shrinkage=0.0161


Tree=129
num_leaves=31
num_cat=0
split_feature=227 272 419 236 30 10 526 547 389 496 130 482 490 451 18 514 176 526 570 581 272 460 584 393 500 156 539 541 486 274
split_gain=9870.83 6592.14 8378.49 4289.6 4335.68 5161.92 3719.18 6430.93 3535.29 3368.77 3350.48 4110.4 4313.42 4568.18 5020.94 7399.57 4594.5 3917.43 3721.12 3286.41 3786.07 3216.5 3779.29 5599.68 6949.58 3023.85 2865.21 2829.83 2744.03 2676.27
threshold=3.5000000000000004 5.5000000000000009 24.500000000000004 43.500000000000007 8.0000000000000018 13.500000000000002 257.50000000000006 240.75000000000003 6.5000000000000009 221.50000000000003 8.0000000000000018 253.50000000000003 42.500000000000007 8.0000000000000018 20.000000000000004 152.50000000000003 4.5000000000000009 226.50000000000003 179.15000152587893 103.25000000000001 8.0000000000000018 6.5000000000000009 221.94999694824222 6.5000000000000009 126.50000000000001 20.000000000000004 56.500000000000007 215.15000152587893 82.500000000000014 8.0000000000000018
decision_type=2 2 2 2 2 2 2 10 2 2 2 2 2 2 2 2 2 2 10 8 2 2 8 2 2 2 2 8 2 2
left_child=-1 21 6 4 5 8 7 10 -4 -8 17 12 -12 19 16 -16 -15 18 -3 -14 -21 25 -23 24 -24 -2 -6 -28 -18 -27
right_child=1 2 3 -5 26 -7 9 -9 -10 -11 11 -13 13 14 15 -17 28 -19 -20 20 -22 22 23 -25 -26 29 27 -29 -30 -31
leaf_value=-0.02089835698383475 -0.025815281440772022 -0.0010484304579958012 1.9445949119874773e-05 0.11841014989625392 0.051020295315238537 0.11430852085085806 0.0086426481458337975 0.085807679717369606 0.091045397029720393 -0.065719518237551941 -0.0055327127523547362 -0.059205127061421982 0.062802687051281503 0.089257972794982224 0.045072561669788867 0.18140988271693659 0.05810074685845517 0.069906015030300014 -0.050461834689681052 0.038163033324779265 -0.038250742442280786 -0.0066846409887812508 0.022240807833305322 -0.016595966091276195 0.14677994449844511 -0.016628038256051025 -0.023334198781809565 0.045802473627011092 -0.0040802493211072287 0.068704808874004195
leaf_weight=4760 2676 4039 329 173 368 313 291 272 167 344 1101 173 196 273 283 163 258 184 438 259 478 2681 329 360 180 207 542 214 639 176
leaf_count=4760 2676 4039 329 173 368 313 291 272 167 344 1101 173 196 273 283 163 258 184 438 259 478 2681 329 360 180 207 542 214 639 176
internal_value=-0.000266611 0.0051561 0.0125224 0.0415473 0.0346561 0.0630861 0.00601083 0.00874146 0.0307147 -0.0316047 0.00626792 0.0174404 0.0210797 0.0325837 0.048962 0.0949527 0.0314104 -0.00289084 -0.00588797 0.00419046 -0.0113651 -0.00765473 0.00276564 0.0319483 0.0663284 -0.0197554 0.0141727 -0.00373263 0.0137783 0.0225235
internal_weight=22866 18106 11497 2106 1933 809 9391 8756 496 635 8484 3823 3650 2549 1616 446 1170 4661 4477 933 737 6609 3550 869 509 3059 1124 756 897 383
internal_count=22866 18106 11497 2106 1933 809 9391 8756 496 635 8484 3823 3650 2549 1616 446 1170 4661 4477 933 737 6609 3550 869 509 3059 1124 756 897 383
is_linear=0
shrinkage=0.0161


Tree=130
num_leaves=31
num_cat=0
split_feature=367 217 503 533 564 75 438 213 595 542 290 575 38 599 224 488 531 192 596 560 115 50 210 517 400 227 20 490 174 400
split_gain=8121.44 6368.22 6013.29 5644.52 5136.49 4788.46 3980.35 4980.98 5143.49 5874.7 3708.86 3607.99 3589 3478.62 3230.78 3792.32 4397.35 3201.51 3148.35 4155.93 3108.04 2981.68 4122.13 6699.13 2397.25 2515.4 3453.75 2744.44 2373.52 2512.08
threshold=3.5000000000000004 5.5000000000000009 253.50000000000003 290.50000000000006 251.25000000000003 52.000000000000007 8.0000000000000018 24.500000000000004 158.65000152587893 102.64999771118165 52.000000000000007 188.65000152587893 5.5000000000000009 192.55000305175784 5.5000000000000009 194.50000000000003 174.50000000000003 4.5000000000000009 169.15000152587893 143.15000152587893 4.5000000000000009 16.500000000000004 10.500000000000002 101.50000000000001 29.500000000000004 8.0000000000000018 24.500000000000004 57.500000000000007 3.5000000000000004 4.5000000000000009
decision_type=2 2 2 2 10 2 2 2 8 8 2 10 2 10 2 2 2 2 10 10 2 2 2 2 2 2 2 2 2 2
left_child=13 2 5 4 6 28 11 10 9 -9 12 21 -8 -1 17 18 -17 -14 19 20 -16 -3 -23 -24 25 -22 27 -27 -2 -30
right_child=1 3 -4 -5 -6 -7 7 8 -10 -11 -12 -13 14 -15 15 16 -18 -19 -20 -21 24 22 23 -25 -26 26 -28 -29 29 -31
leaf_value=-0.023470672979028169 -0.029493358593155248 -0.00067590793480868077 0.067635393181797829 -0.049242268190639434 0.083150694257093621 0.062241205229956138 -0.015977906587465115 0.035519680243086972 0.0092865739643602351 0.14338180100615763 0.090779779434400923 -0.037963344471856196 0.045754595122708831 0.035177902139193314 0.064940689109621821 0.13799697039141431 0.027125474945818549 -0.018078681842377365 -0.0332669385096621 0.086961898381947442 -0.011190253787081156 0.0060222300335592673 0.021564673305768702 0.14946024527358198 -0.049325043287936798 0.027153080709546713 -0.020166016691386204 0.11394341409498093 -0.024502843669862082 0.00050373811991629098
leaf_weight=4046 1629 3470 268 373 275 229 895 263 345 262 164 511 269 280 301 171 204 838 236 274 468 808 306 163 168 210 173 173 1493 3436
leaf_count=4046 1629 3470 268 373 275 229 895 263 345 262 164 511 269 280 301 171 204 838 236 274 468 808 306 163 168 210 173 173 1493 3436
internal_value=0.000176506 0.00485004 -0.00715379 0.0123333 0.0144335 -0.0101105 0.0126606 0.022351 0.0576536 0.0893928 0.0155867 0.00267822 0.0127659 -0.0196692 0.0201545 0.0307318 0.0777456 -0.00254599 0.0219182 0.029302 0.0187044 0.00705812 0.0280923 0.0660647 0.00700916 0.0162745 0.0394346 0.0664175 -0.0126405 -0.00706601
internal_weight=22701 18375 7055 11320 10947 6787 10672 5414 870 525 4544 5258 4380 4326 3485 2378 375 1107 2003 1767 1493 4747 1277 469 1192 1024 556 383 6558 4929
internal_count=22701 18375 7055 11320 10947 6787 10672 5414 870 525 4544 5258 4380 4326 3485 2378 375 1107 2003 1767 1493 4747 1277 469 1192 1024 556 383 6558 4929
is_linear=0
shrinkage=0.0161


Tree=131
num_leaves=31
num_cat=0
split_feature=35 197 550 287 333 316 541 288 514 112 96 516 308 537 491 415 124 295 179 322 156 71 514 272 194 456 477 16 90 300
split_gain=9114.26 6481.57 7983.27 6290.72 5103.25 5907.32 7017.15 8003.87 5664.3 6431.46 5320.56 3758.54 6228.04 3498.49 5209.8 3285.72 3073.54 2828.44 2653.39 2374.54 2994.56 4188.62 2313.74 2827 2836.93 3792.46 2245.04 2203.88 2167.78 2217.86
threshold=5.5000000000000009 20.000000000000004 152.44999694824222 8.0000000000000018 8.0000000000000018 8.0000000000000018 193.75000000000003 13.500000000000002 121.50000000000001 24.500000000000004 24.500000000000004 242.50000000000003 13.500000000000002 212.50000000000003 204.50000000000003 10.500000000000002 43.500000000000007 3.5000000000000004 3.5000000000000004 6.5000000000000009 6.5000000000000009 4.5000000000000009 222.50000000000003 8.0000000000000018 10.500000000000002 10.500000000000002 8.0000000000000018 16.500000000000004 29.500000000000004 13.500000000000002
decision_type=2 2 10 2 2 2 10 2 2 2 2 2 2 2 2 2 2 2 2 2 2 2 2 2 2 2 2 2 2 2
left_child=1 17 26 11 16 13 8 -8 9 10 15 18 -13 14 -6 -7 22 -1 -2 -20 -21 -22 23 -5 25 -25 -3 -10 29 -23
right_child=3 2 -4 4 5 6 7 -9 27 -11 -12 12 -14 -15 -16 -17 -18 -19 19 20 21 28 -24 24 -26 -27 -28 -29 -30 -31
leaf_value=-0.037962401637846019 -0.021901500649018902 -0.027127433922016796 0.10842407966823336 -0.0078672032413884645 0.0091937846392693128 -0.011035768604390633 0.033964867886883021 0.18436756142488783 -0.033535649737919476 0.13507083649617302 0.11185492405916869 -0.0026594316000775496 0.1225314735610189 -0.045744983755303392 0.1052738245348798 0.0604064075031664 0.07139463361107945 -0.013410868281889398 -0.009416302325473325 -0.0086781749365158391 0.077260174711740237 0.020719129319707874 -0.04247357879231984 0.01211377982657409 -0.0071310989928783236 0.098507375819642029 0.029184579858163705 0.028385146475824675 0.063064895178281372 -0.02474498454128125
leaf_weight=1592 1741 387 229 1669 1436 421 174 195 312 222 198 276 164 250 163 276 163 5181 2963 1182 319 790 304 292 362 241 349 285 191 429
leaf_count=1592 1741 387 229 1669 1436 421 174 195 312 222 198 276 164 250 163 276 163 5181 2963 1182 319 790 304 292 362 241 349 285 191 429
internal_value=0.000572416 -0.0136213 0.0254054 0.00788727 0.019095 0.0311971 0.0497926 0.11351 0.0360614 0.0574598 0.0381826 -0.00179808 0.0439491 0.0102356 0.0190028 0.0172203 0.0033875 -0.0191852 -0.00444448 0.000725615 0.0110568 0.0245619 -0.000469417 0.00450162 0.0275933 0.0512215 -0.000393155 -0.00393605 0.0126226 0.00469974
internal_weight=22756 7738 965 15018 6963 3932 2083 369 1714 1117 895 8055 440 1849 1599 697 3031 6773 7615 5874 2911 1729 2868 2564 895 533 736 597 1410 1219
internal_count=22756 7738 965 15018 6963 3932 2083 369 1714 1117 895 8055 440 1849 1599 697 3031 6773 7615 5874 2911 1729 2868 2564 895 533 736 597 1410 1219
is_linear=0
shrinkage=0.0161


Tree=132
num_leaves=31
num_cat=0
split_feature=500 167 542 584 436 426 38 427 586 135 461 178 249 271 255 247 453 503 559 193 494 508 454 58 580 531 43 58 569 389
split_gain=7516.39 6718.71 5838.68 7849.85 9470.57 4125.45 4101.42 4010.41 4449.59 4631.62 3734.41 3434.22 5748.79 3386.5 3494.58 3090.11 3062.58 3064.41 6572.67 3444.76 3372.29 3587.44 3529.36 3735.89 4526.28 2888.73 2848.85 2823.72 2811.66 3893.84
threshold=344.50000000000006 6.5000000000000009 224.44999694824222 215.15000152587893 10.500000000000002 13.500000000000002 6.5000000000000009 24.500000000000004 221.94999694824222 6.5000000000000009 4.5000000000000009 35.500000000000007 6.5000000000000009 6.5000000000000009 5.5000000000000009 16.500000000000004 2.5000000000000004 182.50000000000003 181.25000000000003 20.000000000000004 23.500000000000004 76.500000000000014 5.5000000000000009 6.5000000000000009 88.549999237060561 121.50000000000001 8.0000000000000018 20.000000000000004 138.55000305175784 10.500000000000002
decision_type=2 2 10 8 2 2 2 2 8 2 2 2 2 2 2 2 2 2 10 2 2 2 2 2 10 2 2 2 10 2
left_child=1 10 5 4 -4 16 -7 13 9 -9 -1 -12 -13 -8 -15 25 -3 18 19 20 -18 22 26 24 -24 -16 -22 -25 -23 -30
right_child=-2 2 3 -5 -6 6 7 8 -10 -11 11 12 -14 14 15 -17 17 -19 -20 -21 21 28 23 27 -26 -27 -28 -29 29 -31
leaf_value=-0.023369039579930685 0.10479975946395888 -0.032070981767398962 0.015513065164931851 -0.015230366172408352 0.17210899603014537 -0.0039810156327318722 -0.012084106554235701 0.10968399856183603 0.13784460673031157 0.008108225758477184 -0.0057473532132609698 -0.027831873708995696 0.087247695756095534 -0.0077878272607803311 0.059858098169466627 0.097633947358800668 -0.012433742143947265 -0.024439305999444761 0.089811668702623235 -0.026627432574329837 -0.032363905685805112 -0.015700460106629219 0.14835318260269623 0.0034680159592870427 0.032713747221777952 -0.020356224423186627 0.042724428156281594 0.074731907541607134 -0.0055339733582026847 0.07603770163271685
leaf_weight=3361 178 760 188 253 215 1268 604 174 164 353 7253 192 271 339 315 274 1367 963 236 855 284 987 193 388 162 184 243 230 369 257
leaf_count=3361 178 760 188 253 215 1268 604 174 164 353 7253 192 271 339 315 274 1367 963 236 855 284 987 193 388 162 184 243 230 369 257
internal_value=0.000585828 -0.000230247 0.0083184 0.0549796 0.0991152 0.00552569 0.0194363 0.0317822 0.0645453 0.0416902 -0.00920394 -0.00303073 0.0394749 0.0185755 0.0352499 0.0541545 -0.00147979 0.00207481 0.00666225 0.00297963 0.00863534 0.0178949 0.035818 0.0539942 0.0956488 0.0302329 0.00221471 0.0300283 0.00121279 0.0279171
internal_weight=22880 22702 11625 656 403 10969 3675 2407 691 527 11077 7716 463 1716 1112 773 7294 6534 5571 5335 4480 3113 1500 973 355 499 527 618 1613 626
internal_count=22880 22702 11625 656 403 10969 3675 2407 691 527 11077 7716 463 1716 1112 773 7294 6534 5571 5335 4480 3113 1500 973 355 499 527 618 1613 626
is_linear=0
shrinkage=0.0161


Tree=133
num_leaves=31
num_cat=0
split_feature=36 541 589 281 367 57 225 551 185 15 288 573 503 238 248 41 462 367 99 347 229 341 229 517 520 153 573 556 160 58
split_gain=7213.13 6044.88 12756.2 4944.39 4682.94 3822.17 3737.89 3275.8 4731.71 2868.3 2790.06 2951.59 5021.54 3016.67 2692.22 2776.02 4811.5 2667.32 2600.14 2823.24 2420.96 3394.77 3104.65 3580.79 4151.71 2468.77 2424.08 2629.55 2308.62 2237.38
threshold=3.5000000000000004 235.84999847412112 200.34999847412112 3.5000000000000004 2.5000000000000004 61.500000000000007 10.500000000000002 240.75000000000003 10.500000000000002 10.500000000000002 3.5000000000000004 144.05000305175784 208.50000000000003 52.000000000000007 29.500000000000004 10.500000000000002 20.000000000000004 8.0000000000000018 2.5000000000000004 61.500000000000007 8.0000000000000018 3.5000000000000004 16.500000000000004 87.500000000000014 115.50000000000001 8.0000000000000018 121.64999771118165 73.149997711181655 24.500000000000004 16.500000000000004
decision_type=2 10 8 2 2 2 2 10 2 2 2 10 2 2 2 2 2 2 2 2 2 2 2 2 2 2 10 8 2 2
left_child=-1 3 -3 -2 -5 7 -7 10 -9 -4 -6 12 13 18 15 16 17 -13 -12 20 25 -22 23 -23 -25 -20 27 -27 29 -29
right_child=1 2 9 4 5 6 -8 8 -10 -11 11 14 -14 -15 -16 -17 -18 -19 19 -21 21 22 -24 24 -26 26 -28 28 -30 -31
leaf_value=-0.018665910301283076 -0.015121773797880744 0.13738856671040625 -0.049738686130276911 -0.024681764710635705 -0.010301664036888369 0.017055649627150737 0.11647157530819105 0.11008484855859516 -0.0060991405094982442 0.036082265805015432 -0.018663281332153826 0.021410752306844551 0.080723348677288531 0.074254096903945202 0.039368502193879884 -0.027002339104318863 0.079028151204227973 -0.033537973161953658 -0.005879064829873922 -0.049677626826680601 0.084530949210370313 0.021328276064929975 0.0042927798547328887 0.13886163777054622 0.033810932353799707 -0.0212938261571952 -0.028837472133010071 0.034176215004299459 -0.015185971021600181 0.090046237580463109
leaf_weight=4353 3322 270 196 1137 2139 239 167 193 171 208 705 431 290 199 318 1251 202 488 1883 176 239 918 1381 172 227 211 208 614 160 268
leaf_count=4353 3322 270 196 1137 2139 239 167 193 171 208 705 431 290 199 318 1251 202 488 1883 176 239 918 1381 172 227 211 208 614 160 268
internal_value=-2.9234e-05 0.00438255 0.0517081 0.00258003 0.00666906 0.00936109 0.0580064 0.00782158 0.0554392 -0.00549538 0.00643085 0.00989418 0.0149951 0.0124025 -0.00460538 -0.0105106 0.0078726 -0.00774207 0.0106806 0.0138881 0.015673 0.0263412 0.0211778 0.0388654 0.0791549 0.00629628 0.0220045 0.0304631 0.0409662 0.0511793
internal_weight=22736 18383 674 17709 14387 13250 406 12844 364 404 12480 10341 7651 7361 2690 2372 1121 919 7162 6457 6281 2937 2698 1317 399 3344 1461 1253 1042 882
internal_count=22736 18383 674 17709 14387 13250 406 12844 364 404 12480 10341 7651 7361 2690 2372 1121 919 7162 6457 6281 2937 2698 1317 399 3344 1461 1253 1042 882
is_linear=0
shrinkage=0.0161


Tree=134
num_leaves=31
num_cat=0
split_feature=155 479 17 77 514 217 355 486 527 482 484 483 543 526 122 298 290 240 351 411 568 551 466 231 512 279 115 472 547 535
split_gain=9000.32 6537.76 5261.42 8013.97 4888.34 8120.34 6998.95 4516.24 10104.3 6475.32 5283.86 4000.99 3181.23 3207.32 3617.17 3851.89 4015.92 3646.74 4587.42 3399.43 3260.3 5051.33 4530.41 3796.28 3013.03 3646.39 2981.29 2846.56 3723.38 2604.09
threshold=5.5000000000000009 29.500000000000004 52.000000000000007 61.500000000000007 159.50000000000003 13.500000000000002 13.500000000000002 156.50000000000003 120.50000000000001 170.50000000000003 156.50000000000003 24.500000000000004 247.34999847412112 43.500000000000007 6.5000000000000009 24.500000000000004 3.5000000000000004 16.500000000000004 10.500000000000002 8.0000000000000018 176.25000000000003 146.25000000000003 5.5000000000000009 13.500000000000002 113.50000000000001 6.5000000000000009 4.5000000000000009 29.500000000000004 105.54999923706056 132.50000000000003
decision_type=2 2 2 2 2 2 2 2 2 2 2 2 10 2 2 2 2 2 2 2 10 8 2 2 2 2 2 2 10 2
left_child=7 2 11 -4 5 24 -7 27 9 -9 -10 -2 13 19 29 16 -16 18 -17 -13 21 -18 -23 -24 25 -3 -21 -1 -29 -15
right_child=1 4 3 -5 -6 6 -8 8 10 -11 -12 12 -14 14 15 17 20 -19 -20 26 -22 22 23 -25 -26 -27 -28 28 -30 -31
leaf_value=-0.017875404825141567 -0.012968963121846389 -0.021175998587325315 0.11928743082585612 -0.0091108287032695915 -0.003935548628561083 0.062128861262701382 0.19817334359767533 0.02351024530321005 0.072261136632597242 0.16765579231637479 -0.020991747715513098 0.0065168412930854324 0.063081208809857417 0.0033137103793372206 -0.038630967441786075 0.13923206855655251 -0.0025252126283940367 -0.00070271752754094458 0.022493378223824887 0.10904097690878374 -0.015986205962844582 0.10151543271874336 -0.0015940997179520885 0.072753602888469715 0.090979194256933474 0.051780658874512865 0.034682480346170788 -0.0073611137243518466 0.07907319608346737 -0.027151534332056398
leaf_weight=7009 2694 370 261 243 485 255 160 163 187 161 997 957 278 1566 445 184 965 212 167 181 715 299 457 291 161 341 622 438 183 1356
leaf_count=7009 2694 370 261 243 485 255 160 163 187 161 997 957 278 1566 445 184 965 212 167 181 715 299 457 291 161 341 622 438 183 1356
internal_value=0.00245459 0.0107268 0.00642592 0.0573344 0.0395796 0.0559964 0.114636 -0.00991318 0.0155387 0.0952108 -0.00624358 0.00417098 0.00948422 0.0077112 0.00259712 0.013097 0.00620036 0.0519114 0.0837568 0.0270413 0.0135247 0.0240236 0.0485157 0.0272985 0.0280616 0.0137814 0.0514725 -0.0149466 0.018072 -0.0108161
internal_weight=22803 13665 11893 504 1772 1287 415 9138 1508 324 1184 11389 8695 8417 6657 3735 3172 563 351 1760 2727 2012 1047 748 872 711 803 7630 621 2922
internal_count=22803 13665 11893 504 1772 1287 415 9138 1508 324 1184 11389 8695 8417 6657 3735 3172 563 351 1760 2727 2012 1047 748 872 711 803 7630 621 2922
is_linear=0
shrinkage=0.0161


Tree=135
num_leaves=31
num_cat=0
split_feature=478 271 225 552 87 394 16 513 419 312 317 541 596 204 39 543 583 571 589 575 281 106 239 156 333 573 500 269 312 352
split_gain=8106.68 5935.08 5714.64 9002.77 9902.49 5509.52 4816.4 7368.74 4617.28 3728.46 3970.96 3357.7 9067.11 2911.69 3182.36 2703.91 11229.1 5076.85 3381.33 4100.23 3638.29 4098.75 3946.19 3070.67 3353.7 3096.42 3069.73 2572.25 2464.3 2449.82
threshold=20.000000000000004 6.5000000000000009 13.500000000000002 126.54999923706056 8.0000000000000018 8.0000000000000018 52.000000000000007 103.50000000000001 24.500000000000004 10.500000000000002 20.000000000000004 216.75000000000003 170.05000305175784 6.5000000000000009 10.500000000000002 193.75000000000003 154.15000152587893 166.15000152587893 186.44999694824222 205.94999694824222 29.500000000000004 20.000000000000004 10.500000000000002 6.5000000000000009 29.500000000000004 113.64999771118165 152.50000000000003 24.500000000000004 24.500000000000004 2.5000000000000004
decision_type=2 2 2 10 2 2 2 2 2 2 2 8 8 2 2 8 8 10 8 8 2 2 2 2 2 10 2 2 2 2
left_child=5 -2 9 8 -5 11 15 -8 -4 10 13 29 -13 -3 -15 17 -17 23 -18 -20 21 22 26 -7 28 -26 -21 -14 -25 -1
right_child=1 2 3 4 -6 6 7 -9 -10 -11 -12 12 27 14 -16 16 18 -19 19 20 -22 -23 -24 24 25 -27 -28 -29 -30 -31
leaf_value=-0.040532762718219199 -0.0074562089501579581 -0.0077509126431264995 -0.014985993688630937 0.21426717154655617 0.05845947482647576 -0.012281144447536285 0.14502174358586234 -0.005416589673262486 0.080167682740169999 -0.0087300920586609859 0.10536955749492156 0.11829970044524935 -0.009159281190265255 0.014682138838459259 0.094077547855607346 0.1225008417889579 -0.048040531557331151 -0.040577693155312219 0.079759927474409895 0.0010379937284834848 -0.066819783368785399 0.066286551368978652 0.048046122263317038 0.013487969941192285 0.088535720457189548 0 -0.067670958664174191 0.047116801682494935 -0.03446790386342883 -0.013264000217148289
leaf_weight=974 1340 435 345 172 276 1841 160 178 214 824 181 170 2094 311 227 240 261 780 216 548 164 298 306 2014 274 163 243 234 322 7001
leaf_count=974 1340 435 345 172 276 1841 160 178 214 824 181 170 2094 311 227 240 261 780 216 548 164 298 306 2014 274 163 243 234 322 7001
internal_value=0.000835469 0.0206786 0.0333166 0.0645462 0.118331 -0.00380704 0.00624401 0.0657272 0.0213992 0.0174057 0.036088 -0.0114946 0.00478653 0.0231758 0.0482254 0.00361965 0.0183371 -0.002586 0.00604686 0.0140133 0.00488893 0.0133361 -0.00102647 0.00383142 0.0145371 0.055481 -0.0200401 -0.00349255 0.00686754 -0.0165973
internal_weight=22806 4325 2985 1007 448 18481 8008 338 559 1978 1154 10473 2498 973 538 7670 2276 5394 2036 1775 1559 1395 1097 4614 2773 437 791 2328 2336 7975
internal_count=22806 4325 2985 1007 448 18481 8008 338 559 1978 1154 10473 2498 973 538 7670 2276 5394 2036 1775 1559 1395 1097 4614 2773 437 791 2328 2336 7975
is_linear=0
shrinkage=0.0161


Tree=136
num_leaves=31
num_cat=0
split_feature=218 59 16 569 35 216 513 495 140 203 533 542 527 159 211 194 460 542 263 420 421 243 192 257 233 259 232 133 196 346
split_gain=7512.92 6344.55 5394.77 6466.86 5080.79 4793.01 4667.32 5636.13 4065.55 5908.89 3691.36 5909.75 9720.82 6357.28 3948.15 3534.6 3561.67 3613.64 3947.27 4161.45 5229.31 5860.39 8131.58 3313.53 3089.2 3322.38 3018.37 2923.91 3346.3 2877.11
threshold=2.5000000000000004 29.500000000000004 52.000000000000007 167.05000305175784 4.5000000000000009 13.500000000000002 101.50000000000001 50.500000000000007 10.500000000000002 10.500000000000002 296.50000000000006 197.65000152587893 120.50000000000001 5.5000000000000009 5.5000000000000009 16.500000000000004 13.500000000000002 174.34999847412112 3.5000000000000004 8.0000000000000018 20.000000000000004 6.5000000000000009 8.0000000000000018 43.500000000000007 5.5000000000000009 29.500000000000004 43.500000000000007 13.500000000000002 13.500000000000002 16.500000000000004
decision_type=2 2 2 10 2 2 2 2 2 2 2 10 2 2 2 2 2 10 2 2 2 2 2 2 2 2 2 2 2 2
left_child=-1 2 4 6 23 27 7 -4 -7 -10 11 15 -13 -14 -15 16 24 18 -18 29 21 -21 -23 -2 -6 26 -26 -3 -29 -20
right_child=1 5 3 -5 10 8 -8 -9 9 -11 -12 12 13 14 -16 -17 17 -19 19 20 -22 22 -24 -25 25 -27 -28 28 -30 -31
leaf_value=-0.026369374717187529 -0.018824716894057101 -0.0042608455386027857 -0.013325726098491489 0.1303699158769904 -0.012807831977803592 0.029347621595417275 -0.0458295018713527 0.12003748036884372 0.17278624820533559 0.036311021868832727 -0.049180996217710583 0.15428360812258884 0.093847172733201312 0.065430699727805325 -0.025441027568626821 -0.016189175097731962 -0.016855547697557885 -0.040425680772132121 -0.001725548214680769 0.036484502625348719 0.0026135406398488351 0.20595881003083216 0.050361685247792116 0.055496662003002184 0.0012030062055578589 0.060233083702946361 0.06902306016173762 0.08003318081576033 -0.010760197190292642 0.063709168769721505
leaf_weight=2502 4432 964 164 170 2836 440 197 164 164 166 335 166 229 162 527 2319 412 217 715 322 274 183 167 161 3110 308 180 277 169 230
leaf_count=2502 4432 964 164 170 2836 440 197 164 164 166 335 166 229 162 527 2319 412 217 715 322 274 183 167 161 3110 308 180 277 169 230
internal_value=-5.45979e-05 0.00321009 6.38196e-05 0.0440456 -0.00170325 0.0291488 0.0160481 0.0532841 0.0614605 0.104206 0.00354621 0.00497755 0.0408837 0.0203522 -0.0040408 0.00152276 0.00611262 0.0223377 0.0282618 0.0381041 0.0619827 0.0861547 0.131784 -0.0162144 -0.000238594 0.00966214 0.00492068 0.0114867 0.0455766 0.0141755
internal_weight=22662 20160 17980 695 17285 2180 525 328 770 330 12692 12357 1084 918 689 11273 8954 2520 2303 1891 946 672 350 4593 6434 3598 3290 1410 446 945
internal_count=22662 20160 17980 695 17285 2180 525 328 770 330 12692 12357 1084 918 689 11273 8954 2520 2303 1891 946 672 350 4593 6434 3598 3290 1410 446 945
is_linear=0
shrinkage=0.0161


Tree=137
num_leaves=31
num_cat=0
split_feature=479 174 269 557 39 455 507 573 542 541 513 488 541 218 509 493 288 323 80 154 458 405 505 355 173 486 152 573 552 430
split_gain=7337.55 5639.72 4629.61 5284.9 5034.15 4165.34 5012.06 8805.5 4865.99 6457.4 3652.56 4686.13 3241.47 3108.93 3417.43 3935.27 3882.36 3161.99 3513.66 4851.32 3234.45 4217.96 6215.65 3237.12 4125.43 3189.16 2962.91 2841.09 2738.21 2712.34
threshold=29.500000000000004 3.5000000000000004 6.5000000000000009 216.75000000000003 29.500000000000004 4.5000000000000009 286.50000000000006 207.44999694824222 255.05000305175784 238.25000000000003 160.50000000000003 113.50000000000001 166.15000152587893 2.5000000000000004 198.50000000000003 12.500000000000002 6.5000000000000009 43.500000000000007 29.500000000000004 16.500000000000004 16.500000000000004 8.0000000000000018 92.500000000000014 24.500000000000004 10.500000000000002 68.500000000000014 6.5000000000000009 109.54999923706056 244.44999694824222 5.5000000000000009
decision_type=2 2 2 10 2 2 2 10 10 10 2 2 10 2 2 2 2 2 2 2 2 2 2 2 2 2 2 8 8 2
left_child=1 -1 12 4 10 -3 8 -8 9 13 11 -4 -2 -7 15 -15 29 18 20 26 23 22 -22 25 -25 -18 -20 -23 -16 -17
right_child=2 5 3 -5 -6 6 7 -9 -10 -11 -12 -13 -14 14 28 16 17 -19 19 -21 21 27 -24 24 -26 -27 -28 -29 -30 -31
leaf_value=-0.018236441745630091 0.014034237277488181 -0.011855894449541207 0.01644720442561964 0.13299998411713318 0.10818462441218588 -0.022688917415845122 0.14963783684048532 -0.0030295861209822294 -0.078849512310839698 0.10185085207482636 -0.031609408052568892 0.1077174441854394 -0.062129916612772236 -0.01433595076264565 -0.034404332692542873 0.023147077470795693 0.02780252516109398 -0.02538958503926558 0.084786483726886436 0.13230768840895335 0.032180369207537654 0.066845116649834571 0.15685268690990295 -0.0027676880862267808 0.10507596103237821 -0.013298780362017086 0 -0.0075460401615530994 0.027767990533044372 -0.0080219185343004384
leaf_weight=4467 818 4033 631 160 204 966 173 225 176 181 260 190 176 1372 799 1073 852 296 181 189 244 205 181 168 202 1149 261 378 238 2222
leaf_count=4467 818 4033 631 160 204 966 173 225 176 181 260 190 176 1372 799 1073 852 296 181 189 244 205 181 168 202 1149 261 378 238 2222
internal_value=0.000912164 -0.0022671 0.0272931 0.0456905 0.034801 0.0022566 0.00711034 0.0632717 0.00513595 0.00646291 0.0209307 0.0375981 0.000524753 0.00488777 0.00755137 0.0107511 0.0152825 0.0253483 0.0290994 0.0639947 0.0225761 0.0467428 0.0853315 0.012292 0.0560455 0.00418986 0.0347306 0.0185717 -0.0201126 0.00212096
internal_weight=22670 20231 2439 1445 1285 15764 11731 398 11333 11157 1081 821 994 10976 10010 8973 7601 4306 4010 631 3379 1008 425 2371 370 2001 442 583 1037 3295
internal_count=22670 20231 2439 1445 1285 15764 11731 398 11333 11157 1081 821 994 10976 10010 8973 7601 4306 4010 631 3379 1008 425 2371 370 2001 442 583 1037 3295
is_linear=0
shrinkage=0.0161


Tree=138
num_leaves=31
num_cat=0
split_feature=455 235 419 338 288 75 299 305 370 317 402 514 216 390 58 78 61 552 103 421 386 277 17 514 348 170 502 3 532 503
split_gain=7099.54 4617.63 6715 6472.64 3660.44 3381.58 5003.89 3294.8 3667.55 3110.5 3174.18 5775.92 3060.62 3428.86 3023.76 2890.54 2739.98 3181.45 6611.14 3213.38 3789.52 2493.14 2769.53 2448.87 2416.22 2362.08 2331.54 2318.99 2888.12 3394.05
threshold=5.5000000000000009 13.500000000000002 29.500000000000004 16.500000000000004 3.5000000000000004 52.000000000000007 6.5000000000000009 43.500000000000007 43.500000000000007 5.5000000000000009 35.500000000000007 101.50000000000001 8.0000000000000018 4.5000000000000009 52.000000000000007 8.0000000000000018 24.500000000000004 210.94999694824222 13.500000000000002 29.500000000000004 10.500000000000002 20.000000000000004 16.500000000000004 132.50000000000003 10.500000000000002 10.500000000000002 44.500000000000007 6.5000000000000009 142.50000000000003 135.50000000000003
decision_type=2 2 2 2 2 2 2 2 2 2 2 2 2 2 2 2 2 10 2 2 2 2 2 2 2 2 2 2 2 2
left_child=9 4 7 24 23 14 -7 8 12 -1 21 -12 -3 15 16 -14 17 19 -19 27 -21 -11 -23 25 -4 -2 -27 28 29 -6
right_child=1 2 3 -5 5 6 -8 -9 -10 10 11 -13 13 -15 -16 -17 -18 18 -20 20 -22 22 -24 -25 -26 26 -28 -29 -30 -31
leaf_value=-0.023417455243010327 -0.020072138120194864 -0.0050926235702912657 0.068223158331118833 0.14472166160559863 0.01173161683862532 0.12062940314221143 0.0040060072174583497 0.069947358439953006 -0.055268352896068074 -0.012089046163028576 -0.013365047799722545 0.11446250610086084 0.025957328086058957 0.016115756885848296 0.051642486752522851 0.12118919700212245 -0.023153342203006463 -0.0009944477988442777 0.12823686218183805 0.0028223430567805275 0.096246917759021319 0.053244040043775101 -0.024437033464392421 -0.053910097872913107 -0.010147647509812759 -0.013827329350047627 0.068842376534224925 -0.010523704711699852 -0.023394138710090977 0.081995736249238158
leaf_weight=3539 1246 1400 229 202 1983 161 235 242 219 3581 212 161 167 1494 322 165 1031 276 163 262 198 335 184 407 183 178 175 3144 544 196
leaf_count=3539 1246 1400 229 202 1983 161 235 242 219 3581 212 161 167 1494 322 165 1031 276 163 262 198 335 184 407 183 178 175 3144 544 196
internal_value=7.09837e-05 0.00667236 0.0207275 0.0700323 0.000924383 0.00553584 0.0514805 0.0125103 0.00846868 -0.0121385 -0.00320936 0.0417467 0.0128028 0.0265362 0.00329201 0.0733573 0.00129222 0.0050207 0.0469353 0.00210872 0.0430867 -0.00730501 0.0256586 -0.0186384 0.0333557 -0.00964586 0.0270896 -0.00110013 0.00977178 0.0180626
internal_weight=22834 14822 4301 614 10521 8515 396 3687 3445 8012 4473 373 3226 1826 8119 332 7797 6766 439 6327 460 4100 519 2006 412 1599 353 5867 2723 2179
internal_count=22834 14822 4301 614 10521 8515 396 3687 3445 8012 4473 373 3226 1826 8119 332 7797 6766 439 6327 460 4100 519 2006 412 1599 353 5867 2723 2179
is_linear=0
shrinkage=0.0161


Tree=139
num_leaves=31
num_cat=0
split_feature=494 367 533 564 430 503 38 511 226 154 551 14 378 455 158 294 178 355 555 593 192 58 362 109 238 77 220 303 428 514
split_gain=6773.69 4988.6 4516.15 8057.81 7962.96 5910.06 4164.04 5517.4 5471.01 5043.55 4116.34 3829.5 4975.34 3802.29 4367.86 3740.14 4254.23 3586.38 3559.32 3099.4 3054.8 3659.2 3601.12 2806.91 2600.38 3012.45 2673.26 2869.53 4435.88 2595.68
threshold=14.500000000000002 3.5000000000000004 290.50000000000006 247.34999847412112 10.500000000000002 299.50000000000006 8.0000000000000018 182.50000000000003 43.500000000000007 20.000000000000004 244.44999694824222 6.5000000000000009 8.0000000000000018 35.500000000000007 8.0000000000000018 3.5000000000000004 35.500000000000007 29.500000000000004 162.34999847412112 145.55000305175784 10.500000000000002 4.5000000000000009 6.5000000000000009 24.500000000000004 29.500000000000004 10.500000000000002 6.5000000000000009 3.5000000000000004 8.0000000000000018 195.50000000000003
decision_type=2 2 2 10 2 2 2 2 2 2 10 2 2 2 2 2 2 2 8 10 2 2 2 2 2 2 2 2 2 2
left_child=-1 -2 3 5 -5 6 10 8 9 15 19 12 -11 14 -13 -8 20 -9 -16 24 21 22 -17 -23 26 -26 -3 28 -28 -4
right_child=1 2 29 4 -6 -7 7 17 -10 11 -12 13 -14 -15 18 16 -18 -19 -20 -21 -22 23 -24 -25 25 -27 27 -29 -30 -31
leaf_value=-0.017719996585905354 -0.014004106546690414 -0.012254203121801916 0.010845068683135665 0.011602797896195741 0.16608354558437274 0.10316801569568594 -0.022029372814516602 -0.0045651465217346919 0.08906763518675867 0.025970539017298191 0.077817348251295507 0.075338442962857272 0.14259773428953834 0.089664100920347461 -0.046540376441951803 0.018937933630633185 0.074501625202373467 -0.085302039487092279 0.043203530147858278 -0.024276157254112168 -0.0068645122390366322 0.0023623692370011011 0.10101692262581216 0.066193982443818425 0.001722167574982743 0.092380942327716042 0.0013053821656882937 0.0031275869802363599 0.11178324899876256 -0.065311967263128337
leaf_weight=4496 3183 2627 177 179 168 167 773 1199 297 176 162 193 207 202 324 282 305 162 177 1545 1373 1307 274 207 215 171 205 1641 175 334
leaf_count=4496 3183 2627 177 179 168 167 773 1199 297 176 162 193 207 202 324 282 305 162 177 1545 1373 1307 274 207 215 171 205 1641 175 334
internal_value=-2.7609e-06 0.00432348 0.00815692 0.0097924 0.0864625 0.00793885 0.00681717 0.0151067 0.0216508 0.0181946 -0.00235053 0.0464266 0.0890655 0.028174 0.0102425 0.0102025 0.0168563 -0.0141926 -0.0147875 -0.00432814 0.011743 0.0240964 0.0594293 0.0111052 0.00178948 0.0419455 -0.00154026 0.0123746 0.0522453 -0.0388867
internal_weight=22903 18407 15224 14713 347 14366 14199 7458 6097 5800 6741 1279 383 896 694 4521 3748 1361 501 6579 3443 2070 556 1514 5034 386 4648 2021 380 511
internal_count=22903 18407 15224 14713 347 14366 14199 7458 6097 5800 6741 1279 383 896 694 4521 3748 1361 501 6579 3443 2070 556 1514 5034 386 4648 2021 380 511
is_linear=0
shrinkage=0.0161


Tree=140
num_leaves=31
num_cat=0
split_feature=288 358 454 509 501 239 276 123 119 539 207 321 213 501 53 527 232 304 1 176 268 582 544 481 158 408 10 307 598 555
split_gain=7062.93 7643.45 4436.78 5390.41 8022.98 4865.28 3272.42 5288.37 4528.92 6625.23 4691.58 3601.63 4746.05 3417.49 3254.82 3078.42 3138.15 2922.36 3571.25 5945.49 3729.01 4784.02 2520.75 2505.82 3067.71 2437.29 2284.77 2863.81 2214.39 2447.06
threshold=4.5000000000000009 87.000000000000014 5.5000000000000009 230.50000000000003 215.50000000000003 16.500000000000004 8.0000000000000018 8.0000000000000018 10.500000000000002 116.50000000000001 6.5000000000000009 20.000000000000004 24.500000000000004 262.50000000000006 13.500000000000002 234.50000000000003 43.500000000000007 5.5000000000000009 20.000000000000004 24.500000000000004 20.000000000000004 204.25000000000003 131.05000305175784 47.500000000000007 10.500000000000002 6.5000000000000009 8.0000000000000018 10.500000000000002 193.75000000000003 170.05000305175784
decision_type=2 2 2 2 2 2 2 2 2 2 2 2 2 2 2 2 2 2 2 2 2 8 8 2 2 2 2 2 10 10
left_child=15 2 3 -2 -5 6 13 8 11 10 -10 12 14 -4 -8 16 28 -7 19 20 21 25 23 -9 -25 -19 27 -24 29 -1
right_child=1 -3 5 4 -6 17 7 22 9 -11 -12 -13 -14 -15 -16 -17 -18 18 -20 -21 -22 -23 26 24 -26 -27 -28 -29 -30 -31
leaf_value=-0.019866207556444734 -0.013559198491488284 0.10660325131307678 -0.01073741536879734 0.12277661045304775 -0.030591885843328115 -0.00067606116239212941 -0.0051821213444483713 -0.013780606194300337 0.17512361167734741 0.011623589660921349 0.054339096448012027 -0.033746326132482393 0.10607903253389447 0.063663400494683484 0.058006564152526419 0.039737728373100648 0.044177591363831745 0.072786043409602069 0.003081883780872889 0.12009970045802519 -0.026236728726994462 0.10569065187373303 -0.032194641379159124 0 0.09160685732250623 0.0055092411504907386 -0.039919572913008038 0.055787020426659846 -0.063872518111471169 0.025852702669630117
leaf_weight=5728 4843 187 3798 190 165 684 681 374 170 302 165 310 172 167 306 253 207 200 550 266 207 275 205 194 186 465 699 180 279 320
leaf_count=5728 4843 187 3798 190 165 684 681 374 170 302 165 310 172 167 306 253 207 200 550 266 207 275 205 194 186 465 699 180 279 320
internal_value=-0.00158189 0.0042732 0.00305704 -0.00911645 0.0514264 0.00905376 0.00272713 0.013113 0.0305316 0.0663962 0.115703 0.0149637 0.0280126 -0.00759783 0.0143844 -0.0153375 -0.0174737 0.0279483 0.0379343 0.0514837 0.0355505 0.0491819 -0.00683258 0.0157562 0.0448887 0.0257783 -0.0225664 0.00887851 -0.0194944 -0.0174433
internal_weight=22728 15941 15754 5198 355 10556 7909 3944 2106 637 335 1469 1159 3965 987 6787 6534 2647 1963 1413 1147 940 1838 754 380 665 1084 385 6327 6048
internal_count=22728 15941 15754 5198 355 10556 7909 3944 2106 637 335 1469 1159 3965 987 6787 6534 2647 1963 1413 1147 940 1838 754 380 665 1084 385 6327 6048
is_linear=0
shrinkage=0.0161


Tree=141
num_leaves=31
num_cat=0
split_feature=518 290 353 533 38 10 488 598 330 303 597 544 536 530 191 579 183 453 8 58 438 133 411 33 229 107 527 512 562 59
split_gain=6014.81 4784.6 6268.65 5046.9 5542.57 4539.18 5106.37 3491.97 4870.17 5158.81 3390.54 9953.5 3961.99 9068.29 3271.86 4524.39 3612.52 3348.09 3069.82 3565.51 3017.13 2995.75 2791.97 2768.9 2744.77 4904.05 2864.8 2711.35 3342.6 2603.03
threshold=21.500000000000004 4.5000000000000009 43.500000000000007 288.50000000000006 8.0000000000000018 5.5000000000000009 288.50000000000006 228.75000000000003 16.500000000000004 10.500000000000002 74.549999237060561 79.350002288818374 72.500000000000014 139.50000000000003 20.000000000000004 224.44999694824222 35.500000000000007 43.500000000000007 10.500000000000002 4.5000000000000009 5.5000000000000009 13.500000000000002 20.000000000000004 4.5000000000000009 10.500000000000002 16.500000000000004 50.500000000000007 231.50000000000003 224.44999694824222 8.0000000000000018
decision_type=2 2 2 2 2 2 2 8 2 2 10 10 2 2 2 8 2 2 2 2 2 2 2 2 2 2 2 2 10 2
left_child=-1 2 24 4 7 23 10 27 21 -10 11 12 -7 -14 15 16 17 18 -12 -20 -21 -9 -16 -6 26 -26 -2 28 -3 -22
right_child=1 3 -4 -5 5 6 -8 8 9 -11 14 -13 13 -15 22 -17 -18 -19 19 20 29 -23 -24 -25 25 -27 -28 -29 -30 -31
leaf_value=-0.015484411178597109 -8.5790796980301528e-05 -0.0068591637303312266 0.081660895344494167 -0.039221827697736175 -0.04140994651782362 -0.0046382900764691433 0.11484613659873831 -0.013818363776039223 0.13856412828145692 0.011456485922081826 -9.8522046282539666e-05 0.16851670262424659 0.14007514020474068 -0.013029203307962081 -0.026182208095385861 0.086497348351514264 -0.046220213401558317 0.091657220001500811 0.091747907243808394 -0.027649323521572101 -0.00056326428397586068 0.048864786006395884 0.037185508080583615 0.009292316028947251 -0.012988119632895076 0.079408972896202898 -0.030600914965454504 -0.052393426942382679 0.066893370868136931 0.067362890859719485
leaf_weight=5629 1205 3919 183 543 368 423 173 683 168 164 1018 160 207 194 638 298 196 184 253 225 237 278 251 1156 505 211 2367 322 166 379
leaf_count=5629 1205 3919 183 543 368 423 173 683 168 164 1018 160 207 194 638 298 196 184 253 225 237 278 251 1156 505 211 2367 322 166 379
internal_value=-0.00105091 0.00370618 -0.0106007 0.00878349 0.0109469 0.0212797 0.0289157 -0.000578293 0.0226819 0.0758469 0.0257225 0.0522815 0.029683 0.065946 0.0186126 0.0271851 0.0200829 0.0257532 0.0200004 0.0387245 0.0227454 0.00429025 -0.00826451 -0.00293531 -0.0145436 0.0142078 -0.0203133 -0.00740809 -0.00385636 0.0411908
internal_weight=22703 17074 4471 12603 12060 6360 4836 5700 1293 332 4663 984 824 401 3679 2790 2492 2296 2112 1094 841 961 889 1524 4288 716 3572 4407 4085 616
internal_count=22703 17074 4471 12603 12060 6360 4836 5700 1293 332 4663 984 824 401 3679 2790 2492 2296 2112 1094 841 961 889 1524 4288 716 3572 4407 4085 616
is_linear=0
shrinkage=0.0161


Tree=142
num_leaves=31
num_cat=0
split_feature=367 417 436 336 462 226 563 132 72 157 482 524 380 507 55 284 3 154 524 595 512 555 528 507 386 519 370 203 330 534
split_gain=7342.65 6162.71 8169.34 4396.28 3863.8 3448.73 8420.1 3366.81 4671.95 3116.88 2959.38 7871.68 5803.21 2901.94 3216.19 5035.97 2815.11 2765.92 2706.38 2400.06 3365.51 2571.15 2558.24 4519.36 3242.17 3238.74 3081.59 2576.53 2367.02 4568.38
threshold=6.5000000000000009 35.500000000000007 24.500000000000004 10.500000000000002 5.5000000000000009 16.500000000000004 238.25000000000003 8.0000000000000018 5.5000000000000009 20.000000000000004 193.50000000000003 132.50000000000003 20.000000000000004 123.50000000000001 16.500000000000004 5.5000000000000009 6.5000000000000009 35.500000000000007 268.50000000000006 187.55000305175784 226.50000000000003 186.44999694824222 127.50000000000001 80.500000000000014 5.5000000000000009 133.50000000000003 6.5000000000000009 10.500000000000002 16.500000000000004 187.50000000000003
decision_type=2 2 2 2 2 2 8 2 2 2 2 2 2 2 2 2 2 2 2 10 2 10 2 2 2 2 2 2 2 2
left_child=4 3 7 10 -1 13 9 8 -3 -7 -2 -12 16 14 17 -16 -13 -5 19 20 21 22 23 -6 -25 26 -26 -24 -15 -30
right_child=1 2 -4 5 18 6 -8 -9 -10 -11 11 12 -14 28 15 -17 -18 -19 -20 -21 -22 -23 27 24 25 -27 -28 -29 29 -31
leaf_value=-0.021570598009530026 -0.0074890489677655247 0.0066300715192927108 0.14110178121984016 -0.0001649243371758885 -0.0088680703231899787 -0.0034680036117743108 0.12461989282052394 -0.0049907674283799861 0.11175931676069469 0.058702262576148086 0.11078072021136696 0.020797913640411163 0.08377541443237721 -0.024636681274859885 0.11422449585326848 0.01850171873590719 -0.053999047943054622 0.062628421511582932 0.050459164161991032 -0.034619675920653521 0.069063318152876099 0.050245987082885725 -0.052194031842535939 -0.010309181303520532 -0.023465387442279502 0.10643487706457572 0.061991270088091875 0.0068296300710999963 -0.023794079965085528 0.082132080010609482
leaf_weight=4099 5634 229 191 1350 3402 584 248 465 211 325 208 207 160 883 217 417 351 210 249 588 175 228 531 335 182 194 273 299 247 184
leaf_count=4099 5634 229 191 1350 3402 584 248 465 211 325 208 207 160 883 217 417 351 210 249 588 175 228 531 335 182 194 273 299 247 184
internal_value=0.000508687 0.00895211 0.0453949 0.00539177 -0.00934521 0.0173407 0.0414509 0.0251699 0.0570978 0.0187342 -0.00310187 0.0235653 -0.00166763 0.00938205 0.0207178 0.051302 -0.0262096 0.00827294 -0.0015795 -0.00367087 -0.000428048 -0.0026662 -0.0049836 -7.32943e-05 0.0303091 0.0513117 0.0277569 -0.0309029 -0.00952742 0.0213727
internal_weight=22876 12321 1096 11225 10555 4665 1157 905 440 909 6560 926 718 3508 2194 634 558 1560 6456 6207 5619 5444 5216 4386 984 649 455 830 1314 431
internal_count=22876 12321 1096 11225 10555 4665 1157 905 440 909 6560 926 718 3508 2194 634 558 1560 6456 6207 5619 5444 5216 4386 984 649 455 830 1314 431
is_linear=0
shrinkage=0.0161


Tree=143
num_leaves=31
num_cat=0
split_feature=217 534 541 524 516 321 193 163 514 546 31 238 233 194 29 261 236 114 210 438 595 213 561 57 243 427 524 570 518 148
split_gain=6515.24 4794.38 4853 7509.7 4448.2 5289.59 4396.66 4034.49 3522.88 5749.57 3957.13 3234.07 3226.68 3522.94 3751.89 5495.63 3091.5 3026.11 3011.32 3008.29 2913.74 2793.14 3472.67 2516.01 2239.78 2186.18 2138.22 2093.74 3492.03 2061.11
threshold=10.500000000000002 290.50000000000006 215.15000152587893 169.50000000000003 230.50000000000003 16.500000000000004 16.500000000000004 3.5000000000000004 207.50000000000003 200.34999847412112 52.000000000000007 10.500000000000002 16.500000000000004 16.500000000000004 8.0000000000000018 6.5000000000000009 6.5000000000000009 20.000000000000004 8.0000000000000018 52.000000000000007 164.05000305175784 29.500000000000004 106.25000000000001 3.5000000000000004 6.5000000000000009 4.5000000000000009 187.50000000000003 233.25000000000003 164.50000000000003 5.5000000000000009
decision_type=2 2 10 2 2 2 2 2 2 10 2 2 2 2 2 2 2 2 2 2 8 2 10 2 2 2 2 8 2 2
left_child=4 2 8 -4 7 6 -6 -1 9 10 12 -5 19 14 15 -14 26 18 -16 25 -10 23 -23 24 -18 -2 -9 -25 -29 -22
right_child=1 -3 3 11 5 -7 -8 16 20 -11 -12 -13 13 -15 17 -17 21 -19 -20 -21 29 22 -24 27 -26 -27 -28 28 -30 -31
leaf_value=-0.023488392989111272 -0.020886468845712634 -0.055271932465057308 0.14978603094914961 -0.026328332310587583 -0.019060776878892398 0.089877288034458158 0.075569396403501646 -0.0090819412595029309 0.037314894571012468 0.1080556787405289 0.071690273512735325 0.071891712568561528 0.017085810246869761 -0.013558135392695061 0.10613671137946605 0.14190328854435516 0.077376827444223278 -0.013755519381117753 0.007801003036073585 0.06544293142540715 0.0077698112958649859 0 0.097587182218866184 -0.0068066445030079753 -0.0013972536815355725 0.0063584111263425037 -0.047156402099134916 0.0058580918218492407 0.088569678355333803 -0.060780576723851114
leaf_weight=3461 1007 264 170 187 515 258 169 5065 160 167 277 162 164 340 161 208 208 307 163 189 160 194 184 3600 169 3156 414 747 161 388
leaf_count=3461 1007 264 170 187 515 258 169 5065 160 167 277 162 164 340 161 208 208 307 163 189 160 194 184 3600 169 3156 414 747 161 388
internal_value=-8.50426e-06 0.0121225 0.0145411 0.0620167 -0.00612162 0.0277529 0.00428566 -0.00836998 0.0109391 0.0148633 0.0122533 0.0191963 0.00935822 0.0311752 0.0463626 0.0869395 -0.00349674 0.0224035 0.056738 0.00262022 -0.023054 0.00531272 0.0474796 0.00204504 0.0420019 -0.000226277 -0.0119632 -0.00129129 0.0205498 -0.0407229
internal_weight=22775 7630 7366 519 15145 942 684 14203 6847 6139 5972 349 5695 1343 1003 372 10742 631 324 4352 708 5263 378 4885 377 4163 5479 4508 908 548
internal_count=22775 7630 7366 519 15145 942 684 14203 6847 6139 5972 349 5695 1343 1003 372 10742 631 324 4352 708 5263 378 4885 377 4163 5479 4508 908 548
is_linear=0
shrinkage=0.0161


Tree=144
num_leaves=31
num_cat=0
split_feature=34 479 480 536 366 287 175 303 107 460 207 147 515 292 401 260 577 577 270 96 485 17 591 169 179 397 460 312 441 492
split_gain=7404.6 4593.38 5344.7 5870.96 5056.73 3764.21 4026.43 5104.84 6753.05 3648.36 3505.87 3995.79 4787.89 4941.69 3129.51 3834.35 2883.11 7835.59 7056.13 2752.89 2689.18 2813.07 4345.47 2435.65 2189.25 2125.35 2177.67 3368.47 2229.64 3301.36
threshold=6.5000000000000009 20.000000000000004 219.50000000000003 198.50000000000003 10.500000000000002 4.5000000000000009 13.500000000000002 20.000000000000004 8.0000000000000018 3.5000000000000004 8.0000000000000018 29.500000000000004 272.50000000000006 35.500000000000007 10.500000000000002 20.000000000000004 203.05000305175784 175.25000000000003 6.5000000000000009 29.500000000000004 272.50000000000006 29.500000000000004 87.149997711181655 43.500000000000007 2.5000000000000004 4.5000000000000009 6.5000000000000009 24.500000000000004 4.5000000000000009 122.50000000000001
decision_type=2 2 2 2 2 2 2 2 2 2 2 2 2 2 2 2 10 10 2 2 2 2 10 2 2 2 2 2 2 2
left_child=9 10 3 5 -4 -3 19 8 -8 -1 20 12 13 14 15 -12 17 23 -19 -7 21 25 -23 24 -11 -2 -27 28 -28 -30
right_child=1 2 4 -5 -6 6 7 -9 -10 16 11 -13 -14 -15 -16 -17 -18 18 -20 -21 -22 22 -24 -25 -26 26 27 -29 29 -31
leaf_value=-0.031044988751681012 -0.024803305969612301 -0.012904385468321436 0.13555877722241821 -0.055988569066760606 0.020615345437330509 0.0077792955316354651 0.18068909370184186 0.0031982022916053222 0.049742655056153065 -0.033090481924291405 0.013262794892270204 -0.017403046147860209 0.10423254470496951 0.083456894656483108 -0.0087777461707218164 0.077229663324107703 -0.042264644045483871 0.13990164869187041 0.01046268705924263 0.077467668529868666 -0.068726178286350664 -0.021552466398749467 0.072282148684309447 0.040540122631726093 -0.0065075273677847982 -0.01613248785348308 -0.013490976169724278 -0.039316725019158567 0.01091994493889099 0.066644114261933604
leaf_weight=2042 1487 573 201 268 197 1092 162 222 278 945 1363 921 168 259 1284 296 551 177 286 170 177 229 289 252 5377 1560 427 312 849 409
leaf_count=2042 1487 573 201 268 197 1092 162 222 278 945 1363 921 168 259 1284 296 551 177 286 170 177 229 289 252 5377 1560 427 312 849 409
internal_value=-0.0012044 0.00662932 0.0235467 0.0155958 0.0787238 0.0232883 0.0340794 0.0662495 0.0980082 -0.011939 0.00129202 0.0123021 0.0204273 0.0160229 0.0100804 0.02469 -0.00679425 -0.00401355 0.0599967 0.0171854 -0.00693601 -0.00496543 0.0307538 -0.00852531 -0.0104848 -0.00863833 -0.00187396 0.00925262 0.0182598 0.0290557
internal_weight=22823 13193 3163 2765 398 2497 1924 662 440 9630 10030 4291 3370 3202 2943 1659 7588 7037 463 1262 5739 5562 518 6574 6322 5044 3557 1997 1685 1258
internal_count=22823 13193 3163 2765 398 2497 1924 662 440 9630 10030 4291 3370 3202 2943 1659 7588 7037 463 1262 5739 5562 518 6574 6322 5044 3557 1997 1685 1258
is_linear=0
shrinkage=0.0161


Tree=145
num_leaves=31
num_cat=0
split_feature=334 212 478 281 199 326 257 565 258 134 100 599 533 569 176 498 498 274 556 550 510 516 38 324 27 575 224 490 126 573
split_gain=7242.31 5771.39 5605.24 4937.24 5136.41 4317.46 5152.55 5035.96 4370.89 4779.44 5766.31 4205.68 3465.14 3896 3335.6 3302.55 4478.42 3138.77 3447.32 4574.16 3040.22 4227.93 2919.61 2855.25 2780.22 2731.75 2499.51 2457.75 2529.8 2693.63
threshold=10.500000000000002 29.500000000000004 20.000000000000004 3.5000000000000004 13.500000000000002 20.000000000000004 20.000000000000004 141.55000305175784 35.500000000000007 8.0000000000000018 10.500000000000002 112.25000000000001 302.50000000000006 247.34999847412112 61.500000000000007 118.50000000000001 164.50000000000003 43.500000000000007 192.55000305175784 186.44999694824222 84.500000000000014 70.500000000000014 10.500000000000002 5.5000000000000009 3.5000000000000004 116.54999923706056 3.5000000000000004 261.50000000000006 16.500000000000004 197.65000152587893
decision_type=2 2 2 2 2 2 2 8 2 2 2 10 2 10 2 2 2 2 8 10 2 2 2 2 2 8 2 2 2 10
left_child=1 12 23 -2 11 8 7 -7 9 10 22 15 13 14 24 20 -17 18 -13 -20 21 -5 -6 -3 -1 -11 -26 28 29 -28
right_child=3 2 -4 4 5 6 -8 -9 -10 25 -12 17 -14 -15 -16 16 -18 -19 19 -21 -22 -23 -24 -25 26 -27 27 -29 -30 -31
leaf_value=-0.024184333748304036 -0.016612538740676541 -0.044056191390749976 0.10408682431179428 0.012488527010935608 -0.01643554000926185 0.11145203524636983 0.14786626544392728 -0.0067270229633472145 -0.033410901255589841 0.052225818337074681 0.12079272782324198 -0.015895649940925616 -0.073057565954739168 0.070175495609034619 0.050097202370580469 0.11479483092426308 0.0032404188265727956 -0.057405213337079694 0.10134773973025153 0.0010911518600625069 -0.029503341850215074 0.081608857071361382 0.074100339600227397 0.036357857189639367 -0.021132412949583242 -0.013804626216333752 0.0026335688800768532 0.043499777860278324 -0.023681282397620927 -0.049133686002702244
leaf_weight=2846 1309 179 226 1678 200 161 178 222 280 242 294 1243 216 163 243 211 168 299 172 377 351 266 171 317 2275 493 6181 296 1364 272
leaf_count=2846 1309 179 226 1678 200 161 178 222 280 242 294 1243 216 163 243 211 168 299 172 377 351 266 171 317 2275 493 6181 296 1364 272
internal_value=8.82388e-05 -0.00674977 0.0376219 0.0120796 0.0174438 0.0375482 0.0762399 0.0428899 0.024614 0.0362358 0.0675145 0.00798362 -0.00906356 -0.00804844 -0.00899628 0.0213617 0.065408 -0.00911322 -0.00104244 0.0325441 0.0140776 0.0219585 0.0252305 0.00729001 -0.0100831 0.00790399 -0.00621754 -0.0020323 -0.00375944 0.000447883
internal_weight=22893 14578 722 8315 7006 2241 561 383 1680 1400 665 4765 13856 13640 13477 2674 379 2091 1792 549 2295 1944 371 496 13234 735 10388 8113 7817 6453
internal_count=22893 14578 722 8315 7006 2241 561 383 1680 1400 665 4765 13856 13640 13477 2674 379 2091 1792 549 2295 1944 371 496 13234 735 10388 8113 7817 6453
is_linear=0
shrinkage=0.0161


Tree=146
num_leaves=31
num_cat=0
split_feature=227 451 563 589 358 318 151 514 590 113 303 75 117 309 118 240 4 35 425 517 543 556 65 276 546 204 291 62 495 42
split_gain=6903.41 5365.19 6237.29 10402.3 4596.83 5726.06 7457.53 5460.92 4390.77 3997.07 4712.05 3816.21 4052.68 3595.89 3255.06 3175.51 2886.48 2751.71 3297.33 3114.97 4395.61 5213.37 3553.99 3503.11 5071.42 3204.34 3518.82 5086.15 2937.13 2790.8
threshold=3.5000000000000004 6.5000000000000009 238.25000000000003 216.75000000000003 35.500000000000007 10.500000000000002 13.500000000000002 308.50000000000006 220.15000152587893 52.000000000000007 10.500000000000002 52.000000000000007 10.500000000000002 61.500000000000007 35.500000000000007 5.5000000000000009 20.000000000000004 4.5000000000000009 16.500000000000004 26.500000000000004 101.54999923706056 90.049999237060561 8.0000000000000018 6.5000000000000009 158.65000152587893 16.500000000000004 5.5000000000000009 10.500000000000002 200.50000000000003 8.0000000000000018
decision_type=2 2 10 10 2 2 2 2 10 2 2 2 2 2 2 2 2 2 2 2 10 10 2 2 10 2 2 2 2 2
left_child=16 15 4 -4 7 14 -7 8 9 11 -11 13 -13 17 -6 -2 -1 28 19 -19 21 25 23 -22 -25 26 -21 -28 -3 -23
right_child=1 2 3 -5 5 6 -8 -9 -10 10 -12 12 -14 -15 -16 -17 -18 18 -20 20 22 29 -24 24 -26 -27 27 -29 -30 -31
leaf_value=-0.010198615570938331 -0.017070663868754329 -0.022047561195120361 0.14976248154609509 -0.001915054116466265 -0.026667635864579587 0.163494154320284 0.031768632003590529 0.10036835962962044 -0.048304218836862554 0.0051227378517904312 0.11896445241905676 0.11478111043001954 0.0067092568190780704 0.073029917211048803 0.054297173167336649 0.0041557306932905715 -0.043825841028837034 -0.0098574115361450172 -0.011563271867583987 -0.00052633262269213962 -0.010272704777075002 0.050380418935218343 -0.016806650785172489 0.015821134480902499 0.11933462398689919 -0.031535593320467403 0.019461586374048708 0.13137503084012839 0.050106209022329769 0.13977404383125794
leaf_weight=3944 3045 1681 225 244 306 187 277 160 377 200 179 167 196 186 222 4564 796 994 1757 308 347 175 869 319 200 202 230 195 160 190
leaf_count=3944 3045 1681 225 244 306 187 277 160 377 200 179 167 196 186 222 4564 796 994 1757 308 347 175 869 319 200 202 230 195 160 190
internal_value=0.00145065 0.00596732 0.0133983 0.0708012 0.0107262 0.0436396 0.084907 0.00713249 0.00545971 0.00783172 0.0589518 0.00545916 0.0564931 0.00308506 0.00732981 -0.00433564 -0.0158507 0.00137622 0.00683398 0.0148627 0.0229665 0.0453532 0.00617909 0.0292716 0.0557561 0.0251748 0.0408352 0.0708655 -0.0157639 0.0969786
internal_weight=22902 18162 10553 469 10084 992 464 9092 8932 8555 379 8176 363 7813 528 7609 4740 7627 5786 4029 3035 1300 1735 866 519 935 733 425 1841 365
internal_count=22902 18162 10553 469 10084 992 464 9092 8932 8555 379 8176 363 7813 528 7609 4740 7627 5786 4029 3035 1300 1735 866 519 935 733 425 1841 365
is_linear=0
shrinkage=0.0161


Tree=147
num_leaves=31
num_cat=0
split_feature=36 505 227 533 500 239 1 58 208 599 247 486 87 454 175 222 541 485 541 16 369 199 220 65 505 543 72 276 435 539
split_gain=6704.96 6256.58 4614.49 4504.52 5665.96 3973.5 4786.21 4802.88 4322.68 3274.29 5732.21 3829.72 3044.89 2961.3 4495.33 2908.77 3823.48 13147.2 3594.28 3668.71 2941.99 2586.11 2728.63 2425.59 2363.68 5466.89 2506.63 3769.61 4055.98 2979.67
threshold=3.5000000000000004 341.50000000000006 3.5000000000000004 324.50000000000006 317.50000000000006 16.500000000000004 20.000000000000004 29.500000000000004 10.500000000000002 226.84999847412112 10.500000000000002 215.50000000000003 35.500000000000007 13.500000000000002 10.500000000000002 4.5000000000000009 209.25000000000003 242.50000000000003 176.25000000000003 52.000000000000007 29.500000000000004 24.500000000000004 5.5000000000000009 10.500000000000002 82.500000000000014 98.750000000000014 10.500000000000002 8.0000000000000018 8.0000000000000018 136.50000000000003
decision_type=2 2 2 2 2 2 2 2 2 8 2 2 2 2 2 2 10 2 10 2 2 2 2 2 2 8 2 2 2 2
left_child=-1 2 12 4 5 15 7 9 -9 11 -11 13 23 -7 -15 21 18 -18 19 20 24 -4 -23 -2 -17 -26 -27 29 -29 -28
right_child=1 -3 3 -5 -6 6 -8 8 -10 10 -12 -13 -14 14 -16 16 17 -19 -20 -21 -22 22 -24 -25 25 26 27 28 -30 -31
leaf_value=-0.018138153963975931 -0.0068062389349761963 0.10412920860157965 -0.016264023774495488 -0.068892480958720012 0.095614236256288343 -0.0018495366058803838 -0.010899242210576272 0.033617257702880377 0.12497199265199699 0.10610357491478466 -0.0041582624342337829 -0.064208140001071529 0.049494964459391125 0.0090479597429970211 0.10252059474176255 0.00056933278552865772 0.12362248210380965 -0.03044039487367135 -0.030655136900378056 0.06395942740772409 -0.02654791709856108 -0.015055035038960773 0.078006214713897293 -0.035424176283779259 0.10830124588260936 -0.00060068776866933481 -0.039299288431546328 0.11487502186197705 0.020929802845250221 0.048937529200708013
leaf_weight=4451 2145 160 2736 200 189 761 847 292 250 277 218 162 188 329 225 3384 290 284 694 289 672 162 164 1198 175 1196 229 228 251 175
leaf_count=4451 2145 160 2736 200 189 761 847 292 250 277 218 162 188 329 225 3384 290 284 694 289 672 162 164 1198 175 1196 229 228 251 175
internal_value=-0.000408294 0.00388632 0.00300426 0.00698028 0.00802994 0.0068699 0.0221798 0.033334 0.0757985 0.0216508 0.0574963 0.00962164 -0.0135181 0.0187349 0.0470532 0.00215948 0.00734317 0.0473552 0.00419077 0.00785899 0.00528584 -0.011151 0.0316889 -0.0170688 0.00908432 0.0218577 0.01457 0.0351449 0.0656961 -0.00101964
internal_weight=22821 18370 18210 14679 14479 14290 3361 2514 542 1972 495 1477 3531 1315 554 10929 7867 574 7293 6599 6310 3062 326 3343 5638 2254 2079 883 479 404
internal_count=22821 18370 18210 14679 14479 14290 3361 2514 542 1972 495 1477 3531 1315 554 10929 7867 574 7293 6599 6310 3062 326 3343 5638 2254 2079 883 479 404
is_linear=0
shrinkage=0.0161


Tree=148
num_leaves=31
num_cat=0
split_feature=35 34 235 511 516 157 457 563 506 562 178 56 142 471 187 182 94 567 217 406 453 510 576 273 506 233 286 290 220 76
split_gain=7001.28 5345.33 4913.49 4307.63 7953.48 8905.78 6106.58 5922.29 4931.12 6609.15 3953.6 7254.15 3235.4 4115.04 5030.18 3258.01 3671.87 3149.27 3060.22 4186.62 2993.83 2675.01 2604.08 2240.49 2216.4 2182.17 2392.95 2173.17 2169.47 2139.94
threshold=10.500000000000002 6.5000000000000009 6.5000000000000009 106.50000000000001 47.500000000000007 24.500000000000004 6.5000000000000009 235.84999847412112 71.500000000000014 149.65000152587893 35.500000000000007 20.000000000000004 20.000000000000004 13.500000000000002 13.500000000000002 5.5000000000000009 10.500000000000002 95.850002288818374 20.000000000000004 5.5000000000000009 43.500000000000007 262.50000000000006 198.94999694824222 16.500000000000004 154.50000000000003 24.500000000000004 8.0000000000000018 6.5000000000000009 43.500000000000007 43.500000000000007
decision_type=2 2 2 2 2 2 2 10 2 8 2 2 2 2 2 2 2 8 2 2 2 2 10 2 2 2 2 2 2 2
left_child=2 22 21 4 20 6 23 12 17 -10 18 -12 13 15 24 -5 -17 -8 29 -20 -3 25 -2 -6 -15 28 -27 -18 -1 -4
right_child=1 3 10 7 5 -7 8 -9 9 -11 11 -13 -14 14 -16 16 27 -19 19 -21 -22 -23 -24 -25 -26 26 -28 -29 -30 -31
leaf_value=-0.022342183875213542 -0.0041921228191759393 0.0026942162270502616 -0.0080882225811799088 -0.049399633122349025 -0.025660442035514076 0.14315865992226776 0.071555379693233348 0.068261880896255206 0.052340147077416285 0.1849050283014414 -0.0084372962128764651 0.12608830260586065 -0.038365857350897634 0.038880038359422747 0.087182623855175181 0.058565841809323685 0.017922918220576858 -0.013330099766784594 0.084045344632925553 0.0043309201470059277 0.062033950040933074 0.042169618872224528 -0.060165662746028692 0.038228188930043421 -0.035173796850024044 -0.020472020111684742 0.066067288885218498 -0.041188790550473614 0.035727809629416449 0.037933145265720503
leaf_weight=6289 2386 2056 4763 419 356 253 235 320 232 169 238 184 588 200 291 242 290 218 243 577 247 192 237 237 220 170 161 362 171 277
leaf_count=6289 2386 2056 4763 419 356 253 235 320 232 169 238 184 588 200 291 242 290 218 243 577 247 192 237 237 220 170 161 362 171 277
internal_value=-0.000191112 0.0103129 -0.00776146 0.0177187 0.0285789 0.0549956 0.0395646 0.00288349 0.0671252 0.108268 0.00256621 0.0501626 -0.00511711 0.00453049 0.0357355 -0.0123493 0.00498908 0.0306535 -0.000857364 0.0279823 0.00906871 -0.0170558 -0.00925856 -8.68465e-05 3.38947e-05 -0.0187337 0.02155 -0.0148607 -0.0208014 -0.0055542
internal_weight=22823 9558 13265 6935 4003 1700 1447 2932 854 401 6282 422 2612 2024 711 1313 894 453 5860 820 2303 6983 2623 593 420 6791 331 652 6460 5040
internal_count=22823 9558 13265 6935 4003 1700 1447 2932 854 401 6282 422 2612 2024 711 1313 894 453 5860 820 2303 6983 2623 593 420 6791 331 652 6460 5040
is_linear=0
shrinkage=0.0161


Tree=149
num_leaves=31
num_cat=0
split_feature=158 288 533 541 58 40 273 538 275 490 30 597 274 582 448 532 188 582 363 10 234 24 11 585 566 506 255 97 234 511
split_gain=5474.87 4836.26 3700.36 7051.25 8165.54 4680.77 3210.35 3885.42 6623.73 6548.46 7369.85 3825.78 3133.82 3404.83 3641.77 3095.74 3218.83 3344.63 3064.59 2924.41 4156.72 4192.17 2835.49 2509.33 2834.7 3713.16 2921.51 3167.97 2501.8 3525.9
threshold=2.5000000000000004 2.5000000000000004 299.50000000000006 238.25000000000003 6.5000000000000009 10.500000000000002 6.5000000000000009 113.50000000000001 13.500000000000002 73.500000000000014 8.0000000000000018 99.350002288818374 43.500000000000007 105.54999923706056 4.5000000000000009 16.500000000000004 10.500000000000002 79.649997711181655 16.500000000000004 20.000000000000004 16.500000000000004 8.0000000000000018 8.0000000000000018 244.44999694824222 179.15000152587893 180.50000000000003 16.500000000000004 6.5000000000000009 8.0000000000000018 219.50000000000003
decision_type=2 2 2 10 2 2 2 2 2 2 2 10 2 8 2 2 2 10 2 2 2 2 2 10 8 2 2 2 2 2
left_child=-1 -2 3 6 -5 -6 -3 8 18 15 -11 -12 13 -9 -15 -10 -17 -18 19 20 -8 -22 -4 24 25 26 27 -16 29 -26
right_child=1 2 22 4 5 -7 7 12 9 10 11 -13 -14 14 23 16 17 -19 -20 -21 21 -23 -24 -25 28 -27 -28 -29 -30 -31
leaf_value=-0.022729449914334142 -0.022673894265944992 -0.0040088820468785289 0.010723382543550364 0.15497751084181458 0.076835871919149229 -0.036885198471045558 0.011302204404034896 0.073102901352097863 -0.016283617628237115 0.14403196647504049 0.094083661176796632 -0.0061666460647992784 -0.05226619575996766 -0.036355925208800363 -0.019593611877758071 0.0022961932964290594 0.11039621408722368 0.026753962011487428 -0.018556142277287576 -0.022655905064286226 0.12332384331694293 0.022498815855984539 -0.072302008722484656 0.067840201937643299 -0.020774051892922019 0.091837251250417432 -0.036149163860543697 0.052485706873701299 -0.037716339339488876 0.064775266667160963
leaf_weight=2709 1916 7853 170 170 189 186 1885 163 405 289 174 227 309 647 248 385 225 278 999 462 190 246 284 162 350 162 272 434 613 194
leaf_count=2709 1916 7853 170 170 189 186 1885 163 405 289 174 227 309 647 248 385 225 278 999 462 190 246 284 162 350 162 272 434 613 194
internal_value=-0.0012438 0.00165265 0.00421901 0.00538321 0.0623991 0.0203675 0.00357229 0.00996336 0.0181264 0.0419611 0.0820231 0.0372748 -0.00327142 0.00138677 -0.00239849 0.0205642 0.0373962 0.0642153 0.00562302 0.014311 0.0216794 0.0664903 -0.0411614 0.00661461 0.00224062 0.0205565 0.00842761 0.0262405 -0.0154059 0.00969108
internal_weight=22796 20087 18171 17717 545 375 17172 9319 5765 1983 690 401 3554 3245 3082 1293 888 503 3782 2783 2321 436 454 2435 2273 1116 954 682 1157 544
internal_count=22796 20087 18171 17717 545 375 17172 9319 5765 1983 690 401 3554 3245 3082 1293 888 503 3782 2783 2321 436 454 2435 2273 1116 954 682 1157 544
is_linear=0
shrinkage=0.0161


Tree=150
num_leaves=31
num_cat=0
split_feature=36 505 167 230 511 504 94 337 574 548 187 164 558 585 188 135 132 504 413 525 547 179 115 481 537 422 230 7 12 283
split_gain=6245.93 6104.1 4202.7 4737.84 5941.17 6684.37 5782.91 7737.16 4609.2 4659.41 4692.23 4154.94 4144.59 3866.44 3720.22 3488.83 2867.04 2857.91 2842.82 2502.18 2993.12 2501.45 3458.47 2229.52 2999.15 2224.25 2682.11 2344.39 2180.7 2393.52
threshold=5.5000000000000009 334.50000000000006 10.500000000000002 52.000000000000007 101.50000000000001 52.500000000000007 13.500000000000002 16.500000000000004 251.25000000000003 221.94999694824222 29.500000000000004 10.500000000000002 235.84999847412112 120.04999923706056 3.5000000000000004 61.500000000000007 13.500000000000002 221.50000000000003 5.5000000000000009 268.50000000000006 187.55000305175784 35.500000000000007 16.500000000000004 31.500000000000004 31.500000000000004 5.5000000000000009 13.500000000000002 10.500000000000002 29.500000000000004 2.5000000000000004
decision_type=2 2 2 2 2 2 2 2 10 8 2 2 10 8 2 2 2 2 2 2 10 2 2 2 2 2 2 2 2 2
left_child=15 2 12 4 5 16 11 13 9 10 14 -7 21 -8 -6 19 23 18 -16 20 -1 28 -23 -4 -25 -20 27 -27 29 -2
right_child=1 -3 3 -5 8 6 7 -9 -10 -11 -12 -13 -14 -15 17 -17 -18 -19 25 -21 -22 22 -24 24 -26 26 -28 -29 -30 -31
leaf_value=-0.012563465696270742 -0.029066205486582914 0.10175045109301985 0.0048884613494813416 0.093941443961410256 0.058065343339366603 -0.008916285582115064 0.10993094164558544 0.18245121921344007 0.074313657284996143 -0.048599967666598395 0.077439094841319014 0.073118601905361749 0.059400589678965707 0.0022526255282249194 -0.047812876536384746 0.060368386714348139 -0.026828200052832415 -0.065240865671580522 -0.03373966028479701 0.038736142152107744 -0.052347150906922303 0.00082484954165953201 0.082726570097583552 0.099666119058407096 0.01268676007641424 0.099587505349888611 -0.018507613041205618 0.013961332056881543 -0.03089610458184968 -0.00037502891603489915
leaf_weight=6936 849 169 804 193 196 378 163 182 174 638 192 277 275 185 289 168 452 257 200 228 528 413 198 183 236 167 192 166 843 6730
leaf_count=6936 849 169 804 193 196 378 163 182 174 638 192 277 275 185 289 168 452 257 200 228 528 413 198 183 236 167 192 166 843 6730
internal_value=-0.000559223 0.00553125 0.00443332 0.0155586 0.0127165 0.0285162 0.0577824 0.0973371 -0.00556094 -0.0116218 0.00258472 0.0257404 -0.00216667 0.0527558 -0.00719613 -0.012186 0.00779731 -0.0172786 -0.00509923 -0.0137737 -0.0153809 -0.00404362 0.0274044 0.0206135 0.0507315 0.0118948 0.0293243 0.0569737 -0.00632791 -0.00359212
internal_weight=22861 15001 14832 5524 5331 2860 1185 530 2471 2297 1659 655 9308 348 1467 7860 1675 1271 1014 7692 7464 9033 611 1223 419 725 525 333 8422 7579
internal_count=22861 15001 14832 5524 5331 2860 1185 530 2471 2297 1659 655 9308 348 1467 7860 1675 1271 1014 7692 7464 9033 611 1223 419 725 525 333 8422 7579
is_linear=0
shrinkage=0.0161


Tree=151
num_leaves=31
num_cat=0
split_feature=291 58 571 429 557 322 36 501 538 540 347 109 450 462 329 566 96 570 235 379 104 593 155 401 528 236 204 340 594 260
split_gain=6004.1 4818.96 5802.87 5153.12 3947.81 3899.82 3874.39 4062.43 3687.17 4289.68 3698.5 3091.91 4166.27 3065.02 2688.12 3641.74 2725.49 2456.35 2544 3677.83 2769.09 4532.26 2441.5 2375.38 2358.04 2252.78 3681.16 3019.15 2251.62 2245.12
threshold=2.5000000000000004 35.500000000000007 280.05000305175787 20.000000000000004 115.85000228881837 4.5000000000000009 4.5000000000000009 320.50000000000006 302.50000000000006 247.34999847412112 61.500000000000007 13.500000000000002 20.000000000000004 8.0000000000000018 43.500000000000007 221.94999694824222 73.500000000000014 192.55000305175784 10.500000000000002 16.500000000000004 24.500000000000004 120.04999923706056 61.500000000000007 3.5000000000000004 109.50000000000001 10.500000000000002 4.5000000000000009 16.500000000000004 139.25000000000003 10.500000000000002
decision_type=2 2 10 2 10 2 2 2 2 10 2 2 2 2 2 10 2 10 2 2 2 8 2 2 2 2 2 2 10 2
left_child=28 2 5 11 -5 17 25 8 9 10 14 12 13 -3 15 16 22 18 20 -20 -2 -22 23 -8 -16 -7 -27 29 -1 -28
right_child=1 3 -4 4 -6 6 7 -9 -10 -11 -12 -13 -14 -15 24 -17 -18 -19 19 -21 21 -23 -24 -25 -26 26 27 -29 -30 -31
leaf_value=-0.018054512085375205 -0.020898227394671051 -0.028945659658419727 0.097095029793462365 0.030624105950558728 0.13532701103658917 -0.019996290006743318 -0.0097914667164646189 0.086899214741437428 -0.06245219126379728 0.079792636957891391 -0.051239609469009996 -0.017714358856670321 0.088262598603376 0.049493799951050625 0.004860910118398845 0.064985064451246813 -0.043960110845145735 -0.054565214227099798 -0.0032713477454198439 0.063287201554760461 -0.022810221084672944 0.090187693164075378 0.061675879102968942 0.013451128329520725 -0.068864758170980339 0.064569103114119328 0.042070631975157584 -0.058981691864023619 -0.064380461305401995 -0.025431653318542045
leaf_weight=2061 3272 274 160 192 183 2220 1377 172 189 219 268 492 248 244 245 317 241 328 1124 266 216 160 239 6588 207 237 293 216 314 226
leaf_count=2061 3272 274 160 192 183 2220 1377 172 189 219 268 492 248 244 245 317 241 328 1124 266 216 160 239 6588 207 237 293 216 314 226
internal_value=3.77987e-05 0.0028577 0.000549705 0.0293859 0.0817819 -0.000278636 0.00440831 0.00931237 0.00796066 0.0093349 0.0077051 0.0137484 0.0339876 0.00795722 0.00942213 0.0113992 0.00938494 -0.0118598 -0.00907475 0.00944882 -0.0161392 0.0252114 0.0109549 0.00942996 -0.0288508 -0.0110432 0.00938111 -0.00838218 -0.0241892 0.0126312
internal_weight=22788 20413 18780 1633 375 18620 13254 10062 9890 9701 9482 1258 766 518 9214 8762 8445 5366 5038 1390 3648 376 8204 7965 452 3192 972 735 2375 519
internal_count=22788 20413 18780 1633 375 18620 13254 10062 9890 9701 9482 1258 766 518 9214 8762 8445 5366 5038 1390 3648 376 8204 7965 452 3192 972 735 2375 519
is_linear=0
shrinkage=0.0161


Tree=152
num_leaves=31
num_cat=0
split_feature=479 540 463 534 571 338 569 93 316 449 312 298 539 199 503 399 212 595 517 338 333 576 16 597 506 453 25 153 244 528
split_gain=7043.67 4957.73 4299.89 4110.88 3433.26 4376.02 6508.06 3429.22 2902.08 4439.61 2747.23 3609.49 4746.79 6428.21 4091.48 3637.71 3354.34 2672.65 2513.16 5173.07 2454.19 2431.63 2399.54 2675.84 3630.56 2464.64 2392.71 2385.21 2591.2 2330.96
threshold=29.500000000000004 215.15000152587893 2.5000000000000004 320.50000000000006 172.25000000000003 16.500000000000004 152.44999694824222 3.5000000000000004 61.500000000000007 8.0000000000000018 24.500000000000004 16.500000000000004 183.50000000000003 13.500000000000002 106.50000000000001 73.500000000000014 29.500000000000004 209.25000000000003 164.50000000000003 5.5000000000000009 16.500000000000004 146.25000000000003 61.500000000000007 200.34999847412112 272.50000000000006 35.500000000000007 13.500000000000002 8.0000000000000018 20.000000000000004 244.50000000000003
decision_type=2 10 2 2 10 2 8 2 2 2 2 2 2 2 2 2 2 10 2 2 2 10 2 10 2 2 2 2 2 2
left_child=2 4 -1 7 5 21 20 18 10 -10 11 15 14 -14 16 22 -13 -12 -4 -20 -7 27 23 24 25 29 -27 -2 -29 -9
right_child=1 -3 3 -5 -6 6 -8 8 9 -11 17 12 13 -15 -16 -17 -18 -19 19 -21 -22 -23 -24 -25 -26 26 -28 28 -30 -31
leaf_value=-0.025151611074918954 -0.026161587974990509 0.099222565918975714 -0.019771530023554265 -0.069843251828280828 -0.031697350578271985 -0.018313778464364786 0.14278658085410087 -0.0025529516096913646 0.11011865913472714 -0.0054503699451125126 -0.022501713822473454 0.017304727269230227 0.021727381308338848 0.14434027013423975 -0.020705698097199549 0.075666740201534688 0.091202812469947395 0.042693253322665548 0.094163397249159814 -0.017862970534411406 0.068830080008459679 0.068714854786382673 0.054446723467565177 -0.035437139405651887 0.074608329778584906 0.055043445080184029 -0.015755850536509724 0.039656171495264549 -0.026041470992908489 -0.058242843098049328
leaf_weight=2228 454 213 3157 225 311 174 184 7613 163 182 1705 1239 298 177 700 162 183 180 161 317 161 166 196 597 165 367 186 535 219 200
leaf_count=2228 454 213 3157 225 311 174 184 7613 163 182 1705 1239 298 177 700 162 183 180 161 317 161 166 196 597 165 367 186 535 219 200
internal_value=-0.000961228 0.0250255 -0.00404115 -0.00145172 0.0178442 0.0259958 0.0658339 -0.000593036 0.00295211 0.0490836 0.00181101 0.0046327 0.0214504 0.0674664 0.0111389 2.59964e-05 0.0268314 -0.0162637 -0.0145587 0.0198205 0.023497 0.0109307 -0.0012857 -0.00248499 -0.000176235 -0.001654 0.0311877 0.00297064 0.020543 -0.00398153
internal_weight=22818 2417 20401 18173 2204 1893 519 17948 14313 345 13968 12083 2597 475 2122 9486 1422 1885 3635 478 335 1374 9324 9128 8531 8366 553 1208 754 7813
internal_count=22818 2417 20401 18173 2204 1893 519 17948 14313 345 13968 12083 2597 475 2122 9486 1422 1885 3635 478 335 1374 9324 9128 8531 8366 553 1208 754 7813
is_linear=0
shrinkage=0.0161


Tree=153
num_leaves=31
num_cat=0
split_feature=160 377 487 236 364 261 107 594 406 363 36 465 547 486 455 357 582 156 368 217 129 289 216 267 516 328 575 199 478 595
split_gain=5601.76 4722.67 6305.58 5207.15 5730.53 4027.2 3516.9 3471.89 4843.78 2928.45 3741.36 3608.69 3054.24 2810.66 2946.01 2682.36 2750.07 2560.35 3183.46 3678.08 2639.7 2474.08 2423.96 2438.84 2582.04 2262.27 4367.33 4595.43 4426.25 2859.04
threshold=4.5000000000000009 35.500000000000007 191.50000000000003 43.500000000000007 16.500000000000004 20.000000000000004 8.0000000000000018 195.05000305175784 20.000000000000004 16.500000000000004 4.5000000000000009 35.500000000000007 238.25000000000003 251.50000000000003 61.500000000000007 35.500000000000007 182.25000000000003 16.500000000000004 8.0000000000000018 16.500000000000004 16.500000000000004 3.5000000000000004 52.000000000000007 35.500000000000007 20.500000000000004 10.500000000000002 308.34999084472662 13.500000000000002 10.500000000000002 173.15000152587893
decision_type=2 2 2 2 2 2 2 8 2 2 2 2 10 2 2 2 10 2 2 2 2 2 2 2 2 2 8 2 2 8
left_child=17 3 5 9 6 7 -5 8 -3 10 11 -2 13 14 21 16 -11 -1 -19 20 -20 -12 23 24 -23 29 27 -27 -29 -26
right_child=1 2 -4 4 -6 -7 -8 -9 -10 15 12 -13 -14 -15 -16 -17 -18 18 19 -21 -22 22 -24 -25 25 26 -28 28 -30 -31
leaf_value=-0.017636758617741971 -0.017433468743101983 0.022551457148297045 0.10131850378728928 0.063356565700500272 0.11135705114269356 -0.040905258686675924 -0.02921708069606611 -0.02311561509954806 0.12554785357838996 -0.011703005244102187 -0.01288264250134212 0.055962640704592406 0.062720767719226522 -0.046684834628036916 0.061482599544877801 0.028879623042524828 -0.052762338455529884 -0.023721431701145195 0.038899771487738884 0.089601298781365774 -0.040210721758931069 -0.0043874664806021211 -0.047473361688932306 -0.027474746542706197 0.02618931769466459 0.0052463081143401813 0.10367055171925159 0.13222542366446979 0.018347193321058389 -0.010109472144967787
leaf_weight=5789 2589 387 279 189 226 252 243 206 171 2492 1295 186 268 241 269 342 510 451 267 199 185 1169 173 348 1636 801 229 176 179 856
leaf_count=5789 2589 387 279 189 226 252 243 206 171 2492 1295 186 268 241 269 342 510 451 267 199 185 1169 173 348 1636 801 229 176 179 856
internal_value=-0.00125018 0.00405667 0.0335089 0.00140951 0.0456555 0.0148648 0.0112294 0.0332909 0.054157 -0.000704772 0.00350219 -0.0125055 0.00931958 0.00737505 0.00920536 -0.0138145 -0.0186863 -0.0133536 0.00912524 0.0319169 0.0064684 0.00715259 0.0118174 0.0137234 0.0165693 0.0228943 0.0394002 0.0266481 0.0748714 0.0137113
internal_weight=22603 15712 1295 14417 658 1016 432 764 558 13759 10415 2775 7640 7372 7131 3344 3002 6891 1102 651 452 6862 5567 5394 5046 3877 1385 1156 355 2492
internal_count=22603 15712 1295 14417 658 1016 432 764 558 13759 10415 2775 7640 7372 7131 3344 3002 6891 1102 651 452 6862 5567 5394 5046 3877 1385 1156 355 2492
is_linear=0
shrinkage=0.0161


Tree=154
num_leaves=31
num_cat=0
split_feature=394 350 127 507 223 589 514 535 340 232 7 498 427 541 465 585 390 485 484 287 534 532 530 537 35 82 133 580 219 114
split_gain=6282.52 5061.75 6651.17 4718.6 7787.27 4213.58 3819.46 3837.44 3626.44 3457.19 3322.04 3129.22 3077.43 3058.8 5641.06 4439.41 3760.52 3070.67 3351.84 2902.91 2607.46 4502.98 3103.05 2654.98 2585.86 3148.92 3389.67 4114.35 4321.87 5991.08
threshold=24.500000000000004 29.500000000000004 10.500000000000002 288.50000000000006 10.500000000000002 127.25000000000001 10.500000000000002 320.50000000000006 3.5000000000000004 3.5000000000000004 29.500000000000004 230.50000000000003 24.500000000000004 238.25000000000003 43.500000000000007 161.34999847412112 35.500000000000007 272.50000000000006 241.50000000000003 16.500000000000004 191.50000000000003 173.50000000000003 111.50000000000001 116.50000000000001 10.500000000000002 20.000000000000004 5.5000000000000009 157.84999847412112 3.5000000000000004 6.5000000000000009
decision_type=2 2 2 2 2 8 2 2 2 2 2 2 2 8 2 8 2 2 2 2 2 2 2 2 2 2 2 8 2 2
left_child=3 5 -3 6 -5 8 -1 9 -2 -8 11 12 -7 17 15 -15 20 18 24 -10 21 22 23 -17 -11 26 27 28 -26 -30
right_child=1 2 -4 4 -6 10 7 -9 19 13 -12 -13 -14 14 -16 16 -18 -19 -20 -21 -22 -23 -24 -25 25 -27 -28 -29 29 -31
leaf_value=-0.021484384798180337 -0.024992370044620175 0.0027888315099733195 0.13861850871212431 0.10564657416806132 -0.02457738227001547 -0.017235606193579403 -0.014655562547102709 -0.075107646673312198 0.033426126735638835 -0.0066209961566008838 -0.051600771244882229 0.061368577953369467 0.050163787233110817 0.079886764697325197 0.10281523454719116 0.0036966471035458129 0.073259650267156667 -0.057747850090117916 0.066255943159078526 0.095793138936410796 -0.038613552186365308 0.085360310558709421 -0.0349372482997043 0.071723084185398023 -0.0035986854394096037 -0.016267257795444388 0.0049290294803776375 -0.02007795675194296 0.13898474111452194 0.036105762698345097
leaf_weight=2681 204 171 207 266 215 854 3301 178 765 6160 294 236 221 231 192 1030 198 236 200 260 376 176 478 174 211 851 1641 216 261 337
leaf_count=2681 204 171 207 266 215 854 3301 178 765 6160 294 236 221 231 192 1030 198 236 200 260 376 176 478 174 211 851 1641 216 261 337
internal_value=0.00100644 0.0218792 0.077234 -0.00241137 0.0473894 0.0144877 -0.00366491 -0.000758758 0.0369233 5.32509e-05 -0.00267733 0.00827611 -0.00335765 0.00379919 0.0185157 0.012429 0.00601193 -0.000353114 0.00101589 0.049269 4.12164e-05 0.00787638 -0.000217341 0.0135473 -0.000330034 0.0106818 0.019293 0.0422663 0.0589411 0.0810472
internal_weight=22821 3212 378 19609 481 2834 19128 16447 1229 16269 1605 1311 1075 12968 2855 2663 2432 10113 9877 1025 2234 1858 1682 1204 9677 3517 2666 1025 809 598
internal_count=22821 3212 378 19609 481 2834 19128 16447 1229 16269 1605 1311 1075 12968 2855 2663 2432 10113 9877 1025 2234 1858 1682 1204 9677 3517 2666 1025 809 598
is_linear=0
shrinkage=0.0161


Tree=155
num_leaves=31
num_cat=0
split_feature=560 475 534 506 480 500 159 482 541 589 266 39 189 375 482 8 27 303 119 364 40 333 68 333 463 300 21 561 266 530
split_gain=5525.65 5043.07 3627.48 5391.41 4087.84 4251.71 3948.67 3659.64 5360.76 8830.67 3421.73 3059.59 3208.4 4244.12 5236.21 4538.57 4012.09 2962.34 3492.85 6857.5 4544.22 4015.45 4202.63 5337.32 5836.34 2865.87 3063.47 2771.8 3472.34 3769.57
threshold=73.149997711181655 121.50000000000001 299.50000000000006 330.50000000000006 313.50000000000006 317.50000000000006 3.5000000000000004 255.50000000000003 209.25000000000003 180.15000152587893 3.5000000000000004 73.500000000000014 8.0000000000000018 43.500000000000007 108.50000000000001 4.5000000000000009 43.500000000000007 20.000000000000004 16.500000000000004 4.5000000000000009 10.500000000000002 29.500000000000004 10.500000000000002 8.0000000000000018 8.0000000000000018 29.500000000000004 24.500000000000004 74.950000762939467 20.000000000000004 111.50000000000001
decision_type=8 2 2 2 2 2 2 2 10 10 2 2 2 2 2 2 2 2 2 2 2 2 2 2 2 2 2 10 2 2
left_child=-1 2 3 4 5 6 -2 8 10 -10 -8 12 25 15 -15 -14 17 18 21 -20 -21 22 23 24 -17 26 27 28 29 -12
right_child=1 -3 -4 -5 -6 -7 7 -9 9 -11 11 -13 13 14 -16 16 -18 -19 19 20 -22 -23 -24 -25 -26 -27 -28 -29 -30 -31
leaf_value=-0.020176105110321203 -0.013848746769974595 0.093227080695776288 -0.041291280131861306 0.093831765770909209 0.070513015187398789 0.073105007436432543 -0.01257126762518934 -0.037734855967016978 0.14520796595842886 0.0078366234660611836 0.035749053302296011 -0.043136637837387831 -0.020840761645141519 0.014821036441070733 0.14070657362746955 0.024619131386157032 -0.033613583135165312 -0.0013151659659379855 -0.024687894950765184 0.041364292376323011 0.13227726443754381 0.085026497627513284 -0.0028970729818228133 -0.013263996476237296 0.14693597424783467 -0.032257042631583244 -0.024557970973015077 0.0026674329950788778 0.089353239390591616 -0.036635213544154194
leaf_weight=3023 3672 160 479 170 228 215 2520 506 188 343 778 293 761 184 161 210 307 751 172 262 315 244 1156 230 196 584 764 3372 217 245
leaf_count=3023 3672 160 479 170 228 215 2520 506 188 343 778 293 761 184 161 210 307 751 172 262 315 244 1156 230 196 584 764 3372 217 245
internal_value=8.90939e-05 0.00320271 0.00246371 0.00356548 0.0027512 0.00192136 0.00108971 0.00480796 0.00631993 0.0565171 0.00437574 0.00819023 0.00957096 0.0191531 0.0736358 0.0150653 0.0221816 0.0270325 0.0346852 0.0644305 0.0910369 0.0237309 0.0153718 0.0486144 0.0837266 0.00161031 0.00529373 0.0102439 0.0308281 0.0183906
internal_weight=22706 19683 19523 19044 18874 18646 18431 14759 14253 531 13722 11202 10909 4949 345 4604 3843 3536 2785 749 577 2036 1792 636 406 5960 5376 4612 1240 1023
internal_count=22706 19683 19523 19044 18874 18646 18431 14759 14253 531 13722 11202 10909 4949 345 4604 3843 3536 2785 749 577 2036 1792 636 406 5960 5376 4612 1240 1023
is_linear=0
shrinkage=0.0161


Tree=156
num_leaves=31
num_cat=0
split_feature=227 455 59 392 134 219 321 575 97 89 505 319 394 130 451 539 430 519 590 54 366 570 162 166 598 100 367 77 114 561
split_gain=6811.49 5108.07 4449.05 5609.26 4137.89 3613 3400.73 6999.57 4077.83 3344.31 5238.99 3651.75 3354.85 3739.55 3090.62 4388.89 6997.45 2905.88 2873.93 3281.22 4835.42 2481.83 2550.49 2951.96 4530.25 3201.73 2894.77 4556.23 2318.6 2316.42
threshold=3.5000000000000004 4.5000000000000009 52.000000000000007 8.0000000000000018 87.000000000000014 8.0000000000000018 13.500000000000002 235.84999847412112 52.000000000000007 35.500000000000007 257.50000000000006 52.000000000000007 24.500000000000004 10.500000000000002 13.500000000000002 84.500000000000014 10.500000000000002 166.50000000000003 110.95000076293947 8.0000000000000018 8.0000000000000018 220.15000152587893 5.5000000000000009 16.500000000000004 213.05000305175784 52.000000000000007 8.0000000000000018 6.5000000000000009 10.500000000000002 70.850002288818374
decision_type=2 2 2 2 2 2 2 10 2 2 2 2 2 2 2 2 2 2 8 2 2 10 2 2 8 2 2 2 2 10
left_child=-1 14 4 -4 6 -5 21 8 9 10 11 12 17 -14 -2 -16 -17 18 -8 20 -20 22 -3 25 26 29 -25 -28 -11 -24
right_child=1 2 3 5 -6 -7 7 -9 -10 28 -12 -13 13 -15 15 16 -18 -19 19 -21 -22 -23 23 24 -26 -27 27 -29 -30 -31
leaf_value=-0.017267016739776882 -0.018318006957695934 -0.0087730918477768576 -0.015979655446418627 0.035779000430652116 0.084873085327212883 0.13368393298291747 -0.0066239146425175269 0.10761552933610655 -0.051168890922829335 -0.075099809051627872 0.10312648889877558 0.078306775783372778 0.0043147197733190146 0.086972015829802657 -0.015747433315206852 -0.0020480447841494517 0.11814435664351862 -0.032409494516444745 0.11964031889933474 0.004210412292381299 0.014046420222653325 -0.03356403108740745 -0.015683380103800142 -0.0171931698540677 0.087943131043202047 -0.061579081102375095 0.10942717460776005 0.0080368272998639929 0.0078865041343303133 0.014085145689957605
leaf_weight=4774 3350 3105 205 185 176 209 979 215 239 160 196 236 272 298 651 307 212 457 214 501 238 523 924 418 283 191 166 375 191 2536
leaf_count=4774 3350 3105 205 185 176 209 979 215 239 160 196 236 272 298 651 307 212 457 214 501 238 523 924 418 283 191 166 375 191 2536
internal_value=-0.000167739 0.00436304 0.00932651 0.0522258 0.00733161 0.0877731 0.00625661 0.0181212 0.013282 0.0174047 0.0223056 0.0173402 0.0124697 0.0475698 -0.0104475 0.0120677 0.0470025 0.0040852 0.0127299 0.0326365 0.0640921 0.000411366 0.00263601 0.0098808 0.0313232 0.00258006 0.0145902 0.0391909 -0.029875 0.0061286
internal_weight=22786 18012 13492 599 12893 394 12717 4196 3981 3742 3391 3195 2959 570 4520 1170 519 2389 1932 953 452 8521 7998 4893 1242 3651 959 541 351 3460
internal_count=22786 18012 13492 599 12893 394 12717 4196 3981 3742 3391 3195 2959 570 4520 1170 519 2389 1932 953 452 8521 7998 4893 1242 3651 959 541 351 3460
is_linear=0
shrinkage=0.0161


Tree=157
num_leaves=31
num_cat=0
split_feature=479 460 470 17 314 278 359 557 594 516 516 493 94 414 79 173 319 568 62 175 599 112 396 313 113 75 39 39 23 555
split_gain=6705.47 5543.4 4225.63 4816.11 5407.9 3891.11 4264.88 3865.38 5757.63 3907.08 3810.67 4564.23 5281.96 4009.67 3768.33 5464.73 3366.39 3246.85 3015.91 2798.84 3875.76 4056.5 2611.16 2500.32 2716.79 2497.32 3378.92 4249.97 4072.45 2466.57
threshold=29.500000000000004 4.5000000000000009 5.5000000000000009 52.000000000000007 13.500000000000002 20.000000000000004 35.500000000000007 193.75000000000003 171.05000305175784 119.50000000000001 205.50000000000003 71.500000000000014 16.500000000000004 10.500000000000002 4.5000000000000009 5.5000000000000009 52.000000000000007 244.44999694824222 24.500000000000004 5.5000000000000009 186.44999694824222 8.0000000000000018 6.5000000000000009 16.500000000000004 24.500000000000004 6.5000000000000009 16.500000000000004 5.5000000000000009 10.500000000000002 154.15000152587893
decision_type=2 2 2 2 2 2 2 8 8 2 2 2 2 2 2 2 2 8 2 2 10 2 2 2 2 2 2 2 2 10
left_child=1 -1 19 7 -5 10 -7 16 9 -9 11 -2 13 -13 15 -10 17 29 25 -3 23 -22 -17 24 -21 -16 27 -27 -29 -4
right_child=5 2 3 4 -6 6 -8 8 14 -11 -12 12 -14 -15 18 22 -18 -19 -20 20 21 -23 -24 -25 -26 26 -28 28 -30 -31
leaf_value=-0.014788970819187701 -0.0013744668797050885 -0.021712330327482102 0.0013305230165885759 0.1182615643882545 0 0.025456674975976409 0.11832644484767137 0.13481977110032412 0.121603332028335 0.036161017538012062 -0.041434442268824791 0.06375960496603203 0.10596319250761432 -0.026522214418155186 -0.033335077565641927 -0.033589312367787227 0.061190549940702894 0.056010376577448312 0.049077462148661745 -0.0033051008241958032 0.10819409944221001 -0.0039592238503968714 0.051982087005133792 -0.033413505899817404 0.050800687964338995 -0.022231505729893457 -0.032974069035171416 0.12735236053722859 0.017393305979616025 -0.025763311098114819
leaf_weight=5575 812 2173 5101 221 184 293 229 182 186 245 254 269 302 242 575 163 234 249 297 1668 173 161 213 587 281 222 311 161 192 1050
leaf_count=5575 812 2173 5101 221 184 293 229 182 186 245 254 269 302 242 575 163 234 249 297 1668 173 161 213 587 281 222 311 161 192 1050
internal_value=0.00189202 -0.00110164 0.00404255 0.0102132 0.0645799 0.0273424 0.0662435 0.00786356 0.0239244 0.0782674 0.0165228 0.0255965 0.0525632 0.0209578 0.0139123 0.0502052 0.00120956 -0.000979816 0.00229677 -0.00792701 0.00250224 0.0540617 0.0148234 -0.00427904 0.00448361 -0.00719696 0.0097397 0.0328832 0.0676113 -0.00329068
internal_weight=22805 20404 14829 9786 405 2401 522 9381 2747 427 1879 1625 813 511 2320 562 6634 6400 1758 5043 2870 334 376 2536 1949 1461 886 575 353 6151
internal_count=22805 20404 14829 9786 405 2401 522 9381 2747 427 1879 1625 813 511 2320 562 6634 6400 1758 5043 2870 334 376 2536 1949 1461 886 575 353 6151
is_linear=0
shrinkage=0.0161


Tree=158
num_leaves=31
num_cat=0
split_feature=479 499 15 179 282 355 481 569 342 597 397 239 157 242 550 135 437 550 314 161 575 343 585 499 70 39 288 125 207 511
split_gain=6390.4 6465 4834.59 4033.96 3837.24 4116.24 5023.08 5544.69 4060.46 3778.64 3700.06 4258.86 3337.84 4326.26 3958.91 3225.34 2966.82 7072.68 3531.21 3593.63 3509.26 3250.96 3147.42 2947.41 2713.63 2557.28 2529.33 2484.36 2827.1 2469.62
threshold=16.500000000000004 288.50000000000006 61.500000000000007 8.0000000000000018 10.500000000000002 8.0000000000000018 217.50000000000003 172.25000000000003 13.500000000000002 124.35000228881837 5.5000000000000009 24.500000000000004 16.500000000000004 13.500000000000002 149.65000152587893 16.500000000000004 29.500000000000004 184.15000152587893 10.500000000000002 4.5000000000000009 193.75000000000003 8.0000000000000018 210.94999694824222 275.50000000000006 13.500000000000002 16.500000000000004 10.500000000000002 4.5000000000000009 3.5000000000000004 84.500000000000014
decision_type=2 2 2 2 2 2 2 10 2 10 2 2 2 2 8 2 2 10 2 2 10 2 10 2 2 2 2 2 2 2
left_child=2 4 10 -4 12 15 7 8 -7 -10 11 -1 29 14 -14 25 20 18 19 -18 22 -21 27 24 -22 -6 -26 -12 -29 -2
right_child=1 -3 3 -5 5 6 -8 -9 9 -11 16 -13 13 -15 -16 -17 17 -19 -20 21 23 -23 -24 -25 26 -27 -28 28 -30 -31
leaf_value=-0.017829688617855589 0.0054190990796247739 0.10310380643870797 0.086455092070413006 -0.010436264005284756 0.0020966511816015642 0.10457160933414998 0.1313269595521237 -0.048357345758600831 0.005246672025027036 0.094720050174307166 -0.013930606542188558 0.047444709193493549 0.018525639632818683 -0.019911657254963692 0.11084489419165867 -0.036730453849541211 -0.027515902215556831 0.11656158406595304 -0.032148090920914328 0.11145628178576512 -0.044608171485714193 0.013705985291922348 0.057584913853216305 -0.095106793259239403 -0.028509446742051383 0.069873090201467189 0.061405054702178948 -0.018558153682877207 0.011044364814792795 -0.027449916853146877
leaf_weight=6314 1393 210 274 187 433 263 163 172 460 167 2594 270 277 286 214 335 169 184 358 177 453 177 245 160 162 217 162 1038 4295 1030
leaf_count=6314 1393 210 274 187 433 263 163 172 460 167 2594 270 277 286 214 335 169 184 358 177 453 177 245 160 162 217 162 1038 4295 1030
internal_value=0.000535438 0.0154432 -0.00432886 0.047101 0.0120362 0.0283525 0.0480571 0.0352544 0.0514395 0.0291152 -0.00574506 -0.0151493 0.000760333 0.029804 0.0588105 0.00382295 0.000338487 0.025767 0.0067775 0.0334676 -0.00263196 0.0626476 0.000749016 -0.0321441 -0.0191485 0.0247598 0.0163752 -0.00100464 0.0052782 -0.00854357
internal_weight=22839 5620 17219 461 5410 2210 1225 1062 890 627 16758 6584 3200 777 491 985 10174 1065 881 523 9109 354 8172 937 777 650 324 7927 5333 2423
internal_count=22839 5620 17219 461 5410 2210 1225 1062 890 627 16758 6584 3200 777 491 985 10174 1065 881 523 9109 354 8172 937 777 650 324 7927 5333 2423
is_linear=0
shrinkage=0.0161


Tree=159
num_leaves=31
num_cat=0
split_feature=235 358 99 338 201 541 490 295 526 326 483 547 276 135 213 505 540 372 326 446 576 490 120 213 7 65 513 152 541 488
split_gain=5859.32 6224.39 3857.24 4061.78 5929.39 4496.43 3664.84 3622.11 5013.03 3333.05 2953.95 4209.27 3053.33 3572.42 3364.97 3049.2 2933 2619.17 2740.12 3426.93 2427.13 3215.92 2623.31 3013.2 4785.8 2643.12 2321.3 2809.58 2656.87 4431.55
threshold=13.500000000000002 52.000000000000007 20.000000000000004 20.000000000000004 6.5000000000000009 151.55000305175784 12.500000000000002 13.500000000000002 187.50000000000003 4.5000000000000009 255.50000000000003 244.44999694824222 13.500000000000002 61.500000000000007 43.500000000000007 255.50000000000003 247.34999847412112 20.000000000000004 2.5000000000000004 3.5000000000000004 216.75000000000003 227.50000000000003 4.5000000000000009 10.500000000000002 6.5000000000000009 16.500000000000004 121.50000000000001 4.5000000000000009 133.05000305175784 129.50000000000003
decision_type=2 2 2 2 2 8 2 2 2 2 2 10 2 2 2 2 8 2 2 2 10 2 2 2 2 2 2 2 10 2
left_child=6 2 3 7 -5 -6 -1 8 -2 -9 11 12 13 26 15 17 -12 18 -14 -20 21 22 -11 -24 -25 -26 27 -8 -29 -30
right_child=1 -3 -4 4 5 -7 10 9 -10 20 16 -13 14 -15 -16 -17 -18 -19 19 -21 -22 -23 23 24 25 -27 -28 28 29 -31
leaf_value=-0.021114074016589091 0.021231908589240751 0.087747752623138983 -0.013932479211546653 -0.0045478649907711843 0.041514576927390016 0.16153100748103877 -0.016922942111203879 -0.030069561698388363 0.11857491105059537 -0.029393302410986664 -0.062471470571749177 0.081140871067287193 -0.04089333175156417 0.061535438865522263 0.074505568951621443 0.074431823768506961 0.0044348075098890813 -0.024168463037630979 0.068053107720498884 0.0093420450051585283 -0.045634988740674613 0.084552863454788393 0.0013463224833205525 0.11801332492241298 0.056577608992312789 -0.026270494836280366 -0.020175799915470635 0.00053819532299752108 0.075057263375641531 -0.019340647303381909
leaf_weight=3176 844 275 1400 233 162 163 2205 662 164 352 402 163 233 198 207 168 293 672 297 1961 179 164 922 177 211 189 2670 3561 335 209
leaf_count=3176 844 275 1400 233 162 163 2205 662 164 352 402 163 233 198 207 168 293 672 297 1961 179 164 922 177 211 189 2670 3561 335 209
internal_value=-0.000624303 0.0128885 0.00934855 0.0167246 0.0573392 0.10178 -0.00554438 0.0108534 0.0370928 0.00158417 -0.00189971 -0.000153155 -0.00119707 -0.00609702 0.0115073 0.00758532 -0.0342311 0.00402739 0.0116433 0.0170749 0.0111458 0.0162016 0.0101329 0.0194303 0.0482862 0.017373 -0.00759087 -0.00226197 0.00560743 0.0387472
internal_weight=22847 6097 5822 4422 558 325 16750 3864 1008 2856 13574 12879 12716 9178 3538 3331 695 3163 2491 2258 2194 2015 1851 1499 577 400 8980 6310 4105 544
internal_count=22847 6097 5822 4422 558 325 16750 3864 1008 2856 13574 12879 12716 9178 3538 3331 695 3163 2491 2258 2194 2015 1851 1499 577 400 8980 6310 4105 544
is_linear=0
shrinkage=0.0161


Tree=160
num_leaves=31
num_cat=0
split_feature=291 478 504 529 277 380 132 15 203 399 465 132 502 53 126 273 113 271 543 571 378 137 526 355 79 539 521 305 320 216
split_gain=5041.28 4399.9 5989.29 3808.83 3650.27 5320.93 5012.59 3618.39 4345.51 4009.56 3055.12 4476.37 4770.01 3694.09 2838.51 3041.94 2820.21 2709.59 2671.87 3117.18 2533.93 2979.32 2429.83 2333.13 2648.66 2281.1 3811.9 4232.78 5366.57 2537.75
threshold=2.5000000000000004 20.000000000000004 272.50000000000006 207.50000000000003 13.500000000000002 13.500000000000002 10.500000000000002 61.500000000000007 10.500000000000002 87.000000000000014 29.500000000000004 4.5000000000000009 195.50000000000003 24.500000000000004 20.000000000000004 24.500000000000004 1.0000000180025095e-35 5.5000000000000009 251.25000000000003 201.75000000000003 10.500000000000002 10.500000000000002 19.500000000000004 13.500000000000002 35.500000000000007 140.50000000000003 69.500000000000014 8.0000000000000018 10.500000000000002 10.500000000000002
decision_type=2 2 2 2 2 2 2 2 2 2 2 2 2 2 2 2 2 2 10 10 2 2 2 2 2 2 2 2 2 2
left_child=-1 7 3 4 14 -6 -7 9 -9 10 16 -12 13 22 15 17 -2 -3 19 23 -19 -22 -13 -18 25 26 -25 28 -28 -29
right_child=1 2 -4 -5 5 6 -8 8 -10 -11 11 12 -14 -15 -16 -17 18 20 -20 -21 21 -23 -24 24 -26 -27 27 29 -30 -31
leaf_value=-0.023042656295983635 -0.037969247855227865 -0.025926257562569922 0.1039331295810232 -0.031003543325925528 0.014518652946042439 0.14017324457745772 0.030690144614325444 0.08773000640710911 -0.0099934305056232544 0.064016744273787174 -0.03196757265733545 0.056993457715411047 0.099884983905751096 0.079455964086939765 -0.027328826562378911 0.073006132105046223 -0.0080572660351262999 0.0015001031767625755 0.048230969271030801 -0.035043851130293097 0.095945746794223588 0.012376943031599721 -0.011682925928777095 -0.0040439669285129891 0.06114974598483057 -0.019891548744329291 0.027214507296298242 -0.034877800027396884 0.14013597861519933 0.04369301144925998
leaf_weight=2354 703 433 195 460 708 220 215 252 221 227 375 167 218 198 501 214 8955 660 241 885 207 239 666 1479 224 787 274 228 182 200
leaf_count=2354 703 433 195 460 708 220 215 252 221 227 375 167 218 198 501 214 8955 660 241 885 207 239 666 1479 224 787 274 228 182 200
internal_value=-0.000725427 0.00183186 0.0168632 0.012455 0.0183469 0.0417872 0.086115 -0.00186208 0.0420209 -0.00316011 -0.00412784 0.0167835 0.0314394 0.0169441 0.00644985 0.0161171 -0.00652815 0.00819129 -0.00488365 -0.00585415 0.0215696 0.0512161 0.00205707 -0.00375695 0.00764963 0.00383771 0.0117507 0.0382031 0.0723357 0.00178254
internal_weight=22888 20534 4052 3857 3397 1143 435 16482 473 16009 15782 1624 1249 1031 2254 1753 14158 1539 13455 13214 1106 446 833 12329 3374 3150 2363 884 456 428
internal_count=22888 20534 4052 3857 3397 1143 435 16482 473 16009 15782 1624 1249 1031 2254 1753 14158 1539 13455 13214 1106 446 833 12329 3374 3150 2363 884 456 428
is_linear=0
shrinkage=0.0161


Tree=161
num_leaves=31
num_cat=0
split_feature=158 134 262 327 235 358 388 503 481 596 512 154 538 35 329 288 592 143 586 494 535 556 506 461 329 217 556 596 96 441
split_gain=5276.06 4411.79 5792.09 3854.93 3499.44 3844.55 3317.53 4177.18 4039.72 4597.6 5591.59 3831.03 3189.28 3180.22 2904.56 3083.64 3636.24 4871.81 4378.95 4633.69 3197.37 2822.96 2730.66 2695.66 2536.28 3430.99 4006.45 2773.38 2959.25 4168.39
threshold=2.5000000000000004 61.500000000000007 10.500000000000002 2.5000000000000004 13.500000000000002 52.000000000000007 20.000000000000004 234.50000000000003 280.50000000000006 187.55000305175784 185.50000000000003 35.500000000000007 108.50000000000001 4.5000000000000009 35.500000000000007 13.500000000000002 215.15000152587893 6.5000000000000009 113.64999771118165 59.500000000000007 275.50000000000006 102.04999923706056 269.50000000000006 35.500000000000007 20.000000000000004 5.5000000000000009 128.94999694824222 139.25000000000003 20.000000000000004 13.500000000000002
decision_type=2 2 2 2 2 2 2 2 2 10 2 2 2 2 2 2 10 2 10 2 2 10 2 2 2 2 8 10 2 2
left_child=-1 3 -3 -2 13 6 8 12 9 10 11 23 21 -5 15 20 17 18 19 -17 22 -8 24 -6 27 -26 -27 28 -15 -30
right_child=1 2 -4 4 5 -7 7 -9 -10 -11 -12 -13 -14 14 -16 16 -18 -19 -20 -21 -22 -23 -24 -25 25 26 -28 -29 29 -31
leaf_value=-0.020508677784929808 -0.01964476346816715 0.10080191465124357 -0.0082383767788502919 -0.013735291812532158 0.0070836010016324061 0.077428034119688974 -0.017714486674332567 0.069831509253863819 0.098034508464716091 -0.029917389006188063 0.095575715936808775 0.090737849807861246 -0.050950401897689956 -0.0031304063449737601 -0.028728131402152943 0.041451542512114602 0.088497089155015765 -0.00094540720957463509 0.0038554544176626678 0.14463073859003678 -0.060638434679358928 0.047225543247661983 0.065793006105275331 0.071491059820624009 -0.023796149325930924 0.0042252794760401719 0.10986459096527831 -0.025446899132591308 0.0094451037834346347 0.091714355882579132
leaf_weight=2736 1906 272 235 3280 2139 249 583 160 169 459 264 173 468 3301 628 317 197 1501 351 176 211 247 175 183 180 172 204 1064 615 216
leaf_count=2736 1906 272 235 3280 2139 249 583 160 169 459 264 173 468 3301 628 317 197 1501 351 176 211 247 175 183 180 172 204 1064 615 216
internal_value=0.000465239 0.00332208 0.0502141 0.00210716 0.0044532 0.0157124 0.0125358 -0.00775792 0.0212786 0.0172403 0.0250942 0.017627 -0.0173402 -0.000101222 0.00470069 0.00712199 0.022034 0.0164405 0.047388 0.078334 0.000942482 0.00158268 0.00313872 0.0121698 0.00122842 0.0339133 0.0616028 -0.00226451 0.00369931 0.0308575
internal_weight=22831 20095 507 19588 17682 5094 4845 1458 3387 3218 2759 2495 1298 12588 9308 8680 2542 2345 844 493 6138 830 5927 2322 5752 556 376 5196 4132 831
internal_count=22831 20095 507 19588 17682 5094 4845 1458 3387 3218 2759 2495 1298 12588 9308 8680 2542 2345 844 493 6138 830 5927 2322 5752 556 376 5196 4132 831
is_linear=0
shrinkage=0.0161


Tree=162
num_leaves=31
num_cat=0
split_feature=218 534 506 34 162 104 505 125 551 36 588 597 522 579 597 497 121 99 253 352 575 584 321 549 547 463 413 514 216 110
split_gain=5267.16 4255.54 5325.87 3864.51 4096.66 4199.19 4687.68 3129.18 4359.32 4162.88 3506.54 7566.5 3474.86 4315.31 4789.56 4786.41 5399.03 4097.62 3797.31 5252.88 3526.55 5629.59 5554.07 2952.5 4220.24 5252.5 2935.42 2876.77 2819.79 2722.08
threshold=2.5000000000000004 299.50000000000006 317.50000000000006 6.5000000000000009 4.5000000000000009 24.500000000000004 172.50000000000003 24.500000000000004 240.75000000000003 6.5000000000000009 144.84999847412112 134.44999694824222 278.50000000000006 203.05000305175784 138.55000305175784 117.50000000000001 6.5000000000000009 10.500000000000002 16.500000000000004 35.500000000000007 84.250000000000014 101.04999923706056 10.500000000000002 185.15000152587893 152.44999694824222 6.5000000000000009 5.5000000000000009 195.50000000000003 29.500000000000004 24.500000000000004
decision_type=2 2 2 2 2 2 2 2 10 2 8 8 2 10 10 2 2 2 2 2 10 10 2 10 10 2 2 2 2 2
left_child=-1 2 3 4 -2 23 26 8 9 -5 11 -9 13 14 15 18 -17 -18 19 20 28 22 -22 24 -6 -26 -7 -3 -11 -16
right_child=1 27 -4 7 5 6 -8 10 -10 12 -12 -13 -14 -15 29 16 17 -19 -20 -21 21 -23 -24 -25 25 -27 -28 -29 -30 -31
leaf_value=-0.02213279673131854 -0.021998569847035888 0.0087614943612291715 0.076064142099831894 -0.0036466207546260901 -0.0051843739380822177 0.06815357204472372 0.11274803466103892 -0.0097512903247001705 0.075775277807354283 -0.0015500854737899999 -0.033689151616945259 0.10924108421334215 -0.048763149509356098 0.080096459245828117 -0.021693321020489157 0.011072981290934298 0.14298428945930552 0.046093818908123516 -0.014118938284286968 0.10524539829291009 0.037799808017592876 0.002746572354885251 0.14848587390165707 -0.043330151431151279 -0.023658685846573872 0.09027277847316284 -0.0065076198993033341 -0.074265303215630796 0.067035930508059699 0.041646000576044909
leaf_weight=2523 2707 166 260 3429 3618 197 165 811 273 1447 884 167 192 302 1005 321 241 215 766 203 291 430 198 440 168 278 443 308 174 213
leaf_count=2523 2707 166 260 3429 3618 197 165 811 273 1447 884 167 192 302 1005 321 241 215 766 203 291 430 198 440 168 278 443 308 174 213
internal_value=-0.000192103 0.00253204 0.00367225 0.00270967 -0.00587924 0.00233539 0.0362072 0.00866645 0.0123372 0.0104976 -0.0104437 0.0105434 0.0185877 0.020819 0.0175622 0.0255701 0.0617386 0.0973529 0.0175546 0.0264082 0.0200982 0.0452971 0.0826656 -0.0037133 0.000570137 0.0473041 0.0164373 -0.0451388 0.0057975 -0.0105974
internal_weight=22835 20312 19838 19578 8016 5309 805 11562 9700 9427 1862 978 5998 5806 5504 4286 777 456 3509 2743 2540 919 489 4504 4064 446 640 474 1621 1218
internal_count=22835 20312 19838 19578 8016 5309 805 11562 9700 9427 1862 978 5998 5806 5504 4286 777 456 3509 2743 2540 919 489 4504 4064 446 640 474 1621 1218
is_linear=0
shrinkage=0.0161


Tree=163
num_leaves=31
num_cat=0
split_feature=34 544 429 374 539 478 400 159 89 35 15 512 482 58 535 345 112 482 442 73 277 319 296 598 504 599 314 189 93 392
split_gain=5780.55 4556.64 9154.54 7031.44 4155.08 3930.39 3212.14 3138.12 3407.11 3706.56 3367.23 3363.56 6103.28 7673.79 5269.4 4196.89 3590.78 4752.51 5159.85 3496.67 4757.73 2947.78 2701.96 3232.96 4746.33 3410.43 2658.41 2963.61 2622.33 2291.06
threshold=6.5000000000000009 213.05000305175784 16.500000000000004 10.500000000000002 226.50000000000003 73.500000000000014 4.5000000000000009 43.500000000000007 61.500000000000007 10.500000000000002 1.0000000180025095e-35 104.50000000000001 88.500000000000014 6.5000000000000009 97.500000000000014 8.0000000000000018 16.500000000000004 127.50000000000001 8.0000000000000018 20.000000000000004 24.500000000000004 52.000000000000007 3.5000000000000004 213.05000305175784 246.50000000000003 192.55000305175784 16.500000000000004 5.5000000000000009 43.500000000000007 16.500000000000004
decision_type=2 10 2 2 2 2 2 2 2 2 2 2 2 2 2 2 2 2 2 2 2 2 2 10 2 10 2 2 2 2
left_child=6 5 4 -4 -3 7 -1 8 9 10 -2 12 14 -14 19 -15 26 -18 -19 20 28 22 -8 24 25 -24 27 -13 -11 -29
right_child=1 2 3 -5 -6 -7 21 -9 -10 11 -12 16 13 15 -16 -17 17 18 -20 -21 -22 -23 23 -25 -26 -27 -28 29 -30 -31
leaf_value=-0.022885092313026274 0.049076124498695604 -0.034303322763862928 0.031677095908243434 0.17843875940866527 0.052895378002057805 0.063757550860565809 -0.024969874809048394 -0.032944716604029443 -0.045917288995994635 0.0040932153646721378 -0.0058921039698233745 0.037381296973799008 0.13986125143763808 0.081064277564942999 0.09195430050933516 -0.019790112710513189 -0.025743215323697503 -0.0033532667183826586 0.11534563435530233 -0.029755637527347244 0.089590024084131123 0.059637417125784541 -0.0022457203347630338 -0.051028611076154258 0.080067894846895804 0.071041508837376796 -0.051104616300354698 -0.042860142656433224 0.070262781696956489 0.017617691222753171
leaf_weight=3028 306 332 163 177 247 285 1347 590 329 1803 5146 342 249 201 214 228 234 162 228 494 215 190 4388 295 203 171 382 439 170 257
leaf_count=3028 306 332 163 177 247 285 1347 590 329 1803 5146 342 249 201 214 228 234 162 228 494 215 190 4388 295 203 171 382 439 170 257
internal_value=0.000331697 0.00725357 0.0418357 0.108149 0.00285478 0.00466236 -0.00915664 0.0032556 0.00513135 0.00665064 -0.00280263 0.0158288 0.02525 0.0687422 0.0150596 0.0274085 -0.000632951 0.0315458 0.0659796 0.0089153 0.0176571 -0.00284889 -0.00470646 0.000686313 0.00389493 0.000497991 -0.0147901 -0.00140306 0.00980653 -0.0204947
internal_weight=22815 13193 919 340 579 12274 9622 11989 11399 11070 5452 5618 3574 678 2896 429 2044 624 390 2682 2188 6594 6404 5057 4762 4559 1420 1038 1973 696
internal_count=22815 13193 919 340 579 12274 9622 11989 11399 11070 5452 5618 3574 678 2896 429 2044 624 390 2682 2188 6594 6404 5057 4762 4559 1420 1038 1973 696
is_linear=0
shrinkage=0.0161


Tree=164
num_leaves=31
num_cat=0
split_feature=542 478 502 118 171 358 339 179 321 178 432 452 524 51 102 180 240 316 547 236 538 276 312 140 403 180 44 276 411 52
split_gain=5638.84 4373.41 6337.89 4021.72 4185.91 3718.74 4959.58 5204.92 5936.64 5819.73 6749.3 3552.79 5272.95 3053.82 3021.36 2984.32 3201 3972.92 4493.76 2964.79 2939.08 4503.58 5767.88 3821.87 3024.52 2709.73 2706.01 2681.41 2586.31 2884.74
threshold=74.950000762939467 20.000000000000004 268.50000000000006 5.5000000000000009 43.500000000000007 4.5000000000000009 3.5000000000000004 2.5000000000000004 16.500000000000004 6.5000000000000009 10.500000000000002 10.500000000000002 58.500000000000007 13.500000000000002 43.500000000000007 5.5000000000000009 16.500000000000004 43.500000000000007 233.25000000000003 20.000000000000004 78.500000000000014 10.500000000000002 13.500000000000002 8.0000000000000018 24.500000000000004 13.500000000000002 16.500000000000004 8.0000000000000018 3.5000000000000004 4.5000000000000009
decision_type=8 2 2 2 2 2 2 2 2 2 2 2 2 2 2 2 2 2 10 2 2 2 2 2 2 2 2 2 2 2
left_child=-1 5 3 -3 20 6 -2 26 11 10 -10 13 -13 -9 15 -7 17 18 19 -17 21 -5 23 -23 28 -21 -8 -15 -22 -30
right_child=1 2 -4 4 -6 14 7 8 9 -11 -12 12 -14 27 -16 16 -18 -19 -20 25 24 22 -24 -25 -26 -27 -28 -29 29 -31
leaf_value=-0.016933021526882502 -0.017520550379298973 -0.025822149649154223 0.10591641907833596 0.011352005936977948 0.089972053894041198 -0.014656074649864738 -0.02761155106385808 -0.011181329148234474 0.050235381375431043 -0.0080609981765984405 0.16849903395335677 0.10159646022949888 0.014990264500746909 0.0036283071374813461 -0.04018042307471853 -0.0025654732962010554 -0.01149021026141037 0.081797133165975214 0.085074377354976874 0.015846452443302232 -0.063785807077760201 0.057675188710384885 -0.0037495448578652212 0.16925524138715503 0.046876626493292599 0.09237561931871921 0.036816083750640376 0.08282355376179637 0.05667384032272111 -0.010695656858997959
leaf_weight=3840 1163 540 209 791 217 3522 726 1059 303 175 214 283 514 250 602 2665 2145 207 191 436 186 160 164 160 322 166 220 200 199 957
leaf_count=3840 1163 540 209 791 217 3522 726 1059 303 175 214 283 514 250 602 2665 2145 207 191 436 186 160 164 160 322 166 220 200 199 957
internal_value=0.000855862 0.00446258 0.0196439 0.014759 0.02171 0.000519583 0.0116862 0.0203046 0.0306963 0.0720657 0.0992334 0.0182717 0.0457721 0.00373145 -0.00521871 -0.00296083 0.00412473 0.01327 0.00916112 0.00471577 0.0166619 0.0350564 0.0737478 0.113539 0.00255344 0.0369883 -0.0126035 0.0388785 -0.00806394 0.000881327
internal_weight=22786 18946 3905 3696 3156 15041 5107 3944 2998 692 517 2306 797 1509 9934 9332 5810 3665 3458 3267 2939 1275 484 320 1664 602 946 450 1342 1156
internal_count=22786 18946 3905 3696 3156 15041 5107 3944 2998 692 517 2306 797 1509 9934 9332 5810 3665 3458 3267 2939 1275 484 320 1664 602 946 450 1342 1156
is_linear=0
shrinkage=0.0161


Tree=165
num_leaves=31
num_cat=0
split_feature=36 570 539 59 216 558 493 509 35 599 113 462 575 535 557 497 499 30 75 531 520 487 403 297 75 455 484 315 459 103
split_gain=5240.99 4328.6 3749.86 4439.73 4677.71 4366.52 3376.76 3057.72 3067.31 5713.52 6149.87 5984.38 3898.17 3973.29 3324.77 3403.32 4219.43 2994.33 2940.88 2817.93 2905.99 4770.85 2776.51 2628.73 3734.59 5017.25 2388.47 3281.33 3747.52 2570.21
threshold=4.5000000000000009 264.34999084472662 241.50000000000003 52.000000000000007 16.500000000000004 233.25000000000003 1.0000000180025095e-35 286.50000000000006 8.0000000000000018 101.54999923706056 35.500000000000007 10.500000000000002 84.750000000000014 70.500000000000014 85.549999237060561 176.50000000000003 112.50000000000001 13.500000000000002 52.000000000000007 221.50000000000003 194.50000000000003 191.50000000000003 35.500000000000007 3.5000000000000004 10.500000000000002 16.500000000000004 86.500000000000014 8.0000000000000018 10.500000000000002 8.0000000000000018
decision_type=2 10 2 2 2 10 2 2 2 10 2 2 10 2 10 2 2 2 2 2 2 2 2 2 2 2 2 2 2 2
left_child=18 2 3 6 17 -4 -2 8 -8 12 19 -12 14 23 15 16 26 -5 22 20 -11 -22 -1 -14 25 -25 27 -10 29 -29
right_child=1 -3 5 4 -6 -7 7 -9 9 10 11 -13 13 -15 -16 -17 -18 -19 -20 -21 21 -23 -24 24 -26 -27 -28 28 -30 -31
leaf_value=-0.017224426952137922 -0.01710220720979181 0.072585860032690422 -0.038648058322324715 -0.019706937391869565 0.11023904731341443 0.051057071753975385 -0.0029656590693659191 0.068412421865620951 0.0091948431538743762 -0.011118048565351819 0.1314949106954231 -0.0048774736787543724 -0.023555209997945775 0.10445754955626164 -0.026558387993952545 -0.04668455003118286 0.093265845827733757 0.069343856766463 0.048390258647745106 -0.04902559268262336 -0.010905290461848523 0.093076822701349871 0.031688747791483667 0.033264725549854407 0.0055944996520765232 0.14858270276312341 -0.025468102737129072 0.072033102007865751 0.10050601761667448 -0.0088235807143834718
leaf_weight=5470 1677 243 915 240 210 166 5463 208 1025 2212 167 166 165 275 409 168 233 165 199 404 270 198 318 244 312 164 252 172 277 249
leaf_count=5470 1677 243 915 240 210 166 5463 208 1025 2212 167 166 165 275 409 168 233 165 199 404 270 198 318 244 312 164 252 172 277 249
internal_value=0.000480055 0.00512667 0.00412605 0.00617158 0.0485565 -0.024851 0.00439794 0.00716624 0.0061711 0.0129543 -0.00227926 0.0634428 0.0261549 0.050962 0.0158138 0.0231176 0.0284393 0.0165149 -0.0124376 -0.00938334 -0.00339863 0.0330369 -0.014533 0.0343125 0.0476065 0.0796757 0.0207795 0.0275572 0.0544882 0.0241546
internal_weight=22636 16649 16406 15325 615 1081 14710 13033 12825 7362 3417 333 3945 1160 2785 2376 2208 405 5987 3084 2680 468 5788 885 720 408 1975 1723 698 421
internal_count=22636 16649 16406 15325 615 1081 14710 13033 12825 7362 3417 333 3945 1160 2785 2376 2208 405 5987 3084 2680 468 5788 885 720 408 1975 1723 698 421
is_linear=0
shrinkage=0.0161


Tree=166
num_leaves=31
num_cat=0
split_feature=166 358 532 501 291 300 284 547 55 277 462 57 90 112 474 512 312 60 598 377 106 272 452 416 594 392 506 293 374 482
split_gain=5100.1 4577.2 3862.53 7490.02 3436.22 3586.65 3792.46 4271.93 3379.64 3796.66 3091.25 4323.62 6364.34 5994.68 3143.81 3475.04 3330.05 5396.51 6586.02 3249.27 2621.9 3223.13 2563.38 2547.26 3309.11 2445.08 2290.7 2387.49 2108.22 2063.92
threshold=5.5000000000000009 87.000000000000014 299.50000000000006 320.50000000000006 5.5000000000000009 29.500000000000004 43.500000000000007 244.44999694824222 13.500000000000002 29.500000000000004 5.5000000000000009 4.5000000000000009 13.500000000000002 5.5000000000000009 13.500000000000002 182.50000000000003 6.5000000000000009 10.500000000000002 188.65000152587893 29.500000000000004 6.5000000000000009 10.500000000000002 20.000000000000004 6.5000000000000009 169.15000152587893 8.0000000000000018 101.50000000000001 8.0000000000000018 43.500000000000007 212.50000000000003
decision_type=2 2 2 2 2 2 2 10 2 2 2 2 2 2 2 2 2 2 8 2 2 2 2 2 8 2 2 2 2 2
left_child=8 2 3 4 -2 6 7 10 28 20 29 12 13 -12 16 23 17 18 25 22 -10 -22 -18 -16 -25 -13 27 -15 -1 -6
right_child=1 -3 -4 -5 5 -7 -8 -9 9 -11 11 14 -14 26 15 -17 19 -19 -20 -21 21 -23 -24 24 -26 -27 -28 -29 -30 -31
leaf_value=-0.017958253276077085 -0.0065279845642717887 0.08793494697074207 -0.049067649739799546 0.11511280042636156 0.0040094757198550377 -0.018863724599042887 -0.028114824216478571 0.089539711340711398 -0.0090154329889884123 0.067634866422032008 0.10857375795110283 0.008948374394809281 0.12456089378978183 -0.010805349652649355 -0.035522282693052742 -0.054645524954372998 -0.015352056098975704 -0.0018447210617132243 0.16096791034773744 0.07375203850010853 -0.00016172872339182998 0.08317527246305044 0.045149311226483226 0.0040495045619513654 0.078811849822798846 0.08558829202163154 -0.03466920847951032 0.074327098178028891 0.032277682998701845 -0.055270881763156275
leaf_weight=6240 4617 173 339 161 1967 938 503 208 1969 231 188 236 241 175 259 284 809 344 176 172 310 196 234 632 203 200 236 166 224 165
leaf_count=6240 4617 173 339 161 1967 938 503 208 1969 231 188 236 241 175 259 284 809 344 176 172 310 196 234 632 203 200 236 166 224 165
internal_value=-0.000605038 0.00564108 0.00458106 0.00596969 0.00461127 0.0107837 0.0145459 0.0176615 -0.00988891 0.00521099 0.0154222 0.0229114 0.0523822 0.0296128 0.0145509 -0.00445426 0.026625 0.0491096 0.0777891 0.00891397 -0.000605725 0.0320725 -0.00175584 0.00855377 0.0222534 0.0441583 0.00384464 0.0305684 -0.0162138 -0.000567317
internal_weight=22796 13626 13453 13114 12953 8336 7398 6895 9170 2706 6687 4555 1006 765 3549 1378 2171 956 612 1215 2475 506 1043 1094 835 436 577 341 6464 2132
internal_count=22796 13626 13453 13114 12953 8336 7398 6895 9170 2706 6687 4555 1006 765 3549 1378 2171 956 612 1215 2475 506 1043 1094 835 436 577 341 6464 2132
is_linear=0
shrinkage=0.0161


Tree=167
num_leaves=31
num_cat=0
split_feature=481 288 327 306 129 218 74 359 199 43 95 345 192 252 492 559 300 559 262 540 578 251 512 528 507 276 476 259 476 586
split_gain=4922.22 4344.15 3936.31 3055.41 3638.6 4351.53 5286.7 7218.57 7114.89 3522.65 5028.05 3091.5 3020.67 3211.88 3162.79 3068.12 2811.56 2648.64 3305 3265 2823.58 2637.21 3484.84 6736.47 2586.44 2520.23 3927.16 4164.82 3070.32 2404.6
threshold=344.50000000000006 3.5000000000000004 2.5000000000000004 4.5000000000000009 8.0000000000000018 20.000000000000004 10.500000000000002 5.5000000000000009 10.500000000000002 24.500000000000004 5.5000000000000009 6.5000000000000009 10.500000000000002 13.500000000000002 228.50000000000003 164.05000305175784 29.500000000000004 111.64999771118165 8.0000000000000018 180.15000152587893 102.64999771118165 13.500000000000002 139.50000000000003 154.50000000000003 218.50000000000003 8.0000000000000018 13.500000000000002 8.0000000000000018 3.5000000000000004 98.750000000000014
decision_type=2 2 2 2 2 2 2 2 2 2 2 2 2 2 2 10 2 10 2 8 10 2 2 2 2 2 2 2 2 10
left_child=1 -1 -3 -4 16 9 8 -8 -7 12 -11 -12 13 17 15 -14 21 20 -19 -20 -6 24 -23 -24 25 -5 28 -28 -27 -9
right_child=-2 2 3 4 5 6 7 29 -10 10 11 -13 14 -15 -16 -17 -18 18 19 -21 -22 22 23 -25 -26 26 27 -29 -30 -31
leaf_value=-0.014924378228279663 0.08614254339155171 -0.020923113889061512 -0.0061619316693091418 -0.0080191330054791878 0.015830780097648264 0.027432288178038715 0.097840648085172857 0.028379645312281657 0.14511167920233958 0.11601595835071593 0.077890289726355907 -0.0028350182817775942 -0.0086339393069701561 0.076661785388405956 0.052659646713686878 -0.068689759237400103 -0.030837768539412107 -0.046780782704750647 -0.017960125881670924 0.067496523894512203 0.087437407462010633 0.0051519611484405958 0.1402218218750258 0.014081736687468574 -0.043354077473195037 0.054259349982689969 0.0085074287317669726 0.10817287146819482 -0.016095647934336113 -0.046451131580992337
leaf_weight=4522 170 1656 4502 2360 1071 280 196 178 255 184 171 436 992 208 166 284 652 381 285 195 165 915 170 311 358 210 214 222 686 296
leaf_count=4522 170 1656 4502 2360 1071 280 196 178 255 184 171 436 992 208 166 284 652 381 285 195 165 915 170 311 358 210 214 222 686 296
internal_value=-0.000163763 -0.000816292 0.00272686 0.0051247 0.00941792 0.0186146 0.0458178 0.01564 0.0835665 0.011386 0.0422631 0.0198676 0.0048615 0.0162997 -0.0134059 -0.022019 0.000752769 0.0103012 -0.0113592 0.0167076 0.025409 0.00453914 0.0236234 0.0587124 -0.00203322 0.00196713 0.0196782 0.0593085 0.000367536 -0.0183005
internal_weight=22691 22521 17999 16343 11841 5743 1205 670 535 4538 791 607 3747 2305 1442 1276 6098 2097 861 480 1236 5446 1396 481 4050 3692 1332 436 896 474
internal_count=22691 22521 17999 16343 11841 5743 1205 670 535 4538 791 607 3747 2305 1442 1276 6098 2097 861 480 1236 5446 1396 481 4050 3692 1332 436 896 474
is_linear=0
shrinkage=0.0161


Tree=168
num_leaves=31
num_cat=0
split_feature=479 540 195 36 363 572 536 394 278 291 180 206 469 307 159 159 322 209 208 553 345 261 225 39 357 16 549 575 446 423
split_gain=4527.52 5532.12 3416.66 3773.31 3303.31 3113.03 3668.86 3095 3701.67 2757.42 3106.95 3089.75 4319.08 2791.62 2819.92 3356.96 4172.85 4257.7 5872.55 5334.83 3975.58 3855.75 3226.72 3271.45 4391.3 2756.29 2316.42 4128.08 4880.97 2306.66
threshold=29.500000000000004 215.15000152587893 87.000000000000014 4.5000000000000009 35.500000000000007 264.34999084472662 310.50000000000006 13.500000000000002 16.500000000000004 2.5000000000000004 20.000000000000004 43.500000000000007 8.0000000000000018 5.5000000000000009 43.500000000000007 3.5000000000000004 24.500000000000004 10.500000000000002 5.5000000000000009 95.850002288818374 6.5000000000000009 6.5000000000000009 13.500000000000002 8.0000000000000018 8.0000000000000018 13.500000000000002 148.75000000000003 179.15000152587893 8.0000000000000018 43.500000000000007
decision_type=2 10 2 2 2 10 2 2 2 2 2 2 2 2 2 2 2 2 2 10 2 2 2 2 2 2 10 8 2 2
left_child=2 4 3 29 7 6 9 -2 -9 -5 11 13 -13 26 15 -15 17 22 19 -19 21 -20 -17 -24 -25 -22 -11 28 -28 -1
right_child=1 -3 -4 5 -6 -7 -8 8 -10 10 -12 12 -14 14 -16 16 -18 18 20 -21 25 -23 23 24 -26 -27 27 -29 -30 -31
leaf_value=-0.016902118096622287 0.002450661957725983 0.098171478672836154 0.067516276128784095 -0.020792025923148615 -0.041637842181384603 0.062750040889384254 -0.065376067086477169 0.02133759566716649 0.096475371800477966 -0.011355385447335687 -0.01528013206557355 0.11354762806705149 0.0016330013273296187 -0.010293307974653486 -0.0357948393970473 0.004305317845096945 -0.01636761779512072 0.03988735243623296 0.010729882413138278 0.16840039699048698 -0.02934595035127905 0.10674417431604431 0.0022113766670628465 0.024899477521570366 0.12621228499893089 0.040426621340885552 0.00062019655251434574 -0.021413356751523671 0.12424509882249224 0.039287183734177111
leaf_weight=5416 1128 215 176 1390 257 206 221 575 242 3246 2008 165 196 1204 312 2107 712 160 188 177 320 258 303 246 203 271 169 294 163 196
leaf_count=5416 1128 215 176 1390 257 206 221 575 242 3246 2008 165 196 1204 312 2107 712 160 188 177 320 258 303 246 203 271 169 294 163 196
internal_value=-0.000624936 0.0202042 -0.00310524 -0.00372383 0.0125809 0.00060817 -0.000284563 0.0197571 0.0436226 0.000734574 0.00309212 0.00654405 0.0528503 0.00492399 0.0114035 0.0138022 0.0196736 0.0257414 0.0490405 0.107455 0.0300344 0.0663246 0.014536 0.0431695 0.070757 0.00260808 -0.00588192 0.022462 0.0613864 -0.0149355
internal_weight=22724 2417 20307 20131 2202 14519 14313 1945 817 14092 12702 10694 361 10333 6461 6149 4945 4233 1374 337 1037 446 2859 752 449 591 3872 626 332 5612
internal_count=22724 2417 20307 20131 2202 14519 14313 1945 817 14092 12702 10694 361 10333 6461 6149 4945 4233 1374 337 1037 446 2859 752 449 591 3872 626 332 5612
is_linear=0
shrinkage=0.0161


Tree=169
num_leaves=31
num_cat=0
split_feature=419 551 482 220 536 282 561 110 380 592 27 454 531 515 531 198 314 521 540 319 45 556 505 156 584 525 543 64 355 532
split_gain=5181.35 5191.46 4492.02 3936.16 3500 4208.25 3635.78 4268.63 3373.26 3181.65 3439.23 3053.01 3042.42 2746.93 3368.4 5452.22 4120.01 2806.28 2645.57 2610.08 4597.52 2554.78 3343.81 3770.73 3090.77 2439.2 2420.13 2365.71 2533.71 2361.01
threshold=10.500000000000002 260.05000305175787 283.50000000000006 3.5000000000000004 195.50000000000003 4.5000000000000009 216.75000000000003 52.000000000000007 4.5000000000000009 238.25000000000003 13.500000000000002 5.5000000000000009 211.50000000000003 288.50000000000006 152.50000000000003 52.000000000000007 52.000000000000007 252.50000000000003 137.05000305175784 24.500000000000004 16.500000000000004 71.950000762939467 108.50000000000001 20.000000000000004 128.94999694824222 127.50000000000001 104.95000076293947 16.500000000000004 13.500000000000002 67.500000000000014
decision_type=2 10 2 2 2 2 10 2 2 8 2 2 2 2 2 2 2 2 8 2 2 8 2 2 8 2 8 2 2 2
left_child=3 2 4 -1 5 -2 7 11 -5 10 12 -7 -6 14 15 16 19 18 -16 -10 -21 -13 23 25 -25 26 29 28 -24 -23
right_child=1 -3 -4 8 9 6 -8 -9 13 -11 -12 21 -14 -15 17 -17 -18 -19 -20 20 -22 22 27 24 -26 -27 -28 -29 -30 -31
leaf_value=-0.021404356448298668 -0.010122078935311207 0.097863199924032279 0.072503741062509841 -0.015328299205636799 -0.0049767827275322219 -0.0087171413410341968 0.089963893884004539 0.081689912291281891 -0.0010466710303727428 -0.057807122620614632 -0.04108884477979912 -0.027528193220357721 0.08454099892633915 0.059827101398051336 0.030006005469269396 0.10140261695755332 0.081878977587783189 0.029456169147809654 -0.034572306166274394 0.002942742800738655 0.084209673527719464 0.022005729726155814 -0.0031170329236966531 0.045132421406990704 0.13217234972010411 0.08101866307781766 -0.0062869074248275841 -0.03095574388904343 0.062668107030107154 0.090107642874100558
leaf_weight=3232 1915 171 273 3111 252 1334 175 239 4660 386 310 270 161 226 189 160 180 282 1248 538 272 668 452 295 166 176 629 387 228 165
leaf_count=3232 1915 171 273 3111 252 1334 175 239 4660 386 310 270 161 226 189 160 180 282 1248 538 272 668 452 295 166 176 629 387 228 165
internal_value=0.000212655 0.0100216 0.00824768 -0.00580545 0.00610764 0.0102652 0.0178009 0.0152751 -0.00116352 -0.0204848 -0.000526404 0.0119424 0.029863 0.00451579 0.00285237 0.00871264 0.00608363 -0.0169409 -0.0260623 0.00358514 0.0302614 0.0199702 0.0240283 0.0358255 0.0765254 0.0243565 0.0175192 0.000798954 0.0189057 0.0355236
internal_weight=22750 8652 8481 14098 8208 7099 5184 5009 10866 1109 723 4770 413 7755 7529 5810 5650 1719 1437 5470 810 3436 3166 2099 461 1638 1462 1067 680 833
internal_count=22750 8652 8481 14098 8208 7099 5184 5009 10866 1109 723 4770 413 7755 7529 5810 5650 1719 1437 5470 810 3436 3166 2099 461 1638 1462 1067 680 833
is_linear=0
shrinkage=0.0161


Tree=170
num_leaves=31
num_cat=0
split_feature=500 480 526 358 367 217 510 226 493 514 399 202 194 566 546 291 431 525 162 72 494 326 284 175 498 553 498 492 489 458
split_gain=5242.17 4485.79 11127.6 10117.9 4203.88 3751.86 4323.27 3499.45 4187.46 4817.75 6484.49 6972.39 10493 3186.89 6190.98 3042.08 3037.08 4457.69 3368.62 3888.33 2987.9 2911.83 2864.27 2472.56 2297.51 2105.62 2062.3 2040.76 4231.94 1966.79
threshold=341.50000000000006 222.50000000000003 102.50000000000001 35.500000000000007 3.5000000000000004 2.5000000000000004 169.50000000000003 4.5000000000000009 70.500000000000014 101.50000000000001 8.0000000000000018 6.5000000000000009 10.500000000000002 216.75000000000003 244.44999694824222 13.500000000000002 20.000000000000004 164.50000000000003 4.5000000000000009 6.5000000000000009 88.500000000000014 10.500000000000002 35.500000000000007 29.500000000000004 188.50000000000003 181.25000000000003 104.50000000000001 40.500000000000007 50.500000000000007 20.000000000000004
decision_type=2 2 2 2 2 2 2 2 2 2 2 2 2 10 8 2 2 2 2 2 2 2 2 2 2 10 2 2 2 2
left_child=1 4 -3 13 25 -6 7 -7 26 10 15 -12 -13 29 21 -10 18 -18 19 -8 -11 -15 23 -22 -20 -1 27 28 -9 -4
right_child=-2 2 3 -5 5 6 16 8 9 20 11 12 -14 14 -16 -17 17 -19 24 -21 22 -23 -24 -25 -26 -27 -28 -29 -30 -31
leaf_value=-0.021150109159015083 0.085032815633801495 0.14849596514480731 -0.0092885833157496291 0.12093232919140674 -0.023021279688168431 -0.0065714732408079278 -0.040636135017742755 0.00036727832852627575 -0.0076423670955916593 0.062615243093710957 0.02226838468408613 0.17470546454558336 0.026072653762339214 -0.058863943781232241 0.10889882613529936 0.05878148875312865 0.070882104867384332 -0.024997958728970822 -0.022666739476863772 0.061610886270405757 0.00063007374648796626 0.033959476617356536 -0.063358813396388533 0.063717292993190081 -0.065090285048327465 0.030225010092304674 0.048299288954493293 -0.01770119548189926 0.063650222819761723 -0.065138366511139315
leaf_weight=3900 182 165 770 189 1687 3968 181 3053 596 230 381 299 210 167 167 255 221 291 813 206 1536 184 163 180 561 218 235 1301 301 208
leaf_count=3900 182 165 770 189 1687 3968 181 3053 596 230 381 299 210 167 167 255 221 291 813 206 1536 184 163 180 561 218 235 1301 301 208
internal_value=-0.00102567 -0.00171865 0.0223035 0.00993238 -0.0038578 -0.000257495 0.00230435 0.00596356 0.0116572 0.0242171 0.0440425 0.0744309 0.11343 -0.00407528 0.0281938 0.0122337 -0.0181434 0.0163418 -0.0281832 0.0137291 0.00783995 -0.0101373 0.00112263 0.00726133 -0.0400053 -0.0184247 0.00176373 -0.000580486 0.00605353 -0.0211907
internal_weight=22818 22636 1850 1685 20786 16668 14981 12708 8740 3850 1741 890 509 1496 518 851 2273 512 1761 387 2109 351 1879 1716 1374 4118 4890 4655 3354 978
internal_count=22818 22636 1850 1685 20786 16668 14981 12708 8740 3850 1741 890 509 1496 518 851 2273 512 1761 387 2109 351 1879 1716 1374 4118 4890 4655 3354 978
is_linear=0
shrinkage=0.0161


Tree=171
num_leaves=31
num_cat=0
split_feature=227 367 73 174 543 547 507 511 524 584 213 504 510 336 202 498 569 401 87 528 568 411 193 370 292 488 457 336 493 581
split_gain=4862.03 4368.8 3994.29 3544.05 3578.5 6632.94 7061.37 4053.4 6437.41 8363.81 4103.26 3972.94 3225.06 3095.15 2793.14 4451.34 4351.28 3497.1 4669.06 2800.58 7197.3 2751.04 3299.13 2590.78 3173.84 3532.62 2986.26 2803.89 3984.12 4828.61
threshold=3.5000000000000004 3.5000000000000004 87.000000000000014 3.5000000000000004 271.25000000000006 244.44999694824222 204.50000000000003 102.50000000000001 153.50000000000003 203.05000305175784 24.500000000000004 73.500000000000014 208.50000000000003 13.500000000000002 13.500000000000002 288.50000000000006 240.75000000000003 24.500000000000004 8.0000000000000018 83.500000000000014 145.55000305175784 8.0000000000000018 13.500000000000002 20.000000000000004 8.0000000000000018 37.500000000000007 6.5000000000000009 4.5000000000000009 64.500000000000014 108.14999771118165
decision_type=2 2 2 2 10 10 2 2 2 8 2 2 2 2 2 2 10 2 2 2 8 2 2 2 2 2 2 2 2 10
left_child=-1 12 3 21 5 7 -7 8 10 -10 23 13 -2 -12 15 16 17 19 -19 20 -9 -3 -23 26 -25 -26 -5 -28 -29 -30
right_child=1 2 -4 4 -6 6 -8 14 9 -11 11 -13 -14 -15 -16 -17 -18 18 -20 -21 -22 22 -24 24 25 -27 27 28 29 -31
leaf_value=-0.013537968573070176 -0.017298688774381791 -0.021785687400899444 0.075331752495769358 0.0006523118621532709 -0.059669143409999702 0.0078467707798319155 0.15834447276474736 -0.030970273013945022 0.022240454653394442 0.16968856003124164 -0.0066997311343208717 0.11340526471240474 0.041356725332479222 0.070222862289155627 -0.018137261138258646 0.088930990278659472 0.082504699630513018 0.096176985128919493 -0.0030960885689309838 -0.016969975775527488 0.11024228673729608 0.0292707637502704 -0.039183029502515489 -0.043757172260578091 -0.03120651238793434 0.052800609885147974 -0.0042488825163877171 0.021402774986147281 0.12180147625192538 0.024361419966968861
leaf_weight=4739 2900 1692 228 2071 182 160 164 214 258 163 301 190 265 246 1626 166 170 206 303 2021 166 731 243 481 243 278 558 1253 270 259
leaf_count=4739 2900 1692 228 2071 182 160 164 214 258 163 301 190 265 246 1626 166 170 206 303 2021 166 731 243 481 243 278 558 1253 270 259
internal_value=0.000970551 0.00478993 0.00845272 0.00740777 0.0111536 0.012251 0.0840973 0.0102147 0.0184658 0.0793843 0.0142917 0.0499392 -0.0123801 0.0278513 -0.000909011 0.00771379 0.00332885 -0.00128845 0.037035 -0.00942263 0.0306554 -0.00937207 0.0121683 0.00943386 -0.013924 0.0135736 0.0147451 0.0272078 0.0370711 0.074139
internal_weight=22747 18008 14843 14615 11949 11767 324 11443 6571 421 6150 737 3165 547 4872 3246 3080 2910 509 2401 380 2666 974 5413 1002 521 4411 2340 1782 529
internal_count=22747 18008 14843 14615 11949 11767 324 11443 6571 421 6150 737 3165 547 4872 3246 3080 2910 509 2401 380 2666 974 5413 1002 521 4411 2340 1782 529
is_linear=0
shrinkage=0.0161


Tree=172
num_leaves=31
num_cat=0
split_feature=479 7 564 514 556 142 513 328 36 126 106 550 541 586 154 132 59 531 157 480 317 572 575 427 33 494 254 183 104 399
split_gain=5231.57 4392.01 4759.13 11372.8 3494.11 2855.45 3329.32 2570 2816.88 3039.48 3695.61 5805.36 3069.45 2832.76 2630.47 3742.11 2914.6 3937.78 3555.3 3541.01 3297.75 4600.84 7570.88 4825.84 5021.04 4325.63 3240.26 2660.9 2777.3 2650.02
threshold=87.000000000000014 3.5000000000000004 251.25000000000003 208.50000000000003 71.950000762939467 2.5000000000000004 288.50000000000006 52.000000000000007 1.0000000180025095e-35 20.000000000000004 20.000000000000004 210.94999694824222 238.25000000000003 133.05000305175784 4.5000000000000009 24.500000000000004 52.000000000000007 144.50000000000003 4.5000000000000009 18.500000000000004 5.5000000000000009 112.95000076293947 98.149997711181655 6.5000000000000009 16.500000000000004 45.500000000000007 13.500000000000002 5.5000000000000009 5.5000000000000009 6.5000000000000009
decision_type=2 2 10 2 8 2 2 2 2 2 2 8 10 10 2 2 2 2 2 2 2 10 10 2 2 2 2 2 2 2
left_child=1 -1 4 -4 -3 -6 7 8 -7 12 -11 13 14 -12 -10 16 17 18 -16 -20 27 22 23 -22 25 -25 29 28 -21 -23
right_child=-2 2 3 -5 5 6 -8 -9 9 10 11 -13 -14 -15 15 -17 -18 -19 19 20 21 26 -24 24 -26 -27 -28 -29 -30 -31
leaf_value=-0.01506390333067357 0.066269737700763193 -0.019375253830590099 0.15214844389318813 -0.02134235667894957 -0.015488995688734295 -0.026288773175512311 -0.040290573606880972 -0.026460809385757105 2.0346738099789375e-06 -0.014708970009395051 0.029981859653620081 0.10359835551844182 0.072178328012504733 -0.053019029771019861 0.0056524020723269465 -0.011435121776840758 0.077608907858449885 -0.00082684588158496626 0.0052309609835737882 0.10166893466078319 0.0012662983193049574 0.003638781615641276 0.16774093399571943 0.06618352989670738 0.01587237363701334 0.18488259844063626 -0.026603292947203837 -0.0029125580867715179 0.012649425962493686 0.087087346837890198
leaf_weight=4350 308 1825 181 213 1712 554 383 544 2702 2080 275 192 237 174 1215 926 246 1567 663 172 250 169 214 160 164 160 199 485 194 239
leaf_count=4350 308 1825 181 213 1712 554 383 544 2702 2080 275 192 237 174 1215 926 246 1567 663 172 250 169 214 160 164 160 199 485 194 239
internal_value=0.000365839 -0.000537474 0.00295335 0.058298 0.00172012 0.00414659 0.0065216 0.00782431 0.0092351 0.0107887 -0.00428539 0.0295017 0.0149083 -0.00213088 0.0135102 0.0187039 0.0232853 0.0209972 0.0289856 0.0382153 0.0472948 0.0612471 0.0834187 0.0588022 0.0884726 0.125607 0.0265812 0.0217726 0.054548 0.0525793
internal_weight=22753 22445 18095 394 17701 15876 14164 13781 13237 12683 2721 641 9962 449 9725 7023 6097 5851 4284 3069 2406 1555 948 734 484 320 607 851 366 408
internal_count=22753 22445 18095 394 17701 15876 14164 13781 13237 12683 2721 641 9962 449 9725 7023 6097 5851 4284 3069 2406 1555 948 734 484 320 607 851 366 408
is_linear=0
shrinkage=0.0161


Tree=173
num_leaves=31
num_cat=0
split_feature=5 494 400 542 40 569 75 358 556 581 38 98 477 72 176 590 448 582 345 386 85 351 34 401 308 303 476 456 367 0
split_gain=4162.57 3909.72 3359.71 4472.89 8706.04 4628.53 3778.85 3764.45 4338.29 6793.85 3521.99 4816.21 3498.5 3239.21 3151.47 3198.85 3184.6 5354.23 2937.41 2809.47 2688.58 2530.34 2268.89 3456.43 5331.09 2498.57 3577.06 2191.39 2172.77 3458.99
threshold=3.5000000000000004 7.5000000000000009 8.0000000000000018 221.94999694824222 16.500000000000004 176.25000000000003 52.000000000000007 5.5000000000000009 110.25000000000001 120.04999923706056 5.5000000000000009 8.0000000000000018 61.500000000000007 24.500000000000004 24.500000000000004 197.65000152587893 13.500000000000002 131.75000000000003 8.0000000000000018 13.500000000000002 52.000000000000007 5.5000000000000009 6.5000000000000009 20.000000000000004 10.500000000000002 16.500000000000004 20.000000000000004 13.500000000000002 6.5000000000000009 20.000000000000004
decision_type=2 2 2 10 2 10 2 2 8 8 2 2 2 2 2 10 2 10 2 2 2 2 2 2 2 2 2 2 2 2
left_child=-1 -2 6 5 -5 7 14 8 -4 -10 -11 -12 28 27 15 20 21 -18 -8 -13 22 -16 -3 25 -25 26 -24 -7 29 -9
right_child=1 2 3 4 -6 13 18 12 9 10 11 19 -14 -15 16 -17 17 -19 -20 -21 -22 -23 23 24 -26 -27 -28 -29 -30 -31
leaf_value=-0.014835788624044999 -0.018292227758167717 -0.017949464345492817 0.0076383959454006754 0.1135826395214167 -0.011838349679239865 -0.013534682505153448 0.0034006422364613411 -0.025044211745740747 0.13974514004573876 -0.011963442320145824 0.12151551765573174 0.057603520040129946 0.074806982931667973 0.035418433237149022 0.042021063168278999 -0.042517517532487469 0.01258978064043219 0.1272892439229753 0.10081185024189709 -0.02548657816955574 0.049459860758964233 -0.03115583069732104 -0.0032536729665548951 -0.0057105255538144866 0.11211584710583822 -0.028231294735932218 0.055000603747767086 -0.06442055495829889 0.012336690305943828 0.032739331745756543
leaf_weight=4391 2056 2586 993 312 265 556 161 1208 197 281 202 285 182 217 194 629 294 165 161 167 231 332 2015 225 178 807 316 364 2355 345
leaf_count=4391 2056 2586 993 312 265 556 161 1208 197 281 202 285 182 217 194 629 294 165 161 167 231 332 2015 225 178 807 316 364 2355 345
internal_value=-0.000759111 0.00262112 0.00527299 0.0127669 0.0559395 0.00937538 -0.00188825 0.0148415 0.0322275 0.0537765 0.0356381 0.0561267 0.00580268 -0.0204825 -0.00407507 -0.00787835 0.0228792 0.0538729 0.0521793 0.0268522 -0.00444777 -0.00412189 -0.00648404 0.00188254 0.0462735 -0.0038109 0.00463342 -0.0336934 0.00258305 -0.0121924
internal_weight=22670 18279 16223 7929 577 7352 8294 6215 2125 1132 935 654 4090 1137 7972 6987 985 459 322 452 6358 526 6127 3541 403 3138 2331 920 3908 1553
internal_count=22670 18279 16223 7929 577 7352 8294 6215 2125 1132 935 654 4090 1137 7972 6987 985 459 322 452 6358 526 6127 3541 403 3138 2331 920 3908 1553
is_linear=0
shrinkage=0.0161


Tree=174
num_leaves=31
num_cat=0
split_feature=479 570 123 596 54 483 66 504 480 431 461 14 102 375 261 573 355 163 593 496 448 455 528 310 160 77 559 66 356 91
split_gain=4325.66 4849.38 3764.08 3408.37 3464.39 4372.41 5640.37 3915.2 4745.95 4560.51 3053.72 2906.55 2815.03 4938.27 4024.89 2703.51 3283.47 2421.93 2259.72 3040.33 2076.74 2053.63 1998.72 1996.51 2614.57 3045.79 3720.75 2770.95 2622.43 3654.14
threshold=29.500000000000004 264.34999084472662 24.500000000000004 264.34999084472662 16.500000000000004 222.50000000000003 10.500000000000002 152.50000000000003 126.50000000000001 16.500000000000004 8.0000000000000018 13.500000000000002 16.500000000000004 16.500000000000004 13.500000000000002 205.94999694824222 6.5000000000000009 1.0000000180025095e-35 144.84999847412112 149.50000000000003 24.500000000000004 35.500000000000007 123.50000000000001 20.000000000000004 4.5000000000000009 35.500000000000007 136.55000305175784 5.5000000000000009 3.5000000000000004 5.5000000000000009
decision_type=2 10 2 10 2 2 2 2 2 2 2 2 2 2 2 8 2 2 10 2 2 2 2 2 2 2 10 2 2 2
left_child=1 3 12 4 17 7 -7 8 18 10 -10 -4 13 14 -2 16 -14 -1 19 20 21 -6 -9 24 -19 27 -27 28 -26 -30
right_child=2 -3 11 -5 5 6 -8 22 9 -11 -12 -13 15 -15 -16 -17 -18 23 -20 -21 -22 -23 -24 -25 25 26 -28 -29 29 -31
leaf_value=-0.035628305185215058 0.0062063373522700145 0.0681275369850598 -0.064353477320698724 -0.07486829487117537 0.0052072702029618279 0.11305591061230577 0 0.025448480704141893 0.07314994941821451 0.12448408564888959 -0.019995536704509782 0.022255465906171074 -0.033765117813211426 0.09898082369205688 0.074733123053151135 -0.055787731568841321 0.055676509566013749 -0.012917300371650679 -0.053712253542463187 0.071885708736083576 -0.026148601197081976 0.063853725659514096 -0.037187046672148463 -0.019212188357080433 -0.014741762571221171 0.0091025025904926168 0.096453955339649386 -0.0076067693396670707 0.049144650517176952 0.0044396025245910953
leaf_weight=719 781 248 219 172 2138 227 231 160 171 170 195 185 174 306 311 163 273 4205 168 176 520 167 746 2259 654 372 192 4531 794 1179
leaf_count=719 781 248 219 172 2138 227 231 160 171 170 195 185 174 306 311 163 273 4205 168 176 520 167 746 2259 654 372 192 4531 794 1179
internal_value=-0.000215191 -0.00262759 0.0201724 -0.00349976 -0.00288401 0.00861165 0.0560605 0.00389357 0.0112343 0.0555444 0.0234589 -0.0246352 0.0291992 0.0417914 0.0257442 0.000301776 0.0208077 -0.00679512 0.0037323 0.00695597 0.00290246 0.00946649 -0.0260996 -0.00533209 -0.00270119 0.00285892 0.0388809 1.73544e-05 0.0131763 0.0224423
internal_weight=22806 20394 2412 20146 19974 5069 458 4611 3705 536 366 404 2008 1398 1092 610 447 14905 3169 3001 2825 2305 906 14186 11927 7722 564 7158 2627 1973
internal_count=22806 20394 2412 20146 19974 5069 458 4611 3705 536 366 404 2008 1398 1092 610 447 14905 3169 3001 2825 2305 906 14186 11927 7722 564 7158 2627 1973
is_linear=0
shrinkage=0.0161


Tree=175
num_leaves=31
num_cat=0
split_feature=280 132 230 456 447 107 202 549 129 582 381 80 496 549 572 507 560 308 109 232 46 422 298 557 525 487 537 532 294 10
split_gain=3894.42 3214.58 4238.42 3466.64 3654.21 3285.76 3574.88 3315.45 3119.8 5049.03 5767.35 5820.33 3902.07 3839.11 3215.54 5475.01 3911.73 3352.69 3500.34 6252.79 3027.91 2852.39 3265.55 2795.06 2786.05 5826.64 2746.89 2624.07 2335.32 2196.14
threshold=4.5000000000000009 20.000000000000004 4.5000000000000009 3.5000000000000004 52.000000000000007 43.500000000000007 16.500000000000004 216.75000000000003 10.500000000000002 228.75000000000003 6.5000000000000009 8.0000000000000018 195.50000000000003 193.75000000000003 168.05000305175784 194.50000000000003 161.34999847412112 8.0000000000000018 6.5000000000000009 6.5000000000000009 10.500000000000002 8.0000000000000018 10.500000000000002 210.94999694824222 153.50000000000003 143.50000000000003 174.50000000000003 130.50000000000003 20.000000000000004 13.500000000000002
decision_type=2 2 2 2 2 2 2 10 2 8 2 2 2 8 10 2 10 2 2 2 2 2 2 10 2 2 2 2 2 2
left_child=-1 2 23 28 8 6 7 24 14 12 -11 -12 13 29 15 16 17 -5 19 -19 -14 22 -16 26 25 -3 -2 -6 -4 -10
right_child=1 5 3 4 27 -7 -8 -9 9 10 11 -13 20 -15 21 -17 -18 18 -20 -21 -22 -23 -24 -25 -26 -27 -28 -29 -30 -31
leaf_value=-0.012312302456856137 -0.0065687142190280429 -0.014392223540043944 -0.019735803503262279 -0.004054210584838968 0.0077894016068946357 0.043546406566911403 -0.046873140834731458 0.062454154499679643 0.040996815101664183 0.0083862492609735016 0.17364370132554857 0.054930786142598824 0.015956053184934624 0.096397498896767284 -0.026052222397964325 0.10353583462287289 0.075816767154713041 0.0053981343448305267 0.0099644142401513758 0.14323729857366851 -0.080507645510824552 -0.042973823075668563 0.062244343542947465 0.056204990490780295 -0.046934747414016681 0.075930401481408449 -0.051330313018061825 -0.076583439311944251 0.037289064294730299 0.0043012421687258504
leaf_weight=6755 3207 1332 1234 2090 199 252 768 167 768 257 184 258 173 194 243 180 234 173 654 169 164 497 196 165 461 215 400 183 219 944
leaf_count=6755 3207 1332 1234 2090 199 252 768 167 768 257 184 258 173 194 243 180 234 173 654 169 164 497 196 165 461 215 400 183 219 944
internal_value=-0.00204404 0.00224142 0.00580235 0.011689 0.0159638 -0.0122234 -0.0170068 -0.00645009 0.0184797 0.0313391 0.0691344 0.104403 0.0195503 0.0284859 0.00994596 0.0170379 0.0123411 0.0075204 0.0318321 0.0735805 -0.0309179 -0.0165479 0.0133159 -0.0085695 -0.0121924 -0.00182409 -0.0115391 -0.0325684 -0.0111247 0.0207766
internal_weight=22935 16180 12985 9213 7760 3195 2943 2175 7378 2942 699 442 2243 1906 4436 3500 3320 3086 996 342 337 936 439 3772 2008 1547 3607 382 1453 1712
internal_count=22935 16180 12985 9213 7760 3195 2943 2175 7378 2942 699 442 2243 1906 4436 3500 3320 3086 996 342 337 936 439 3772 2008 1547 3607 382 1453 1712
is_linear=0
shrinkage=0.0161


Tree=176
num_leaves=31
num_cat=0
split_feature=478 272 51 487 571 309 145 540 598 154 108 235 209 330 182 351 561 504 317 51 460 537 50 543 541 114 124 239 4 509
split_gain=4244.78 5270.05 5214.91 5726.48 4439.78 3835.52 4158.34 5180.49 3378.41 3339.76 3425.87 4410.96 7135.93 3287.79 3530.25 3105.36 2914.29 3915.25 2904.38 2862.57 3471.07 3037.76 2699.19 3806.86 2629.38 2503.03 2346.58 2760.86 3150.66 3131.89
threshold=20.000000000000004 5.5000000000000009 20.000000000000004 125.50000000000001 201.75000000000003 3.5000000000000004 5.5000000000000009 233.25000000000003 87.649997711181655 13.500000000000002 24.500000000000004 16.500000000000004 8.0000000000000018 16.500000000000004 8.0000000000000018 16.500000000000004 111.64999771118165 48.500000000000007 29.500000000000004 20.000000000000004 6.5000000000000009 181.50000000000003 8.0000000000000018 228.75000000000003 166.15000152587893 6.5000000000000009 24.500000000000004 16.500000000000004 8.0000000000000018 125.50000000000001
decision_type=2 2 2 2 10 2 2 10 8 2 2 2 2 2 2 2 8 2 2 2 2 2 2 10 10 2 2 2 2 2
left_child=4 -2 18 8 5 -1 24 9 -4 19 11 13 -13 16 -15 22 17 -11 26 20 -8 -22 -6 -24 -7 -18 27 -3 -29 -30
right_child=1 2 3 -5 15 6 7 -9 -10 10 -12 12 -14 14 -16 -17 25 -19 -20 -21 21 -23 23 -25 -26 -27 -28 28 29 -31
leaf_value=-0.015339626414816435 -0.018173721255855122 -0.0068877699992134118 0.085235130922274194 0.115033956981292 -0.045166689002384269 -0.0043178126767402245 -0.0078284254276048248 0.099552104018028623 -0.00097696921021996584 0.0019377163923629448 -0.017285571937415527 0.15187918905806863 0.024709266077439233 0.11752318877448573 0.01105615990864992 -0.067941990733140445 0.023459485248237374 0.09965073962002409 0.0586957886719515 -0.019174971338110698 0.014731120934236402 0.071903647430261106 -0.020453983976893814 0.07050642238949377 -0.044421091694301834 -0.044766546307908869 -0.026133570974896422 -0.0013745946495134704 0.08678204160259291 0.0063347782485144539
leaf_weight=3720 988 824 175 302 435 4920 1911 166 359 307 404 194 280 163 161 411 229 163 311 1282 2071 273 374 175 464 355 462 392 355 195
leaf_count=3720 988 824 175 302 435 4920 1911 166 359 307 404 194 280 163 161 411 229 163 311 1282 2071 273 374 175 464 355 462 392 355 195
internal_value=0.000233697 0.0145166 0.0240933 0.0589781 -0.00314113 -0.000881971 0.00314703 0.0105406 0.027232 0.00864156 0.0251544 0.0344251 0.0768074 0.0198294 0.0646909 -0.0307573 0.00601668 0.0358755 0.0125977 0.00190931 0.00826739 0.0213999 -0.0152019 0.00849781 -0.00777834 -0.0179732 0.0061525 0.0146121 0.0334438 0.0583026
internal_weight=22821 4363 3375 836 18458 17063 13343 7959 534 7793 2256 1852 474 1378 324 1395 1054 470 2539 5537 4255 2344 984 549 5384 584 2228 1766 942 550
internal_count=22821 4363 3375 836 18458 17063 13343 7959 534 7793 2256 1852 474 1378 324 1395 1054 470 2539 5537 4255 2344 984 549 5384 584 2228 1766 942 550
is_linear=0
shrinkage=0.0161


Tree=177
num_leaves=31
num_cat=0
split_feature=532 503 411 570 296 158 570 166 540 584 454 348 577 595 392 47 282 160 228 213 30 386 158 161 204 398 198 519 498 507
split_gain=4030.56 5158.19 8809.19 4144.47 3828.6 3392.35 3227.42 3195.86 3749.64 5379.64 3319.2 3155.63 3152.08 2891.13 2879.64 2892.24 5679.85 3372.01 3480.29 4229.87 4176.95 2821.87 2765.91 3087.2 2619.94 3511.53 3603.33 2567.5 2542.29 4313.86
threshold=293.50000000000006 286.50000000000006 6.5000000000000009 247.34999847412112 87.000000000000014 2.5000000000000004 213.05000305175784 5.5000000000000009 209.25000000000003 182.25000000000003 2.5000000000000004 61.500000000000007 204.25000000000003 169.15000152587893 1.0000000180025095e-35 2.5000000000000004 8.0000000000000018 35.500000000000007 8.0000000000000018 29.500000000000004 8.0000000000000018 10.500000000000002 20.000000000000004 16.500000000000004 10.500000000000002 29.500000000000004 29.500000000000004 195.50000000000003 166.50000000000003 133.50000000000003
decision_type=2 2 2 10 2 2 10 2 10 8 2 2 10 10 2 2 2 2 2 2 2 2 2 2 2 2 2 2 2 2
left_child=1 3 -3 4 5 -1 7 13 10 -10 -9 14 -2 27 -12 16 -16 18 -17 24 -21 -4 23 -19 25 26 28 -7 29 -20
right_child=12 2 21 -5 -6 6 -8 8 9 -11 11 -13 -14 -15 15 17 -18 22 19 20 -22 -23 -24 -25 -26 -27 -28 -29 -30 -31
leaf_value=-0.019245856193657245 -0.010602746007583009 0.1417111522716504 0.048746183046925413 0.057372081989838446 0.067695107146997002 -0.0061386629509610404 -0.037468495121208527 -0.024785141072741535 0.11699574548771033 0.0055054994329019197 -0.051733070966815481 -0.048440138382579434 -0.088200188920556991 -0.042080611036117467 0.0018722915539026617 0.0014372936208474068 0.11651459442925008 -0.054178921590877609 0.023454084847297517 0.13328492738480513 0.02923531734944983 -0.04627818128092847 -0.071246243005111495 0.03270570148154759 -0.0012208311977806167 -0.03236730332551932 0.098742368568987604 0.041159352802051387 -0.021005995412362394 0.10332438543990602
leaf_weight=2653 323 180 162 314 205 6360 571 889 192 271 196 252 235 558 268 4192 193 178 1097 168 249 162 231 262 1278 219 209 312 237 209
leaf_count=2653 323 180 162 314 205 6360 571 889 192 271 196 252 235 558 268 4192 193 178 1097 168 249 162 231 262 1278 219 209 312 237 209
internal_value=-0.000586111 0.000483843 0.0514044 -0.000694323 -0.00154548 -0.00221474 0.000214392 0.00140976 0.00696094 0.0517899 0.0049488 0.00775204 -0.0433249 -0.00687153 0.00929613 0.0106293 0.0499189 0.00850291 0.0114632 0.0229212 0.071211 0.00116136 -0.0261294 -0.00238959 0.0167161 0.0283583 0.0359624 -0.00392336 0.0274436 0.0362538
internal_weight=22825 22267 504 21763 21449 21244 18591 18020 10790 463 10327 9438 558 7230 9186 8990 461 8529 7858 3666 417 324 671 440 3249 1971 1752 6672 1543 1306
internal_count=22825 22267 504 21763 21449 21244 18591 18020 10790 463 10327 9438 558 7230 9186 8990 461 8529 7858 3666 417 324 671 440 3249 1971 1752 6672 1543 1306
is_linear=0
shrinkage=0.0161


Tree=178
num_leaves=31
num_cat=0
split_feature=480 534 557 416 470 424 350 512 64 201 527 426 495 405 396 200 527 162 542 394 574 479 253 20 64 157 382 215 234 106
split_gain=4462.28 5709.18 4212.75 3943.19 3919.02 3978.02 3784.59 3424.19 3136.45 6733.48 7251.13 4984.97 6281.63 4509.52 4159.46 3893.84 3290.52 3099.75 2908.85 2941.53 2851.54 2816.49 2719.74 3416.54 3498.15 3379.29 4919.76 2891.19 2424.8 2137.2
threshold=132.50000000000003 299.50000000000006 215.15000152587893 35.500000000000007 6.5000000000000009 13.500000000000002 52.000000000000007 62.500000000000007 8.0000000000000018 13.500000000000002 222.50000000000003 6.5000000000000009 126.50000000000001 2.5000000000000004 16.500000000000004 20.000000000000004 145.50000000000003 3.5000000000000004 151.55000305175784 8.0000000000000018 238.25000000000003 52.000000000000007 10.500000000000002 10.500000000000002 10.500000000000002 8.0000000000000018 8.0000000000000018 29.500000000000004 5.5000000000000009 43.500000000000007
decision_type=2 2 10 2 2 2 2 2 2 2 2 2 2 2 2 2 2 2 10 2 10 2 2 2 2 2 2 2 2 2
left_child=2 3 17 6 -5 -6 7 -2 9 11 15 -9 -13 -10 28 16 -11 -1 19 -19 29 22 23 -21 25 -25 -27 -24 -14 -15
right_child=1 -3 -4 4 5 -7 -8 8 13 10 -12 12 14 20 -16 -17 -18 18 -20 21 -22 -23 27 24 -26 26 -28 -29 -30 -31
leaf_value=-0.016475934220284552 0.074672308185204803 -0.042753213851141114 0.078788331122276775 0.11758880800459945 -0.018614271944634771 0.083801533129801237 0.072108306825980614 -0.029956065476823609 0.071823153137545823 0.11582847242199903 0.15580556885938696 0.096324994118777027 0.025316937655286871 -0.020818373754752883 0.066404655628749878 -0.027084873328559855 0.018864354509675246 -0.0056979330565755789 -0.040022936305707545 0.0032212246034146659 0.040494563164963221 0.060551251598937969 -0.015576179490195276 0.025562316959256051 0.0079303669437184379 0.034795006621679829 0.15686171057703674 0.039756247450910158 -0.05042255735451974 0.037559528082640181
leaf_weight=3890 201 449 161 186 216 180 263 699 185 170 164 248 169 2090 184 182 196 6410 452 1809 255 277 1626 326 549 166 178 288 310 176
leaf_count=3890 201 449 161 186 216 180 263 699 185 170 164 248 169 2090 184 182 196 6410 452 1809 255 277 1626 326 549 166 178 288 310 176
internal_value=0.0013937 0.0126312 -0.00314875 0.0167292 0.0565895 0.0278789 0.0125008 0.00949829 0.0068882 0.0206173 0.0618461 0.00236977 0.0271989 -0.00488393 0.00130622 0.033684 0.0639666 -0.00397621 4.66648e-05 0.00160613 -0.0105223 0.0105815 0.00777594 0.017274 0.0381091 0.0628026 0.0980258 -0.007238 -0.0236511 -0.0162738
internal_weight=22655 6523 16132 6074 582 396 5492 5229 5028 2322 712 1610 911 2706 663 548 366 15971 12081 11629 2521 5219 4942 3028 1219 670 344 1914 479 2266
internal_count=22655 6523 16132 6074 582 396 5492 5229 5028 2322 712 1610 911 2706 663 548 366 15971 12081 11629 2521 5219 4942 3028 1219 670 344 1914 479 2266
is_linear=0
shrinkage=0.0161


Tree=179
num_leaves=31
num_cat=0
split_feature=306 534 503 581 359 295 39 49 222 563 394 559 483 367 66 547 595 358 305 555 577 385 254 234 575 313 239 18 123 94
split_gain=4647.54 4995.63 5452.6 9061.99 4236.75 3756.7 5768.46 4361.87 3689.97 4099.67 3549.77 2859.39 2768.55 2910.53 2812.67 4469.3 7402.53 5876.15 2781.75 3593.12 2700.24 5494.03 2838.99 2675.82 2410.37 2268.71 2360.71 3799.93 2207.68 2197.03
threshold=4.5000000000000009 290.50000000000006 286.50000000000006 200.34999847412112 35.500000000000007 8.0000000000000018 8.0000000000000018 10.500000000000002 4.5000000000000009 235.84999847412112 20.000000000000004 228.75000000000003 280.50000000000006 73.500000000000014 10.500000000000002 143.15000152587893 164.05000305175784 10.500000000000002 16.500000000000004 90.549999237060561 218.75000000000003 3.5000000000000004 20.000000000000004 10.500000000000002 207.44999694824222 16.500000000000004 13.500000000000002 13.500000000000002 5.5000000000000009 43.500000000000007
decision_type=2 2 2 8 2 2 2 2 2 10 2 10 2 2 2 10 10 2 2 10 8 2 2 2 8 2 2 2 2 2
left_child=11 2 4 -4 8 10 -7 -8 29 12 -6 25 13 14 15 18 17 -17 -10 -20 -16 -22 28 -18 -3 26 -1 -28 -23 -2
right_child=1 24 3 -5 5 6 7 -9 9 -11 -12 -13 -14 -15 20 16 23 -19 19 -21 21 22 -24 -25 -26 -27 27 -29 -30 -31
leaf_value=-0.012436690718395668 -0.012655146410810683 -0.0070626650739311625 0.15658418185287803 0.00067667345324603394 -0.023211594216543608 -0.001296809351799301 0.1544852799200776 0.048245645132530733 0.001453281449719987 0.084785653669465902 0.063380654640036671 0.056312412837149203 -0.045220529772446151 0.066381231387647621 -0.0089436294031990781 0.13277610850587687 0.035752901940043436 0.021359046552927669 0.0086435086356357743 0.10307848531685294 0.096147590354165868 0.029574211670329614 0.058922060528496058 -0.036915592289161324 -0.081861569644772356 -0.031845750481763219 -0.0065240123642178651 0.063600730867933067 -0.03217953982515704 0.044410253981534753
leaf_weight=4520 3869 208 166 232 390 242 189 215 3000 178 179 162 258 218 3487 310 290 204 275 169 201 221 184 240 243 1233 627 294 466 183
leaf_count=4520 3869 208 166 232 390 242 189 215 3000 178 179 162 258 218 3487 310 290 204 275 169 201 221 184 240 243 1233 627 294 466 183
internal_value=0.000595733 0.00539089 0.00694235 0.0657626 0.00537674 0.034197 0.0607689 0.0980051 0.00282893 0.00821997 0.00398784 -0.0104958 0.00678636 0.00823713 0.00683346 0.0158818 0.045067 0.0886019 0.00702792 0.0446414 -0.00206883 0.0202715 0.00273467 0.00280201 -0.0474167 -0.0121209 -0.00764672 0.0158355 -0.0122798 -0.0100721
internal_weight=22653 15817 15366 398 14968 1215 646 404 13753 9701 569 6836 9523 9265 9047 4488 1044 514 3444 444 4559 1072 871 530 451 6674 5441 921 687 4052
internal_count=22653 15817 15366 398 14968 1215 646 404 13753 9701 569 6836 9523 9265 9047 4488 1044 514 3444 444 4559 1072 871 530 451 6674 5441 921 687 4052
is_linear=0
shrinkage=0.0161


Tree=180
num_leaves=31
num_cat=0
split_feature=94 401 532 542 563 57 516 411 207 448 84 572 513 490 395 536 218 158 563 572 539 482 109 392 536 238 318 142 522 515
split_gain=5091.6 4341.32 4382.65 7743.91 9589.58 6019.96 5501.15 3478.28 4544.37 6932.88 4017.83 4402.57 3772.83 4464.15 6033.67 3425.52 2779.33 2638.87 2571.79 6324.7 5642.02 4448 3539.37 3681.66 3295.56 4006.71 2512.23 2817.43 2471.87 3749.98
threshold=8.0000000000000018 61.500000000000007 290.50000000000006 210.94999694824222 235.84999847412112 61.500000000000007 230.50000000000003 20.000000000000004 13.500000000000002 6.5000000000000009 24.500000000000004 128.15000152587893 112.50000000000001 63.500000000000007 24.500000000000004 40.500000000000007 2.5000000000000004 16.500000000000004 144.05000305175784 171.05000305175784 202.50000000000003 83.500000000000014 5.5000000000000009 5.5000000000000009 200.50000000000003 24.500000000000004 10.500000000000002 10.500000000000002 244.50000000000003 167.50000000000003
decision_type=2 2 2 10 8 2 2 2 2 2 2 8 2 2 2 2 2 2 8 8 2 2 2 2 2 2 2 2 2 2
left_child=16 2 3 5 6 7 -5 12 17 -10 11 -11 13 -2 15 -15 -1 -9 -18 20 21 -20 -23 -24 25 28 -17 -28 29 -21
right_child=1 -3 -4 4 -6 -7 -8 8 9 10 -12 -13 -14 14 -16 26 18 -19 19 24 -22 22 23 -25 -26 -27 27 -29 -30 -31
leaf_value=-0.026850997462037757 -0.00097016931159885577 -0.046597305585815867 -0.045468693729694074 -0.014538091489960995 0.16641102889659401 0.079122279663891279 0.096270311843550227 -0.0085928835104128378 0.15070456467663015 0.0049387298160360376 -0.026723925071941036 0.11868786980188584 -0.015343545501440391 0.067162454544916095 0.10295244255714532 -0.013921704083098346 -0.010297111480232974 0.045422824730041673 0.10093098841267586 -0.0090999997939862961 0.12414859954996299 -0.036446039585610344 0.089319342741205454 0.0014365998455413977 -0.032629226058873341 0.069116529993083362 0.072253499941443977 -0.014920952163217066 -0.057730636650065136 0.045847451829813327
leaf_weight=1510 3464 355 349 298 179 306 190 840 162 172 200 182 2338 289 257 685 5982 325 161 1472 169 294 193 345 863 223 237 161 192 412
leaf_count=1510 3464 355 349 298 179 306 190 840 162 172 200 182 2338 289 257 685 5982 325 161 1472 169 294 193 345 863 223 237 161 192 412
internal_value=0.000885925 0.00877533 0.0106261 0.0125318 0.0655871 0.00885004 0.0285563 0.0065383 0.0260967 0.0580217 0.030877 0.0634864 0.00158434 0.0093599 0.0313408 0.0179095 -0.00644931 0.00645567 -0.00345784 0.00599845 0.0381215 0.0234567 0.00843645 0.0330071 -0.00579898 0.00426234 0.00474457 0.0369303 -0.00269284 0.00290362
internal_weight=22805 10989 10634 10285 667 9618 488 9312 1881 716 554 354 7431 5093 1629 1372 11816 1165 10306 4324 1162 993 832 538 3162 2299 1083 398 2076 1884
internal_count=22805 10989 10634 10285 667 9618 488 9312 1881 716 554 354 7431 5093 1629 1372 11816 1165 10306 4324 1162 993 832 538 3162 2299 1083 398 2076 1884
is_linear=0
shrinkage=0.0161


Tree=181
num_leaves=31
num_cat=0
split_feature=34 438 560 125 512 480 495 571 382 429 543 215 537 561 467 509 534 299 121 231 99 246 484 485 510 492 556 359 539 382
split_gain=5405.93 4291.36 6040.24 4523.68 3860.94 4501.31 6168.78 3526.72 3393.35 4133.1 5607.36 3115.77 4984.43 5409.68 3112.85 4041.93 9344.66 3383.96 3007.15 3619.04 5332.79 5529.81 2583.46 2646.55 2709.53 3317.56 4411.13 4523.65 2540.99 2295.43
threshold=6.5000000000000009 8.0000000000000018 255.05000305175784 29.500000000000004 278.50000000000006 241.50000000000003 181.50000000000003 240.75000000000003 35.500000000000007 13.500000000000002 213.05000305175784 13.500000000000002 94.500000000000014 93.149997711181655 13.500000000000002 126.50000000000001 67.500000000000014 24.500000000000004 16.500000000000004 13.500000000000002 6.5000000000000009 8.0000000000000018 265.50000000000006 221.50000000000003 107.50000000000001 78.500000000000014 93.149997711181655 16.500000000000004 71.500000000000014 5.5000000000000009
decision_type=2 2 10 2 2 2 2 10 2 2 10 2 2 8 2 2 2 2 2 2 2 2 2 2 2 2 10 2 2 2
left_child=4 3 8 7 5 -1 -7 22 9 11 14 18 13 -13 17 16 -16 -11 19 -3 -21 -22 23 24 25 -2 -27 -28 -10 -14
right_child=1 2 -4 -5 -6 6 -8 -9 28 10 -12 12 29 -15 15 -17 -18 -19 -20 20 21 -23 -24 -25 -26 26 27 -29 -30 -31
leaf_value=-0.0087402142557033453 0.000227290682384938 -0.0052576839646309263 0.11415868884571459 -0.040875899821341419 -0.072601486248470307 0.11035001500515916 -0.015714943278023294 0.077498081370768551 0.019704090482330308 -0.0020667448479718209 0.1265674466523749 0.013564245739245563 -0.049732709352229648 0.11203009105841585 0.026120213873480895 0.001940673779519638 0.16962787054646103 0.069177460367849927 -0.033788194636257367 -0.016872209409882422 0.01689431083421717 0.14890978304195981 -0.061492882710167104 0.056193552176438608 -0.016876927263981018 0.10017879138454505 -0.013941912098579255 0.084292757393129233 -0.049098293629270616 0.01831990788867386
leaf_weight=8992 2946 1498 162 673 234 198 204 161 227 895 166 284 183 296 310 256 190 214 578 229 162 168 166 232 1602 212 419 171 358 431
leaf_count=8992 2946 1498 162 673 234 198 204 161 227 895 166 284 183 296 310 256 190 214 578 229 162 168 166 232 1602 212 419 171 358 431
internal_value=0.00117746 0.00787403 0.0170406 -0.00132377 -0.00799344 -0.00638158 0.0463182 0.003177 0.0145958 0.0182891 0.0368579 0.00843362 0.0300096 0.0638564 0.0288604 0.0540614 0.0807002 0.0116598 -0.00133419 0.00777367 0.042737 0.0841735 0.00109119 0.00295656 0.000643564 0.00813859 0.03717 0.0144896 -0.0223604 -0.00192454
internal_weight=22817 13189 6607 6582 9628 9394 402 5909 6445 5860 2031 3829 1194 580 1865 756 500 1109 2635 2057 559 330 5748 5582 5350 3748 802 590 585 614
internal_count=22817 13189 6607 6582 9628 9394 402 5909 6445 5860 2031 3829 1194 580 1865 756 500 1109 2635 2057 559 330 5748 5582 5350 3748 802 590 585 614
is_linear=0
shrinkage=0.0161


Tree=182
num_leaves=31
num_cat=0
split_feature=266 532 494 306 502 381 440 280 176 65 300 61 233 301 572 166 479 115 91 513 320 35 29 252 189 578 539 568 80 463
split_gain=4735.96 4577.85 4425.39 3588 3723.22 3303.7 3603.01 3862.47 5266.15 3681.74 4494.46 4592.44 7222.6 4281.89 4163.65 4599.58 3731.16 3359.52 3239.05 3225.91 5053.63 3602.98 3545.09 3313.53 2768.35 3474.63 2602.01 2524.53 2516.12 2202.89
threshold=2.5000000000000004 290.50000000000006 13.500000000000002 4.5000000000000009 313.50000000000006 2.5000000000000004 52.000000000000007 3.5000000000000004 61.500000000000007 10.500000000000002 29.500000000000004 13.500000000000002 20.000000000000004 6.5000000000000009 264.34999084472662 13.500000000000002 43.500000000000007 35.500000000000007 13.500000000000002 107.50000000000001 5.5000000000000009 10.500000000000002 4.5000000000000009 10.500000000000002 29.500000000000004 71.549999237060561 98.500000000000014 128.15000152587893 6.5000000000000009 13.500000000000002
decision_type=2 2 2 2 2 2 2 2 2 2 2 2 2 2 8 2 2 2 2 2 2 2 2 2 2 10 2 10 2 2
left_child=-1 2 -2 29 5 -5 7 -7 9 10 11 17 13 -13 16 28 24 19 -15 21 23 26 -23 -21 25 -11 -9 -26 -16 -4
right_child=1 -3 3 4 -6 6 -8 8 -10 14 -12 12 -14 18 15 -17 -18 -19 -20 20 -22 22 -24 -25 27 -27 -28 -29 -30 -31
leaf_value=-0.021840205228647998 -0.012967778851932442 -0.042757548718203302 -0.012588535527993243 -0.019072349443834166 0.076565549772810021 -0.0075758941306806413 -0.027056172676244009 -0.0021244059928174114 0.093953762557751355 0.059389885158985738 -0.021841718942946751 0.10345816885255883 0.14372567625474209 -0.0031114794626845221 0.050911782586048226 0.098652512169366643 0.056519095270406342 0.087591635443588819 0.073534130722632707 0.0051216206228578247 -0.025393847576274026 0.12527127427041668 0.038213153476378131 0.10039506344756986 0.083734538098398245 -0.016156516202463504 0.069719891327093095 -0.005373622050065017 -0.026086168284510072 0.012400539342027775
leaf_weight=2358 3463 569 3136 907 225 1635 554 656 239 168 428 212 219 465 214 243 267 189 206 225 800 175 399 164 160 2576 163 169 226 1290
leaf_count=2358 3463 569 3136 907 225 1635 554 656 239 168 428 212 219 465 214 243 267 189 206 225 800 175 399 164 160 2576 163 169 226 1290
internal_value=-0.000239866 0.00226284 0.00355957 0.00707016 0.0116792 0.0104249 0.0129154 0.0150892 0.0194195 0.0172767 0.0276339 0.0331074 0.0609199 0.040356 0.00619787 0.042419 -0.00120198 0.0220382 0.020384 0.0172306 -0.00222948 0.0338577 0.0647963 0.0453488 -0.00622479 -0.0115226 0.0121455 0.0378901 0.0113093 -0.00529991
internal_weight=22700 20342 19773 16310 11884 11659 10752 10198 8563 8324 4301 3873 1102 883 4023 683 3340 2771 671 2582 1189 1393 574 389 3073 2744 819 329 440 4426
internal_count=22700 20342 19773 16310 11884 11659 10752 10198 8563 8324 4301 3873 1102 883 4023 683 3340 2771 671 2582 1189 1393 574 389 3073 2744 819 329 440 4426
is_linear=0
shrinkage=0.0161


Tree=183
num_leaves=31
num_cat=0
split_feature=534 306 358 463 222 514 94 354 48 358 480 171 49 478 512 42 90 154 530 529 285 183 599 374 115 126 552 27 525 480
split_gain=4518.72 4776.44 4704.28 7518.22 3487.09 3617.25 3523.81 2851.19 2752.56 2977.37 5833.52 6478.29 6071.69 3069.12 2583.73 3151.08 3666.9 2580.69 2516.55 4983.21 2359.41 2585.16 3105.36 4813.72 6436.59 3140.32 4064.87 3038.53 2235.76 2710.69
threshold=290.50000000000006 4.5000000000000009 61.500000000000007 8.0000000000000018 4.5000000000000009 313.50000000000006 43.500000000000007 8.0000000000000018 52.000000000000007 4.5000000000000009 129.50000000000003 6.5000000000000009 10.500000000000002 29.500000000000004 170.50000000000003 10.500000000000002 10.500000000000002 24.500000000000004 145.50000000000003 102.50000000000001 35.500000000000007 3.5000000000000004 235.84999847412112 20.000000000000004 13.500000000000002 6.5000000000000009 174.34999847412112 6.5000000000000009 188.50000000000003 129.50000000000003
decision_type=2 2 2 2 2 2 2 2 2 2 2 2 2 2 2 2 2 2 2 2 2 2 8 2 2 2 10 2 2 2
left_child=1 7 4 -4 6 8 28 -1 9 10 18 -12 -13 20 15 -15 -17 -9 19 -6 21 -11 25 24 27 26 -23 -24 29 -3
right_child=-2 2 3 -5 5 -7 -8 17 -10 13 11 12 -14 14 -16 16 -18 -19 -20 -21 -22 22 23 -25 -26 -27 -28 -29 -30 -31
leaf_value=-0.018131426092883873 -0.043851202320048466 -0.012616346403265481 -0.016967923263218151 0.12169379314856481 0.0066959284204510389 0.079729875731608196 0.058773776916309479 -0.0011838493677816841 -0.028239438562832939 -0.021748225547549578 0.0052150605444804786 0.16301294516227235 0.041193779428593758 0.0045794891605570659 -0.019757862871845396 0.11813400941337636 0.031965747269755256 0.059521718103050292 -0.050247880291158425 0.093727756793513528 -0.034057417545706931 0.0099076360274038718 0.068230345779441676 -0.029709230649976635 0.11969720086492255 -0.0079841635898566417 0.087120457293252365 -0.016282626556233477 -0.045198667223847813 0.024609173736029482
leaf_weight=4187 588 3097 182 228 1600 188 199 2303 504 890 288 220 206 352 218 215 319 197 162 191 468 1095 188 229 256 2713 211 266 433 606
leaf_count=4187 588 3097 182 228 1600 188 199 2303 504 890 288 220 206 352 218 215 319 197 162 191 468 1095 188 229 256 2713 211 266 433 606
internal_value=0.000200134 0.00136738 0.00626844 0.0600841 0.00480702 0.00971222 -0.00738435 -0.010007 0.00846712 0.0103035 0.0248956 0.0642826 0.10416 0.00505543 0.0298226 0.0420485 0.066703 0.00359033 0.010484 0.0159905 0.000722542 0.00350991 0.0080487 0.0344107 0.0551248 0.00188361 0.0224003 0.0186621 -0.0105732 -0.00651799
internal_weight=22799 22211 15524 410 15114 10779 4335 6687 10591 10087 2667 714 426 7420 1104 886 534 2500 1953 1791 6316 5848 4958 939 710 4019 1306 454 4136 3703
internal_count=22799 22211 15524 410 15114 10779 4335 6687 10591 10087 2667 714 426 7420 1104 886 534 2500 1953 1791 6316 5848 4958 939 710 4019 1306 454 4136 3703
is_linear=0
shrinkage=0.0161


Tree=184
num_leaves=31
num_cat=0
split_feature=454 438 393 587 125 553 529 277 15 508 227 593 460 534 494 202 259 428 486 483 363 409 522 109 598 567 247 254 118 532
split_gain=5480.25 4461.45 3945.8 5880.28 3617.03 4414.86 3188.47 3827.89 10339.5 3238.4 3031.53 2957.15 3255.07 6554.46 2892.44 3451.63 2809.35 3834.83 2776.59 6618.12 2776.06 3722.11 2595.54 2577.56 2582.56 3719.48 2459.2 3120.54 2396.48 2861.3
threshold=4.5000000000000009 8.0000000000000018 52.000000000000007 124.35000228881837 4.5000000000000009 233.25000000000003 222.50000000000003 24.500000000000004 8.0000000000000018 210.50000000000003 13.500000000000002 238.25000000000003 13.500000000000002 204.50000000000003 12.500000000000002 2.5000000000000004 6.5000000000000009 20.000000000000004 248.50000000000003 214.50000000000003 20.000000000000004 43.500000000000007 106.50000000000001 8.0000000000000018 95.850002288818374 168.05000305175784 10.500000000000002 8.0000000000000018 43.500000000000007 138.50000000000003
decision_type=2 2 2 10 2 10 2 2 2 2 2 10 2 2 2 2 2 2 2 2 2 2 2 2 8 8 2 2 2 2
left_child=-1 11 4 -4 10 6 7 14 -9 -8 -3 12 20 16 -6 -16 17 23 19 28 21 -2 -10 24 -14 -26 27 -12 29 -17
right_child=1 2 3 -5 5 -7 9 8 22 -11 26 -13 13 -15 15 18 -18 -19 -20 -21 -22 -23 -24 -25 25 -27 -28 -29 -30 -31
leaf_value=-0.013010134967638181 -0.0063024810508400904 -0.021033487419744007 0.11351406679528227 -0.0038802311502794352 -0.021557639878090191 0.076119967369650099 -0.062205979904592916 0.12890431937763769 0.037608520340601165 0.016761993425745487 0.0024117100101550726 -0.058520929852682486 -0.012163826186027942 0.091946873082330294 0.075192602991012533 0.014487809475176881 -0.017671002816021516 0.072814641376561517 -0.05102794419185816 0.10647907113350975 -0.032898623134015058 0.063506226609910746 -0.041911342371137555 -0.021723391034535425 0.11331727494900062 0.0045521951166658196 -0.019558766788646081 0.098046394335350742 0.060305065864167576 -0.025770575432053966
leaf_weight=6082 4527 1398 242 203 578 310 275 278 245 263 182 245 230 250 248 2268 863 278 167 198 990 207 188 483 161 166 218 173 231 573
leaf_count=6082 4527 1398 242 203 578 310 275 278 245 263 182 245 230 250 248 2268 863 278 167 198 990 207 188 483 161 166 218 173 231 573
internal_value=6.70514e-05 0.00484882 0.013268 0.0599083 0.0106017 0.0169851 0.013655 0.0176849 0.0522787 -0.0235589 -0.00824157 -0.00340524 -0.00174652 0.013858 0.0119097 0.0171655 0.00489616 0.0196905 0.0129716 0.0162473 -0.00837791 -0.00324504 0.00302822 0.00546743 0.0290881 0.0581752 0.022927 0.0490831 0.0104239 0.00635983
internal_weight=22720 16638 8238 445 7793 5822 5512 4974 711 538 1971 8400 8155 2431 4263 3685 2181 1318 3437 3270 5724 4734 433 1040 557 327 573 355 3072 2841
internal_count=22720 16638 8238 445 7793 5822 5512 4974 711 538 1971 8400 8155 2431 4263 3685 2181 1318 3437 3270 5724 4734 433 1040 557 327 573 355 3072 2841
is_linear=0
shrinkage=0.0161


Tree=185
num_leaves=31
num_cat=0
split_feature=479 393 437 367 595 212 176 90 260 167 550 519 519 566 231 240 517 228 535 578 335 61 29 331 207 156 433 439 68 56
split_gain=4451.93 4839.86 3538.04 3168.63 3629.39 3191.99 7567.97 7727.09 2909.61 2916.36 2908.77 3985.02 2896.61 5363.01 2447.09 3981.46 4357.19 2906.53 3178.37 3581.27 2981.75 2876.32 3128.57 2845.61 3387.46 3120.03 2518.49 3537.58 3600.92 2621.62
threshold=73.500000000000014 8.0000000000000018 4.5000000000000009 2.5000000000000004 264.34999084472662 29.500000000000004 13.500000000000002 10.500000000000002 16.500000000000004 6.5000000000000009 255.05000305175784 235.50000000000003 211.50000000000003 216.75000000000003 8.0000000000000018 13.500000000000002 182.50000000000003 3.5000000000000004 137.50000000000003 159.44999694824222 6.5000000000000009 5.5000000000000009 4.5000000000000009 13.500000000000002 5.5000000000000009 6.5000000000000009 29.500000000000004 8.0000000000000018 16.500000000000004 5.5000000000000009
decision_type=2 2 2 2 10 2 2 2 2 2 10 2 2 8 2 2 2 2 2 10 2 2 2 2 2 2 2 2 2 2
left_child=2 -2 -1 -4 5 10 8 -8 9 -7 11 12 14 -14 17 16 23 -5 19 -19 -20 -17 -23 26 25 -25 27 -16 29 -29
right_child=1 -3 3 4 -6 6 7 -9 -10 -11 -12 -13 13 -15 15 21 -18 18 20 -21 -22 22 -24 24 -26 -27 -28 28 -30 -31
leaf_value=-0.010890825371350483 -0.015360818921911911 0.094514184369677109 -0.018834323179422557 -0.021937425950514709 -0.060308026328423969 -0.01868001894760743 0.16642236380544442 0.033384773655025957 -0.044951480454990339 0.053874245455736693 0.057411905711334227 -0.03061007565235364 0.0036355759954931569 0.11951051107591246 -0.0088795214661520072 0.055372745349864978 0.085775461257489916 0.0066769287360910565 0.0090532685276958676 0.08276089995260312 -0.045486688867262093 0.042395298526144154 -0.024568489051240559 0.031868049187168415 0.017318371569749576 0.13144816488845729 -0.042527377117671926 0.063092826044369416 0.084523866334417011 -0.0045330799392574277
leaf_weight=6006 170 266 1487 1497 212 264 175 322 251 314 263 839 285 163 928 168 264 4085 462 167 592 211 1258 160 542 168 232 212 274 495
leaf_count=6006 170 266 1487 1497 212 264 175 322 251 314 263 839 285 163 928 168 264 4085 462 167 592 211 1258 160 542 168 232 212 274 495
internal_value=0.000667815 0.051619 -0.000327485 0.00356569 0.00581742 0.00677981 0.0306003 0.0802764 0.000790221 0.0206946 0.00439688 0.0033227 0.00566531 0.045848 0.00412665 0.012787 0.0230367 -0.00212295 0.00346294 0.00967071 -0.0215578 -0.00770437 -0.0149341 0.0175281 0.0420871 0.0829443 0.00753747 0.0136342 0.0349555 0.0157118
internal_weight=22732 436 22296 16290 14803 14591 1326 497 829 578 13265 13002 12163 448 11715 4912 3275 6803 5306 4252 1054 1637 1469 3011 870 328 2141 1909 981 707
internal_count=22732 436 22296 16290 14803 14591 1326 497 829 578 13265 13002 12163 448 11715 4912 3275 6803 5306 4252 1054 1637 1469 3011 870 328 2141 1909 981 707
is_linear=0
shrinkage=0.0161


Tree=186
num_leaves=31
num_cat=0
split_feature=218 16 396 350 359 281 472 563 563 587 465 204 571 481 495 280 518 99 517 413 390 157 131 346 476 229 579 304 584 580
split_gain=4884.94 4036.93 6461.92 7475.49 3955.11 4725.8 5121.29 4372.18 3680.16 5756.44 4974.18 3339.42 3548.22 3265.93 3229.7 2783.12 3627.17 6238.28 2668.28 2590.75 2482.52 2545.17 2920.35 4402 3703.4 3033.74 2575.08 2415.82 2370.76 2352.05
threshold=2.5000000000000004 52.000000000000007 20.000000000000004 13.500000000000002 35.500000000000007 13.500000000000002 6.5000000000000009 162.34999847412112 238.25000000000003 144.05000305175784 43.500000000000007 2.5000000000000004 201.75000000000003 141.50000000000003 262.50000000000006 13.500000000000002 82.500000000000014 13.500000000000002 68.500000000000014 5.5000000000000009 73.500000000000014 5.5000000000000009 5.5000000000000009 8.0000000000000018 4.5000000000000009 13.500000000000002 240.75000000000003 24.500000000000004 158.65000152587893 175.25000000000003
decision_type=2 2 2 2 2 2 2 8 8 8 2 2 8 2 2 2 2 2 2 2 2 2 2 2 2 2 8 2 8 8
left_child=-1 4 3 -3 8 13 -7 -8 20 -10 11 19 -13 18 15 -14 -17 -18 -6 -11 21 26 23 27 -25 -26 28 29 -2 -23
right_child=1 2 -4 -5 5 6 7 -9 9 10 -12 12 14 -15 -16 16 17 -19 -20 -21 -22 22 -24 24 25 -27 -28 -29 -30 -31
leaf_value=-0.02010599804239388 -0.0087120626399613474 0.023992678344436604 -0.039500671464895713 0.14294311505523735 -0.00080585384346234254 0.14048801656683088 0.084844852337234739 -0.026746027658447642 0.092606075209565708 0.007762501270611886 0.084687932551151979 0.059844259127233672 -0.01081699013652212 -0.037742914766620991 -0.068439142243069753 -0.0099995315918149294 0.12688964436732084 -0.0052167215352433172 0.068244316726370505 0.099132780689713346 -0.056831609055290229 -0.0013634213979617582 -0.0035932236946368715 0.093236254462215562 0.0047754437287391071 0.070013065695631205 0.045940338320778588 -0.056876406017135589 -0.038579733175344501 0.06127964043168245
leaf_weight=2463 4308 392 202 211 354 166 194 171 229 160 214 234 1946 299 196 365 187 183 245 163 222 1266 5834 267 608 266 196 176 821 177
leaf_count=2463 4308 392 202 211 354 166 194 171 229 160 214 234 1946 299 196 365 187 183 245 163 222 1266 5834 267 608 266 196 176 821 177
internal_value=0.00130167 0.00390638 0.0392385 0.0656545 0.00244261 0.0282248 0.0663038 0.0325008 0.000396527 0.014294 0.00937153 0.00467111 -0.000437171 0.00568194 -0.00534833 -0.000727163 0.0259548 0.0614869 0.0273974 0.0539448 -0.00341203 -0.00255833 0.00285878 0.0165053 0.0407258 0.0246573 -0.0113054 -0.000549625 -0.0134976 0.00630414
internal_weight=22715 20252 805 603 19447 1429 531 365 18018 3877 3648 3434 3111 898 2877 2681 735 370 599 323 14141 13919 8594 2760 1141 874 5325 1619 5129 1443
internal_count=22715 20252 805 603 19447 1429 531 365 18018 3877 3648 3434 3111 898 2877 2681 735 370 599 323 14141 13919 8594 2760 1141 874 5325 1619 5129 1443
is_linear=0
shrinkage=0.0161


Tree=187
num_leaves=31
num_cat=0
split_feature=481 534 502 581 217 266 282 278 235 42 204 502 401 170 462 568 54 343 571 149 100 498 133 155 235 524 98 193 273 506
split_gain=3902.67 4238.03 4246.93 11062.3 3342.63 3053.8 2904.44 3065.6 4801.94 6044.34 5573.37 3776.56 2463.16 2924.59 2362.44 3475.84 3282.48 5118.46 2639.34 4557.4 7252.29 10101.2 2651.08 3073.89 3782.61 3480.66 2067.85 2096.28 3197.34 3569.99
threshold=344.50000000000006 320.50000000000006 293.50000000000006 200.34999847412112 2.5000000000000004 2.5000000000000004 52.000000000000007 24.500000000000004 10.500000000000002 16.500000000000004 10.500000000000002 107.50000000000001 6.5000000000000009 6.5000000000000009 6.5000000000000009 193.75000000000003 43.500000000000007 10.500000000000002 247.34999847412112 8.0000000000000018 8.0000000000000018 70.500000000000014 8.0000000000000018 16.500000000000004 8.0000000000000018 86.500000000000014 4.5000000000000009 13.500000000000002 6.5000000000000009 70.500000000000014
decision_type=2 2 2 8 2 2 2 2 2 2 2 2 2 2 2 10 2 2 8 2 2 2 2 2 2 2 2 2 2 2
left_child=1 2 4 -4 -1 -6 7 14 12 11 -11 -10 13 -9 15 26 18 -18 22 -20 21 -21 23 -16 25 -25 -7 28 -28 -30
right_child=-2 -3 3 -5 5 6 -8 8 9 10 -12 -13 -14 -15 16 -17 17 -19 19 20 -22 -23 -24 24 -26 -27 27 -29 29 -31
leaf_value=-0.018832521295940395 0.077428164965508792 -0.063509988493392511 0.14081305449806239 -0.021237185370192837 -0.018295473585874612 -0.016899995501774803 -0.032176478965056654 -0.011181625271130709 0.059393194730400944 0.17287582510554 0.041241897526142011 -0.024208803457917212 -0.013613763319320822 0.073481937561369851 0.0015972852694278216 -0.050701639883512645 0.10044411856523645 -0.00068760910854101184 -0.0017001565089305082 0.019497863724261363 0.0049043651827632914 0.19809431309995021 -0.011618118704891734 0.03074709080230011 -0.0029242053638908268 0.12446614145677505 -0.0055293950639494702 -0.017998813780942993 0.0032387557681231084 0.050236688022212768
leaf_weight=2459 166 277 193 251 1901 1802 582 198 286 162 173 274 850 226 2675 411 244 276 822 164 366 165 2728 245 322 178 1822 925 897 788
leaf_count=2459 166 277 193 251 1901 1802 582 198 286 162 173 274 850 226 2675 411 244 276 822 164 366 165 2728 245 322 178 1822 925 897 788
internal_value=-0.000350136 -0.000920904 -0.000145353 0.0491506 -0.00114398 0.00108744 0.00318462 0.00439667 0.0222753 0.0508576 0.104968 0.0184459 0.00217754 0.0338901 0.00178019 -0.00534951 0.00757132 0.0467212 0.00491229 0.0239316 0.054281 0.109139 0.000215505 0.00966161 0.0385858 0.0702401 -0.00235572 0.0035525 0.00924355 0.0252316
internal_weight=22828 22662 22385 444 21941 19482 17581 16999 2169 895 335 560 1274 424 14830 6645 8185 520 7665 1517 695 329 6148 3420 745 423 6234 4432 3507 1685
internal_count=22828 22662 22385 444 21941 19482 17581 16999 2169 895 335 560 1274 424 14830 6645 8185 520 7665 1517 695 329 6148 3420 745 423 6234 4432 3507 1685
is_linear=0
shrinkage=0.0161


Tree=188
num_leaves=31
num_cat=0
split_feature=505 471 377 479 482 206 174 481 531 564 559 73 157 213 505 583 463 129 81 269 198 29 513 415 474 503 1 513 488 512
split_gain=4003.9 3964.28 4359.37 4010.32 3862.82 3709.33 3392.07 3759.5 3221.01 5340.73 3262.02 3466.69 3546.21 3376.29 3396.18 6451.52 4724.84 3241.02 3449.46 3121.13 3101.78 3065.55 2862.68 2230.84 3499.05 2382.4 2046.78 2040.19 1961.47 2110.1
threshold=344.50000000000006 4.5000000000000009 8.0000000000000018 73.500000000000014 257.50000000000006 52.000000000000007 61.500000000000007 269.50000000000006 156.50000000000003 186.44999694824222 72.549999237060561 20.000000000000004 4.5000000000000009 20.000000000000004 65.500000000000014 106.25000000000001 13.500000000000002 13.500000000000002 4.5000000000000009 13.500000000000002 20.000000000000004 6.5000000000000009 139.50000000000003 35.500000000000007 20.000000000000004 248.50000000000003 8.0000000000000018 67.500000000000014 257.50000000000006 212.50000000000003
decision_type=2 2 2 2 2 2 2 2 2 10 8 2 2 2 2 10 2 2 2 2 2 2 2 2 2 2 2 2 2 2
left_child=1 28 4 5 23 6 7 8 9 10 -4 12 -12 14 27 16 -16 18 -10 -17 -19 -15 26 25 -25 -3 -13 -14 29 -1
right_child=-2 2 3 -5 -6 -7 -8 -9 17 -11 11 22 13 21 15 19 -18 20 -20 -21 -22 -23 -24 24 -26 -27 -28 -29 -30 -31
leaf_value=-0.011282465246563357 0.080502157265932114 -0.00517057023379521 -0.023974745539718574 0.086051232493108337 -0.054220610311535786 0.071617111201751543 -0.055456262266655343 0.065325635914075184 0.029876999144492381 0.099502619401101028 -0.0023405224254250115 0.0066188272073451904 0.016749245138574832 0.12614626025006356 0.049897807114789285 -0.01583573453099766 0.15725252889017527 -0.0063746285577014851 -0.043908382008918077 0.067180684220140369 0.07726119427344294 0.041720899764271215 0.048837492382995923 0.066950797070719256 -0.012865665222576953 0.041864676995789503 -0.042359311420361236 -0.036506968963331166 -0.060060837165968273 0.032060463167048248
leaf_weight=5556 163 7402 596 191 371 256 204 317 206 185 973 391 811 174 278 389 173 358 804 168 169 314 183 304 267 290 507 242 202 307
leaf_count=5556 163 7402 596 191 371 256 204 317 206 185 973 391 811 174 278 389 173 358 804 168 169 314 183 304 267 290 507 242 202 307
internal_value=0.000993164 0.000418367 0.00450576 0.0131578 -0.00339701 0.0113462 0.00926971 0.0110972 0.00861003 0.0144804 0.0114505 0.0160425 0.0237851 0.0337669 0.0247331 0.0458592 0.0911304 -0.0119383 -0.0288358 0.00916107 0.0204013 0.0718716 -0.00916177 -0.00111223 0.0295873 -0.00339421 -0.0210074 0.00448757 -0.0107131 -0.00900892
internal_weight=22751 22588 16523 7889 8634 7698 7442 7238 6921 5384 5199 4603 3522 2549 2061 1008 451 1537 1010 557 527 488 1081 8263 571 7692 898 1053 6065 5863
internal_count=22751 22588 16523 7889 8634 7698 7442 7238 6921 5384 5199 4603 3522 2549 2061 1008 451 1537 1010 557 527 488 1081 8263 571 7692 898 1053 6065 5863
is_linear=0
shrinkage=0.0161


Tree=189
num_leaves=31
num_cat=0
split_feature=454 419 540 509 571 504 550 114 103 73 218 569 93 534 6 226 3 69 278 552 404 486 289 305 525 204 420 54 473 165
split_gain=4421.04 3717.35 6261.77 4386.7 2964.81 5219.29 8662.31 3187.33 2807.85 3189.72 5166.51 2802.09 2612.72 3139.08 3053.32 3004.71 2570.22 2368.93 3037.8 4849.56 2344.7 2341.95 2211.15 2721.16 2516.41 2504.79 7250 2497.78 3048.4 2476.42
threshold=5.5000000000000009 24.500000000000004 215.15000152587893 123.50000000000001 210.94999694824222 250.50000000000003 192.55000305175784 13.500000000000002 5.5000000000000009 13.500000000000002 10.500000000000002 247.34999847412112 29.500000000000004 166.50000000000003 20.000000000000004 13.500000000000002 10.500000000000002 13.500000000000002 20.000000000000004 97.549999237060561 24.500000000000004 251.50000000000003 4.5000000000000009 35.500000000000007 81.500000000000014 3.5000000000000004 16.500000000000004 4.5000000000000009 8.0000000000000018 4.5000000000000009
decision_type=2 2 10 2 10 2 8 2 2 2 2 10 2 2 2 2 2 2 2 10 2 2 2 2 2 2 2 2 2 2
left_child=17 4 3 8 5 12 -7 11 -3 10 -10 -6 14 15 21 -14 -11 -1 20 -20 -19 22 24 25 -2 26 27 -24 -29 -27
right_child=1 2 -4 -5 7 6 -8 -9 9 16 -12 -13 13 -15 -16 -17 -18 18 19 -21 -22 -23 23 -25 -26 29 -28 28 -30 -31
leaf_value=-0.015739526744295372 0.0017840391983772734 -0.0049213468345879335 0.10607344699510891 -0.018821302849736501 -0.027700265587383567 -0.010887034720640182 0.13668038159244417 -0.063768445434139287 0.033713209938698786 0.053385180483671905 0.12810172244712487 0.049931949713563836 -0.008002749639902865 0.080526431090006123 -0.020562237442574707 0.052765334027729094 -0.028550272613112961 -0.012714184531245395 -0.0070523826069494111 0.10671076802083458 0.043260638298099716 -0.052389191402295684 -0.030946833211092178 0.072511048625477886 -0.034787428461871869 -0.017451147696654363 0.11853013562574724 0.076896119764724186 -0.0040959384482270912 0.0098479251246409785
leaf_weight=5972 1594 429 212 701 373 217 196 369 456 178 225 178 663 206 1853 309 224 1443 213 178 224 197 269 172 702 1204 195 208 285 3025
leaf_count=5972 1594 429 212 701 373 217 196 369 456 178 225 178 663 206 1853 309 224 1443 213 178 224 197 269 172 702 1204 195 208 285 3025
internal_value=-0.00100433 0.00426014 0.0224685 0.0144487 0.000643385 0.00290902 0.059088 -0.0271466 0.029889 0.0436999 0.0649334 -0.00257854 0.000774718 0.0234186 -0.00197167 0.0112913 0.00767106 -0.0106053 0.00428214 0.0446773 -0.00517855 0.00241309 0.00382668 0.00949355 -0.0093874 0.00739896 0.0309218 0.00847149 0.0300274 0.00207029
internal_weight=22670 14640 2425 2213 12215 11295 413 920 1512 1083 681 551 10882 1178 9704 972 402 8030 2058 391 1667 7851 7654 5358 2296 5186 957 762 493 4229
internal_count=22670 14640 2425 2213 12215 11295 413 920 1512 1083 681 551 10882 1178 9704 972 402 8030 2058 391 1667 7851 7654 5358 2296 5186 957 762 493 4229
is_linear=0
shrinkage=0.0161


Tree=190
num_leaves=31
num_cat=0
split_feature=34 208 438 192 70 261 379 262 514 13 574 484 511 337 352 424 534 598 484 207 491 361 421 307 511 531 401 136 40 52
split_gain=4405.15 3971.61 3624.52 3248.71 3356.04 4934.07 6082.32 6085.3 3458.97 3162.74 2921.97 2964.64 3407.1 4247.65 5922.58 2798.05 2610.96 7248.4 3313.53 2843.72 2490.92 2423.97 2723.56 3858.09 5442.6 2617.65 2281 1999.06 1962.78 2005.96
threshold=6.5000000000000009 52.000000000000007 8.0000000000000018 24.500000000000004 16.500000000000004 6.5000000000000009 8.0000000000000018 10.500000000000002 259.50000000000006 13.500000000000002 205.94999694824222 226.50000000000003 103.50000000000001 10.500000000000002 20.000000000000004 20.000000000000004 280.50000000000006 220.15000152587893 261.50000000000006 3.5000000000000004 66.500000000000014 20.000000000000004 6.5000000000000009 13.500000000000002 98.500000000000014 146.50000000000003 2.5000000000000004 6.5000000000000009 43.500000000000007 5.5000000000000009
decision_type=2 2 2 2 2 2 2 2 2 2 10 2 2 2 2 2 2 10 2 2 2 2 2 2 2 2 2 2 2 2
left_child=26 2 16 4 8 -6 -7 -8 10 -9 11 12 13 -4 20 27 17 18 19 -2 -15 22 -21 25 -25 -24 -1 -5 29 -28
right_child=1 -3 3 15 5 6 7 9 -10 -11 -12 -13 -14 14 -16 -17 -18 -19 -20 21 -22 -23 23 24 -26 -27 28 -29 -30 -31
leaf_value=-0.028939545693454465 -0.021421565146133272 -0.04344641890167885 0.0056904708422979219 0.01283017561172098 0.0019652403457144025 -0.0046167957968633634 0.14127533025031311 0.086711964118025148 0.075367266416212428 -0.0050152376331699024 -0.056632706514547396 0.076703381370991724 -0.014234039418657276 0.0034769706638571565 0.13681506092406195 0.036558022023435832 -0.058220775291476838 0.091710963760167782 -0.071824803220614797 -0.0017968068217171446 0.077237774406002352 -0.018081673942648605 -0.0026100137699581476 0.10524062096658877 0.0020486469875319003 0.057685556871459751 -0.014114192927684628 -0.047888639461574747 -0.039829483267887197 0.0024642023784573509
leaf_weight=1228 1306 410 1618 202 530 251 308 217 218 176 166 177 1100 371 167 224 201 219 174 1886 175 897 919 314 230 234 3015 458 410 5074
leaf_count=1228 1306 410 1618 202 530 251 308 217 218 176 166 177 1100 371 167 224 201 219 174 1886 175 897 919 314 230 234 3015 458 410 5074
internal_value=-0.000209003 0.00586689 0.00745599 0.0160592 0.0206857 0.0413828 0.0633028 0.0876557 0.0129961 0.0455732 0.00938711 0.0124311 0.00910857 0.0201341 0.0528776 -0.0125625 -0.00111391 0.000739937 -0.00259884 -0.00051297 0.0271614 0.00557701 0.0115065 0.0263053 0.0616549 0.00960649 -0.00842421 -0.0292693 -0.00545723 -0.00371213
internal_weight=22875 13148 12738 6358 5474 1482 952 701 3992 393 3774 3608 3431 2331 713 884 6380 6179 5960 5786 546 4480 3583 1697 544 1153 9727 660 8499 8089
internal_count=22875 13148 12738 6358 5474 1482 952 701 3992 393 3774 3608 3431 2331 713 884 6380 6179 5960 5786 546 4480 3583 1697 544 1153 9727 660 8499 8089
is_linear=0
shrinkage=0.0161


Tree=191
num_leaves=31
num_cat=0
split_feature=505 567 560 17 468 314 430 120 57 481 307 505 517 599 60 455 531 146 417 377 264 361 250 559 404 75 504 95 500 462
split_gain=4456.51 3748.03 3502.77 3025.98 4936.98 6252.23 3200.04 2991.75 3337.34 4297.54 3352.38 3894.09 5134.55 3205.54 3167.37 2711.63 4210.67 3609.08 5341.19 5670.95 3103.29 3305.81 4244.03 2760.15 3096.36 2539.99 2401.02 5300.46 2642.67 2326.33
threshold=344.50000000000006 264.34999084472662 73.149997711181655 52.000000000000007 8.0000000000000018 13.500000000000002 52.000000000000007 52.000000000000007 20.000000000000004 235.50000000000003 13.500000000000002 108.50000000000001 74.500000000000014 99.950000762939467 8.0000000000000018 4.5000000000000009 143.50000000000003 13.500000000000002 4.5000000000000009 8.0000000000000018 8.0000000000000018 5.5000000000000009 6.5000000000000009 168.05000305175784 8.0000000000000018 52.000000000000007 164.50000000000003 3.5000000000000004 15.500000000000002 13.500000000000002
decision_type=2 10 8 2 2 2 2 2 2 2 2 2 2 8 2 2 2 2 2 2 2 2 2 8 2 2 2 2 2 2
left_child=1 2 -1 6 -5 -6 7 8 15 10 29 12 13 -12 -13 26 17 25 19 -19 -18 22 -22 24 -23 -17 28 -28 -4 -10
right_child=-2 -3 3 4 5 -7 -8 -9 9 -11 11 14 -14 -15 -16 16 20 18 -20 -21 21 23 -24 -25 -26 -27 27 -29 -30 -31
leaf_value=-0.014947838048932318 0.083066096386924831 -0.069533762327822365 0.016831187364197066 -0.011997022065889011 0.12318143731735297 -0.00015338331561364356 -0.030053104797525963 -0.030423637541380409 -0.010035854355093032 0.081511361865172452 0.062954324815772705 -0.049691887128075971 0.12350955462147702 -0.028104106506882581 0.036579125624760032 0.0033533772522657311 -0.028564933636200822 0.029928821628684241 0.014058393372632264 0.13340754535329177 -0.016496253164911608 0.076807039572951888 0.086963249794579506 -0.028122725620281515 -0.021007595057128896 0.067362826634188661 0.092323323642406196 -0.012244558526933919 -0.022088516682165906 0.025145741902644771
leaf_weight=3024 171 196 543 328 250 185 756 640 1400 264 267 190 228 160 263 5087 1342 334 1404 234 177 168 244 706 167 166 181 410 2688 747
leaf_count=3024 171 196 543 328 250 185 756 640 1400 264 267 190 228 160 263 5087 1342 334 1404 234 177 168 244 706 167 166 181 410 2688 747
internal_value=0.00118114 0.000564593 0.00117484 0.00367258 0.0351047 0.0706746 0.00239334 0.00375664 0.00501738 0.0190189 0.0139431 0.0366888 0.0617898 0.0287789 0.000342858 0.00145844 0.00585754 0.012358 0.0309324 0.0726006 -0.0108837 0.00533023 0.0434101 -0.0100474 0.0279755 0.00538062 -0.0100787 0.0197406 -0.0155404 0.00219382
internal_weight=22920 22749 22553 19529 763 435 18766 18010 17370 3519 3255 1108 655 427 453 13851 10029 7225 1972 568 2804 1462 421 1041 335 5253 3822 591 3231 2147
internal_count=22920 22749 22553 19529 763 435 18766 18010 17370 3519 3255 1108 655 427 453 13851 10029 7225 1972 568 2804 1462 421 1041 335 5253 3822 591 3231 2147
is_linear=0
shrinkage=0.0161


Tree=192
num_leaves=31
num_cat=0
split_feature=174 504 460 495 570 547 464 135 397 234 577 165 141 535 537 89 513 70 575 570 481 505 581 481 192 181 304 277 60 269
split_gain=4174.82 3643.89 3401.1 3532.23 3924.76 2909.01 2669.98 2942.41 2862.13 2931.63 5188.25 4636.69 4623.38 8315.3 8830.87 2803.43 2527.88 2499.99 3222.62 3119.69 6157.8 3255.26 2824.13 2880.01 2442.56 2686.85 2500.24 4442.85 3169.44 2433.75
threshold=3.5000000000000004 341.50000000000006 2.5000000000000004 275.50000000000006 264.34999084472662 186.44999694824222 52.000000000000007 73.500000000000014 2.5000000000000004 16.500000000000004 213.05000305175784 35.500000000000007 5.5000000000000009 111.50000000000001 163.50000000000003 24.500000000000004 160.50000000000003 4.5000000000000009 235.84999847412112 182.25000000000003 250.50000000000003 211.50000000000003 195.05000305175784 182.50000000000003 10.500000000000002 8.0000000000000018 10.500000000000002 16.500000000000004 6.5000000000000009 10.500000000000002
decision_type=2 2 2 2 10 8 2 2 2 2 10 2 2 2 2 2 2 2 10 10 2 2 10 2 2 2 2 2 2 2
left_child=-1 2 -2 4 6 -5 7 8 -4 17 11 12 13 -11 -15 29 -8 -10 19 20 21 22 23 24 25 -19 27 28 -27 -14
right_child=1 -3 3 5 -6 -7 16 -9 9 10 -12 -13 15 14 -16 -17 -18 18 -20 -21 -22 -23 -24 -25 -26 26 -28 -29 -30 -31
leaf_value=-0.013788185796480411 -0.01985405025829582 0.078999489221580815 -0.016939807233197379 0.023564029687798783 0.081191043927666795 -0.054744121036923561 -0.0068834277480869727 0.060843858233939958 -0.011069099671012888 0.016900656291098787 -0.054390190201789285 0.10101921378702758 0 0.1992048102922741 0.034319826404841138 -0.029267019926466024 -0.079100006811616802 0.0031680463822674129 0.074280746000793027 -0.026649259820052333 0.10584946884267796 0.067799417049885541 0.069218325426432803 -0.043184503802055602 -0.008689268682902122 0.081740526645209546 0.0050102788108744968 0.12594392240849009 0.0049149357495723092 0.041004891177852915
leaf_weight=4892 1633 162 1331 169 178 448 436 254 2374 713 224 199 928 163 175 444 177 2344 185 678 168 221 172 330 1973 210 535 160 415 630
leaf_count=4892 1633 162 1331 169 178 448 436 254 2374 713 224 199 928 163 175 444 177 2344 185 678 168 221 172 330 1973 210 535 160 415 630
internal_value=-0.000596548 0.00298157 0.002291 0.00452005 0.00601406 -0.0332569 0.0051458 0.0065085 0.00555978 0.00782324 0.020522 0.0256892 0.0207714 0.0481195 0.113905 0.00640252 -0.0277739 0.00330052 0.00791925 0.00621228 0.0096289 0.00708352 0.00489395 0.00303585 0.00574584 0.0135253 0.0318995 0.0501953 0.030766 0.0165828
internal_weight=22921 18029 17867 16234 15617 617 15439 14826 14572 13241 3476 3252 3053 1051 338 2002 613 9765 7391 7206 6528 6360 6139 5967 5637 3664 1320 785 625 1558
internal_count=22921 18029 17867 16234 15617 617 15439 14826 14572 13241 3476 3252 3053 1051 338 2002 613 9765 7391 7206 6528 6360 6139 5967 5637 3664 1320 785 625 1558
is_linear=0
shrinkage=0.0161


Tree=193
num_leaves=31
num_cat=0
split_feature=535 306 419 550 65 347 227 589 596 39 176 503 192 277 437 470 36 457 132 234 490 172 579 506 139 465 230 520 133 555
split_gain=4812.37 4286.76 4952.88 4067.58 7193.63 4956.49 3420.33 3429.99 5161.09 2924.31 3848.7 3731.9 3090.31 3598.88 5383.25 3303.76 3142.02 3694.59 3029.73 2698.44 2631.42 2488.79 2449.41 3035.21 2337.52 2470.17 3135.3 2404.87 2269.56 2231.33
threshold=324.50000000000006 4.5000000000000009 102.50000000000001 251.25000000000003 10.500000000000002 61.500000000000007 3.5000000000000004 226.84999847412112 231.15000152587893 5.5000000000000009 61.500000000000007 269.50000000000006 13.500000000000002 8.0000000000000018 35.500000000000007 20.000000000000004 10.500000000000002 10.500000000000002 5.5000000000000009 16.500000000000004 127.50000000000001 8.0000000000000018 187.55000305175784 214.50000000000003 29.500000000000004 35.500000000000007 6.5000000000000009 244.50000000000003 52.000000000000007 193.75000000000003
decision_type=2 2 2 10 2 2 2 10 10 2 2 2 2 2 2 2 2 2 2 2 2 2 10 2 2 2 2 2 2 10
left_child=1 24 3 5 -5 6 -3 8 9 22 11 12 13 -11 15 16 19 -18 -19 20 -15 -20 23 -8 25 27 -27 29 -14 -1
right_child=-2 2 -4 4 -6 -7 7 -9 -10 10 -12 -13 28 14 -16 -17 17 18 21 -21 -22 -23 -24 -25 -26 26 -28 -29 -30 -31
leaf_value=-0.0097626540356237339 -0.067477291610016393 -0.011603918967447417 0.089382894572562863 0.13440448846286307 -0.011973905494309649 -0.054773314321425175 -0.0034363771378572916 -0.032149664883590966 0.087784497923164742 0.0039650045985537676 0.081576436064512398 0.081311996780995197 -0.0090580726384070602 -0.026567415824659324 0.11231066029245525 -0.012957738281733284 0.10188647681867999 0.078808945428319038 -0.029781440303114911 0.064333759036457563 0.046953533772779207 0.050679791593954485 -0.052282241579292781 0.067821385636602644 -0.043647352132420603 -0.017373495837416614 0.080101114101941331 -0.061985432075905733 0.050984882800864495 0.04442806719661644
leaf_weight=5599 273 2799 179 168 180 376 3135 523 217 2470 213 197 2229 433 197 479 296 236 223 190 178 180 249 163 499 160 183 221 176 204
leaf_count=5599 273 2799 179 168 180 376 3135 523 217 2470 213 197 2229 433 197 479 296 236 223 190 178 180 249 163 499 160 183 221 176 204
internal_value=-0.000285585 0.000526751 0.00517176 0.00419818 0.0586239 0.00294719 0.00441688 0.00816069 0.0100022 0.008499 0.0140734 0.012149 0.010276 0.0176359 0.0316258 0.0244391 0.0347713 0.0548256 0.0329891 0.0113326 -0.00511035 0.00609818 -0.00359076 7.83223e-05 -0.0100818 -0.00744743 0.0345633 -0.00984339 -0.00465429 -0.00785356
internal_weight=22825 22552 15686 15507 348 15159 14783 11984 11461 11244 7697 7484 7287 4882 2412 2215 1736 935 639 801 611 403 3547 3298 6866 6367 343 6024 2405 5803
internal_count=22825 22552 15686 15507 348 15159 14783 11984 11461 11244 7697 7484 7287 4882 2412 2215 1736 935 639 801 611 403 3547 3298 6866 6367 343 6024 2405 5803
is_linear=0
shrinkage=0.0161


Tree=194
num_leaves=31
num_cat=0
split_feature=535 417 582 79 30 337 337 551 499 109 535 289 595 480 492 86 510 238 470 503 510 339 480 298 548 367 580 152 466 112
split_gain=3556.43 3659.95 5324.75 8476.33 3149.93 2988.98 3134.7 3517.81 4123.25 2905.06 2845.72 4643.07 3413.07 3513.54 5470.16 3221.77 2765.31 3287.89 2761.03 3070.8 4152.72 4712.15 4024.35 2880.54 2787.9 2752.79 3321 4196.73 3225.87 4143.77
threshold=269.50000000000006 35.500000000000007 145.55000305175784 13.500000000000002 43.500000000000007 4.5000000000000009 61.500000000000007 255.05000305175784 308.50000000000006 8.0000000000000018 238.50000000000003 8.0000000000000018 181.25000000000003 226.50000000000003 166.50000000000003 8.0000000000000018 113.50000000000001 35.500000000000007 29.500000000000004 52.500000000000007 146.50000000000003 20.000000000000004 113.50000000000001 6.5000000000000009 142.34999847412112 4.5000000000000009 103.25000000000001 13.500000000000002 10.500000000000002 8.0000000000000018
decision_type=2 2 10 2 2 2 2 10 2 2 2 2 10 2 2 2 2 2 2 2 2 2 2 2 10 2 8 2 2 2
left_child=1 4 16 -4 5 -1 7 8 10 -8 12 -12 13 18 -15 -14 17 -3 19 -7 21 25 23 -23 -22 -21 27 -27 29 -28
right_child=-2 2 3 -5 -6 6 9 -9 -10 -11 11 -13 15 14 -16 -17 -18 -19 -20 20 24 22 -24 -25 -26 26 28 -29 -30 -31
leaf_value=-0.010575798223500316 -0.034018888079099134 0 0.012104968273014069 0.15572975125027197 -0.031442034257213348 -0.0022760501642563385 0.0094139385852618617 0.071182239079908144 -0.077495560502027563 -0.076155199783824637 -0.0083581537230847918 0.1100006562479479 0.0061844145137704715 0.11683755901030335 -0.0048379081692951891 -0.054950806521683979 -0.041940321600414998 0.07174014854235726 -0.01968249202649883 -0.010053927028839416 -0.03498412003652876 0.0832757467774842 0.11730364000656478 -0.00075513163283857433 0.013564804789284004 0.029836309110812659 0.0013286759004916668 0.1260870713776113 -0.014393508401042301 0.070262333911437103
leaf_weight=6041 866 663 264 179 936 4858 177 202 161 244 173 170 411 184 199 488 258 221 1147 779 587 181 233 253 641 388 498 169 642 415
leaf_count=6041 866 663 264 179 936 4858 177 202 161 244 173 170 411 184 199 488 258 221 1147 779 587 181 233 253 641 388 498 169 642 415
internal_value=-0.00202193 -0.000747562 0.0228083 0.0701916 -0.00259916 -0.00119484 0.00309659 0.00452231 0.00344981 -0.0401237 0.00450133 0.050235 0.00320006 0.00562991 0.0535557 -0.0269752 0.00440701 0.0179603 0.00392672 0.0067371 0.0158908 0.0247031 0.0632888 0.0342358 -0.00962305 0.0157927 0.0253372 0.0590821 0.0132347 0.0326879
internal_weight=22628 21762 1585 443 20177 19241 13200 12779 12577 421 12416 343 12073 11174 383 899 1142 884 10791 9644 4786 3558 667 434 1228 2891 2112 557 1555 913
internal_count=22628 21762 1585 443 20177 19241 13200 12779 12577 421 12416 343 12073 11174 383 899 1142 884 10791 9644 4786 3558 667 434 1228 2891 2112 557 1555 913
is_linear=0
shrinkage=0.0161


Tree=195
num_leaves=31
num_cat=0
split_feature=358 480 35 132 426 553 39 287 514 222 66 221 482 399 194 40 382 374 253 138 71 417 334 103 17 471 39 580 569 439
split_gain=4299.05 7774.6 3592.61 5297.35 4424.37 4222.86 3665 4461.44 3520.36 3470.97 4010.96 3504.27 4099.7 5975.93 4307.87 4436.2 4374.94 3358.03 3935.94 3349.5 2482.66 3039.59 2392.25 2943.72 3016.18 2351.77 3281.53 2349.75 2313.86 2608.72
threshold=35.500000000000007 228.50000000000003 10.500000000000002 16.500000000000004 6.5000000000000009 233.25000000000003 35.500000000000007 10.500000000000002 185.50000000000003 4.5000000000000009 35.500000000000007 13.500000000000002 20.500000000000004 4.5000000000000009 13.500000000000002 5.5000000000000009 13.500000000000002 13.500000000000002 10.500000000000002 73.500000000000014 4.5000000000000009 20.000000000000004 20.000000000000004 73.500000000000014 73.500000000000014 8.0000000000000018 10.500000000000002 110.25000000000001 109.54999923706056 10.500000000000002
decision_type=2 2 2 2 2 10 2 2 2 2 2 2 2 2 2 2 2 2 2 2 2 2 2 2 2 2 2 10 8 2
left_child=2 8 19 4 -4 9 27 -8 17 25 11 12 -11 -14 15 -15 -17 20 -19 22 -2 -22 23 24 -1 -6 -27 -5 -13 -30
right_child=1 -3 3 6 5 -7 7 -9 -10 10 -12 28 13 14 -16 16 -18 18 -20 -21 21 -23 -24 -25 -26 26 -28 -29 29 -31
leaf_value=-0.0076954015166308251 0.052664727036233386 0.11893167902127894 -0.0030182322655417288 -0.0064589874332139779 -0.02400319250198028 0.10174495870056699 -0.026476707071221083 0.091890465478333155 -0.051271505725172431 0.0042265450802019293 -0.015893146207331166 0.046807826561739173 0.12889566266545641 -0.0061114307792770354 -0.011631869260442282 0.052282496351628724 0.14721282204183087 0.0035909715684757648 0.099611849572876401 0.060722422077064936 -0.052368570494082597 0.024054354754745686 -0.036745109179773555 0.059659425341724519 0.059643096177370736 -0.011158381294920059 0.074629342122442502 -0.043326278840509345 0.025615081889164767 -0.047289086439125168
leaf_weight=11374 185 206 2386 949 617 176 160 170 191 358 411 297 299 165 246 324 207 197 254 190 281 259 680 176 175 285 194 852 262 247
leaf_count=11374 185 206 2386 949 617 176 160 170 191 358 411 297 299 165 246 324 207 197 254 190 281 259 680 176 175 285 194 852 262 247
internal_value=0.00103247 0.0267136 -0.000871905 0.00714518 0.0143945 0.0245633 -0.0148672 0.034429 0.0127996 0.0210849 0.0305468 0.0384929 0.0522947 0.0661423 0.0461987 0.0666727 0.0893336 0.0232257 0.0577214 -0.00635111 0.00173446 -0.0156703 -0.00738033 -0.00567529 -0.00667299 -0.00320439 0.0235374 -0.0239129 0.0110827 -0.00971653
internal_weight=22773 1573 21200 8605 6474 4088 2131 330 1367 3912 2816 2405 1599 1241 942 696 531 1176 451 12595 725 540 12405 11725 11549 1096 479 1801 806 509
internal_count=22773 1573 21200 8605 6474 4088 2131 330 1367 3912 2816 2405 1599 1241 942 696 531 1176 451 12595 725 540 12405 11725 11549 1096 479 1801 806 509
is_linear=0
shrinkage=0.0161


Tree=196
num_leaves=31
num_cat=0
split_feature=94 236 125 120 286 89 71 0 485 333 515 494 32 571 11 479 414 573 565 494 344 564 555 62 447 593 142 163 9 43
split_gain=3486.45 3671.78 4080.42 3892.75 4782.48 4865.41 6108.61 5053.6 6880.04 4584.09 3715.78 10103.5 2982.99 2888.16 2858.75 2905.52 2454.41 2485.65 3083.92 4422.95 2448.86 3013.03 2821.38 2374.03 2242.59 2174.83 2170.14 2412.25 2219.5 3403.78
threshold=6.5000000000000009 73.500000000000014 20.000000000000004 3.5000000000000004 10.500000000000002 24.500000000000004 43.500000000000007 10.500000000000002 208.50000000000003 29.500000000000004 106.50000000000001 74.500000000000014 10.500000000000002 216.75000000000003 20.000000000000004 20.000000000000004 43.500000000000007 193.75000000000003 159.44999694824222 135.50000000000003 10.500000000000002 216.75000000000003 175.25000000000003 20.000000000000004 1.0000000180025095e-35 129.65000152587893 35.500000000000007 1.0000000180025095e-35 13.500000000000002 29.500000000000004
decision_type=2 2 2 2 2 2 2 2 2 2 2 2 2 10 2 2 2 10 10 2 2 8 10 2 2 8 2 2 2 2
left_child=13 2 3 -2 14 6 7 23 9 10 11 -9 -7 24 16 -16 17 18 -5 -20 25 22 -22 -6 -1 -4 27 -26 -29 -30
right_child=1 -3 20 4 5 12 -8 8 -10 -11 -12 -13 -14 -15 15 -17 -18 -19 19 -21 21 -23 -24 -25 26 -27 -28 28 29 -31
leaf_value=-0.041595247189218212 -0.012258738407099691 0.074480877803742129 -0.0057270015925866193 0.0050798087941350519 -0.0033794563771517815 0.034795816203873814 0.13052037262612257 0.0049253651168922373 0.15030059431882017 0.11356451912338485 -0.018841504666153169 0.15351818628440475 -0.041952161309855768 -0.050835846073577405 -0.035876090421875353 0.032775645761595078 0.064039265140750964 -0.033856070924529059 0.11795416922341048 0.0099754079116591218 0.0024713154496502059 0.046123850687924871 -0.070543241834607251 0.058435722904749618 -0.038104345842721717 -0.04508108953487034 -0.037439846975635474 -0.0058046186144087757 0.0059038123717917194 0.06799673505079297
leaf_weight=442 1905 193 651 2998 945 207 174 399 167 179 328 169 358 391 760 202 203 357 161 254 675 313 172 194 468 830 489 5812 2037 258
leaf_count=442 1905 193 651 2998 945 207 174 399 167 179 328 169 358 391 760 202 203 357 161 254 675 313 172 194 468 830 489 5812 2037 258
internal_value=-0.000767304 0.00478214 0.00371275 0.00843193 0.0133282 0.0289314 0.0383883 0.0316455 0.0541104 0.0391455 0.024252 0.0491784 -0.0137922 -0.00794353 0.00345875 -0.0214362 0.00949259 0.00654922 0.0107825 0.0519227 -0.0140758 0.00342368 -0.0123279 0.00712854 -0.00617681 -0.0277982 -0.00444706 -0.00256286 -0.000508221 0.0128944
internal_weight=22691 12794 12601 9960 8055 3120 2555 2381 1242 1075 896 568 565 9897 4935 962 3973 3770 3413 415 2641 1160 847 1139 9506 1481 9064 8575 8107 2295
internal_count=22691 12794 12601 9960 8055 3120 2555 2381 1242 1075 896 568 565 9897 4935 962 3973 3770 3413 415 2641 1160 847 1139 9506 1481 9064 8575 8107 2295
is_linear=0
shrinkage=0.0161


Tree=197
num_leaves=31
num_cat=0
split_feature=288 479 540 544 411 514 218 164 374 179 234 543 125 515 44 482 399 540 414 483 483 262 475 408 278 137 43 331 458 307
split_gain=3888.33 3820.87 4294.05 4640.87 3940.26 2949.97 2632.6 3138.99 3500.47 7345.5 2737.63 5425.09 3271.63 3452.73 3583.55 9259.61 3198.92 2927.81 2916.24 2820.48 3536.94 5681.02 2530.87 2315.41 2940.03 2258.81 2017.01 1950.66 1941.48 1832.64
threshold=2.5000000000000004 29.500000000000004 195.05000305175784 167.05000305175784 29.500000000000004 205.50000000000003 2.5000000000000004 43.500000000000007 61.500000000000007 6.5000000000000009 20.000000000000004 224.44999694824222 13.500000000000002 200.50000000000003 5.5000000000000009 81.500000000000014 73.500000000000014 181.25000000000003 16.500000000000004 265.50000000000006 235.50000000000003 10.500000000000002 73.500000000000014 29.500000000000004 16.500000000000004 13.500000000000002 16.500000000000004 61.500000000000007 8.0000000000000018 20.000000000000004
decision_type=2 2 10 10 2 2 2 2 2 2 2 10 2 2 2 2 2 8 2 2 2 2 2 2 2 2 2 2 2 2
left_child=-1 6 3 4 23 -4 -2 8 10 -10 16 12 13 14 15 -12 19 18 -16 20 22 -22 27 24 29 26 -9 -8 -21 -3
right_child=1 2 5 -5 -6 -7 7 25 9 -11 11 -13 -14 -15 17 -17 -18 -19 -20 28 21 -23 -24 -25 -26 -27 -28 -29 -30 -31
leaf_value=-0.018083747905713619 -0.016704349589841992 0.020658340554838374 0.12692140733781218 -0.052258313408709699 0.087338272408374343 0.029072219489558248 -0.00016755613909927406 -0.029520771650509446 0.13370414651508872 -0.0050210181486487291 0.010964427880847194 0.10420548726629886 -0.016194837362586745 -0.038296766472967793 0.081672125336668774 0.16760952971732271 0.060770205061315162 -0.029656301854530703 0.010173742175854076 -0.0034775538893536259 -0.010659202986935961 0.12075511555660481 0.059942381180027114 -0.036498272773136664 0.066515860128169596 -0.053956137052442468 0.043445166065298538 -0.050163297365744437 -0.06644532280012401 -0.032838630838009621
leaf_weight=2340 1870 737 161 236 221 160 11283 247 167 242 239 182 693 188 229 166 227 247 420 238 177 164 179 200 299 410 163 206 274 214
leaf_count=2340 1870 737 161 236 221 160 11283 247 167 242 239 182 693 188 229 166 227 247 420 238 177 164 179 200 299 410 163 206 274 214
internal_value=0.00157352 0.00382517 0.0237274 0.014542 0.0239905 0.0782225 0.00138897 0.00346094 0.00508413 0.0515647 0.0038246 0.019738 0.0126818 0.0261371 0.0354662 0.0752277 0.000871762 0.0174674 0.0354383 -0.00021229 0.00136361 0.052474 -0.000128084 0.0143192 0.0224688 -0.0272342 -0.000454956 -0.00106604 -0.0372211 0.00859537
internal_weight=22779 20439 2228 1907 1671 321 18211 16341 15521 409 15112 2364 2182 1489 1301 405 12748 896 649 12521 12009 341 11668 1450 1250 820 410 11489 512 951
internal_count=22779 20439 2228 1907 1671 321 18211 16341 15521 409 15112 2364 2182 1489 1301 405 12748 896 649 12521 12009 341 11668 1450 1250 820 410 11489 512 951
is_linear=0
shrinkage=0.0161


Tree=198
num_leaves=31
num_cat=0
split_feature=358 542 376 253 534 217 329 227 75 313 17 225 341 283 243 232 162 148 382 94 184 417 466 578 114 542 174 231 574 596
split_gain=3192.85 6345.37 3290.74 3525.97 3250.52 3371.51 2694.67 2540.1 2910.41 2419.24 3509.58 4401.64 2777.01 3372.41 2520.66 2511.05 2751.13 2689.77 2346.12 3273.44 6078.66 4930.32 3590.27 5630.36 2901.89 4006.84 5157.1 2308.63 2235.73 3676.82
threshold=35.500000000000007 210.94999694824222 6.5000000000000009 16.500000000000004 299.50000000000006 2.5000000000000004 61.500000000000007 3.5000000000000004 87.000000000000014 20.000000000000004 61.500000000000007 13.500000000000002 13.500000000000002 24.500000000000004 20.000000000000004 61.500000000000007 3.5000000000000004 52.000000000000007 8.0000000000000018 16.500000000000004 5.5000000000000009 6.5000000000000009 10.500000000000002 187.55000305175784 4.5000000000000009 75.149997711181655 3.5000000000000004 35.500000000000007 173.15000152587893 167.05000305175784
decision_type=2 10 2 2 2 2 2 2 2 2 2 2 2 2 2 2 2 2 2 2 2 2 2 8 2 10 2 2 10 10
left_child=4 2 -2 -4 5 -1 7 -7 9 10 15 -12 13 -11 -14 16 -9 18 28 24 21 -21 -22 -24 25 -20 -27 -26 29 -18
right_child=1 -3 3 -5 -6 6 -8 8 -10 12 11 -13 14 -15 -16 -17 17 -19 19 20 22 -23 23 -25 27 26 -28 -29 -30 -31
leaf_value=-0.018973249763855348 -0.020893300510267963 0.11527477153310076 0.0071548183594560485 0.075594577106748509 -0.04626185309554965 -0.0097527945575676331 -0.039584178942296794 -0.010513511378063348 0.065959596478187818 -0.0042445762301223603 0.0014067836460982263 0.1191696150024425 -0.039455414847248148 0.068957695437686706 0.018096008152668888 0.06358998541517473 0.0032865804645799278 -0.038684364163636915 -0.011606394944553192 0.16298329897807468 -0.018062689571622263 0.041822998233949617 0.0050528279236560667 0.12464787493414548 -0.0033681697724089713 0.013134322371071672 0.12478407683826716 0.059990699068782329 -0.026058590918198777 0.07026926156864402
leaf_weight=2411 535 168 595 291 421 3663 409 2335 202 1151 168 162 955 190 248 193 3557 294 251 164 377 187 274 163 2009 214 216 161 604 226
leaf_count=2411 535 168 595 291 421 3663 409 2335 202 1151 168 162 955 190 248 193 3557 294 251 164 377 187 274 163 2009 214 216 161 604 226
internal_value=-0.000319942 0.021691 0.0106103 0.0296599 -0.00197044 -0.00107214 0.00127565 0.00220725 0.00527229 0.00440114 0.00753157 0.059289 -0.00980822 0.00610956 -0.0275715 0.00600788 0.00499837 0.00916576 0.0108427 0.0197351 0.0424804 0.0985006 0.0182954 0.0497154 0.0104324 0.0394286 0.0692736 0.0013218 0.00269702 0.00729441
internal_weight=22794 1589 1421 886 21205 20784 18373 17964 14301 14099 11555 330 2544 1341 1203 11225 11032 8697 8403 4016 1165 351 814 437 2851 681 430 2170 4387 3783
internal_count=22794 1589 1421 886 21205 20784 18373 17964 14301 14099 11555 330 2544 1341 1203 11225 11032 8697 8403 4016 1165 351 814 437 2851 681 430 2170 4387 3783
is_linear=0
shrinkage=0.0161


Tree=199
num_leaves=31
num_cat=0
split_feature=505 575 518 128 453 16 350 347 235 363 528 557 298 41 406 66 481 211 561 396 199 298 490 505 210 387 357 278 98 480
split_gain=4468.12 9636.34 14226.8 5062.6 3894.54 3788.93 4831.04 3071.51 3527.27 3021.64 2902.39 6437.95 4461.2 4002.32 3422.37 2576.37 3907.79 2988 2623.52 3917.38 4449.58 3759.05 2527.54 2378.65 2711.51 3247.6 2336.13 2173.57 3706.19 2080.79
threshold=261.50000000000006 207.44999694824222 180.50000000000003 10.500000000000002 3.5000000000000004 52.000000000000007 13.500000000000002 61.500000000000007 13.500000000000002 6.5000000000000009 246.50000000000003 207.44999694824222 52.000000000000007 43.500000000000007 43.500000000000007 13.500000000000002 157.50000000000003 43.500000000000007 147.94999694824222 24.500000000000004 10.500000000000002 13.500000000000002 212.50000000000003 157.50000000000003 4.5000000000000009 13.500000000000002 8.0000000000000018 13.500000000000002 5.5000000000000009 139.50000000000003
decision_type=2 10 2 2 2 2 2 2 2 2 2 10 2 2 2 2 2 2 10 2 2 2 2 2 2 2 2 2 2 2
left_child=4 2 3 -2 -1 7 9 8 15 -7 11 12 13 14 23 18 17 -17 -6 20 22 -22 27 24 25 -10 -25 28 -20 -26
right_child=1 -3 -4 -5 5 6 -8 -9 10 -11 -12 -13 -14 -15 -16 16 -18 -19 19 -21 21 -23 -24 26 29 -27 -28 -29 -30 -31
leaf_value=-0.015393498253435703 -0.039514727401641345 -0.028566319316918696 0.16503139736995634 0.078824420109716659 -0.0018912958084789785 -0.044784147208824947 0.097429893536795889 -0.043869243823346227 0.020945654782168522 0.041572547805841784 -0.03632400151862638 0.099884459081521507 0.095489184295711516 -0.058006627019782972 0.078999173070765705 -0.0091643254679670359 -0.044364235592908224 0.05683424872772689 -0.0051555977019672444 -0.04167652173134672 0.037357343303939826 0.13227923274704814 -0.044392581157719463 0.020882535358495505 0.00084170385328844312 0.10501057380070691 -0.052028696523420695 -0.019366031917627494 0.091818447663020414 0.047390386501432208
leaf_weight=4086 224 405 255 161 6711 173 240 394 396 267 277 232 161 218 193 2988 836 189 193 214 297 171 176 185 1929 171 295 194 216 286
leaf_count=4086 224 405 255 161 6711 173 240 394 396 267 277 232 161 218 193 2988 836 189 193 214 297 171 176 185 1929 171 295 194 216 286
internal_value=0.000333329 0.0328512 0.0717538 0.00991142 -0.00123241 0.00205351 0.0393167 0.000554718 0.00161514 0.00756517 0.0140742 0.0175134 0.0125229 0.00887977 0.0131069 -0.00282361 -0.0133889 -0.00523066 0.0023618 0.0219142 0.032846 0.0720906 0.00923882 0.0092011 0.014917 0.0463401 -0.0238785 0.0249315 0.0460005 0.00686268
internal_weight=22733 1045 640 385 21688 17602 680 16922 16528 440 4343 4066 3834 3673 3455 12185 4013 3177 8172 1461 1247 468 779 3262 2782 567 480 603 409 2215
internal_count=22733 1045 640 385 21688 17602 680 16922 16528 440 4343 4066 3834 3673 3455 12185 4013 3177 8172 1461 1247 468 779 3262 2782 567 480 603 409 2215
is_linear=0
shrinkage=0.0161


Tree=200
num_leaves=31
num_cat=0
split_feature=419 218 469 502 453 65 430 560 583 599 495 437 598 585 582 586 416 403 384 489 161 428 517 150 506 56 512 486 534 397
split_gain=4374.94 2968.08 2847.59 5835.27 3428.47 2957.98 3180.56 2595.53 8648.29 3481.37 3446.58 3129.88 9524.64 3537.01 2600.72 3219.28 2659.02 3855.86 2551.95 2615.2 2386.38 2645.75 5606.3 8259 4984.32 3452.78 2353.36 2291.59 6642.77 3807.8
threshold=102.50000000000001 2.5000000000000004 73.500000000000014 142.50000000000003 3.5000000000000004 73.500000000000014 52.000000000000007 78.350002288818374 70.450000762939467 308.34999084472662 180.50000000000003 35.500000000000007 166.15000152587893 116.54999923706056 247.34999847412112 264.34999084472662 29.500000000000004 16.500000000000004 35.500000000000007 12.500000000000002 4.5000000000000009 5.5000000000000009 91.500000000000014 8.0000000000000018 47.500000000000007 16.500000000000004 87.500000000000014 58.500000000000007 90.500000000000014 8.0000000000000018
decision_type=2 2 2 2 2 2 2 10 10 8 2 2 10 10 10 8 2 2 2 2 2 2 2 2 2 2 2 2 2 2
left_child=1 -1 4 -4 -3 6 7 10 -9 11 18 14 13 -13 15 16 27 -18 19 -6 -21 26 24 -24 25 -23 -22 28 -10 -30
right_child=-2 2 3 -5 5 -7 -8 8 9 -11 -12 12 -14 -15 -16 -17 17 -19 -20 20 21 22 23 -25 -26 -27 -28 -29 29 -31
leaf_value=-0.017173342642496581 0.073510712494956637 -0.01407818883803571 -0.0063506651870925421 0.11635905167842428 -0.011606163802019247 -0.043582730126542339 -0.030117920281381664 0.10015838528223071 0.0013544547372369806 0.068545122490281427 -0.048860000855310344 0.038497485907680158 0.11611322492533507 -0.048209390838412379 -0.040962607208744076 0.066937781629124657 0.0085164200139905451 0.080983916031602904 -0.042209479959137541 -0.0069005526694223768 0.014291815605183916 0.016217299703217284 0.020837576086782005 0.17470237768352109 -0.041770558329072401 0.091771576036910524 -0.050961598587320668 -0.0052381113219879035 0.024018806475653808 0.13222245766509208
leaf_weight=2510 208 3443 249 168 1837 337 655 276 1504 245 385 250 265 238 319 218 648 270 333 1106 564 569 204 163 282 217 192 4799 163 176
leaf_count=2510 208 3443 249 168 1837 337 655 276 1504 245 385 250 265 238 319 218 648 270 333 1106 564 569 204 163 282 217 192 4799 163 176
internal_value=9.35312e-06 -0.000666527 0.00139617 0.0430299 0.000511804 0.00361121 0.00461435 0.00611032 0.0113642 0.00866708 -0.00229892 0.00700678 0.0384071 -0.00374165 0.00408372 0.00593424 0.00417203 0.029856 0.00097572 0.00378137 0.012362 0.0220964 0.0349388 0.0892395 0.0162573 0.0371064 -0.00224935 0.000618663 0.0158819 0.0802648
internal_weight=22793 22585 20075 417 19658 16215 15878 15223 9371 9095 5852 8850 753 488 8097 7778 7560 918 5467 5134 3297 2191 1435 367 1068 786 756 6642 1843 339
internal_count=22793 22585 20075 417 19658 16215 15878 15223 9371 9095 5852 8850 753 488 8097 7778 7560 918 5467 5134 3297 2191 1435 367 1068 786 756 6642 1843 339
is_linear=0
shrinkage=0.0161


Tree=201
num_leaves=31
num_cat=0
split_feature=227 176 461 282 34 6 542 198 527 505 287 103 57 222 239 572 599 573 110 288 568 529 424 415 40 199 509 544 213 379
split_gain=3429.16 3390.61 6676.35 3447.87 3733.78 3915.36 5522.71 8118.63 3950.78 4391.04 3324.89 3400.99 3881.22 2940.59 2913.21 3035.38 5364.25 2873.09 2872.95 3379.54 4351.35 4486.48 4101.58 4054.23 3065.73 3910.74 2600.11 3180.21 2422.38 2402.5
threshold=3.5000000000000004 73.500000000000014 10.500000000000002 52.000000000000007 2.5000000000000004 16.500000000000004 216.75000000000003 16.500000000000004 255.50000000000003 259.50000000000006 35.500000000000007 2.5000000000000004 61.500000000000007 24.500000000000004 3.5000000000000004 168.05000305175784 184.15000152587893 205.94999694824222 10.500000000000002 4.5000000000000009 89.549999237060561 108.50000000000001 8.0000000000000018 3.5000000000000004 6.5000000000000009 8.0000000000000018 197.50000000000003 192.55000305175784 13.500000000000002 20.000000000000004
decision_type=2 2 2 2 2 2 10 2 2 2 2 2 2 2 2 10 10 8 2 2 8 2 2 2 2 2 2 10 2 2
left_child=29 3 -3 4 13 6 10 17 9 26 11 -6 14 -2 -13 16 18 -8 19 -16 -21 23 -23 -22 -25 -26 27 -7 -20 -1
right_child=1 2 -4 -5 5 8 7 -9 -10 -11 -12 12 -14 -15 15 -17 -18 -19 28 20 21 22 -24 24 25 -27 -28 -29 -30 -31
leaf_value=-0.016915940870439808 -0.025008242867251854 -0.018701421079351452 0.12472949868976282 -0.035981024556124612 -0.016260444888665401 -0.0057373776072909399 0.061573726184466465 0.14315541562857279 -0.060910025304917931 0.0795176048581131 -0.025517996260615083 -0.0070488113342205274 0.086437595982534449 0.04403509334361911 0.0042665081379857578 -0.0096153965597934009 0.10736578121686917 -0.021809425539792659 -0.0070949746580156042 0.0099259632544669747 0.14848424651907019 -0.020791302170122893 0.066969569738295751 0.020998099411052653 0.040184647910294476 0.13996352538253332 -0.045048005958292905 0.061823840235327103 0.031540737961839475 0.022469246161137633
leaf_weight=4237 1726 168 168 620 1112 3309 204 195 332 160 727 1654 186 176 1081 959 182 225 1509 846 174 295 259 287 206 203 407 191 583 443
leaf_count=4237 1726 168 168 620 1112 3309 204 195 332 160 727 1654 186 176 1081 959 182 225 1509 846 174 295 259 287 206 203 407 191 583 443
internal_value=-0.000894425 0.00227389 0.052944 0.00131653 0.00266329 0.00531144 0.0104918 0.057002 -0.00750409 -0.00313863 0.00766169 0.0101937 0.0136885 -0.018607 0.0120431 0.0168429 0.0213579 0.0177864 0.0184777 0.0277207 0.0388795 0.0560644 0.0201952 0.0788781 0.0614428 0.0897657 -0.00652961 -0.00204374 0.0036608 -0.0131828
internal_weight=22824 18144 336 17808 17188 15286 10887 624 4399 4067 10263 9536 8424 1902 8238 6584 5625 429 5443 3351 2270 1424 554 870 696 409 3907 3500 2092 4680
internal_count=22824 18144 336 17808 17188 15286 10887 624 4399 4067 10263 9536 8424 1902 8238 6584 5625 429 5443 3351 2270 1424 554 870 696 409 3907 3500 2092 4680
is_linear=0
shrinkage=0.0161


Tree=202
num_leaves=31
num_cat=0
split_feature=235 118 384 52 208 508 344 195 97 203 376 248 573 502 366 576 512 155 369 354 569 289 176 592 501 65 290 507 567 514
split_gain=3841.06 5311.04 5003.96 6614.21 4580.08 5184.9 8078.49 3344.81 3604.89 4990.53 5617.94 3248.3 3046.89 2920.85 4758.22 2797.48 3458.51 3020.85 3819.46 2682.34 2651.08 2541.78 3326.12 2510.04 3159.73 2430.2 3077.29 4059.83 6200.82 2166.02
threshold=13.500000000000002 29.500000000000004 8.0000000000000018 8.0000000000000018 13.500000000000002 215.50000000000003 10.500000000000002 13.500000000000002 13.500000000000002 6.5000000000000009 6.5000000000000009 10.500000000000002 218.75000000000003 278.50000000000006 8.0000000000000018 260.05000305175787 187.50000000000003 35.500000000000007 24.500000000000004 52.000000000000007 176.25000000000003 6.5000000000000009 6.5000000000000009 172.25000000000003 150.50000000000003 10.500000000000002 5.5000000000000009 154.50000000000003 170.05000305175784 195.50000000000003
decision_type=2 2 2 2 2 2 2 2 2 2 2 2 10 2 2 10 2 2 2 2 10 2 2 8 2 2 2 2 8 2
left_child=13 4 3 -3 5 7 -7 8 21 -10 -11 -4 19 15 -15 16 17 25 -19 20 -6 22 -2 24 -18 26 -1 -28 -29 -25
right_child=1 2 11 -5 12 6 -8 -9 9 10 -12 -13 -14 14 -16 -17 23 18 -20 -21 -22 -23 -24 29 -26 -27 27 28 -30 -31
leaf_value=-0.010895757691545596 0.084079816035278879 0.022998554761219127 -0.029785106109660588 0.15611741830814488 -0.007402132337787048 0.0057527829312092127 0.15764524795594884 -0.018290031681577921 0.00080053424116615084 0.15654550216759308 0.029460102172405508 0.054840852421826958 -0.079924768720225151 -0.020876805107299803 0.077811269680916575 0.058833923059077385 -0.037624496626593493 0.0045560491086460951 0.08295500167118261 0.044823086340023993 -0.067333966193677583 -0.015755318517554497 0.0026458641721540583 -0.0037404071618085399 0.038607257736415761 -0.014703261630102726 0.0031304057450606037 0.12503344627440124 0.0077678623123607991 -0.054771104500724123
leaf_weight=4013 195 192 237 196 1526 204 164 811 281 176 186 233 167 230 281 172 288 576 224 219 219 695 392 290 276 4914 4197 187 313 852
leaf_count=4013 195 192 237 196 1526 204 164 811 281 176 186 233 167 230 281 172 288 576 224 219 219 695 392 290 276 4914 4197 187 313 852
internal_value=-0.000579944 0.0103706 0.0475025 0.0903048 0.00428035 0.0167615 0.0735079 0.00912032 0.0206805 0.0517941 0.0913125 0.0121177 -0.0138886 -0.00454981 0.0333459 -0.00573913 -0.00642915 -0.00386337 0.0265372 -0.00826147 -0.0149372 0.00505678 0.0297381 -0.0281087 -0.000277864 -0.00565021 -0.000539972 0.00830274 0.0516723 -0.041833
internal_weight=22906 6093 858 388 5235 3104 368 2736 1925 643 362 470 2131 16813 511 16302 16130 14424 800 1964 1745 1282 587 1706 564 13624 8710 4697 500 1142
internal_count=22906 6093 858 388 5235 3104 368 2736 1925 643 362 470 2131 16813 511 16302 16130 14424 800 1964 1745 1282 587 1706 564 13624 8710 4697 500 1142
is_linear=0
shrinkage=0.0161


Tree=203
num_leaves=31
num_cat=0
split_feature=505 36 291 512 480 218 443 491 551 474 498 596 383 581 104 215 592 394 10 193 571 435 454 120 487 538 562 54 513 598
split_gain=3840.1 3007.23 2639.54 2545.58 2594.85 2450.1 2611.18 3300.65 3611.44 5337.72 3679.26 4314.31 3700.85 2931.95 3682.38 2673.68 5831.34 5414.67 3066.54 2781.93 2405.1 3273.27 2400.8 2664.71 2435.07 3612.26 4585.17 4564.56 2728.15 2583.64
threshold=344.50000000000006 4.5000000000000009 2.5000000000000004 251.50000000000003 244.50000000000003 2.5000000000000004 35.500000000000007 302.50000000000006 228.75000000000003 10.500000000000002 198.50000000000003 198.94999694824222 16.500000000000004 192.55000305175784 8.0000000000000018 29.500000000000004 104.35000228881837 35.500000000000007 10.500000000000002 24.500000000000004 181.25000000000003 10.500000000000002 6.5000000000000009 20.000000000000004 18.500000000000004 98.500000000000014 138.55000305175784 35.500000000000007 221.50000000000003 104.95000076293947
decision_type=2 2 2 2 2 2 2 2 10 2 2 8 2 10 2 2 10 2 2 2 10 2 2 2 2 2 10 2 2 10
left_child=1 3 -3 4 -1 -4 7 8 10 -10 13 12 20 15 -15 19 17 18 -17 22 21 -12 23 -7 -24 26 27 29 -27 -26
right_child=-2 2 5 -5 -6 6 -8 -9 9 -11 11 -13 -14 14 -16 16 -18 -19 -20 -21 -22 -23 24 -25 25 28 -28 -29 -30 -31
leaf_value=-0.011899208640712249 0.076916142761862483 -0.018680050590476917 -0.017904631870771296 -0.067055922528481637 0.050176150386330151 0.0037735700735142376 -0.016708596462760402 -0.048994495786666023 0.12023795261040787 -0.0016294768930046205 -0.032566260147860446 -0.050044271762455454 0.070035099357375827 0.10495136978689393 0.013963165567842807 0.081779671782279587 -0.014315511087111678 0.13321172980708859 -0.0016120249395551135 -0.020343754665620949 -0.057267137474827375 0.065503884153256947 -0.0045232355590074649 -0.039570546503081276 0.029745102598680292 -0.0047223938243635523 0.10935902918425043 0.10907121837830923 0.063295909982055448 -0.021277310440651294
leaf_weight=5637 160 1549 1279 210 180 2722 1257 261 183 189 192 597 187 188 300 193 423 196 279 949 201 163 1133 425 1454 1310 200 166 173 312
leaf_count=5637 160 1549 1279 210 180 2722 1257 261 183 189 192 597 187 188 300 193 423 196 279 949 201 163 1133 425 1454 1310 200 166 173 312
internal_value=-0.00167547 -0.00223519 0.00132229 -0.0119671 -0.00997432 0.00339885 0.00539626 0.00763967 0.0088597 0.0582582 0.00729549 -0.0178106 0.00805753 0.0105254 0.0490642 0.00863006 0.0324145 0.0620407 0.0324368 0.00569334 -0.0127451 0.0123968 0.00882605 -0.00207254 0.0160547 0.0225106 0.0359343 0.0283213 0.00319644 0.0207176
internal_weight=22668 22508 16481 6027 5817 14932 13653 12396 12135 372 11763 1340 743 10423 488 9935 1091 668 472 8844 556 355 7895 3147 4748 3615 2132 1932 1483 1766
internal_count=22668 22508 16481 6027 5817 14932 13653 12396 12135 372 11763 1340 743 10423 488 9935 1091 668 472 8844 556 355 7895 3147 4748 3615 2132 1932 1483 1766
is_linear=0
shrinkage=0.0161


Tree=204
num_leaves=31
num_cat=0
split_feature=533 597 58 561 59 401 38 373 490 596 483 393 519 508 507 103 307 151 194 594 66 526 114 110 230 182 510 22 211 498
split_gain=4334.52 3562.14 3510.56 4160.53 3230.6 2790.01 2728.53 4092.77 5051.58 4060.02 5978 3085.61 3018.74 3610.31 4543.01 6506.43 6939.47 3080.53 3051.37 3155.92 2968.49 2470.61 2435.26 2412.74 4001.06 3777.93 2442.22 2081.48 3207.33 4086.32
threshold=299.50000000000006 260.05000305175787 29.500000000000004 204.25000000000003 52.000000000000007 2.5000000000000004 10.500000000000002 20.000000000000004 261.50000000000006 178.05000305175784 226.50000000000003 35.500000000000007 23.500000000000004 85.500000000000014 51.500000000000007 10.500000000000002 6.5000000000000009 13.500000000000002 3.5000000000000004 168.05000305175784 13.500000000000002 106.50000000000001 8.0000000000000018 8.0000000000000018 5.5000000000000009 8.0000000000000018 118.50000000000001 13.500000000000002 20.000000000000004 101.50000000000001
decision_type=2 10 2 10 2 2 2 2 2 10 2 2 2 2 2 2 2 2 2 8 2 2 2 2 2 2 2 2 2 2
left_child=1 2 5 4 23 -1 20 8 9 10 12 -9 -8 14 -14 16 -16 18 -15 -20 27 -22 -2 24 -4 -26 -25 28 -7 -30
right_child=22 -3 3 -5 -6 6 7 11 -10 -11 -12 -13 13 17 15 -17 -18 -19 19 -21 21 -23 -24 26 25 -27 -28 -29 29 -31
leaf_value=-0.020360433510429762 -0.002894978853154275 0.068589243799499447 -0.003543131136018886 0.091205104418488614 0.069790949748292377 0.00080880556347683171 -0.0085506564943359127 -0.024437979555826748 0.087238089400501387 -0.028948421485182164 0.10903295489791924 0.047227266088323186 0.014858635466502021 0.068933093600677425 0.036602407710698275 0.0090265995325993151 0.17140129782788929 -0.03039733214185979 -0.018477225214557576 0.046510432778155843 -0.008166413416473518 -0.038179140920865738 -0.074508578702383171 0.0050630100012665829 0.12300174827032351 0.017054750794359828 -0.048653259804435932 -0.013854920123586457 0.0050634419998189803 0.10158372314727999
leaf_weight=2154 200 193 540 185 221 4635 1402 1402 227 624 168 175 1080 234 183 285 217 514 575 292 1841 1161 323 669 163 189 326 2200 276 194
leaf_count=2154 200 193 540 185 221 4635 1402 1402 227 624 168 175 1080 234 183 285 217 514 575 292 1841 1161 323 669 163 189 326 2200 276 194
internal_value=-0.00135161 -0.000277233 -0.00087884 0.0179805 0.0115431 -0.0030598 -0.000951285 0.0065217 0.0127761 0.00973946 0.0146212 -0.0164703 0.0112995 0.0195401 0.0354577 0.0679007 0.10979 0.00212955 0.017336 0.00338305 -0.00630291 -0.0197814 -0.0471679 0.00470881 0.0239455 0.0661823 -0.0125128 -0.000760664 0.0048777 0.0449538
internal_weight=22848 22325 22132 2293 2108 19839 17685 7378 5801 5574 4950 1577 4782 3380 1765 685 400 1615 1101 867 10307 3002 523 1887 892 352 995 7305 5105 470
internal_count=22848 22325 22132 2293 2108 19839 17685 7378 5801 5574 4950 1577 4782 3380 1765 685 400 1615 1101 867 10307 3002 523 1887 892 352 995 7305 5105 470
is_linear=0
shrinkage=0.0161


Tree=205
num_leaves=31
num_cat=0
split_feature=471 134 262 465 598 123 488 570 546 313 568 176 275 85 557 133 197 374 64 113 158 216 261 599 371 311 67 296 321 580
split_gain=2840.17 3241.05 4528.87 2709.06 5664.78 4676.03 3552.6 4511.27 3184.18 3071.19 3530.93 4529.83 4050.19 4118.24 3893.33 2829.65 3347.83 2535.76 2467.63 2454.94 2328.38 2306.44 2201.58 2142.09 2100.88 2583.5 2250.78 2170.03 1934.61 2238.13
threshold=4.5000000000000009 61.500000000000007 10.500000000000002 20.000000000000004 224.44999694824222 43.500000000000007 224.50000000000003 115.85000228881837 115.14999771118165 29.500000000000004 197.65000152587893 61.500000000000007 10.500000000000002 52.000000000000007 207.44999694824222 5.5000000000000009 16.500000000000004 10.500000000000002 24.500000000000004 52.000000000000007 2.5000000000000004 35.500000000000007 43.500000000000007 186.44999694824222 13.500000000000002 13.500000000000002 10.500000000000002 5.5000000000000009 29.500000000000004 209.25000000000003
decision_type=2 2 2 2 10 2 2 10 10 2 10 2 2 2 10 2 2 2 2 2 2 2 2 10 2 2 2 2 2 10
left_child=19 3 -3 9 5 6 7 8 -5 10 11 12 18 14 15 16 17 -14 20 22 -2 24 28 -22 25 26 27 -17 29 -1
right_child=1 2 -4 4 -6 -7 -8 -9 -10 -11 -12 -13 13 -15 -16 21 -18 -19 -20 -21 23 -23 -24 -25 -26 -27 -28 -29 -30 -31
leaf_value=-0.0095908670389273313 -0.02496162010069464 0.095814157461204488 -0.0079772755726216383 0.007392653416785115 0.098487923994009213 0.088400207504912329 0.064253558458831295 -0.029287291631503676 0.08113642433264126 -0.027287153560604252 -0.027466401903025121 0.074260730392415639 -0.0012282614167942213 0.094021090113745584 0.08939708962696552 0.064497015840109168 0.079092445402816458 0.054533459325936839 -0.0312724148036366 0.049887298378336824 0.0001228321555274811 0.043873901361687222 -0.066154736893020497 0.045773153765459491 -0.03259142889553842 0.062078915476293288 -0.034584276725606523 -0.009386913732936852 0.035267753652670215 -0.059678357309113243
leaf_weight=5319 937 228 208 1585 197 183 237 937 168 1102 1042 230 777 167 161 163 253 290 827 173 4849 228 186 282 679 166 409 279 236 242
leaf_count=5319 937 228 208 1585 197 183 237 937 168 1102 1042 230 777 167 161 163 253 290 827 173 4849 228 186 282 679 166 409 279 236 242
internal_value=-0.000537865 0.00292767 0.046245 0.00175663 0.0147518 0.00944003 0.00449529 -0.000760909 0.0144734 -0.00158823 0.000822252 0.00358006 0.00202469 0.0159407 0.0121043 0.00826097 0.0264172 0.0139052 -0.00518117 -0.00987769 -0.00162135 -0.00418326 -0.0116097 0.00263636 -0.0106577 0.00396328 -0.00734536 0.0178066 -0.00985558 -0.0117748
internal_weight=22740 16584 436 16148 3307 3110 2927 2690 1753 12841 11739 10697 10467 3572 3405 3244 1320 1067 6895 6156 6068 1924 5983 5131 1696 1017 851 442 5797 5561
internal_count=22740 16584 436 16148 3307 3110 2927 2690 1753 12841 11739 10697 10467 3572 3405 3244 1320 1067 6895 6156 6068 1924 5983 5131 1696 1017 851 442 5797 5561
is_linear=0
shrinkage=0.0161


Tree=206
num_leaves=31
num_cat=0
split_feature=534 500 367 509 511 388 171 114 202 6 0 12 38 481 193 220 465 451 66 516 131 223 66 508 595 116 435 149 297 412
split_gain=3200.05 4220.32 3066.88 4314.64 3363.46 3489.54 3457.52 4487.66 4791.85 2800.42 4703 3400.37 2715.69 2964.18 2656.42 3260.43 2899.36 5466.08 2576.14 2477.87 6199.17 2457.82 2336.18 3005.53 2501.57 3287.3 2158.79 2134.66 4062.15 2618.55
threshold=299.50000000000006 334.50000000000006 6.5000000000000009 313.50000000000006 272.50000000000006 87.000000000000014 20.000000000000004 29.500000000000004 10.500000000000002 13.500000000000002 5.5000000000000009 6.5000000000000009 10.500000000000002 241.50000000000003 20.000000000000004 6.5000000000000009 20.000000000000004 16.500000000000004 20.000000000000004 252.50000000000003 6.5000000000000009 8.0000000000000018 13.500000000000002 212.50000000000003 135.84999847412112 29.500000000000004 13.500000000000002 20.000000000000004 16.500000000000004 13.500000000000002
decision_type=2 2 2 2 2 2 2 2 2 2 2 2 2 2 2 2 2 2 2 2 2 2 2 2 10 2 2 2 2 2
left_child=1 2 19 4 5 6 12 9 -9 10 -8 -12 22 14 16 -16 18 21 27 -1 -21 -18 23 24 25 -4 -2 28 29 -14
right_child=26 -3 3 -5 -6 -7 7 8 -10 -11 11 -13 13 -15 15 -17 17 -19 -20 20 -22 -23 -24 -25 -26 -27 -28 -29 -30 -31
leaf_value=-0.0077456305900592869 -0.067114806088390572 0.080091846666029962 0.0018339396188486023 0.088888977931143365 -0.052774422584272153 -0.061862577425452342 0.094044992467371302 0.14243337450932197 0.019536172103945745 -0.0066002631307682334 0.06046742603969598 -0.012729688012657022 0.00021142277130280327 0.070953841186967445 0.039311145548134731 -0.040576072755444066 -0.020074481076465658 0.11748178493279419 -0.019384390785019263 -0.037122489465346437 0.094095338357684077 0.056838625178729382 -0.018938855181886607 0.067823853519376087 -0.029044018952108577 0.073594286865363581 0.0037432802329077242 -0.020138148057544502 0.083253565817665756 0.053979966943685627
leaf_weight=9853 304 173 2201 160 258 193 251 163 167 803 254 466 943 215 180 499 237 195 657 171 205 197 1921 178 621 179 175 318 263 313
leaf_count=9853 304 173 2201 160 258 193 251 163 167 803 254 466 943 215 180 499 237 195 657 171 205 197 1921 178 621 179 175 318 263 313
internal_value=-4.42994e-06 0.000881539 0.000259313 0.00584181 0.00470139 0.00600262 0.00717199 0.0257769 0.0803113 0.0156192 0.0340185 0.0130599 0.0028758 0.0127783 0.00948235 -0.0193636 0.0157616 0.046659 0.00795963 -0.00619573 0.0343565 0.0147835 -0.00491927 0.00354505 -0.000259708 0.00724093 -0.0411781 0.017752 0.0256997 0.0136295
internal_weight=22713 22234 22061 11832 11672 11414 11221 2104 330 1774 971 720 9117 4017 3802 679 3123 629 2494 10229 376 434 5100 3179 3001 2380 479 1837 1519 1256
internal_count=22713 22234 22061 11832 11672 11414 11221 2104 330 1774 971 720 9117 4017 3802 679 3123 629 2494 10229 376 434 5100 3179 3001 2380 479 1837 1519 1256
is_linear=0
shrinkage=0.0161


Tree=207
num_leaves=31
num_cat=0
split_feature=253 367 280 128 283 482 296 17 544 101 319 15 515 549 541 530 364 577 60 333 162 536 595 120 440 160 443 459 495 495
split_gain=4440.48 3537.08 3093.03 2843.9 6685.27 3251.28 3598.12 3078.63 7331.65 2813.69 2583.43 2536.37 2838.99 3601.88 3081.32 3507.2 4095.2 4945.98 4688.81 5966.04 7029.57 3741.92 3731.65 3640.13 2691.51 2327.95 2288.28 2222.31 2473.82 3252.77
threshold=87.000000000000014 3.5000000000000004 3.5000000000000004 61.500000000000007 13.500000000000002 252.50000000000003 87.000000000000014 52.000000000000007 125.85000228881837 43.500000000000007 35.500000000000007 61.500000000000007 244.50000000000003 238.25000000000003 169.15000152587893 89.500000000000014 6.5000000000000009 97.049999237060561 4.5000000000000009 10.500000000000002 16.500000000000004 162.50000000000003 145.55000305175784 10.500000000000002 24.500000000000004 8.0000000000000018 6.5000000000000009 16.500000000000004 176.50000000000003 227.50000000000003
decision_type=2 2 2 2 2 2 2 2 10 2 2 2 2 10 10 2 2 8 2 2 2 2 8 2 2 2 2 2 2 2
left_child=1 -1 10 5 -5 6 7 9 -9 11 -3 12 13 14 15 -4 24 -18 -19 20 21 22 -20 -21 -17 -14 -16 28 -7 -30
right_child=-2 2 3 4 -6 27 -8 8 -10 -11 -12 -13 25 -15 26 16 17 18 19 23 -22 -23 -24 -25 -26 -27 -28 -29 29 -31
leaf_value=-0.014540020418802648 0.069497845460234672 -0.015499117365342263 0.00090092786327491427 -0.0052548566764788083 0.12574253117140213 -0.049405962983431674 0.079501168515896142 -0.0049604199522551937 0.11648999423659852 -0.025569317260923655 0.0448254691004479 0.050439141581780214 0.0060312957012689031 0.080899741556931137 -0.051072451868123293 0.0087478759645480825 0.11861650950082385 -0.020762754471814377 0.066654467580354537 0.049527845747101298 0.16188059947203093 0.10914218107104219 -0.039390011381312783 -0.028801282246849115 -0.059175364659847907 -0.057740324409992994 -0.0037362698384515694 -0.062863685638730696 0.072197197195895471 -0.026515879161286639
leaf_weight=4245 232 3219 6602 257 166 228 169 330 211 827 195 312 261 163 403 1155 174 387 176 282 181 160 168 338 174 342 775 290 160 188
leaf_count=4245 232 3219 6602 257 166 228 169 330 211 827 195 312 261 163 403 1155 174 387 176 282 181 160 168 338 174 342 775 290 160 188
internal_value=-0.000576852 -0.00129923 0.00177209 0.00494439 0.0460975 0.00373857 0.00566743 0.00473595 0.042364 0.00315362 -0.0120466 0.00512636 0.00392024 0.0057641 0.00464604 0.00760592 0.0214534 0.0368363 0.0284123 0.0430133 0.0757669 0.0447945 0.0147969 0.00678788 -0.000127299 -0.0300987 -0.0199502 -0.0265035 -0.00815624 0.0188018
internal_weight=22770 22538 18293 14879 423 14456 13590 13421 541 12880 3414 12053 11741 11138 10975 9797 3195 1866 1692 1305 685 504 344 620 1329 603 1178 866 576 348
internal_count=22770 22538 18293 14879 423 14456 13590 13421 541 12880 3414 12053 11741 11138 10975 9797 3195 1866 1692 1305 685 504 344 620 1329 603 1178 866 576 348
is_linear=0
shrinkage=0.0161


Tree=208
num_leaves=31
num_cat=0
split_feature=293 559 502 574 58 457 285 225 38 184 15 127 204 133 362 372 98 68 2 2 282 243 377 563 85 552 520 213 537 141
split_gain=3330.05 4804.31 4104.65 11241.6 3395.22 3494.9 2709.47 3037.24 2939 4044.22 7021.67 3748.8 3625.83 2762.11 3187.74 6583.52 3487.8 2735.16 2632.53 3216.7 2568.9 2744.57 2514.24 2569.42 2394.82 2166.88 2633.14 3062.95 2459.46 2630.98
threshold=4.5000000000000009 271.25000000000006 293.50000000000006 207.44999694824222 61.500000000000007 13.500000000000002 52.000000000000007 5.5000000000000009 10.500000000000002 20.000000000000004 5.5000000000000009 35.500000000000007 35.500000000000007 16.500000000000004 13.500000000000002 5.5000000000000009 8.0000000000000018 8.0000000000000018 4.5000000000000009 16.500000000000004 8.0000000000000018 3.5000000000000004 16.500000000000004 159.44999694824222 13.500000000000002 228.75000000000003 136.50000000000003 29.500000000000004 188.50000000000003 6.5000000000000009
decision_type=2 10 2 8 2 2 2 2 2 2 2 2 2 2 2 2 2 2 2 2 2 2 2 8 2 10 2 2 2 2
left_child=-1 2 4 -4 6 -6 7 -2 11 12 -11 25 13 14 16 -16 -10 -17 -15 -20 21 -18 23 -12 -22 26 27 -9 -28 -30
right_child=1 -3 3 -5 5 -7 -8 8 9 10 22 -13 -14 18 15 17 20 -19 19 -21 24 -23 -24 -25 -26 -27 28 -29 29 -31
leaf_value=-0.010060083414922306 -0.0059331307757444695 -0.081133770640403738 0.15084409672727012 -0.033690511382055199 0.0093748534556460546 0.098133132881349824 -0.034283549202461155 0.0050760718434146972 0.064133548667984458 0.14084159370695462 0.012252138149726826 -0.056282180333789636 -0.049488083963392028 0.050210860028356889 0.12482826374039549 -0.023850545411871826 0.032153187503717567 0.053929085356365619 -0.05024475017128989 0.021085139989995057 0.00048427836734856421 -0.042375650061693096 -0.019163285445148597 0.097241349666722321 0.068417930352056913 0.058086061992086768 -0.037484776371400047 0.066730000056827485 0.055152748336865828 -0.02255031605300848
leaf_weight=6628 5775 172 173 169 284 194 519 2936 275 179 206 283 235 160 229 209 177 266 418 269 373 461 209 168 211 185 714 225 195 268
leaf_count=6628 5775 172 173 169 284 194 519 2936 275 179 206 283 235 160 229 209 177 266 418 269 373 461 209 168 211 185 714 225 195 268
internal_value=-0.000451061 0.00349422 0.00440744 0.0595871 0.00319801 0.0454473 0.001863 0.00314726 0.00907459 0.0191874 0.0526109 0.000558226 0.0114224 0.0161263 0.0256366 0.0539006 0.012329 0.0196565 -0.00855914 -0.0222807 0.000651633 -0.0216623 0.0254809 0.050492 0.0250691 0.00411988 0.00181299 0.00947204 -0.0187365 0.0101248
internal_weight=22765 16137 15965 342 15623 478 15145 14626 8851 4045 762 4806 3283 3048 2201 704 1497 475 847 687 1222 638 583 374 584 4523 4338 3161 1177 463
internal_count=22765 16137 15965 342 15623 478 15145 14626 8851 4045 762 4806 3283 3048 2201 704 1497 475 847 687 1222 638 583 374 584 4523 4338 3161 1177 463
is_linear=0
shrinkage=0.0161


Tree=209
num_leaves=31
num_cat=0
split_feature=479 310 380 547 514 273 176 522 166 64 58 252 130 453 100 360 557 20 417 257 176 236 406 349 514 111 571 308 560 80
split_gain=3689.81 3532.5 3134.82 3521.3 9948.3 3719.16 4358.22 3386.94 4677.82 2833.69 4878.03 4642.93 2687.61 2658.84 5839.63 2646.59 4953.59 5240.74 3218.97 2698.08 3099.91 2291.87 2775.93 2189.14 2174.29 4959.96 2815.37 2305.85 3862.23 3949
threshold=3.5000000000000004 35.500000000000007 43.500000000000007 244.44999694824222 234.50000000000003 8.0000000000000018 73.500000000000014 228.50000000000003 52.000000000000007 10.500000000000002 29.500000000000004 13.500000000000002 10.500000000000002 29.500000000000004 13.500000000000002 6.5000000000000009 226.84999847412112 6.5000000000000009 3.5000000000000004 8.0000000000000018 6.5000000000000009 8.0000000000000018 24.500000000000004 8.0000000000000018 198.50000000000003 8.0000000000000018 169.15000152587893 8.0000000000000018 73.549999237060561 8.0000000000000018
decision_type=2 2 2 10 2 2 2 2 2 2 2 2 2 2 2 2 8 2 2 2 2 2 2 2 2 2 10 2 10 2
left_child=21 2 3 5 -5 7 9 8 24 15 13 23 -4 -11 -15 -7 18 -18 -17 -20 -21 -1 -23 -12 26 -26 27 -2 -29 -30
right_child=1 -3 12 4 -6 6 -8 -9 -10 10 11 -13 -14 14 -16 16 17 -19 19 20 -22 22 -24 -25 25 -27 -28 28 29 -31
leaf_value=-0.020177656031618335 -0.0061369426919672988 -0.020599090937471826 -0.04288756663617993 0.13811934124957895 -0.017907598349195541 0.0082975272435130004 0.098345487099466319 -0.041297246309349007 0.082764882032977605 -0.014418215554313562 0.053497012534053513 0.10486711791204578 0.014062320017116863 -0.017976145821023557 0.09032318485024049 0.075752122202686886 0.15077341376081915 0.038328213886726484 -0.0098159711528793634 0.086425764301281571 0.010702950735692551 -0.0037666840786970603 0.065098985163432821 -0.023160481980828783 0.088271703391049394 -0.014000223884957917 -0.04435651785714121 -0.014303023592840674 0.0031436782333239682 0.053539291045071775
leaf_weight=2891 4638 1345 593 196 230 1669 161 490 183 2166 175 212 336 320 216 245 178 273 689 212 416 1097 176 215 228 266 381 867 825 790
leaf_count=2891 4638 1345 593 196 230 1669 161 490 183 2166 175 212 336 320 216 245 178 273 689 212 416 1097 176 215 228 266 381 867 825 790
internal_value=0.00144241 0.00452305 0.00649235 0.00813872 0.0538242 0.00690663 0.0155049 -0.000180193 0.00228053 0.0135924 0.00275979 0.0442098 -0.0222646 -0.00646647 0.025623 0.0233066 0.035739 0.0827601 0.0221474 0.0121575 0.0363029 -0.0122498 0.00573592 0.0111768 0.000435359 0.0331546 -0.00171632 0.000562103 0.0130898 0.02781
internal_weight=22679 18515 17170 16241 426 15815 7147 8668 8178 6986 3304 602 929 2702 536 3682 2013 451 1562 1317 628 4164 1273 390 7995 494 7501 7120 2482 1615
internal_count=22679 18515 17170 16241 426 15815 7147 8668 8178 6986 3304 602 929 2702 536 3682 2013 451 1562 1317 628 4164 1273 390 7995 494 7501 7120 2482 1615
is_linear=0
shrinkage=0.0161


Tree=210
num_leaves=31
num_cat=0
split_feature=536 217 282 94 569 17 65 138 65 527 478 225 419 419 300 233 138 485 505 485 337 465 240 579 137 114 161 205 257 508
split_gain=3354.5 3394.55 2934.84 2733.12 4368.18 3768.8 5602.75 3008.12 2703.78 4494.25 3692.22 3689.19 5630.61 3530.08 2746.13 3927 3026.61 2319.69 2451.92 2272.3 2203.61 2479.47 2961.94 4863.95 2274.25 2107.44 3571.28 2152.24 2038.3 1928.79
threshold=320.50000000000006 2.5000000000000004 52.000000000000007 6.5000000000000009 247.34999847412112 52.000000000000007 16.500000000000004 61.500000000000007 10.500000000000002 255.50000000000003 29.500000000000004 8.0000000000000018 29.500000000000004 43.500000000000007 29.500000000000004 43.500000000000007 35.500000000000007 275.50000000000006 272.50000000000006 71.500000000000014 43.500000000000007 10.500000000000002 6.5000000000000009 176.25000000000003 5.5000000000000009 16.500000000000004 20.000000000000004 29.500000000000004 10.500000000000002 167.50000000000003
decision_type=2 2 2 2 10 2 2 2 2 2 2 2 2 2 2 2 2 2 2 2 2 2 2 8 2 2 2 2 2 2
left_child=1 -1 3 7 5 8 -7 17 13 10 25 -12 -13 14 15 16 20 18 -3 -4 21 -5 -23 24 -24 27 -27 29 -16 -10
right_child=-2 2 19 4 -6 6 -8 -9 9 -11 11 12 -14 -15 28 -17 -18 -19 -20 -21 -22 22 23 -25 -26 26 -28 -29 -30 -31
leaf_value=-0.018842745748461221 -0.054730470893264119 -0.0060132594860229111 0.013764354014023464 -0.00055018589150585754 0.069369720083134356 0.10061562682728385 -0.01728658272140355 0.061738318271858862 -0.012695681724764405 -0.070389460222333791 -0.0059428200463333691 0.013424072595867387 0.13626287604611578 0.067653573518008242 0.0010726890342855453 0.086748065931300841 0.062835453961117116 -0.057434746415962856 0.054927650043161101 -0.05187228464076514 -0.04300589234443164 0.0024341855202160744 0.065954755990153838 0.1049416787431227 -0.0050139712277590294 -0.0043524830058874735 0.066817529212888097 0.036729696033382588 -0.066414539310635679 -0.049926508076099094
leaf_weight=2453 305 7631 194 2625 289 256 176 173 2087 257 362 231 167 277 264 177 260 222 175 459 223 752 177 255 344 808 236 192 206 437
leaf_count=2453 305 7631 194 2625 289 256 176 173 2087 257 362 231 167 277 264 177 260 222 175 459 223 752 177 255 344 808 236 192 206 437
internal_value=-0.00169577 -0.00097146 0.00122896 0.00236825 0.00759222 0.00593215 0.0525269 -0.00467273 0.00398261 -0.00489723 -0.00116824 0.0311915 0.0650261 0.0116162 0.00867352 0.0123043 0.00945696 -0.0061068 -0.00464403 -0.0323362 0.0062801 0.00893224 0.0252378 0.0473058 0.0190511 -0.0077153 0.0117132 -0.0151921 -0.0284567 -0.0191511
internal_weight=22670 22365 19912 19259 11058 10769 432 8201 10337 4777 4520 760 398 5560 5283 4813 4636 8028 7806 653 4376 4153 1528 776 521 3760 1044 2716 470 2524
internal_count=22670 22365 19912 19259 11058 10769 432 8201 10337 4777 4520 760 398 5560 5283 4813 4636 8028 7806 653 4376 4153 1528 776 521 3760 1044 2716 470 2524
is_linear=0
shrinkage=0.0161


Tree=211
num_leaves=31
num_cat=0
split_feature=31 598 480 533 552 508 511 510 87 178 267 597 215 564 574 474 572 274 155 277 132 552 599 420 133 517 401 26 269 538
split_gain=3322.33 3079.53 2871.7 2608.95 3464.49 6794.04 3155.12 4775.46 8367.53 3169.48 2577.07 2899.06 3262.25 2695.78 2984.61 4957.41 3320.53 2697.43 3202.87 4078.09 3215.13 4151.21 6484.58 3794.54 4084.86 2836.29 2514.54 3530.42 3316.29 2110.29
threshold=3.5000000000000004 183.15000152587893 337.50000000000006 317.50000000000006 247.34999847412112 194.50000000000003 272.50000000000006 242.50000000000003 8.0000000000000018 6.5000000000000009 35.500000000000007 221.94999694824222 8.0000000000000018 220.15000152587893 203.05000305175784 10.500000000000002 176.25000000000003 13.500000000000002 35.500000000000007 16.500000000000004 20.000000000000004 90.549999237060561 90.549999237060561 24.500000000000004 5.5000000000000009 103.50000000000001 6.5000000000000009 16.500000000000004 13.500000000000002 177.50000000000003
decision_type=2 10 2 2 10 2 2 2 2 2 2 10 2 10 10 2 10 2 2 2 2 10 10 2 2 2 2 2 2 2
left_child=1 -1 3 4 6 -6 7 10 -9 -8 11 13 -13 14 16 -16 17 29 20 -20 21 26 -23 24 25 -24 -19 28 -28 -2
right_child=2 -3 -4 -5 5 -7 9 8 -10 -11 -12 12 -14 -15 15 -17 -18 18 19 -21 -22 22 23 -25 -26 -27 27 -29 -30 -31
leaf_value=-0.0090110229551835039 -0.0025771716730727473 -0.058020144319461078 0.068606514601838503 -0.048802608155359417 -0.015422688383025882 0.1172217150787436 0.012719173383088825 0.13595096654486452 -0.0074509395208877324 -0.067800688832992242 -0.022047030269594432 0.10130097859716872 0.00080007544242982609 -0.045508962337299751 0.10868923357409774 -0.013156287221228311 -0.036370831469939149 -0.023462822260404203 0.010921815064561826 0.10465923407348737 -0.023279594253605332 0.12871044592759681 0.099408734606146826 0.092388722044510832 -0.018565919189576188 0.0052388076531186831 0.013861600263999725 -0.041827467050777209 0.10058042553343344 0.02824836058872137
leaf_weight=3971 9687 363 169 259 204 196 205 189 238 330 1129 164 172 302 179 167 563 688 264 222 627 179 171 173 519 162 380 182 164 612
leaf_count=3971 9687 363 169 259 204 196 205 189 238 330 1129 164 172 302 179 167 563 688 264 222 627 179 171 173 519 162 380 182 164 612
internal_value=-0.000432531 -0.0131213 0.00253944 0.00192892 0.00265745 0.0495142 0.00159529 0.00279883 0.0559669 -0.0369033 0.00143846 0.00314217 0.0499241 0.00210928 0.00307348 0.0498114 0.00196372 0.00350369 0.0152329 0.0537886 0.00945118 0.0172991 0.0392702 0.023628 0.00963834 0.053667 -0.00139242 0.0194904 0.040048 -0.000743133
internal_weight=22830 4334 18496 18327 18068 400 17668 17133 427 535 16706 15577 336 15241 14939 346 14593 14030 3731 486 3245 2618 1204 1025 852 333 1414 726 544 10299
internal_count=22830 4334 18496 18327 18068 400 17668 17133 427 535 16706 15577 336 15241 14939 346 14593 14030 3731 486 3245 2618 1204 1025 852 333 1414 726 544 10299
is_linear=0
shrinkage=0.0161


Tree=212
num_leaves=31
num_cat=0
split_feature=533 180 453 229 375 308 290 505 135 148 171 402 364 77 180 535 588 514 569 411 576 535 489 555 306 531 595 507 155 262
split_gain=3483.82 3070.66 3225.57 3335.68 3632.27 5119.92 3417.53 3375.51 2913.78 2712.61 3017.68 7412.26 8671.69 2996.29 2687.62 4700.2 2805.65 4312.38 2555.04 2483.65 2362.09 2287.22 4399.66 2397.7 4616.22 3116.58 3672.8 2857.23 2480.66 2564.75
threshold=299.50000000000006 5.5000000000000009 1.0000000180025095e-35 20.000000000000004 52.000000000000007 8.0000000000000018 61.500000000000007 272.50000000000006 10.500000000000002 35.500000000000007 24.500000000000004 8.0000000000000018 13.500000000000002 10.500000000000002 16.500000000000004 171.50000000000003 133.65000152587893 43.500000000000007 235.84999847412112 10.500000000000002 207.44999694824222 238.50000000000003 184.50000000000003 204.25000000000003 8.0000000000000018 143.50000000000003 146.25000000000003 178.50000000000003 35.500000000000007 8.0000000000000018
decision_type=2 2 2 2 2 2 2 2 2 2 2 2 2 2 2 2 8 2 10 2 10 2 2 10 2 2 8 2 2 2
left_child=1 18 -3 4 6 -6 7 9 14 10 21 -12 13 -13 15 16 17 -5 20 -11 -1 23 -23 25 -25 27 -27 28 29 -4
right_child=-2 2 3 8 5 -7 -8 -9 -10 19 11 12 -14 -15 -16 -17 -18 -19 -20 -21 -22 22 -24 24 -26 26 -28 -29 -30 -31
leaf_value=-0.0063853319287141249 -0.043762358718192756 -0.040445988267796239 0.0090526108164569272 -0.019798941430853822 -0.0012874445346214201 0.1104510643812371 0.074282443923177927 0.058995823225938542 -0.031945104192259849 0.0007738744637736868 -0.010792094289538111 0.077996961294994935 0.16826092455584252 -0.017387267534746627 -0.025604221064481021 0.099325018163726755 -0.034483067288563596 0.089726449063455144 0.056639155730077724 -0.058953472384682612 -0.054589128668686607 0.10728399122294248 -0.0069230577616150053 0.099700511248606266 -0.0095918680184250461 0.031559730901072884 -0.0372930805347634 0.061982469286305047 0.046626523599652511 -0.014092448695216234
leaf_weight=8601 470 385 3463 195 204 221 202 318 972 436 484 167 177 174 475 165 288 178 162 307 272 160 192 187 215 254 954 224 324 1934
leaf_count=8601 470 385 3463 195 204 221 202 318 972 436 484 167 177 174 475 165 288 178 162 307 272 160 192 187 215 254 954 224 324 1934
internal_value=-0.000383357 0.000530263 0.00546481 0.00684004 0.0106373 0.0567612 0.00870782 0.00737687 -0.0108527 0.00567376 0.00814058 0.0344664 0.0767998 0.0292568 0.00488773 0.0224509 0.0032259 0.0324048 -0.00670647 -0.0238732 -0.00786566 0.00480151 0.0449224 0.0029291 0.0411896 0.000775559 -0.0227963 0.00556922 0.0033563 0.000754282
internal_weight=22760 22290 13255 12870 10597 425 10172 9970 2273 9652 8909 1002 518 341 1301 826 661 373 9035 743 8873 7907 352 7555 402 7153 1208 5945 5721 5397
internal_count=22760 22290 13255 12870 10597 425 10172 9970 2273 9652 8909 1002 518 341 1301 826 661 373 9035 743 8873 7907 352 7555 402 7153 1208 5945 5721 5397
is_linear=0
shrinkage=0.0161


Tree=213
num_leaves=31
num_cat=0
split_feature=407 567 90 24 115 597 431 516 588 12 236 108 405 278 583 535 537 8 359 596 510 590 335 170 395 230 309 38 506 496
split_gain=3620.44 3619.44 9440.54 11949.8 3867.06 3614.95 7000.16 3621.06 7642.66 2999.47 3245.66 3080.59 2876.15 2700.45 3675.19 7765.13 3345.23 2760.84 2695.39 2598.21 2490.16 2385.78 2336.11 3120.94 2179.04 2415.41 2256.85 2462.26 3150.51 5217.01
threshold=5.5000000000000009 221.94999694824222 10.500000000000002 10.500000000000002 16.500000000000004 185.15000152587893 29.500000000000004 248.50000000000003 158.65000152587893 20.000000000000004 43.500000000000007 10.500000000000002 13.500000000000002 13.500000000000002 107.54999923706056 104.50000000000001 125.50000000000001 20.000000000000004 16.500000000000004 126.54999923706056 154.50000000000003 168.05000305175784 35.500000000000007 8.0000000000000018 29.500000000000004 4.5000000000000009 4.5000000000000009 4.5000000000000009 66.500000000000014 108.50000000000001
decision_type=2 10 2 2 2 10 2 2 10 2 2 2 2 2 10 2 2 2 2 10 2 8 2 2 2 2 2 2 2 2
left_child=24 5 3 -3 12 7 20 9 -9 10 13 -12 -4 22 15 17 19 -15 -11 -16 -7 -18 -2 -24 25 -1 -27 -28 -29 -30
right_child=1 2 4 -5 -6 6 -8 8 -10 18 11 -13 -14 14 16 -17 21 -19 -20 -21 -22 -23 23 -25 -26 26 27 28 29 -31
leaf_value=-0.017018273939966196 -0.00073988567858864385 0.18587305218412478 -0.025670181000185605 0.0053926411405872503 -0.073809390832413696 0.0038368776085153907 0.064074234847168648 0.13602602280248613 -0.020265418696838081 -0.021557202984485695 0.10838744934949708 0.013866696882779599 0.070647368994809709 0.0051121237284951293 -0.0016205911652141616 0.1168342675013872 -0.067492725550724678 0.065176217489046798 0.017051981064519297 0.077436025394505281 -0.052355189157681399 0.010401870505710478 0.089382419978182859 -0.0079817928640504646 -0.035570477905301143 -0.014416180126124287 -0.015185409944613653 -0.0032295691388394645 0.07990590110037292 0.011420159442454593
leaf_weight=3039 6511 193 161 188 164 270 204 164 160 1825 160 204 160 831 309 264 255 261 630 165 832 169 177 164 697 1559 794 1040 434 862
leaf_count=3039 6511 193 161 188 164 270 204 164 160 1825 160 204 160 831 309 264 255 261 630 165 832 169 177 164 697 1559 794 1040 434 862
internal_value=8.43867e-05 0.0049842 0.0368975 0.0968789 -0.0101733 0.00294359 -0.0225156 0.00565999 0.0587724 0.00421496 0.00832762 0.0554789 0.0222652 0.00644022 0.0217276 0.0384591 -0.00351115 0.0194897 -0.0116398 0.0258495 -0.0385663 -0.0363896 0.00140794 0.0424872 -0.00829978 -0.00583715 0.00140445 0.00929196 0.0176218 0.0343726
internal_weight=22846 14421 866 381 485 13555 1306 12249 324 11925 9470 364 321 9106 2254 1356 898 1092 2455 474 1102 424 6852 341 8425 7728 4689 3130 2336 1296
internal_count=22846 14421 866 381 485 13555 1306 12249 324 11925 9470 364 321 9106 2254 1356 898 1092 2455 474 1102 424 6852 341 8425 7728 4689 3130 2336 1296
is_linear=0
shrinkage=0.0161


Tree=214
num_leaves=31
num_cat=0
split_feature=535 134 518 347 288 583 570 501 430 507 234 443 89 250 75 197 242 133 497 497 594 222 570 216 472 511 496 514 518 576
split_gain=4486.81 4293.54 6848.19 2993.52 2942.48 3658.2 4167.82 3437.98 2994.65 2778.35 2719.32 3157.14 3000.44 3253.54 4078.51 4227.71 3969.95 5757.48 8100.53 7942.99 4104.05 3358.2 4586.3 2905.67 2666.19 2640.37 2422.39 2255.36 2513.56 4056.88
threshold=310.50000000000006 61.500000000000007 152.50000000000003 61.500000000000007 4.5000000000000009 264.34999084472662 264.34999084472662 320.50000000000006 52.000000000000007 242.50000000000003 5.5000000000000009 52.000000000000007 24.500000000000004 8.0000000000000018 2.5000000000000004 8.0000000000000018 3.5000000000000004 8.0000000000000018 68.500000000000014 138.50000000000003 188.65000152587893 16.500000000000004 69.649997711181655 29.500000000000004 10.500000000000002 156.50000000000003 170.50000000000003 89.500000000000014 171.50000000000003 187.55000305175784
decision_type=2 2 2 2 2 10 10 2 2 2 2 2 2 2 2 2 2 2 2 2 8 2 10 2 2 2 2 2 2 8
left_child=1 3 -3 4 9 6 7 8 10 25 27 12 13 21 -15 16 -16 18 -18 -20 -19 -12 -23 -17 -24 26 -1 -6 -29 -30
right_child=-2 2 -4 -5 5 -7 -8 -9 -10 -11 11 -13 -14 14 15 23 17 20 19 -21 -22 22 24 -25 -26 -27 -28 28 29 -31
leaf_value=-0.0085043102992804591 -0.054189690868656867 0.0061194710253681811 0.13190722211965039 -0.039307494845008985 0.0048255366081637928 -0.066225551779951208 0.087670563428429368 0.078599121639447447 -0.031539290606783559 0.047570708265074917 7.0205412966512843e-05 -0.03266322458245749 -0.0081665988949261911 0.092297848478439762 -0.018028244571034698 -0.0049095547877789228 0.022645308850640141 -0.0052598616769547139 0.21911921461030465 0.064364413338576135 0.089388194127844003 0.11321387501542574 0.049264514867414462 0.064269531435950628 -0.018581458934036676 -0.040002565559678994 0.039252558863001968 -0.030086284267304149 0.061626252478012997 -0.021129874405326203
leaf_weight=5387 381 339 168 480 3478 183 161 164 575 228 2880 396 1331 255 223 1161 258 436 173 172 163 165 319 182 283 664 290 1275 239 429
leaf_count=5387 381 339 168 480 3478 183 161 164 575 228 2880 396 1331 255 223 1161 258 436 173 172 163 165 319 182 283 664 290 1275 239 429
internal_value=0.000595782 0.00152631 0.047847 0.000455321 0.00134539 0.0053037 0.00619468 0.00529194 0.00445501 -0.00763001 0.00595453 0.0116938 0.0138921 0.0182974 0.0306509 0.0249632 0.0442814 0.0558609 0.0909915 0.142034 0.0204565 0.00805123 0.0379884 0.0044479 0.017331 -0.00961854 -0.00606058 -0.00293106 -0.0168276 0.00844374
internal_weight=22838 22457 507 21950 21470 14901 14718 14557 14393 6569 13818 8397 8001 6670 3023 2768 1425 1202 603 345 599 3647 767 1343 602 6341 5677 5421 1943 668
internal_count=22838 22457 507 21950 21470 14901 14718 14557 14393 6569 13818 8397 8001 6670 3023 2768 1425 1202 603 345 599 3647 767 1343 602 6341 5677 5421 1943 668
is_linear=0
shrinkage=0.0161


Tree=215
num_leaves=31
num_cat=0
split_feature=235 118 469 416 406 88 28 58 121 168 503 134 569 291 144 543 475 96 24 66 305 26 160 215 40 326 447 330 497 506
split_gain=4010.28 3851.1 4576.78 4107.72 3808.48 3148.62 3180.79 3112.35 5121.55 3844.32 3266.68 3078.27 3364.74 3022.37 2981.16 2842.36 2455.83 2317.64 2303.57 2798.15 4978.01 3636.91 2832.95 3082.74 2968.52 3553.65 4312.81 3184.71 3076.81 2161.88
threshold=13.500000000000002 35.500000000000007 6.5000000000000009 3.5000000000000004 10.500000000000002 29.500000000000004 35.500000000000007 16.500000000000004 6.5000000000000009 6.5000000000000009 76.500000000000014 61.500000000000007 168.05000305175784 10.500000000000002 8.0000000000000018 167.05000305175784 5.5000000000000009 20.000000000000004 24.500000000000004 13.500000000000002 3.5000000000000004 2.5000000000000004 4.5000000000000009 5.5000000000000009 20.000000000000004 20.000000000000004 3.5000000000000004 16.500000000000004 170.50000000000003 190.50000000000003
decision_type=2 2 2 2 2 2 2 2 2 2 2 2 8 2 2 8 2 2 2 2 2 2 2 2 2 2 2 2 2 2
left_child=11 3 -3 4 -2 6 7 13 -9 -10 -11 18 -13 16 -4 -7 -5 -18 19 20 -1 -22 -23 -24 25 26 -25 28 -28 -15
right_child=1 2 14 5 -6 15 -8 8 9 10 -12 12 -14 29 -16 -17 17 -19 -20 -21 21 22 23 24 -26 -27 27 -29 -30 -31
leaf_value=-0.013946036174174597 0.017999528305282946 0.10776477302886975 -0.033587098155185249 0.064839913795558118 0.11751085404184135 0.0010554585266718639 0.076561809630496733 -0.013076132789242459 0.11141138917545988 0.082868056992714836 -0.0070784506100861596 0.00039750016022226049 0.098308903470405495 -0.010093659636942856 0.053966067053868777 -0.057701521318628206 -0.0048177748983835745 0.044510028664532526 -0.018811053305614878 -0.012073978830404822 -0.018036024490466332 -0.00023126845250709697 0.0072760616474954621 0.096925541019720063 0.0066181772295230753 0.09832074463807644 0.024578389729015663 0.075291460915613118 -0.048034763085837623 -0.064003639100806975
leaf_weight=2930 256 230 170 202 164 516 180 424 232 178 253 207 163 913 247 363 1226 309 2169 4156 960 1953 1760 248 658 290 685 235 194 245
leaf_count=2930 256 230 170 202 164 516 180 424 232 178 253 207 163 913 247 363 1226 309 2169 4156 960 1953 1760 248 658 290 685 235 194 245
internal_value=0.00178247 0.0129377 0.0500861 0.00853221 0.0569124 0.00449666 0.0103481 0.00734908 0.0305789 0.0585326 0.0300142 -0.00231873 0.0435951 -0.00136502 0.0182165 -0.0231826 0.012058 0.00509672 -0.00336637 -0.000983609 0.00366363 0.0110558 0.0156967 0.0233455 0.0355787 0.0470996 0.0361762 0.022631 0.0085255 -0.0215198
internal_weight=22716 6108 647 5461 420 5041 4162 3982 1087 663 431 16608 370 2895 417 879 1737 1535 16238 14069 9913 6983 6023 4070 2310 1652 1362 1114 879 1158
internal_count=22716 6108 647 5461 420 5041 4162 3982 1087 663 431 16608 370 2895 417 879 1737 1535 16238 14069 9913 6983 6023 4070 2310 1652 1362 1114 879 1158
is_linear=0
shrinkage=0.0161


Tree=216
num_leaves=31
num_cat=0
split_feature=306 496 543 104 279 24 118 316 568 475 57 478 511 560 4 266 29 104 270 274 196 155 73 461 572 290 333 572 356 174
split_gain=3306.75 3481.12 4417.22 7679.9 9022.57 5604.78 3049.52 2671.29 2638.27 3511.54 4758.27 3047.19 3002.55 2823.44 2615.11 2931.84 2822.31 3902.94 5480.52 3743.62 2742.36 2663.19 2645.56 2554.3 2526.15 2508.92 2375.66 2284.61 2126.58 2076.39
threshold=4.5000000000000009 334.50000000000006 210.94999694824222 4.5000000000000009 6.5000000000000009 6.5000000000000009 13.500000000000002 87.000000000000014 179.15000152587893 61.500000000000007 20.000000000000004 73.500000000000014 248.50000000000003 240.75000000000003 16.500000000000004 3.5000000000000004 4.5000000000000009 10.500000000000002 10.500000000000002 13.500000000000002 35.500000000000007 35.500000000000007 52.000000000000007 29.500000000000004 159.44999694824222 8.0000000000000018 35.500000000000007 174.34999847412112 8.0000000000000018 3.5000000000000004
decision_type=2 2 10 2 2 2 2 2 10 2 2 2 2 10 2 2 2 2 2 2 2 2 2 2 10 2 2 10 2 2
left_child=26 2 7 -4 -5 -6 -7 8 9 11 -11 12 14 23 15 -2 17 18 19 -17 21 24 -16 -10 -18 -19 29 -26 -23 -1
right_child=1 -3 3 4 5 6 -8 -9 13 10 -12 -13 -14 -15 22 16 20 25 -20 -21 -22 28 -24 -25 27 -27 -28 -29 -30 -31
leaf_value=-0.023593677442284831 -0.013710365799910111 -0.065772640436875099 -0.050680777328066674 0.12804422709814275 0.090692551198461147 0.026510611551152467 -0.057542449307617129 0.063994785200454485 -0.038287024903608073 -0.0091184475539229544 0.1075407779409291 0.057825108896375564 0.068394006577389879 0.039755935985328533 -0.015544518896663787 0.0050828513314946219 -0.00087918022322482981 -0.032947053471288471 0.10311610311832425 0.085191677021436027 -0.047509332517600318 0.0092274406609404811 0.049403384248260192 0.030348711335922669 0.087267556376975294 0.030965838677138684 -0.061130852652557729 0.0023848631942945241 0.092157289331724512 -0.0030029756586699
leaf_weight=1717 1836 187 224 295 205 252 201 176 1045 171 192 246 167 177 3242 665 4118 367 302 196 264 162 171 162 167 281 229 163 160 4884
leaf_count=1717 1836 187 224 295 205 252 201 176 1045 171 192 246 167 177 3242 665 4118 367 302 196 264 162 171 162 167 281 229 163 160 4884
internal_value=-0.000774252 0.0032723 0.00410109 0.0340928 0.0540432 0.0208307 -0.0107325 0.00165315 0.000881745 0.00315474 0.0525208 0.00172007 0.000592482 -0.0202381 -0.000341809 0.00435047 0.00919828 0.026436 0.0440807 0.0233463 0.00299226 0.00579225 -0.0122836 -0.0290554 0.0025499 -0.00519542 -0.0101351 0.045412 0.0505079 -0.00836243
internal_weight=22624 15794 15607 1177 953 658 453 14430 14254 12870 363 12507 12261 1384 12094 8681 6845 1811 1163 861 5034 4770 3413 1207 4448 648 6830 330 322 6601
internal_count=22624 15794 15607 1177 953 658 453 14430 14254 12870 363 12507 12261 1384 12094 8681 6845 1811 1163 861 5034 4770 3413 1207 4448 648 6830 330 322 6601
is_linear=0
shrinkage=0.0161


Tree=217
num_leaves=31
num_cat=0
split_feature=535 463 176 365 598 581 47 542 446 200 421 115 290 341 596 504 13 486 545 598 320 496 355 594 548 567 496 90 117 486
split_gain=3078.59 3230.85 3729.26 5379.1 2716.48 4155.61 5916.56 5276.34 3408.93 3187.82 4796.36 5420.52 4691.46 4998.9 3037.91 4147.1 3031.47 2493.16 4145.71 6319.63 4764.23 2419.13 2396.23 2386.52 3715.44 3748.92 9581.09 3313.15 2598.16 2488.99
threshold=286.50000000000006 2.5000000000000004 61.500000000000007 6.5000000000000009 221.94999694824222 205.94999694824222 10.500000000000002 130.34999847412112 24.500000000000004 16.500000000000004 6.5000000000000009 20.000000000000004 5.5000000000000009 13.500000000000002 203.05000305175784 280.50000000000006 10.500000000000002 268.50000000000006 203.05000305175784 185.15000152587893 13.500000000000002 167.50000000000003 6.5000000000000009 144.05000305175784 140.84999847412112 135.84999847412112 113.50000000000001 29.500000000000004 10.500000000000002 145.50000000000003
decision_type=2 2 2 2 8 8 2 10 2 2 2 2 2 2 10 2 2 2 8 10 2 2 2 10 8 8 2 2 2 2
left_child=1 -1 4 -4 14 6 16 -8 9 10 -7 12 -12 -14 15 17 -6 18 23 20 -20 -2 -16 24 29 28 -27 -25 -26 -3
right_child=21 2 3 -5 5 8 7 -9 -10 -11 11 -13 13 -15 22 -17 -18 -19 19 -21 -22 -23 -24 27 25 26 -28 -29 -30 -31
leaf_value=-0.01687168359550607 0.014926490688357141 -0.0012087466865815021 -0.025611059598554774 0.087835552205883918 0.05019042457713075 -0.0020747797676237811 0.034938022456119128 0.16257753801850008 -0.032449567176572124 -0.019548067556702922 -0.014003740889779662 0.11016159641297994 0.023287854923786037 0.12485542889257455 0.0061727660131749218 0.064392778650927296 -0.046241733487656748 -0.047833884582792897 -0.025096648773886676 0.1257051805722266 0.065631476892208968 -0.053287795801775326 -0.064672804094848976 -0.023794224199656447 -0.025459470422960657 0.16172828393642233 0.016555625209835785 0.035574505044275125 0.037376727653054526 -0.064289433724236525
leaf_weight=2323 187 9436 167 307 171 1172 171 166 499 622 426 251 385 187 194 257 167 287 360 162 257 478 339 2063 397 163 427 276 299 165
leaf_count=2323 187 9436 167 307 171 1172 171 166 499 622 426 251 385 187 194 257 167 287 360 162 257 478 339 2063 397 163 427 276 299 165
internal_value=5.98021e-05 0.00108805 0.00319921 0.0478163 0.00210215 0.0135258 0.0501422 0.0978807 0.00654117 0.0129427 0.0212999 0.0432524 0.026401 0.0565338 -0.0010904 0.000291026 0.00247532 -0.000860011 0.00010093 0.0361961 0.0126563 -0.0340703 -0.0388425 -0.00202326 0.00114468 0.026845 0.0567025 -0.0167787 0.001501 -0.00229528
internal_weight=22761 22096 19773 474 19299 4217 675 337 3542 3043 2421 1249 998 572 15082 14549 338 14292 14005 779 617 665 533 13226 10887 1286 590 2339 696 9601
internal_count=22761 22096 19773 474 19299 4217 675 337 3542 3043 2421 1249 998 572 15082 14549 338 14292 14005 779 617 665 533 13226 10887 1286 590 2339 696 9601
is_linear=0
shrinkage=0.0161


Tree=218
num_leaves=31
num_cat=0
split_feature=284 34 359 29 533 59 513 572 565 510 506 219 239 104 547 480 551 524 417 412 194 516 563 559 430 144 155 517 520 173
split_gain=2884.69 2432.53 3348.37 3978.7 2967.62 2985.41 2852.76 4519.92 3866.96 3016.54 3803.11 3306.52 6123.58 3319.21 2799.36 8122.7 3032.15 4144.44 2919.15 2463.78 2432.59 3043.09 2259.6 2147.91 2114.84 2176.26 1924.27 1877.92 3885.12 5258.99
threshold=1.0000000180025095e-35 6.5000000000000009 35.500000000000007 5.5000000000000009 125.50000000000001 24.500000000000004 317.50000000000006 224.44999694824222 238.25000000000003 107.50000000000001 65.500000000000014 6.5000000000000009 4.5000000000000009 5.5000000000000009 186.44999694824222 226.50000000000003 158.65000152587893 138.50000000000003 20.000000000000004 5.5000000000000009 8.0000000000000018 84.500000000000014 106.85000228881837 215.15000152587893 6.5000000000000009 10.500000000000002 35.500000000000007 64.500000000000014 89.500000000000014 10.500000000000002
decision_type=2 2 2 2 2 2 2 10 10 2 2 2 2 2 10 2 10 2 2 2 2 2 10 8 2 2 2 2 2 2
left_child=-1 14 6 -4 19 -6 7 8 9 10 22 20 -13 -14 15 16 -2 -18 -16 -5 -12 -22 26 -9 -15 -26 -3 -11 29 -29
right_child=1 2 3 4 5 -7 -8 23 -10 27 11 12 13 24 18 -17 17 -19 -20 -21 21 -23 -24 -25 25 -27 -28 28 -30 -31
leaf_value=-0.035810441241861231 -0.0088287009906129581 0.00072835086289054678 0.079772934147499031 -0.013762334062533046 0.022920768344489608 -0.069879956603762727 0.060431836750646305 -0.021468644975676326 0.069290785268789096 -0.051358452619741105 -0.01630794970053083 0.11556895587961157 0.080698777460147503 0.052916131635042149 -0.048206738730815699 0.084264124835852078 0.085022108516362563 -0.0039510502094038114 0.025392024703325231 0.061241688048645611 -0.0045292842120875599 0.089405033828969527 -0.042794878134489525 -0.092073227709118299 -0.047234468442651861 0.026532850606179031 0.044611334051390464 -0.0072988016318543472 -0.013574520082317271 0.097477537134388587
leaf_weight=594 7626 4480 312 166 182 177 213 309 224 262 559 253 203 171 701 266 217 361 174 356 200 161 293 176 232 187 275 314 3074 205
leaf_count=594 7626 4480 312 166 182 177 213 309 224 262 559 253 203 171 701 266 217 361 174 356 200 161 293 176 232 187 275 314 3074 205
internal_value=-0.000793128 0.000137355 0.00464662 0.0303516 0.0128227 -0.0227678 0.00204382 0.000967622 0.00307301 0.00170616 0.00799604 0.0269931 0.0465772 0.0245363 -0.00612532 -0.00329001 -0.00613167 0.0294116 -0.0335442 0.0373447 0.00470124 0.0372987 0.000592755 -0.0471386 0.00517272 -0.0142559 0.00327122 -0.00973189 -0.00668995 0.0340415
internal_weight=22923 22329 12984 1193 881 359 11791 11578 11093 10869 7014 1966 1046 793 9345 8470 8204 578 875 522 920 361 5048 485 590 419 4755 3855 3593 519
internal_count=22923 22329 12984 1193 881 359 11791 11578 11093 10869 7014 1966 1046 793 9345 8470 8204 578 875 522 920 361 5048 485 590 419 4755 3855 3593 519
is_linear=0
shrinkage=0.0161


Tree=219
num_leaves=31
num_cat=0
split_feature=499 461 45 225 541 588 514 558 530 497 473 520 543 555 395 255 227 485 542 586 545 503 569 24 573 432 337 454 412 377
split_gain=3787.74 3340.52 2895.29 3867.74 3358.4 13063.6 4302.58 6880.96 3820.73 3988.31 7962.14 4474.58 3254.53 4773.56 3215.37 3187.8 3602.31 2968.13 2813.9 3123.74 2376.41 2369.13 2150.39 2140.44 2531.25 2162.25 2919.21 2122.61 2054.65 2714.65
threshold=341.50000000000006 3.5000000000000004 73.500000000000014 8.0000000000000018 193.75000000000003 157.84999847412112 222.50000000000003 197.65000152587893 140.50000000000003 91.500000000000014 4.5000000000000009 82.500000000000014 160.44999694824222 186.44999694824222 20.000000000000004 16.500000000000004 13.500000000000002 244.50000000000003 176.25000000000003 197.65000152587893 183.15000152587893 215.50000000000003 124.95000076293947 6.5000000000000009 189.94999694824222 6.5000000000000009 8.0000000000000018 8.0000000000000018 10.500000000000002 10.500000000000002
decision_type=2 2 2 2 10 8 2 8 2 2 2 2 10 10 2 2 2 2 8 8 10 2 10 2 10 2 2 2 2 2
left_child=1 -1 3 12 8 -6 7 -7 9 14 -11 -12 13 21 -5 16 -16 -8 19 27 -14 -3 -4 24 -22 -25 -27 -10 29 -13
right_child=-2 2 22 4 5 6 17 -9 18 10 11 28 20 -15 15 -17 -18 -19 -20 -21 23 -23 -24 25 -26 26 -28 -29 -30 -31
leaf_value=-0.012831338286234792 0.072566215297844905 -0.0018867522225231004 -0.003362043995218137 -0.00067491296979342434 0.16890199693857449 -0.014806541015282351 0.027904895852484658 0.1081985566327468 0.01906459046118052 0.11605858719706369 0.077743739655464814 -0.015066451144088592 -0.047207396599943378 0.068049510069332728 0.026382890818286191 -0.016169951853325617 0.1174118804833932 -0.061914332963978844 -0.038468887459350905 0.048991720606291783 0.070166336399888257 0.048108814919502571 -0.082324479349953739 -0.064855229151129082 -0.015921833001602752 0.044985581530542822 -0.039789739927595963 -0.041158039823816508 -0.028024352967694982 0.069065140049823073
leaf_weight=4166 189 8487 183 2851 170 233 162 238 266 279 252 209 641 272 301 197 181 231 662 288 166 253 176 228 189 184 246 352 366 189
leaf_count=4166 189 8487 183 2851 170 233 162 238 266 279 252 209 641 272 301 197 181 231 662 288 166 253 176 228 189 184 246 352 366 189
internal_value=0.00079007 0.000189255 0.00313025 0.00402978 0.0129508 0.0398772 0.0144632 0.0472989 0.00859208 0.0156896 0.0398604 0.0189128 -0.00217995 0.00162762 0.00681575 0.0383024 0.0606148 -0.0248297 -0.0132332 0.0051801 -0.0229402 -0.000436819 -0.042139 -0.00756124 0.0242672 -0.0247689 -0.00345905 -0.0151989 -0.000461374 0.0248263
internal_weight=22807 22618 18452 18093 7427 1034 864 471 6393 4825 1295 1016 10666 9012 3530 679 482 393 1568 906 1654 8740 359 1013 355 658 430 618 764 398
internal_count=22807 22618 18452 18093 7427 1034 864 471 6393 4825 1295 1016 10666 9012 3530 679 482 393 1568 906 1654 8740 359 1013 355 658 430 618 764 398
is_linear=0
shrinkage=0.0161


Tree=220
num_leaves=31
num_cat=0
split_feature=5 557 547 501 0 236 511 594 275 511 540 510 534 265 539 63 178 530 540 595 377 499 517 213 500 572 53 192 248 512
split_gain=3050.97 2861.8 4588.89 7560 2890.52 3478.23 3075.62 9680.42 3962.76 4472.7 3673.18 2483.53 4874.32 4182.69 3484.92 4721.44 3413.51 2428.1 2380.52 1979.15 1969.04 2332.48 3327.8 2407.75 4431.1 2803.87 2089.8 1945.49 2318.18 2015.11
threshold=2.5000000000000004 260.05000305175787 251.25000000000003 195.50000000000003 29.500000000000004 8.0000000000000018 212.50000000000003 153.34999847412112 16.500000000000004 248.50000000000003 209.25000000000003 106.50000000000001 104.50000000000001 8.0000000000000018 96.500000000000014 8.0000000000000018 35.500000000000007 217.50000000000003 178.05000305175784 133.05000305175784 10.500000000000002 198.50000000000003 198.50000000000003 10.500000000000002 108.50000000000001 110.25000000000001 24.500000000000004 10.500000000000002 10.500000000000002 57.500000000000007
decision_type=2 10 10 2 2 2 2 10 2 2 10 2 2 2 2 2 2 2 8 10 2 2 2 2 2 8 2 2 2 2
left_child=19 2 4 -4 5 20 10 -8 9 -9 11 12 16 -14 15 -13 27 18 -16 -1 -2 22 23 26 25 -25 -22 28 -7 -29
right_child=1 -3 3 -5 -6 6 7 8 -10 -11 -12 14 13 -15 17 -17 -18 -19 -20 -21 21 -23 -24 24 -26 -27 -28 29 -30 -31
leaf_value=-0.0082364321218483163 -0.0065673707199954126 -0.045639251166816601 -0.0076417780580543618 0.13967086084186284 -0.015264738972632468 -0.00053731490587524439 0.15374912601386351 0.10250005980460822 -0.043598754788045931 -0.0048574239221645145 0.068835647931776461 0.092395288461737349 0.014232085274475899 0.098316823827628561 -0.011779673948075846 -0.017070165318325243 0.063392219843126429 0.019615207849381842 -0.05900471604795611 -0.041327366040368491 -0.0078212407372578001 -0.030058253555632772 0.0726263645349641 0.034230291844523253 0.084366618086206727 -0.02843909862127196 0.048502699403328096 -0.0012629867273394233 0.034801236246924494 -0.050518661264563301
leaf_weight=2114 6771 314 196 167 2162 1540 163 182 205 224 259 188 312 303 685 223 254 313 466 603 1765 370 223 446 268 316 189 703 699 311
leaf_count=2114 6771 314 196 167 2162 1540 163 182 205 224 259 188 312 303 685 223 254 313 466 603 1765 370 223 446 268 316 189 703 699 311
internal_value=0.000427972 0.00258171 0.00334365 0.0600653 0.00228871 0.00447389 0.0132131 0.0434971 0.014046 0.0432104 0.00946257 0.00689442 0.0138844 0.0556975 -0.00845976 0.0329444 0.00654519 -0.0200995 -0.0309199 -0.0155892 -0.00146089 0.00819873 0.0126199 0.00812759 0.0280487 0.00821052 -0.00236128 0.00209923 0.0104846 -0.0163932
internal_weight=22934 20217 19903 363 19540 17378 7030 774 611 406 6256 5997 4122 615 1875 411 3507 1464 1151 2717 10348 3577 3207 2984 1030 762 1954 3253 2239 1014
internal_count=22934 20217 19903 363 19540 17378 7030 774 611 406 6256 5997 4122 615 1875 411 3507 1464 1151 2717 10348 3577 3207 2984 1030 762 1954 3253 2239 1014
is_linear=0
shrinkage=0.0161


Tree=221
num_leaves=31
num_cat=0
split_feature=533 509 430 477 463 296 516 201 135 347 87 275 66 230 140 361 260 162 140 276 11 157 330 362 123 146 368 74 564 556
split_gain=2401.53 3584.24 11664.3 4696.35 2805.86 2850.07 2786.41 2694.26 2678.11 3197.59 2853.72 3020.44 3355.67 2930.03 4553.35 2590.34 2188.52 2610.45 2361.25 3846.28 2506.92 3668.68 3986.8 4047.33 4834.27 3046.83 2922.88 2708.17 2183.87 2653.9
threshold=296.50000000000006 253.50000000000003 24.500000000000004 5.5000000000000009 2.5000000000000004 87.000000000000014 191.50000000000003 43.500000000000007 87.000000000000014 29.500000000000004 1.0000000180025095e-35 4.5000000000000009 35.500000000000007 43.500000000000007 8.0000000000000018 6.5000000000000009 35.500000000000007 1.0000000180025095e-35 29.500000000000004 13.500000000000002 6.5000000000000009 5.5000000000000009 6.5000000000000009 3.5000000000000004 5.5000000000000009 43.500000000000007 8.0000000000000018 16.500000000000004 218.75000000000003 209.25000000000003
decision_type=2 2 2 2 2 2 2 2 2 2 2 2 2 2 2 2 2 2 2 2 2 2 2 2 2 2 2 2 10 10
left_child=1 4 3 -3 -1 7 -2 8 9 10 -6 -12 13 16 -15 -5 17 -13 20 -20 21 -19 23 -23 -25 28 -26 -24 29 -22
right_child=6 2 -4 15 5 -7 -8 -9 -10 -11 11 12 -14 14 -16 -17 -18 18 19 -21 25 22 27 24 26 -27 -28 -29 -30 -31
leaf_value=-0.016891663261584235 0.017777984051946007 0.071015631837593393 0.15215041105570196 0.029188201160898822 -0.024044321490392481 0.063565110532510544 -0.06243917551428993 -0.028303155010530105 0.05980333076141077 -0.019102844764847388 -0.0050775577710461687 -0.035302153548722723 -0.018408696888713202 0.0050170696490461422 0.1193270997211219 -0.044032752295597381 -0.022647869777756093 0.0052410597389710468 0.012409019849481853 0.10334612503674613 0.0023303015496626165 0.0013360479211767789 0 0.13177794756377292 0.089923912467457678 0.063576803669204235 -0.0020867435915625059 0.060486552066015373 -0.053810444480447937 0.066828479152204523
leaf_weight=2237 172 206 172 190 872 194 321 753 211 1671 4571 277 947 195 169 366 460 1548 303 201 4323 203 703 297 178 223 179 264 171 172
leaf_count=2237 172 206 172 190 872 194 321 753 211 1671 4571 277 947 195 169 366 460 1548 303 201 4323 203 703 297 178 223 179 264 171 172
internal_value=0.00074013 0.0015197 0.0323901 0.00532676 0.000166328 0.00216697 -0.0344049 0.0015352 0.00277524 0.00210271 0.00428393 0.00589117 0.0105302 0.0133103 0.0581542 -0.0189689 0.01159 0.0133344 0.0148741 0.0487223 0.0128062 0.0234877 0.0389604 0.0642541 0.0837477 0.00543423 0.0437238 0.0165196 0.00265041 0.00480354
internal_weight=22749 22256 934 762 21322 19085 493 18891 18138 17927 16256 15384 10813 9866 364 556 9502 9042 8765 504 8261 3372 1824 857 654 4889 357 967 4666 4495
internal_count=22749 22256 934 762 21322 19085 493 18891 18138 17927 16256 15384 10813 9866 364 556 9502 9042 8765 504 8261 3372 1824 857 654 4889 357 967 4666 4495
is_linear=0
shrinkage=0.0161


Tree=222
num_leaves=31
num_cat=0
split_feature=280 478 272 176 85 323 597 536 478 290 589 544 275 17 267 114 303 422 412 192 89 159 346 536 578 554 511 598 378 593
split_gain=3056.77 3230.22 5070.1 3942.96 6115.05 3181.36 2700.02 5498.5 3839.5 2691.02 4383.97 4127.07 2636.5 4115.6 2696.87 2622.85 4667.91 3131.71 2701.68 3069.5 3445.97 2910.04 3458.03 2493.01 2482.52 2428.24 2245.49 2363.38 2843.42 3698.99
threshold=3.5000000000000004 29.500000000000004 5.5000000000000009 24.500000000000004 10.500000000000002 35.500000000000007 200.34999847412112 159.50000000000003 73.500000000000014 5.5000000000000009 228.75000000000003 244.44999694824222 5.5000000000000009 52.000000000000007 35.500000000000007 29.500000000000004 8.0000000000000018 29.500000000000004 16.500000000000004 3.5000000000000004 10.500000000000002 20.000000000000004 10.500000000000002 222.50000000000003 160.44999694824222 210.94999694824222 97.500000000000014 117.85000228881837 10.500000000000002 175.25000000000003
decision_type=2 2 2 2 2 2 10 2 2 2 10 10 2 2 2 2 2 2 2 2 2 2 2 2 8 10 2 10 2 8
left_child=-1 5 24 6 -5 9 7 8 -4 25 11 12 23 14 15 17 -17 18 19 20 -14 22 -20 -11 -3 26 -2 -28 -29 -30
right_child=1 2 3 4 -6 -7 -8 -9 -10 10 -12 -13 13 -15 -16 16 -18 -19 21 -21 -22 -23 -24 -25 -26 -27 27 28 29 -31
leaf_value=-0.011732870115654454 -0.001326755919781005 0.010853782779230032 -0.00092018406940662747 0.14344628449323202 0.012996172778096565 -0.025134049587148377 -0.038683404747212977 0.11255985150837007 0.085733058380661004 -0.0061553604388145866 -0.037650890323837699 0.087086970292136578 0.0150021406596646 0.08102137212358608 -0.029421848976221191 0.10207318082441448 0.0038881958396101766 -0.027875072860136588 0.027714650641047681 0.0014193991159055187 0.10424165907454983 -0.0092801924785651246 0.10135269543568183 0.058923075241920947 -0.068783764056394164 0.044175179131805818 -0.049741497431181336 -0.029898219572401939 0.062791293849154786 -0.033185348317444928
leaf_weight=4561 3875 203 747 194 180 1156 169 177 161 2907 513 180 332 241 362 241 263 455 413 2362 170 225 277 161 202 240 585 696 250 178
leaf_count=4561 3875 203 747 194 180 1156 169 177 161 2907 513 180 332 241 362 241 263 455 413 2362 170 225 277 161 202 240 585 696 250 178
internal_value=4.65622e-05 0.00301369 0.0221356 0.0348235 0.0807257 0.000594938 0.0211146 0.0304505 0.0144186 0.00258919 0.00805863 0.0107915 0.00915553 0.0159887 0.012911 0.0161504 0.0508845 0.0120102 0.0168187 0.00911365 0.0452696 0.0409102 0.0573107 -0.00273256 -0.0288086 -0.00595463 -0.00811342 -0.0234878 -0.00980278 0.0228208
internal_weight=22676 18115 2033 1628 374 16082 1254 1085 908 14926 9102 8589 8409 5341 5100 4738 504 4234 3779 2864 502 915 690 3068 405 5824 5584 1709 1124 428
internal_count=22676 18115 2033 1628 374 16082 1254 1085 908 14926 9102 8589 8409 5341 5100 4738 504 4234 3779 2864 502 915 690 3068 405 5824 5584 1709 1124 428
is_linear=0
shrinkage=0.0161


Tree=223
num_leaves=31
num_cat=0
split_feature=235 108 529 351 514 566 437 376 53 148 577 510 512 504 577 532 564 299 584 102 249 526 442 491 288 203 230 535 515 87
split_gain=3162.9 4841.17 3873.34 3740.02 5943.81 3150.99 3355.59 2785.78 2625.16 2743.62 2868.06 6022.09 2447.19 2436.27 3033.59 3159.34 2404.46 2953.62 2382.74 2344.76 2648.47 3443.42 4977.56 2367.96 2272.18 2879.27 3329.86 3996.29 8656.6 4940
threshold=13.500000000000002 24.500000000000004 154.50000000000003 29.500000000000004 118.50000000000001 264.34999084472662 87.000000000000014 6.5000000000000009 43.500000000000007 29.500000000000004 221.94999694824222 227.50000000000003 68.500000000000014 288.50000000000006 251.25000000000003 153.50000000000003 187.55000305175784 6.5000000000000009 210.94999694824222 8.0000000000000018 10.500000000000002 68.500000000000014 10.500000000000002 20.500000000000004 4.5000000000000009 29.500000000000004 5.5000000000000009 104.50000000000001 85.500000000000014 4.5000000000000009
decision_type=2 2 2 2 2 10 2 2 2 2 10 2 2 2 10 2 10 2 10 2 2 2 2 2 2 2 2 2 2 2
left_child=5 3 7 8 -5 6 13 -3 9 10 11 19 -11 14 15 24 17 -17 -18 -2 23 -22 -23 -21 -1 26 -26 -28 -29 -30
right_child=1 2 -4 4 -6 -7 -8 -9 -10 12 -12 -13 -14 -15 -16 16 18 -19 -20 20 21 22 -24 -25 25 -27 27 28 29 -31
leaf_value=-0.010097740730164813 -0.002009018399160492 0.041747380811005735 -0.061424262781019145 0.010931835515874689 0.10818777192776143 -0.067843188339335128 0.065009121313003307 -0.022270804203116328 0.057488736982657558 0.012478895065550869 -0.040263810814997157 0.0993517723404721 -0.053055534935241767 0.045075950132984273 0.058962102328588534 -0.033228295368757668 -0.063015801989731279 0.0071617289034779418 -0.0050696523168945271 0.057925399226350607 0.0050780189038178332 0.13566103081165565 0.016327195963489749 -0.005600880042436935 -0.0057803969137165878 -0.029051439975407357 0.0075742948030890211 0.1282419603732021 0.087968263568524857 -0.0060968936136658368
leaf_weight=4484 1471 284 374 373 290 189 193 464 311 272 231 222 322 274 200 816 534 1103 282 196 242 207 162 677 3249 630 3625 240 193 577
leaf_count=4484 1471 284 374 373 290 189 193 464 311 272 231 222 322 274 200 816 534 1103 282 196 242 207 162 677 3249 630 3625 240 193 577
internal_value=0.00116639 0.0110822 -0.0191177 0.0178965 0.0535076 -0.00247716 -0.00172243 0.0020041 0.0124168 0.00890832 0.0144779 0.0184656 -0.0230069 -0.00251855 -0.00333851 -0.00413198 -0.0198605 -0.0100007 -0.0430191 0.0123809 0.0266606 0.0523777 0.0833344 0.00863465 -0.000820613 0.00406253 0.00671161 0.0154732 0.0438 0.0174499
internal_weight=22687 6098 1122 4976 663 16589 16400 748 4313 4002 3408 3177 594 16207 15933 15733 2735 1919 816 2955 1484 611 369 873 12998 8514 7884 4635 1010 770
internal_count=22687 6098 1122 4976 663 16589 16400 748 4313 4002 3408 3177 594 16207 15933 15733 2735 1919 816 2955 1484 611 369 873 12998 8514 7884 4635 1010 770
is_linear=0
shrinkage=0.0161


Tree=224
num_leaves=31
num_cat=0
split_feature=235 56 60 379 120 551 176 29 563 594 547 379 106 242 34 53 572 482 329 476 499 17 406 189 412 490 122 294 469 46
split_gain=3676.7 4403.9 3609.35 4069.67 4469.05 6115.12 5079.11 3980.96 2994.19 4251.56 4679.79 4045.67 4523.59 8206.83 2893.23 2793.67 2799.68 2580.65 2570 3883.08 2433.02 2705.64 2677.32 2392.63 2323.58 2319.07 2148.8 3452.65 2179.33 3209.03
threshold=16.500000000000004 3.5000000000000004 6.5000000000000009 6.5000000000000009 13.500000000000002 231.15000152587893 24.500000000000004 6.5000000000000009 203.05000305175784 150.65000152587893 240.75000000000003 6.5000000000000009 16.500000000000004 6.5000000000000009 10.500000000000002 29.500000000000004 255.05000305175784 257.50000000000006 10.500000000000002 10.500000000000002 269.50000000000006 4.5000000000000009 10.500000000000002 8.0000000000000018 8.0000000000000018 180.50000000000003 16.500000000000004 16.500000000000004 13.500000000000002 10.500000000000002
decision_type=2 2 2 2 2 8 2 2 8 8 10 2 2 2 2 2 8 2 2 2 2 2 2 2 2 2 2 2 2 2
left_child=8 -2 -3 -4 5 6 24 -6 15 -10 11 12 18 -14 -9 16 17 -1 -11 -20 21 22 -13 -16 -5 -23 27 28 29 -17
right_child=1 2 3 4 7 -7 -8 14 9 10 -12 20 13 -15 23 26 -18 -19 19 -21 -22 25 -24 -25 -26 -27 -28 -29 -30 -31
leaf_value=-0.0086455043475443215 0.095244981113802418 -0.010149617851296295 -0.0034940075780089674 0.054439297100433263 0.086131779037623896 0.14691806734910559 0.11123504525389753 -0.031597949736464341 0.068450130631917294 -0.0075721055537264614 0.081981015271753291 0.043651179409163209 -0.0072708288780785066 0.14509108035094642 -0.013945633191019043 -0.0077135029769964635 0.04140164155567045 -0.06124652323389923 0.076204072231256179 -0.017148135679915147 0.030974873609320192 -0.019216946155102957 -0.03223183952874286 0.05605956394676815 -0.019474340166799456 -0.066230531020534653 -0.020916952715634825 0.079919860689949399 -0.036476698090193743 0.085504739403096081
leaf_weight=11786 165 1472 1140 188 166 178 185 407 289 1067 194 296 182 184 222 233 284 247 278 197 280 1133 203 293 266 359 275 258 185 162
leaf_count=11786 165 1472 1140 188 166 178 185 407 289 1067 194 296 182 184 222 233 284 247 278 197 280 1133 203 293 266 359 275 258 185 162
internal_value=0.000811984 0.0135291 0.0105389 0.0205478 0.0349474 0.0634123 0.0401141 0.013551 -0.00247776 0.00863675 0.00467846 0.00108425 0.0183719 0.0692621 0.000457791 -0.00633774 -0.00854638 -0.0097272 0.00627759 0.0374379 -0.0134297 -0.0196863 0.0127338 0.0258369 0.0110812 -0.030545 0.018083 0.0309095 0.00906769 0.0304582
internal_weight=22774 4682 4517 3045 1905 817 639 1088 18092 4662 4373 4179 1908 366 922 13430 12317 12033 1542 475 2271 1991 499 515 454 1492 1113 838 580 395
internal_count=22774 4682 4517 3045 1905 817 639 1088 18092 4662 4373 4179 1908 366 922 13430 12317 12033 1542 475 2271 1991 499 515 454 1492 1113 838 580 395
is_linear=0
shrinkage=0.0161


Tree=225
num_leaves=31
num_cat=0
split_feature=367 288 38 438 282 488 314 590 590 534 66 587 538 524 75 358 282 26 191 217 235 276 399 599 483 458 353 458 222 400
split_gain=3350.89 3384.9 2736.31 4623.09 3777.12 3731.78 3443.13 3759.14 3944.49 4850.12 3199.86 3660.26 5440.85 3529.36 3517.31 2814.69 4327.99 5156.28 3437.51 2879.79 2845.23 2617.87 3392.94 2916.83 2675.66 2500.79 2449.16 2411.26 2258.51 2239.48
threshold=3.5000000000000004 3.5000000000000004 10.500000000000002 73.500000000000014 35.500000000000007 283.50000000000006 52.000000000000007 205.94999694824222 175.25000000000003 202.50000000000003 10.500000000000002 135.84999847412112 177.50000000000003 278.50000000000006 52.000000000000007 5.5000000000000009 13.500000000000002 10.500000000000002 16.500000000000004 29.500000000000004 3.5000000000000004 8.0000000000000018 20.000000000000004 118.54999923706056 71.500000000000014 10.500000000000002 29.500000000000004 43.500000000000007 24.500000000000004 13.500000000000002
decision_type=2 2 2 2 2 2 2 10 10 2 2 10 2 2 2 2 2 2 2 2 2 2 2 10 2 2 2 2 2 2
left_child=27 28 10 4 5 6 7 8 15 -10 13 12 26 14 -3 16 19 -18 21 20 -4 24 23 25 -17 -23 -12 -1 -2 -9
right_child=1 2 3 -5 -6 -7 -8 29 9 -11 11 -13 -14 -15 -16 18 17 -19 -20 -21 -22 22 -24 -25 -26 -27 -28 -29 -30 -31
leaf_value=-0.014478138170727513 -0.0070868012362259539 0.0038950073884398946 0.05481065436587599 0.096316586517961211 -0.027711164058329855 0.081600531405283366 0.079498611318829501 -0.061054565995687426 0.021096020025104145 0.12953579007824859 -0.0115117926079216 -0.034176087607586399 0.090709049596648175 0.082308642193232168 0.075924659630559846 0.017868901327803631 0.021576962614124152 0.14049863108406849 -0.025959457204719084 0.073628535303426154 -0.0098098039587495977 0.065497496767094543 0.077844223746581578 -0.033270275834410112 -0.037564276016912958 0.00035323924648569544 0.045296596329506965 0.046154266436338361 -0.056238607016042393 0.010526135955738427
leaf_weight=4211 3117 4461 222 175 555 218 199 281 299 167 2006 1166 162 166 183 486 211 172 850 176 863 297 277 250 421 316 218 177 263 189
leaf_count=4211 3117 4461 222 175 555 218 199 281 299 167 2006 1166 162 166 183 486 211 172 850 176 863 297 277 250 421 316 218 177 263 189
internal_value=0.000611835 0.00363279 0.00691627 0.0146461 0.0124263 0.0162098 0.0136941 0.0112989 0.0153886 0.060008 0.000790205 -0.0107964 0.000618972 0.00935138 0.00673845 0.0108046 0.0276316 0.0750445 0.00124745 0.0132123 0.00339039 0.0125564 0.0288011 0.0130322 -0.00783543 0.0319542 -0.00593276 -0.012027 -0.0109183 -0.0322199
internal_weight=22754 18366 14986 6624 6449 5894 5676 5477 5007 466 8362 3552 2386 4810 4644 4541 1644 383 2897 1261 1085 2047 1140 863 907 613 2224 4388 3380 470
internal_count=22754 18366 14986 6624 6449 5894 5676 5477 5007 466 8362 3552 2386 4810 4644 4541 1644 383 2897 1261 1085 2047 1140 863 907 613 2224 4388 3380 470
is_linear=0
shrinkage=0.0161


Tree=226
num_leaves=31
num_cat=0
split_feature=454 598 575 346 60 499 596 517 388 226 343 476 438 552 558 298 530 257 292 57 18 413 529 510 521 578 580 259 538 535
split_gain=3317.81 3421.56 5655.69 7459.92 5598.68 4462.83 3713.25 3712.1 9026.05 6247.83 4975.21 4019.03 2885.48 3124.91 3069.98 3231.94 2770.72 2751.38 4054.03 4352.74 3564.44 3082.63 4045.06 2563.18 4792.07 2542.26 2424.06 2314.32 2232.58 3951.85
threshold=4.5000000000000009 220.15000152587893 207.44999694824222 10.500000000000002 10.500000000000002 191.50000000000003 203.05000305175784 96.500000000000014 13.500000000000002 8.0000000000000018 16.500000000000004 8.0000000000000018 8.0000000000000018 231.15000152587893 240.75000000000003 52.000000000000007 183.50000000000003 16.500000000000004 8.0000000000000018 3.5000000000000004 24.500000000000004 16.500000000000004 137.50000000000003 36.500000000000007 27.500000000000004 235.84999847412112 187.55000305175784 8.0000000000000018 112.50000000000001 176.50000000000003
decision_type=2 8 8 2 2 2 10 2 2 2 2 2 2 10 8 2 2 2 2 2 2 2 2 2 2 10 10 2 2 2
left_child=-1 6 3 16 -5 7 12 23 10 -10 11 -9 28 14 15 17 -3 18 -14 -20 21 22 -21 24 -4 -7 -8 -25 -2 -30
right_child=1 2 5 4 -6 25 26 8 9 -11 -12 -13 13 -15 -16 -17 -18 -19 19 20 -22 -23 -24 27 -26 -27 -28 -29 29 -31
leaf_value=-0.010232075746501781 -0.00023249833644512695 0.047463140314254297 -0.0057393361460116804 0.17454701266716144 0.04533278980533148 -0.048720198548117134 -0.0065502278788444517 -0.0082895934225351194 0.042048657229528649 0.18285127921737415 -0.064695627325039862 0.084826463795219464 -0.004829493090901092 0.073194495476885862 0.060209804217936161 0.074636868726286221 -0.040862692175167747 -0.01435120738077759 0.090314009952636692 0.0061088928988091117 0.078346317974874402 -0.028687151386170534 0.098009796454316581 0.0039897346160740763 0.073868459559356364 0.02106270932601147 -0.073013312342628547 -0.054834458307237439 -0.039249012524851933 0.012279354914329894
leaf_weight=6115 4440 202 599 177 172 486 279 261 168 160 180 222 1991 193 271 166 169 1705 257 557 213 410 160 411 291 187 292 299 1141 582
leaf_count=6115 4440 202 599 177 172 486 279 261 168 160 180 222 1991 193 271 166 169 1705 257 557 213 410 160 411 291 187 292 299 1141 582
internal_value=-8.97242e-05 0.00363583 0.0166483 0.0574963 0.110933 0.00763049 -0.000458199 0.0172309 0.0417185 0.110805 0.00750468 0.0344604 0.00143538 0.00946148 0.00731069 0.00468032 0.00716502 0.00248189 0.0104875 0.029598 0.0179357 0.00649733 0.0266496 0.00204913 0.0202633 -0.0292953 -0.0405796 -0.0207496 -0.00627435 -0.0218299
internal_weight=22756 16641 3984 720 349 3264 12657 2591 991 328 663 483 12086 5923 5730 5459 371 5293 3588 1597 1340 1127 717 1600 890 673 571 710 6163 1723
internal_count=22756 16641 3984 720 349 3264 12657 2591 991 328 663 483 12086 5923 5730 5459 371 5293 3588 1597 1340 1127 717 1600 890 673 571 710 6163 1723
is_linear=0
shrinkage=0.0161


Tree=227
num_leaves=31
num_cat=0
split_feature=500 480 374 225 103 359 444 174 193 436 226 235 244 179 11 567 20 282 321 2 31 447 8 449 319 550 579 453 468 489
split_gain=3633.52 3111.82 2638.35 3240.04 3442.34 3231.27 4974.23 5838.1 2724.84 2687.34 3716.32 2964.54 4223.14 6460.23 3151.44 2636.98 2492.6 2873.95 3710.21 4459.53 2478.36 3069.55 2512.75 2443.74 2398.44 3213.38 2679.83 2256.85 2120.94 1965.85
threshold=341.50000000000006 341.50000000000006 4.5000000000000009 6.5000000000000009 87.000000000000014 35.500000000000007 13.500000000000002 10.500000000000002 24.500000000000004 5.5000000000000009 2.5000000000000004 13.500000000000002 16.500000000000004 10.500000000000002 6.5000000000000009 203.05000305175784 24.500000000000004 24.500000000000004 16.500000000000004 6.5000000000000009 4.5000000000000009 4.5000000000000009 16.500000000000004 43.500000000000007 20.000000000000004 147.94999694824222 213.05000305175784 5.5000000000000009 16.500000000000004 77.500000000000014
decision_type=2 2 2 2 2 2 2 2 2 2 2 2 2 2 2 10 2 2 2 2 2 2 2 2 2 10 10 2 2 2
left_child=1 2 23 15 5 8 7 -7 9 -5 -11 16 14 -14 -13 -4 17 18 20 -20 -12 -22 -23 24 26 28 -1 29 -26 -10
right_child=-2 -3 3 4 -6 6 -8 -9 27 10 11 12 13 -15 -16 -17 -18 -19 19 -21 21 22 -24 -25 25 -27 -28 -29 -30 -31
leaf_value=-0.0094500367464931279 0.071017253066424355 0.070282279915315507 -0.0025682949680096005 -0.0074762122765617469 0.080471246506793256 0.02137080344482753 -0.013443092491879798 0.13841688051083617 -0.025770650534583141 0.091385370076211517 -0.025138057258196147 0.055103699417599156 0.14559157416599514 0.016099098572575434 -0.0075447821007986644 -0.043739800327262629 -0.028221567243489603 -0.026573023107913207 0.12537901400539522 0.021636497362738309 0.066611580836873047 -0.012006930053876333 0.048114151790940224 -0.060024883626986061 0.022234656107796669 0.082445748711702821 -0.072365995324748245 -0.031127342193080155 -0.039439764039271782 0.04833261853750611
leaf_weight=5012 187 161 7291 1778 174 248 273 200 164 163 446 318 188 214 601 427 509 439 167 303 274 638 251 240 445 161 182 866 214 213
leaf_count=5012 187 161 7291 1778 174 248 273 200 164 163 446 318 188 214 601 427 509 439 167 303 274 638 251 240 445 161 182 866 214 213
internal_value=0.00034013 -0.000244669 -0.000752655 0.00268525 0.00958856 0.00809127 0.0406565 0.0736761 0.00497083 0.00927837 0.0158874 0.0130516 0.0331783 0.0767163 0.0141078 -0.00484917 0.00426049 0.0108359 0.0187465 0.0585483 0.00710547 0.0194908 0.00494116 -0.00963154 -0.00761658 0.0179611 -0.0116592 -0.0168044 0.00217113 0.0160343
internal_weight=22747 22560 22399 16145 8427 8253 721 448 7532 6289 4511 4348 1321 402 919 7718 3027 2518 2079 470 1609 1163 889 6254 6014 820 5194 1243 659 377
internal_count=22747 22560 22399 16145 8427 8253 721 448 7532 6289 4511 4348 1321 402 919 7718 3027 2518 2079 470 1609 1163 889 6254 6014 820 5194 1243 659 377
is_linear=0
shrinkage=0.0161


Tree=228
num_leaves=31
num_cat=0
split_feature=274 513 505 486 575 179 274 455 362 308 37 108 560 513 513 277 314 132 486 494 486 220 427 216 505 563 153 491 593 288
split_gain=3247.27 3340.85 3536.04 3273.36 4278.84 2547.75 3177.87 3888.39 4610.62 3289.76 2579.17 2534.44 3240.41 2620.01 4239.29 2431.62 3214.61 3033.39 2895.65 4974.51 3878.17 3136.28 2790.87 3293.45 3752.31 4166.63 2650.26 2894.75 2431.48 2376.53
threshold=43.500000000000007 317.50000000000006 334.50000000000006 272.50000000000006 187.55000305175784 2.5000000000000004 29.500000000000004 16.500000000000004 8.0000000000000018 10.500000000000002 52.000000000000007 24.500000000000004 247.34999847412112 63.500000000000007 40.500000000000007 8.0000000000000018 52.000000000000007 13.500000000000002 154.50000000000003 127.50000000000001 95.500000000000014 13.500000000000002 5.5000000000000009 24.500000000000004 55.500000000000007 107.54999923706056 4.5000000000000009 58.500000000000007 86.750000000000014 8.0000000000000018
decision_type=2 2 2 2 10 2 2 2 2 2 2 2 10 2 2 2 2 2 2 2 2 2 2 2 2 10 2 2 8 2
left_child=1 2 3 5 -5 -1 10 9 -9 -8 11 12 15 14 -13 -7 17 18 20 -20 22 29 -17 24 -24 -26 27 -19 -2 -21
right_child=28 -3 -4 4 -6 6 7 8 -10 -11 -12 13 -14 -15 -16 16 -18 26 19 21 -22 -23 23 -25 25 -27 -28 -29 -30 -31
leaf_value=-0.013660230633445508 0.029324628203380033 0.055269161341721572 0.073327822219501682 0.015133497874596825 -0.071077336229188673 -0.00076442623929609934 -0.04275027625482905 0.12984947452657461 0.017748643326425659 0.045900300235233921 -0.030741700172600254 -0.012384917289666932 0.068524142458239332 -0.026569387620824551 0.064109033062814916 -0.0018375934721973539 0.076201836272330292 -0.018665487203770585 0.1213252606741311 0.03506447155580409 -0.0201876727309982 0.074829551170423864 0.0053045525919354873 0.095769932954680392 0.12151293962651964 0.016147030357261661 -0.019058175867765412 0.062059117348066607 -0.039018495997514203 -0.050588700367534656
leaf_weight=2632 160 294 172 249 371 8466 218 184 198 216 608 704 209 1392 256 763 201 208 180 173 730 194 769 207 187 204 1261 257 850 163
leaf_count=2632 160 294 172 249 371 8466 218 184 198 216 608 704 209 1392 256 763 201 208 180 173 730 194 769 207 187 204 1261 257 850 163
internal_value=4.86643e-05 0.00136515 0.000622526 3.15424e-05 -0.036416 0.00113072 0.00330106 0.0343443 0.0718065 0.00131652 0.00182109 0.00302066 0.0055905 -0.0124539 0.00798895 0.00464682 0.012985 0.0105813 0.0190554 0.0481679 0.0118199 0.0232776 0.0228007 0.0365699 0.0259855 0.0665996 -0.00693255 0.0258994 -0.0281686 -0.00641746
internal_weight=22676 21666 21372 21200 620 20580 17948 816 382 434 17132 16524 14172 2352 960 13963 5497 5296 3570 710 2860 530 2130 1367 1160 391 1726 465 1010 336
internal_count=22676 21666 21372 21200 620 20580 17948 816 382 434 17132 16524 14172 2352 960 13963 5497 5296 3570 710 2860 530 2130 1367 1160 391 1726 465 1010 336
is_linear=0
shrinkage=0.0161


Tree=229
num_leaves=31
num_cat=0
split_feature=533 288 480 525 560 57 139 486 347 486 88 462 173 95 564 266 314 314 35 317 26 578 135 479 510 452 473 313 341 46
split_gain=2775 2646.35 2650.03 7066.95 5961.6 7614.09 3605.07 3164.02 2796.25 3012.49 2794.44 3539.09 2683.38 2555.85 2489.83 2728.24 2494.7 3047.09 2917.22 3716.63 3016.72 6404.35 2825.2 2667.73 2859.14 2340.58 2307.54 2252.13 2159.53 2671.77
threshold=299.50000000000006 3.5000000000000004 222.50000000000003 110.50000000000001 198.94999694824222 20.000000000000004 13.500000000000002 265.50000000000006 61.500000000000007 242.50000000000003 24.500000000000004 5.5000000000000009 16.500000000000004 10.500000000000002 213.05000305175784 3.5000000000000004 61.500000000000007 16.500000000000004 3.5000000000000004 35.500000000000007 4.5000000000000009 161.34999847412112 8.0000000000000018 35.500000000000007 166.50000000000003 20.000000000000004 35.500000000000007 8.0000000000000018 29.500000000000004 20.000000000000004
decision_type=2 2 2 2 8 2 2 2 2 2 2 2 2 2 10 2 2 2 2 2 2 8 2 2 2 2 2 2 2 2
left_child=1 -1 7 -4 12 6 27 8 9 10 11 26 13 -5 15 25 17 18 -17 20 21 -20 -19 24 -22 -13 -3 -6 29 -12
right_child=-2 2 3 4 5 -7 -8 -9 -10 -11 28 14 -14 -15 -16 16 -18 22 19 -21 23 -23 -24 -25 -26 -27 -28 -29 -30 -31
leaf_value=-0.011299190551871952 -0.038731068109252684 -0.0092196766772073002 0.12072989111067102 -0.045287907736298968 0.022688306411575501 0.13531356707305478 0.060993993802378875 -0.048885365232538384 -0.039655106828353784 0.068042260787900821 0.0025406641867519639 -0.015327131842690267 -0.08297983290493631 0.037470197299429485 -0.037666592912160131 -0.0051819421341875397 0.077692301107865944 0.038599574936795354 0.019853547585300557 0.084782273860900204 0.017385633011493512 0.12271336230559957 -0.014312888108944752 0.06545020817674474 -0.03531677787379256 0.039223668657945819 0.040406189281753831 -0.057321343066681865 -0.05419615894980373 -0.041450058421911636
leaf_weight=4517 498 4379 170 205 174 168 242 328 414 181 1448 1290 170 183 263 844 172 328 487 276 2397 232 1290 261 300 242 257 191 309 475
leaf_count=4517 498 4379 170 205 174 168 242 328 414 181 1448 1290 170 183 263 844 172 328 487 276 2397 232 1290 261 300 242 257 191 309 475
internal_value=-0.00114486 -0.000300385 0.00250896 0.0229585 0.0104719 0.0393757 0.0127841 0.000607076 0.00163308 0.00274233 0.00196575 0.00482085 -0.02963 -0.00619443 0.0110649 0.0126464 0.0171483 0.0155214 0.0219663 0.0277687 0.0234828 0.0530761 -0.00357196 0.0162816 0.0115146 -0.00669474 -0.00646355 -0.0191153 -0.0146759 -0.00831324
internal_weight=22691 22193 17676 1503 1333 775 607 16173 15845 15431 15250 13018 558 388 8382 8119 6587 6415 4797 3953 3677 719 1618 2958 2697 1532 4636 365 2232 1923
internal_count=22691 22193 17676 1503 1333 775 607 16173 15845 15431 15250 13018 558 388 8382 8119 6587 6415 4797 3953 3677 719 1618 2958 2697 1532 4636 365 2232 1923
is_linear=0
shrinkage=0.0161


Tree=230
num_leaves=31
num_cat=0
split_feature=533 480 540 236 321 356 446 51 412 341 504 30 308 550 567 499 262 479 191 473 399 498 455 411 416 480 480 485 458 417
split_gain=3167.07 3254.5 4027.16 4192.11 5741.26 4820.65 3902.84 7638.54 4982.21 3095.84 3118.88 4685.04 3540.45 3649.48 3022.39 3952.41 2798.29 2608.2 3126.43 2703.91 3509.71 2601.93 2143.05 3366.78 3565.04 2072.96 2072.84 3499.32 3704.54 2813.78
threshold=299.50000000000006 132.50000000000003 132.44999694824222 6.5000000000000009 35.500000000000007 4.5000000000000009 6.5000000000000009 16.500000000000004 4.5000000000000009 35.500000000000007 153.50000000000003 8.0000000000000018 16.500000000000004 203.05000305175784 164.05000305175784 221.50000000000003 24.500000000000004 5.5000000000000009 20.000000000000004 29.500000000000004 10.500000000000002 262.50000000000006 8.0000000000000018 8.0000000000000018 3.5000000000000004 166.50000000000003 98.500000000000014 29.500000000000004 16.500000000000004 16.500000000000004
decision_type=2 2 8 2 2 2 2 2 2 2 2 2 2 8 10 2 2 2 2 2 2 2 2 2 2 2 2 2 2 2
left_child=1 14 -3 4 16 -5 7 8 -7 10 11 -8 21 -14 15 17 -4 19 22 -1 -21 -12 -19 -24 -25 -10 27 -26 29 -29
right_child=-2 2 3 5 -6 6 9 -9 25 -11 12 -13 13 -15 -16 -17 -18 18 -20 20 -22 -23 23 24 26 -27 -28 28 -30 -31
leaf_value=-0.013537786588250392 -0.040465648098078226 0.083796433117338698 -0.020748331347047896 0.092537155498681745 0.079953720833243105 0.07639014543233115 0.089234800055113681 0.10697586162006383 0.035213726013989498 -0.058335189571365201 -0.038436091450897603 0.0027210748579737207 -0.0095070083006032965 0.091551226085082898 -0.038048009160769884 0.074855510276825618 0.035277220253488867 -0.00066648836889842864 -0.018987939039095816 -0.0075007672383112112 0.086068577837004112 0.033012563051143147 0.0012863926905112353 0.08330438883103583 -2.9746330584221736e-05 -0.032645789195982509 -0.019412674989321005 0.002041586541572668 0.11525710473275286 0.080267590180494688
leaf_weight=5507 484 192 2000 224 181 229 265 314 165 197 691 420 212 164 600 175 261 4421 1415 274 167 163 1965 292 546 397 261 316 189 192
leaf_count=5507 484 192 2000 224 181 229 265 314 165 197 691 420 212 164 600 175 261 4421 1415 274 167 163 1965 292 546 397 261 316 189 192
internal_value=0.000279406 0.00116104 0.0112213 0.00884873 -0.00727707 0.0202997 0.0152625 0.0397803 0.0130761 0.00242361 0.00868628 0.0362242 -0.00663076 0.034509 -0.00258239 -0.00122724 -0.0142706 -0.00208527 0.00310465 -0.0104631 0.0278792 -0.0247714 0.00692823 0.015862 0.031796 -0.0126807 0.02178 0.0304484 0.0543575 0.0316537
internal_weight=22879 22395 6075 5883 2442 3441 3217 1105 791 2112 1915 685 1230 376 16320 15720 2261 15545 9597 5948 441 854 8182 3761 1796 562 1504 1243 697 508
internal_count=22879 22395 6075 5883 2442 3441 3217 1105 791 2112 1915 685 1230 376 16320 15720 2261 15545 9597 5948 441 854 8182 3761 1796 562 1504 1243 697 508
is_linear=0
shrinkage=0.0161


Tree=231
num_leaves=31
num_cat=0
split_feature=419 503 235 363 463 143 358 301 524 515 475 215 17 3 533 594 538 516 493 15 177 106 505 450 374 177 241 268 36 532
split_gain=2619.74 4061.07 8469.04 3351.3 3135.16 3469.73 3962.79 4070 3931.06 6563.81 4121.96 3107.37 2866.15 5878.07 2815.52 2501.5 2490.93 2237.23 2224.28 2164.77 3013.68 2025.49 1928.42 3582.08 1961.06 2535.89 1893.43 1838.23 1826.65 1857.33
threshold=13.500000000000002 261.50000000000006 8.0000000000000018 35.500000000000007 6.5000000000000009 4.5000000000000009 43.500000000000007 5.5000000000000009 132.50000000000003 139.50000000000003 8.0000000000000018 16.500000000000004 52.000000000000007 10.500000000000002 108.50000000000001 163.25000000000003 69.500000000000014 157.50000000000003 69.500000000000014 20.000000000000004 13.500000000000002 73.500000000000014 214.50000000000003 10.500000000000002 52.000000000000007 8.0000000000000018 13.500000000000002 8.0000000000000018 6.5000000000000009 42.500000000000007
decision_type=2 2 2 2 2 2 2 2 2 2 2 2 2 2 2 10 2 2 2 2 2 2 2 2 2 2 2 2 2 2
left_child=12 3 -3 4 16 14 7 17 11 -10 -11 -9 15 -14 18 21 28 -7 -6 27 -21 22 24 -24 -1 -26 -5 -17 -2 -30
right_child=1 2 -4 26 5 6 -8 8 9 10 -12 -13 13 -15 -16 19 -18 -19 -20 20 -22 -23 23 -25 25 -27 -28 -29 29 -31
leaf_value=-0.0050758906596012144 -0.013484993568361178 -0.023613978895094916 0.12393031536771558 -0.0031324074698246018 -0.0064510405132732823 0.0053943647828450913 0.082389529331271083 -0.00069124054682639436 0.15105655055664702 0.09632902611452103 -0.0086335885523795806 0.063741196510584769 -0.022477529222439802 0.082836903480840995 -0.045292737177760119 -0.011959868916057657 -0.022334804068341058 -0.059584871826322251 0.063918226805002837 -0.018744953354686369 0.059735443554535132 0.051045231056827442 0.08020520214919856 -0.022372983464958727 0.076725135593579089 -0.00923619957852349 -0.055996136431749062 -0.043884399096223214 0.0094624658486150096 0.067054667035542651
leaf_weight=11962 449 183 224 375 419 611 305 737 176 161 243 263 263 287 340 920 1151 177 161 377 191 183 196 160 176 179 332 956 438 218
leaf_count=11962 449 183 224 375 419 611 305 737 176 161 243 263 263 287 340 920 1151 177 161 377 191 183 196 160 176 179 332 956 438 218
internal_value=-5.22519e-05 0.00817822 0.0575319 0.00511073 0.00911581 0.0184576 0.0277416 0.0206929 0.0356022 0.0689603 0.0331373 0.016231 -0.00366943 0.0324347 -0.00849096 -0.00496883 -0.00575182 -0.00917136 0.0130419 -0.0199008 0.00760402 -0.00212835 -0.00289804 0.0340365 -0.00396748 0.033315 -0.02799 -0.028241 0.0115002 0.0286372
internal_weight=22813 6963 407 6556 5849 3593 2673 2368 1580 580 404 1000 15850 550 920 15300 2256 788 580 2444 568 12856 12673 356 12317 355 707 1876 1105 656
internal_count=22813 6963 407 6556 5849 3593 2673 2368 1580 580 404 1000 15850 550 920 15300 2256 788 580 2444 568 12856 12673 356 12317 355 707 1876 1105 656
is_linear=0
shrinkage=0.0161


Tree=232
num_leaves=31
num_cat=0
split_feature=27 58 429 127 277 179 63 475 255 586 596 464 362 180 376 483 528 383 264 29 535 522 537 511 54 417 54 247 65 390
split_gain=3034.61 2725.07 4465.01 3134.47 2321.79 2402.56 2531.82 4648.71 3566.01 2861 4233.38 6031.15 2783.81 4407.95 4282.94 6710.11 8327.12 5848.77 3339.07 3795.41 2715.14 3440.27 2252.77 2271.47 2267 2227.44 3581.62 3495.46 2651.46 3642.48
threshold=102.50000000000001 52.000000000000007 20.000000000000004 5.5000000000000009 102.50000000000001 2.5000000000000004 8.0000000000000018 73.500000000000014 52.000000000000007 140.84999847412112 131.75000000000003 13.500000000000002 5.5000000000000009 3.5000000000000004 13.500000000000002 74.500000000000014 105.50000000000001 8.0000000000000018 20.000000000000004 10.500000000000002 136.50000000000003 129.50000000000003 156.50000000000003 102.50000000000001 16.500000000000004 20.000000000000004 6.5000000000000009 8.0000000000000018 20.000000000000004 10.500000000000002
decision_type=2 2 2 2 2 2 2 2 2 10 10 2 2 2 2 2 2 2 2 2 2 2 2 2 2 2 2 2 2 2
left_child=1 4 3 -3 5 -1 8 9 12 10 22 -12 -7 -14 18 -16 -17 -18 20 -20 21 -15 23 -8 -25 26 28 -27 29 -11
right_child=-2 2 -4 -5 -6 6 7 -9 -10 25 11 -13 13 14 15 16 17 -19 19 -21 -22 -23 -24 24 -26 27 -28 -29 -30 -31
leaf_value=-0.015116427877695619 -0.059770326367929727 0.063824564372685008 0.095027073557062747 -0.014438845546595058 -0.061491590679438386 0.00058632724756788046 -0.0035749578452036893 0.069173179817161742 -0.05454035011370055 -0.018456315093260282 7.2175205550865492e-05 0.09625539935766636 -0.016320177630741495 0.0078934290253244322 0.0066449854569612379 0.18744334849639616 0.11967067879261327 -0.001850846359841445 0.11010423864949004 0.0086822525276429013 -0.024473211692185165 0.081040875240129567 0.038740130788692581 -0.05312839427208655 0.0091641744226073248 0.060519453611014719 -0.043057202567761042 -0.022199544429278236 -0.052756453348001352 0.06369685883856431
leaf_weight=2684 224 185 198 468 165 5120 4642 215 238 317 453 270 777 1272 445 163 183 233 186 198 549 192 285 502 216 208 1403 364 183 250
leaf_count=2684 224 185 198 468 165 5120 4642 215 238 317 453 270 777 1272 445 163 183 233 186 198 549 192 285 502 216 208 1403 364 183 250
internal_value=-0.000803009 -0.000216578 0.0280441 0.00769775 -0.00132529 -0.000863481 0.0011632 -0.00481164 0.00698545 -0.00656357 -0.000652127 0.0360238 0.00855947 0.0182781 0.0261432 0.0537132 0.0898476 0.0515504 0.0143555 0.0578698 0.00604297 0.0175026 -0.00535367 -0.0077026 -0.0343558 -0.0203693 -0.0278744 0.00783894 0.000496078 0.0177249
internal_weight=22788 22564 851 653 21713 21548 18864 9308 9556 9093 6368 723 9318 4198 3421 1024 579 416 2397 384 2013 1464 5645 5360 718 2725 2153 572 750 567
internal_count=22788 22564 851 653 21713 21548 18864 9308 9556 9093 6368 723 9318 4198 3421 1024 579 416 2397 384 2013 1464 5645 5360 718 2725 2153 572 750 567
is_linear=0
shrinkage=0.0161


Tree=233
num_leaves=31
num_cat=0
split_feature=454 382 143 358 121 402 514 457 93 501 576 445 533 507 190 574 579 10 506 582 69 234 524 143 495 579 408 506 576 505
split_gain=3209.41 2690.22 3388.88 3416.01 3512.88 3278.55 3334.84 3701.08 3050.37 4762.11 3582.53 3899.63 3270.7 5603.36 9216.29 2922.18 3103.9 2708.75 3012.98 5294.65 7719.12 4530.87 3428.62 4134.57 3997.26 5399.23 2863.56 3131.49 2487.08 2954.85
threshold=1.0000000180025095e-35 3.5000000000000004 35.500000000000007 87.000000000000014 29.500000000000004 2.5000000000000004 310.50000000000006 43.500000000000007 29.500000000000004 204.50000000000003 74.950000762939467 8.0000000000000018 212.50000000000003 226.50000000000003 8.0000000000000018 209.25000000000003 174.34999847412112 29.500000000000004 78.500000000000014 101.54999923706056 20.000000000000004 13.500000000000002 217.50000000000003 8.0000000000000018 104.50000000000001 139.25000000000003 13.500000000000002 106.50000000000001 127.25000000000001 79.500000000000014
decision_type=2 2 2 2 2 2 2 2 2 2 10 2 2 2 2 10 10 2 2 10 2 2 2 2 2 8 2 2 10 2
left_child=-1 -2 3 4 5 -3 7 8 12 10 11 -10 13 17 -15 16 -14 18 28 20 21 26 24 -24 25 -21 27 -20 29 -7
right_child=1 2 -4 -5 -6 6 -8 -9 9 -11 -12 -13 15 14 -16 -17 -18 -19 19 22 -22 -23 23 -25 -26 -27 -28 -29 -30 -31
leaf_value=-0.030811835498420873 -0.010790169109484618 -0.015895202908275851 -0.01995334176492037 0.076441234663028629 -0.018097886548280033 0.0042702775786615018 0.068896856265287229 -0.026488909433699363 0.013153687462881106 0.11119503210369631 0.002219484723604104 0.11925959817528171 -0.029232269487873361 -0.002820434340463336 0.15918839837546159 -0.063447988585949702 0.036732722240698165 -0.018310465875923922 0.091045070576287551 0.008393252999278001 0.1536299043171819 0.098655219510264486 -0.0029970567307566515 0.10807824381741789 -0.013268020561791679 0.11659449948764092 -0.035497110864062424 -0.0047357071930977518 -0.042112696859295889 0.071805440094342615
leaf_weight=849 4021 1397 1431 176 1529 4870 245 722 189 180 766 172 458 194 171 279 310 872 162 475 171 207 160 189 1353 160 216 194 287 174
leaf_count=849 4021 1397 1431 176 1529 4870 245 722 189 180 766 172 458 194 171 279 310 872 162 475 171 207 160 189 1353 160 216 194 287 174
internal_value=-0.000102147 0.00109661 0.00379695 0.00588628 0.00511363 0.0075506 0.0100383 0.00892126 0.0110172 0.0342651 0.0219573 0.0637735 0.00822796 0.0111038 0.0730151 -0.0188187 -0.00257513 0.00872012 0.0114579 0.0235828 0.0556374 0.0340967 0.0105424 0.057088 0.0023593 0.0356936 0.0106925 0.0387838 0.0039775 0.00660467
internal_weight=22579 21730 17709 16278 16102 14573 13176 12931 12209 1307 1127 361 10902 9855 365 1047 768 9490 8618 3287 950 779 2337 349 1988 635 572 356 5331 5044
internal_count=22579 21730 17709 16278 16102 14573 13176 12931 12209 1307 1127 361 10902 9855 365 1047 768 9490 8618 3287 950 779 2337 349 1988 635 572 356 5331 5044
is_linear=0
shrinkage=0.0161


Tree=234
num_leaves=31
num_cat=0
split_feature=443 347 390 358 281 350 452 596 332 124 499 587 430 34 319 34 174 107 471 47 237 510 215 578 575 90 539 499 175 445
split_gain=3105.3 2766.55 2401.06 2431.51 2524.86 2948 2621.81 4767.07 3706.24 4155.66 3260.86 5531.95 3162.3 2907.43 2502.69 2497.76 2627.07 4862.93 4881.72 2612.51 2822.53 2476.93 3851.2 2330.06 2706.91 4697.5 2295 2143.75 2585.52 4181.57
threshold=73.500000000000014 61.500000000000007 4.5000000000000009 87.000000000000014 29.500000000000004 16.500000000000004 10.500000000000002 235.84999847412112 61.500000000000007 24.500000000000004 107.50000000000001 101.04999923706056 24.500000000000004 24.500000000000004 20.000000000000004 4.5000000000000009 20.000000000000004 5.5000000000000009 10.500000000000002 4.5000000000000009 8.0000000000000018 106.50000000000001 24.500000000000004 156.94999694824222 204.25000000000003 10.500000000000002 21.500000000000004 221.50000000000003 10.500000000000002 10.500000000000002
decision_type=2 2 2 2 2 2 2 10 2 2 2 10 2 2 2 2 2 2 2 2 2 2 2 8 10 2 2 2 2 2
left_child=1 2 27 4 6 14 13 8 9 10 21 -12 23 15 -6 19 -17 -18 -19 20 -4 22 -8 -13 25 -25 -15 28 -1 -30
right_child=-2 -3 3 -5 5 -7 7 -9 -10 -11 11 12 -14 26 -16 16 17 18 -20 -21 -22 -23 -24 24 -26 -27 -28 -29 29 -31
leaf_value=-0.011984698845486561 -0.044006957559349198 -0.037176777455304989 -0.0063707164582928119 0.063836375724591179 -0.015202161635795857 -0.051777489693593692 0.009061828707131207 0.085165897557320638 -0.043635613094859145 -0.016393983630514683 0.098838862604681749 -0.014672427471767108 0.077441679706322472 0.024879453238272623 0.047878760407207538 0.0041749495981797816 -0.021824714987345981 0.017416574186223496 0.11581767494611805 -0.020293818904489204 0.056313450751913019 -0.02648417667190103 0.080823009703031259 0.11822318857389706 -0.01195416050630572 0.0078710555086449405 -0.042589532482788933 -0.046587290308645855 -0.0094464208759121194 0.046798636085949669
leaf_weight=4405 436 524 584 172 767 446 1986 230 311 977 315 472 235 162 207 3835 249 274 251 1895 273 422 215 182 226 223 668 356 860 569
leaf_count=4405 436 524 584 172 767 446 1986 230 311 977 315 472 235 162 207 3835 249 274 251 1895 273 422 215 182 226 223 668 356 860 569
internal_value=-0.00145339 -0.000620007 0.000258948 0.00363079 0.00295705 -0.0174943 0.00503531 0.013324 0.0103501 0.0135507 0.0203981 0.0381134 0.0237994 -0.000824932 -0.00177168 0.00239305 0.00964255 0.0367029 0.0645065 -0.00973972 0.0135701 0.00922509 0.0160824 0.0123493 0.0325994 0.0575195 -0.0293925 -0.00822241 -0.00587729 0.0129328
internal_weight=22727 22291 21767 15577 15405 1420 13985 5794 5564 5253 4276 1653 1338 8191 974 7361 4609 774 525 2752 857 2623 2201 1103 631 405 830 6190 5834 1429
internal_count=22727 22291 21767 15577 15405 1420 13985 5794 5564 5253 4276 1653 1338 8191 974 7361 4609 774 525 2752 857 2623 2201 1103 631 405 830 6190 5834 1429
is_linear=0
shrinkage=0.0161


Tree=235
num_leaves=31
num_cat=0
split_feature=103 533 563 346 529 530 516 526 527 481 526 541 597 569 499 587 546 337 400 571 481 333 454 504 507 104 142 194 80 501
split_gain=3792.8 3472.54 4311.39 6733.36 2264.02 2935.85 4476.43 3226.42 2810.95 5802.45 8985.28 3550.44 3317.38 3204.64 4055.39 2925.56 2908.06 2795.53 2735.37 2529.54 2380.55 2331.65 3431.45 3392.57 4901.87 7109.31 2794.37 3185.68 2310.29 2133.52
threshold=102.50000000000001 290.50000000000006 240.75000000000003 10.500000000000002 246.50000000000003 211.50000000000003 202.50000000000003 218.50000000000003 126.50000000000001 200.50000000000003 93.500000000000014 178.05000305175784 160.44999694824222 179.15000152587893 174.50000000000003 182.25000000000003 207.44999694824222 61.500000000000007 3.5000000000000004 99.950000762939467 176.50000000000003 13.500000000000002 8.0000000000000018 52.500000000000007 90.500000000000014 8.0000000000000018 6.5000000000000009 10.500000000000002 10.500000000000002 202.50000000000003
decision_type=2 2 10 2 2 2 2 2 2 2 2 8 10 8 2 8 8 2 2 10 2 2 2 2 2 2 2 2 2 2
left_child=1 2 4 -4 5 8 7 20 9 17 -11 12 19 14 -14 -13 -17 18 -1 -10 -7 -20 -23 -24 25 -25 -26 -28 -18 -6
right_child=-2 -3 3 -5 29 6 -8 -9 11 10 -12 15 13 -15 -16 16 28 -19 21 -21 -22 22 23 24 26 -27 27 -29 -30 -31
leaf_value=-0.01343803321770768 0.067912973986272038 -0.041119118454493987 -0.014312289235030421 0.10473946745991804 -0.00065204884560558318 0.012537691119727128 0.080839920226427442 0.058396889124510208 0.043478815316327885 0.14841114400813357 -0.0012361697432623025 -0.058539933502524545 0.016593945458495334 -0.017304367360358227 0.11880972766620596 0.026977255336652829 -0.0088953392596568502 -0.054665655103444483 -0.0011930896558161109 -0.020341793394407129 -0.069679244459639703 -0.0093066917776416479 0.0075806242341048755 0.16059543766221593 -0.035160647043800466 0.034865762335704702 0.089320556808234808 -0.008728719414986201 -0.058293500386114201 -0.054512547259296398
leaf_weight=3251 200 588 244 248 355 195 278 174 181 173 260 641 262 242 164 305 584 250 8434 1443 171 1033 1177 193 192 296 176 167 425 414
leaf_count=3251 200 588 244 248 355 195 278 174 181 173 260 641 262 242 164 305 584 250 8434 1443 171 1033 1177 193 192 296 176 167 425 414
internal_value=-0.00188527 -0.0025063 -0.00146983 0.0456497 -0.00255241 -0.00154192 0.0283469 0.00127918 -0.00277486 0.000384744 0.0584993 -0.0143877 -0.000781726 0.0294083 0.0559999 -0.0303269 -0.0165461 -0.00127259 -0.000376293 -0.0132143 -0.0258108 0.00326102 0.0148842 0.0262485 0.0476827 0.0845373 0.0139529 0.0415137 -0.0297256 -0.0296791
internal_weight=22716 22516 21928 492 21436 20667 818 540 19849 15602 433 4247 2292 668 426 1955 1314 15169 14919 1624 366 11668 3234 2201 1024 489 535 343 1009 769
internal_count=22716 22516 21928 492 21436 20667 818 540 19849 15602 433 4247 2292 668 426 1955 1314 15169 14919 1624 366 11668 3234 2201 1024 489 535 343 1009 769
is_linear=0
shrinkage=0.0161


Tree=236
num_leaves=31
num_cat=0
split_feature=559 511 525 102 102 546 13 533 596 456 259 233 334 14 533 501 488 168 591 520 522 572 576 257 362 461 186 431 140 536
split_gain=2591.82 2692.19 4627.59 3429.83 4078.5 6274.41 3819.5 2970.13 5039.61 2942.33 4205.79 3827.39 3407 3290.7 3844.95 5805.52 2804.67 3734.21 3506.86 2663.73 4014.56 2997.09 3261.93 5014.3 3255.28 4452.15 3030.03 3518.7 2518.88 2346.88
threshold=73.549999237060561 101.50000000000001 200.50000000000003 43.500000000000007 29.500000000000004 159.44999694824222 61.500000000000007 299.50000000000006 255.05000305175784 6.5000000000000009 35.500000000000007 8.0000000000000018 10.500000000000002 13.500000000000002 105.50000000000001 86.500000000000014 23.500000000000004 13.500000000000002 91.049999237060561 154.50000000000003 130.50000000000003 255.05000305175784 180.15000152587893 20.000000000000004 16.500000000000004 13.500000000000002 13.500000000000002 6.5000000000000009 10.500000000000002 183.50000000000003
decision_type=8 2 2 2 2 10 2 2 10 2 2 2 2 2 2 2 2 2 8 2 2 10 10 2 2 2 2 2 2 2
left_child=-1 2 9 4 6 -6 7 8 19 -2 12 -12 -11 14 15 16 -14 18 -18 -3 -21 22 29 24 25 26 27 -24 -15 -22
right_child=1 3 -4 -5 5 -7 -8 -9 -10 10 11 -13 13 28 -16 -17 17 -19 -20 20 21 -23 23 -25 -26 -27 -28 -29 -30 -31
leaf_value=-0.013357904234289394 -0.0033155502967919994 -0.015845790373589283 0.07546672349480861 -0.040124289324466364 -0.016320613075364861 0.10010542750126783 0.056540840374098851 -0.049661372664660981 0.080261981266234697 -0.00048015387842526626 0.010865763392676813 0.11821506605982508 0.0040595959419995106 -0.021119765952657129 -0.029631291098928467 0.13097466035899311 0.13556702133527293 0.00041104214832859515 0.037894617264845921 0.076679745945168382 0.0019430116849876043 -0.063896650557709753 -0.032824797476408478 0.079923955935303104 -0.035968268310980593 0.085304060644274787 -0.055638979115461271 0.065248368020536934 0.035965130600733218 -0.040614885203622941
leaf_weight=3201 4751 3587 255 643 231 249 258 391 179 3138 162 185 425 525 174 198 195 191 188 187 956 180 161 298 340 219 176 230 324 517
leaf_count=3201 4751 3587 255 643 231 249 258 391 179 3138 162 185 425 525 174 198 195 191 188 187 956 180 161 298 340 219 176 230 324 517
internal_value=6.86941e-05 0.00227246 0.00769441 -0.00432275 -0.00149839 0.0440264 -0.00434712 -0.00646714 -0.00406138 0.00603934 0.013834 0.0681659 0.0103109 0.0255749 0.0410002 0.0512872 0.0354697 0.0586853 0.0876848 -0.00626798 0.00425043 -0.000143706 0.00380935 0.021191 0.00562627 0.0236488 -0.000123683 0.0248051 0.00063756 -0.0129782
internal_weight=22714 19513 10711 8802 8159 480 7679 7421 7030 10456 5705 347 5358 2220 1371 1197 999 574 383 6851 3264 3077 2897 1424 1126 786 567 391 849 1473
internal_count=22714 19513 10711 8802 8159 480 7679 7421 7030 10456 5705 347 5358 2220 1371 1197 999 574 383 6851 3264 3077 2897 1424 1126 786 567 391 849 1473
is_linear=0
shrinkage=0.0161


Tree=237
num_leaves=31
num_cat=0
split_feature=481 347 144 113 277 230 330 58 568 270 495 552 271 580 569 513 502 500 586 521 591 593 597 535 580 321 540 376 270 124
split_gain=3610.56 3188.19 2947.73 3175.26 2858.03 3739.41 2517.78 2814.96 3157.43 2600.7 2718.09 4238.48 5941.83 2669.96 2367.59 4477.26 2110.53 2237.74 3613.8 2565.51 3104.37 2303.23 3301.24 3170.5 6221.87 8036.57 4104.36 2965.99 3363.49 2423.06
threshold=344.50000000000006 61.500000000000007 43.500000000000007 1.0000000180025095e-35 10.500000000000002 5.5000000000000009 52.000000000000007 61.500000000000007 210.94999694824222 52.000000000000007 317.50000000000006 233.25000000000003 13.500000000000002 251.25000000000003 240.75000000000003 290.50000000000006 293.50000000000006 184.50000000000003 207.44999694824222 187.50000000000003 218.75000000000003 144.05000305175784 221.94999694824222 92.500000000000014 103.25000000000001 8.0000000000000018 165.25000000000003 4.5000000000000009 10.500000000000002 5.5000000000000009
decision_type=2 2 2 2 2 2 2 2 8 2 2 10 2 10 10 2 2 2 10 2 8 10 8 2 8 2 10 2 2 2
left_child=1 2 3 -1 5 -4 7 9 -9 10 11 13 -13 14 15 16 17 18 21 -19 -21 23 -23 -5 25 -25 27 28 29 -26
right_child=-2 -3 4 6 -6 -7 -8 8 -10 -11 -12 12 -14 -15 -16 -17 -18 19 -20 20 -22 22 -24 24 26 -27 -28 -29 -30 -31
leaf_value=-0.025130168725618827 0.074090166744144231 -0.040368912858911282 0.055455048929915006 0.00068595935882700412 -0.057123796219831477 -0.031980607064895285 -0.028598636968258633 0.013345576197481779 0.099635203738090983 0.053261300141504979 -0.053289383064911371 0.10140138841835941 -0.020132079628439138 -0.059933129508775433 0.048847536048910317 -0.076136430208444142 0.058123628358121696 -0.034752007624652338 0.068211915832984624 0.035657017063550109 -0.036375175204991901 -0.022544732145388706 0.050186180668408353 0.016893991643778188 -0.036810456074214716 0.15082943718775482 0.082680051265948754 -0.010840265624470501 0.093569541081396632 0.047085692532589873
leaf_weight=1162 165 534 189 10969 458 385 663 349 161 256 231 257 175 184 272 193 171 901 218 393 256 1584 180 278 174 200 177 1372 168 183
leaf_count=1162 165 534 189 10969 458 385 663 349 161 256 231 257 175 184 272 193 171 901 218 393 256 1584 180 278 174 200 177 1372 168 183
internal_value=-0.000947927 -0.00149456 -0.000556686 0.000740053 -0.0271262 -0.00314981 0.00224693 0.00330765 0.0406322 0.00229344 0.00158826 0.00228207 0.0521146 0.00107628 0.00171222 0.000974763 0.00184018 0.00127442 0.00311982 -0.017168 0.00720744 0.00218991 -0.0151099 0.00444865 0.0206122 0.0729832 0.0085308 0.00159988 0.0341549 0.0061292
internal_weight=22858 22693 22159 21127 1032 574 19965 19302 510 18792 18536 18305 432 17873 17689 17417 17224 17053 15503 1550 649 15285 1764 13521 2552 478 2074 1897 525 357
internal_count=22858 22693 22159 21127 1032 574 19965 19302 510 18792 18536 18305 432 17873 17689 17417 17224 17053 15503 1550 649 15285 1764 13521 2552 478 2074 1897 525 357
is_linear=0
shrinkage=0.0161


Tree=238
num_leaves=31
num_cat=0
split_feature=480 482 549 534 176 337 287 129 453 439 485 321 488 374 191 446 383 400 550 445 333 94 89 93 445 499 303 528 73 58
split_gain=2466.05 2853.1 4133.65 2772.83 2870.21 2720.25 2773.13 2861.17 4210.04 3458.64 3149.6 3074.37 2853.48 2500.41 3607.35 4220.13 2303.07 2338.98 3068.17 2418.91 2194.84 2255.98 2665.87 2326.95 3487.87 2193.69 2176.39 2656.33 2228.28 2171.95
threshold=344.50000000000006 257.50000000000006 251.25000000000003 320.50000000000006 102.50000000000001 87.000000000000014 3.5000000000000004 10.500000000000002 73.500000000000014 43.500000000000007 240.50000000000003 61.500000000000007 235.50000000000003 29.500000000000004 16.500000000000004 13.500000000000002 29.500000000000004 29.500000000000004 140.84999847412112 35.500000000000007 43.500000000000007 4.5000000000000009 52.000000000000007 29.500000000000004 6.5000000000000009 188.50000000000003 16.500000000000004 157.50000000000003 13.500000000000002 8.0000000000000018
decision_type=2 2 10 2 2 2 2 2 2 2 2 2 2 2 2 2 2 2 8 2 2 2 2 2 2 2 2 2 2 2
left_child=1 2 3 4 5 6 -1 9 10 11 13 12 20 16 15 -15 17 19 -19 25 21 -8 23 -23 -25 26 27 28 -9 -3
right_child=-2 29 -4 -5 -6 -7 7 8 -10 -11 -12 -13 -14 14 -16 -17 -18 18 -20 -21 -22 22 -24 24 -26 -27 -28 -29 -30 -31
leaf_value=-0.011218016643526382 0.061333701700861422 -0.0012501218893852099 0.063144421415138485 -0.066108159689114515 0.06703578507236041 -0.057217539145314834 -0.0070135613355209129 0.016970240140271532 0.091031652667788746 -0.040475344824706327 0.072524894369695045 -0.061735670246398998 -0.044991385889721902 0.10569978650125458 -0.014510194542299789 0.0005078733706841618 -0.027006969351362986 0.00054967865667728357 0.086877119773138958 0.048271721614159421 -0.036941321815401586 0.0088347009465650911 -0.04603546707805465 -0.0016073464564377348 0.07781520643404724 -0.035524200186081836 -0.019329951889023627 0.058771938244868469 -0.019006356155026227 -0.050555216835310779
leaf_weight=4357 167 424 269 165 165 216 2904 1446 171 565 201 202 328 258 225 161 562 216 212 291 339 5630 212 256 324 400 752 279 645 513
leaf_count=4357 167 424 269 165 165 216 2904 1446 171 565 201 202 328 258 225 161 562 216 212 291 339 5630 212 256 324 400 752 279 645 513
internal_value=-0.000306447 -0.0007612 0.000422729 -0.000361584 0.00014621 -0.000374461 0.000210874 0.00321583 0.0123113 -0.00170079 0.00992375 0.000445762 0.00170506 0.00760939 0.037403 0.0653362 0.00360967 0.00767242 0.043365 0.00365984 0.00329223 0.00475724 0.0100836 0.0120032 0.0427192 -1.94678e-05 0.00452197 0.0121001 0.00586147 -0.0282694
internal_weight=22855 22688 21751 21482 21317 21152 20936 16579 5819 10760 5648 10195 9993 5447 644 419 4803 4241 428 3813 9665 9326 6422 6210 580 3522 3122 2370 2091 937
internal_count=22855 22688 21751 21482 21317 21152 20936 16579 5819 10760 5648 10195 9993 5447 644 419 4803 4241 428 3813 9665 9326 6422 6210 580 3522 3122 2370 2091 937
is_linear=0
shrinkage=0.0161


Tree=239
num_leaves=31
num_cat=0
split_feature=534 295 507 332 486 192 516 585 498 190 347 5 536 241 180 488 474 443 155 47 226 38 2 317 514 539 167 345 591 560
split_gain=3158.77 3428.51 4860.5 6708.54 3057.32 3719.56 3557.25 8734.14 3324.71 2882.63 2881.04 2772.22 3312.94 2699.01 3441.87 4147.87 6491.51 4362.33 4153.7 4626.94 3413.67 2665.77 2465.15 2590.04 2264.9 2234.21 2150.83 2625.06 2285.88 2389.48
threshold=288.50000000000006 3.5000000000000004 272.50000000000006 10.500000000000002 268.50000000000006 8.0000000000000018 242.50000000000003 179.15000152587893 280.50000000000006 5.5000000000000009 61.500000000000007 3.5000000000000004 126.50000000000001 4.5000000000000009 16.500000000000004 148.50000000000003 5.5000000000000009 5.5000000000000009 35.500000000000007 10.500000000000002 43.500000000000007 10.500000000000002 8.0000000000000018 24.500000000000004 275.50000000000006 180.50000000000003 10.500000000000002 3.5000000000000004 91.649997711181655 85.950000762939467
decision_type=2 2 2 2 2 2 2 10 2 2 2 2 2 2 2 2 2 2 2 2 2 2 2 2 2 2 2 2 10 10
left_child=1 22 4 -4 6 -6 8 -8 10 -2 11 12 -3 26 15 18 -17 -18 20 -20 -15 -19 23 -1 -9 -24 28 -28 29 -13
right_child=9 2 3 -5 5 -7 7 24 -10 -11 -12 13 -14 14 -16 16 17 21 19 -21 -22 -23 25 -25 -26 -27 27 -29 -30 -31
leaf_value=-0.0060370785091857547 0.021980789339063597 -0.0023717026011083604 0.10886824249613601 -0.0010756805445464163 0.014852351650080165 -0.071609201704763509 0.10542169584523253 0.022779412432578028 0.061176553578001364 -0.056571358038886646 -0.043666969975826551 -0.010143721898051372 -0.046137387374758185 0.0050256614461723047 -0.0040577383925983557 0.11092309411724278 0.083256932029880895 -0.026823617162968962 0.0065839456943595264 0.12768350939535072 0.077259642446821403 0.037098236122864753 -0.019542593497356247 0.048685381219594592 -0.055780963953728502 -0.080459914775301164 0.071279604130341123 0.0018988690894262239 -0.035670204948851834 0.053547347194076965
leaf_weight=2527 166 2305 274 302 225 301 303 230 253 444 345 1196 557 4706 2702 290 235 365 165 163 176 315 1545 246 162 174 169 869 846 175
leaf_count=2527 166 2305 274 302 225 301 303 230 253 444 345 1196 557 4706 2702 290 235 365 165 163 176 315 1545 246 162 174 169 869 846 175
internal_value=0.000983718 0.00198136 0.00518176 0.0511832 0.00362659 -0.03458 0.004844 0.0404972 0.0032774 -0.0351563 0.00233562 0.00337897 -0.0108976 0.00668344 0.0111776 0.0175983 0.0445244 0.0234543 0.0113662 0.0668363 0.00763458 0.00275263 -0.0105735 -0.00117402 -0.00962682 -0.0257224 -0.00589698 0.0132176 -0.0148571 -0.00199677
internal_weight=22731 22121 17629 576 17053 526 16527 695 15832 610 15579 15234 2862 12372 9117 6415 1205 915 5210 328 4882 680 4492 2773 392 1719 3255 1038 2217 1371
internal_count=22731 22121 17629 576 17053 526 16527 695 15832 610 15579 15234 2862 12372 9117 6415 1205 915 5210 328 4882 680 4492 2773 392 1719 3255 1038 2217 1371
is_linear=0
shrinkage=0.0161


Tree=240
num_leaves=31
num_cat=0
split_feature=400 132 8 133 479 547 582 345 92 135 123 96 589 200 6 237 358 391 156 395 153 343 368 559 274 532 535 264 457 494
split_gain=3325.24 2979.19 4495.24 3834.59 3210.62 2888.78 5003.98 5413.69 4439.71 3993.22 3085.54 3484.91 3006.19 2383.75 2334.04 2546.78 3309.22 3661.88 2260.52 2126.12 4467.22 1995.07 1955.47 1944.31 1856.89 2694.95 4078.19 2973.93 2576.76 3028.44
threshold=3.5000000000000004 16.500000000000004 73.500000000000014 61.500000000000007 73.500000000000014 183.15000152587893 182.25000000000003 5.5000000000000009 6.5000000000000009 24.500000000000004 8.0000000000000018 16.500000000000004 188.65000152587893 10.500000000000002 20.000000000000004 10.500000000000002 5.5000000000000009 24.500000000000004 6.5000000000000009 16.500000000000004 10.500000000000002 10.500000000000002 20.000000000000004 148.75000000000003 13.500000000000002 113.50000000000001 104.50000000000001 13.500000000000002 24.500000000000004 81.500000000000014
decision_type=2 2 2 2 2 10 10 2 2 2 2 2 10 2 2 2 2 2 2 2 2 2 2 10 2 2 2 2 2 2
left_child=-1 2 4 14 5 6 12 -8 -9 10 11 13 24 -7 15 19 -17 18 -18 -3 -21 -10 23 -16 -2 26 28 -27 29 -26
right_child=1 3 -4 -5 -6 9 7 8 21 -11 -12 -13 -14 -15 22 16 17 -19 -20 20 -22 -23 -24 -25 25 27 -28 -29 -30 -31
leaf_value=-0.013875323676041496 0.00065118361052249286 -0.026458441766872814 0.074566076892283201 0.052249594784953585 0.061104544109550227 -0.055457491519478375 0.12474110951247677 0.086494356197718572 0.029352823610283407 0.041288575511835734 -0.051904368848781232 0.057192358180463823 -0.048694395647882895 0.018090823036860968 -0.031893791592206101 0.067458029385259619 0.019310638397212691 0.065536770956791029 -0.036362994097391937 -0.02694224551114012 0.072999727430364494 -0.046554088778830188 -0.002237671180070182 -0.091054864241527964 0.013229810812575743 -0.034398387846037957 0.088803509407176157 0.033138493518901919 -0.027017132179511835 0.066113836744143548
leaf_weight=4319 8029 1576 240 246 253 285 176 183 169 255 691 180 281 190 470 227 303 177 501 297 190 191 329 209 1258 482 231 260 290 362
leaf_count=4319 8029 1576 240 246 253 285 176 183 169 255 691 180 281 190 470 227 303 177 501 297 190 191 329 209 1258 482 231 260 290 362
internal_value=-0.0011528 0.00181116 0.00548148 -0.0095442 0.00427533 0.00320959 0.0059401 0.0471144 0.0219102 -0.0170917 -0.0281693 -0.00309379 0.0032931 -0.0259886 -0.0131022 -0.00649254 0.0120611 -0.000733593 -0.0153522 -0.0173681 0.0120012 -0.0108546 -0.0345276 -0.0501386 0.00463401 0.0157178 0.0248849 -0.0107015 0.0171421 0.0250616
internal_weight=22850 18531 14006 4525 13766 13513 11912 719 543 1601 1346 655 11193 475 4279 3271 1208 981 804 2063 487 360 1008 679 10912 2883 2141 742 1910 1620
internal_count=22850 18531 14006 4525 13766 13513 11912 719 543 1601 1346 655 11193 475 4279 3271 1208 981 804 2063 487 360 1008 679 10912 2883 2141 742 1910 1620
is_linear=0
shrinkage=0.0161


Tree=241
num_leaves=31
num_cat=0
split_feature=295 255 440 533 501 89 321 182 489 508 395 132 481 233 237 351 254 217 464 179 455 536 542 391 210 366 502 405 599 495
split_gain=3453.35 4604.4 3148.4 3114.72 4630.03 2971.43 2865.51 4183.28 3544.76 5366.56 11586.3 3333.55 3441.41 4776.41 5525.68 3498.27 3282.06 5184.12 5593.4 2895.71 3695.21 2640.5 3484.01 2626.38 2702.72 2268.86 2212.18 2132.52 2103.53 2095.06
threshold=3.5000000000000004 61.500000000000007 3.5000000000000004 299.50000000000006 320.50000000000006 24.500000000000004 8.0000000000000018 2.5000000000000004 272.50000000000006 221.50000000000003 10.500000000000002 10.500000000000002 27.500000000000004 4.5000000000000009 8.0000000000000018 6.5000000000000009 6.5000000000000009 10.500000000000002 8.0000000000000018 35.500000000000007 10.500000000000002 166.50000000000003 186.44999694824222 3.5000000000000004 24.500000000000004 29.500000000000004 244.50000000000003 5.5000000000000009 103.25000000000001 34.500000000000007
decision_type=2 2 2 2 2 2 2 2 2 2 2 2 2 2 2 2 2 2 2 2 2 2 10 2 2 2 2 2 10 2
left_child=26 2 28 4 5 6 19 -8 9 11 -11 12 29 14 15 -14 27 -18 -19 21 -21 22 -4 -13 25 -25 -1 -15 -2 -9
right_child=1 -3 3 -5 -6 -7 7 8 -10 10 -12 23 13 16 -16 -17 17 18 -20 20 -22 -23 -24 24 -26 -27 -28 -29 -30 -31
leaf_value=-0.0096373386371364275 0.00030729755256116235 -0.049378123205065079 0.0031377866356062456 -0.036325012457519769 0.091283626485535244 -0.0085635526255514131 -0.025211017326909051 -0.01248233146691141 -0.039899128551522542 0.15602958444073364 -0.015355631024586345 0.053656813939540179 -0.00062361044500634799 0.041750543423096011 0.1462932876651577 0.099474954458079246 0.016482208094916864 0.025256600925592374 0.15251313023615376 0.10099153509827097 -0.005079091216841994 -0.02384982516984456 0.074595796946907197 -0.018921378356987283 0.05276167821421579 0.044689162555948007 -0.070434195020002713 -0.017581084257695574 -0.027401219203665696 0.047146603639966707
leaf_weight=4375 1964 411 4594 396 177 2248 495 582 218 236 180 242 204 235 217 162 533 163 200 175 165 923 184 1211 195 165 161 473 1111 207
leaf_count=4375 1964 411 4594 396 177 2248 495 582 218 236 180 242 204 235 217 162 533 163 200 175 165 923 184 1211 195 165 161 473 1111 207
internal_value=0.000771438 0.0038947 0.0051223 0.00820689 0.00943452 0.00841313 0.0116063 0.0195697 0.0236615 0.0263282 0.0818159 0.0215033 0.0319888 0.0423886 0.0818754 0.043618 0.0280219 0.048495 0.0954352 0.00380114 0.0494469 0.00107476 0.00589455 0.00427851 -0.00331284 -0.0112766 -0.0118004 0.00207908 -0.00969616 0.00313193
internal_weight=22802 18266 17855 14780 14384 14207 11959 5918 5423 5205 416 4789 2976 2187 583 366 1604 896 363 6041 340 5701 4778 1813 1571 1376 4536 708 3075 789
internal_count=22802 18266 17855 14780 14384 14207 11959 5918 5423 5205 416 4789 2976 2187 583 366 1604 896 363 6041 340 5701 4778 1813 1571 1376 4536 708 3075 789
is_linear=0
shrinkage=0.0161


Tree=242
num_leaves=31
num_cat=0
split_feature=134 288 347 7 402 572 59 297 358 541 38 29 379 417 436 294 129 598 558 99 572 553 462 534 393 5 172 489 82 326
split_gain=2977.4 2457.22 2749.12 2408.18 2502.37 3035.19 2598.71 3274.59 2705 5348.66 4885.41 6634.77 3506.62 3354.55 5831.89 2694.59 2750.34 4619.63 10670.7 4807.22 2934.57 2805.69 2499.96 2492.1 2476.29 3505.79 2406.87 2325.84 2320.82 2235.85
threshold=87.000000000000014 2.5000000000000004 61.500000000000007 3.5000000000000004 61.500000000000007 271.25000000000006 52.000000000000007 10.500000000000002 3.5000000000000004 75.149997711181655 10.500000000000002 5.5000000000000009 16.500000000000004 35.500000000000007 24.500000000000004 29.500000000000004 8.0000000000000018 220.15000152587893 179.15000152587893 4.5000000000000009 240.75000000000003 271.25000000000006 8.0000000000000018 125.50000000000001 10.500000000000002 6.5000000000000009 43.500000000000007 200.50000000000003 29.500000000000004 5.5000000000000009
decision_type=2 2 2 2 2 10 2 2 2 10 2 2 2 2 2 2 2 8 8 2 8 8 2 2 2 2 2 2 2 2
left_child=1 -1 3 -3 5 6 8 -8 9 24 12 -12 -11 15 29 16 28 20 -19 -20 26 -21 -13 -23 -5 -26 -18 -17 -10 -15
right_child=-2 2 -4 4 -6 -7 7 -9 13 10 11 22 -14 14 -16 27 17 18 19 21 -22 23 -24 -25 25 -27 -28 -29 -30 -31
leaf_value=-0.015459575404514555 0.054978056070684532 -0.0089925082759986751 -0.035590593884901538 -0.0209561638943206 -0.032762021653104004 0.073196857255430417 0.077280634578068177 0.0041841133439473269 -0.0033543996820232639 -0.0017459219462911079 0.14639531220050866 0.072867571388144994 0.074766347847765965 0.045717179908377543 0.11161106179721374 -0.015754490906243396 -0.005065955928430072 0.16053242075884416 0.09569060939036729 -0.05990491179084026 0.06794737207733878 -0.0077325009535569797 -0.0074088097251370109 0.068668484889385747 0.07995755576596901 -0.019390678562666706 0.05822988612046244 -0.081443937159491719 -0.039695996747025029 -0.0066600647502422184
leaf_weight=2391 258 3680 497 868 432 175 292 350 4945 704 214 215 199 323 180 866 3077 162 164 162 164 339 188 164 179 189 164 167 502 609
leaf_count=2391 258 3680 497 868 432 175 292 350 4945 704 214 215 199 323 180 866 3077 162 164 162 164 339 188 164 179 189 164 167 502 609
internal_value=0.000594678 -2.61889e-05 0.00180215 0.00274801 0.00545098 0.00651335 0.00575336 0.0374672 0.00437085 0.0187539 0.0389813 0.0739097 0.0150895 0.00106227 0.0276984 -0.00165894 0.00093487 0.0104103 0.0410043 0.0176181 0.0014993 -0.00160042 0.0353601 0.0171308 -0.00610225 0.0288696 -0.00185582 -0.026397 -0.00670799 0.0114669
internal_weight=22819 22561 20170 19673 15993 15561 15386 642 14744 2756 1520 617 903 11988 1112 10876 9843 4396 991 829 3405 665 403 503 1236 368 3241 1033 5447 932
internal_count=22819 22561 20170 19673 15993 15561 15386 642 14744 2756 1520 617 903 11988 1112 10876 9843 4396 991 829 3405 665 403 503 1236 368 3241 1033 5447 932
is_linear=0
shrinkage=0.0161


Tree=243
num_leaves=31
num_cat=0
split_feature=443 374 294 575 504 549 499 561 66 359 556 560 246 492 538 530 155 580 534 244 140 483 494 518 409 341 444 305 246 166
split_gain=2663.22 2480.76 2557.24 2633.6 5046.27 8909.59 3583.24 3389.11 2214.23 3489.5 3939.84 3134.15 6141.58 2324.06 3891.77 4804.6 2605.66 2038.98 2975.82 2038.6 2011.06 2935.66 1984.13 2667.88 2659.98 3540.22 2169.91 2499.46 3593.74 4117.35
threshold=73.500000000000014 87.000000000000014 3.5000000000000004 210.94999694824222 272.50000000000006 210.94999694824222 219.50000000000003 187.55000305175784 13.500000000000002 43.500000000000007 106.85000228881837 198.94999694824222 5.5000000000000009 176.50000000000003 177.50000000000003 185.50000000000003 43.500000000000007 111.64999771118165 94.500000000000014 8.0000000000000018 29.500000000000004 177.50000000000003 167.50000000000003 20.500000000000004 43.500000000000007 8.0000000000000018 3.5000000000000004 16.500000000000004 6.5000000000000009 10.500000000000002
decision_type=2 2 2 10 2 8 2 10 2 2 10 10 2 2 2 2 2 8 2 2 2 2 2 2 2 2 2 2 2 2
left_child=1 2 20 4 8 -6 7 19 11 13 -11 22 -13 14 16 -16 17 18 -10 -5 21 -1 23 -4 26 -26 -25 -28 -29 -30
right_child=-2 -3 3 6 5 -7 -8 -9 9 10 -12 12 -14 -15 15 -17 -18 -19 -20 -21 -22 -23 -24 24 25 -27 27 28 29 -31
leaf_value=-0.010514238446272287 -0.040535097681531143 0.045673404176602324 -0.0061369515482109591 -0.065959104781985453 -0.00017047962411988283 0.15088589226017091 -0.051234843455076937 0.043410636281536713 -0.0093996364835478505 0.08545316111691649 -0.019482061277487785 0.12456752585980016 0.0017407990579059382 -0.038386384060646393 0.1027189627693836 -0.018116034091568201 0.04676717418469805 -0.027324613648810562 0.056957016108018177 0.0041491656832917468 0.028849321011268424 -0.058455504720644362 -0.01583439063956505 -0.010024126465586168 0.10783647521488769 0.0031342179192835459 0.010442940553654256 -0.0042015549161207675 0.030281233093772234 0.13681600038215116
leaf_weight=3805 435 300 2810 189 261 165 554 311 1721 216 162 169 282 662 182 160 194 1587 195 248 294 363 1114 1115 172 164 4269 238 224 163
leaf_count=3805 435 300 2810 189 261 165 554 311 1721 216 162 169 282 662 182 160 194 1587 195 248 294 363 1114 1115 172 164 4269 238 224 163
internal_value=-0.00108096 -0.000309906 -0.000938335 0.00183076 0.0035999 0.058282 -0.0201975 0.0027586 0.00212398 -0.00663028 0.0404187 0.00627383 0.047819 -0.0104184 -0.00582859 0.0461191 -0.0106405 -0.0138265 -0.00263394 -0.0261184 -0.0118208 -0.0146952 0.00444694 0.00691738 0.0127024 0.0568019 0.0102327 0.0148526 0.0449345 0.0752133
internal_weight=22724 22289 21989 17527 16225 426 1302 748 15799 5079 378 10720 451 4701 4039 342 3697 3503 1916 437 4462 4168 10269 9155 6345 336 6009 4894 625 387
internal_count=22724 22289 21989 17527 16225 426 1302 748 15799 5079 378 10720 451 4701 4039 342 3697 3503 1916 437 4462 4168 10269 9155 6345 336 6009 4894 625 387
is_linear=0
shrinkage=0.0161


Tree=244
num_leaves=31
num_cat=0
split_feature=235 228 444 118 508 401 569 434 537 511 323 216 380 0 175 531 134 20 255 287 488 535 528 536 438 205 209 257 374 383
split_gain=2803.37 3658.79 3820.88 4774.22 4067.59 12259.2 3770.93 3564.01 3257.55 3191.23 2713.05 4022.14 2480.59 2480.21 2523.49 2363.14 2292.75 2696.74 2690.54 2217.14 2385.08 2251.03 2385.09 2176.21 2270.98 4204.76 3484.03 2360.19 2257.75 1833.53
threshold=13.500000000000002 24.500000000000004 35.500000000000007 35.500000000000007 224.50000000000003 8.0000000000000018 165.25000000000003 8.0000000000000018 115.50000000000001 174.50000000000003 24.500000000000004 10.500000000000002 35.500000000000007 16.500000000000004 20.000000000000004 39.500000000000007 61.500000000000007 43.500000000000007 20.000000000000004 3.5000000000000004 160.50000000000003 133.50000000000003 97.500000000000014 290.50000000000006 35.500000000000007 16.500000000000004 10.500000000000002 52.000000000000007 73.500000000000014 8.0000000000000018
decision_type=2 2 2 2 2 2 10 2 2 2 2 2 2 2 2 2 2 2 2 2 2 2 2 2 2 2 2 2 2 2
left_child=16 2 3 4 6 -6 9 -5 15 10 12 -12 19 14 -8 -3 17 23 -18 -2 21 22 -21 24 27 26 -26 28 -1 -25
right_child=1 8 -4 7 5 -7 13 -9 -10 -11 11 -13 -14 -15 -16 -17 18 -19 -20 20 -22 -23 -24 29 25 -27 -28 -29 -30 -31
leaf_value=-0.003827562340609058 -0.021308475581091932 -0.034959014148199602 -0.027053486792451873 0.018505239828206579 -0.039989777041133802 0.13523347846720191 -0.05378598929665248 0.10850302246809396 -0.053497863817444313 0.082206711569965771 0.0050945515160988573 0.11107659678084117 -0.056476278564371513 -0.083373315331004672 0.030853262081389894 0.036902841533495594 -0.0039952449197338527 -0.034190955023831474 0.084881397864900079 0.0079027599368129298 0.066519877976908337 -0.03944754461847147 0.060650891552354876 -0.0054657725414046631 -0.018803543496790438 0.089278151136064576 0.057765415637428826 -0.047510731157016081 0.05278415756006629 -0.079545919448626934
leaf_weight=13844 503 201 526 209 180 243 170 253 425 171 215 164 160 166 197 289 193 774 162 1310 220 208 268 171 508 191 221 317 185 177
leaf_count=13844 503 201 526 209 180 243 170 253 425 171 215 164 160 166 197 289 193 774 162 1310 220 208 268 171 508 191 221 317 185 177
internal_value=-0.000574791 0.00878959 0.014051 0.0187187 0.0132773 0.0606147 0.00793423 0.0678407 -0.0208726 0.0145071 0.0107012 0.051017 0.00496757 -0.0317176 -0.0082888 0.00737678 -0.00397563 -0.00485378 0.0364962 0.00889525 0.0164805 0.0103035 0.0168762 -0.003398 -0.00248886 0.0220284 0.00437643 -0.00406278 -0.00307935 -0.0432121
internal_weight=22821 6078 5163 4637 4175 423 3752 462 915 3219 3048 379 2669 533 367 490 16743 16388 355 2509 2006 1786 1578 15614 15266 920 729 14346 14029 348
internal_count=22821 6078 5163 4637 4175 423 3752 462 915 3219 3048 379 2669 533 367 490 16743 16388 355 2509 2006 1786 1578 15614 15266 920 729 14346 14029 348
is_linear=0
shrinkage=0.0161


Tree=245
num_leaves=31
num_cat=0
split_feature=134 517 430 199 560 57 162 437 73 545 561 511 543 537 536 450 307 597 383 334 140 13 543 189 17 506 162 80 352 147
split_gain=3141.37 4783.21 3306.89 2822.74 5134.34 5647.48 7389.95 3705.02 4862.5 7042.33 3100.04 3053.11 2955.81 6162.4 4693.93 5608.3 4049.28 2829.71 2718.85 2645.21 2402.94 2360.48 3166.57 2627.44 2334.1 2476.81 2451.98 2167.26 2044.19 2914.03
threshold=61.500000000000007 160.50000000000003 52.000000000000007 13.500000000000002 84.250000000000014 3.5000000000000004 5.5000000000000009 24.500000000000004 8.0000000000000018 161.34999847412112 251.25000000000003 231.50000000000003 96.450000762939467 72.500000000000014 198.50000000000003 20.000000000000004 20.000000000000004 290.94999694824224 13.500000000000002 61.500000000000007 43.500000000000007 20.000000000000004 189.94999694824222 20.000000000000004 16.500000000000004 67.500000000000014 16.500000000000004 6.5000000000000009 3.5000000000000004 13.500000000000002
decision_type=2 2 2 2 10 2 2 2 2 8 8 2 10 2 2 2 2 8 2 2 2 2 8 2 2 2 2 2 2 2
left_child=2 -2 3 12 24 6 -6 10 -9 -10 11 21 13 -1 15 16 18 19 -15 20 28 22 23 -7 26 -26 27 -5 -14 -30
right_child=1 -3 -4 4 5 7 -8 8 9 -11 -12 -13 17 14 -16 -17 -18 -19 -20 -21 -22 -23 -24 -25 25 -27 -28 -29 29 -31
leaf_value=-0.0035396883238941862 0.006420204547280213 0.11082705797534358 -0.031312547956741217 0.034820175725618116 -0.0098776405945919538 -0.0066992839709606594 0.12319517325426854 -0.0048600244363230759 0.020934119136840967 0.14751824342443795 0.071254560054268778 -0.057757897336456136 -0.033432603496569561 -0.0029521448292856361 -0.030515310679919905 0.10240982863901392 0.090567004809651533 0.051436002159124014 0.05247727606976163 -0.075452686022836266 0.045025631681405338 -0.029492702403952749 0.069642644109118745 0.060342089761556202 -0.013383668312730168 -0.080342054595891652 0.046487085329426907 -0.017945256113368953 -0.00058010951881457852 -0.02711585613695721
leaf_weight=7195 363 166 866 255 169 929 299 303 253 208 163 224 1023 789 291 301 208 184 323 169 193 389 232 181 496 202 273 964 3601 1529
leaf_count=7195 363 166 866 255 169 929 299 303 253 208 163 224 1023 789 291 301 208 184 323 169 193 389 232 181 496 202 273 964 3601 1529
internal_value=0.000452434 0.0392275 -0.000469973 0.000780198 0.0106702 0.0232039 0.0750908 0.0147699 0.0451669 0.0780991 0.0037941 -0.00181844 -0.00268476 0.00328458 0.0289771 0.0396717 0.0253476 -0.0108033 0.0131271 -0.0125647 -0.0108863 0.0054068 0.0155405 0.00421148 -0.00849155 -0.032795 0.00286253 -0.00688806 -0.0126439 -0.00849369
internal_weight=22741 529 22212 21346 5540 3350 468 2882 764 461 2118 1955 15806 9107 1912 1621 1320 6699 1112 6515 6346 1731 1342 1110 2190 698 1492 1219 6153 5130
internal_count=22741 529 22212 21346 5540 3350 468 2882 764 461 2118 1955 15806 9107 1912 1621 1320 6699 1112 6515 6346 1731 1342 1110 2190 698 1492 1219 6153 5130
is_linear=0
shrinkage=0.0161


Tree=246
num_leaves=31
num_cat=0
split_feature=30 226 543 436 430 194 514 511 524 492 154 549 294 535 573 506 235 194 182 579 101 403 575 112 124 287 281 418 164 38
split_gain=3964.36 3852.44 6117.7 9285.2 12235.6 4418.64 3909.31 3810.27 6422.48 3886.91 6016.04 2961.47 2956.69 2817.87 2799.02 4657.24 2616.33 2597.31 2485.48 2469.07 2325.73 2370.4 2796.66 2262.47 2191.1 2196.85 2182.99 2415.52 3644.77 2132.31
threshold=43.500000000000007 13.500000000000002 186.44999694824222 5.5000000000000009 16.500000000000004 10.500000000000002 313.50000000000006 94.500000000000014 153.50000000000003 75.500000000000014 16.500000000000004 191.15000152587893 73.500000000000014 99.500000000000014 176.25000000000003 259.50000000000006 24.500000000000004 5.5000000000000009 13.500000000000002 155.05000305175784 43.500000000000007 8.0000000000000018 161.34999847412112 6.5000000000000009 24.500000000000004 35.500000000000007 3.5000000000000004 29.500000000000004 10.500000000000002 35.500000000000007
decision_type=2 2 10 2 2 2 2 2 2 2 2 10 2 2 10 2 2 2 2 8 2 2 10 2 2 2 2 2 2 2
left_child=1 6 7 -4 5 -5 12 8 9 -3 17 -2 14 19 15 20 18 -11 23 -9 21 24 26 -15 25 -1 -23 29 -29 -28
right_child=11 2 3 4 -6 -7 -8 13 -10 10 -12 -13 -14 16 -16 -17 -18 -19 -20 -21 -22 22 -24 -25 -26 -27 27 28 -30 -31
leaf_value=-0.0019365472425919488 -0.017235735281212784 0.0016133556291914467 -0.046906928363350066 -0.020661613680026961 0.1755218070837708 0.078916429577670394 0.069709320675135897 -0.005375445147386527 0.11352101095427426 0.064779002451410453 0.12651095362459078 -0.087818349336303947 0.060469634920497908 0.005554928738683693 -0.022897506347203909 0.080878423915476463 -0.080295600541632983 -0.016969498247929971 0.021296942885452905 0.072717102691464919 -0.033125704621905186 -0.016032312157120272 0.056441687829122497 -0.049013231291981998 -0.033048052791666595 -0.049971661244115458 0.010021076769853541 -0.0042377725683607854 0.098282360968388979 -0.036076316138506523
leaf_weight=6921 1016 2138 191 218 231 245 195 287 171 165 178 182 189 306 1730 177 181 258 353 165 604 1028 288 549 724 256 3194 169 191 283
leaf_count=6921 1016 2138 191 218 231 245 195 287 171 165 178 182 189 306 1730 177 181 258 353 165 604 1028 288 549 724 256 3194 169 191 283
internal_value=0.000527558 0.00211077 0.0135532 0.0524215 0.0797923 0.03198 -0.00193125 0.006308 0.0177793 0.0117934 0.047969 -0.0279783 -0.0028195 -0.0118115 -0.00358951 -0.00117343 -0.0231826 0.0148626 -0.0146056 0.0230797 -0.0022385 -0.000807568 0.0076856 -0.029456 -0.00634976 -0.00365322 0.00479449 0.0103805 0.0500895 0.00626235
internal_weight=22783 21585 5636 885 694 463 15949 4751 2910 2739 601 1198 15754 1841 15565 13835 1389 423 1208 452 13658 13054 5153 855 7901 7177 4865 3837 360 3477
internal_count=22783 21585 5636 885 694 463 15949 4751 2910 2739 601 1198 15754 1841 15565 13835 1389 423 1208 452 13658 13054 5153 855 7901 7177 4865 3837 360 3477
is_linear=0
shrinkage=0.0161


Tree=247
num_leaves=31
num_cat=0
split_feature=500 255 300 261 499 96 36 232 329 133 523 575 376 275 167 262 529 402 300 574 483 497 216 134 493 550 431 251 392 186
split_gain=3215.54 2845.56 2816.56 2723.68 2574.36 2491.87 2694.08 2775.74 3108.93 2980.39 3288.48 5310.66 3512.91 3092.65 4705.45 5700.75 6519.41 8721.98 2939.62 4165.76 3817.47 2909.14 4011.87 3194.1 3267.7 2534.76 2171.31 2281.44 6256.3 2957.62
threshold=341.50000000000006 52.000000000000007 102.50000000000001 10.500000000000002 313.50000000000006 73.500000000000014 3.5000000000000004 3.5000000000000004 52.000000000000007 61.500000000000007 269.50000000000006 177.15000152587893 10.500000000000002 20.000000000000004 10.500000000000002 20.000000000000004 106.50000000000001 6.5000000000000009 13.500000000000002 231.15000152587893 115.50000000000001 164.50000000000003 24.500000000000004 5.5000000000000009 53.500000000000007 158.65000152587893 43.500000000000007 20.000000000000004 16.500000000000004 8.0000000000000018
decision_type=2 2 2 2 2 2 2 2 2 2 2 10 2 2 2 2 2 2 2 10 2 2 2 2 2 10 2 2 2 2
left_child=1 2 4 -3 5 6 -1 -8 9 10 13 -12 -13 18 21 16 17 -16 19 26 -20 22 23 24 -15 -18 27 -9 29 -29
right_child=-2 3 -4 -5 -6 -7 7 8 -10 -11 11 12 -14 14 15 -17 25 -19 20 -21 -22 -23 -24 -25 -26 -27 -28 28 -30 -31
leaf_value=-0.010993939052651473 0.06731245987222316 -0.0033719900676555635 0.066508823464350678 -0.066563397598211213 -0.064213993848112133 -0.039161469224008379 -0.0097388957229430171 0.0033923410070652643 -0.032580386996326691 0.056429350130934572 0.12317370614811099 -0.038266027894345418 0.064989843205523035 -0.012700000270115148 0.024052670938987625 -0.018587565016606477 -0.023670294464530808 0.17751741577702274 0.0018177878776461261 0.083658831839710152 -0.036137965519260407 -0.04221299334517524 0.068054517616273055 -0.027642297340179863 0.088714383635229085 0.065053531934001138 -0.037007866092580319 0.036642330064767629 0.11567711052263691 -0.035128974245293834
leaf_weight=4187 179 380 163 332 164 417 3343 5788 505 323 162 178 164 169 162 243 174 237 1863 179 1087 293 276 516 160 160 305 374 181 247
leaf_count=4187 179 380 163 332 164 417 3343 5788 505 323 162 178 164 169 162 243 174 237 1863 179 1087 293 276 516 160 160 305 374 181 247
internal_value=-0.000656173 -0.00119242 -0.000167056 -0.0328707 -0.000665372 -0.000183857 0.000578981 0.00341586 0.00661678 0.0081135 0.00690359 0.0472244 0.0111797 0.0052647 0.0217226 0.0489153 0.0713256 0.115267 0.00133833 0.00697072 -0.01216 0.00293645 0.0147583 -0.0026218 0.0365485 0.0187617 0.00497642 0.00692312 0.0323752 0.00805771
internal_weight=22911 22732 22020 712 21857 21693 21276 17089 13746 13241 12918 504 342 12414 2390 976 733 399 10024 7074 2950 1414 1121 845 329 334 6895 6590 802 621
internal_count=22911 22732 22020 712 21857 21693 21276 17089 13746 13241 12918 504 342 12414 2390 976 733 399 10024 7074 2950 1414 1121 845 329 334 6895 6590 802 621
is_linear=0
shrinkage=0.0161


Tree=248
num_leaves=31
num_cat=0
split_feature=358 541 534 468 595 137 575 504 577 69 443 566 484 450 480 531 525 269 289 158 502 564 539 279 343 94 232 598 218 521
split_gain=3029.68 6217.95 2498.33 2525.13 3335.26 3217.08 2357.04 6422.18 7024.51 3655 3628.91 2072.8 2818.64 1965.06 1899.65 1854.98 3047.93 1841.96 1753.89 1743.96 1846.29 2300.73 3237.16 2179.44 1841.92 1956.64 5339.46 4054.94 2613.43 1949.61
threshold=61.500000000000007 205.94999694824222 305.50000000000006 5.5000000000000009 247.34999847412112 87.000000000000014 209.25000000000003 250.50000000000003 179.15000152587893 8.0000000000000018 6.5000000000000009 182.25000000000003 241.50000000000003 5.5000000000000009 200.50000000000003 219.50000000000003 231.50000000000003 10.500000000000002 20.000000000000004 2.5000000000000004 212.50000000000003 159.44999694824222 108.50000000000001 8.0000000000000018 20.000000000000004 20.000000000000004 16.500000000000004 87.649997711181655 20.000000000000004 160.50000000000003
decision_type=2 8 2 2 10 2 10 2 10 2 2 10 2 2 2 2 2 2 2 2 2 10 2 2 2 2 2 10 2 2
left_child=2 -2 3 15 5 6 7 11 -9 -8 -11 12 19 -13 -15 16 18 -12 -1 -5 21 24 -23 -24 25 29 28 -28 -27 -21
right_child=1 -3 -4 4 -6 -7 9 8 -10 10 17 13 -14 14 -16 -17 -18 -19 -20 20 -22 22 23 -25 -26 26 27 -29 -30 -31
leaf_value=-0.0065600256832093256 -0.003188978290681758 0.11100966380406987 -0.041823731178711236 -0.016272913248190361 0.069047402601932303 0.071433036816134721 -0.064150896484191117 0.014685088683208388 0.14371423168986741 0.065655081112597463 0.0093404773311761054 0.018726529564048376 0.057431181586248256 -0.070734208999770634 -0.0096173280524047607 -0.040363204131987969 0.054177224645023343 -0.062439922419961637 -0.041687118530369577 0.0046309104423300079 -0.037554627610415448 0.093918237267147445 0.050801504722597535 -0.024053990563054392 -0.01264063078292311 -0.0077592663810562863 0.12880776584214135 0.023780282543516579 0.058774294827230851 -0.028762598192755201
leaf_weight=6773 356 189 402 1340 194 170 358 308 170 163 190 187 234 280 251 451 207 180 390 5599 279 173 188 217 1701 862 184 199 186 493
leaf_count=6773 356 189 402 1340 194 170 358 308 170 163 190 187 234 280 251 451 207 180 390 5599 279 173 188 217 1701 862 184 199 186 493
internal_value=-0.00113204 0.0363707 -0.00204845 -0.00131816 0.00274883 0.00182261 0.000959763 0.00271713 0.0606234 -0.0243605 0.00232136 0.000478162 0.00211562 -0.0260692 -0.041889 -0.0086564 -0.00671294 -0.0255161 -0.00847586 0.000980218 0.0032759 0.00444048 0.0356035 0.0106356 0.00248517 0.00590835 0.0228511 0.0742988 0.00402671 0.00192465
internal_weight=22874 545 22329 21927 14106 13912 13742 12851 478 891 533 12373 11655 718 531 7821 7370 370 7163 11421 10081 9802 578 405 9224 7523 1431 383 1048 6092
internal_count=22874 545 22329 21927 14106 13912 13742 12851 478 891 533 12373 11655 718 531 7821 7370 370 7163 11421 10081 9802 578 405 9224 7523 1431 383 1048 6092
is_linear=0
shrinkage=0.0161


Tree=249
num_leaves=31
num_cat=0
split_feature=430 430 488 547 191 314 247 473 267 162 284 475 438 514 193 398 229 198 516 451 419 113 367 299 4 347 323 505 161 533
split_gain=3433.61 3283.64 9507.8 3062.67 2722.2 2686.92 4870 2682.11 2630.62 3133.12 2986.81 3612.44 3170.55 3479.8 2763.96 4101.17 4635.32 3893.46 3920.38 5365.87 5014.99 5266.87 8174.78 2704.39 3048.72 2412.71 3537.59 2298 2252.16 2240.81
threshold=52.000000000000007 29.500000000000004 178.50000000000003 209.25000000000003 8.0000000000000018 8.0000000000000018 6.5000000000000009 8.0000000000000018 35.500000000000007 5.5000000000000009 43.500000000000007 73.500000000000014 5.5000000000000009 265.50000000000006 20.000000000000004 6.5000000000000009 4.5000000000000009 35.500000000000007 20.500000000000004 3.5000000000000004 4.5000000000000009 8.0000000000000018 10.500000000000002 16.500000000000004 10.500000000000002 10.500000000000002 10.500000000000002 106.50000000000001 10.500000000000002 208.50000000000003
decision_type=2 2 2 10 2 2 2 2 2 2 2 2 2 2 2 2 2 2 2 2 2 2 2 2 2 2 2 2 2 2
left_child=1 3 4 8 -3 6 -5 28 9 29 11 12 -11 14 15 -14 -17 18 -18 -20 -21 22 -22 24 -23 26 -6 -10 -7 -1
right_child=-2 2 -4 5 25 7 -8 -9 27 10 -12 -13 13 -15 -16 16 17 -19 19 20 21 23 -24 -25 -26 -27 -28 -29 -30 -31
leaf_value=-0.0031624265859293132 -0.031701387332222317 0.059411340071474479 0.10766631308636468 0.071891730985955082 -0.015505371493964937 0.029966874060363958 -0.030863974246623373 -0.070841064699650583 -0.0024823984679813735 -0.0035840234472702659 -0.029774999688991902 0.07851468401555152 0.00277669972599615 0.086106346152467428 -0.009018397200293472 -0.0036468223981986998 0.0027801144755782983 -0.027473447987066101 -0.011907542795170381 0.14235661754081125 0.038845359140516442 0.046630354576336928 0.17747325373991044 0.07358671904251167 -0.047888618752562805 -0.034967747734290906 0.061350584556437188 -0.048731116008052015 -0.053573406461965407 -0.040408479354772216
leaf_weight=7135 860 200 285 178 401 175 364 426 636 3421 508 197 2228 177 1131 685 341 175 209 240 244 181 202 208 173 428 253 497 160 445
leaf_count=7135 860 200 285 178 401 175 364 426 636 3421 508 197 2228 177 1131 685 341 175 209 240 244 181 202 208 173 428 253 497 160 445
internal_value=-0.000143926 0.00109407 0.0235514 -0.000635228 0.00483353 -0.0245154 0.00283894 -0.0440287 0.000998374 0.00250544 0.00827908 0.0102517 0.00885058 0.0157221 0.0136477 0.0188993 0.0324047 0.0449333 0.0519938 0.0634957 0.0761422 0.0603535 0.101685 0.0275114 0.000372391 -0.00523304 0.0141904 -0.0227906 -0.0098627 -0.00535214
internal_weight=22763 21903 1567 20336 1282 1303 542 761 19033 17900 10320 9812 9615 6194 6017 4886 2658 1973 1798 1457 1248 1008 446 562 354 1082 654 1133 335 7580
internal_count=22763 21903 1567 20336 1282 1303 542 761 19033 17900 10320 9812 9615 6194 6017 4886 2658 1973 1798 1457 1248 1008 446 562 354 1082 654 1133 335 7580
is_linear=0
shrinkage=0.0161


Tree=250
num_leaves=31
num_cat=0
split_feature=481 367 482 434 593 316 483 71 312 355 217 102 450 515 281 575 336 473 220 356 409 525 146 367 128 402 22 90 219 327
split_gain=2808.63 2708.36 2586.32 2996 3594.69 2913.31 2765.98 5191.82 2458.35 2937.77 3212.95 4958.96 6785.96 3229.63 3184.98 5207.22 3054.25 2782.39 2715.18 2483.69 2911.19 3049.88 2398.66 2533.65 2395.37 2439.9 2390.46 2321.61 3572.08 2227.81
threshold=341.50000000000006 3.5000000000000004 253.50000000000003 16.500000000000004 203.05000305175784 87.000000000000014 235.50000000000003 8.0000000000000018 20.000000000000004 13.500000000000002 16.500000000000004 16.500000000000004 6.5000000000000009 145.50000000000003 8.0000000000000018 161.34999847412112 10.500000000000002 16.500000000000004 3.5000000000000004 8.0000000000000018 6.5000000000000009 228.50000000000003 13.500000000000002 10.500000000000002 2.5000000000000004 43.500000000000007 8.0000000000000018 6.5000000000000009 5.5000000000000009 5.5000000000000009
decision_type=2 2 2 2 10 2 2 2 2 2 2 2 2 2 2 8 2 2 2 2 2 2 2 2 2 2 2 2 2 2
left_child=1 -1 5 4 -4 6 8 -8 9 18 13 12 -12 14 -11 16 -16 -14 -3 20 22 26 -20 -24 -10 -26 27 28 -22 -29
right_child=-2 2 3 -5 -6 -7 7 -9 24 10 11 -13 17 -15 15 -17 -18 -19 19 -21 21 -23 23 -25 25 -27 -28 29 -30 -31
leaf_value=-0.012842105902768531 0.063738576882842152 -0.016026051764934896 -0.040230238673270156 -0.070331988172251933 0.039839115361960498 0.06522658574907772 -0.019216959551296205 0.089286180828655262 0.042782811533536129 0.00035844221094794465 0.14404846473612462 -0.010126047108951942 -0.0058737053345899234 -0.022399156991723731 -0.0025991271684778139 0.10606064292506999 0.065668341641950762 0.079703134733321579 -0.010930261203219457 -0.0087640430067205764 0.012923111756205247 0.090901631884301656 -0.0027894676722757237 0.071896186625149114 -0.020629096201051571 0.034301870683334158 0.0033466851436270415 0.050838346176881398 0.095633917019528586 -0.018885530188587425
leaf_weight=4319 173 2358 336 270 256 191 206 256 191 1354 205 314 233 718 547 227 246 170 1791 2614 244 160 270 208 2559 228 1271 206 306 280
leaf_count=4319 173 2358 336 270 256 191 206 256 191 1354 205 314 233 718 547 227 246 170 1791 2614 244 160 270 208 2559 228 1271 206 306 280
internal_value=-0.000881847 -0.001379 0.00133775 -0.0258796 -0.0055659 0.00269111 0.00199377 0.040855 0.000917272 0.00379627 0.0153818 0.0417655 0.0686034 0.00750685 0.0165616 0.0380475 0.0185487 0.0301673 -0.00099161 0.00382848 0.0107838 0.0228903 -0.00236882 0.0296605 -0.0123406 -0.0161268 0.0181633 0.0363181 0.0589832 0.0106198
internal_weight=22707 22534 18215 862 592 17353 17162 462 16700 13722 4014 922 608 3092 2374 1020 793 403 9708 7350 4736 2467 2269 478 2978 2787 2307 1036 550 486
internal_count=22707 22534 18215 862 592 17353 17162 462 16700 13722 4014 922 608 3092 2374 1020 793 403 9708 7350 4736 2467 2269 478 2978 2787 2307 1036 550 486
is_linear=0
shrinkage=0.0161


Tree=251
num_leaves=31
num_cat=0
split_feature=181 451 514 512 503 225 574 570 540 101 304 284 599 508 69 585 538 546 378 325 348 483 564 39 470 98 469 591 283 418
split_gain=2302.8 2272.72 3038.3 3819.5 4919.71 2225.09 2612.06 2790.81 2847.15 2542.18 2470.55 2359.8 2174.87 3721.37 2347.95 4122.15 2283.54 2238.64 5111.18 1933.46 2867.77 2436.11 2475.39 2288.15 2174.78 3428.81 2086.19 2711.09 3255.06 2637.76
threshold=52.000000000000007 6.5000000000000009 313.50000000000006 268.50000000000006 308.50000000000006 5.5000000000000009 231.15000152587893 216.75000000000003 220.15000152587893 35.500000000000007 24.500000000000004 24.500000000000004 213.05000305175784 265.50000000000006 29.500000000000004 185.15000152587893 147.50000000000003 157.84999847412112 10.500000000000002 29.500000000000004 8.0000000000000018 121.50000000000001 154.15000152587893 5.5000000000000009 16.500000000000004 10.500000000000002 24.500000000000004 171.05000305175784 6.5000000000000009 29.500000000000004
decision_type=2 2 2 2 2 2 10 10 10 2 2 2 10 2 2 8 2 10 2 2 2 2 10 2 2 2 2 8 2 2
left_child=1 12 3 4 5 10 7 8 9 11 -3 19 13 14 16 -16 17 -1 -19 21 -21 22 23 -7 -23 -26 27 29 -29 -25
right_child=-2 2 -4 -5 -6 6 -8 -9 -10 -11 -12 -13 -14 -15 15 -17 -18 18 -20 20 -22 24 -24 26 25 -27 -28 28 -30 -31
leaf_value=-0.0062401582489981242 -0.031390443980082915 0.00017760236115818518 0.062679852273521672 -0.04558449192129424 0.086891412428010933 -0.0041023107420036561 0.072310113706829132 -0.049696891887504958 0.06461553361138983 -0.022267733591035746 -0.034274754729624511 -0.010392494199800099 -0.039798972040563693 0.069271231096687119 -0.0030510901863607517 0.075130159761581702 -0.027336311283534281 -0.015544303584848091 0.10098576599096712 0.081263341023675273 0.0075656654669918845 -0.020611812720107672 0.079177203004907687 0.013733757413060826 -0.018926623225012609 0.081627381845144037 -0.01278856895319914 0.018525181442159117 0.114100010693285 0.081820275712354132
leaf_weight=6633 603 3678 233 390 190 950 169 209 239 647 632 1065 452 178 569 252 1287 234 167 275 274 866 173 1173 193 161 302 168 207 169
leaf_count=6633 603 3678 233 390 190 950 169 209 239 647 632 1065 452 178 569 252 1287 234 167 275 274 866 173 1173 193 161 302 168 207 169
internal_value=-0.000347158 0.000497458 0.00508501 0.00397675 0.00562517 0.00428629 0.00973965 0.00824086 0.0100089 0.00803482 -0.00486888 0.0113195 -0.00530405 -0.0036286 -0.00505057 0.0209174 -0.00761556 -0.00400394 0.032927 0.0160328 0.0445245 0.0124414 0.0199407 0.0164811 -0.006853 0.0267391 0.0261779 0.0330454 0.0713453 0.0223255
internal_weight=22738 22135 12363 12130 11740 11550 7240 7071 6862 6623 4310 5976 9772 9320 9142 821 8321 7034 401 4911 549 4362 3142 2969 1220 354 2019 1717 375 1342
internal_count=22738 22135 12363 12130 11740 11550 7240 7071 6862 6623 4310 5976 9772 9320 9142 821 8321 7034 401 4911 549 4362 3142 2969 1220 354 2019 1717 375 1342
is_linear=0
shrinkage=0.0161


Tree=252
num_leaves=31
num_cat=0
split_feature=103 480 401 35 540 544 480 191 492 442 442 502 163 38 128 22 43 568 389 277 505 565 339 223 241 122 308 93 491 311
split_gain=3500.93 2811.17 2586.55 2600.52 2520.02 3258.45 7557.04 2846.72 2944.02 2695.51 4021.01 5820.46 3935.26 3312.57 7359.06 8309.62 3334.66 2728.53 4598.62 4402.62 2612.79 2530.89 2521.27 2249.66 2242.18 3342.99 2717.42 5518.32 2234.88 2396.84
threshold=102.50000000000001 344.50000000000006 52.000000000000007 1.0000000180025095e-35 260.05000305175787 244.44999694824222 231.50000000000003 20.000000000000004 143.50000000000003 4.5000000000000009 20.000000000000004 293.50000000000006 5.5000000000000009 24.500000000000004 10.500000000000002 10.500000000000002 35.500000000000007 231.15000152587893 13.500000000000002 8.0000000000000018 177.50000000000003 184.15000152587893 16.500000000000004 8.0000000000000018 10.500000000000002 4.5000000000000009 8.0000000000000018 5.5000000000000009 99.500000000000014 24.500000000000004
decision_type=2 2 2 2 10 10 2 2 2 2 2 2 2 2 2 2 2 8 2 2 2 10 2 2 2 2 2 2 2 2
left_child=1 2 3 -1 5 7 -7 9 28 -5 11 12 21 16 22 -16 17 24 19 -19 -12 -11 -15 -22 25 -14 -27 -28 -9 -30
right_child=-2 -3 -4 4 -6 6 -8 8 -10 10 20 -13 13 14 15 -17 -18 18 -20 -21 23 -23 -24 -25 -26 26 27 -29 29 -31
leaf_value=-0.022646229323237611 0.068900447139027446 0.06604697240896848 -0.028844024369608291 -0.0061703292351955354 -0.051393855792048762 -0.025995034680059405 0.12757773886494481 -0.010954931242719445 -0.037142137392946729 0.0024394580744577961 -0.0011965762781447867 0.10321143908650218 -0.001200616877519443 -0.022499259184977267 0.028018220872348058 0.18833902014509607 -0.028116159437037914 -0.01489035040979674 0.096161799981965682 0.080896676846548318 -0.077858970893549165 -0.055580667272316857 0.057568869074144761 -0.0090582311506957527 -0.0049421469899413135 0.018558322285171965 0.14625495378719675 0.033219168090717885 0.069294979989504971 -0.0062476520863980877
leaf_weight=1179 193 166 802 4655 227 162 170 1611 901 3607 2573 184 838 269 168 168 412 363 301 189 234 206 164 262 1143 639 162 365 210 225
leaf_count=1179 193 166 802 4655 227 162 170 1611 901 3607 2573 184 838 269 168 168 412 363 301 189 234 206 164 262 1143 639 162 365 210 225
internal_value=0.000621096 3.57956e-05 -0.000452583 0.000601125 0.00194531 0.00254645 0.0525707 0.00170854 -0.0128913 0.00425554 0.00822026 0.0135558 0.011719 0.0208553 0.0517042 0.108249 0.0154731 0.0199686 0.0455205 0.0178637 -0.00772829 -0.000688947 0.00777242 -0.0415641 0.0130353 0.0233006 0.0409298 0.0680111 -0.00220047 0.0301671
internal_weight=22748 22555 22389 21587 20408 20181 332 19849 2947 16902 12247 9178 8994 5181 769 336 4412 4000 853 552 3069 3813 433 496 3147 2004 1166 527 2046 435
internal_count=22748 22555 22389 21587 20408 20181 332 19849 2947 16902 12247 9178 8994 5181 769 336 4412 4000 853 552 3069 3813 433 496 3147 2004 1166 527 2046 435
is_linear=0
shrinkage=0.0161


Tree=253
num_leaves=31
num_cat=0
split_feature=328 39 36 533 552 198 573 391 296 366 450 554 553 599 312 336 469 226 39 306 465 574 511 306 239 307 321 166 534 189
split_gain=2704.01 2627.64 2258.8 2260.87 3447.23 8636.77 3504.35 3135.56 2925.13 3113.16 3573.33 2438.13 6048.88 11824.5 2944.2 2435.1 2261.18 2404.62 4232.51 3055.83 3478.82 2806.49 3126.13 2990.82 2227.94 2787.64 2150.47 2174.13 2022.02 2023.73
threshold=43.500000000000007 61.500000000000007 1.0000000180025095e-35 290.50000000000006 231.15000152587893 13.500000000000002 195.05000305175784 87.000000000000014 52.000000000000007 6.5000000000000009 13.500000000000002 220.15000152587893 203.05000305175784 185.15000152587893 20.000000000000004 73.500000000000014 35.500000000000007 10.500000000000002 35.500000000000007 6.5000000000000009 43.500000000000007 218.75000000000003 96.500000000000014 35.500000000000007 16.500000000000004 13.500000000000002 5.5000000000000009 6.5000000000000009 96.500000000000014 13.500000000000002
decision_type=2 2 2 2 10 2 10 2 2 2 2 10 10 10 2 2 2 2 2 2 2 8 2 2 2 2 2 2 2 2
left_child=1 2 -1 4 7 6 -6 8 11 -10 -11 12 14 -14 15 16 17 -4 19 20 24 23 -23 -21 25 -19 27 -2 29 -18
right_child=26 -3 3 -5 5 -7 -8 -9 9 10 -12 -13 13 -15 -16 -17 28 18 -20 21 -22 22 -24 -25 -26 -27 -28 -29 -30 -31
leaf_value=-0.020908516066859256 -0.036446380458585545 -0.034266798427851727 5.480766886976744e-05 -0.031499781953973814 0.048823358030379578 0.11091165992956829 -0.048825328505830476 -0.057438608864808768 -0.012970446380512564 0.12428366631027463 0.018389468575528124 -0.043377002991890609 -0.03013946805618151 0.15334432865131598 -0.014455208701154762 0.06519323516565001 -0.021122735759279608 -0.001349487083427 0.088878731270545297 -0.00021078293023190609 0.087308112338157107 0.0023336530616386228 -0.08069186229450713 0.065707480880338065 0.060907739948771827 0.059987081481434515 -0.041186111186290508 0.043484733950805869 -0.048910795449803757 0.043708192083607135
leaf_weight=1193 163 575 9414 512 162 261 231 231 184 160 172 313 172 193 2825 164 423 1068 191 1417 216 250 221 204 265 234 764 192 395 177
leaf_count=1193 163 575 9414 512 162 261 231 231 184 160 172 313 172 193 2825 164 423 1068 191 1417 216 250 221 204 265 234 764 192 395 177
internal_value=-0.00155811 -0.000305403 0.000612531 0.00189391 0.00276999 0.0391111 -0.00851331 0.00151049 0.00224159 0.0400423 0.0694937 0.00116515 0.00194844 0.0668162 0.000591345 0.0034966 0.00279596 0.00452622 0.0148731 0.0112192 0.0267069 -0.00196955 -0.0365731 0.00807039 0.0183384 0.00965606 -0.0259677 0.00671767 -0.0206214 -0.00195838
internal_weight=22942 21823 21248 20055 19543 654 393 18889 18658 516 332 18142 17829 365 17464 14639 14475 13480 4066 3875 1783 2092 471 1621 1567 1302 1119 355 995 600
internal_count=22942 21823 21248 20055 19543 654 393 18889 18658 516 332 18142 17829 365 17464 14639 14475 13480 4066 3875 1783 2092 471 1621 1567 1302 1119 355 995 600
is_linear=0
shrinkage=0.0161


Tree=254
num_leaves=31
num_cat=0
split_feature=500 532 417 436 42 528 483 524 4 529 399 389 33 404 420 556 233 31 508 591 593 535 540 502 15 287 560 450 270 494
split_gain=3163.1 2855.5 2478.53 6697.68 2229.19 2190.98 5905.26 11986.9 3470.25 3597.41 3992.94 7087.22 3066.81 2612.8 3474.67 5988.6 2593.72 2240.54 2574.63 2036.97 2028.07 3500.94 3500.16 2671.99 3128.72 3965.22 2580.57 2430.3 2293.69 3258.48
threshold=344.50000000000006 290.50000000000006 35.500000000000007 24.500000000000004 24.500000000000004 135.50000000000003 222.50000000000003 122.50000000000001 20.000000000000004 177.50000000000003 6.5000000000000009 16.500000000000004 20.000000000000004 13.500000000000002 10.500000000000002 182.25000000000003 13.500000000000002 10.500000000000002 224.50000000000003 184.15000152587893 145.55000305175784 90.500000000000014 97.049999237060561 84.500000000000014 16.500000000000004 13.500000000000002 125.85000228881837 16.500000000000004 5.5000000000000009 129.50000000000003
decision_type=2 2 2 2 2 2 2 2 2 2 2 2 2 2 2 8 2 2 2 10 10 2 8 2 2 2 8 2 2 2
left_child=1 2 5 4 -4 6 20 -8 9 13 11 16 17 14 -7 -16 19 18 -12 -11 21 -1 -23 -24 25 26 -25 -22 -28 -30
right_child=-2 -3 3 -5 -6 8 7 -9 -10 10 12 -13 -14 -15 15 -17 -18 -19 -20 -21 27 22 23 24 -26 -27 28 -29 29 -31
leaf_value=-0.0027692459574620667 0.069152559586877729 -0.038813675454493102 -0.0058219225726255574 0.09059663265340305 0.050864954202096566 -0.02886123512626158 0.16684454397824197 -0.023900114915251795 -0.03657823358946561 0.020032778496465727 -0.020171463938471513 0.11938574587189647 0.041141880388819947 -0.048578753474635791 -0.027553128375283342 0.088879929339430175 0.05925529984277967 -0.04832533489422626 0.055132405390647822 -0.050754099647550704 -0.039351123140560697 0.071400389570925399 -0.012167184003151603 0.077876703071975847 -0.01581758450286087 0.095851393043177496 -0.035497176677852217 0.019416749760281186 -0.019024398682195527 0.083318698324392662
leaf_weight=11855 165 522 1097 277 215 745 163 179 1110 233 445 206 265 598 242 217 193 430 160 192 685 287 779 160 347 249 222 248 162 160
leaf_count=11855 165 522 1097 277 215 745 163 179 1110 233 445 206 265 598 242 217 193 430 160 192 685 287 779 160 347 249 222 248 162 160
internal_value=-0.00108082 -0.00159365 -0.000714291 0.0186561 0.00344953 -0.00221454 0.000782253 0.0669415 -0.0114405 -0.00432728 0.0098605 0.0375924 -0.00769914 -0.0210634 -0.00737752 0.0274413 0.0102898 -0.0202271 -0.000217488 -0.0118909 -0.000709296 0.000797723 0.0186802 0.011391 0.0255259 0.0406043 0.0210304 -0.0237049 0.00426763 0.0317562
internal_weight=22808 22643 22121 1589 1312 20532 15496 342 5036 3926 2124 824 1300 1802 1204 459 618 1035 605 425 15154 14221 2366 2079 1300 953 704 933 544 322
internal_count=22808 22643 22121 1589 1312 20532 15496 342 5036 3926 2124 824 1300 1802 1204 459 618 1035 605 425 15154 14221 2366 2079 1300 953 704 933 544 322
is_linear=0
shrinkage=0.0161


Tree=255
num_leaves=31
num_cat=0
split_feature=114 454 113 38 186 298 480 550 558 590 115 544 441 586 359 198 54 34 565 123 158 489 419 183 269 347 287 416 545 223
split_gain=2872.5 2670.85 2347.6 2453.18 2288.21 3816.78 6964.52 7142.12 3758.81 5444.73 7226.95 6826.1 5375.49 3746.65 3477.95 3112.36 2524.47 2504.19 2415.73 2613.22 6963.9 2346.26 2300.96 4553.7 4998.65 2558.82 3591.21 2527.66 2136.48 1977.19
threshold=73.500000000000014 2.5000000000000004 1.0000000180025095e-35 61.500000000000007 13.500000000000002 5.5000000000000009 154.50000000000003 205.94999694824222 193.75000000000003 201.75000000000003 13.500000000000002 192.55000305175784 10.500000000000002 149.65000152587893 43.500000000000007 8.0000000000000018 20.000000000000004 24.500000000000004 213.05000305175784 43.500000000000007 10.500000000000002 183.50000000000003 16.500000000000004 8.0000000000000018 16.500000000000004 16.500000000000004 8.0000000000000018 24.500000000000004 200.34999847412112 6.5000000000000009
decision_type=2 2 2 2 2 2 2 8 10 10 2 8 2 10 2 2 2 2 10 2 2 2 2 2 2 2 2 2 10 2
left_child=1 -1 -3 4 8 6 16 -8 18 11 12 15 -11 14 21 -10 -6 -15 19 22 -21 -7 28 24 25 26 29 -25 -4 -24
right_child=-2 2 3 -5 5 13 7 -9 9 10 -12 -13 -14 17 -16 -17 -18 -19 -20 20 -22 -23 23 27 -26 -27 -28 -29 -30 -31
leaf_value=-0.016028336713055036 -0.040359143771875682 -0.021746841857412342 0.0025719254998200448 -0.030246564712195965 -0.013361962424756449 -0.013071483603274536 0.0080336753263661673 0.14762180396660252 -0.025186653616293436 -0.017625192088586688 -0.067491691230683659 0.13172430911799193 0.11264450347335363 -0.050771283048079867 0.058711999370403924 0.069078420063627202 0.045822955474686365 0.0042547115369467384 -0.045024190492690984 -0.0069967297193377085 0.12554381612204157 0.050739037221529927 -0.0082977116257190627 -0.021669494809044971 0.10444120740797086 -0.021272313208703084 0.090580462856393665 0.038631883475092721 -0.046412338855461241 0.048855914000023745
leaf_weight=2296 457 999 8787 540 1013 2048 195 186 176 161 241 258 167 884 220 187 229 282 241 259 170 161 354 750 243 252 236 237 237 281
leaf_count=2296 457 999 8787 540 1013 2048 195 186 176 161 241 258 167 884 220 187 229 282 241 259 170 161 354 750 243 252 236 237 237 281
internal_value=-0.00040183 0.000416338 0.00230593 0.00357217 0.004563 -0.00446351 0.0160231 0.0762408 0.008123 0.0354241 -0.00051234 0.0683892 0.0486294 -0.013719 -0.002321 0.0233093 -0.00243049 -0.0374429 0.00542426 0.00645607 0.0454703 -0.00841008 0.00498287 0.0191629 0.038204 0.0238504 0.0369324 -0.00716599 0.00128283 0.0169568
internal_weight=22747 22290 19994 18995 18455 5218 1623 381 13237 1190 569 621 328 3595 2429 363 1242 1166 12047 11806 429 2209 11377 2353 1366 1123 871 987 9024 635
internal_count=22747 22290 19994 18995 18455 5218 1623 381 13237 1190 569 621 328 3595 2429 363 1242 1166 12047 11806 429 2209 11377 2353 1366 1123 871 987 9024 635
is_linear=0
shrinkage=0.0161


Tree=256
num_leaves=31
num_cat=0
split_feature=575 551 173 583 51 516 519 380 505 582 552 589 518 557 367 57 487 425 12 385 53 343 439 196 417 128 337 279 355 484
split_gain=2881.08 5137.52 4743.37 5257.74 4773.6 3005.82 4779.44 2952.52 2519.31 2385.27 5194.79 4786.74 2923.82 3417.59 2584.93 3169.67 5174.43 3144.65 3695.59 2527.43 4516.44 4548.23 5448.01 3065.81 2532.34 4655.18 2255.45 3651.05 1968.36 1963.65
threshold=207.44999694824222 247.34999847412112 13.500000000000002 198.94999694824222 8.0000000000000018 242.50000000000003 231.50000000000003 43.500000000000007 214.50000000000003 207.44999694824222 186.44999694824222 200.34999847412112 231.50000000000003 218.75000000000003 6.5000000000000009 29.500000000000004 156.50000000000003 16.500000000000004 8.0000000000000018 10.500000000000002 24.500000000000004 13.500000000000002 10.500000000000002 24.500000000000004 3.5000000000000004 8.0000000000000018 16.500000000000004 13.500000000000002 52.000000000000007 160.50000000000003
decision_type=10 10 2 8 2 2 2 2 2 10 8 10 2 10 2 2 2 2 2 2 2 2 2 2 2 2 2 2 2 2
left_child=1 5 3 4 -2 7 -7 9 -5 11 -11 12 13 14 28 19 17 18 -17 29 23 22 -22 24 25 -21 -26 -28 -1 -16
right_child=2 -3 -4 8 -6 6 -8 -9 -10 10 -12 -13 -14 -15 15 16 -18 -19 -20 20 21 -23 -24 -25 26 -27 27 -29 -30 -31
leaf_value=-0.0046454394991494868 -0.018981637006533842 0.083124449254726923 -0.056998930974844368 0.0055675193050764363 0.094559131771183483 0.10954211413610759 -0.0048791332378387607 -0.028093349023993519 -0.060239648693015901 0.086223300471448175 -0.014878805751660054 -0.045670132247175338 -0.060835501169084129 0.07506248064893245 -0.00032437767065291703 0.085176790818580525 0.1152243192675841 -0.021745197052510431 0.001883270372009337 0.10789497285056993 0.031392405019398779 -0.0043465995379799978 0.14749200557756706 -0.044523086172656968 -0.0087577131959240551 0.0023710133940752134 0.075651515831340929 -0.015246807530509669 -0.056792506572392015 -0.031810181858684242
leaf_weight=8437 168 192 621 278 223 165 221 1019 328 254 273 600 199 161 4611 259 166 334 297 182 235 239 190 292 1283 269 243 216 192 578
leaf_count=8437 168 192 621 278 223 165 221 1019 328 254 273 600 199 161 4611 259 166 334 297 182 235 239 190 292 1283 269 243 216 192 578
internal_value=-0.00136491 0.00022117 -0.0220701 -0.000290398 0.0457142 -0.000538757 0.0439705 -0.0013768 -0.030012 1.73918e-05 0.0338051 -0.000919371 0.000539962 0.00121293 0.000551924 0.00639686 0.032678 0.0172553 0.040726 0.00306556 0.0144458 0.0517498 0.0833511 0.00446852 0.0110025 0.0450071 0.0021853 0.0328246 -0.00580847 -0.0038361
internal_weight=22725 21107 1618 997 391 20915 386 20529 606 19510 527 18983 18383 18184 18023 9394 1056 890 556 8338 3149 664 425 2485 2193 451 1742 459 8629 5189
internal_count=22725 21107 1618 997 391 20915 386 20529 606 19510 527 18983 18383 18184 18023 9394 1056 890 556 8338 3149 664 425 2485 2193 451 1742 459 8629 5189
is_linear=0
shrinkage=0.0161


Tree=257
num_leaves=31
num_cat=0
split_feature=327 208 463 173 39 159 452 195 551 538 543 243 537 243 430 389 326 284 258 117 356 457 547 556 313 48 593 551 130 556
split_gain=2764.34 2735.06 2474.32 2662.77 3995.94 2225.66 3493.72 3193.96 3030.25 3952.98 3013.39 4599.41 5809.97 4240.34 8175.17 4982.84 9385.33 4487.76 3369.76 3577.85 3188.69 4532.53 2924.15 2682.45 5009.25 2654.32 2531.89 2724.56 3296.07 3408.23
threshold=2.5000000000000004 87.000000000000014 3.5000000000000004 24.500000000000004 8.0000000000000018 20.000000000000004 16.500000000000004 73.500000000000014 209.25000000000003 140.50000000000003 192.55000305175784 35.500000000000007 156.50000000000003 10.500000000000002 29.500000000000004 13.500000000000002 10.500000000000002 8.0000000000000018 5.5000000000000009 13.500000000000002 16.500000000000004 6.5000000000000009 185.15000152587893 215.15000152587893 8.0000000000000018 35.500000000000007 180.15000152587893 152.44999694824222 10.500000000000002 158.65000152587893
decision_type=2 2 2 2 2 2 2 2 8 2 8 2 2 2 2 2 2 2 2 2 2 2 10 8 2 2 10 8 2 10
left_child=-1 2 3 -2 -5 7 25 10 9 -8 22 13 -13 14 15 18 -17 -15 19 -12 21 -19 23 26 -25 -7 27 -4 -29 -30
right_child=1 -3 5 4 -6 6 8 -9 -10 -11 11 12 -14 17 -16 16 -18 20 -20 -21 -22 -23 -24 24 -26 -27 -28 28 29 -31
leaf_value=-0.014639700643185481 -0.012736740936372481 -0.054793106000613601 0.0031371088318585772 -0.023154363069229605 0.082077068512951615 -0.010927249690392911 0.015463831818252687 0.075277518529936374 -0.025683353049715637 0.10463754493475098 0.0093015551161812499 0.0098315791431343551 0.1461494294874453 -0.04262851852066387 0.12069985611759358 0.12163348862161659 -0.013871503674770004 -0.015116864514791007 -0.015163664678576109 0.097789838337336399 -0.027981446644430648 0.085238693107129018 -0.033316586498896482 0.11439375719008887 -0.0093357458959980721 -0.072266193501267381 -0.029639844312937421 0.0091020074932041499 0.12602708277734875 0.024528846892377512
leaf_weight=2376 3162 205 7137 176 199 1954 492 190 262 175 429 161 164 553 225 295 240 202 943 164 253 275 518 164 175 202 535 586 161 185
leaf_count=2376 3162 205 7137 176 199 1954 492 190 262 175 429 161 164 553 225 295 240 202 943 164 253 275 518 164 175 202 535 586 161 185
internal_value=0.00179274 0.00370948 0.00430504 -0.00792067 0.0326257 0.00690516 -0.00543238 0.00971481 0.0206574 0.0388955 0.00878099 0.0206834 0.0786921 0.0154092 0.0285114 0.0184844 0.0608022 -0.00801978 0.00372953 0.0338136 0.0181653 0.0426908 0.00386709 0.00602349 0.0504522 -0.0166851 0.00427026 0.00652152 0.0324131 0.0718258
internal_weight=22758 20382 20177 3537 375 16640 3085 13555 929 667 13365 3904 325 3579 2296 2071 535 1283 1536 593 730 477 9461 8943 339 2156 8604 8069 932 346
internal_count=22758 20382 20177 3537 375 16640 3085 13555 929 667 13365 3904 325 3579 2296 2071 535 1283 1536 593 730 477 9461 8943 339 2156 8604 8069 932 346
is_linear=0
shrinkage=0.0161


Tree=258
num_leaves=31
num_cat=0
split_feature=575 506 558 484 542 572 381 511 367 513 396 513 252 157 506 92 549 581 226 581 484 574 218 379 211 0 136 304 347 507
split_gain=4620.25 6080.98 3365.73 6544.66 3174 3160.51 8833.64 2852.46 3970.84 3221.66 2817.23 2793.5 2561.62 3234.26 3569.13 4155.04 11227.8 3820.13 5017.46 3767.75 2295.81 2165.64 2168.44 4132.56 2074.64 2028.71 2167.32 2425.51 2366.3 2578.43
threshold=209.25000000000003 313.50000000000006 240.75000000000003 178.50000000000003 160.44999694824222 207.44999694824222 10.500000000000002 141.50000000000003 3.5000000000000004 156.50000000000003 20.000000000000004 324.50000000000006 13.500000000000002 5.5000000000000009 66.500000000000014 6.5000000000000009 152.44999694824222 119.25000000000001 10.500000000000002 100.45000076293947 269.50000000000006 116.54999923706056 8.0000000000000018 16.500000000000004 6.5000000000000009 35.500000000000007 29.500000000000004 3.5000000000000004 20.000000000000004 226.50000000000003
decision_type=10 2 10 2 8 10 2 2 2 2 2 2 2 2 2 2 8 8 2 10 2 10 2 2 2 2 2 2 2 2
left_child=1 2 5 -4 -2 7 -7 8 -1 12 11 20 13 -10 21 16 19 18 -17 -16 24 22 -15 -24 -6 26 27 -9 29 -29
right_child=4 -3 3 -5 10 6 -8 25 9 -11 -12 -13 -14 14 15 17 -18 -19 -20 -21 -22 -23 23 -25 -26 -27 -28 28 -30 -31
leaf_value=-0.012293765515611281 0.037082970528570972 0.097504546097202299 0.12683883321274614 -0.014577422563559166 0.025615560424003512 -0.027443895718800519 0.13619021596754849 -0.037210803183969521 -0.00054739390198228083 0.057950717872695186 -0.07130564454282462 0.039084947011799862 -0.0060206672241400298 0.00054956577362573413 0.079830676641770487 0.010164609214009995 0.1469775495488661 -0.0072053318094094185 0.12387136244684152 -0.01563273782040148 -0.075762537123599052 -0.044397565388431114 0.011560075372613471 0.078732044522963729 -0.037096828229624547 -0.050095823448741535 -0.046036492151416648 0.0004122698763235917 -0.030512231077505315 0.045658229237144701
leaf_weight=3510 182 173 160 180 206 182 161 494 4074 314 387 171 3485 1834 165 259 278 673 165 305 229 188 988 313 405 340 364 1725 482 403
leaf_count=3510 182 173 160 180 206 182 161 494 4074 314 387 171 3485 1834 165 259 278 673 165 305 229 188 988 313 405 340 364 1725 482 403
internal_value=0.000460112 0.00243921 0.0016565 0.0519022 -0.0260988 0.000830153 0.0492953 1.24761e-05 0.00290427 0.00699664 -0.0343411 -0.0201681 0.00573765 0.0101741 0.0186305 0.0365906 0.0658607 0.016611 0.0544692 0.0178309 -0.0322584 0.00865157 0.0118403 0.0277387 -0.0159147 -0.0125502 -0.00886242 -0.00449551 0.00168756 0.008992
internal_weight=22795 21215 21042 340 1580 20702 343 20359 16551 13041 1398 1011 12727 9242 5168 1845 748 1097 424 470 840 3323 3135 1301 611 3808 3468 3104 2610 2128
internal_count=22795 21215 21042 340 1580 20702 343 20359 16551 13041 1398 1011 12727 9242 5168 1845 748 1097 424 470 840 3323 3135 1301 611 3808 3468 3104 2610 2128
is_linear=0
shrinkage=0.0161


Tree=259
num_leaves=31
num_cat=0
split_feature=434 175 418 435 29 541 569 553 317 36 530 392 342 21 4 277 518 504 442 167 506 7 246 483 24 390 565 278 533 518
split_gain=2491.68 2679.58 4628.67 5174.38 4291.78 5137.51 4542.61 5656.76 3846.89 4358.36 6285.9 3596.9 3745.28 3506.84 2583.33 2508.77 2436.58 2525.11 2416.98 2941.55 5995.24 2281.15 2708 4494.53 5717.22 3074.11 2186.24 2775.5 2137.23 2633.39
threshold=5.5000000000000009 10.500000000000002 29.500000000000004 20.000000000000004 20.000000000000004 235.84999847412112 193.75000000000003 200.34999847412112 4.5000000000000009 8.0000000000000018 72.500000000000014 8.0000000000000018 8.0000000000000018 24.500000000000004 24.500000000000004 29.500000000000004 278.50000000000006 278.50000000000006 8.0000000000000018 24.500000000000004 133.50000000000003 4.5000000000000009 13.500000000000002 97.500000000000014 6.5000000000000009 10.500000000000002 231.15000152587893 24.500000000000004 211.50000000000003 204.50000000000003
decision_type=2 2 2 2 2 10 10 10 2 2 2 2 2 2 2 2 2 2 2 2 2 2 2 2 2 2 8 2 2 2
left_child=16 14 4 11 5 6 7 8 9 -3 -11 -4 -13 15 18 -10 17 -1 28 21 -21 -20 23 -23 -25 -26 27 -6 29 -2
right_child=1 2 3 -5 26 -7 -8 -9 13 10 -12 12 -14 -15 -16 -17 -18 -19 19 20 -22 22 -24 24 25 -27 -28 -29 -30 -31
leaf_value=-0.0073215523407950045 -0.0059264889641941661 0.0039635624123107605 -0.040627611329703266 0.11375349366806488 -0.018022620372573822 0.10303447041326967 -0.044820766000877851 0.10937976002009754 0.0045022860545532893 0.026518149117166802 0.15892470678275603 -0.0077223925109481811 0.096133013994607594 -0.044772397210546475 -0.021856071200433761 0.07036972667767577 -0.062478250699080431 0.056142518083344223 -0.017804161128851633 0.010274960422334414 0.1280474948072301 0.003045401416742477 -0.0089279471938228799 0.13771493916946342 -0.0044632861387848485 0.084469725012359609 -0.054292639114865308 0.054007597639916395 -0.043192987730120133 0.051799878909884599
leaf_weight=7572 3644 363 164 228 840 168 331 166 1557 223 160 161 203 354 1381 166 203 166 793 360 163 834 848 177 268 161 323 166 370 217
leaf_count=7572 3644 363 164 228 840 168 331 166 1557 223 160 161 203 354 1381 166 203 166 793 360 163 834 848 177 268 161 323 166 370 217
internal_value=-0.000129368 0.00377565 0.012589 0.049631 0.00677056 0.0161547 0.0117513 0.0180239 0.0126436 0.0440045 0.081893 0.0218972 0.0501323 0.00136832 -0.00155129 0.0108619 -0.00740489 -0.00595704 0.00202464 0.0117157 0.0470254 0.00571429 0.0138759 0.0273211 0.0606914 0.0288576 -0.0178407 -0.00611352 -0.00622476 -0.00267599
internal_weight=22730 14789 5573 756 4817 3488 3320 2989 2823 746 383 528 364 2077 9216 1723 7941 7738 7835 3604 523 3081 2288 1440 606 429 1329 1006 4231 3861
internal_count=22730 14789 5573 756 4817 3488 3320 2989 2823 746 383 528 364 2077 9216 1723 7941 7738 7835 3604 523 3081 2288 1440 606 429 1329 1006 4231 3861
is_linear=0
shrinkage=0.0161


Tree=260
num_leaves=31
num_cat=0
split_feature=500 505 500 142 577 514 518 518 252 337 275 478 107 389 196 538 518 467 394 465 486 69 556 32 533 511 526 503 75 225
split_gain=4336.18 3923.85 2961.71 2941.49 3285.02 5297.63 2495.58 4878.18 5632.25 3214.63 2716.84 3856.62 2453.58 3092.21 2429.53 2310.89 4857.42 5405.25 2527.77 2514.05 2427.13 2183.78 2198.69 2131.99 2020.64 2486.26 2572.1 2441.59 2202.94 2841.67
threshold=341.50000000000006 337.50000000000006 253.50000000000003 43.500000000000007 240.75000000000003 290.50000000000006 235.50000000000003 218.50000000000003 10.500000000000002 61.500000000000007 13.500000000000002 61.500000000000007 16.500000000000004 13.500000000000002 61.500000000000007 96.500000000000014 90.500000000000014 10.500000000000002 52.000000000000007 3.5000000000000004 205.50000000000003 6.5000000000000009 144.05000305175784 1.0000000180025095e-35 227.50000000000003 235.50000000000003 224.50000000000003 202.50000000000003 52.000000000000007 8.0000000000000018
decision_type=2 2 2 2 10 2 2 2 2 2 2 2 2 2 2 2 2 2 2 2 2 2 8 2 2 2 2 2 2 2
left_child=1 2 3 4 6 -6 7 9 -9 10 14 15 13 -4 23 16 18 -18 -12 -17 21 22 -21 -1 25 26 27 28 -25 -30
right_child=-2 -3 12 -5 5 -7 -8 8 -10 -11 11 -13 -14 -15 -16 19 17 -19 -20 20 -22 -23 -24 24 -26 -27 -28 -29 29 -31
leaf_value=-0.026970946822671635 0.079060297437849147 0.079138481920537948 -0.039667447476991621 -0.02697475816096425 0 0.11894214194226026 -0.027497613894589976 0.00034614062805712529 0.12628237477114934 -0.046304428381494622 0.003538416045305645 0.088465236718918205 -0.070438110125580267 0.03390238493309785 0.051508201986234542 0.042470412801781855 0.012077893468159176 0.11307178488982403 0.064707006106840645 -0.03406700853495806 0.029495757209603606 -0.037197605493354879 0.045923422414473718 -0.0017538145658102442 -0.032861387948540315 0.056056424719538339 0.055213347709502938 -0.048434479628043141 -0.0067834946673956502 0.083700515212124085
leaf_weight=875 181 161 394 960 244 161 769 195 175 366 2253 166 265 237 218 245 283 268 190 161 280 848 199 11039 495 204 210 282 178 181
leaf_count=875 181 161 394 960 244 161 769 195 175 366 2253 166 265 237 218 245 283 268 190 161 280 848 199 11039 495 204 210 282 178 181
internal_value=0.000572689 -5.75983e-05 -0.000629377 0.000567767 0.00185966 0.0472583 0.000942825 0.00207659 0.0599742 0.000944361 0.00187661 0.0121735 -0.0293083 -0.0119977 -0.00180408 0.00948938 0.0180555 0.0612429 0.00830533 -0.00529628 -0.0131769 -0.0230874 0.0100845 -0.00266902 -0.000978046 0.000324973 -0.000629247 -0.00163528 -0.000475349 0.038771
internal_weight=22683 22502 22341 21445 20485 405 20080 19311 370 18941 18575 4893 896 631 13682 4727 2994 551 2443 1733 1488 1208 360 13464 12589 12094 11890 11680 11398 359
internal_count=22683 22502 22341 21445 20485 405 20080 19311 370 18941 18575 4893 896 631 13682 4727 2994 551 2443 1733 1488 1208 360 13464 12589 12094 11890 11680 11398 359
is_linear=0
shrinkage=0.0161


Tree=261
num_leaves=31
num_cat=0
split_feature=227 479 158 461 159 561 127 243 18 483 572 551 569 506 534 163 523 45 66 113 599 498 553 464 193 545 145 141 149 479
split_gain=2948.44 2927.34 4252.98 2588.05 3371.52 3900.01 6675.45 4787.73 6044.76 3895.15 3001.28 5409.1 3091.99 2629.07 2818.78 2883.07 2924.34 3874.14 2585.45 3257.76 2635.07 3503.98 2312.29 2307.2 2649.61 2277.13 3356.21 2039.39 2032.8 2790.27
threshold=3.5000000000000004 73.500000000000014 10.500000000000002 3.5000000000000004 20.000000000000004 200.34999847412112 5.5000000000000009 13.500000000000002 16.500000000000004 255.50000000000003 111.64999771118165 121.64999771118165 102.64999771118165 208.50000000000003 171.50000000000003 5.5000000000000009 118.50000000000001 10.500000000000002 10.500000000000002 35.500000000000007 197.65000152587893 162.50000000000003 99.350002288818374 24.500000000000004 6.5000000000000009 172.25000000000003 6.5000000000000009 13.500000000000002 5.5000000000000009 4.5000000000000009
decision_type=2 2 2 2 2 10 2 2 2 2 10 10 8 2 2 2 2 2 2 2 8 2 10 2 2 8 2 2 2 2
left_child=-1 3 -3 -2 5 10 -7 8 -8 23 11 13 -13 14 15 22 -17 -18 19 20 -12 -22 27 24 25 26 -6 -5 -20 -30
right_child=1 2 -4 4 9 6 7 -9 -10 -11 18 12 -14 -15 -16 16 17 -19 28 -21 21 -23 -24 -25 -26 -27 -28 -29 29 -31
leaf_value=-0.010636565417739682 -0.010948831954140049 -0.0049481891928723236 0.10129041093564875 5.5884645656550132e-05 0 0.10234220825315506 0.0058061024820848925 -0.030694895324575488 0.12655667276276741 -0.076007010899285216 -0.0083618609599193233 0.026864660387275002 0.12656097874268579 0.073675007837591178 -0.047795591972210567 0.014391587800739422 0.12109031261685252 0.0097427774018804501 -0.04754088466646101 0.0691846422662694 0.091344092695857443 -0.012930686142376272 0.040774239113084108 -0.035052037665593581 -0.0087944876354127711 -0.012003024668085706 0.094670058678071781 -0.035247322594963423 0.046385830914320685 -0.01992823618448673
leaf_weight=4714 2993 198 192 1661 171 303 313 355 164 216 1613 162 162 161 228 3394 161 164 498 195 174 160 272 525 1496 207 225 569 198 968
leaf_count=4714 2993 198 192 1661 171 303 313 355 164 216 1613 162 162 161 228 3394 161 164 498 195 174 160 272 525 1496 207 225 569 198 968
internal_value=0.000703401 0.00365843 0.0472935 0.00269609 0.00547303 0.00924286 0.0376292 0.0140336 0.0473714 -0.0102816 0.00624081 0.0125473 0.0767855 0.00939501 0.0077866 0.00982747 0.0188184 0.0649751 -0.00524257 0.00644479 0.000149054 0.0413216 -0.00352727 -0.0048623 0.00267751 0.0311778 0.053809 -0.00894142 -0.0203014 -0.00864717
internal_weight=22812 18098 390 17708 14715 11875 1135 832 477 2840 10740 6934 324 6610 6449 6221 3719 325 3806 2142 1947 334 2502 2624 2099 603 396 2230 1664 1166
internal_count=22812 18098 390 17708 14715 11875 1135 832 477 2840 10740 6934 324 6610 6449 6221 3719 325 3806 2142 1947 334 2502 2624 2099 603 396 2230 1664 1166
is_linear=0
shrinkage=0.0161


Tree=262
num_leaves=31
num_cat=0
split_feature=559 560 573 570 394 512 328 599 596 553 236 564 51 79 292 238 84 111 292 551 599 569 409 582 187 545 370 323 122 29
split_gain=3420.3 5067.33 9268.61 2896.55 8400.6 2895.51 2728.76 2939.79 6043.04 5861.59 4436.02 4829.82 3789.41 3418.21 3926.35 4683.08 5713.85 3128.2 2602.45 3302.61 3047.35 5271.41 5271.68 4199.83 2560.74 2508.5 2489.56 2380.24 2461.4 2674.09
threshold=280.05000305175787 247.34999847412112 207.44999694824222 247.34999847412112 10.500000000000002 278.50000000000006 52.000000000000007 186.44999694824222 200.34999847412112 187.55000305175784 8.0000000000000018 117.85000228881837 52.000000000000007 20.000000000000004 8.0000000000000018 16.500000000000004 8.0000000000000018 16.500000000000004 8.0000000000000018 244.44999694824222 144.05000305175784 150.65000152587893 6.5000000000000009 196.25000000000003 13.500000000000002 181.25000000000003 20.000000000000004 20.000000000000004 5.5000000000000009 4.5000000000000009
decision_type=10 10 8 10 2 2 2 8 8 10 2 10 2 2 2 2 2 2 2 8 10 8 2 10 2 10 2 2 2 2
left_child=1 3 -3 5 -5 6 7 18 9 10 -9 -12 13 14 15 17 -17 -10 26 20 21 -20 -23 25 -15 -22 -1 28 -16 -30
right_child=-2 2 -4 4 -6 -7 -8 8 12 -11 11 -13 -14 24 27 16 -18 -19 19 -21 23 22 -24 -25 -26 -27 -28 -29 29 -31
leaf_value=-0.0041758606413186961 -0.069587810924450516 0.14294167345988182 -0.02150636289075155 0.12123950542321273 -0.023295205945119208 -0.043896920576343 -0.030992941468373808 -0.016531434672365161 0.006896715870211575 0.10720006425606562 0.12475763854751834 0.0041218515742807507 -0.064360590780827856 -0.039921033798328669 -0.025975951119847893 0.026238392862718306 0.14713996186596562 0.070104875562466404 0.0039760287384689825 0.069171961002562968 -0.019533207947144443 0.13227352195353992 0.01870097492790751 0.038968853830680439 0.019195186572728035 -0.079763227789843766 -0.027932711764451591 -0.045400706393098608 0.077825513181780506 0.00545832210102887
leaf_weight=7499 177 180 175 191 229 388 691 371 1422 297 170 175 203 611 437 246 173 237 4344 206 743 171 280 257 275 237 1350 315 172 578
leaf_count=7499 177 180 175 191 229 388 691 371 1422 297 170 175 203 611 437 246 173 237 4344 206 743 171 280 257 275 237 1350 315 172 578
internal_value=0.000907781 0.00146037 0.0618094 0.00049722 0.0423776 -0.0003068 0.000480219 0.00152849 0.0113994 0.0470473 0.0220628 0.0636338 0.00366006 0.00675718 0.0137683 0.0281051 0.0762134 0.0159406 -0.00218749 0.0057745 0.0036055 0.00942106 0.061815 -0.0189184 -0.0215458 -0.0341231 -0.00780286 -0.00605078 0.00437187 0.0220859
internal_weight=22800 22623 355 22268 420 21848 21460 20769 5682 1013 716 345 4669 4466 3580 2078 419 1659 15087 6238 6032 4795 451 1237 886 980 8849 1502 1187 750
internal_count=22800 22623 355 22268 420 21848 21460 20769 5682 1013 716 345 4669 4466 3580 2078 419 1659 15087 6238 6032 4795 451 1237 886 980 8849 1502 1187 750
is_linear=0
shrinkage=0.0161


Tree=263
num_leaves=31
num_cat=0
split_feature=335 572 521 35 501 13 513 310 479 290 554 236 306 546 257 154 186 35 223 168 373 557 205 132 81 415 98 16 552 570
split_gain=2867.25 2609.36 5041.38 4155.77 3191.37 8173.78 3264.49 2805.42 2919.33 2575.45 2466.14 2286.55 4117.74 2252.84 2133.83 2781.99 2047.96 2470.45 2093.34 3361.98 2902.5 4266.44 7016.56 4799.38 5368.16 2525.38 3284.67 2155.09 2032.03 2022.7
threshold=87.000000000000014 220.15000152587893 185.50000000000003 10.500000000000002 286.50000000000006 10.500000000000002 261.50000000000006 29.500000000000004 87.000000000000014 5.5000000000000009 209.25000000000003 43.500000000000007 6.5000000000000009 134.44999694824222 6.5000000000000009 6.5000000000000009 13.500000000000002 35.500000000000007 8.0000000000000018 35.500000000000007 4.5000000000000009 66.850002288818374 5.5000000000000009 8.0000000000000018 13.500000000000002 29.500000000000004 8.0000000000000018 35.500000000000007 196.25000000000003 174.34999847412112
decision_type=2 10 2 2 2 2 2 2 2 2 10 2 2 8 2 2 2 2 2 2 2 10 2 2 2 2 2 2 10 10
left_child=1 4 3 -3 6 -6 7 8 9 10 29 16 -13 14 15 -9 18 28 25 20 -20 22 -22 24 -23 27 -27 -11 -18 -1
right_child=-2 2 -4 -5 5 -7 -8 13 -10 11 -12 12 -14 -15 -16 -17 17 -19 19 -21 21 23 -24 -25 -26 26 -28 -29 -30 -31
leaf_value=-0.0059162787876219872 -0.05526421949292018 0.083970606705913733 -0.047195078315910494 -0.024918559084062236 -0.021541789155985296 0.11689102880192415 0.053537273339465827 -0.011688457129034472 0.059014707297862512 -0.0043415539612794403 0.056073900468914417 -0.018982405771437224 0.078077479089385157 -0.036597666134477458 -0.02148560432976656 0.074067328834516305 -0.0082193379209694051 0.037163648144774436 -0.0035099412965327948 -0.039325649098924866 0.16171057341027528 0.019323531712303853 0.025505046413940965 -0.0064544806103550784 0.10380992579767342 -0.0066798878520719857 0.089947535232549988 0.050586881525722646 -0.059792728327266904 -0.045586091413373817
leaf_weight=7030 246 169 769 196 233 210 295 216 226 4045 160 185 291 948 575 179 2295 287 742 237 164 570 245 795 297 179 185 194 217 350
leaf_count=7030 246 169 769 196 233 210 295 216 226 4045 160 185 291 948 575 179 2295 287 742 237 164 570 245 795 297 179 185 194 217 350
internal_value=-0.000596877 1.97881e-07 -0.0237972 0.0254341 0.00126529 0.0440279 0.000358068 -0.000401894 0.0014995 0.000794389 -0.00644227 0.00578963 0.0403052 -0.0189463 -0.00167101 0.0271134 0.00421549 -0.00756429 0.00852688 0.0188719 0.0237835 0.0335736 0.080178 0.0220906 0.0482924 0.00166703 0.0423655 -0.00182217 -0.0126839 -0.00780083
internal_weight=22730 22484 1134 365 21350 443 20907 20612 18694 18468 7540 10928 476 1918 970 395 10452 2799 7653 3050 2813 2071 409 1662 867 4603 364 4239 2512 7380
internal_count=22730 22484 1134 365 21350 443 20907 20612 18694 18468 7540 10928 476 1918 970 395 10452 2799 7653 3050 2813 2071 409 1662 867 4603 364 4239 2512 7380
is_linear=0
shrinkage=0.0161


Tree=264
num_leaves=31
num_cat=0
split_feature=500 287 367 221 57 568 38 569 94 194 587 552 520 596 507 97 524 484 353 550 76 170 592 397 536 170 430 437 381 114
split_gain=2835.04 2754.96 2826.71 3381.66 3002.11 3225.94 2990.7 5678.88 3516.05 4863.36 2990.16 3850.6 2963.78 2868.41 3465.44 2799.87 2666.31 3729.3 2798.93 2636.08 2611.23 2365.17 3133.65 2342.88 2809.58 2335.32 2175.55 3862.4 2597.75 2691.59
threshold=341.50000000000006 43.500000000000007 3.5000000000000004 24.500000000000004 4.5000000000000009 200.34999847412112 10.500000000000002 240.75000000000003 43.500000000000007 8.0000000000000018 135.15000152587893 164.05000305175784 148.50000000000003 201.75000000000003 226.50000000000003 43.500000000000007 136.50000000000003 150.50000000000003 35.500000000000007 97.049999237060561 24.500000000000004 35.500000000000007 124.95000076293947 4.5000000000000009 95.500000000000014 6.5000000000000009 5.5000000000000009 20.000000000000004 5.5000000000000009 6.5000000000000009
decision_type=2 2 2 2 2 8 2 10 2 2 10 10 2 10 2 2 2 2 2 10 2 2 8 2 2 2 2 2 2 2
left_child=1 2 -1 6 25 12 10 8 13 -10 11 16 -6 14 15 21 18 -18 19 23 -21 26 -23 -4 -25 -5 27 28 29 -8
right_child=-2 -3 3 4 5 -7 7 -9 9 -11 -12 -13 -14 -15 -16 -17 17 -19 -20 20 -22 22 -24 24 -26 -27 -28 -29 -30 -31
leaf_value=-0.012007831769390206 0.062015543878223521 -0.027185508898969118 -0.0098187593029609617 -0.019304819490757342 -0.026953130099977865 -0.062307820928286302 0.007870240922966407 0.10046283556061875 0.10829490665071058 0.002427507354770422 -0.016352433745193285 0.078943501660662704 0.033526572689320758 -0.032887751801096501 0.070913308259430125 -0.031051717395083635 0.080144319123621993 -0.0089499374422263682 0.048729328341947778 -0.032744254026014018 0.036203009108423667 0.0034320058651496096 0.10403908475893497 0.0082622361908924972 0.068209230162588563 0.05323153781411373 0.0015430894203326134 0.093352846979331702 -0.0073960103841842857 0.092777348361127818
leaf_weight=4227 184 1028 1970 214 866 473 215 190 221 230 2337 177 277 419 238 434 263 226 288 1067 164 161 161 2147 224 248 3125 192 578 177
leaf_count=4227 184 1028 1970 214 866 473 215 190 221 230 2337 177 277 419 238 434 263 226 288 1067 164 161 161 2147 224 248 3125 192 578 177
internal_value=-0.000922138 -0.00143703 -0.000205312 0.0026801 -0.0165813 -0.0269345 0.00531419 0.0137564 0.0110742 0.0543571 -0.000723074 0.00487029 -0.0122756 0.00764546 0.0108659 0.00802731 0.00280154 0.0389197 -0.000208402 -0.00274207 -0.0235396 0.0117122 0.0538086 0.00315018 0.0139356 0.0195815 0.00854485 0.0273546 0.0142668 0.0462684
internal_weight=22721 22537 21509 17282 2078 1616 15204 6341 6151 451 8863 6526 1143 5700 5281 5043 6349 489 5860 5572 1231 4609 322 4341 2371 462 4287 1162 970 392
internal_count=22721 22537 21509 17282 2078 1616 15204 6341 6151 451 8863 6526 1143 5700 5281 5043 6349 489 5860 5572 1231 4609 322 4341 2371 462 4287 1162 970 392
is_linear=0
shrinkage=0.0161


Tree=265
num_leaves=31
num_cat=0
split_feature=461 156 460 17 135 275 517 409 156 166 333 14 176 491 84 483 543 97 237 193 287 467 231 216 368 489 558 443 198 484
split_gain=2806.7 2593.37 2728.91 3637.47 7548.13 4062.87 3907.15 3504.75 2799.45 3573.52 5307.21 4899.08 2718.72 2562.66 2558.98 2516.8 4958.54 2640.81 2387.17 2216.96 3051.27 3285.72 2988.25 3555.38 4934.7 6259.14 2410.47 3105.35 3737.88 2404.36
threshold=52.000000000000007 73.500000000000014 6.5000000000000009 35.500000000000007 4.5000000000000009 5.5000000000000009 159.50000000000003 61.500000000000007 20.000000000000004 6.5000000000000009 8.0000000000000018 8.0000000000000018 73.500000000000014 35.500000000000007 13.500000000000002 299.50000000000006 235.84999847412112 52.000000000000007 61.500000000000007 16.500000000000004 4.5000000000000009 29.500000000000004 6.5000000000000009 13.500000000000002 6.5000000000000009 101.50000000000001 228.75000000000003 13.500000000000002 8.0000000000000018 71.500000000000014
decision_type=2 2 2 2 2 2 2 2 2 2 2 2 2 2 2 2 10 2 2 2 2 2 2 2 2 2 8 2 2 2
left_child=1 2 7 12 -5 -6 14 8 -1 -10 -11 -12 15 -2 -7 16 17 18 19 20 -4 22 29 -24 -25 -26 -21 28 -28 -22
right_child=13 -3 3 4 5 6 -8 -9 9 10 11 -13 -14 -15 -16 -17 -18 -19 -20 26 21 -23 23 24 25 -27 27 -29 -30 -31
leaf_value=-0.0084054817760241315 0.024410465254550505 -0.041784388324372847 -0.0073416661132110605 0.13198351173970982 -0.040313464852141302 -0.030590497626885479 0.10082546409582953 0.065527731047503909 -0.011803504596559393 -0.0048991430695423943 0.14757893106339348 0.024945247801170311 0.064672336423208077 -0.042132392054541896 0.056123179044886798 -0.046633800318771783 0.083567419732800838 -0.036045036801780991 0.065821150353976191 -0.018288866008066035 0.022700841793405962 -0.017688276069249088 0.020533060976997225 -0.006648651743658817 0.040325569980793355 0.15796610428157068 0 -0.033113401856558165 0.10474490289253489 -0.010635298964579692
leaf_weight=8209 192 345 2154 180 231 192 183 186 561 305 173 166 196 680 163 247 206 414 167 1787 1213 674 1599 180 267 210 192 184 164 1042
leaf_count=8209 192 345 2154 180 231 192 183 186 561 305 173 166 196 680 163 247 206 414 167 1787 1213 674 1599 180 267 210 192 184 164 1042
internal_value=0.00086779 0.00200225 0.00270777 0.00787882 0.0381142 0.0161116 0.0403825 -0.00367009 -0.00503979 0.0178693 0.0437544 0.0875976 0.00524327 -0.0274538 0.00915821 0.00415246 0.00535477 0.00378013 0.00545929 0.00441398 0.00875735 0.0154499 0.0204064 0.0335102 0.0650579 0.0921663 -0.00927421 0.020514 0.0482977 0.0072863
internal_weight=22662 21790 21445 11845 949 769 538 9600 9414 1205 644 339 10896 872 355 10700 10453 10247 9833 9666 7339 5185 4511 2256 657 477 2327 540 356 2255
internal_count=22662 21790 21445 11845 949 769 538 9600 9414 1205 644 339 10896 872 355 10700 10453 10247 9833 9666 7339 5185 4511 2256 657 477 2327 540 356 2255
is_linear=0
shrinkage=0.0161


Tree=266
num_leaves=31
num_cat=0
split_feature=532 497 30 550 563 159 38 378 94 451 11 220 170 184 178 430 111 405 345 438 418 430 377 135 30 267 56 372 109 139
split_gain=2670.77 2670.7 2656.41 3345.79 2924.57 7485.32 2874.26 3839.45 3164.6 5645.85 3052.29 2157.26 3502.04 6184.11 2901.31 2404.37 2149.69 2579.38 2110.16 2095.01 1977.9 2273.88 4127.52 2149.67 2201.82 1986.03 2307.94 1968.65 3506.39 1825.31
threshold=293.50000000000006 198.50000000000003 43.500000000000007 189.94999694824222 240.75000000000003 8.0000000000000018 10.500000000000002 73.500000000000014 43.500000000000007 13.500000000000002 35.500000000000007 20.000000000000004 35.500000000000007 6.5000000000000009 2.5000000000000004 35.500000000000007 20.000000000000004 20.000000000000004 43.500000000000007 52.000000000000007 52.000000000000007 5.5000000000000009 16.500000000000004 8.0000000000000018 6.5000000000000009 10.500000000000002 24.500000000000004 52.000000000000007 8.0000000000000018 3.5000000000000004
decision_type=2 2 2 10 10 2 2 2 2 2 2 2 2 2 2 2 2 2 2 2 2 2 2 2 2 2 2 2 2 2
left_child=2 -2 4 -4 6 -6 19 8 10 -10 11 12 14 -14 29 18 17 -13 20 27 21 22 23 -16 -25 26 -23 -1 -29 -8
right_child=1 -3 3 -5 5 -7 7 -9 9 -11 -12 16 13 -15 15 -17 -18 -19 -20 -21 -22 25 -24 24 -26 -27 -28 28 -30 -31
leaf_value=-0.0036888455667786584 0.007034421936080241 -0.065597940849248665 -0.011862614137125018 -0.091376153576687547 0.11793063582365657 -0.012018453970662642 0.019342657754734014 0.08127162838616013 0.0020865763237815195 0.10533264560309795 -0.027364624685772748 -0.015689319521097946 -0.014008637214697488 0.11420202549695908 -0.0048071654318490942 0.067101006903563909 -0.049507795412726881 0.051316438331262385 -0.036298338091927826 -0.040248442796024582 0.066984968853526949 0.0053833119519601401 0.081445665585726704 0.00069992965084334218 0.079905156868773794 -0.015269555182945661 0.059114779528272571 0.089595681214265907 -0.010194186986642364 -0.039633447645821905
leaf_weight=11367 224 315 970 160 196 277 188 184 344 229 721 610 174 221 654 200 305 197 241 394 167 1528 291 168 200 1049 240 164 205 488
leaf_count=11367 224 315 970 160 196 277 188 184 344 229 721 610 174 221 654 200 305 197 241 394 167 1528 291 168 200 1049 240 164 205 488
internal_value=3.94239e-05 -0.0353694 0.000902829 -0.023142 0.00219767 0.0417796 0.00128453 0.0085251 0.00689285 0.04339 0.0041532 0.00743999 0.0113749 0.0576648 0.00799328 0.0124484 -0.0130944 0.000638559 0.0100345 -0.00372701 0.0126386 0.0104353 0.0279352 0.0126759 0.0438102 0.00227032 0.0126905 -0.00249891 0.0340931 -0.023197
internal_weight=22671 539 22132 1130 21002 473 20529 8399 8215 573 7642 6921 5809 395 5414 4738 1112 807 4538 12130 4297 4130 1313 1022 368 2817 1768 11736 369 676
internal_count=22671 539 22132 1130 21002 473 20529 8399 8215 573 7642 6921 5809 395 5414 4738 1112 807 4538 12130 4297 4130 1313 1022 368 2817 1768 11736 369 676
is_linear=0
shrinkage=0.0161


Tree=267
num_leaves=31
num_cat=0
split_feature=191 296 207 440 34 402 70 131 3 139 585 186 472 39 312 536 510 74 345 309 77 63 306 66 368 537 130 215 268 588
split_gain=3106.14 2884.5 4305.52 2558.7 3082.27 3342.9 2993.79 4785.53 7257.58 6217.77 4223.41 3235.99 3119.27 2926.68 2579.14 2413.96 3263.29 2271.99 3036.7 2836.66 2678.54 3482.47 2549.68 4358.3 2060.02 2833.7 2319.97 1978.8 1977.6 1890.5
threshold=20.000000000000004 61.500000000000007 8.0000000000000018 4.5000000000000009 6.5000000000000009 52.000000000000007 16.500000000000004 8.0000000000000018 6.5000000000000009 8.0000000000000018 127.25000000000001 16.500000000000004 43.500000000000007 10.500000000000002 5.5000000000000009 218.50000000000003 226.50000000000003 8.0000000000000018 24.500000000000004 3.5000000000000004 5.5000000000000009 8.0000000000000018 5.5000000000000009 6.5000000000000009 13.500000000000002 95.500000000000014 10.500000000000002 29.500000000000004 24.500000000000004 210.94999694824222
decision_type=2 2 2 2 2 2 2 2 2 2 8 2 2 2 2 2 2 2 2 2 2 2 2 2 2 2 2 2 2 10
left_child=1 3 -3 29 27 6 11 14 9 -9 -10 12 17 -12 -8 16 -2 24 19 -19 21 -21 -22 -24 26 -26 -6 -5 -13 -1
right_child=15 2 -4 4 5 -7 7 8 10 -11 13 28 -14 -15 -16 -17 -18 18 -20 20 22 -23 23 -25 25 -27 -28 -29 -30 -31
leaf_value=-0.0064076603674357926 -0.013071356967125969 -0.0056469363965619846 0.10147817323586522 -0.0064517551160978726 0.0014933823266327197 -0.037641929353329419 0.036295888973759148 0.045138660752835333 0.071114911814285406 0.17937056013872152 0.040114944799565767 -0.0051661599090995674 0.073488372536618843 -0.048116411253186026 -0.021858179701041258 -0.048031371928005544 0.059489516924314305 -0.02548406507922843 0.071876616678685612 0.10383057823128444 -0.025211558539955613 0.0090996507268834952 0.10025032923784405 0.002248274900629634 0.0038177095958414195 -0.071074111342686278 0.055564159013154993 0.037014210201626173 -0.05779103991075444 -0.058279983401382587
leaf_weight=5114 2897 203 186 5311 1446 345 337 178 281 181 170 1176 222 228 478 476 170 342 295 222 322 185 168 394 318 222 240 286 220 189
leaf_count=5114 2897 203 186 5311 1446 345 337 178 281 181 170 1176 222 228 478 476 170 342 295 222 322 185 168 394 318 222 240 286 220 189
internal_value=-0.000431562 0.00211607 0.0455143 0.00122018 0.00492781 0.0113594 0.0135796 0.0313889 0.0543161 0.112881 0.0233171 0.00785822 0.0146696 -0.0103705 0.00215947 -0.0142866 -0.00904172 0.0115205 0.0243147 0.0157082 0.0266388 0.0608289 0.0108708 0.0315861 0.000428547 -0.0269276 0.00920425 -0.00422649 -0.0134763 -0.00826084
internal_weight=22802 19259 389 18870 13567 7970 7625 1853 1038 359 679 5772 4376 398 815 3543 3067 4154 1928 1633 1291 407 884 562 2226 540 1686 5597 1396 5303
internal_count=22802 19259 389 18870 13567 7970 7625 1853 1038 359 679 5772 4376 398 815 3543 3067 4154 1928 1633 1291 407 884 562 2226 540 1686 5597 1396 5303
is_linear=0
shrinkage=0.0161


Tree=268
num_leaves=31
num_cat=0
split_feature=485 161 484 320 103 580 509 514 568 327 447 494 481 90 327 443 561 263 237 292 320 307 374 479 598 501 158 525 35 306
split_gain=2703.2 4060.05 3453.69 5142.45 3561.98 3164.17 3663.35 2973.34 2502.76 2781.09 3436.68 6320.52 2342.59 3063.79 2316.87 1849.73 1975.89 5889.97 2338.84 2268.42 4658.51 1942.41 1752.52 2749.07 2388.12 2217.95 2201.65 3983.19 2220.7 2196.03
threshold=253.50000000000003 13.500000000000002 241.50000000000003 13.500000000000002 102.50000000000001 187.55000305175784 215.50000000000003 310.50000000000006 160.44999694824222 35.500000000000007 20.000000000000004 214.50000000000003 219.50000000000003 8.0000000000000018 2.5000000000000004 35.500000000000007 156.05000305175784 13.500000000000002 10.500000000000002 29.500000000000004 20.000000000000004 10.500000000000002 4.5000000000000009 52.000000000000007 173.15000152587893 129.50000000000003 10.500000000000002 142.50000000000003 43.500000000000007 35.500000000000007
decision_type=2 2 2 2 2 10 2 2 10 2 2 2 2 2 2 2 10 2 2 2 2 2 2 2 10 2 2 2 2 2
left_child=2 5 4 -4 7 6 -2 8 14 10 12 -12 -10 -14 -1 16 19 18 -18 22 21 -21 -16 24 25 26 27 28 -24 -28
right_child=1 -3 3 -5 -6 -7 -8 -9 9 -11 11 -13 13 -15 15 -17 17 -19 -20 20 -22 -23 23 -25 -26 -27 29 -29 -30 -31
leaf_value=-0.014460672999882435 -0.019469825019710237 -0.064872936294083194 0.0028771340333442869 0.11763014168841109 0.069702336875410012 -0.033751751193197434 0.082050721123427331 0.068231613368307645 -0.027118791776369264 -0.06179864132124134 -0.013935587820020258 0.11070592911099317 0.061012654065482813 -0.023154694958593871 -0.0077557651875538635 -0.01641333434572818 -0.020087026181819203 0.09249112390704313 0.040151599665611187 -0.010335954586582635 0.096279554295425007 0.042057213029207424 0.0057549262779961977 0.053089889816299536 0.056431950623029234 -0.02208896107166983 -0.012079519489863504 0.07440750132826808 0.063901042404259728 0.040969235871924616
leaf_weight=2201 182 413 271 162 188 397 186 161 1685 297 298 163 201 253 3845 1158 438 260 270 495 199 291 4545 301 216 872 2261 246 177 222
leaf_count=2201 182 413 271 162 188 397 186 161 1685 297 298 163 201 253 3845 1158 438 260 270 495 199 291 4545 301 216 872 2261 246 177 222
internal_value=-0.000438761 -0.0241915 0.000851014 0.0458645 -6.53956e-05 -0.00219806 0.0317782 -0.000689469 -0.00122167 -0.0151105 -0.00976827 0.030084 -0.0183683 0.014057 0.00101273 0.00317027 0.00472112 0.026953 0.00285209 0.00314511 0.0266822 0.00903157 0.00131558 0.00526387 0.00357525 0.00220067 0.00504648 0.0112355 0.00793947 -0.00732706
internal_weight=22854 1178 21676 433 21243 765 368 21055 20894 2897 2600 461 2139 454 17997 15796 14638 968 708 13670 985 786 12685 8840 8539 8323 7451 4968 4722 2483
internal_count=22854 1178 21676 433 21243 765 368 21055 20894 2897 2600 461 2139 454 17997 15796 14638 968 708 13670 985 786 12685 8840 8539 8323 7451 4968 4722 2483
is_linear=0
shrinkage=0.0161


Tree=269
num_leaves=31
num_cat=0
split_feature=500 497 454 347 506 314 132 286 227 239 444 499 556 309 505 201 29 572 491 243 407 542 222 388 572 509 65 329 469 63
split_gain=2716.17 3744.33 2614.49 3035.75 2966.91 3217.91 2866.46 3021.63 2856.75 3272.91 4586.26 4555.53 6372.1 10601.7 3799.7 7371.99 3339.9 3016.27 3731.82 5377.72 2414.3 2693.1 2352.18 3801.1 3089.37 2304.6 2283.14 2807.89 2263.16 2097.87
threshold=341.50000000000006 275.50000000000006 5.5000000000000009 61.500000000000007 210.50000000000003 52.000000000000007 24.500000000000004 43.500000000000007 3.5000000000000004 16.500000000000004 20.000000000000004 193.50000000000003 137.84999847412112 16.500000000000004 230.50000000000003 13.500000000000002 13.500000000000002 117.85000228881837 87.500000000000014 8.0000000000000018 20.000000000000004 162.34999847412112 6.5000000000000009 16.500000000000004 150.65000152587893 210.50000000000003 10.500000000000002 16.500000000000004 10.500000000000002 6.5000000000000009
decision_type=2 2 2 2 2 2 2 2 2 2 2 2 8 2 2 2 2 8 2 2 2 8 2 2 10 2 2 2 2 2
left_child=1 2 4 6 5 25 7 8 26 14 11 12 -11 16 17 -16 -14 18 -10 -20 -8 -22 -19 29 -25 -1 27 -4 -6 -24
right_child=-2 -3 3 -5 28 -7 20 -9 9 10 -12 -13 13 -15 15 -17 -18 22 19 -21 21 -23 23 24 -26 -27 -28 -29 -30 -31
leaf_value=-0.0084485400631573188 0.060889051426425672 -0.039511283451332938 -0.0038713148917885001 -0.044548840700300206 -0.015966102617606403 0.060421796572502962 -0.023526551585809727 -0.030139121439164342 0.0093458754168245436 0.022954736185145444 -0.012328092474399302 -0.02044628140214147 0.085657979034092474 0.1956048616251492 0.0037790318621521066 0.13534946788176178 -0.00092718550572152213 -0.020699670585389851 0.0082415527338414729 0.12788606561949883 -0.012690181120552412 0.072015698175085185 0.016177363516945837 0.013577130691198138 0.098992420285985733 0.052775517643909628 -0.027682519142184885 0.058275503327926817 -0.082220600745719283 -0.02526729957955003
leaf_weight=6980 181 660 1244 332 316 188 1458 525 2744 780 498 248 290 182 303 174 191 1525 216 178 245 161 551 291 177 163 846 222 233 743
leaf_count=6980 181 660 1244 332 316 188 1458 525 2744 780 498 248 290 182 303 174 191 1525 216 178 245 161 551 291 177 163 846 222 233 743
internal_value=-0.00122828 -0.0017254 -0.000590957 0.00355316 -0.0080218 -0.0053147 0.00471277 0.00761556 0.00935587 0.0134206 0.0305778 0.0432276 0.0541871 0.0908956 0.00797569 0.0518226 0.051227 0.00471678 0.0160089 0.0623539 -0.0138499 0.0208421 -0.00605634 0.00660401 0.0459319 -0.00704814 -0.00661685 0.00552368 -0.0441279 -0.0076015
internal_weight=22845 22664 22004 14124 7880 7331 13792 11928 11403 9091 2189 1691 1443 663 6902 477 481 6425 3138 394 1864 406 3287 1762 468 7143 2312 1466 549 1294
internal_count=22845 22664 22004 14124 7880 7331 13792 11928 11403 9091 2189 1691 1443 663 6902 477 481 6425 3138 394 1864 406 3287 1762 468 7143 2312 1466 549 1294
is_linear=0
shrinkage=0.0161


end of trees

feature_importances:
Column_479=93
Column_419=80
Column_480=77
Column_155=56
Column_35=51
Column_358=46
Column_514=46
Column_274=44
Column_454=43
Column_540=43
Column_156=42
Column_213=42
Column_505=41
Column_481=40
Column_508=39
Column_541=39
Column_217=38
Column_239=38
Column_275=38
Column_276=38
Column_367=37
Column_543=37
Column_59=36
Column_154=36
Column_215=36
Column_506=36
Column_542=36
Column_36=35
Column_58=35
Column_483=35
Column_38=34
Column_235=34
Column_333=34
Column_535=34
Column_34=33
Column_359=33
Column_547=33
Column_94=32
Column_288=32
Column_510=32
Column_511=32
Column_539=32
Column_478=31
Column_516=31
Column_157=30
Column_544=30
Column_563=30
Column_572=30
Column_599=30
Column_57=29
Column_176=29
Column_236=29
Column_453=29
Column_482=29
Column_485=29
Column_504=29
Column_512=29
Column_534=29
Column_569=29
Column_226=28
Column_513=28
Column_336=27
Column_533=27
Column_394=26
Column_503=26
Column_507=26
Column_17=25
Column_299=25
Column_306=25
Column_484=25
Column_550=25
Column_560=25
Column_570=25
Column_575=25
Column_596=25
Column_158=24
Column_486=24
Column_536=24
Column_273=23
Column_417=23
Column_430=23
Column_500=23
Column_532=23
Column_214=22
Column_438=22
Column_460=22
Column_494=22
Column_499=22
Column_509=22
Column_552=22
Column_595=22
Column_598=22
Column_132=21
Column_133=21
Column_199=21
Column_212=21
Column_225=21
Column_278=21
Column_287=21
Column_337=21
Column_497=21
Column_515=21
Column_551=21
Column_556=21
Column_573=21
Column_39=20
Column_166=20
Column_179=20
Column_216=20
Column_227=20
Column_277=20
Column_463=20
Column_517=20
Column_557=20
Column_66=19
Column_321=19
Column_347=19
Column_377=19
Column_488=19
Column_495=19
Column_502=19
Column_528=19
Column_531=19
Column_538=19
Column_566=19
Column_576=19
Column_29=18
Column_96=18
Column_140=18
Column_153=18
Column_198=18
Column_272=18
Column_393=18
Column_416=18
Column_437=18
Column_490=18
Column_498=18
Column_524=18
Column_537=18
Column_571=18
Column_129=17
Column_218=17
Column_335=17
Column_374=17
Column_378=17
Column_395=17
Column_455=17
Column_487=17
Column_489=17
Column_491=17
Column_518=17
Column_564=17
Column_574=17
Column_16=16
Column_75=16
Column_162=16
Column_167=16
Column_192=16
Column_355=16
Column_382=16
Column_401=16
Column_501=16
Column_545=16
Column_546=16
Column_577=16
Column_581=16
Column_593=16
Column_15=15
Column_54=15
Column_77=15
Column_135=15
Column_200=15
Column_222=15
Column_248=15
Column_269=15
Column_298=15
Column_334=15
Column_376=15
Column_396=15
Column_526=15
Column_549=15
Column_559=15
Column_568=15
Column_580=15
Column_582=15
Column_597=15
Column_30=14
Column_90=14
Column_104=14
Column_113=14
Column_114=14
Column_159=14
Column_175=14
Column_180=14
Column_193=14
Column_194=14
Column_259=14
Column_282=14
Column_290=14
Column_307=14
Column_312=14
Column_319=14
Column_346=14
Column_357=14
Column_392=14
Column_402=14
Column_418=14
Column_442=14
Column_456=14
Column_461=14
Column_530=14
Column_555=14
Column_558=14
Column_561=14
Column_594=14
Column_4=13
Column_65=13
Column_93=13
Column_95=13
Column_178=13
Column_189=13
Column_208=13
Column_220=13
Column_234=13
Column_284=13
Column_286=13
Column_294=13
Column_314=13
Column_380=13
Column_399=13
Column_400=13
Column_462=13
Column_465=13
Column_492=13
Column_493=13
Column_527=13
Column_562=13
Column_567=13
Column_584=13
Column_589=13
Column_10=12
Column_70=12
Column_103=12
Column_117=12
Column_118=12
Column_127=12
Column_130=12
Column_134=12
Column_138=12
Column_229=12
Column_233=12
Column_257=12
Column_262=12
Column_281=12
Column_292=12
Column_411=12
Column_464=12
Column_496=12
Column_519=12
Column_520=12
Column_525=12
Column_529=12
Column_553=12
Column_565=12
Column_578=12
Column_583=12
Column_42=11
Column_69=11
Column_112=11
Column_230=11
Column_237=11
Column_238=11
Column_247=11
Column_270=11
Column_313=11
Column_317=11
Column_381=11
Column_397=11
Column_405=11
Column_427=11
Column_443=11
Column_451=11
Column_475=11
Column_548=11
Column_586=11
Column_588=11
Column_590=11
Column_2=10
Column_18=10
Column_31=10
Column_51=10
Column_68=10
Column_73=10
Column_107=10
Column_109=10
Column_116=10
Column_139=10
Column_142=10
Column_170=10
Column_174=10
Column_211=10
Column_228=10
Column_231=10
Column_253=10
Column_266=10
Column_280=10
Column_293=10
Column_296=10
Column_297=10
Column_300=10
Column_308=10
Column_309=10
Column_364=10
Column_379=10
Column_403=10
Column_406=10
Column_412=10
Column_424=10
Column_436=10
Column_450=10
Column_471=10
Column_521=10
Column_522=10
Column_587=10
Column_591=10
Column_0=9
Column_1=9
Column_3=9
Column_53=9
Column_56=9
Column_89=9
Column_97=9
Column_98=9
Column_99=9
Column_106=9
Column_108=9
Column_115=9
Column_119=9
Column_128=9
Column_146=9
Column_163=9
Column_171=9
Column_183=9
Column_191=9
Column_204=9
Column_207=9
Column_210=9
Column_223=9
Column_232=9
Column_243=9
Column_249=9
Column_254=9
Column_261=9
Column_291=9
Column_303=9
Column_305=9
Column_316=9
Column_320=9
Column_327=9
Column_328=9
Column_329=9
Column_338=9
Column_345=9
Column_389=9
Column_390=9
Column_429=9
Column_447=9
Column_452=9
Column_467=9
Column_469=9
Column_579=9
Column_585=9
Column_7=8
Column_8=8
Column_9=8
Column_13=8
Column_20=8
Column_27=8
Column_37=8
Column_45=8
Column_60=8
Column_62=8
Column_64=8
Column_67=8
Column_71=8
Column_100=8
Column_123=8
Column_124=8
Column_141=8
Column_173=8
Column_177=8
Column_184=8
Column_202=8
Column_206=8
Column_209=8
Column_224=8
Column_255=8
Column_258=8
Column_260=8
Column_267=8
Column_271=8
Column_283=8
Column_285=8
Column_295=8
Column_330=8
Column_340=8
Column_343=8
Column_352=8
Column_360=8
Column_362=8
Column_383=8
Column_409=8
Column_413=8
Column_414=8
Column_431=8
Column_440=8
Column_441=8
Column_448=8
Column_457=8
Column_458=8
Column_476=8
Column_14=7
Column_24=7
Column_26=7
Column_33=7
Column_40=7
Column_41=7
Column_43=7
Column_46=7
Column_72=7
Column_87=7
Column_92=7
Column_120=7
Column_136=7
Column_148=7
Column_160=7
Column_161=7
Column_165=7
Column_186=7
Column_187=7
Column_188=7
Column_197=7
Column_219=7
Column_221=7
Column_246=7
Column_289=7
Column_304=7
Column_318=7
Column_323=7
Column_326=7
Column_341=7
Column_342=7
Column_350=7
Column_354=7
Column_366=7
Column_370=7
Column_385=7
Column_386=7
Column_398=7
Column_407=7
Column_415=7
Column_421=7
Column_425=7
Column_426=7
Column_428=7
Column_434=7
Column_435=7
Column_439=7
Column_468=7
Column_473=7
Column_477=7
Column_5=6
Column_12=6
Column_22=6
Column_28=6
Column_47=6
Column_48=6
Column_49=6
Column_52=6
Column_55=6
Column_76=6
Column_79=6
Column_80=6
Column_102=6
Column_125=6
Column_137=6
Column_144=6
Column_145=6
Column_149=6
Column_195=6
Column_203=6
Column_240=6
Column_242=6
Column_245=6
Column_252=6
Column_268=6
Column_310=6
Column_331=6
Column_332=6
Column_339=6
Column_351=6
Column_353=6
Column_356=6
Column_363=6
Column_368=6
Column_375=6
Column_391=6
Column_404=6
Column_420=6
Column_422=6
Column_445=6
Column_449=6
Column_466=6
Column_470=6
Column_472=6
Column_474=6
Column_554=6
Column_592=6
Column_6=5
Column_11=5
Column_61=5
Column_63=5
Column_74=5
Column_84=5
Column_85=5
Column_110=5
Column_111=5
Column_121=5
Column_143=5
Column_147=5
Column_152=5
Column_168=5
Column_169=5
Column_182=5
Column_190=5
Column_196=5
Column_201=5
Column_205=5
Column_241=5
Column_264=5
Column_265=5
Column_279=5
Column_301=5
Column_348=5
Column_349=5
Column_361=5
Column_371=5
Column_372=5
Column_388=5
Column_423=5
Column_444=5
Column_446=5
Column_523=5
Column_44=4
Column_82=4
Column_101=4
Column_122=4
Column_126=4
Column_131=4
Column_185=4
Column_244=4
Column_250=4
Column_263=4
Column_311=4
Column_322=4
Column_408=4
Column_432=4
Column_459=4
Column_50=3
Column_78=3
Column_151=3
Column_164=3
Column_172=3
Column_181=3
Column_251=3
Column_315=3
Column_324=3
Column_325=3
Column_344=3
Column_369=3
Column_373=3
Column_384=3
Column_19=2
Column_21=2
Column_23=2
Column_25=2
Column_32=2
Column_81=2
Column_83=2
Column_88=2
Column_91=2
Column_150=2
Column_256=2
Column_365=2
Column_387=2
Column_433=2
Column_86=1
Column_105=1
Column_410=1

parameters:
[boosting: gbdt]
[objective: regression]
[metric: rmse,l2]
[tree_learner: serial]
[device_type: cpu]
[data_sample_strategy: bagging]
[data: ]
[valid: ]
[num_iterations: 3000]
[learning_rate: 0.0161]
[num_leaves: 31]
[num_threads: 10]
[seed: 11]
[deterministic: 0]
[force_col_wise: 0]
[force_row_wise: 0]
[histogram_pool_size: -1]
[max_depth: -1]
[min_data_in_leaf: 160]
[min_sum_hessian_in_leaf: 0.001]
[bagging_fraction: 0.694]
[pos_bagging_fraction: 1]
[neg_bagging_fraction: 1]
[bagging_freq: 1]
[bagging_seed: 27648]
[bagging_by_query: 0]
[feature_fraction: 0.725]
[feature_fraction_bynode: 1]
[feature_fraction_seed: 4989]
[extra_trees: 0]
[extra_seed: 22223]
[early_stopping_round: 0]
[early_stopping_min_delta: 0]
[first_metric_only: 0]
[max_delta_step: 0]
[lambda_l1: 1.4619]
[lambda_l2: 0]
[linear_lambda: 0]
[min_gain_to_split: 0]
[drop_rate: 0.1]
[max_drop: 50]
[skip_drop: 0.5]
[xgboost_dart_mode: 0]
[uniform_drop: 0]
[drop_seed: 21136]
[top_rate: 0.2]
[other_rate: 0.1]
[min_data_per_group: 100]
[max_cat_threshold: 32]
[cat_l2: 10]
[cat_smooth: 10]
[max_cat_to_onehot: 4]
[top_k: 20]
[monotone_constraints: ]
[monotone_constraints_method: basic]
[monotone_penalty: 0]
[feature_contri: ]
[forcedsplits_filename: ]
[refit_decay_rate: 0.9]
[cegb_tradeoff: 1]
[cegb_penalty_split: 0]
[cegb_penalty_feature_lazy: ]
[cegb_penalty_feature_coupled: ]
[path_smooth: 0]
[interaction_constraints: ]
[verbosity: -1]
[saved_feature_importance_type: 0]
[use_quantized_grad: 0]
[num_grad_quant_bins: 4]
[quant_train_renew_leaf: 0]
[stochastic_rounding: 1]
[linear_tree: 0]
[max_bin: 255]
[max_bin_by_feature: ]
[min_data_in_bin: 3]
[bin_construct_sample_cnt: 200000]
[data_random_seed: 74]
[is_enable_sparse: 1]
[enable_bundle: 1]
[use_missing: 1]
[zero_as_missing: 0]
[feature_pre_filter: 1]
[pre_partition: 0]
[two_round: 0]
[header: 0]
[label_column: ]
[weight_column: ]
[group_column: ]
[ignore_column: ]
[categorical_feature: ]
[forcedbins_filename: ]
[precise_float_parser: 0]
[parser_config_file: ]
[objective_seed: 24011]
[num_class: 1]
[is_unbalance: 0]
[scale_pos_weight: 1]
[sigmoid: 1]
[boost_from_average: 1]
[reg_sqrt: 0]
[alpha: 0.9]
[fair_c: 1]
[poisson_max_delta_step: 0.7]
[tweedie_variance_power: 1.5]
[lambdarank_truncation_level: 30]
[lambdarank_norm: 1]
[label_gain: ]
[lambdarank_position_bias_regularization: 0]
[eval_at: ]
[multi_error_top_k: 1]
[auc_mu_weights: ]
[num_machines: 1]
[local_listen_port: 12400]
[time_out: 120]
[machine_list_filename: ]
[machines: ]
[gpu_platform_id: -1]
[gpu_device_id: -1]
[gpu_device_id_list: ]
[gpu_use_dp: 0]
[num_gpu: 1]

end of parameters

pandas_categorical:null
