tree
version=v4
num_class=1
num_tree_per_iteration=1
label_index=0
max_feature_idx=599
objective=regression
feature_names=Column_0 Column_1 Column_2 Column_3 Column_4 Column_5 Column_6 Column_7 Column_8 Column_9 Column_10 Column_11 Column_12 Column_13 Column_14 Column_15 Column_16 Column_17 Column_18 Column_19 Column_20 Column_21 Column_22 Column_23 Column_24 Column_25 Column_26 Column_27 Column_28 Column_29 Column_30 Column_31 Column_32 Column_33 Column_34 Column_35 Column_36 Column_37 Column_38 Column_39 Column_40 Column_41 Column_42 Column_43 Column_44 Column_45 Column_46 Column_47 Column_48 Column_49 Column_50 Column_51 Column_52 Column_53 Column_54 Column_55 Column_56 Column_57 Column_58 Column_59 Column_60 Column_61 Column_62 Column_63 Column_64 Column_65 Column_66 Column_67 Column_68 Column_69 Column_70 Column_71 Column_72 Column_73 Column_74 Column_75 Column_76 Column_77 Column_78 Column_79 Column_80 Column_81 Column_82 Column_83 Column_84 Column_85 Column_86 Column_87 Column_88 Column_89 Column_90 Column_91 Column_92 Column_93 Column_94 Column_95 Column_96 Column_97 Column_98 Column_99 Column_100 Column_101 Column_102 Column_103 Column_104 Column_105 Column_106 Column_107 Column_108 Column_109 Column_110 Column_111 Column_112 Column_113 Column_114 Column_115 Column_116 Column_117 Column_118 Column_119 Column_120 Column_121 Column_122 Column_123 Column_124 Column_125 Column_126 Column_127 Column_128 Column_129 Column_130 Column_131 Column_132 Column_133 Column_134 Column_135 Column_136 Column_137 Column_138 Column_139 Column_140 Column_141 Column_142 Column_143 Column_144 Column_145 Column_146 Column_147 Column_148 Column_149 Column_150 Column_151 Column_152 Column_153 Column_154 Column_155 Column_156 Column_157 Column_158 Column_159 Column_160 Column_161 Column_162 Column_163 Column_164 Column_165 Column_166 Column_167 Column_168 Column_169 Column_170 Column_171 Column_172 Column_173 Column_174 Column_175 Column_176 Column_177 Column_178 Column_179 Column_180 Column_181 Column_182 Column_183 Column_184 Column_185 Column_186 Column_187 Column_188 Column_189 Column_190 Column_191 Column_192 Column_193 Column_194 Column_195 Column_196 Column_197 Column_198 Column_199 Column_200 Column_201 Column_202 Column_203 Column_204 Column_205 Column_206 Column_207 Column_208 Column_209 Column_210 Column_211 Column_212 Column_213 Column_214 Column_215 Column_216 Column_217 Column_218 Column_219 Column_220 Column_221 Column_222 Column_223 Column_224 Column_225 Column_226 Column_227 Column_228 Column_229 Column_230 Column_231 Column_232 Column_233 Column_234 Column_235 Column_236 Column_237 Column_238 Column_239 Column_240 Column_241 Column_242 Column_243 Column_244 Column_245 Column_246 Column_247 Column_248 Column_249 Column_250 Column_251 Column_252 Column_253 Column_254 Column_255 Column_256 Column_257 Column_258 Column_259 Column_260 Column_261 Column_262 Column_263 Column_264 Column_265 Column_266 Column_267 Column_268 Column_269 Column_270 Column_271 Column_272 Column_273 Column_274 Column_275 Column_276 Column_277 Column_278 Column_279 Column_280 Column_281 Column_282 Column_283 Column_284 Column_285 Column_286 Column_287 Column_288 Column_289 Column_290 Column_291 Column_292 Column_293 Column_294 Column_295 Column_296 Column_297 Column_298 Column_299 Column_300 Column_301 Column_302 Column_303 Column_304 Column_305 Column_306 Column_307 Column_308 Column_309 Column_310 Column_311 Column_312 Column_313 Column_314 Column_315 Column_316 Column_317 Column_318 Column_319 Column_320 Column_321 Column_322 Column_323 Column_324 Column_325 Column_326 Column_327 Column_328 Column_329 Column_330 Column_331 Column_332 Column_333 Column_334 Column_335 Column_336 Column_337 Column_338 Column_339 Column_340 Column_341 Column_342 Column_343 Column_344 Column_345 Column_346 Column_347 Column_348 Column_349 Column_350 Column_351 Column_352 Column_353 Column_354 Column_355 Column_356 Column_357 Column_358 Column_359 Column_360 Column_361 Column_362 Column_363 Column_364 Column_365 Column_366 Column_367 Column_368 Column_369 Column_370 Column_371 Column_372 Column_373 Column_374 Column_375 Column_376 Column_377 Column_378 Column_379 Column_380 Column_381 Column_382 Column_383 Column_384 Column_385 Column_386 Column_387 Column_388 Column_389 Column_390 Column_391 Column_392 Column_393 Column_394 Column_395 Column_396 Column_397 Column_398 Column_399 Column_400 Column_401 Column_402 Column_403 Column_404 Column_405 Column_406 Column_407 Column_408 Column_409 Column_410 Column_411 Column_412 Column_413 Column_414 Column_415 Column_416 Column_417 Column_418 Column_419 Column_420 Column_421 Column_422 Column_423 Column_424 Column_425 Column_426 Column_427 Column_428 Column_429 Column_430 Column_431 Column_432 Column_433 Column_434 Column_435 Column_436 Column_437 Column_438 Column_439 Column_440 Column_441 Column_442 Column_443 Column_444 Column_445 Column_446 Column_447 Column_448 Column_449 Column_450 Column_451 Column_452 Column_453 Column_454 Column_455 Column_456 Column_457 Column_458 Column_459 Column_460 Column_461 Column_462 Column_463 Column_464 Column_465 Column_466 Column_467 Column_468 Column_469 Column_470 Column_471 Column_472 Column_473 Column_474 Column_475 Column_476 Column_477 Column_478 Column_479 Column_480 Column_481 Column_482 Column_483 Column_484 Column_485 Column_486 Column_487 Column_488 Column_489 Column_490 Column_491 Column_492 Column_493 Column_494 Column_495 Column_496 Column_497 Column_498 Column_499 Column_500 Column_501 Column_502 Column_503 Column_504 Column_505 Column_506 Column_507 Column_508 Column_509 Column_510 Column_511 Column_512 Column_513 Column_514 Column_515 Column_516 Column_517 Column_518 Column_519 Column_520 Column_521 Column_522 Column_523 Column_524 Column_525 Column_526 Column_527 Column_528 Column_529 Column_530 Column_531 Column_532 Column_533 Column_534 Column_535 Column_536 Column_537 Column_538 Column_539 Column_540 Column_541 Column_542 Column_543 Column_544 Column_545 Column_546 Column_547 Column_548 Column_549 Column_550 Column_551 Column_552 Column_553 Column_554 Column_555 Column_556 Column_557 Column_558 Column_559 Column_560 Column_561 Column_562 Column_563 Column_564 Column_565 Column_566 Column_567 Column_568 Column_569 Column_570 Column_571 Column_572 Column_573 Column_574 Column_575 Column_576 Column_577 Column_578 Column_579 Column_580 Column_581 Column_582 Column_583 Column_584 Column_585 Column_586 Column_587 Column_588 Column_589 Column_590 Column_591 Column_592 Column_593 Column_594 Column_595 Column_596 Column_597 Column_598 Column_599
feature_infos=[0:400] [0:400] [0:400] [0:400] [0:400] [0:400] [0:400] [0:400] [0:400] [0:400] [0:400] [0:400] [0:400] [0:400] [0:400] [0:400] [0:400] [0:400] [0:400] [0:400] [0:400] [0:400] [0:400] [0:400] [0:400] [0:400] [0:400] [0:400] [0:400] [0:400] [0:400] [0:400] [0:400] [0:400] [0:400] [0:400] [0:400] [0:400] [0:400] [0:400] [0:400] [0:400] [0:400] [0:400] [0:400] [0:400] [0:400] [0:400] [0:400] [0:400] [0:400] [0:400] [0:400] [0:400] [0:400] [0:400] [0:400] [0:400] [0:400] [0:400] [0:400] [0:400] [0:400] [0:400] [0:400] [0:400] [0:400] [0:400] [0:400] [0:400] [0:400] [0:400] [0:400] [0:400] [0:400] [0:400] [0:400] [0:400] [0:400] [0:400] [0:400] [0:400] [0:400] [0:400] [0:400] [0:400] [0:400] [0:400] [0:400] [0:400] [0:400] [0:400] [0:400] [0:400] [0:400] [0:400] [0:400] [0:400] [0:400] [0:400] [0:400] [0:400] [0:400] [0:400] [0:400] [0:400] [0:400] [0:400] [0:400] [0:400] [0:400] [0:400] [0:400] [0:400] [0:400] [0:400] [0:400] [0:400] [0:400] [0:400] [0:400] [0:400] [0:400] [0:400] [0:400] [0:400] [0:400] [0:400] [0:400] [0:400] [0:400] [0:400] [0:400] [0:400] [0:400] [0:400] [0:400] [0:400] [0:400] [0:400] [0:400] [0:400] [0:400] [0:400] [0:400] [0:400] [0:400] [0:400] [0:400] [0:400] [0:400] [0:400] [0:400] [0:400] [0:400] [0:400] [0:400] [0:400] [0:400] [0:400] [0:400] [0:400] [0:400] [0:400] [0:400] [0:400] [0:400] [0:400] [0:400] [0:400] [0:400] [0:400] [0:400] [0:400] [0:400] [0:400] [0:400] [0:400] [0:400] [0:400] [0:400] [0:400] [0:400] [0:400] [0:400] [0:400] [0:400] [0:400] [0:400] [0:400] [0:400] [0:400] [0:400] [0:400] [0:400] [0:400] [0:400] [0:400] [0:400] [0:400] [0:400] [0:400] [0:400] [0:400] [0:400] [0:400] [0:400] [0:400] [0:400] [0:400] [0:400] [0:400] [0:400] [0:400] [0:400] [0:400] [0:400] [0:400] [0:400] [0:400] [0:400] [0:400] [0:400] [0:400] [0:400] [0:400] [0:400] [0:400] [0:400] [0:400] [0:400] [0:400] [0:400] [0:400] [0:400] [0:400] [0:400] [0:400] [0:400] [0:400] [0:400] [0:400] [0:400] [0:400] [0:400] [0:400] [0:400] [0:400] [0:400] [0:400] [0:400] [0:400] [0:400] [0:400] [0:400] [0:400] [0:400] [0:400] [0:400] [0:400] [0:400] [0:400] [0:400] [0:400] [0:400] [0:400] [0:400] [0:400] [0:400] [0:400] [0:400] [0:400] [0:400] [0:400] [0:400] [0:400] [0:400] [0:400] [0:400] [0:400] [0:400] [0:400] [0:400] [0:400] [0:400] [0:400] [0:400] [0:400] [0:400] [0:400] [0:400] [0:400] [0:400] [0:400] [0:400] [0:400] [0:400] [0:400] [0:400] [0:400] [0:400] [0:400] [0:400] [0:400] [0:400] [0:400] [0:400] [0:400] [0:400] [0:400] [0:400] [0:400] [0:400] [0:400] [0:400] [0:400] [0:400] [0:400] [0:400] [0:400] [0:400] [0:400] [0:400] [0:400] [0:400] [0:400] [0:400] [0:400] [0:400] [0:400] [0:400] [0:400] [0:400] [0:400] [0:400] [0:400] [0:400] [0:400] [0:400] [0:400] [0:400] [0:400] [0:400] [0:400] [0:400] [0:400] [0:400] [0:400] [0:400] [0:400] [0:400] [0:400] [0:400] [0:400] [0:400] [0:400] [0:400] [0:400] [0:400] [0:400] [0:400] [0:400] [0:400] [0:400] [0:400] [0:400] [0:400] [0:400] [0:400] [0:400] [0:400] [0:400] [0:400] [0:400] [0:400] [0:400] [0:400] [0:400] [0:400] [0:400] [0:400] [0:400] [0:400] [0:400] [0:400] [0:400] [0:400] [0:400] [0:400] [0:400] [0:400] [0:400] [0:400] [0:400] [0:400] [0:400] [0:400] [0:400] [0:400] [0:400] [0:400] [0:400] [0:400] [0:400] [0:400] [0:400] [0:400] [0:400] [0:400] [0:400] [0:400] [0:400] [0:400] [0:400] [0:400] [0:400] [0:400] [0:400] [0:400] [0:400] [0:400] [0:400] [0:400] [0:400] [0:400] [0:400] [0:400] [0:400] [0:400] [0:400] [0:400] [0:400] [0:400] [0:400] [0:400] [0:400] [0:400] [0:400] [0:400] [0:400] [0:400] [0:400] [0:400] [0:400] [0:400] [0:400] [0:400] [0:400] [0:400] [0:400] [0:400] [0:400] [0:400] [0:400] [0:400] [0:400] [0:400] [0:400] [0:400] [0:400] [0:400] [0:400] [0:400] [0:400] [0:400] [0:400] [0:400] [0:400] [0:400] [0:400] [0:400] [0:400] [0:400] [0:400] [0:400] [0:400] [0:400] [0:400] [0:400] [0:400] [0:503] [0:503] [0:503] [0:503] [0:503] [0:503] [0:503] [0:503] [0:503] [0:503] [0:503] [0:503] [0:503] [0:503] [0:503] [0:503] [0:503] [0:503] [0:503] [0:503] [0:503] [0:503] [0:503] [0:503] [0:503] [0:503] [0:503] [0:503] [0:503] [0:503] [0:503] [0:503] [0:503] [0:503] [0:503] [0:503] [0:503] [0:503] [0:503] [0:503] [0:503] [0:503] [0:503] [0:503] [0:503] [0:503] [0:503] [0:503] [0:503] [0:503] [0:503] [0:503] [0:503] [0:503] [0:503] [0:503] [0:503] [0:503] [0:503] [0:503] [53.5:938.5999755859375] [53.5:938.5999755859375] [53.5:938.5999755859375] [53.5:938.5999755859375] [53.5:938.5999755859375] [53.5:938.5999755859375] [53.5:938.5999755859375] [53.5:938.5999755859375] [53.5:938.5999755859375] [53.5:938.5999755859375] [53.5:938.5999755859375] [53.5:938.5999755859375] [53.5:938.5999755859375] [53.5:938.5999755859375] [53.5:938.5999755859375] [53.5:938.5999755859375] [53.5:938.5999755859375] [53.5:938.5999755859375] [53.5:938.5999755859375] [53.5:938.5999755859375] [53.5:938.5999755859375] [53.5:938.5999755859375] [53.5:938.5999755859375] [53.5:938.5999755859375] [53.5:938.5999755859375] [53.5:938.5999755859375] [53.5:938.5999755859375] [53.5:938.5999755859375] [53.5:938.5999755859375] [53.5:938.5999755859375] [53.5:938.5999755859375] [53.5:938.5999755859375] [53.5:938.5999755859375] [53.5:938.5999755859375] [53.5:938.5999755859375] [53.5:938.5999755859375] [53.5:938.5999755859375] [53.5:938.5999755859375] [53.5:938.5999755859375] [53.5:938.5999755859375] [53.5:938.5999755859375] [53.5:938.5999755859375] [53.5:938.5999755859375] [53.5:938.5999755859375] [53.5:938.5999755859375] [53.5:938.5999755859375] [53.5:938.5999755859375] [53.5:938.5999755859375] [53.5:938.5999755859375] [53.5:938.5999755859375] [53.5:938.5999755859375] [53.5:938.5999755859375] [53.5:938.5999755859375] [53.5:938.5999755859375] [53.5:938.5999755859375] [53.5:938.5999755859375] [53.5:938.5999755859375] [53.5:938.5999755859375] [53.5:938.5999755859375] [53.5:938.5999755859375]
tree_sizes=2763 2881 2898 2900 2888 2900 2890 2894 2900 2882 2889 2904 2903 2899 2905 2899 2895 2883 2910 2893 2892 2897 2882 2907 2898 2913 2886 2899 2900 2887 2900 2908 2914 2898 2910 2894 2895 2896 2893 2906 2914 2904 2907 2901 2900 2903 2907 2899 2898 2910 2904 2909 2903 2926 2919 2895 2902 2902 2905 2900 2903 2916 2904 2903 2899 2915 2917 2896 2910 2908 2909 2910 2894 2908 2892 2901 2890 2912 2901 2903 2891 2900 2908 2910 2906 2898 2913 2917 2884 2923 2900 2911 2905 2917 2909 2910 2921 2908 2907 2922 2912 2907 2910 2912 2930 2913 2906 2909 2928 2892 2896 2923 2914 2917 2900 2883 2915 2908 2901 2913 2914 2933 2922 2926 2898 2903 2921 2908 2926 2917 2901 2918 2909 2915 2919 2907 2920 2923 2920 2920 2921 2930 2900 2923 2902 2938 2915 2927 2912 2921 2935 2944 2932 2936 2907 2928 2925 2920 2924 2927 2928 2916 2926 2935 2932 2934 2924 2949 2899 2906 2916 2918 2934 2926 2908 2906 2919 2958 2901 2930 2921 2915 2944 2927 2915 2932 2913 2922 2929 2944 2934 2937 2919 2937 2939 2934 2915 2933 2918 2916 2937 2944 2938 2919 2928 2908 2943 2933 2923 2942 2910 2930 2914 2928 2936 2931 2935 2924 2930 2944 2929 2931 2936 2951 2951 2946 2931 2928 2936 2921 2951 2939 2933 2937 2953 2947 2959 2953 2953 2944 2938 2946 2942 2952 2950 2941 2942 2969 2932 2937 2970 2948 2942 2950 2936 2930 2915 2932 2923 2948 2965 2921 2943 2954 2965 2944 2966 2937 2948 2939 2928 2960 2959 2914 2955

Tree=0
num_leaves=31
num_cat=0
split_feature=171 289 494 290 290 290 471 510 188 480 274 446 244 204 409 474 503 468 229 364 310 197 486 173 66 13 143 204 203 332
split_gain=218481 76163.7 66343.8 25715.4 23678.5 19332.7 18064.9 15776 14454.7 12491.6 11503.2 10788.3 10685.9 10545.6 8160.58 7487.74 7163.5 6896.98 6576.19 6453.57 7116.59 6391.25 6248.93 6162.56 6089.13 5480.88 5369.87 5173.67 5074.96 4962.26
threshold=8.0000000000000018 16.500000000000004 71.500000000000014 16.500000000000004 8.0000000000000018 6.5000000000000009 35.500000000000007 121.50000000000001 10.500000000000002 86.500000000000014 8.0000000000000018 16.500000000000004 10.500000000000002 6.5000000000000009 10.500000000000002 13.500000000000002 15.500000000000002 43.500000000000007 6.5000000000000009 13.500000000000002 8.0000000000000018 8.0000000000000018 144.50000000000003 13.500000000000002 20.000000000000004 16.500000000000004 10.500000000000002 6.5000000000000009 13.500000000000002 10.500000000000002
decision_type=2 2 2 2 2 2 2 2 2 2 2 2 2 2 2 2 2 2 2 2 2 2 2 2 2 2 2 2 2 2
left_child=2 4 5 26 9 16 13 -8 15 -2 22 27 -13 -5 21 -6 -1 23 -7 25 -21 -12 -4 -15 -11 -16 -3 -10 -17 -25
right_child=1 3 10 6 8 18 7 -9 11 24 14 12 -14 17 19 28 -18 -19 -20 20 -22 -23 -24 29 -26 -27 -28 -29 -30 -31
leaf_value=13.281854015096647 13.358604436736512 13.431919409460493 13.352593887917482 13.454886638783492 13.405154510166874 13.33255641488223 13.763004960038778 13.545892840804584 13.408022275583269 13.407148627211031 13.36614219535852 13.644588225434321 13.483662806823885 13.499279812467156 13.391020122321626 13.434269470063203 13.320568630562825 13.637365619813973 13.387685608725132 13.429738913717951 13.566998300545904 13.428797096674188 13.399119172800164 13.532123189841247 13.492872744071995 13.495920392900072 13.495349194067028 13.487719238578538 13.519322678532188 13.648989066676426
leaf_weight=2276 1640 635 1764 339 1595 1134 188 162 324 960 881 198 234 490 443 488 2733 225 1112 180 216 810 1298 207 277 182 764 610 291 175
leaf_count=2276 1640 635 1764 339 1595 1134 188 162 324 960 881 198 234 490 443 488 2733 225 1112 180 216 810 1298 207 277 182 764 610 291 175
internal_value=13.3962 13.4536 13.353 13.5183 13.4225 13.3206 13.5588 13.6626 13.4492 13.3877 13.3937 13.4909 13.5575 13.5335 13.4179 13.4252 13.303 13.5577 13.3598 13.4538 13.5047 13.3962 13.3723 13.5372 13.4264 13.4215 13.4666 13.4601 13.4661 13.5857
internal_weight=22831 9802 13029 3185 6617 7255 1786 350 3740 2877 5774 1366 432 1436 2712 2374 5009 1097 2246 1021 396 1691 3062 872 1237 625 1399 934 779 382
internal_count=22831 9802 13029 3185 6617 7255 1786 350 3740 2877 5774 1366 432 1436 2712 2374 5009 1097 2246 1021 396 1691 3062 872 1237 625 1399 934 779 382
is_linear=0
shrinkage=1


Tree=1
num_leaves=31
num_cat=0
split_feature=171 170 495 289 471 170 480 566 410 172 205 335 472 245 172 143 48 366 202 344 450 364 172 230 378 9 23 535 413 257
split_gain=209273 85128.8 64872.4 38553.7 20718.7 19740.3 18068 14781.7 14416.8 11693.9 9800.52 9034.01 8805.44 8492.91 7773.87 7633.76 9884.76 7445.21 7546.7 7162.88 7463.61 7137.68 7010.73 6736.26 6233 5967.77 5747.9 5433.06 5420.7 5296.36
threshold=8.0000000000000018 10.500000000000002 67.500000000000014 16.500000000000004 24.500000000000004 6.5000000000000009 94.500000000000014 159.44999694824222 29.500000000000004 10.500000000000002 6.5000000000000009 10.500000000000002 24.500000000000004 29.500000000000004 6.5000000000000009 13.500000000000002 35.500000000000007 13.500000000000002 8.0000000000000018 6.5000000000000009 8.0000000000000018 13.500000000000002 10.500000000000002 6.5000000000000009 10.500000000000002 20.000000000000004 20.000000000000004 10.500000000000002 6.5000000000000009 13.500000000000002
decision_type=2 2 2 2 2 2 2 8 2 2 2 2 2 2 2 2 2 2 2 2 2 2 2 2 2 2 2 2 2 2
left_child=2 6 5 10 15 27 14 23 26 21 25 -12 -10 29 -2 -5 -17 -11 -19 -13 -21 -9 -7 -4 -23 -3 -6 -1 -26 -8
right_child=1 3 7 4 8 22 13 9 12 17 11 19 -14 -15 -16 16 -18 18 -20 20 -22 24 -24 -25 28 -27 -28 -29 -30 -31
leaf_value=-0.12072031719286055 -0.055587301995125307 0.0028322630424050901 -0.048823403065634256 0.081233531836422512 0.09975210266744361 -0.052223679372043606 0.01135769961569121 -0.018168496884508153 0.21805796750005654 0.033358719774231722 0.052936293722424171 0.059115394245965069 0.38091042852362833 0.13062263156297815 0.0014339972416130913 0.12396013959604454 0.26126511482270742 0.05049741176119342 0.20120255970903836 0.091573275463244064 0.22117492845605746 0.00084352898606724594 0.014459116731883956 0.0016108090040187518 0.16221350479126595 0.10082415372306601 0.22400537762443801 -0.082808307580156934 0.030483071949686625 0.070616859317176373
leaf_weight=1431 1021 831 1785 783 224 1778 1199 1550 181 557 986 256 166 252 1575 704 169 167 179 204 267 408 530 1114 160 200 171 3139 165 581
leaf_count=1431 1021 831 1785 783 224 1778 1199 1550 181 557 986 256 166 252 1575 704 169 167 179 204 267 408 530 1114 160 200 171 3139 165 581
internal_value=0.000985942 0.0572547 -0.0414211 0.102342 0.149507 -0.075298 0.00715518 -0.00312541 0.220242 0.0208067 0.061115 0.084725 0.296032 0.0431153 -0.0209833 0.117799 0.150567 0.0698518 0.128531 0.127806 0.165092 0.00139746 -0.0369007 -0.0294349 0.0428037 0.0218642 0.153602 -0.0946848 0.0954074 0.0307134
internal_weight=22733 9770 12963 5142 2398 6878 4628 6085 742 3186 2744 1713 347 2032 2596 1656 873 903 346 727 471 2283 2308 2899 733 1031 395 4570 325 1780
internal_count=22733 9770 12963 5142 2398 6878 4628 6085 742 3186 2744 1713 347 2032 2596 1656 873 903 346 727 471 2283 2308 2899 733 1031 395 4570 325 1780
is_linear=0
shrinkage=0.0161


Tree=2
num_leaves=31
num_cat=0
split_feature=230 482 351 469 171 323 412 555 290 563 349 127 50 233 233 502 408 474 493 245 364 24 368 145 488 488 411 42 233 48
split_gain=212200 79508.2 57003.8 30659 22094.8 20010.4 17978.1 14953.3 10620.4 10174.9 9922.3 9880.1 8892 8248.14 8184.67 8022.82 7467.8 7122.55 6474.88 6281.99 6707.07 6150.02 5853.05 5818.26 5120.83 7025.83 5056.06 4904.29 4821.74 4681.53
threshold=10.500000000000002 77.500000000000014 10.500000000000002 16.500000000000004 5.5000000000000009 10.500000000000002 20.000000000000004 228.75000000000003 5.5000000000000009 201.75000000000003 10.500000000000002 35.500000000000007 8.0000000000000018 6.5000000000000009 16.500000000000004 37.500000000000007 35.500000000000007 20.000000000000004 193.50000000000003 20.000000000000004 16.500000000000004 6.5000000000000009 10.500000000000002 24.500000000000004 161.50000000000003 109.50000000000001 5.5000000000000009 24.500000000000004 10.500000000000002 16.500000000000004
decision_type=2 2 2 2 2 2 2 10 2 10 2 2 2 2 2 2 2 2 2 2 2 2 2 2 2 2 2 2 2 2
left_child=1 4 10 13 15 -5 16 8 19 -9 -2 22 -6 -4 -8 -1 -7 -16 21 26 -21 -12 28 24 25 -15 -3 -24 -10 -30
right_child=2 7 3 5 12 6 14 9 11 -11 18 -13 -14 23 17 -17 -18 -19 -20 20 -22 -23 27 -25 -26 -27 -28 -29 29 -31
leaf_value=-0.10332744147240701 -0.009354014290777167 -0.055655193481533964 0.012724306022830917 0.085687973203724149 -0.057890656480724202 0.11394965864118028 0.178789413943021 0.19074015331583732 -0.024961855290190862 0.037614217351995466 -0.013144523516412532 0.12370246685413204 -0.0069637737617713443 0.058611483760307302 0.23654428680648379 -0.059796358677192928 0.22487331089179199 0.38345343695755602 0.10968117056645837 -0.029665567309596574 0.083947085736706173 0.054152774935916762 0.026091335665959395 0.14803624436159099 0.012531501782189579 0.17315317927123242 -0.0096593118772591406 0.1131348673126636 0.00093841772094807434 0.09896074540456988
leaf_weight=3350 1543 1181 603 805 2168 665 214 177 1101 310 526 229 1508 492 183 1637 207 163 336 260 279 1061 875 293 315 194 1306 208 395 186
leaf_count=3350 1543 1181 603 805 2168 665 214 177 1101 310 526 229 1508 492 183 1637 207 163 336 260 279 1061 875 293 315 194 1306 208 395 186
internal_value=-0.000230516 -0.0350197 0.0692074 0.109583 -0.0669644 0.149966 0.186083 0.00750585 0.000560148 0.0933161 0.0210439 0.0220624 -0.0370054 0.0619491 0.257319 -0.0890429 0.140308 0.305821 0.0454472 -0.0207069 0.0290995 0.0318327 0.013636 0.0848696 0.0663567 0.0910381 -0.0315108 0.0428306 -0.00514777 0.0323596
internal_weight=22770 15170 7600 4134 8663 2237 1432 6507 6020 487 3466 2994 3676 1897 560 4987 872 346 1923 3026 539 1587 2765 1294 1001 686 2487 1083 1682 581
internal_count=22770 15170 7600 4134 8663 2237 1432 6507 6020 487 3466 2994 3676 1897 560 4987 872 346 1923 3026 539 1587 2765 1294 1001 686 2487 1083 1682 581
is_linear=0
shrinkage=0.0161


Tree=3
num_leaves=31
num_cat=0
split_feature=230 494 351 171 169 471 496 50 307 507 471 263 169 289 366 122 555 52 343 84 503 383 231 213 85 497 532 54 203 410
split_gain=196183 83962.8 51090.1 27150.6 27066.8 20009.1 16456 14466.8 12909.4 11820.7 10621.4 10438.3 9921.25 9409.24 9072.87 8945.19 8218.28 7540.28 9207.78 7218.7 6929.88 6277.03 6240.03 6235.17 6086.18 6073.38 5834.43 5811.11 5765.7 5664.41
threshold=10.500000000000002 82.500000000000014 10.500000000000002 5.5000000000000009 8.0000000000000018 29.500000000000004 222.50000000000003 20.000000000000004 24.500000000000004 127.50000000000001 5.5000000000000009 8.0000000000000018 13.500000000000002 4.5000000000000009 10.500000000000002 29.500000000000004 216.75000000000003 5.5000000000000009 8.0000000000000018 10.500000000000002 35.500000000000007 8.0000000000000018 10.500000000000002 20.000000000000004 8.0000000000000018 29.500000000000004 64.500000000000014 24.500000000000004 13.500000000000002 4.5000000000000009
decision_type=2 2 2 2 2 2 2 2 2 2 2 2 2 2 2 2 8 2 2 2 2 2 2 2 2 2 2 2 2 2
left_child=1 3 12 20 24 11 10 -7 16 -9 23 -6 26 -5 28 29 -8 -18 -19 -14 -1 -15 -23 -3 -4 -24 -2 -28 -12 -16
right_child=2 6 4 13 5 7 8 9 -10 -11 14 -13 19 21 15 -17 17 18 -20 -21 -22 22 25 -25 -26 -27 27 -29 -30 -31
leaf_value=-0.10311020407837058 -0.0337004263413734 -0.042481814543645552 0.0042355721020755771 -0.066633175134932235 0.052309956199592458 0.10993916071722792 -0.025851233411547755 0.32292852797475119 0.19855413620940865 0.15918727924484474 -0.022152346876544875 0.1328068046150733 0.018865606974388483 -0.038354238160220912 -0.025993312771306083 0.15685860452887551 0.00056333201935074946 0.042593587865341329 0.19500245992877074 0.091291739669094041 -0.064011042001376903 -0.019226867396081333 0.002254264847797908 0.035919717855278595 0.073725053393147347 0.11392898150611752 0.0067276051494621911 0.10987334716954381 0.041790072975056339 0.054306121578776394
leaf_weight=3311 863 1635 524 1377 605 263 290 292 168 189 1381 1356 750 1324 307 175 216 208 204 682 1828 680 266 313 871 241 967 166 497 878
leaf_count=3311 863 1635 524 1377 605 263 290 292 168 189 1381 1356 750 1324 307 175 216 208 204 682 1828 680 266 313 871 241 967 166 497 878
internal_value=-0.00036845 -0.033478 0.0669163 -0.0649174 0.105269 0.134981 0.0117675 0.206106 0.0687559 0.258638 -0.000161871 0.107984 0.021038 -0.0328068 0.0177049 0.0493758 0.0449764 0.0777209 0.118115 0.0533755 -0.0892068 -0.0142474 0.0126219 -0.0298724 0.0476398 0.0553847 -0.00215021 0.0218606 -0.00521789 0.0334829
internal_weight=22827 15299 7528 9027 4100 2705 6272 744 1086 481 5186 1961 3428 3888 3238 1360 918 628 412 1432 5139 2511 1187 1948 1395 507 1996 1133 1878 1185
internal_count=22827 15299 7528 9027 4100 2705 6272 744 1086 481 5186 1961 3428 3888 3238 1360 918 628 412 1432 5139 2511 1187 1948 1395 507 1996 1133 1878 1185
is_linear=0
shrinkage=0.0161


Tree=4
num_leaves=31
num_cat=0
split_feature=171 289 495 290 507 290 471 350 202 443 412 48 418 412 490 239 409 411 187 371 556 368 111 288 456 133 51 521 52 505
split_gain=181430 73945.8 60266.7 27547.8 19958.2 17772.1 16407.3 13233.5 12911 11760.2 8946.35 8830.6 8525.43 7855.54 7632.76 7390.46 7355.35 6749.98 6724.38 6997.7 5454.58 5345.12 5339.05 5328.63 5274.98 5273.69 4936.8 5057.87 4923.46 4912.81
threshold=8.0000000000000018 16.500000000000004 71.500000000000014 16.500000000000004 99.500000000000014 6.5000000000000009 24.500000000000004 13.500000000000002 13.500000000000002 16.500000000000004 13.500000000000002 29.500000000000004 10.500000000000002 13.500000000000002 200.50000000000003 16.500000000000004 35.500000000000007 10.500000000000002 16.500000000000004 13.500000000000002 71.049999237060561 20.000000000000004 3.5000000000000004 5.5000000000000009 29.500000000000004 13.500000000000002 16.500000000000004 30.500000000000004 6.5000000000000009 201.50000000000003
decision_type=2 2 2 2 2 2 2 2 2 2 2 2 2 2 2 2 2 2 2 2 8 2 2 2 2 2 2 2 2 2
left_child=2 4 5 21 7 20 18 23 14 -8 -9 24 -6 -14 17 -15 -11 -4 28 -20 -1 -3 -16 -2 -10 -19 -12 -28 -5 -24
right_child=1 3 8 6 12 -7 9 10 11 16 26 -13 13 15 22 -17 -18 25 19 -21 -22 -23 29 -25 -26 -27 27 -29 -30 -31
leaf_value=-0.11966169831770332 -0.054276265675542792 0.045657401178036489 -0.038478331590660532 0.020157645459629791 0.0290638393700129 -0.033310864214129467 0.14683249438620299 0.0014265862432357131 0.013021328657204727 0.21718687335581571 0.0073724814322219416 0.14821726141923997 0.050555835571396736 0.078250100204326281 -0.033494837238895389 0.20007247294764274 0.36979802276710932 -0.012435457153858472 0.25025063102961881 0.10610905812985846 -0.078942378688748913 0.12102759518438344 0.01627081929654927 -0.0050354477649088292 0.11033200418816867 0.076365236723907659 0.045088024220520224 0.15623744635404863 0.11821812926324057 0.10882107502637263
leaf_weight=1098 1025 1079 2647 168 1605 2241 261 854 1117 169 166 173 715 290 266 234 161 575 186 166 3868 316 380 1285 166 248 181 259 643 245
leaf_count=1098 1025 1079 2647 168 1605 2241 261 854 1117 169 166 173 715 290 266 234 161 575 186 166 3868 316 380 1285 166 248 181 259 643 245
internal_value=-0.000514926 0.0519548 -0.0398489 0.116172 0.0213769 -0.0709636 0.158648 -0.00290837 -0.00129514 0.227771 0.0350268 0.0402119 0.0535777 0.0853139 -0.0151584 0.132697 0.291714 -0.025955 0.123501 0.182342 -0.0879503 0.0627474 0.0268625 -0.0268949 0.0256301 0.0142948 0.0823388 0.110568 0.0979338 0.0525882
internal_weight=22787 9763 13024 3149 6614 7207 1754 3770 5817 591 1460 1456 2844 1239 4361 524 330 3470 1163 352 4966 1395 891 2310 1283 823 606 440 811 625
internal_count=22787 9763 13024 3149 6614 7207 1754 3770 5817 591 1460 1456 2844 1239 4361 524 330 3470 1163 352 4966 1395 891 2310 1283 823 606 440 811 625
is_linear=0
shrinkage=0.0161


Tree=5
num_leaves=31
num_cat=0
split_feature=230 481 351 229 172 171 322 172 173 169 495 471 169 540 468 558 198 582 419 164 592 556 84 366 492 172 143 473 411 291
split_gain=184365 66555.4 56367.2 34538.2 23847.5 20664 15574.7 15463.1 14167.4 11012.5 9657.83 8306.55 8149.39 7183.21 7095.16 7075.82 7002.46 6861.4 6711.35 7589.24 9119.56 6239.24 5965.06 6056.09 5461.1 5293.76 4923.95 4805.19 4576.16 4364.32
threshold=10.500000000000002 73.500000000000014 10.500000000000002 13.500000000000002 10.500000000000002 5.5000000000000009 10.500000000000002 8.0000000000000018 13.500000000000002 13.500000000000002 224.50000000000003 24.500000000000004 5.5000000000000009 156.94999694824222 24.500000000000004 260.05000305175787 16.500000000000004 137.84999847412112 10.500000000000002 13.500000000000002 163.25000000000003 71.750000000000014 5.5000000000000009 20.000000000000004 45.500000000000007 5.5000000000000009 10.500000000000002 13.500000000000002 10.500000000000002 5.5000000000000009
decision_type=2 2 2 2 2 2 2 2 2 2 2 2 2 10 2 8 2 8 2 2 8 8 2 2 2 2 2 2 2 2
left_child=1 5 9 16 -5 21 11 10 -8 13 14 -6 -7 -2 28 -12 22 -10 26 -20 -21 -1 -4 -24 -11 -14 -9 -18 -3 -16
right_child=2 7 3 4 6 12 8 18 17 24 15 -13 25 -15 29 -17 27 -19 19 20 -22 -23 23 -25 -26 -27 -28 -29 -30 -31
leaf_value=-0.11822410333724631 -0.023241716743937102 -0.043698269387419421 -0.023089110587969388 0.071707370545238097 0.057856210777597242 -0.060611718634653783 0.15290984591592721 -0.012024879335110469 0.34340145542944522 0.0024588973724950398 0.0039299608088281049 0.19043435388967825 -0.049948269266042816 0.048759571209701057 -0.015998323136163048 0.12553135586427897 0.062387691329752026 0.22667495677393248 0.032560288074807882 0.032676396060450232 0.18606762698471063 -0.075762023909703977 0.036175172267597068 0.12605801397192928 0.070688163298619294 0.0073847582388335197 0.047433456257158016 0.16655896650883242 0.0051592596460764617 0.095899542119878875
leaf_weight=1211 1637 2519 323 702 290 1724 400 942 242 435 355 213 631 460 176 191 254 288 793 181 227 3493 932 246 1016 1232 585 211 618 185
leaf_count=1211 1637 2519 323 702 290 1724 400 942 242 435 355 213 631 460 176 191 254 288 793 181 227 3493 932 246 1016 1232 585 211 618 185
internal_value=-0.0012253 -0.033914 0.0631447 0.103798 0.14864 -0.0644997 0.186312 0.00352882 0.225373 0.0161485 -0.016449 0.114044 -0.0353816 -0.00743622 -0.0262831 0.0465113 0.0550891 0.280017 0.0331526 0.0616313 0.118077 -0.0866985 0.0381531 0.0549653 0.0502497 -0.0120214 0.0107384 0.109707 -0.0340657 0.0412803
internal_weight=22712 15063 7649 4101 2135 8291 1433 6772 930 3548 4044 503 3587 2097 3498 546 1966 530 2728 1201 408 4704 1501 1178 1451 1863 1527 465 3137 361
internal_count=22712 15063 7649 4101 2135 8291 1433 6772 930 3548 4044 503 3587 2097 3498 546 1966 530 2728 1201 408 4704 1501 1178 1451 1863 1527 465 3137 361
is_linear=0
shrinkage=0.0161


Tree=6
num_leaves=31
num_cat=0
split_feature=170 494 351 408 172 231 410 24 496 551 410 172 430 166 406 188 322 207 169 409 231 234 7 340 64 449 381 432 35 531
split_gain=184841 69188.1 48021.7 34919.9 24506.7 21726.1 14315 13068.3 12884.2 11396.6 10647.2 10327.7 9997.5 12113.2 8524.25 8243.17 7707.7 6658.18 6541.07 6311 6053.67 5910.36 5766.83 5379.19 5496.95 5248.47 5428.26 5036.22 5744.34 4772.98
threshold=10.500000000000002 79.500000000000014 8.0000000000000018 24.500000000000004 20.000000000000004 4.5000000000000009 29.500000000000004 10.500000000000002 224.50000000000003 79.950000762939467 6.5000000000000009 10.500000000000002 10.500000000000002 6.5000000000000009 35.500000000000007 16.500000000000004 10.500000000000002 3.5000000000000004 16.500000000000004 6.5000000000000009 16.500000000000004 13.500000000000002 10.500000000000002 4.5000000000000009 35.500000000000007 10.500000000000002 13.500000000000002 10.500000000000002 24.500000000000004 96.500000000000014
decision_type=2 2 2 2 2 2 2 2 2 8 2 2 2 2 2 2 2 2 2 2 2 2 2 2 2 2 2 2 2 2
left_child=1 5 9 7 16 -1 -6 -4 11 -2 -7 17 -10 -14 27 18 -5 -3 -9 -12 -21 -18 -17 -19 -25 -13 -27 -11 -29 -20
right_child=2 8 3 4 6 10 -8 15 12 14 19 25 13 -15 -16 22 21 23 29 20 -22 -23 -24 24 -26 26 -28 28 -30 -31
leaf_value=-0.092199670289691962 -0.049732462751452648 -0.065108664493335799 0.030297029110349857 0.049056050141789181 0.17783376870744974 -0.064683212601294574 0.35636702773828116 0.048008510912111432 0.013782482826914041 -0.0027124319797340946 -0.042811347519818736 0.0040007294851820557 0.21595006362284455 0.045986603854515709 0.11931511822728448 0.073871937648121791 0.11283403726192207 -0.045297754469298609 0.1668322435547781 -0.0095097713684776982 0.078158028252495987 0.22684169333223289 0.1824448681744805 -0.0034168980967121082 0.094123031587731082 0.028727194636501099 0.12177402587010801 0.026650001538475385 0.12860704775320062 0.067383119412021616
leaf_weight=3963 624 697 1506 321 268 2335 207 959 592 1310 1104 1040 182 271 236 194 380 781 265 856 268 172 371 1841 163 478 247 739 178 239
leaf_count=3963 624 697 1506 321 268 2335 207 959 592 1310 1104 1040 182 271 236 194 380 781 265 856 268 172 371 1841 163 478 247 739 178 239
internal_value=-0.00110305 -0.0347311 0.0614238 0.0928522 0.162583 -0.0646173 0.255686 0.0662474 0.0057627 0.0117131 -0.0406567 -0.00451479 0.0573891 0.114324 0.0272899 0.0929328 0.111899 -0.0206003 0.0727289 -0.0154658 0.0113723 0.148401 0.145207 -0.00945278 0.00450499 0.0272054 0.0604598 0.0175272 0.0464667 0.11972
internal_weight=22787 14818 7969 4882 1348 8526 475 3534 6292 3087 4563 5247 1045 453 2463 2028 873 3482 1463 2228 1124 552 565 2785 2004 1765 725 2227 917 504
internal_count=22787 14818 7969 4882 1348 8526 475 3534 6292 3087 4563 5247 1045 453 2463 2028 873 3482 1463 2228 1124 552 565 2785 2004 1765 725 2227 917 504
is_linear=0
shrinkage=0.0161


Tree=7
num_leaves=31
num_cat=0
split_feature=171 170 495 289 52 170 495 497 265 326 129 408 383 303 46 425 65 50 239 545 168 235 409 23 202 471 533 143 112 2
split_gain=184416 74401.7 59318.9 30706.8 20782.1 17165.1 16510.6 12992.2 12769.7 11653.9 10004.5 9939.72 10786.9 9699.6 8059.27 7921.03 7413.41 7329.6 5872.89 7602.46 5864.6 5363.05 5330.32 4954.27 4862.67 4830.23 4767.36 4657.25 4623.61 4607.09
threshold=8.0000000000000018 8.0000000000000018 71.500000000000014 16.500000000000004 24.500000000000004 5.5000000000000009 69.500000000000014 214.50000000000003 6.5000000000000009 16.500000000000004 35.500000000000007 35.500000000000007 16.500000000000004 52.000000000000007 24.500000000000004 29.500000000000004 35.500000000000007 6.5000000000000009 10.500000000000002 207.44999694824222 10.500000000000002 13.500000000000002 10.500000000000002 20.000000000000004 6.5000000000000009 6.5000000000000009 140.50000000000003 10.500000000000002 13.500000000000002 10.500000000000002
decision_type=2 2 2 2 2 2 2 2 2 2 2 2 2 2 2 2 2 2 2 8 2 2 2 2 2 2 2 2 2 2
left_child=2 6 5 8 11 -1 28 13 24 27 16 23 -13 17 21 20 -10 -4 25 -20 -8 -9 -7 -5 -3 -19 -22 -6 -2 -28
right_child=1 3 7 4 9 22 15 14 10 -11 -12 12 -14 -15 -16 -17 -18 18 19 -21 26 -23 -24 -25 -26 -27 29 -29 -30 -31
leaf_value=-0.089778829154655349 -0.058363065534549466 -0.019847876820322092 -0.036826372807963047 0.060983243664604253 0.080166267142061792 -0.05755250515983814 -0.0033107225369460509 0.00520348216607358 0.059783453555226101 0.27725341560509098 0.19490566165876183 0.090667470655023397 0.25034208553563314 0.097606275922744179 0.15176859730408596 0.1148899883754412 0.16565094606649863 -0.043106752936855001 0.0067138497770179136 0.11220471446761436 0.0086413181095179349 0.091105558036026227 -0.014134992729141878 0.12351549081041201 0.044839947196351926 0.013894138222006486 0.041080268655924734 0.18817231949586508 -0.0046894265527023214 0.15677981249626149
leaf_weight=4191 1061 546 2231 973 163 1754 1171 615 1704 313 184 223 217 204 173 250 191 784 609 250 293 272 1262 498 671 757 188 288 686 171
leaf_count=4191 1061 546 2231 973 163 1754 1171 615 1704 313 184 223 217 204 173 250 191 784 609 250 293 272 1262 498 671 757 188 288 686 171
internal_value=0.001787 0.0546482 -0.0377139 0.0901469 0.130681 -0.0686965 -0.000833272 0.000160321 0.0572423 0.201686 0.0814911 0.102282 0.16947 -0.0110269 0.0512112 0.0298876 0.0704664 -0.0158174 0.00370234 0.0374429 0.0182178 0.031572 -0.0393929 0.0821692 0.0157988 -0.0150904 0.0569194 0.149189 -0.0373003 0.0962562
internal_weight=22893 9791 13102 5971 2675 7207 3820 5895 3296 764 2079 1911 440 4835 1060 2073 1895 4631 2400 859 1823 887 3016 1471 1217 1541 652 451 1747 359
internal_count=22893 9791 13102 5971 2675 7207 3820 5895 3296 764 2079 1911 440 4835 1060 2073 1895 4631 2400 859 1823 887 3016 1471 1217 1541 652 451 1747 359
is_linear=0
shrinkage=0.0161


Tree=8
num_leaves=31
num_cat=0
split_feature=230 493 171 289 471 291 171 443 532 239 169 408 293 86 481 493 132 520 248 83 419 83 49 531 167 213 211 556 532 110
split_gain=177494 57678 57017.7 26221.7 20107.1 14888.9 14799 13799.2 13576.5 11148.3 10051.9 8620.1 8296.19 7937.82 7743.01 7519.98 7267.74 7351.89 6957.23 6827.27 6101.55 6026.6 5635.25 5541.95 5384.56 4859.6 4647.48 4611.09 5893.97 4544.77
threshold=8.0000000000000018 62.500000000000007 10.500000000000002 16.500000000000004 24.500000000000004 5.5000000000000009 6.5000000000000009 5.5000000000000009 54.500000000000007 10.500000000000002 10.500000000000002 13.500000000000002 5.5000000000000009 10.500000000000002 215.50000000000003 255.50000000000003 16.500000000000004 159.50000000000003 24.500000000000004 35.500000000000007 29.500000000000004 8.0000000000000018 8.0000000000000018 10.500000000000002 13.500000000000002 8.0000000000000018 4.5000000000000009 93.149997711181655 105.50000000000001 16.500000000000004
decision_type=2 2 2 2 2 2 2 2 2 2 2 2 2 2 2 2 2 2 2 2 2 2 2 2 2 2 2 10 2 2
left_child=1 6 7 12 11 15 23 -2 -6 18 -9 -5 -4 -10 29 25 24 -18 -7 -13 21 -14 -8 -1 -11 -3 -23 -28 -29 -12
right_child=2 5 3 4 8 9 22 10 13 16 14 19 20 -15 -16 -17 17 -19 -20 -21 -22 26 -24 -25 -26 -27 27 28 -30 -31
leaf_value=-0.11044011766640455 -0.033317924796923241 -0.054856328366265222 0.011944098952180822 0.048688533140813735 0.28961654643377793 -0.014317522018524926 -0.056287336281795525 -0.00023016094191965578 0.069187336755847831 0.0075233779753609903 0.016023255413977314 0.10687823997247037 0.028451742902891305 0.20070651657825253 0.15757571893166986 0.067865230561269821 0.049374466176911359 0.19501644150161013 0.069453662789074458 0.22187334406418396 0.15155744243175032 0.027315017595797953 -0.0041766334964887346 -0.073364666281484955 0.087933116990306273 -0.010020099688736402 0.059465016725342053 0.21580340555843452 0.098781478974671891 0.075750318300000855
leaf_weight=1535 1305 1596 764 593 271 1906 1315 1489 200 679 677 741 736 296 181 189 193 169 297 164 234 253 912 3303 317 1034 335 165 349 647
leaf_count=1535 1305 1596 764 593 271 1906 1315 1489 200 679 677 741 736 296 181 189 193 169 297 164 234 253 912 3303 317 1034 335 165 349 647
internal_value=-0.000106496 -0.0376313 0.0535634 0.0899658 0.13082 -0.00253637 -0.0693201 0.0103645 0.197888 0.0193427 0.0294122 0.0964642 0.0573291 0.147722 0.0587551 -0.0301827 0.0556265 0.117433 -0.00301313 0.127743 0.0740523 0.0641721 -0.0349576 -0.0851328 0.0331393 -0.0372377 0.0880076 0.106066 0.136393 0.0452279
internal_weight=22845 13445 9400 5101 2265 6380 7065 4299 767 3561 2994 1498 2836 496 1505 2819 1358 362 2203 905 2072 1838 2227 4838 996 2630 1102 849 514 1324
internal_count=22845 13445 9400 5101 2265 6380 7065 4299 767 3561 2994 1498 2836 496 1505 2819 1358 362 2203 905 2072 1838 2227 4838 996 2630 1102 849 514 1324
is_linear=0
shrinkage=0.0161


Tree=9
num_leaves=31
num_cat=0
split_feature=290 231 482 49 547 231 172 110 27 172 471 25 215 577 229 429 122 264 251 442 9 380 412 110 111 493 49 215 335 99
split_gain=170150 57788.5 54992.1 27814.8 18356.4 14420.5 14057.5 12814.8 11310.4 11236.1 11020.3 10716.2 10093.8 9805.08 9030.78 8267.8 7023.37 7017.21 6477.23 6457.94 6068.33 6763.12 6622.78 5819.91 5375.99 5320.52 5298.6 5186.01 5148.3 6377.85
threshold=8.0000000000000018 13.500000000000002 77.500000000000014 24.500000000000004 184.15000152587893 4.5000000000000009 5.5000000000000009 20.000000000000004 6.5000000000000009 10.500000000000002 29.500000000000004 6.5000000000000009 10.500000000000002 200.34999847412112 10.500000000000002 10.500000000000002 24.500000000000004 8.0000000000000018 24.500000000000004 20.000000000000004 10.500000000000002 16.500000000000004 13.500000000000002 4.5000000000000009 5.5000000000000009 62.500000000000007 5.5000000000000009 8.0000000000000018 10.500000000000002 20.000000000000004
decision_type=2 2 2 2 10 2 2 2 2 2 2 2 2 8 2 2 2 2 2 2 2 2 2 2 2 2 2 2 2 2
left_child=2 4 5 11 6 -1 26 -5 -9 18 -10 -3 -6 -14 -8 -13 23 -7 28 -16 -17 22 -22 -11 -20 -19 -2 -21 -4 -30
right_child=1 3 9 7 12 17 14 8 10 16 -12 15 13 -15 19 20 -18 25 24 27 21 -23 -24 -25 -26 -27 -28 -29 29 -31
leaf_value=-0.088978257743855912 -0.068595220491785097 0.020549533162045743 -0.038740686015002433 0.093344250541617269 0.039267899508770132 -0.06032572246736824 0.0018802097254808576 0.095129069791044615 0.18703136009665927 -0.022795768801013336 0.33834995966424264 0.058794376861765175 0.24602153066074697 0.07444928253447386 0.03502374190796282 0.069435654151194792 0.11134808641331646 -0.033738418944621637 -0.015358831623422855 0.05388676857765879 0.047481796294387743 0.22219672394095685 0.17036595981930705 0.045444702018707275 0.091736429182730742 0.039430485973574916 -0.010295853256168101 0.16738936164300275 -0.01509236719353803 0.0778699490016765
leaf_weight=3705 583 798 2002 412 458 2475 1632 179 338 501 199 1108 162 186 984 374 267 974 234 210 209 227 251 915 252 350 1321 209 958 239
leaf_count=3705 583 798 2002 412 458 2475 1632 179 338 501 199 1108 162 186 984 374 267 974 234 210 209 227 251 915 252 350 1321 209 958 239
internal_value=0.000301956 0.0507041 -0.0382261 0.0969186 0.0177585 -0.0663719 0.00612759 0.164987 0.206178 0.00111491 0.24315 0.0710325 0.089001 0.154387 0.0276452 0.089595 0.035586 -0.0443187 -0.0146222 0.0575987 0.121738 0.150177 0.114585 0.0212837 0.0401236 -0.0143784 -0.0281593 0.110559 -0.0229467 0.00344937
internal_weight=22712 9840 12872 4095 5745 7504 4939 1128 716 5368 537 2967 806 348 3035 2169 1683 3799 3685 1403 1061 687 460 1416 486 1324 1904 419 3199 1197
internal_count=22712 9840 12872 4095 5745 7504 4939 1128 716 5368 537 2967 806 348 3035 2169 1683 3799 3685 1403 1061 687 460 1416 486 1324 1904 419 3199 1197
is_linear=0
shrinkage=0.0161


Tree=10
num_leaves=31
num_cat=0
split_feature=171 495 170 469 144 170 481 292 497 412 441 69 262 329 229 46 505 6 112 349 231 117 160 526 563 49 545 432 27 52
split_gain=152823 60251 59502.4 28198.5 21779.1 16492.4 16134.8 14235.8 12477.6 11149.3 10099.1 8577.43 8035.33 7787.12 7314.17 7180.99 7259.22 7140.52 5648.13 5645.17 5589.91 5555.98 5294.52 5118.89 5112.02 4987.81 4861.31 4838.73 4830.72 4162.59
threshold=8.0000000000000018 71.500000000000014 10.500000000000002 29.500000000000004 8.0000000000000018 6.5000000000000009 87.500000000000014 20.000000000000004 214.50000000000003 6.5000000000000009 13.500000000000002 13.500000000000002 16.500000000000004 24.500000000000004 13.500000000000002 35.500000000000007 262.50000000000006 24.500000000000004 20.000000000000004 8.0000000000000018 6.5000000000000009 10.500000000000002 10.500000000000002 99.500000000000014 71.750000000000014 8.0000000000000018 104.35000228881837 13.500000000000002 16.500000000000004 8.0000000000000018
decision_type=2 2 2 2 2 2 2 2 2 2 2 2 2 2 2 2 2 2 2 2 2 2 2 2 8 2 8 2 2 2
left_child=1 5 6 9 -5 24 18 11 12 -4 -9 -6 19 14 27 16 -8 29 25 -3 -7 -14 -23 26 -1 -2 -16 -11 -15 -10
right_child=2 8 3 4 7 20 15 10 17 13 -12 -13 21 28 23 -17 -18 -19 -20 -21 -22 22 -24 -25 -26 -27 -28 -29 -30 -31
leaf_value=-0.11326237157504132 -0.059331654631822418 -0.03488716760029293 0.018074002818125344 0.051415101281993961 0.089524296549251134 -0.048252357044799084 0.017926981555164347 0.16028164258206001 0.0038881165660835811 0.016740313158062528 0.32350239351908772 0.21048137612704179 -0.0017799776588503936 0.094630103063791604 0.087582262565570126 0.12859308883037718 0.1175151476983414 0.14349109524046608 0.020230637904906746 0.0053010838862966661 0.006482443821578511 0.026987447185563982 0.14167633718757738 0.061096609051881579 -0.074987808125188946 -0.0052794152592516774 0.18890395377753677 0.086446685068180359 0.20705824348771459 0.075992554387202552
leaf_weight=1210 1055 2355 1079 456 388 1719 1818 164 516 763 248 251 541 223 255 204 212 184 602 1471 672 246 182 442 3626 764 239 391 180 348
leaf_count=1210 1055 2355 1079 456 388 1719 1818 164 516 763 248 251 541 223 255 204 212 184 602 1471 672 246 182 442 3626 764 239 391 180 348
internal_value=-0.00041294 -0.0363824 0.0478815 0.08599 0.144406 -0.0674646 0.00629677 0.18473 0.0020579 0.061338 0.258588 0.137073 -0.00893708 0.0800537 0.0675377 0.0375043 0.0283389 0.0523866 -0.0224905 -0.0194297 -0.0328591 0.0324675 0.075812 0.100997 -0.0845692 -0.0366421 0.13665 0.0403787 0.144905 0.0329574
internal_weight=22804 13070 9734 5079 1507 7227 4655 1051 5843 3572 412 639 4795 2493 2090 2234 2030 1048 2421 3826 2391 969 428 936 4836 1819 494 1154 403 864
internal_count=22804 13070 9734 5079 1507 7227 4655 1051 5843 3572 412 639 4795 2493 2090 2234 2030 1048 2421 3826 2391 969 428 936 4836 1819 494 1154 403 864
is_linear=0
shrinkage=0.0161


Tree=11
num_leaves=31
num_cat=0
split_feature=230 231 481 110 49 231 485 24 494 550 173 291 470 110 248 83 229 169 473 218 152 23 324 46 172 359 553 24 567 324
split_gain=167581 52976.7 47829.4 28125.1 20066.7 14665.5 13292 12935.4 11157.3 11650.7 10296.2 9869.76 8318.43 8199.52 7979.09 7308.73 6413.96 6213.8 5911.26 5897.43 6956.48 5837.95 5692.14 5540.43 5388.83 5289.35 4921.06 4876.38 4406.6 4341.39
threshold=8.0000000000000018 10.500000000000002 73.500000000000014 16.500000000000004 29.500000000000004 4.5000000000000009 94.500000000000014 16.500000000000004 259.50000000000006 231.15000152587893 20.000000000000004 20.000000000000004 5.5000000000000009 10.500000000000002 20.000000000000004 13.500000000000002 10.500000000000002 16.500000000000004 13.500000000000002 16.500000000000004 13.500000000000002 6.5000000000000009 8.0000000000000018 16.500000000000004 10.500000000000002 24.500000000000004 72.350002288818374 6.5000000000000009 224.44999694824222 8.0000000000000018
decision_type=2 2 2 2 2 2 2 2 2 8 2 2 2 2 2 2 2 2 2 2 2 2 2 2 2 2 8 2 10 2
left_child=2 6 5 19 10 26 16 22 12 -10 27 -9 24 -7 28 -12 -2 25 -16 21 -21 -3 -6 -19 -4 -8 -1 -5 -14 -15
right_child=1 3 8 4 7 13 17 11 9 -11 15 -13 14 29 18 -17 -18 23 -20 20 -22 -23 -24 -25 -26 -27 -28 -29 -30 -31
leaf_value=-0.11642968396427328 -0.035227675660668888 -0.019038836316943235 -0.045314561746621226 0.023697983826887151 0.048862904527363776 -0.054674734906915295 0.0088576000804157316 0.15421954054573678 -0.011182355516587153 0.14802047364584542 0.091068850883139041 0.31591813457358425 -0.009865327289548179 -0.026899112115184538 0.026824207794537168 0.2114473673565479 0.01688614842765172 0.045937585296858964 0.1401020073667717 0.046120377999566059 0.16826194688766774 0.048335962367615684 0.17688503447377865 0.14117403926483116 0.0092646481876743503 0.094110383649025769 -0.075271883813606999 0.089965452944188506 0.073639878364931577 0.047967533707333504
leaf_weight=1064 1444 497 1818 385 161 3023 1173 162 228 249 244 250 2193 520 353 284 1062 418 181 351 185 1010 206 256 631 225 2605 1153 177 327
leaf_count=1064 1444 497 1818 385 161 3023 1173 162 228 249 244 250 2193 520 353 284 1062 418 181 351 185 1010 206 256 631 225 2605 1153 177 327
internal_value=-0.000664802 0.0511668 -0.0373663 0.0880278 0.120759 -0.0641458 0.0118048 0.190422 -0.00273255 0.0718742 0.0944803 0.252395 -0.00938507 -0.0422697 0.00903944 0.155862 -0.0131333 0.0419777 0.0652639 0.0424363 0.0883214 0.0261005 0.120787 0.0821454 -0.0312423 0.0225954 -0.0872139 0.0733923 -0.00361893 0.00197675
internal_weight=22835 9466 13369 4888 2845 7539 4578 779 5830 477 2066 412 5353 3870 2904 528 2506 2072 534 2043 536 1507 367 674 2449 1398 3669 1538 2370 847
internal_count=22835 9466 13369 4888 2845 7539 4578 779 5830 477 2066 412 5353 3870 2904 528 2506 2072 534 2043 536 1507 367 674 2449 1398 3669 1538 2370 847
is_linear=0
shrinkage=0.0161


Tree=12
num_leaves=31
num_cat=0
split_feature=230 484 231 171 264 172 349 471 84 232 496 509 122 555 250 254 114 110 202 228 307 409 289 173 115 538 542 531 114 275
split_gain=161972 69013.5 38828.8 23512.3 22014.9 16681.2 15893 13803 12302.3 10475.9 10125.4 9052.16 12751.8 7438.08 7210.24 7176.13 7006.14 6695.33 6658.61 6469.32 6189.7 6124.81 5820.86 5520.18 5225.06 5197.94 4991.93 4853.84 4700.82 5559.69
threshold=13.500000000000002 78.500000000000014 16.500000000000004 4.5000000000000009 13.500000000000002 8.0000000000000018 29.500000000000004 29.500000000000004 8.0000000000000018 6.5000000000000009 240.50000000000003 153.50000000000003 29.500000000000004 216.75000000000003 5.5000000000000009 10.500000000000002 24.500000000000004 10.500000000000002 24.500000000000004 6.5000000000000009 43.500000000000007 10.500000000000002 3.5000000000000004 6.5000000000000009 16.500000000000004 159.50000000000003 224.44999694824222 10.500000000000002 5.5000000000000009 5.5000000000000009
decision_type=2 2 2 2 2 2 2 2 2 2 2 2 2 10 2 2 2 2 2 2 2 2 2 2 2 2 10 2 2 2
left_child=1 3 8 27 18 10 16 -8 19 -5 14 22 13 28 -3 -12 -6 24 -4 -2 26 -10 -7 -23 -11 -25 -16 -1 -13 -30
right_child=2 5 4 9 6 11 7 -9 21 17 15 12 -14 -15 20 -17 -18 -19 -20 -21 -22 23 -24 25 -26 -27 -28 -29 29 -31
leaf_value=-0.11000925556339826 -0.03577505767312307 -0.047565276280335647 0.049792489769595064 -0.053150970719134195 0.0976370006429777 -0.048715197142711865 0.16421549220650458 0.33742499719945207 0.025740953390353954 -0.042340423740747229 0.0041948636364528341 -0.029386352501902573 0.20448518090243398 0.12764082926174447 -0.015005390589524244 0.13044687813305947 0.20724017371540315 0.030803715084367109 0.15066891713970096 0.031766133612800146 0.094395976193150752 0.04283910833514909 0.028866810880582069 0.084237228978191858 0.023131014655252954 0.17376776638082253 0.076518758303006543 -0.071675411448517828 0.12190272528641953 0.025761520605964622
leaf_weight=1219 637 1355 909 2764 648 310 278 210 721 1253 259 241 161 271 2051 213 198 799 209 869 164 522 1307 592 422 236 167 2907 214 578
leaf_count=1219 637 1355 909 2764 648 310 278 210 721 1253 259 241 161 271 2051 213 198 799 209 869 164 522 1307 592 422 236 167 2907 214 578
internal_value=0.000544498 -0.0253387 0.0720503 -0.0542582 0.121404 0.0118 0.16558 0.238801 0.0382123 -0.0316084 -0.00903425 0.0402603 0.0692526 0.0525379 -0.0179138 0.0612186 0.123317 -0.00753113 0.0686715 0.00318229 -0.0010367 0.0636743 0.0139788 0.0839161 -0.0258315 0.109784 -0.00810365 -0.0830066 0.0328124 0.0517688
internal_weight=22684 16655 6029 9364 2452 7291 1334 488 3577 5238 4209 3082 1465 1304 3737 472 846 2474 1118 1506 2382 2071 1617 1350 1675 828 2218 4126 1033 792
internal_count=22684 16655 6029 9364 2452 7291 1334 488 3577 5238 4209 3082 1465 1304 3737 472 846 2474 1118 1506 2382 2071 1617 1350 1675 828 2218 4126 1033 792
is_linear=0
shrinkage=0.0161


Tree=13
num_leaves=31
num_cat=0
split_feature=230 351 491 169 24 171 59 409 548 117 109 87 289 496 299 289 473 147 491 144 100 395 351 503 322 599 426 202 155 264
split_gain=152695 49269.2 48462.7 25522.3 18523.2 17679.9 13614.1 11837.5 10835 10301.8 7611.17 7584.88 7259.74 7111.31 7531.6 6880.15 6607.36 6200.92 6086.58 5911 5910.53 5570.52 5704.36 5259.73 4694.34 4865.59 4651.26 4571.15 4489.72 4097.56
threshold=8.0000000000000018 10.500000000000002 95.500000000000014 10.500000000000002 16.500000000000004 5.5000000000000009 35.500000000000007 35.500000000000007 144.05000305175784 16.500000000000004 8.0000000000000018 29.500000000000004 5.5000000000000009 257.50000000000006 8.0000000000000018 10.500000000000002 20.000000000000004 3.5000000000000004 268.50000000000006 6.5000000000000009 5.5000000000000009 16.500000000000004 24.500000000000004 51.500000000000007 24.500000000000004 119.25000000000001 13.500000000000002 10.500000000000002 6.5000000000000009 6.5000000000000009
decision_type=2 2 2 2 2 2 2 2 8 2 2 2 2 2 2 2 2 2 2 2 2 2 2 2 2 8 2 2 2 2
left_child=2 8 5 19 11 23 13 16 15 -9 -8 27 -7 17 -15 -2 -6 -4 28 26 -19 -21 -23 -1 25 -22 -3 -5 -10 -17
right_child=1 3 6 4 7 12 10 9 18 -11 -12 -13 -14 14 -16 29 -18 20 -20 21 24 22 -24 -25 -26 -27 -28 -29 -30 -31
leaf_value=-0.089291221561066128 -0.03900302654108348 -0.02526768382116007 -0.052430478859624673 0.034553481131135509 0.09795609763150763 -0.055133285667887742 0.028905639436845779 0.16985109487035804 0.00036032776456243113 0.3340235932115434 0.17158771483789589 0.1776905348854973 -0.0093374494587997181 -0.010079329444215071 0.11848924877677074 -0.019103475595981922 0.20054373086200322 -0.033003979346574286 0.12020795102375198 0.040160177733485528 0.072848966598957537 0.055723299073842179 0.17706015185348581 -0.052881858598966755 0.075844092727907805 -0.0051397821812282181 0.062049768391163551 0.095271940096330013 0.049419902354093916 0.043255041631943998
leaf_weight=3608 1276 471 744 651 582 1789 207 263 874 160 183 175 1803 231 241 487 227 991 203 960 239 220 186 1444 282 1564 238 638 1085 621
leaf_count=3608 1276 471 744 651 582 1789 207 263 874 160 183 175 1803 231 241 487 227 991 203 960 239 220 186 1444 282 1564 238 638 1085 621
internal_value=-0.00191397 0.0480865 -0.036874 0.084227 0.1169 -0.0594706 0.00483911 0.162921 0.0101521 0.232005 0.0959168 0.0781562 -0.0321527 -0.00343134 0.055517 -0.0135109 0.126771 -0.0107212 0.0362557 0.0417638 -0.000625192 0.061342 0.111369 -0.0788891 0.0147532 0.00518511 0.0040102 0.0646248 0.0275442 0.0158253
internal_weight=22643 9317 13326 4771 2696 8644 4682 1232 4546 423 390 1464 3592 4292 472 2384 809 3820 2162 2075 3076 1366 406 5052 2085 1803 709 1289 1959 1108
internal_count=22643 9317 13326 4771 2696 8644 4682 1232 4546 423 390 1464 3592 4292 472 2384 809 3820 2162 2075 3076 1366 406 5052 2085 1803 709 1289 1959 1108
is_linear=0
shrinkage=0.0161


Tree=14
num_leaves=31
num_cat=0
split_feature=230 495 291 408 144 111 170 292 384 555 412 491 579 172 229 322 440 517 410 299 172 389 170 556 341 410 93 515 153 248
split_gain=150518 52178.1 46357.8 24653.1 16337.7 15610.9 15433.7 13799.1 12084.5 10776.9 8920.71 8580.44 8850.64 8445.03 8226.54 7856.89 7731.74 8709.29 7848.33 7606.89 11164.1 7075.41 6938.76 9051.13 5734.46 5537.85 5225.9 4936.28 4822.61 7294.45
threshold=10.500000000000002 63.500000000000007 16.500000000000004 24.500000000000004 8.0000000000000018 5.5000000000000009 5.5000000000000009 24.500000000000004 5.5000000000000009 228.75000000000003 6.5000000000000009 219.50000000000003 210.94999694824222 10.500000000000002 16.500000000000004 8.0000000000000018 5.5000000000000009 174.50000000000003 13.500000000000002 8.0000000000000018 10.500000000000002 8.0000000000000018 10.500000000000002 95.850002288818374 10.500000000000002 8.0000000000000018 10.500000000000002 174.50000000000003 6.5000000000000009 20.000000000000004
decision_type=2 2 2 2 2 2 2 2 2 10 2 2 8 2 2 2 2 2 2 2 2 2 2 10 2 2 2 2 2 2
left_child=1 6 8 10 -5 19 25 -6 27 15 -4 14 -13 -8 -10 28 -12 18 -18 -3 -21 -20 23 -17 -24 -1 -23 -2 -7 -30
right_child=2 5 3 4 7 9 13 -9 11 -11 16 12 -14 -15 -16 22 17 -19 21 20 -22 26 24 -25 -26 -27 -28 -29 29 -31
leaf_value=-0.086536829036327104 -0.026482428715482308 -0.050106582915518075 0.0096429994980960481 0.067655877124114971 0.17360749792915947 -0.034167829346184786 -0.047682490823507277 0.33960283676433273 0.013321436918907616 0.11070888072038799 0.04078402208054991 0.19288688286587879 0.044874461973678607 0.013958595775912559 0.068415766063435204 0.098668214581643113 0.051935691610947979 0.045678985764203602 0.11381915066560314 -0.026713696502308853 0.0768450043442859 0.28351301510485266 0.041541569707603664 -0.0006753523528905056 0.1614414057191132 -0.041622124627787589 0.15804600777911601 0.04849709338926575 -0.0046868886935782176 0.10369125070799531
leaf_weight=3824 1160 1722 386 223 384 1003 2130 197 1858 314 465 191 233 789 1131 300 178 306 287 1027 366 177 236 1143 185 877 170 283 899 196
leaf_count=3824 1160 1722 386 223 384 1003 2130 197 1858 314 465 191 233 789 1131 300 178 306 287 1027 366 177 236 1143 185 877 170 283 899 196
internal_value=-0.00094618 -0.0305417 0.0572836 0.109806 0.184952 -6.01978e-05 -0.0601041 0.229932 0.0272863 0.0199076 0.0791092 0.0438023 0.111605 -0.031013 0.0341763 0.0127054 0.096033 0.118991 0.14659 -0.0274778 0.000478657 0.173127 0.036761 0.0199619 0.0942851 -0.0781627 0.222113 -0.0117612 -0.00865603 0.0146908
internal_weight=22640 15011 7629 2773 804 7391 7620 581 4856 4276 1969 3413 424 2919 2989 3962 1583 1118 812 3115 1393 634 1864 1443 421 4701 347 1443 2098 1095
internal_count=22640 15011 7629 2773 804 7391 7620 581 4856 4276 1969 3413 424 2919 2989 3962 1583 1118 812 3115 1393 634 1864 1443 421 4701 347 1443 2098 1095
is_linear=0
shrinkage=0.0161


Tree=15
num_leaves=31
num_cat=0
split_feature=290 172 533 169 383 553 231 170 555 109 204 171 144 216 419 263 84 322 228 114 172 55 501 349 437 22 208 404 462 599
split_gain=139895 51681.8 40682.6 31177.3 17082.3 13355.5 11869.8 11365.4 11000.9 10500.1 9755.53 9521.32 7928.72 7504.75 7806.68 9118.82 7088.17 6520.7 6448.64 8089.04 6356.44 6226.87 7386.65 5670.79 5640.02 5482.23 6493.39 4939.61 4522.34 4324.05
threshold=8.0000000000000018 8.0000000000000018 58.500000000000007 16.500000000000004 29.500000000000004 231.15000152587893 4.5000000000000009 35.500000000000007 221.94999694824222 16.500000000000004 5.5000000000000009 10.500000000000002 6.5000000000000009 6.5000000000000009 24.500000000000004 20.000000000000004 20.000000000000004 5.5000000000000009 13.500000000000002 20.000000000000004 10.500000000000002 20.000000000000004 150.50000000000003 6.5000000000000009 13.500000000000002 13.500000000000002 8.0000000000000018 24.500000000000004 20.000000000000004 176.25000000000003
decision_type=2 2 2 2 2 10 2 2 10 2 2 2 2 2 2 2 2 2 2 2 2 2 2 2 2 2 2 2 2 10
left_child=2 5 6 11 10 9 -1 -6 12 29 -5 -3 21 -13 15 28 -11 -12 -19 -20 27 -4 -23 -8 -10 -22 -27 -14 -15 -2
right_child=1 3 8 4 7 -7 23 -9 24 16 17 13 20 14 -16 -17 -18 18 19 -21 25 22 -24 -25 -26 26 -28 -29 -30 -31
leaf_value=-0.085568138921515963 -0.027325110377358065 0.011027296441936778 -0.04062287724428109 0.029396530011287433 0.15135059598442865 0.14069173949605221 -0.058700389321094303 0.31701603251142862 0.023631144241640895 0.015091774142594732 0.042054339661726697 0.032177625982193495 -0.022306549874341042 0.019651745525605897 0.18197361642650509 0.15219019454367308 0.10239857089059648 0.08952649267868111 0.13450543150249764 0.25869462767030138 0.010859801371929823 -0.022219980863231754 0.10185526803378851 -0.014713701232291767 0.13985242121872107 0.014738762852411871 0.15082010478512642 0.053402419100725393 0.11180187818466397 0.028784874532738154
leaf_weight=3274 2455 1206 2565 373 291 178 2010 171 273 1064 217 885 1479 523 215 283 312 423 478 191 614 379 185 1224 180 166 202 263 188 416
leaf_count=3274 2455 1206 2565 373 291 178 2010 171 273 1064 217 885 1479 523 215 283 312 423 478 191 614 379 185 1224 180 166 202 263 188 416
internal_value=-0.000622333 0.0449365 -0.0357123 0.0781533 0.12596 0.00406499 -0.0639512 0.212719 -0.00656514 -0.00165576 0.102116 0.0470862 -0.0124845 0.0678425 0.09393 0.0748627 0.0349052 0.122819 0.138847 0.169997 0.00759205 -0.0299699 0.0184367 -0.0420596 0.0698637 0.0403537 0.0894995 -0.0108628 0.0440508 -0.0191867
internal_weight=22683 9869 12814 5444 2144 4425 6508 462 6306 4247 1682 3300 5853 2094 1209 994 1376 1309 1092 669 2724 3129 564 3234 453 982 368 1742 711 2871
internal_count=22683 9869 12814 5444 2144 4425 6508 462 6306 4247 1682 3300 5853 2094 1209 994 1376 1309 1092 669 2724 3129 564 3234 453 982 368 1742 711 2871
is_linear=0
shrinkage=0.0161


Tree=16
num_leaves=31
num_cat=0
split_feature=290 172 488 229 290 261 411 264 496 142 111 291 365 470 291 348 495 532 256 186 160 24 109 58 229 155 561 298 441 133
split_gain=135392 48179.1 47462.4 32030.3 18724.4 13995.7 10142.4 9946.63 10243.4 9634.7 9592.23 9188.36 8883.16 8562.54 8531.24 8424.77 7611.74 7561.29 6782.54 6661.97 6950.82 6103.63 5714.7 5585.17 5404.53 4776.41 4574.71 4007.77 3875.63 5077.64
threshold=8.0000000000000018 8.0000000000000018 70.500000000000014 13.500000000000002 16.500000000000004 24.500000000000004 29.500000000000004 6.5000000000000009 224.50000000000003 6.5000000000000009 6.5000000000000009 6.5000000000000009 29.500000000000004 8.0000000000000018 16.500000000000004 35.500000000000007 250.50000000000003 58.500000000000007 6.5000000000000009 10.500000000000002 8.0000000000000018 8.0000000000000018 10.500000000000002 35.500000000000007 16.500000000000004 6.5000000000000009 71.250000000000014 10.500000000000002 8.0000000000000018 16.500000000000004
decision_type=2 2 2 2 2 2 2 2 2 2 2 2 2 2 2 2 2 2 2 2 2 2 2 2 2 2 8 2 2 2
left_child=2 9 11 10 25 14 -7 8 -4 -2 -3 26 23 24 -6 17 21 -16 -15 20 -20 -11 -13 -12 28 -5 -1 -27 -9 -30
right_child=1 3 7 4 5 6 -8 13 -10 16 12 22 -14 18 15 -17 -18 -19 19 -21 -22 -23 -24 -25 -26 27 -28 -29 29 -31
leaf_value=-0.10307670028103429 -0.023365720134806638 -0.0233519176436984 -0.034108288168880868 0.010431319236509877 0.06587476742907461 0.16663399271871074 0.31987916021944501 -0.033700011659266532 0.063294399062167633 -0.014810695310453243 0.032365968335167451 -0.054167767217235187 0.13236375520346966 0.0062702726391008542 0.21407881612602633 0.2548115185313477 0.12276764931229105 0.080966926068094691 0.067559084664149199 0.02830941232491576 0.20886537906026362 0.038161614689711736 -0.00046872858590597653 0.11873169408181138 0.070971121900504544 0.045359305590611743 -0.066947794876923428 0.1353316553111244 -0.0080289341268286445 0.09045704401953901
leaf_weight=1220 1923 519 2439 345 467 311 176 899 316 953 1939 1661 317 415 162 167 189 352 190 262 173 1379 745 216 237 273 3600 244 550 180
leaf_count=1220 1923 519 2439 345 467 311 176 899 316 953 1939 1661 317 415 162 167 189 352 190 262 173 1379 745 216 237 273 3600 244 550 180
internal_value=-0.00148856 0.0431819 -0.0359179 0.0750914 0.117666 0.149687 0.222065 -0.00100548 -0.0229276 0.00377082 0.0395409 -0.0632657 0.0527549 0.0197694 0.118962 0.155333 0.0244797 0.122966 0.0567882 0.0902945 0.134968 0.0165037 -0.03755 0.0410335 -0.000850088 0.0569024 -0.0760973 0.0878676 -0.0113137 0.016223
internal_weight=22819 9932 12887 5488 2497 1635 487 5661 2755 4444 2991 7226 2472 2906 1148 681 2521 514 1040 625 363 2332 2406 2155 1866 862 4820 517 1629 730
internal_count=22819 9932 12887 5488 2497 1635 487 5661 2755 4444 2991 7226 2472 2906 1148 681 2521 514 1040 625 363 2332 2406 2155 1866 862 4820 517 1629 730
is_linear=0
shrinkage=0.0161


Tree=17
num_leaves=31
num_cat=0
split_feature=171 493 289 239 481 471 410 380 289 550 161 112 204 290 95 442 187 367 437 117 229 426 447 138 24 215 95 23 410 49
split_gain=129191 51409.2 48742.5 18204.2 17997.2 17464.8 11545 11182 9765.39 9095.99 8246.45 7424.44 7398.75 8531.09 7132.31 9759.21 7003.93 6941.73 6761.23 6372.03 6031.41 6278.89 5844.93 5668.48 5305.16 5258.43 5915.61 5184.84 4889.93 4331.63
threshold=8.0000000000000018 60.500000000000007 16.500000000000004 10.500000000000002 53.500000000000007 24.500000000000004 29.500000000000004 16.500000000000004 6.5000000000000009 228.75000000000003 29.500000000000004 6.5000000000000009 5.5000000000000009 10.500000000000002 13.500000000000002 16.500000000000004 24.500000000000004 6.5000000000000009 13.500000000000002 13.500000000000002 10.500000000000002 20.000000000000004 16.500000000000004 8.0000000000000018 13.500000000000002 8.0000000000000018 16.500000000000004 10.500000000000002 13.500000000000002 24.500000000000004
decision_type=2 2 2 2 2 2 2 2 2 10 2 2 2 2 2 2 2 2 2 2 2 2 2 2 2 2 2 2 2 2
left_child=1 8 4 20 11 12 24 -8 -1 14 17 -2 -4 -14 -5 19 29 -6 22 -16 -3 -22 -19 -12 -7 -20 -27 -24 -13 -15
right_child=2 3 5 9 10 6 7 -9 -10 -11 23 28 13 16 15 -17 -18 18 25 -21 21 -23 27 -25 -26 26 -28 -29 -30 -31
leaf_value=-0.078408935403072949 -0.053791002777244606 -0.032137496168806283 0.019199866123278043 0.0035634018685693531 0.0064012839715356035 0.046415173254128229 0.14445393349760585 0.31906513291534366 -0.037501736856025987 0.14513482016362786 0.041424582153126055 -0.019675589656967481 0.028591795035018415 0.065127936166690104 -0.012978668210162738 0.15541923859288967 0.19789449388575098 0.0080774777556958423 0.043855345885122195 0.093787112383811086 -0.0061041812529509919 0.092901334544006856 0.023217362317912202 0.15436210801183081 0.15298363903228399 0.19290694884614068 0.071590436816208247 0.14079430169090754 0.034446355094625673 0.12934829569754436
leaf_weight=4227 795 2962 498 1298 1460 213 207 177 2360 184 205 926 444 600 356 222 201 930 349 244 931 202 194 265 283 197 223 196 812 502
leaf_count=4227 795 2962 498 1298 1460 213 207 177 2360 184 205 926 444 600 356 222 201 930 349 244 931 202 194 265 283 197 223 196 812 502
internal_value=0.000999081 -0.0321829 0.0455298 0.000314451 0.0205709 0.0978522 0.158668 0.225 -0.0637562 0.0365208 0.0417559 -0.0130332 0.074003 0.0896118 0.0270828 0.0641931 0.110386 0.0333536 0.0521792 0.0304002 -0.0200508 0.0115265 0.0300447 0.105152 0.107267 0.0901429 0.12855 0.0823677 0.00559684 0.0944039
internal_weight=22663 12986 9677 6399 6552 3125 880 384 6587 2304 4019 2533 2245 1747 2120 822 1303 3549 2089 600 4095 1133 1320 470 496 769 420 390 1738 1102
internal_count=22663 12986 9677 6399 6552 3125 880 384 6587 2304 4019 2533 2245 1747 2120 822 1303 3549 2089 600 4095 1133 1320 470 496 769 420 390 1738 1102
is_linear=0
shrinkage=0.0161


Tree=18
num_leaves=31
num_cat=0
split_feature=170 503 291 408 111 472 26 84 497 350 503 308 232 329 28 476 291 469 442 278 35 47 543 187 319 118 507 289 570 136
split_gain=141355 50864.9 40057 38421.4 13617.2 12674.1 11368.5 11316.5 10351.4 9494.29 8609.05 8216.53 7945.11 8080.76 7149.86 6469.95 6419.53 5577.09 5390.28 5059.42 5957.97 4733.98 4863.56 4694.83 4619.27 5040.67 4489.02 4304.35 3699.4 3797.24
threshold=10.500000000000002 44.500000000000007 8.0000000000000018 24.500000000000004 4.5000000000000009 20.000000000000004 16.500000000000004 6.5000000000000009 238.50000000000003 8.0000000000000018 283.50000000000006 13.500000000000002 8.0000000000000018 13.500000000000002 8.0000000000000018 24.500000000000004 4.5000000000000009 35.500000000000007 13.500000000000002 10.500000000000002 10.500000000000002 29.500000000000004 200.34999847412112 35.500000000000007 10.500000000000002 13.500000000000002 21.500000000000004 4.5000000000000009 201.75000000000003 6.5000000000000009
decision_type=2 2 2 2 2 2 2 2 2 2 2 2 2 2 2 2 2 2 2 2 2 2 10 2 2 2 2 2 8 2
left_child=1 9 8 7 24 11 -7 -4 16 27 14 -5 -9 17 23 -15 -2 -14 21 -20 -21 22 -16 28 -3 -26 -18 -1 -6 -30
right_child=2 4 3 5 10 6 -8 12 -10 -11 -12 -13 13 15 18 -17 26 -19 19 20 -22 -23 -24 -25 25 -27 -28 -29 29 -31
leaf_value=-0.088825243730546968 -0.030476675692216775 -0.047793885694886004 0.0088878953618771548 0.084953540186340604 -0.030187690196781268 0.14548106650900436 0.30672947787780208 0.032184473882285347 0.11479753501650572 -0.025580171205305018 0.097880558367391041 0.18777695667588126 0.046959804870063772 0.10730234048725941 -0.010739913701853687 0.22193072256678534 -0.02599785226364856 0.13354543498427254 0.020892704100284508 0.031625392323571824 0.15044575955577741 0.079116762719184316 0.074389435663891446 0.071297855570950641 -0.029691465623183116 0.048944618605385702 0.034574522026225483 -0.058815152165702732 -0.028994644060445843 0.047399893994937374
leaf_weight=2474 1056 1807 956 563 1809 226 229 818 223 1350 280 315 863 486 1487 174 418 249 515 205 236 217 197 162 650 313 1310 2497 301 383
leaf_count=2474 1056 1807 956 563 1809 226 229 818 223 1350 280 315 863 486 1487 174 418 249 515 205 236 217 197 162 650 313 1310 2497 301 383
internal_value=0.0003701 -0.0288295 0.0554806 0.0839676 -0.00325282 0.157666 0.226689 0.0562565 0.00925124 -0.0634702 0.0107854 0.12187 0.0737317 0.0928976 0.00635687 0.137558 0.000788462 0.0663693 0.0240362 0.0552251 0.0952652 0.00833919 -0.000767219 -0.0126587 -0.0326149 -0.00410826 0.0199086 -0.0737555 -0.0181239 0.0137474
internal_weight=22769 14883 7886 4879 8562 1333 455 3546 3007 6321 5792 878 2590 1772 5512 660 2784 1112 2857 956 441 1901 1684 2655 2770 963 1728 4971 2493 684
internal_count=22769 14883 7886 4879 8562 1333 455 3546 3007 6321 5792 878 2590 1772 5512 660 2784 1112 2857 956 441 1901 1684 2655 2770 963 1728 4971 2493 684
is_linear=0
shrinkage=0.0161


Tree=19
num_leaves=31
num_cat=0
split_feature=350 486 351 109 84 231 470 204 497 187 349 441 293 264 598 230 237 469 110 203 230 292 537 589 548 63 522 89 572 409
split_gain=129816 48101.4 38113.8 22646.9 15026.6 14790.4 14295.4 10197 9728.44 9618.61 9480.58 8175.31 8071.17 7272.91 6699.09 6524.35 6159.61 6067.92 5798.56 5709.82 5703.95 5380.17 5499.17 5261.52 5533.47 5257.97 4804.06 4669.27 5117.92 4292.87
threshold=10.500000000000002 81.500000000000014 10.500000000000002 16.500000000000004 6.5000000000000009 6.5000000000000009 43.500000000000007 20.000000000000004 211.50000000000003 20.000000000000004 10.500000000000002 10.500000000000002 20.000000000000004 8.0000000000000018 195.05000305175784 16.500000000000004 35.500000000000007 16.500000000000004 20.000000000000004 13.500000000000002 4.5000000000000009 13.500000000000002 71.500000000000014 185.15000152587893 196.25000000000003 8.0000000000000018 92.500000000000014 16.500000000000004 139.25000000000003 5.5000000000000009
decision_type=2 2 2 2 2 2 2 2 2 2 2 2 2 2 10 2 2 2 2 2 2 2 2 10 8 2 2 2 8 2
left_child=1 5 10 12 -5 20 15 -8 11 23 26 16 14 -12 29 -6 -3 -15 27 -14 -1 -7 -23 24 -10 -19 -2 -13 -29 -4
right_child=2 8 3 4 6 21 7 -9 9 -11 13 18 19 17 -16 -17 -18 25 -20 -21 -22 22 -24 -25 -26 -27 -28 28 -30 -31
leaf_value=-0.082653668937139518 -0.03580777800889684 -0.027204005982168888 -0.015344988312253919 0.032128613508374801 0.07228081086970807 -0.036697432514502304 0.15166008514986459 0.33111549611161145 -0.0016504746821591331 0.13987333355710918 0.0075432715792112751 -0.0055578729030588501 0.059863454660637139 0.020559229891081544 0.11306327109539821 0.14754253835187028 0.07153320761784708 0.052469698565561912 0.10311595208154276 0.16119735746675529 -0.050525677308436608 -0.010511316647236261 0.090893377648764984 -0.01285562001242095 0.10698698552426898 0.1573568681616575 0.01662942643326891 0.12611228998080931 0.015633443734258259 0.040068903824823643
leaf_weight=3199 1060 2757 513 385 474 1856 170 160 209 231 924 1162 343 341 249 814 174 232 203 250 2604 561 184 492 289 268 790 167 313 1230
leaf_count=3199 1060 2757 513 385 474 1856 170 160 209 231 924 1162 343 341 249 814 174 232 203 250 2604 561 184 492 289 268 790 167 313 1230
internal_value=3.55462e-05 -0.0290832 0.0511586 0.0819646 0.122609 -0.0539395 0.144124 0.23874 0.00574575 0.0463035 0.0120545 -0.00461804 0.0504623 0.0387512 0.0349225 0.119864 -0.0213344 0.0730112 0.0219251 0.102624 -0.0682408 -0.0220234 0.014502 0.0244467 0.0613469 0.108736 -0.013403 0.0118732 0.0541199 0.023746
internal_weight=22604 14401 8203 4588 2003 8404 1618 330 5997 1221 3615 4776 2585 1765 1992 1288 2931 841 1845 593 5803 2601 745 990 498 500 1850 1642 480 1743
internal_count=22604 14401 8203 4588 2003 8404 1618 330 5997 1221 3615 4776 2585 1765 1992 1288 2931 841 1845 593 5803 2601 745 990 498 500 1850 1642 480 1743
is_linear=0
shrinkage=0.0161


Tree=20
num_leaves=31
num_cat=0
split_feature=230 496 291 408 496 470 410 322 294 6 538 204 144 478 104 45 114 388 266 115 106 411 224 351 223 26 88 79 459 384
split_gain=121445 48412.8 42159.5 26129.2 12866.2 12248.7 12124.6 11798.1 14404.8 9803.95 9249.68 8058.9 7032.99 6692.09 6794.56 6440.89 6297.52 7101.4 6114.32 5818.47 5637.77 5581.01 5562.68 5293.41 10912.4 4852.07 4509 4314.88 4199.65 4068.03
threshold=8.0000000000000018 72.500000000000014 8.0000000000000018 24.500000000000004 242.50000000000003 16.500000000000004 4.5000000000000009 5.5000000000000009 20.000000000000004 13.500000000000002 105.50000000000001 5.5000000000000009 6.5000000000000009 29.500000000000004 16.500000000000004 16.500000000000004 6.5000000000000009 20.000000000000004 6.5000000000000009 8.0000000000000018 29.500000000000004 8.0000000000000018 10.500000000000002 10.500000000000002 16.500000000000004 5.5000000000000009 6.5000000000000009 10.500000000000002 4.5000000000000009 35.500000000000007
decision_type=2 2 2 2 2 2 2 2 2 2 2 2 2 2 2 2 2 2 2 2 2 2 2 2 2 2 2 2 2 2
left_child=1 6 10 5 13 25 -1 -5 20 -6 21 22 -8 18 -15 -12 -13 28 -3 -17 26 -2 -7 29 -25 -4 -9 -28 -18 -20
right_child=2 4 3 7 9 11 12 8 -10 -11 15 16 -14 14 -16 19 17 -19 23 -21 -22 -23 -24 24 -26 -27 27 -29 -30 -31
leaf_value=-0.079553014019628124 -0.036389923361244879 -0.029992478856959583 -0.016395893619071941 0.028691083729867277 0.024655653366395455 -0.028611306658133204 -0.056539013216440878 0.047007631850259808 0.24796899494202093 0.1557037166142998 0.012195345637060906 0.045714003926298062 -0.013578278364708396 0.012483792376298132 0.13746113554215939 0.14851172828181969 0.024707037130790609 0.18212035936352305 -0.017400890238328286 0.031672093821430804 0.19320772046842752 0.017538154812655159 0.08783226260523222 0.0076886637709055079 0.14574226407825497 0.039541853104347949 0.18754493113098561 0.084180970211294545 0.10941557405228917 0.066950024953772655
leaf_weight=3439 1441 2150 556 240 404 266 2346 274 306 234 1034 487 1709 378 161 205 191 302 1532 241 211 759 177 623 195 1446 192 233 752 164
leaf_count=3439 1441 2150 556 240 404 266 2346 274 306 234 1034 487 1709 378 161 205 191 302 1532 241 211 759 177 623 195 1446 192 233 752 164
internal_value=0.000929416 -0.0302261 0.0455425 0.0732302 0.00451762 0.0527485 -0.0573093 0.131972 0.152337 0.0727572 0.00315449 0.0792041 -0.0384388 -0.0038455 0.0498584 0.0342804 0.0948806 0.114094 -0.0100569 0.0854292 0.120154 -0.017774 0.0178604 0.00698288 0.0406275 0.0239949 0.0980686 0.130933 0.0922832 -0.00923044
internal_weight=22648 13335 9313 5633 5841 4177 7494 1456 1216 638 3680 2175 4055 5203 539 1480 1732 1245 4664 446 910 2200 443 2514 818 2002 699 425 943 1696
internal_count=22648 13335 9313 5633 5841 4177 7494 1456 1216 638 3680 2175 4055 5203 539 1480 1732 1245 4664 446 910 2200 443 2514 818 2002 699 425 943 1696
is_linear=0
shrinkage=0.0161


Tree=21
num_leaves=31
num_cat=0
split_feature=410 495 230 263 233 568 112 170 170 109 112 188 366 207 60 453 158 494 108 443 289 468 86 411 423 477 481 169 313 476
split_gain=112881 49569.6 31017.2 22200.1 13812.8 12466.2 12212.7 12037.9 8514.19 7349.24 6803.9 6710.3 6558.16 8137.8 13620.3 6194.11 6622.6 5880.06 5602.05 5578.15 5277.82 5635.11 5120.17 5002.92 4861.13 4716.63 4666.98 4642.73 4572.71 5419.2
threshold=10.500000000000002 61.500000000000007 13.500000000000002 16.500000000000004 16.500000000000004 191.15000152587893 4.5000000000000009 8.0000000000000018 43.500000000000007 10.500000000000002 5.5000000000000009 13.500000000000002 10.500000000000002 20.000000000000004 16.500000000000004 16.500000000000004 6.5000000000000009 278.50000000000006 16.500000000000004 8.0000000000000018 16.500000000000004 20.000000000000004 13.500000000000002 8.0000000000000018 10.500000000000002 16.500000000000004 12.500000000000002 20.000000000000004 5.5000000000000009 6.5000000000000009
decision_type=2 2 2 2 2 10 2 2 2 2 2 2 2 2 2 2 2 2 2 2 2 2 2 2 2 2 2 2 2 2
left_child=1 7 5 9 27 10 15 -1 18 25 -2 -7 17 24 -15 -3 -17 20 -6 -11 -8 -22 -21 -9 -14 -4 -12 -5 -26 -30
right_child=2 6 3 4 8 11 12 23 -10 19 26 -13 13 14 -16 16 -18 -19 -20 22 21 -23 -24 -25 28 -27 -28 -29 29 -31
leaf_value=-0.069988207669582109 -0.030583432622564855 -0.044779130906929698 -0.0035965720923830102 0.056597977781013574 0.092481584159817762 0.046219726099577106 -0.016036458250014485 -0.043337307829747242 0.27403605705026957 0.034701426545194348 -0.032341764602718752 0.1722102944676876 -0.0039066816108678671 0.019579287455213125 0.20547457132879679 -0.049104088508967872 0.06983218371940661 0.094608733272132858 0.20804601047516244 0.066538427276803272 0.00062762298502786796 0.11608921796227034 0.14825268887189416 0.01354606686545862 -0.0088186207913222344 0.070934391690387261 0.027006150173075946 0.12394473296944626 0.0039111871562825589 0.11442015154035459
leaf_weight=5455 1043 1674 848 609 250 304 2204 1000 182 663 405 172 880 232 183 209 289 161 194 535 297 174 318 668 224 297 2250 473 172 350
leaf_count=5455 1043 1674 848 609 250 304 2204 1000 182 663 405 172 880 232 183 209 289 161 194 535 297 174 318 668 224 297 2250 473 172 350
internal_value=-0.000592299 -0.028459 0.0456331 0.0756195 0.120927 0.01424 0.00180592 -0.0584128 0.181155 0.0465292 0.0042509 0.0917952 0.0159514 0.037959 0.101609 -0.0299455 0.0198699 0.000104766 0.143029 0.0697866 -0.00557434 0.0433322 0.0970292 -0.0205426 0.0216993 0.0157154 0.0179442 0.0860606 0.0519362 0.0780523
internal_weight=22715 14172 8543 4369 1708 4174 7049 7123 626 2661 3698 476 4877 2041 415 2172 498 2836 444 1516 2675 471 853 1668 1626 1145 2655 1082 746 522
internal_count=22715 14172 8543 4369 1708 4174 7049 7123 626 2661 3698 476 4877 2041 415 2172 498 2836 444 1516 2675 471 853 1668 1626 1145 2655 1082 746 522
is_linear=0
shrinkage=0.0161


Tree=22
num_leaves=31
num_cat=0
split_feature=170 531 111 49 232 443 354 555 85 202 498 146 409 470 351 177 469 471 66 403 396 291 496 196 481 235 231 87 429 228
split_gain=118620 45251 39731.6 22535 13739.6 12066.4 12881.6 11923.8 10109.2 9712.95 9640.91 9214.08 8628.87 7588.32 7287.9 6314.97 6941.82 6222.45 6115.63 6254.27 5746.8 5643.24 5716.94 5310.07 7751.88 5011.73 4804.22 4801.62 4763.82 5528.46
threshold=10.500000000000002 74.500000000000014 13.500000000000002 24.500000000000004 6.5000000000000009 16.500000000000004 20.000000000000004 216.75000000000003 8.0000000000000018 8.0000000000000018 211.50000000000003 5.5000000000000009 16.500000000000004 10.500000000000002 10.500000000000002 10.500000000000002 29.500000000000004 8.0000000000000018 16.500000000000004 10.500000000000002 4.5000000000000009 10.500000000000002 94.500000000000014 8.0000000000000018 183.50000000000003 29.500000000000004 3.5000000000000004 10.500000000000002 5.5000000000000009 4.5000000000000009
decision_type=2 2 2 2 2 2 2 10 2 2 2 2 2 2 2 2 2 2 2 2 2 2 2 2 2 2 2 2 2 2
left_child=1 4 9 8 26 21 -7 11 -4 10 -2 25 28 -6 -13 -14 -17 -9 -16 -20 -11 -5 -23 -22 -25 -3 -1 -19 -10 -30
right_child=2 7 3 5 13 6 -8 17 12 20 -12 14 15 -15 18 16 -18 27 19 -21 23 22 -24 24 -26 -27 -28 -29 29 -31
leaf_value=-0.08698785653977599 -0.024236017795567381 -0.035646799302620082 0.020704515634050125 0.012015478422635053 -0.042379536941837125 0.14373913972231012 0.30438924825660718 0.018706965579155424 -0.0091964891409518079 -0.01270285343061929 0.094805004474056251 -0.0046215020730106847 0.083850246645439511 0.012470699994424723 0.019841824010590668 0.10234512619483775 0.24468206174643478 0.1750396177412967 0.039748167795900451 0.16818360195837492 0.024978709958748485 0.18496931954619855 0.069345089671727936 0.056461710026179966 0.1833382337399205 0.050413334218681112 -0.055426392874935941 0.057337320767738294 0.14960809747426157 0.045388174277888341
leaf_weight=2079 1755 2121 1051 164 2028 409 190 365 257 430 196 2330 513 964 927 182 175 171 229 173 765 206 242 527 164 191 3156 191 177 523
leaf_count=2079 1755 2121 1051 164 2028 409 190 365 257 430 196 2330 513 964 927 182 175 171 229 173 765 206 242 527 164 191 3156 191 177 523
internal_value=-0.000205301 -0.0269378 0.0501302 0.0850496 -0.052233 0.14333 0.194736 0.00412822 0.0605181 0.0129112 -0.0122649 -0.00336358 0.0834084 -0.0246993 0.0125299 0.120125 0.172184 0.0656923 0.0426174 0.0950787 0.0389676 0.0929784 0.122564 0.0542435 0.0866083 -0.028527 -0.067965 0.113002 0.0500054 0.0717745
internal_weight=22851 14925 7926 4089 8227 1211 599 6698 2878 3837 1951 5971 1827 2992 3659 870 357 727 1329 402 1886 612 448 1456 691 2312 5235 362 957 700
internal_count=22851 14925 7926 4089 8227 1211 599 6698 2878 3837 1951 5971 1827 2992 3659 870 357 727 1329 402 1886 612 448 1456 691 2312 5235 362 957 700
is_linear=0
shrinkage=0.0161


Tree=23
num_leaves=31
num_cat=0
split_feature=350 486 351 409 83 551 294 230 216 408 142 408 152 38 419 132 505 395 26 26 216 64 288 342 145 365 479 572 319 26
split_gain=107980 38516.8 37424.7 22487.1 15309.5 12099.1 12000.3 9957.79 9181.65 8211.03 7909.15 7506.31 7151.3 6644.69 6601.18 6276.39 6269.32 5957.6 5898.27 5592.4 5394.99 5183.91 4979.66 4754.87 4695.55 4664.06 6112.02 4497.42 6643.93 4393.63
threshold=8.0000000000000018 76.500000000000014 10.500000000000002 10.500000000000002 13.500000000000002 224.44999694824222 20.000000000000004 4.5000000000000009 8.0000000000000018 13.500000000000002 8.0000000000000018 20.000000000000004 5.5000000000000009 13.500000000000002 20.000000000000004 13.500000000000002 244.50000000000003 16.500000000000004 8.0000000000000018 10.500000000000002 3.5000000000000004 6.5000000000000009 5.5000000000000009 8.0000000000000018 8.0000000000000018 13.500000000000002 16.500000000000004 101.54999923706056 8.0000000000000018 6.5000000000000009
decision_type=2 2 2 2 2 10 2 2 2 2 2 2 2 2 2 2 2 2 2 2 2 2 2 2 2 2 2 10 2 2
left_child=1 7 5 13 20 9 11 -1 -8 24 12 29 -3 -4 -11 27 -14 -17 -15 -16 -5 -20 -9 -13 -2 -22 -27 28 -12 -6
right_child=2 10 3 4 6 -7 8 22 -10 14 15 23 16 18 19 17 -18 -19 21 -21 25 -23 -24 -25 -26 26 -28 -29 -30 -31
leaf_value=-0.072382650782119001 -0.031911384760002895 -0.044782226176870048 0.0055353467177837604 -0.017041862994645954 0.0088886650524258506 0.11921496507091203 0.10788390678908473 -0.057900546372962387 0.25730605522707028 0.012664051688942786 -0.010976618082288288 0.096700062075075741 -0.0050863859057995791 0.0087966078431043308 0.031784004106610877 0.033332420167718528 0.090065052745717855 0.13393811222255847 0.031236196133406353 0.15785814905082399 0.045135798430739095 0.14203602154568931 -0.018720034547702612 0.19258515331916415 0.0096259079928435222 0.063896441508632301 0.18124341972023775 -0.010564435598271981 0.12072557460862182 0.095192856381253257
leaf_weight=3936 1730 1240 1293 214 218 237 174 1437 278 1277 205 249 1748 294 198 501 200 220 175 170 748 295 2033 294 1190 299 188 1098 192 517
leaf_count=3936 1730 1240 1293 214 218 237 174 1437 278 1277 205 249 1748 294 198 501 200 220 175 170 748 295 2033 294 1190 299 188 1098 192 517
internal_value=-1.66991e-05 -0.0310007 0.0395212 0.0692927 0.0961346 0.0070541 0.128481 -0.0548482 0.199837 0.00122592 0.00167724 0.103225 -0.0145571 0.0277982 0.0299989 0.025043 0.00467067 0.0640631 0.0654453 0.0900887 0.0574996 0.100831 -0.0349523 0.148659 -0.0149755 0.0704352 0.109245 0.00620888 0.0526589 0.0696272
internal_weight=22848 12810 10038 5236 3179 4802 1730 7406 452 4565 5404 1278 3188 2057 1645 2216 1948 721 764 368 1449 470 3470 543 2920 1235 487 1495 397 735
internal_count=22848 12810 10038 5236 3179 4802 1730 7406 452 4565 5404 1278 3188 2057 1645 2216 1948 721 764 368 1449 470 3470 543 2920 1235 487 1495 397 735
is_linear=0
shrinkage=0.0161


Tree=24
num_leaves=31
num_cat=0
split_feature=230 495 171 293 111 289 471 508 84 111 228 228 547 333 440 365 289 402 487 441 120 105 153 233 289 564 374 52 532 388
split_gain=118917 45812.3 32560.5 18919.2 15342.9 12374 11953.5 16741.5 10974.2 9930.58 9901.75 9328.75 8547.09 7506.29 8089.32 7038.21 6874.2 6469.58 6366.47 8289.23 6836.82 5198.91 6281.21 4795.18 4740.38 4553.63 4454.6 4337.66 4286.68 4713.55
threshold=13.500000000000002 63.500000000000007 10.500000000000002 10.500000000000002 6.5000000000000009 6.5000000000000009 29.500000000000004 136.50000000000003 13.500000000000002 10.500000000000002 16.500000000000004 16.500000000000004 195.05000305175784 13.500000000000002 16.500000000000004 16.500000000000004 8.0000000000000018 6.5000000000000009 96.500000000000014 16.500000000000004 8.0000000000000018 20.000000000000004 13.500000000000002 5.5000000000000009 16.500000000000004 94.750000000000014 8.0000000000000018 5.5000000000000009 174.50000000000003 5.5000000000000009
decision_type=2 2 2 2 2 2 2 2 2 2 2 2 8 2 2 2 2 2 2 2 2 2 2 2 2 10 2 2 2 2
left_child=1 4 8 11 -1 18 12 10 -2 21 -8 27 24 -11 -15 -10 25 -14 26 -20 -21 28 -23 -13 -5 -6 -3 -4 -7 -30
right_child=2 5 3 6 16 9 7 -9 15 13 -12 23 17 14 -16 -17 -18 -19 19 20 -22 22 -24 -25 -26 -27 -28 -29 29 -31
leaf_value=-0.06770580089507075 -0.013720482973386247 -0.068356639216830758 -0.047866620744646295 0.025954603855947247 -0.050517234340078751 -0.023340204352130588 0.17979772634866442 0.076430903222940369 0.029406954684695716 0.028839927420268877 0.34421237118500231 0.051039955344251105 0.23165020002655337 0.05747843140680358 0.18408947000582709 0.13352041909625101 0.0050819115249652914 0.10580449129504321 -0.015437031714541182 -0.0012141681518589246 0.11244422924716349 0.010236022716241609 0.12948496120946504 0.14196762955075595 0.10327881080523681 0.014519751224196771 -0.012031260419806128 0.039045199877894017 0.097283254248930681 8.8187475464998175e-06
leaf_weight=4895 1462 797 174 399 1916 1400 234 241 572 1017 161 262 170 377 201 239 1335 284 2079 277 271 348 171 356 426 326 672 1022 178 472
leaf_count=4895 1462 797 174 399 1916 1400 234 241 572 1017 161 262 170 377 201 239 1335 284 2079 277 271 348 171 356 426 326 672 1022 178 472
internal_value=-0.000821806 -0.0228766 0.0606573 0.0899354 -0.049182 0.00410099 0.125239 0.182324 0.0126145 0.0236474 0.246872 0.0526526 0.0968352 0.0552029 0.101548 0.060118 -0.0238262 0.152979 -0.0157641 -0.000745157 0.0549499 0.00404649 0.0495715 0.103457 0.0659105 -0.04105 -0.0426064 0.0263812 -0.00746762 0.0266833
internal_weight=22734 16732 6002 3729 8472 8260 1915 636 2273 4164 395 1814 1279 1595 578 811 3577 454 4096 2627 548 2569 519 618 825 2242 1469 1196 2050 650
internal_count=22734 16732 6002 3729 8472 8260 1915 636 2273 4164 395 1814 1279 1595 578 811 3577 454 4096 2627 548 2569 519 618 825 2242 1469 1196 2050 650
is_linear=0
shrinkage=0.0161


Tree=25
num_leaves=31
num_cat=0
split_feature=170 503 171 289 111 410 471 564 34 202 495 406 548 21 218 299 95 351 146 223 204 269 307 76 337 490 202 92 409 49
split_gain=110737 37876.1 34390.1 20153.6 12263.8 11928.6 10814.5 10182.7 8217.35 7821.49 7683.27 6960.44 6378.41 6334.63 5916.34 6231.98 5616.62 5038.4 5479.49 5594.32 5026.93 4987.73 4575.59 4567.22 4532.01 4448.24 4547.57 4313.25 4224.98 4175.73
threshold=10.500000000000002 44.500000000000007 8.0000000000000018 16.500000000000004 8.0000000000000018 6.5000000000000009 43.500000000000007 235.84999847412112 13.500000000000002 8.0000000000000018 257.50000000000006 35.500000000000007 189.94999694824222 29.500000000000004 13.500000000000002 13.500000000000002 24.500000000000004 10.500000000000002 5.5000000000000009 16.500000000000004 6.5000000000000009 16.500000000000004 6.5000000000000009 16.500000000000004 16.500000000000004 211.50000000000003 16.500000000000004 29.500000000000004 4.5000000000000009 52.000000000000007
decision_type=2 2 2 2 2 2 2 10 2 2 2 2 10 2 2 2 2 2 2 2 2 2 2 2 2 2 2 2 2 2
left_child=1 4 9 8 -1 14 11 10 21 -2 17 20 22 16 25 -16 -11 27 -19 -20 -5 -4 -10 -24 -17 26 -3 -7 -6 -22
right_child=2 5 3 6 28 7 -8 -9 12 13 -12 -13 -14 -15 15 24 -18 18 19 -21 29 -23 23 -25 -26 -27 -28 -29 -30 -31
leaf_value=-0.070928322162867138 -0.021407818828441973 -0.045795399478134741 0.0052588872856115581 0.037532724602987018 -0.053863718057708801 -0.020141238486010845 0.20063389313233568 0.12203960873286035 0.010402674868258181 -0.0021153085959925767 0.10361325096363749 0.16324458725088459 0.17222207111748813 0.10722095248810738 -0.015103690994085279 0.11987103403866459 0.094417413666466277 -0.019710175521582024 0.026734319840717294 0.11553965718308297 0.08755608377776615 0.070713629718870533 0.055789948337355247 0.15398547017124201 0.010787921522068722 0.015396876362497076 0.0095312419231662841 0.059358845324115873 -0.0048106678215320492 0.17259610229845104
leaf_weight=4316 1511 2677 1262 478 712 1725 283 228 296 856 218 327 161 240 826 188 191 429 724 247 1192 397 365 186 209 467 449 197 1265 172
leaf_count=4316 1511 2677 1262 478 712 1725 283 228 296 856 218 327 161 240 826 188 191 429 724 247 1192 397 365 186 209 467 449 197 1265 172
internal_value=0.000175291 -0.0257109 0.0488215 0.0736299 -0.0557143 -0.00371241 0.106953 0.017741 0.0429844 0.00342577 0.0110168 0.094719 0.0792482 0.0325999 -0.0205023 0.0100693 0.0154723 0.00493327 0.0281702 0.0493486 0.0825413 0.0209364 0.0615477 0.0889803 0.0625037 -0.0309149 -0.0378411 -0.0119804 -0.0224886 0.0982969
internal_weight=22794 14877 7917 5119 6293 8584 2452 3768 2667 2798 3540 2169 1008 1287 4816 1223 1047 3322 1400 971 1842 1659 847 551 397 3593 3126 1922 1977 1364
internal_count=22794 14877 7917 5119 6293 8584 2452 3768 2667 2798 3540 2169 1008 1287 4816 1223 1047 3322 1400 971 1842 1659 847 551 397 3593 3126 1922 1977 1364
is_linear=0
shrinkage=0.0161


Tree=26
num_leaves=31
num_cat=0
split_feature=291 290 502 408 109 207 205 500 491 347 126 143 289 431 427 289 568 224 215 115 112 6 26 418 99 173 281 25 347 594
split_gain=102495 51336.6 25754.4 19535.8 17297.2 10297.3 10267.2 9502.5 8612.88 6996.93 7205.33 6978.54 6666.09 6387.75 5947.4 5856.39 5817.9 6189.5 5651.6 5516.63 5249.83 5214.5 5090.7 5089.08 4821.44 4653.56 4502.53 4156.1 4057.75 4914.12
threshold=6.5000000000000009 16.500000000000004 41.500000000000007 24.500000000000004 8.0000000000000018 16.500000000000004 13.500000000000002 218.50000000000003 51.500000000000007 29.500000000000004 5.5000000000000009 6.5000000000000009 8.0000000000000018 8.0000000000000018 43.500000000000007 6.5000000000000009 180.15000152587893 13.500000000000002 8.0000000000000018 13.500000000000002 6.5000000000000009 43.500000000000007 16.500000000000004 35.500000000000007 24.500000000000004 16.500000000000004 10.500000000000002 3.5000000000000004 16.500000000000004 188.65000152587893
decision_type=2 2 2 2 2 2 2 2 2 2 2 2 2 2 2 2 8 2 2 2 2 2 2 2 2 2 2 2 2 8
left_child=2 4 15 6 8 11 27 12 -2 14 -11 -5 -4 -8 20 -1 -9 -18 -15 -12 -6 23 -13 -10 -22 -7 -20 -3 -14 -30
right_child=1 3 7 5 9 25 13 16 21 10 19 22 28 18 -16 -17 17 -19 26 -21 24 -23 -24 -25 -26 -27 -28 -29 29 -31
leaf_value=-0.077668695503422466 -0.042700028552789038 -0.024495255227427876 -0.035767304153456705 0.017722581837413584 -0.012757811113733317 0.15182514692569768 0.04886165721682191 0.11969958339972483 -0.009040931001327147 0.0014637564949541665 0.072873067628299287 0.098001175959397294 -0.014606905678045635 0.075477890547189078 0.11029545863205405 -0.040078679786603587 -0.02386202055324934 0.090845372189897938 0.11142959907454469 0.19667525606480535 0.021304598772573319 0.091182984714677132 0.19784753321646487 0.077144889229715879 0.084451557702517721 0.27493730041249609 0.22476814516987584 0.043262770907461258 0.0029671240801531344 0.097044188048012694
leaf_weight=3097 1678 279 3363 182 970 160 471 179 2098 183 226 393 1325 310 194 1650 369 182 180 160 1824 168 201 194 379 161 186 1463 429 217
leaf_count=3097 1678 279 3363 182 970 160 471 179 2098 183 226 393 1325 310 194 1650 369 182 180 160 1824 168 201 194 379 161 186 1463 429 217
internal_value=-0.000521759 0.0317468 -0.0365205 0.0790236 0.0084041 0.136881 0.0570461 -0.0145294 -0.0145747 0.0325682 0.0848019 0.105096 -0.0219881 0.094461 0.023734 -0.0646078 0.0399384 0.0139841 0.126197 0.124251 0.0184342 0.0046004 0.131827 -0.0017357 0.032179 0.213646 0.169092 0.0323971 0.00151057 0.0346053
internal_weight=22871 12060 10811 3986 8074 1097 2889 6064 4138 3936 569 776 5334 1147 3367 4747 730 551 676 386 3173 2460 594 2292 2203 321 366 1742 1971 646
internal_count=22871 12060 10811 3986 8074 1097 2889 6064 4138 3936 569 776 5334 1147 3367 4747 730 551 676 386 3173 2460 594 2292 2203 321 366 1742 1971 646
is_linear=0
shrinkage=0.0161


Tree=27
num_leaves=31
num_cat=0
split_feature=171 170 495 169 267 299 230 480 204 233 541 129 127 110 54 199 380 552 232 355 48 295 367 487 365 52 34 455 239 231
split_gain=104274 41479.6 32330 18219.2 13674 11049 10418.8 10393.8 8870.07 11996.5 8436.07 7719.22 7045.71 6564.69 6493.03 7522.24 6375.71 6215.63 5618.22 5054.81 4961.21 4795.58 4682.53 5914.17 4440.64 4407.82 4276.8 4203.67 4185.09 3942.77
threshold=8.0000000000000018 10.500000000000002 72.500000000000014 13.500000000000002 29.500000000000004 20.000000000000004 5.5000000000000009 109.50000000000001 13.500000000000002 16.500000000000004 192.55000305175784 29.500000000000004 16.500000000000004 16.500000000000004 24.500000000000004 8.0000000000000018 13.500000000000002 198.94999694824222 6.5000000000000009 13.500000000000002 24.500000000000004 5.5000000000000009 16.500000000000004 178.50000000000003 13.500000000000002 8.0000000000000018 24.500000000000004 10.500000000000002 16.500000000000004 16.500000000000004
decision_type=2 2 2 2 2 2 2 2 2 2 10 2 2 2 2 2 2 10 2 2 2 2 2 2 2 2 2 2 2 2
left_child=2 7 6 12 8 13 -1 18 20 -10 21 22 17 14 -4 -16 -14 29 -2 -11 -5 -7 28 -24 -15 -8 -20 -23 -9 -3
right_child=1 3 5 4 -6 10 25 11 9 19 -12 -13 16 24 15 -17 -18 -19 26 -21 -22 27 23 -25 -26 -27 -28 -29 -30 -31
leaf_value=-0.068402896126112625 -0.041439727775361784 -0.0090275621919072378 -0.029135217694430133 0.035203810146431938 0.20095092559514052 -0.038559660617186443 -0.044172693304299807 -0.011331778310092936 0.079046543112397546 0.1348474520113194 0.13262904392146002 0.12194290393103735 0.048316522789718389 0.003851391561572633 -0.026796466738482294 0.09253854980678107 0.15813110977975142 0.10898799746780211 -0.0063235459020404726 0.24762791684594906 0.10423818295753109 0.091716059462719768 0.12032815335169225 -0.000136658727268965 0.084240681310389337 -0.0027947516329323583 0.066984266838519338 0.00074950929879203439 0.06268028271208928 0.040545698228643845
leaf_weight=4395 1192 903 3332 848 308 238 1816 898 700 219 230 229 387 563 284 264 213 199 1396 197 397 277 240 188 261 1057 242 252 254 770
leaf_count=4395 1192 903 3332 848 308 238 1816 898 700 219 230 229 387 563 284 264 213 199 1396 197 397 277 240 188 261 1057 242 252 254 770
internal_value=-0.00036604 0.0393262 -0.0303 0.0708229 0.0999973 -0.00159403 -0.0528136 0.00441597 0.0868176 0.119797 0.0470865 0.0345621 0.0393141 -0.0119167 -0.0206852 0.0306504 0.0873399 0.0239086 -0.0148458 0.188312 0.0572361 0.0214042 0.0218825 0.0673587 0.0293431 -0.0289576 0.00449267 0.0484268 0.00496642 0.0137745
internal_weight=22749 9780 12969 5141 2669 5701 7268 4639 2361 1116 997 1809 2472 4704 3880 548 600 1872 2830 416 1245 767 1580 428 824 2873 1638 529 1152 1673
internal_count=22749 9780 12969 5141 2669 5701 7268 4639 2361 1116 997 1809 2472 4704 3880 548 600 1872 2830 416 1245 767 1580 428 824 2873 1638 529 1152 1673
is_linear=0
shrinkage=0.0161


Tree=28
num_leaves=31
num_cat=0
split_feature=231 409 531 292 535 411 410 588 490 353 40 108 267 222 565 2 437 410 368 169 410 572 281 406 290 264 215 540 124 85
split_gain=96060.4 42655.3 32087.5 19611.3 14725.6 14183.4 13779.1 10084 9970.76 8812.65 8563.15 8050.39 7913.49 7533.56 9916.13 7384.59 7164.19 6628.01 6106.77 6002.52 5326.36 4943.1 4434.62 4868.76 4355 4335.13 4284.12 4907.3 4123.5 4097.87
threshold=6.5000000000000009 13.500000000000002 57.500000000000007 16.500000000000004 26.500000000000004 10.500000000000002 20.000000000000004 99.950000762939467 200.50000000000003 8.0000000000000018 16.500000000000004 20.000000000000004 20.000000000000004 24.500000000000004 228.75000000000003 10.500000000000002 24.500000000000004 4.5000000000000009 10.500000000000002 10.500000000000002 43.500000000000007 144.84999847412112 5.5000000000000009 3.5000000000000004 6.5000000000000009 5.5000000000000009 6.5000000000000009 224.44999694824222 13.500000000000002 13.500000000000002
decision_type=2 2 2 2 2 2 2 8 2 2 2 2 2 2 10 2 2 2 2 2 2 8 2 2 2 2 2 8 2 2
left_child=2 4 17 11 24 8 -5 -8 19 22 28 25 -9 14 20 -15 -10 -1 -13 -4 29 -20 -6 -24 -2 -3 -21 -28 -7 -11
right_child=1 3 5 6 9 10 7 12 16 13 -12 18 -14 15 -16 -17 -18 -19 21 26 -22 -23 23 -25 -26 -27 27 -29 -30 -31
leaf_value=-0.077102019585351456 -0.062031475437316401 -0.011879752988390847 -0.042342305774305179 0.065037911901806272 -0.028762894604375738 -0.006218387428714103 0.2448782383113127 0.087288247668512467 0.0095346675090564031 -0.0070449027476279825 0.11986527512747336 0.048874960403755073 0.21390540336546121 0.033720917130546535 0.15196193327790772 0.18332205642387406 0.12927946675005317 -0.042831743753365126 0.078221150839927353 -0.031145336115883316 0.10705049108502047 0.1878001020991979 0.076775138154976746 0.0031890929435958821 -0.0094565023992048726 0.042422130769410545 0.0036059566085031411 0.10891097604624146 0.073619083721590817 0.040928186640048971
leaf_weight=2761 771 514 2578 725 896 530 257 435 665 1056 304 541 182 163 164 181 161 3122 226 504 174 204 281 1371 871 1467 407 160 245 819
leaf_count=2761 771 514 2578 725 896 530 257 435 665 1056 304 541 182 163 164 181 161 3122 226 504 174 204 281 1371 871 1467 407 160 245 819
internal_value=0.000174704 0.0334728 -0.0327166 0.0715637 0.00777617 -0.00495745 0.116984 0.160048 -0.0175949 0.0212685 0.0474328 0.0469528 0.124675 0.0423847 0.0314744 0.112504 0.0329033 -0.0589194 0.0849409 -0.0290323 0.0218192 0.130262 6.84877e-05 0.0157201 -0.0341574 0.0283208 0.00298425 0.0333632 0.0189902 0.0138972
internal_weight=22735 11298 11437 4551 6747 5554 1599 874 4475 5105 1079 2952 617 2557 2213 344 826 5883 971 3649 2049 430 2548 1652 1642 1981 1071 567 775 1875
internal_count=22735 11298 11437 4551 6747 5554 1599 874 4475 5105 1079 2952 617 2557 2213 344 826 5883 971 3649 2049 430 2548 1652 1642 1981 1071 567 775 1875
is_linear=0
shrinkage=0.0161


Tree=29
num_leaves=31
num_cat=0
split_feature=290 408 490 471 204 110 409 203 548 230 235 431 111 528 171 413 528 247 261 112 446 9 501 173 47 296 172 112 106 590
split_gain=106011 40500.1 29420.1 24116.1 15753 14761.2 12673.9 11706 8968.32 8859.1 8303.29 11212.3 8295.9 9664.77 7543.52 6983.04 6969.56 6531.42 5571.79 5503.77 5336.01 5123.47 5114.33 5274.15 5008.62 4661.71 4657.77 4621.2 5024.89 4445.33
threshold=8.0000000000000018 20.000000000000004 63.500000000000007 24.500000000000004 5.5000000000000009 29.500000000000004 16.500000000000004 13.500000000000002 209.25000000000003 4.5000000000000009 16.500000000000004 8.0000000000000018 20.000000000000004 127.50000000000001 4.5000000000000009 13.500000000000002 152.50000000000003 5.5000000000000009 10.500000000000002 6.5000000000000009 10.500000000000002 10.500000000000002 201.50000000000003 13.500000000000002 35.500000000000007 13.500000000000002 10.500000000000002 5.5000000000000009 13.500000000000002 106.25000000000001
decision_type=2 2 2 2 2 2 2 2 10 2 2 2 2 2 2 2 2 2 2 2 2 2 2 2 2 2 2 2 2 8
left_child=2 4 9 8 -2 20 14 22 17 -1 27 -12 -8 21 -6 -16 26 -3 -19 -11 -5 -14 23 -4 -20 -18 -17 -9 -29 -28
right_child=1 3 7 5 6 -7 12 10 -10 19 11 -13 13 -15 15 16 25 18 24 -21 -22 -23 -24 -25 -26 -27 29 28 -30 -31
leaf_value=-0.068715345603259564 -0.01530175578340498 0.0082509225337279515 -0.035526742979882162 0.047962179735753556 -0.045873268032893925 0.26834406073175648 0.042914225893397384 -0.036960047788649267 0.17168899222500253 -0.052456227499503398 0.011818367751346578 0.18735495989487325 0.10756821290125533 0.037205437780507417 0.0079658447687165866 -0.023706825363508408 0.17761379310407982 0.036066693634899963 0.081367316813352297 -0.0088375929719707938 0.16786858166698307 0.22038784710467424 0.020217689995383738 0.0085238871726357798 0.18374113619888816 0.057648062066162742 0.11913756630253355 0.0034303356316877343 0.092683881388254702 0.016662623982838149
leaf_weight=3928 2261 552 2812 176 426 273 1062 329 187 1600 186 192 215 257 1857 255 176 551 558 1414 214 205 805 939 160 162 199 448 258 246
leaf_count=3928 2261 552 2812 176 426 273 1062 329 187 1600 186 192 215 257 1857 255 176 551 558 1414 214 205 805 939 160 162 199 448 258 246
internal_value=0.000228907 0.0396038 -0.0302421 0.0932694 0.0200212 0.177481 0.0358095 -0.00402825 0.0654526 -0.0527783 0.0364521 0.101042 0.0710259 0.115089 0.0173619 0.0266751 0.0601235 0.0545302 0.0746425 -0.0320006 0.113817 0.162691 -0.016588 -0.0244931 0.104213 0.120185 0.0310888 0.01284 0.0360804 0.0625414
internal_weight=22903 9992 12911 2671 7321 663 5060 5969 2008 6942 1413 378 1739 677 3321 2895 1038 1821 1269 3014 390 420 4556 3751 718 338 700 1035 706 445
internal_count=22903 9992 12911 2671 7321 663 5060 5969 2008 6942 1413 378 1739 677 3321 2895 1038 1821 1269 3014 390 420 4556 3751 718 338 700 1035 706 445
is_linear=0
shrinkage=0.0161


Tree=30
num_leaves=31
num_cat=0
split_feature=170 480 291 408 172 350 204 299 203 455 353 497 409 519 426 497 351 255 474 404 112 528 64 23 501 294 164 317 389 204
split_gain=101993 37948.8 30091.6 19641.5 12254.8 10245.4 10217.5 9123.71 8907.72 10271.3 8075.28 6452.62 6083.08 6665.14 6251.63 6108.02 5990.66 5415.92 5321.27 5098.68 4992.03 6314.9 4976.9 4477.42 4444.22 4430.7 4410.22 4388.87 4756.12 4047.14
threshold=10.500000000000002 73.500000000000014 5.5000000000000009 24.500000000000004 13.500000000000002 4.5000000000000009 13.500000000000002 24.500000000000004 13.500000000000002 20.000000000000004 20.000000000000004 226.50000000000003 16.500000000000004 159.50000000000003 8.0000000000000018 54.500000000000007 10.500000000000002 8.0000000000000018 6.5000000000000009 24.500000000000004 6.5000000000000009 93.500000000000014 20.000000000000004 20.000000000000004 13.500000000000002 6.5000000000000009 5.5000000000000009 5.5000000000000009 13.500000000000002 10.500000000000002
decision_type=2 2 2 2 2 2 2 2 2 2 2 2 2 2 2 2 2 2 2 2 2 2 2 2 2 2 2 2 2 2
left_child=1 5 19 6 27 24 17 8 25 20 -6 26 -8 14 -14 -16 -7 -4 -19 23 -10 -22 -20 -2 -1 -3 -9 -5 -29 -18
right_child=2 7 3 4 10 16 12 11 9 -11 -12 -13 13 -15 15 -17 29 18 22 -21 21 -23 -24 -25 -26 -27 -28 28 -30 -31
leaf_value=-0.086885574680068828 -0.037324181904557038 -0.032797868024461621 0.0069665505807728944 0.01518669026807996 0.11853369176488292 -0.042478354860090162 0.049392892152819029 -0.026799667061120906 -0.036214891227585831 0.11343741573843094 0.22547465537821765 0.14333977985326118 0.078384527580960123 0.035541714281421069 0.11087780087743948 0.24747547290251629 -0.023574452531730607 0.0097454636944029893 0.054291462179258683 0.055519322254292923 0.11725512394220521 0.0065440032681717648 0.14620420999664108 0.036055505810787994 -0.051965684680488504 -2.6533757731934534e-06 0.05677930318178117 0.056445363002502857 0.15589513402531904 0.036196411096263731
leaf_weight=1600 1188 1947 1489 269 501 2919 959 234 406 311 290 162 268 234 163 179 749 497 643 244 179 528 201 263 2322 2368 542 321 205 483
leaf_count=1600 1188 1947 1489 269 501 2919 959 234 406 311 290 162 268 234 163 179 749 497 643 244 179 528 201 263 2322 2368 542 321 205 483
internal_value=0.000949196 -0.0240673 0.0475776 0.0639681 0.112881 -0.0475532 0.0472187 0.00432534 -0.0032794 0.0316315 0.157771 0.0508788 0.0771808 0.108727 0.136763 0.182441 -0.029913 0.0281215 0.0515936 -0.0125456 0.00875171 0.0346074 0.0762085 -0.0240076 -0.0662174 -0.0148059 0.031546 0.0681884 0.0952491 -0.000122453
internal_weight=22664 14750 7914 6219 1586 8073 4633 6677 5739 1424 791 938 1803 844 610 342 4151 2830 1341 1695 1113 707 844 1451 3922 4315 776 795 526 1232
internal_count=22664 14750 7914 6219 1586 8073 4633 6677 5739 1424 791 938 1803 844 610 342 4151 2830 1341 1695 1113 707 844 1451 3922 4315 776 795 526 1232
is_linear=0
shrinkage=0.0161


Tree=31
num_leaves=31
num_cat=0
split_feature=171 409 491 172 496 310 545 348 172 229 361 276 486 28 365 409 513 84 399 418 402 165 472 236 272 477 255 290 484 35
split_gain=87761.2 35255.9 28292.3 16591.4 12588.9 10782.2 10132.8 10056.2 8711.29 8471.6 7442.08 6817.06 7550.01 9727 6683.82 6344.88 6311.36 5294.46 5188.43 4760.92 6728.78 4684.51 4789.35 4616.74 4092.55 4031.23 4208.07 3942.27 3728.79 3599.84
threshold=8.0000000000000018 10.500000000000002 41.500000000000007 13.500000000000002 262.50000000000006 10.500000000000002 215.15000152587893 35.500000000000007 10.500000000000002 16.500000000000004 8.0000000000000018 6.5000000000000009 149.50000000000003 13.500000000000002 52.000000000000007 16.500000000000004 136.50000000000003 13.500000000000002 24.500000000000004 16.500000000000004 10.500000000000002 13.500000000000002 6.5000000000000009 13.500000000000002 16.500000000000004 6.5000000000000009 8.0000000000000018 5.5000000000000009 12.500000000000002 6.5000000000000009
decision_type=2 2 2 2 2 2 10 2 2 2 2 2 2 2 2 2 2 2 2 2 2 2 2 2 2 2 2 2 2 2
left_child=2 8 15 6 9 -6 21 11 16 14 -9 -5 13 -13 18 27 -2 -11 29 28 -21 22 -3 -18 -23 -20 -27 -1 -10 -4
right_child=1 3 4 7 5 -7 -8 10 19 17 -12 12 -14 -15 -16 -17 23 -19 25 20 -22 24 -24 -25 -26 26 -28 -29 -30 -31
leaf_value=-0.072773009258261967 -0.031436929978538516 -0.017365324050843164 -0.045691435295343939 0.040584803520649221 0.0095663945973859608 0.16774058676204875 0.14716906021849679 0.088614433343481042 -0.051854917951674503 0.0016974913120109815 0.22226981269797741 0.085751138127913323 0.048868103770904288 0.20351627673520403 0.061609401902953206 -0.0084308613815625953 -0.0032252304010052285 0.075024497613116817 -0.032358573492688267 0.014577120850606161 0.12113107128396976 0.040112999479784278 0.038430541064878213 0.083745895149422905 0.1206990220022286 -0.0065105656006156018 0.087877632411052092 -0.042359127804727725 0.022923308420457512 -0.01773145136195195
leaf_weight=3065 1790 693 2126 654 274 189 210 184 196 701 264 427 395 318 248 658 487 402 295 316 300 617 938 234 223 233 257 1735 1455 2731
leaf_count=3065 1790 693 2126 654 274 189 210 184 196 701 264 427 395 318 248 658 487 402 295 316 300 617 938 234 223 233 257 1735 1455 2731
internal_value=-1.35555e-05 0.0365786 -0.0275035 0.0668163 -0.00711093 0.0741851 0.0397732 0.0991442 0.00541844 -0.0124968 0.167428 0.0820791 0.105863 0.13605 -0.0201676 -0.0553567 -0.0152315 0.0284436 -0.0237664 0.0283013 0.0665085 0.0306365 0.0147089 0.0249685 0.0615347 0.0146175 0.042947 -0.0617846 0.0140317 -0.0299749
internal_weight=22615 9701 12914 4923 7456 463 2681 2242 4778 6993 448 1794 1140 745 5890 5458 2511 1103 5642 2267 616 2471 1631 721 840 785 490 4800 1651 4857
internal_count=22615 9701 12914 4923 7456 463 2681 2242 4778 6993 448 1794 1140 745 5890 5458 2511 1103 5642 2267 616 2471 1631 721 840 785 490 4800 1651 4857
is_linear=0
shrinkage=0.0161


Tree=32
num_leaves=31
num_cat=0
split_feature=230 229 480 84 112 231 298 509 171 473 354 497 23 412 235 524 551 306 206 51 289 342 381 290 321 485 390 184 156 470
split_gain=92440.9 30879.3 30878.1 18919 14184 11335.5 10739.7 10939.9 10332.7 10101.8 9548.29 8065.35 7358.34 7165.9 6758.05 6757.72 8084.23 6257.33 5500.3 5468.23 4844.32 4819.49 4187.78 3989.9 3982.91 3951.84 3894.16 3867.13 3698.51 3563.86
threshold=8.0000000000000018 16.500000000000004 73.500000000000014 10.500000000000002 20.000000000000004 4.5000000000000009 24.500000000000004 150.50000000000003 10.500000000000002 10.500000000000002 10.500000000000002 230.50000000000003 24.500000000000004 16.500000000000004 20.000000000000004 261.50000000000006 235.84999847412112 35.500000000000007 5.5000000000000009 8.0000000000000018 4.5000000000000009 29.500000000000004 13.500000000000002 5.5000000000000009 5.5000000000000009 82.500000000000014 8.0000000000000018 3.5000000000000004 8.0000000000000018 10.500000000000002
decision_type=2 2 2 2 2 2 2 2 2 2 2 2 2 2 2 2 8 2 2 2 2 2 2 2 2 2 2 2 2 2
left_child=2 8 5 19 21 -1 11 -8 17 -9 -6 18 -12 24 -15 16 -13 25 -4 -3 -7 -5 -21 -20 -10 -2 -24 -27 -25 -22
right_child=1 3 6 4 10 20 7 9 13 -11 12 15 -14 14 -16 -17 -18 -19 23 22 29 -23 26 28 -26 27 -28 -29 -30 -31
leaf_value=-0.068166248060358106 -0.028648577371783251 -0.017072453235581448 -0.037657014626444683 0.064058833847269472 0.092754862164822399 -0.051215338901215393 0.0013691438307983697 0.044644424828659546 -0.011771769088741876 0.21724362021374202 0.15294484130035926 0.025172774479710541 0.28342540795656607 0.050220428109217924 0.14761219917565369 -0.036996255584303098 0.15921608034632223 0.077368182770465144 -0.018818194316224661 0.026619399746335922 -0.028626634052512215 0.15915526697459317 0.042285540468070815 -0.0065749930260551289 0.037191264111325353 0.073554922270614026 0.14139846832838324 -0.0018079104557446274 0.049248142613412219 0.012969922019196766
leaf_weight=3727 1442 396 1764 1033 280 1539 427 196 658 160 247 317 207 797 241 195 185 230 1499 615 1578 160 202 638 1243 207 211 1194 593 806
leaf_count=3727 1442 396 1764 1033 280 1539 427 196 658 160 247 317 207 797 241 195 185 230 1499 615 1578 160 202 638 1243 207 211 1194 593 806
internal_value=0.000128666 0.0390756 -0.0266356 0.0782404 0.111131 -0.0480547 0.000788714 0.0563742 0.0172417 0.122283 0.166846 -0.00759115 0.212489 0.038825 0.0728553 0.0433579 0.0746181 -0.00339271 -0.0154984 0.0337153 -0.028942 0.0768325 0.0533023 -0.00117186 0.0202311 -0.00993458 0.0929789 0.00931027 0.0202971 -0.0145535
internal_weight=22987 9363 13624 3351 1927 7650 5974 783 6012 356 734 5191 454 2939 1038 697 502 3073 4494 1424 3923 1193 1028 2730 1901 2843 413 1401 1231 2384
internal_count=22987 9363 13624 3351 1927 7650 5974 783 6012 356 734 5191 454 2939 1038 697 502 3073 4494 1424 3923 1193 1028 2730 1901 2843 413 1401 1231 2384
is_linear=0
shrinkage=0.0161


Tree=33
num_leaves=31
num_cat=0
split_feature=230 231 493 49 229 112 24 84 471 231 202 53 324 86 92 427 561 335 108 238 171 599 331 550 308 124 469 494 352 535
split_gain=92714.4 31712.1 30704.1 16885 13085.4 10858.1 9827.5 8689.43 8404.87 8305.86 8140.63 6846.1 6713.75 6644.36 6434.31 9178.34 7749.13 6261.99 5977.19 5433.65 5214.6 6270.74 5075.06 6542.95 5786.07 4347.35 4157.88 4021.66 3681.18 3657.08
threshold=8.0000000000000018 16.500000000000004 61.500000000000007 24.500000000000004 10.500000000000002 5.5000000000000009 13.500000000000002 35.500000000000007 24.500000000000004 5.5000000000000009 10.500000000000002 8.0000000000000018 10.500000000000002 6.5000000000000009 13.500000000000002 6.5000000000000009 159.44999694824222 29.500000000000004 24.500000000000004 8.0000000000000018 10.500000000000002 137.05000305175784 13.500000000000002 207.44999694824222 13.500000000000002 3.5000000000000004 6.5000000000000009 250.50000000000003 4.5000000000000009 185.50000000000003
decision_type=2 2 2 2 2 2 2 2 2 2 2 2 2 2 2 2 8 2 2 2 2 10 2 8 2 2 2 2 2 2
left_child=2 4 9 11 19 27 -5 22 -8 -1 13 -3 -13 -7 15 -14 -17 28 25 -2 -21 -22 -6 24 -24 -12 -11 -4 -15 -27
right_child=1 3 5 6 7 10 8 -9 -10 26 18 12 14 17 -16 16 -18 -19 -20 20 21 -23 23 -25 -26 29 -28 -29 -30 -31
leaf_value=-0.065126535619460191 -0.023736881109666198 0.011869123248519157 -0.034576371002469269 0.070176165154220954 0.017166270299263296 -0.03292291500838268 0.11946790140212718 0.13139065630555574 0.24122836447853052 -0.046533320770037565 0.10366626784508562 0.032684834637307925 0.051786468070206135 0.069717120433437946 0.045583229288672401 0.1151108382378512 0.26399237125645908 0.10877460584976018 0.12137183437796839 -0.0033337896021879828 0.017491149584577353 0.14273198281271585 0.00055719366297534334 0.13097936765280105 0.09940905844375468 -0.0037469423829766093 -0.0070855496682466412 0.041178877820888922 -0.0041517648935461005 0.06392498599009365
leaf_weight=4226 1827 659 2293 361 1808 1081 313 254 279 1600 180 619 223 207 343 200 167 179 228 903 280 165 424 266 241 661 1224 197 1124 301
leaf_count=4226 1827 659 2293 361 1808 1081 313 254 279 1600 180 619 223 207 343 200 167 179 228 903 280 165 424 266 241 661 1224 197 1124 301
internal_value=-0.000637623 0.0383837 -0.0276112 0.0798243 0.0171221 -0.00222563 0.136492 0.0412758 0.176891 -0.0508366 0.0143314 0.0553884 0.0738521 -0.00244331 0.101139 0.133397 0.182922 0.0193613 0.0460737 -0.00563964 0.0188708 0.0639817 0.0329104 0.0634602 0.0364171 0.0310198 -0.0294439 -0.0285734 0.0073188 0.0174024
internal_weight=22833 9332 13501 3164 6168 6451 953 2993 592 7050 3961 2211 1552 2591 933 590 367 1510 1370 3175 1348 445 2739 931 665 1142 2824 2490 1331 962
internal_count=22833 9332 13501 3164 6168 6451 953 2993 592 7050 3961 2211 1552 2591 933 590 367 1510 1370 3175 1348 445 2739 931 665 1142 2824 2490 1331 962
is_linear=0
shrinkage=0.0161


Tree=34
num_leaves=31
num_cat=0
split_feature=230 503 351 169 264 218 170 470 552 494 66 561 480 51 169 206 291 330 207 564 599 172 440 234 216 23 570 524 263 55
split_gain=91888.9 31879.1 27509.8 19611.3 15824.1 11084.8 10545.7 8235.81 7814.71 7259.68 6965.04 13673.5 6872.13 5557.87 5506.69 5200.29 4959.41 4887.79 5406.44 5700.43 4721.34 4713.07 4165.9 4022.3 3986.83 4961.21 3884.12 3501.91 3346.95 4156.07
threshold=10.500000000000002 44.500000000000007 10.500000000000002 8.0000000000000018 13.500000000000002 6.5000000000000009 43.500000000000007 13.500000000000002 164.05000305175784 265.50000000000006 29.500000000000004 180.15000152587893 211.50000000000003 29.500000000000004 24.500000000000004 8.0000000000000018 8.0000000000000018 4.5000000000000009 10.500000000000002 186.44999694824222 71.549999237060561 10.500000000000002 8.0000000000000018 24.500000000000004 6.5000000000000009 10.500000000000002 153.34999847412112 52.500000000000007 13.500000000000002 6.5000000000000009
decision_type=2 2 2 2 2 2 2 2 8 2 2 10 2 2 2 2 2 2 2 8 8 2 2 2 2 2 8 2 2 2
left_child=1 7 8 24 17 9 12 20 16 21 14 22 13 -6 28 -16 -2 -5 -19 -20 -1 -3 -12 26 -4 -26 -10 -23 -7 -30
right_child=2 5 3 4 6 10 -8 -9 23 -11 11 -13 -14 -15 15 -17 -18 18 19 -21 -22 27 -24 -25 25 -27 -28 -29 29 -31
leaf_value=-0.081161158311995329 -0.026426249857247383 -0.03743608814020425 -0.0043849476731651323 0.0067162774026915256 0.070632141047512711 -0.0079796683255242869 0.2265098517773709 -0.0079077236049672449 0.10007287206049004 0.069196421741958475 -0.036862264423626522 0.19382152832247934 0.21070248433223748 0.15423944438687043 0.0024016958688820003 0.1287029228107272 0.026273362591602567 0.046816771745597681 0.073718688739348212 0.19464698289915441 -0.047951697806999642 0.061479683265218375 0.064771053313731522 0.10824049857567049 0.0093149528951922203 0.091396461120393374 0.018899062802814632 -0.011842624762403237 -0.01990913764650987 0.05009778316220468
leaf_weight=1558 1315 2821 646 336 629 2617 276 1036 178 218 190 160 166 308 160 180 714 613 256 168 3886 205 232 199 387 378 1090 957 329 660
leaf_count=1558 1315 2821 646 336 629 2617 276 1036 178 218 190 160 166 308 160 180 714 613 256 168 3886 205 232 199 387 378 1090 957 329 660
internal_value=0.000413431 -0.0224878 0.0458931 0.0738561 0.0988806 -0.00240175 0.137416 -0.0495415 0.0125883 -0.0212399 0.0150708 0.0670696 0.115102 0.0981397 0.00739545 0.0693363 -0.00786979 0.0601592 0.0774527 0.121689 -0.0574601 -0.0261956 0.0189562 0.0408997 0.0250319 0.0499036 0.0303127 0.00107264 0.00154869 0.0267855
internal_weight=22868 15209 7659 4163 2752 8729 1379 6480 3496 4201 4528 582 1103 937 3946 340 2029 1373 1037 424 5444 3983 422 1467 1411 765 1268 1162 3606 989
internal_count=22868 15209 7659 4163 2752 8729 1379 6480 3496 4201 4528 582 1103 937 3946 340 2029 1373 1037 424 5444 3983 422 1467 1411 765 1268 1162 3606 989
is_linear=0
shrinkage=0.0161


Tree=35
num_leaves=31
num_cat=0
split_feature=171 109 504 169 410 472 85 290 366 111 507 395 262 380 469 472 571 351 289 547 465 323 306 82 466 590 91 544 350 333
split_gain=88318.9 30791.5 29460.9 13459.2 12036.8 14343 10828.3 10500.8 8959.93 8524.31 7224.97 6860.75 6435.55 6246.43 6031.25 5922.36 5857.89 5656.6 5256.39 5219.75 5942.75 4805.64 4759.22 4753.49 4338.89 4334.13 5276.91 4333.36 3930.02 4021.76
threshold=10.500000000000002 20.000000000000004 44.500000000000007 6.5000000000000009 29.500000000000004 20.000000000000004 6.5000000000000009 4.5000000000000009 8.0000000000000018 20.000000000000004 188.50000000000003 35.500000000000007 24.500000000000004 8.0000000000000018 13.500000000000002 29.500000000000004 213.05000305175784 20.000000000000004 6.5000000000000009 235.84999847412112 10.500000000000002 10.500000000000002 35.500000000000007 16.500000000000004 5.5000000000000009 181.25000000000003 16.500000000000004 201.75000000000003 10.500000000000002 16.500000000000004
decision_type=2 2 2 2 2 2 2 2 2 2 2 2 2 2 2 2 10 2 2 8 2 2 2 2 2 8 2 8 2 2
left_child=2 6 7 22 19 23 25 -1 17 10 28 13 16 -11 -14 24 -10 -5 -9 21 -21 -3 -4 -6 -15 -2 -27 -12 -8 -30
right_child=1 4 3 8 5 -7 9 18 12 11 27 -13 14 15 -16 -17 -18 -19 -20 20 -22 -23 -24 -25 -26 26 -28 -29 29 -31
leaf_value=-0.071001367845167848 -0.025910988432045007 0.013541820793055668 -0.028253717931221951 -0.014154356321545295 0.031725286764149249 0.23192366043689633 -0.02352131438614256 -0.04923442234851657 0.017060661882089719 0.02377224313087142 0.14307644540495187 0.15969146147363281 0.038408516265297933 0.1320393800094779 0.17654669972285314 0.17244371237363926 0.10148647362964584 0.081353439652727441 -0.0092854422057761128 0.064151363056014307 0.19532147848614642 0.079131317653045388 0.038581496660447287 0.13915457143551979 0.038794508472784144 -0.0042717186047785483 0.095381131853670059 0.029354891835428873 0.0041822766661275971 0.087663697616001318
leaf_weight=2948 1216 494 3888 1968 207 305 821 1731 1600 866 161 176 169 178 160 164 246 175 1688 205 160 703 297 222 478 462 196 190 535 208
leaf_count=2948 1216 494 3888 1968 207 305 821 1731 1600 866 161 176 169 178 160 164 246 175 1688 205 160 703 297 222 478 462 196 190 535 208
internal_value=0.000615058 0.0439449 -0.0225402 -0.00292741 0.0936667 0.14747 0.0237388 -0.048729 0.0170109 0.0394382 0.015572 0.0639711 0.040033 0.053965 0.10566 0.0858227 0.0283241 -0.00634409 -0.029518 0.0683688 0.121715 0.0520823 -0.0235049 0.0873729 0.0641316 -0.00789039 0.0253763 0.0815848 0.000742051 0.0275843
internal_weight=22817 7947 14870 8503 2296 734 5651 6367 4318 3777 1915 1862 2175 1686 329 820 1846 2143 3419 1562 365 1197 4185 429 656 1874 658 351 1564 743
internal_count=22817 7947 14870 8503 2296 734 5651 6367 4318 3777 1915 1862 2175 1686 329 820 1846 2143 3419 1562 365 1197 4185 429 656 1874 658 351 1564 743
is_linear=0
shrinkage=0.0161


Tree=36
num_leaves=31
num_cat=0
split_feature=290 484 229 172 289 496 418 110 231 549 231 52 524 112 367 178 261 111 34 83 172 198 230 58 106 62 473 25 187 246
split_gain=87519 39025.5 24728.8 20720 15938.4 11761.5 10855.7 10034.6 10748.3 9102.59 8626.07 8463.28 8440.8 8184.23 7136.26 6668.21 5916.38 5701.44 5944.04 5251.9 4720.91 4708.53 4201.26 4131.34 4101.03 4901.44 4089.48 4799.52 3831.51 3800
threshold=16.500000000000004 77.500000000000014 13.500000000000002 10.500000000000002 5.5000000000000009 242.50000000000003 16.500000000000004 29.500000000000004 16.500000000000004 198.94999694824222 6.5000000000000009 29.500000000000004 224.50000000000003 29.500000000000004 29.500000000000004 10.500000000000002 4.5000000000000009 4.5000000000000009 35.500000000000007 10.500000000000002 4.5000000000000009 16.500000000000004 8.0000000000000018 8.0000000000000018 13.500000000000002 8.0000000000000018 8.0000000000000018 13.500000000000002 24.500000000000004 16.500000000000004
decision_type=2 2 2 2 2 2 2 2 2 8 2 2 2 2 2 2 2 2 2 2 2 2 2 2 2 2 2 2 2 2
left_child=1 4 15 -4 20 6 17 19 -9 -7 -6 14 -11 -10 24 26 -17 -3 21 -5 -1 -19 -23 -21 -8 -26 -2 -28 -12 -18
right_child=2 5 3 7 10 9 11 8 13 12 28 -13 -14 -15 -16 16 29 18 -20 23 -22 22 -24 -25 25 -27 27 -29 -30 -31
leaf_value=-0.07639652845353688 -0.022097038499254696 -0.036405599026250256 0.038560857693376908 0.036393264646975579 -0.036525489564564952 -0.001984218580880897 -0.011406309050237717 0.075427868629128716 0.16254434621919073 0.17220578779387538 -0.0011242814605374922 0.12944341030417461 0.04898983109136406 0.29646454370657954 0.11325157862774717 -0.017795152905671238 0.054728928307673529 -0.0158186076152118 0.068783955514763531 0.072846723460570126 -0.044799016831259288 -0.00039264676935380155 0.078104328031085371 0.16557389328458602 -0.0095094585712033608 0.090357237839346641 -0.0084343897675814607 0.070670201902629848 0.069740826939721529 0.13360862144579033
leaf_weight=2271 809 1506 999 267 2899 355 870 187 281 250 1876 220 342 206 198 219 572 2543 306 224 2676 451 290 284 229 286 416 380 221 220
leaf_count=2271 809 1506 999 267 2899 355 870 187 281 250 1876 220 342 206 198 219 572 2543 306 224 2676 451 290 284 229 286 416 380 221 220
internal_value=-0.000827333 -0.0176387 0.0582235 0.0950052 -0.0388222 0.0092036 0.00189685 0.133904 0.179375 0.0624093 -0.0185316 0.0358527 0.101063 0.219241 0.0228309 0.023795 0.0561837 -0.0101123 0.000911088 0.0943287 -0.0593091 -0.00540607 0.0302964 0.124733 0.00988732 0.0459048 0.00337844 0.0292995 0.00633287 0.0766697
internal_weight=22853 17789 5064 2448 9943 7846 6899 1449 674 947 4996 1803 592 487 1583 2616 1011 5096 3590 775 4947 3284 741 508 1385 515 1605 796 2097 792
internal_count=22853 17789 5064 2448 9943 7846 6899 1449 674 947 4996 1803 592 487 1583 2616 1011 5096 3590 775 4947 3284 741 508 1385 515 1605 796 2097 792
is_linear=0
shrinkage=0.0161


Tree=37
num_leaves=31
num_cat=0
split_feature=230 495 351 293 112 170 496 322 347 129 335 288 109 592 570 245 352 127 502 29 112 112 319 231 539 410 333 469 335 484
split_gain=80354.5 35474.9 24742 14018.4 11470.8 10880.9 9032.7 8446.86 7893.08 7040.45 7903.51 6381.59 6210.24 6162.91 6399.65 6101.29 6128.32 5987.5 5326.69 4889.21 4563.23 4456.76 5554.32 4217.5 4375.25 4155.1 4000.84 3907.36 3682.21 3626.69
threshold=13.500000000000002 66.500000000000014 10.500000000000002 10.500000000000002 4.5000000000000009 5.5000000000000009 242.50000000000003 5.5000000000000009 35.500000000000007 8.0000000000000018 10.500000000000002 10.500000000000002 5.5000000000000009 101.04999923706056 88.049999237060561 20.000000000000004 6.5000000000000009 16.500000000000004 162.50000000000003 8.0000000000000018 6.5000000000000009 16.500000000000004 8.0000000000000018 10.500000000000002 133.50000000000003 4.5000000000000009 16.500000000000004 35.500000000000007 8.0000000000000018 142.50000000000003
decision_type=2 2 2 2 2 2 2 2 2 2 2 2 2 8 8 2 2 2 2 2 2 2 2 2 2 2 2 2 2 2
left_child=1 5 23 11 18 25 12 -5 13 -8 -11 27 -6 14 -9 19 -17 -13 -3 -14 -7 -15 -23 24 -2 -1 -20 -4 -22 -26
right_child=2 4 3 7 6 20 9 8 -10 10 -12 17 15 21 -16 16 -18 -19 26 -21 28 22 -24 -25 29 -27 -28 -29 -30 -31
leaf_value=-0.069894067418916142 -0.019463312955778342 -0.042603411902866775 -0.0065657392555127508 0.04293546946437278 -0.013869246610652282 -0.038322660624151961 0.01966790826737953 0.10603953548016044 0.21259613066149233 0.042290917558857319 0.19572429463654362 0.048196140651107659 -0.011169482338250589 0.039688835239144037 0.23888985105930605 0.13141659569865191 0.031033953328735972 0.14412251487452418 -0.013033836352140239 0.03215507446573726 -0.021709028678560414 0.057840164648401492 0.16759709141830856 0.042169201252404587 0.094451130633769101 -0.040578968932535528 0.070132819652148209 0.081951986480583952 0.024088586660989352 0.0066585413498632066
leaf_weight=2709 1187 1506 638 397 1801 1755 335 219 234 166 184 609 1255 333 166 240 462 234 543 1460 1064 225 257 826 181 2343 207 162 795 376
leaf_count=2709 1187 1506 638 397 1801 1755 335 219 234 166 184 609 1255 333 166 240 462 234 543 1460 1064 225 257 826 181 2343 207 162 795 376
internal_value=-0.000268757 -0.0183578 0.0500829 0.0781018 0.00573313 -0.0410421 0.017537 0.108747 0.12695 0.0725101 0.12302 0.0439361 0.0103158 0.110229 0.163382 0.0230699 0.0653863 0.0748513 -0.0251421 0.0121198 -0.0197023 0.085092 0.116411 0.0121991 -0.001982 -0.0563031 0.00988878 0.0113297 -0.00211105 0.0352294
internal_weight=22869 16825 6044 3474 8159 8666 5903 1831 1434 685 350 1643 5218 1200 385 3417 702 843 2256 2715 3614 815 482 2570 1744 5052 750 800 1859 557
internal_count=22869 16825 6044 3474 8159 8666 5903 1831 1434 685 350 1643 5218 1200 385 3417 702 843 2256 2715 3614 815 482 2570 1744 5052 750 800 1859 557
is_linear=0
shrinkage=0.0161


Tree=38
num_leaves=31
num_cat=0
split_feature=230 351 524 169 323 470 159 238 384 470 187 550 147 148 592 113 232 219 117 166 456 229 229 88 263 69 23 575 39 288
split_gain=79660 29833.2 29262.2 19708.2 15489.3 10165 9436.44 8162.51 7929.96 7345.35 7165.91 6700.91 6635.39 6619.3 13288.7 6574.23 5863.23 5433.34 5362.14 4602.03 4581.05 4547.14 4495.74 4454.29 4346.35 4133.03 4391 6546.94 3964.71 3882.88
threshold=8.0000000000000018 10.500000000000002 80.500000000000014 8.0000000000000018 8.0000000000000018 43.500000000000007 6.5000000000000009 35.500000000000007 16.500000000000004 5.5000000000000009 20.000000000000004 147.94999694824222 6.5000000000000009 5.5000000000000009 175.25000000000003 16.500000000000004 5.5000000000000009 8.0000000000000018 35.500000000000007 24.500000000000004 5.5000000000000009 10.500000000000002 3.5000000000000004 10.500000000000002 20.000000000000004 5.5000000000000009 24.500000000000004 156.94999694824222 6.5000000000000009 13.500000000000002
decision_type=2 2 2 2 2 2 2 2 2 2 2 8 2 2 8 2 2 2 2 2 2 2 2 2 2 2 2 8 2 2
left_child=2 11 9 10 23 16 18 12 -7 -1 -3 21 -8 14 -14 19 -6 -17 24 -13 -18 -2 -11 -5 -4 -22 28 -28 -27 -15
right_child=1 3 6 4 5 8 7 -9 -10 22 -12 15 13 29 -16 17 20 -19 -20 -21 25 -23 -24 -25 -26 26 27 -29 -30 -31
leaf_value=-0.058864358575651907 -0.029904618986124409 0.0065023669154388722 -0.033522060535518906 0.0033224865628181145 0.01478540298041363 0.10221179940504596 -0.014143109203432491 0.11732990716682747 0.24910187435939551 -0.057053806401544713 0.096245476917825826 0.0001646032495256997 0.0083105543817472358 0.00038238806184545768 0.20551279653050616 0.12462674399965513 0.058295807243957352 0.025174572145577612 0.069160141949285672 0.082955385342353305 0.064438961118422816 0.013847872116892491 -0.01690521245639498 0.073563471391935226 0.031627441973114984 0.17729919208349457 0.25024755772624241 0.10989618337608441 0.084386821230521825 0.060771227150847949
leaf_weight=4234 1407 1462 2075 535 206 167 1142 221 224 991 274 1345 196 883 162 285 391 286 167 200 256 1094 2684 417 304 167 181 166 422 402
leaf_count=4234 1407 1462 2075 535 206 167 1142 221 224 991 274 1345 196 883 162 285 391 286 167 200 256 1094 2684 417 304 167 181 166 422 402
internal_value=0.000664611 0.0364021 -0.0245153 0.0642102 0.0883304 0.111995 0.00381276 0.0231333 0.186424 -0.0444042 0.0206804 0.00707719 0.01565 0.0363726 0.0976131 0.0281671 0.0957154 0.0748548 -0.0189893 0.0108971 0.106232 -0.0107568 -0.0277381 0.0341145 -0.0251871 0.121936 0.137637 0.183173 0.11077 0.0192928
internal_weight=22946 9485 13461 4868 3132 2180 5552 3006 391 7909 1736 4617 2785 1643 358 2116 1789 571 2546 1545 1583 2501 3675 952 2379 1192 936 347 589 1285
internal_count=22946 9485 13461 4868 3132 2180 5552 3006 391 7909 1736 4617 2785 1643 358 2116 1789 571 2546 1545 1583 2501 3675 952 2379 1192 936 347 589 1285
is_linear=0
shrinkage=0.0161


Tree=39
num_leaves=31
num_cat=0
split_feature=171 503 289 172 169 48 410 561 555 85 238 532 50 368 66 474 544 473 110 408 190 321 527 23 307 276 271 442 5 52
split_gain=76392.4 29906.8 23695.8 15659.3 13701.9 11547.8 8543.8 8474.04 8275.24 6881.56 7184.99 6642.42 6331.36 6268.44 6199.79 6210.37 5710.96 5491.36 5398.46 5469.95 5368.34 7153.66 5672.38 5346.02 5119.64 4868.73 4831.43 4304.61 4221.65 3711.83
threshold=10.500000000000002 45.500000000000007 10.500000000000002 8.0000000000000018 10.500000000000002 43.500000000000007 6.5000000000000009 86.750000000000014 228.75000000000003 6.5000000000000009 10.500000000000002 235.50000000000003 6.5000000000000009 6.5000000000000009 20.000000000000004 13.500000000000002 176.25000000000003 13.500000000000002 29.500000000000004 24.500000000000004 8.0000000000000018 20.000000000000004 195.50000000000003 4.5000000000000009 29.500000000000004 16.500000000000004 13.500000000000002 10.500000000000002 10.500000000000002 6.5000000000000009
decision_type=2 2 2 2 2 2 2 8 10 2 2 2 2 2 2 2 8 2 2 2 2 2 2 2 2 2 2 2 2 2
left_child=1 6 7 -4 16 11 -1 -2 12 -9 25 13 -6 -5 15 -12 27 -7 -15 -20 -18 22 -22 -14 26 -11 -25 -3 -28 -8
right_child=2 4 3 5 8 17 29 9 -10 10 14 -13 23 18 -16 -17 20 -19 19 -21 21 -23 -24 24 -26 -27 28 -29 -30 -31
leaf_value=-0.060471903933687544 -0.026751703980526668 -0.039865837043045277 0.02038181661724351 0.050555391494758899 -0.021192798962068566 0.10989264810213908 -0.043276787861291736 -0.0054992144501825099 0.13226582110853405 0.0021607246175144625 0.061713442748115362 0.00024204830554093901 -0.021808135193943014 0.08629446735688738 0.0012413471931224101 0.16558435619576969 -0.018509572573170926 0.23834988065996021 0.11050684283925621 0.22900346408032624 -0.017654319358886013 0.1218458683374648 0.069526822706578853 0.017593944074462842 0.13372165235913758 0.078798557174490344 0.13561916762105514 -0.0016790135249141289 0.03803909265781838 -0.0015681244770885307
leaf_weight=4143 992 2383 1169 767 671 165 1051 1071 187 916 339 254 337 932 186 268 1150 183 269 163 565 188 294 932 165 281 206 1129 262 1170
leaf_count=4143 992 2383 1169 767 671 165 1051 1071 187 916 339 254 337 932 186 268 1150 183 269 163 565 188 294 932 165 281 206 1129 262 1170
internal_value=0.00114852 -0.020438 0.0414019 0.069723 -0.000617805 0.0908194 -0.0468103 0.0141302 0.0288321 0.0273868 0.0450975 0.0781602 0.0213056 0.0874364 0.0826928 0.107613 -0.0148594 0.177511 0.108158 0.155272 0.00549098 0.0318751 0.0121568 0.0363108 0.0488409 0.0201714 0.0388203 -0.0275966 0.0810413 -0.0213157
internal_weight=22788 14833 7955 3902 8469 2733 6364 4053 2760 3061 1990 2385 2573 2131 793 607 5709 348 1364 432 2197 1047 859 1902 1565 1197 1400 3512 468 2221
internal_count=22788 14833 7955 3902 8469 2733 6364 4053 2760 3061 1990 2385 2573 2131 793 607 5709 348 1364 432 2197 1047 859 1902 1565 1197 1400 3512 468 2221
is_linear=0
shrinkage=0.0161


Tree=40
num_leaves=31
num_cat=0
split_feature=291 229 504 172 492 24 419 469 410 516 212 184 393 202 571 443 307 323 548 298 229 156 571 317 164 84 111 230 473 73
split_gain=71228.6 33311.6 19541.3 17435.9 14199.2 13764.9 12317.4 10647 9241.83 8358.73 7715.79 8835.77 7520.27 6842.87 6770.68 6000.77 5852.16 5668.64 5502.76 5500.39 5237.95 4534.51 3893.3 6804.76 3876.84 3869.61 3716.79 3639.03 3683.22 4079.03
threshold=6.5000000000000009 13.500000000000002 37.500000000000007 13.500000000000002 43.500000000000007 20.000000000000004 20.000000000000004 35.500000000000007 13.500000000000002 61.500000000000007 4.5000000000000009 5.5000000000000009 24.500000000000004 20.000000000000004 158.65000152587893 5.5000000000000009 5.5000000000000009 8.0000000000000018 210.94999694824222 24.500000000000004 5.5000000000000009 10.500000000000002 76.049999237060561 10.500000000000002 24.500000000000004 6.5000000000000009 20.000000000000004 6.5000000000000009 5.5000000000000009 8.0000000000000018
decision_type=2 2 2 2 2 2 2 2 2 2 2 2 2 2 10 2 2 2 10 2 2 2 10 2 2 2 2 2 2 2
left_child=2 4 20 18 17 13 8 -7 27 -10 -8 -12 15 -5 -14 -4 -13 -2 25 -18 -1 -15 23 -17 -11 -3 -19 -6 -29 -30
right_child=1 3 12 5 6 7 10 -9 9 24 11 16 14 21 -16 22 19 26 -20 -21 -22 -23 -24 -25 -26 -27 -28 28 29 -31
leaf_value=-0.070341020593377754 -0.041565561579717913 -0.0088976678070427501 -0.039470356487917219 0.042802211637586234 -0.024979825658058365 0.10676857055428182 -0.027991800772688657 0.23357795368209838 0.12459976263595446 0.01322153620173621 0.17146056176874688 -0.024859082643060706 0.0021663094320044061 0.069092610862153278 0.097498743616216466 -0.0085970092232075124 0.048497722324684904 -0.01537285112164942 0.11292806229568253 0.15780496965997054 -0.035358263773538338 0.18968013283497528 -0.014036529826339992 0.096292246028516659 0.094474016813611089 0.03995327804051553 0.046160544394431152 -0.030660800306856473 0.077156633383754933 3.2159089446158131e-06
leaf_weight=2580 1585 612 2142 884 1463 457 173 276 261 1096 248 163 629 163 279 446 357 746 202 180 1953 162 2483 250 177 1337 386 324 323 396
leaf_count=2580 1585 612 2142 884 1463 457 173 276 261 1096 248 163 629 163 279 446 357 746 202 180 1953 162 2483 250 177 1337 386 324 323 396
internal_value=0.000214445 0.0272368 -0.0298414 0.0644978 0.00787487 0.099476 0.02356 0.154549 0.0104514 0.0415778 0.0707816 0.0888315 -0.0113294 0.0660666 0.0314849 -0.0186399 0.0595236 -0.0219108 0.0329073 0.0851809 -0.0552742 0.129273 -0.00459701 0.0290449 0.0245375 0.0246017 0.00558859 -0.00859265 0.0143708 0.034696
internal_weight=22733 11971 10762 4093 7878 1942 5161 733 4040 1534 1121 948 6229 1209 908 5321 700 2717 2151 537 4533 325 3179 696 1273 1949 1132 2506 1043 719
internal_count=22733 11971 10762 4093 7878 1942 5161 733 4040 1534 1121 948 6229 1209 908 5321 700 2717 2151 537 4533 325 3179 696 1273 1949 1132 2506 1043 719
is_linear=0
shrinkage=0.0161


Tree=41
num_leaves=31
num_cat=0
split_feature=290 351 487 229 471 491 334 239 26 231 18 290 328 84 49 552 431 199 555 596 160 229 289 550 316 383 379 411 100 173
split_gain=78608.5 28119.4 21729.3 15345.6 14686.2 11843.5 10346.4 9172.59 9076.12 8787.6 8495.4 6403.32 6164.01 6138.02 5997.21 5932.7 5554.88 5118.95 5615.14 5027.7 9655.05 4705.94 4489.23 4844.25 4434.09 4233.45 3976.14 3238.66 3087.21 3028.43
threshold=8.0000000000000018 10.500000000000002 73.500000000000014 13.500000000000002 29.500000000000004 117.50000000000001 29.500000000000004 43.500000000000007 16.500000000000004 10.500000000000002 10.500000000000002 16.500000000000004 3.5000000000000004 10.500000000000002 16.500000000000004 244.44999694824222 20.000000000000004 8.0000000000000018 216.75000000000003 79.049999237060561 10.500000000000002 4.5000000000000009 8.0000000000000018 93.149997711181655 29.500000000000004 13.500000000000002 6.5000000000000009 3.5000000000000004 3.5000000000000004 10.500000000000002
decision_type=2 2 2 2 2 2 2 2 2 2 2 2 2 2 2 8 2 2 10 10 2 2 2 8 2 2 2 2 2 2
left_child=2 5 9 24 11 14 12 17 25 21 -10 -5 -7 -13 -2 -15 -14 18 -4 20 -19 -1 -11 -24 26 -6 -3 -21 -28 -30
right_child=1 3 7 4 8 6 -8 -9 10 22 -12 13 16 15 -16 -17 -18 19 -20 27 -22 -23 23 -25 -26 -27 28 -29 29 -31
leaf_value=-0.066130233077265552 -0.026608653450595356 0.0045229409107702756 -0.025229799113274241 0.022882834437122856 0.04061985819664736 0.1026719864835425 0.14953943156398194 0.093138322669236703 0.29203673917219186 -0.024472827938170804 0.13064319111030809 0.039514937920434062 -0.0030522919445631434 0.092399917456354452 0.021776526124742662 0.20376313151904998 0.07555898502166622 0.0051684245756696964 0.064778406858486223 -0.043495873349663559 0.15742655083240772 -0.037679729617839115 -0.0066369449759802026 0.10992294239682995 0.094412842886523227 0.15366059519419481 0.10585355315621016 0.0109306930584961 0.0089122335291948913 0.061971350849352964
leaf_weight=2841 2098 1041 2768 580 175 238 201 257 175 816 165 418 1079 560 971 160 297 303 192 350 168 3223 218 160 294 170 195 1489 541 578
leaf_count=2841 2098 1041 2768 580 175 238 201 257 175 816 165 418 1079 560 971 160 297 303 192 350 168 3223 218 160 294 170 195 1489 541 578
internal_value=0.00156351 0.0355342 -0.0248353 0.0621653 0.0916327 0.00798209 0.0405865 -0.00077836 0.154692 -0.0431515 0.213783 0.0664761 0.0270034 0.0886734 -0.0112924 0.11718 0.0138983 -0.00536282 -0.0193835 0.0125928 0.059527 -0.0510127 -0.00320688 0.0426383 0.0354256 0.0963893 0.0280515 0.000559385 0.0466739 0.03634
internal_weight=22721 9936 12785 5052 2403 4884 1815 5527 685 7258 340 1718 1614 1138 3069 720 1376 5270 2960 2310 471 6064 1194 378 2649 345 2355 1839 1314 1119
internal_count=22721 9936 12785 5052 2403 4884 1815 5527 685 7258 340 1718 1614 1138 3069 720 1376 5270 2960 2310 471 6064 1194 378 2649 345 2355 1839 1314 1119
is_linear=0
shrinkage=0.0161


Tree=42
num_leaves=31
num_cat=0
split_feature=171 230 486 412 349 536 468 202 364 570 25 34 60 599 359 427 413 113 230 442 291 232 599 5 292 508 181 423 84 505
split_gain=72981.5 22943.9 21946 13595.4 13042.1 10712.8 10466.6 9643.32 7410.8 7659.72 7368.68 6896.01 6379.3 6603.73 6062.31 5974.46 5963.57 4789.07 4579.01 4481.67 4254.94 4135.56 3856.67 3795.2 3664.92 3864.43 4480.8 3498.77 3291.59 4320.64
threshold=10.500000000000002 13.500000000000002 81.500000000000014 6.5000000000000009 10.500000000000002 59.500000000000007 43.500000000000007 13.500000000000002 16.500000000000004 182.25000000000003 8.0000000000000018 29.500000000000004 16.500000000000004 181.25000000000003 24.500000000000004 6.5000000000000009 20.000000000000004 29.500000000000004 3.5000000000000004 35.500000000000007 4.5000000000000009 6.5000000000000009 183.15000152587893 13.500000000000002 4.5000000000000009 177.50000000000003 16.500000000000004 10.500000000000002 10.500000000000002 48.500000000000007
decision_type=2 2 2 2 2 2 2 2 2 10 2 2 2 8 2 2 2 2 2 2 2 2 10 2 2 2 2 2 2 2
left_child=2 5 4 -3 18 21 10 8 22 -10 27 24 19 -14 15 -12 -8 -17 -1 -9 -6 -2 -4 -24 -7 -26 -27 -5 -22 -30
right_child=1 3 7 6 20 11 16 12 9 -11 14 -13 13 -15 -16 17 -18 -19 -20 -21 28 -23 23 -25 25 26 -28 -29 29 -31
leaf_value=-0.066274856768433504 -0.04729116884245111 0.014556925700903285 -0.031127636576574289 -0.0035570830458252572 -0.033354445886483682 -0.022673379499087126 0.11045945655490878 -0.00066042393309274038 0.00058222694288556393 0.096454612007662546 0.032515986462380721 0.10512206242397908 0.026523943124180445 0.14284198317454586 0.15409005303633969 0.082048367105015604 0.23633429076931836 0.17448563795430364 -0.038695350437025808 0.086863492498591391 -0.0071588487728465643 0.0028700051103885877 -0.0089168452472006242 0.077376397771465572 0.01732040365769227 0.039154292566113254 0.13735728018292315 0.069345076544926568 0.0082126599888770815 0.10035554668698571
leaf_weight=2528 711 939 2715 391 762 358 246 932 832 292 517 314 264 244 317 689 163 185 4098 181 768 1061 631 167 1220 417 170 302 338 217
leaf_count=2528 711 939 2715 391 762 358 246 932 832 292 517 314 264 244 317 689 163 185 4098 181 768 1061 631 167 1220 417 170 302 338 217
internal_value=-0.000665848 0.0385897 -0.0216471 0.0676248 -0.0381702 0.0129777 0.0853498 0.00134908 -0.0104637 0.0255095 0.0725075 0.0345895 0.0351549 0.0824396 0.0904796 0.0759662 0.160682 0.101642 -0.0492212 0.0135519 -0.00303958 -0.0172435 -0.0219801 0.00911252 0.0243489 0.0336779 0.0676348 0.0281787 0.0144029 0.0442821
internal_weight=22969 8000 14969 3749 8711 4251 2810 6258 4637 1124 2401 2479 1621 508 1708 1391 409 874 6626 1113 2085 1772 3513 798 2165 1807 587 693 1323 555
internal_count=22969 8000 14969 3749 8711 4251 2810 6258 4637 1124 2401 2479 1621 508 1708 1391 409 874 6626 1113 2085 1772 3513 798 2165 1807 587 693 1323 555
is_linear=0
shrinkage=0.0161


Tree=43
num_leaves=31
num_cat=0
split_feature=230 481 144 291 349 472 213 378 249 107 203 231 533 517 156 277 429 350 239 496 530 297 534 215 169 327 393 353 53 353
split_gain=68513.9 23366.5 22174.4 17836.6 15296 7691.64 7152.6 7245.75 7941.42 6637.59 6284.19 6110.34 5816.27 5371.98 5508.75 5364.02 5205.66 4951.5 4882.67 4741.16 4701.44 4488.15 4467.44 3969.56 3905.72 3747.87 3685.21 4204.84 3897.97 3607.42
threshold=8.0000000000000018 73.500000000000014 6.5000000000000009 16.500000000000004 35.500000000000007 24.500000000000004 8.0000000000000018 16.500000000000004 10.500000000000002 35.500000000000007 13.500000000000002 4.5000000000000009 149.50000000000003 113.50000000000001 10.500000000000002 3.5000000000000004 13.500000000000002 24.500000000000004 24.500000000000004 109.50000000000001 23.500000000000004 5.5000000000000009 167.50000000000003 8.0000000000000018 3.5000000000000004 16.500000000000004 4.5000000000000009 20.000000000000004 20.000000000000004 4.5000000000000009
decision_type=2 2 2 2 2 2 2 2 2 2 2 2 2 2 2 2 2 2 2 2 2 2 2 2 2 2 2 2 2 2
left_child=1 11 12 15 9 23 10 18 -9 13 -3 -1 -2 14 -5 -4 -12 -16 -8 -14 -17 -22 -21 -6 -13 -15 -23 28 29 -28
right_child=2 6 3 4 5 -7 7 8 -10 -11 16 24 19 25 17 20 -18 -19 -20 22 21 26 -24 -25 -26 -27 27 -29 -30 -31
leaf_value=-0.057880073761071876 -0.014611209207823156 -0.027406795470464665 -0.017290448755789448 0.043644523093495445 0.056181586126669257 0.2396030326324847 -0.0065111556307659085 0.013355341403502221 0.12375989136050027 0.14643977338090786 -0.006726388785333594 -0.053717961924239346 0.11213040253552556 -0.0086487924527770873 0.07210163653993551 -0.0042874888532815096 0.083323248578146825 0.18956822196321604 0.068519708226819048 0.090977607674071842 0.012833463880264762 0.014271963781054435 -0.0030069863099066842 0.16643638286236601 -0.018463470619741757 0.068662192799726296 0.12321190359511723 0.022259997648704601 0.15738462534032424 0.053590205162416651
leaf_weight=3642 2351 2579 556 515 163 201 1620 360 319 218 449 1158 161 460 209 584 264 169 261 165 742 369 636 178 2759 251 272 347 171 672
leaf_count=3642 2351 2579 556 515 163 201 1620 360 319 218 449 1158 161 460 209 584 264 169 261 165 742 369 636 178 2759 251 272 347 171 672
internal_value=-0.000809181 -0.0241631 0.0325428 0.0508107 0.0853839 0.160499 -5.97459e-06 0.0201744 0.065259 0.063026 -0.0157062 -0.0428618 -0.000958515 0.0516746 0.0779734 0.0287922 0.026583 0.124682 0.00388731 0.0323824 0.0369155 0.0462766 0.0163238 0.113803 -0.0288919 0.0186107 0.0598164 0.0712954 0.0865346 0.0736756
internal_weight=22801 13411 9390 6077 2364 542 5852 2560 679 1822 3292 7559 3313 1604 893 3713 713 378 1881 962 3157 2573 801 341 3917 711 1831 1462 1115 944
internal_count=22801 13411 9390 6077 2364 542 5852 2560 679 1822 3292 7559 3313 1604 893 3713 713 378 1881 962 3157 2573 801 341 3917 711 1831 1462 1115 944
is_linear=0
shrinkage=0.0161


Tree=44
num_leaves=31
num_cat=0
split_feature=290 489 172 229 471 409 18 496 285 552 110 524 549 321 419 418 411 84 296 100 0 111 261 496 7 533 55 477 162 471
split_gain=64686.7 32309.8 20257.7 17458 11137.7 10184 10049.9 8781.08 8507.63 7255.35 6638.2 6277.82 7447.95 6274.34 7738.66 5847.75 5631.9 5203.86 5045.34 7013.52 4913.69 4691.59 4638.58 4832.36 4112.19 8428.06 4044.57 3958.92 4691.88 6297.06
threshold=13.500000000000002 67.500000000000014 8.0000000000000018 13.500000000000002 29.500000000000004 6.5000000000000009 6.5000000000000009 242.50000000000003 61.500000000000007 203.05000305175784 29.500000000000004 255.50000000000003 244.44999694824222 4.5000000000000009 24.500000000000004 10.500000000000002 6.5000000000000009 6.5000000000000009 6.5000000000000009 13.500000000000002 8.0000000000000018 4.5000000000000009 24.500000000000004 97.500000000000014 24.500000000000004 149.50000000000003 24.500000000000004 8.0000000000000018 4.5000000000000009 8.0000000000000018
decision_type=2 2 2 2 2 2 2 2 2 10 2 2 8 2 2 2 2 2 2 2 2 2 2 2 2 2 2 2 2 2
left_child=1 5 9 15 22 -1 -6 8 13 17 -8 12 20 -3 21 -4 -7 -2 -16 -20 -9 -15 -5 -24 -23 -26 -18 -19 -29 -30
right_child=2 7 3 4 6 16 10 11 -10 -11 -12 -13 -14 14 18 -17 26 27 19 -21 -22 24 23 -25 25 -27 -28 28 29 -31
leaf_value=-0.052917297221274466 -0.031902993610660194 -0.026747346968183809 0.008361121512190272 0.059584775952667951 0.2597570010351174 -0.036437202099464175 0.047083903949634895 -0.020740318745832213 0.10929436445417513 0.09617428526042647 0.18279505942352656 -0.0042913532487349878 0.1701542985708783 -0.027590521531486955 8.5747820948833847e-05 0.064840448999219605 -0.0052974537986893357 -0.0087155145578912355 0.031917064073112504 0.15748863144652595 0.093787258244004898 0.0016275532866051356 0.18647380671666935 0.066178828494134548 -0.0061986507695473867 0.1295355914811549 0.069293586163638496 -0.023654942587990252 0.013474591810941593 0.1255381418757773
leaf_weight=5031 859 1897 1116 1060 182 1844 191 165 183 220 184 306 185 1199 268 829 1429 702 260 208 235 2357 177 171 270 211 217 188 258 263
leaf_count=5031 859 1897 1116 1060 182 1844 191 165 183 220 184 306 185 1199 268 829 1429 702 260 208 235 2357 177 171 270 211 217 188 258 263
internal_value=0.000437905 -0.0166226 0.0437992 0.0666583 0.10051 -0.0382554 0.16149 0.00717769 0.000992377 0.00789465 0.113736 0.0547247 0.0856349 -0.0019755 0.00786499 0.0324459 -0.0171128 -0.000650712 0.0558779 0.0877769 0.0464858 -0.000882582 0.0763703 0.127431 0.0103927 0.0532949 0.00452194 0.0183586 0.0451987 0.0700893
internal_weight=22665 16265 6400 3910 1965 8521 557 7744 6853 2490 375 891 585 6670 4773 1945 3490 2270 736 468 400 4037 1408 348 2838 481 1646 1411 709 521
internal_count=22665 16265 6400 3910 1965 8521 557 7744 6853 2490 375 891 585 6670 4773 1945 3490 2270 736 468 400 4037 1408 348 2838 481 1646 1411 709 521
is_linear=0
shrinkage=0.0161


Tree=45
num_leaves=31
num_cat=0
split_feature=171 408 495 204 110 551 350 476 274 112 410 64 253 129 314 83 596 415 111 160 179 83 500 232 511 198 438 347 333 72
split_gain=63924.1 26004.1 18819.8 11733.8 9881.74 10678.5 7752.58 7557.6 7196.62 7106.45 7044.21 7039.19 6450.26 6386.48 4895.79 4675.5 5818.62 4488.84 5262.36 4395.48 4807.64 4155.89 4000.53 3853.81 5268.22 3759.01 3700.39 3581.77 3470.04 3184.21
threshold=8.0000000000000018 13.500000000000002 71.500000000000014 6.5000000000000009 35.500000000000007 207.44999694824222 20.000000000000004 8.0000000000000018 8.0000000000000018 29.500000000000004 6.5000000000000009 29.500000000000004 24.500000000000004 20.000000000000004 29.500000000000004 13.500000000000002 178.05000305175784 10.500000000000002 20.000000000000004 6.5000000000000009 24.500000000000004 20.000000000000004 212.50000000000003 20.000000000000004 94.500000000000014 6.5000000000000009 13.500000000000002 5.5000000000000009 6.5000000000000009 6.5000000000000009
decision_type=2 2 2 2 2 10 2 2 2 2 2 2 2 2 2 2 10 2 2 2 2 2 2 2 2 2 2 2 2 2
left_child=2 3 10 14 5 15 17 19 -9 21 -1 12 29 27 -2 16 -3 -5 -19 -4 26 -6 -7 -17 -25 -20 -21 -8 -28 -10
right_child=1 4 7 6 9 22 13 8 11 -11 -12 -13 -14 -15 -16 23 -18 18 25 20 -22 -23 -24 24 -26 -27 28 -29 -30 -31
leaf_value=-0.053546125816713169 -0.025416178812635963 0.0070597745732311002 -0.041540095372871948 -0.0076966982223327382 0.047046979505216656 0.081596811359963245 0.080237749035554362 -0.010961902613705254 -0.030301860839476925 0.20312647082488816 -0.019586144372731026 0.11967311458309035 0.10929519738775718 0.13082260511635752 0.053492977786303873 0.04571911243260797 0.10280960187035298 0.0082332992920851958 0.14025219043147052 -0.031013804154866129 0.076415011684290629 0.14333478306287223 0.1949268699079281 0.16817104151164475 0.041338898364221152 0.037583568870418707 0.08231589197426048 0.015825061364443938 -0.012447816459330567 0.028495162531818389
leaf_weight=4839 2244 1232 1473 1424 288 164 368 1450 361 187 2357 238 195 263 224 986 190 627 171 912 177 196 161 181 161 203 172 574 239 704
leaf_count=4839 2244 1232 1473 1424 288 164 368 1450 361 187 2357 238 195 263 224 986 190 627 171 912 177 196 161 181 161 203 172 574 239 704
internal_value=-0.00165972 0.0293487 -0.0249326 0.00883484 0.0627362 0.0505078 0.0272524 -0.00366817 0.0145935 0.11874 -0.042426 0.0393457 0.0241541 0.0606344 -0.0182447 0.0401815 0.0198699 0.010655 0.0367852 -0.0217842 -0.00236819 0.0860882 0.137811 0.0619131 0.108532 0.0845886 -0.0129261 0.0410134 0.0271527 0.0085428
internal_weight=22961 9844 13117 6098 3746 3075 3630 5921 2948 671 7196 1498 1260 1205 2468 2750 1422 2425 1001 2973 1500 484 325 1328 342 374 1323 942 411 1065
internal_count=22961 9844 13117 6098 3746 3075 3630 5921 2948 671 7196 1498 1260 1205 2468 2750 1422 2425 1001 2973 1500 484 325 1328 342 374 1323 942 411 1065
is_linear=0
shrinkage=0.0161


Tree=46
num_leaves=31
num_cat=0
split_feature=231 493 110 410 233 112 110 102 274 231 540 532 561 34 126 25 109 463 497 360 159 351 105 364 292 323 349 205 240 344
split_gain=65970.1 26119.9 23795.8 13801.3 12952.2 13378.6 9339.45 8358.76 10398 8043.04 7641.64 6641.86 6593.89 6117.76 5607.91 5559.02 5497.26 4814.17 4906.66 5073.16 7160.48 4799.07 4537.56 6178.43 5305.73 4505.28 4297.58 4019.72 4174.83 3839.24
threshold=10.500000000000002 62.500000000000007 16.500000000000004 24.500000000000004 16.500000000000004 20.000000000000004 16.500000000000004 13.500000000000002 13.500000000000002 3.5000000000000004 244.44999694824222 99.500000000000014 240.75000000000003 29.500000000000004 8.0000000000000018 5.5000000000000009 5.5000000000000009 4.5000000000000009 226.50000000000003 6.5000000000000009 8.0000000000000018 10.500000000000002 16.500000000000004 13.500000000000002 6.5000000000000009 10.500000000000002 16.500000000000004 8.0000000000000018 16.500000000000004 8.0000000000000018
decision_type=2 2 2 2 2 2 2 2 2 2 10 2 10 2 2 2 2 2 2 2 2 2 2 2 2 2 2 2 2 2
left_child=1 9 12 15 -5 -6 10 29 -9 -1 17 -7 13 27 -15 -4 -11 -3 22 -20 -21 -18 -19 -24 -25 -23 -17 28 -2 -8
right_child=2 6 3 4 5 11 7 8 -10 16 -12 -13 -14 14 -16 26 21 18 19 20 -22 25 23 24 -26 -27 -28 -29 -30 -31
leaf_value=-0.062392083024167877 -0.024341527639774332 -0.035771671223184448 -0.01068666102306846 0.069787048959103093 0.060582511957353938 0.28443910046712578 -0.020823295228236571 0.032631294547544737 0.17641023688246346 -0.048949134657230692 0.087813241940860334 0.14784850699282853 0.1164753150175294 -0.0037698942160453038 0.10539575867210295 0.026277522634283432 -0.025348768702448173 -0.019710996677800418 -0.019519746557602233 0.0045111589494622219 0.14715403271806035 -0.013203965606399692 -0.010457178759211823 0.13726841826853589 0.015824185383826364 0.069437137696135506 0.083755943694244647 0.020350662091951875 0.038316930676314268 0.043256291781218682
leaf_weight=2707 1509 1446 392 830 194 214 513 340 212 1938 213 164 160 198 316 612 2292 2654 220 177 189 390 626 174 202 304 755 1927 337 459
leaf_count=2707 1509 1446 392 830 194 214 513 340 212 1938 213 164 160 198 316 612 2292 2654 220 177 189 390 626 174 202 304 755 1927 337 459
internal_value=0.000350272 -0.0191746 0.0389925 0.0727668 0.110459 0.169436 0.00232049 0.037854 0.0878934 -0.0400925 -0.00685245 0.22524 0.0149798 0.0111863 0.0632978 0.0427109 -0.0278284 -0.0104016 -0.00174792 0.0414953 0.0782353 -0.0141125 -0.00868557 0.020494 0.072087 0.0229623 0.0580403 0.00408088 -0.01289 0.0094123
internal_weight=22664 15056 7608 3161 1402 572 7425 1524 552 7631 5901 378 4447 4287 514 1759 4924 5688 4242 586 366 2986 3656 1002 376 694 1367 3773 1846 972
internal_count=22664 15056 7608 3161 1402 572 7425 1524 552 7631 5901 378 4447 4287 514 1759 4924 5688 4242 586 366 2986 3656 1002 376 694 1367 3773 1846 972
is_linear=0
shrinkage=0.0161


Tree=47
num_leaves=31
num_cat=0
split_feature=171 109 495 470 471 529 170 496 50 7 205 363 84 127 387 101 172 101 307 230 366 308 502 392 26 427 350 558 527 264
split_gain=63676.5 24820.9 18605.3 15265.7 10232 9125.96 8711.18 7587.63 6006.3 5962.65 5875.12 5569.93 5358.02 5297.76 4787.42 4698.11 4976.89 5485.3 4633.78 4603.11 5427.76 4067.6 3992.03 6050.92 5659.38 3800.34 3851.23 5831.03 3615.15 3834.92
threshold=8.0000000000000018 16.500000000000004 57.500000000000007 29.500000000000004 29.500000000000004 96.500000000000014 10.500000000000002 253.50000000000003 6.5000000000000009 13.500000000000002 13.500000000000002 43.500000000000007 5.5000000000000009 16.500000000000004 13.500000000000002 20.000000000000004 8.0000000000000018 29.500000000000004 16.500000000000004 4.5000000000000009 8.0000000000000018 20.000000000000004 107.50000000000001 8.0000000000000018 10.500000000000002 16.500000000000004 13.500000000000002 147.15000152587893 178.50000000000003 6.5000000000000009
decision_type=2 2 2 2 2 2 2 2 2 2 2 2 2 2 2 2 2 2 2 2 2 2 2 2 2 2 2 8 2 2
left_child=2 6 8 12 14 -6 15 11 -1 -9 13 19 -3 -8 -5 28 -17 -18 -15 -4 -21 -12 23 -22 -25 -14 -27 -28 29 -2
right_child=1 3 7 4 5 -7 10 9 -10 -11 21 -13 25 18 -16 16 17 -19 -20 20 22 -23 -24 24 -26 26 27 -29 -30 -31
leaf_value=-0.057714046052229968 -0.044263637366604922 -0.0032774542458972448 -0.033822487059512817 0.044604770399330841 0.27744431148977056 0.10902432013951374 -0.00072251739905706874 0.0128860264960336 -0.026470484665389687 0.12459025609350417 0.045430111619085382 0.053175489161626052 0.040541223708000354 0.13320292386979479 0.13704539754760386 -0.019958503495857392 0.12898349010623394 0.013216014733618098 0.021014258256862411 -0.022595945530333325 -0.005336903552997708 0.1211434783779775 -0.0023246839187734815 0.035478057716120066 0.16348719017314672 0.042282212340379308 0.062380457420233189 0.19548132534581183 0.026233197589396406 -0.0037527439667949278
leaf_weight=3631 1113 499 2035 373 164 171 1337 354 2851 191 786 334 1316 160 239 288 197 231 238 1856 301 241 1058 203 161 258 183 161 477 1332
leaf_count=3631 1113 499 2035 373 164 171 1337 354 2851 191 786 334 1316 160 239 288 197 231 238 1856 301 241 1058 203 161 258 183 161 477 1332
internal_value=-0.0013069 0.0297497 -0.0246796 0.0651577 0.119964 0.191545 0.0111347 -0.00541247 -0.0439757 0.0520769 0.0326932 -0.010684 0.0436743 0.0146097 0.0807434 -0.00522614 0.0317243 0.0665565 0.0661744 -0.0144875 -0.00348715 0.0632202 0.017083 0.0479956 0.0921621 0.0559019 0.0894419 0.124743 -0.0142884 -0.0222035
internal_weight=22739 9764 12975 3364 947 335 6400 6493 6482 545 2762 5948 2417 1735 612 3638 716 428 398 5614 3579 1027 1723 665 364 1918 602 344 2922 2445
internal_count=22739 9764 12975 3364 947 335 6400 6493 6482 545 2762 5948 2417 1735 612 3638 716 428 398 5614 3579 1027 1723 665 364 1918 602 344 2922 2445
is_linear=0
shrinkage=0.0161


Tree=48
num_leaves=31
num_cat=0
split_feature=170 503 111 293 83 170 202 238 498 111 495 289 107 54 468 373 194 471 426 588 95 505 144 98 377 580 400 149 149 280
split_gain=60530.3 24422.9 20965.8 14655.1 11619.9 14054.2 9658.19 7686.1 7050.27 6908.11 6755.24 6492.89 6349.61 8038.02 5520.9 5400.6 5634.94 5192.6 5173.63 5122.11 5401.27 4845.56 3876.41 3940.04 3717.39 3715.25 3809.82 5408.96 5566.83 3708.18
threshold=10.500000000000002 44.500000000000007 20.000000000000004 13.500000000000002 8.0000000000000018 52.000000000000007 8.0000000000000018 10.500000000000002 241.50000000000003 8.0000000000000018 269.50000000000006 13.500000000000002 16.500000000000004 24.500000000000004 16.500000000000004 6.5000000000000009 10.500000000000002 5.5000000000000009 4.5000000000000009 136.55000305175784 20.000000000000004 244.50000000000003 8.0000000000000018 8.0000000000000018 8.0000000000000018 224.44999694824222 10.500000000000002 10.500000000000002 5.5000000000000009 5.5000000000000009
decision_type=2 2 2 2 2 2 2 2 2 2 2 2 2 2 2 2 2 2 2 8 2 2 2 2 2 8 2 2 2 2
left_child=1 9 6 11 -5 15 8 10 24 -1 17 -4 21 -14 -8 -6 -17 -3 -13 -16 -21 25 -20 -24 -2 26 -9 28 -28 -19
right_child=2 7 3 4 5 -7 14 12 -10 -11 -12 18 13 -15 19 16 -18 29 22 20 -22 -23 23 -25 -26 -27 27 -29 -30 -31
leaf_value=-0.053748041878506465 -0.030613250303082939 -0.036250848890710979 0.0025173566388727708 0.027487318635388402 0.055935551180247824 0.28050877262166862 0.018441519096607236 -0.013070584001739912 0.098282468918132707 -0.017488934013188004 0.06903191432717587 -0.010045210831162265 0.03254247289435986 0.15830485484588175 0.03116478035773065 0.08805447852767874 0.20142401369061283 -0.02667995246790093 0.033490829135697203 0.068357053397412729 0.17734228124148649 0.072633909322892501 0.17880623013391245 0.079376740808568214 0.010108239077811306 -0.042292924796452372 0.022870171596499265 -0.0093210298739619651 0.15177954425172566 0.010162519935496776
leaf_weight=4409 1283 2062 671 291 262 162 1538 871 160 1974 251 165 674 164 598 217 241 1111 208 438 162 247 170 267 1061 475 191 326 160 1952
leaf_count=4409 1283 2062 671 291 262 162 1538 871 160 1974 251 165 674 164 598 217 241 1111 208 438 162 247 170 267 1061 475 191 326 160 1952
internal_value=0.000382806 -0.0187479 0.0364151 0.0732858 0.115807 0.14492 0.017736 -0.000846177 -0.00510371 -0.0425383 -0.0125005 0.0395918 0.0193051 0.0571828 0.0386477 0.114379 0.147761 -0.0164982 0.0702751 0.0645688 0.0978223 0.00531176 0.0908586 0.11811 -0.0121708 -0.00289636 0.00917717 0.037835 0.0816993 -0.00319316
internal_weight=22761 14867 7894 2654 1173 882 5240 8484 2504 6383 5376 1481 3108 838 2736 720 458 5125 810 1198 600 2270 645 437 2344 2023 1548 677 351 3063
internal_count=22761 14867 7894 2654 1173 882 5240 8484 2504 6383 5376 1481 3108 838 2736 720 458 5125 810 1198 600 2270 645 437 2344 2023 1548 677 351 3063
is_linear=0
shrinkage=0.0161


Tree=49
num_leaves=31
num_cat=0
split_feature=171 409 495 144 535 292 110 411 353 82 353 178 303 395 509 213 235 294 228 109 268 404 284 342 543 49 144 239 344 230
split_gain=61491.1 25629 16758.5 13976.7 11250.9 11115.1 9180.5 8237.61 7850.63 7136.95 6902.17 7486.71 6605.44 5851.49 5226.57 5110.26 4885.81 4771.6 4693.25 4411.8 4572.41 4375.86 8095.41 3989.73 3824.46 4244.24 3759.4 3634.58 4794.34 3447.44
threshold=6.5000000000000009 10.500000000000002 65.500000000000014 6.5000000000000009 25.500000000000004 20.000000000000004 16.500000000000004 24.500000000000004 13.500000000000002 16.500000000000004 6.5000000000000009 20.000000000000004 52.000000000000007 24.500000000000004 148.50000000000003 6.5000000000000009 8.0000000000000018 20.000000000000004 5.5000000000000009 20.000000000000004 10.500000000000002 20.000000000000004 16.500000000000004 24.500000000000004 185.15000152587893 8.0000000000000018 20.000000000000004 13.500000000000002 10.500000000000002 16.500000000000004
decision_type=2 2 2 2 2 2 2 2 2 2 2 2 2 2 2 2 2 2 2 2 2 2 2 2 10 2 2 2 2 2
left_child=2 4 18 24 -2 13 -7 12 -8 -10 17 23 15 19 -13 -4 -15 -6 -1 27 -21 26 -23 -12 25 -3 29 -5 -29 -17
right_child=1 3 7 5 10 6 8 -9 9 -11 11 14 -14 16 -16 21 -18 -19 -20 20 -22 22 -24 -25 -26 -27 -28 28 -30 -31
leaf_value=-0.058933215641980299 -0.035838013328902518 -0.03690681725635428 -0.032378283054124567 0.0038356619629504114 -0.017369462531036647 0.043525203145513697 0.069447943793527922 0.077518687954910626 0.1052371858255411 0.23101561179554678 0.0085715689447780786 0.04171862887564283 0.078766848916792823 0.052468553245233862 0.14303659614999742 -0.027320513739551699 0.15494998608937005 0.07168475691802767 -0.030490379657063763 0.035579202564098848 0.10692476857218233 0.13342418158510949 -0.005827854304023509 0.071520485895135155 0.068348286186083657 0.020969472763624097 0.043626650819999231 0.0085340413679095943 0.1195998911352763 0.047021366321583387
leaf_weight=3234 1517 489 2260 975 1666 362 252 288 197 291 1784 310 203 258 231 1436 228 172 2820 553 404 172 291 306 265 1000 294 213 192 182
leaf_count=3234 1517 489 2260 975 1666 362 252 288 197 291 1784 310 203 258 231 1436 228 172 2820 553 404 172 291 306 265 1000 294 213 192 182
internal_value=-0.000567581 0.0252906 -0.0275496 0.0497916 0.00204214 0.0666774 0.110059 -0.00612258 0.142575 0.180289 0.0149058 0.0316312 -0.0111065 0.0497344 0.0850236 -0.0150478 0.100595 -0.00902297 -0.0456882 0.0391475 0.0657225 0.00143365 0.0458521 0.0177993 0.0119922 0.00194661 -0.00931018 0.0207013 0.0612456 -0.0189437
internal_weight=22845 11665 11180 5679 5986 3925 1102 5126 740 488 4469 2631 4838 2823 541 4635 486 1838 6054 2337 957 2375 463 2090 1754 1489 1912 1380 405 1618
internal_count=22845 11665 11180 5679 5986 3925 1102 5126 740 488 4469 2631 4838 2823 541 4635 486 1838 6054 2337 957 2375 463 2090 1754 1489 1912 1380 405 1618
is_linear=0
shrinkage=0.0161


Tree=50
num_leaves=31
num_cat=0
split_feature=290 519 469 550 110 243 443 351 506 582 510 291 195 326 485 276 542 167 51 110 59 525 114 423 171 465 231 203 367 109
split_gain=61011.4 24189.5 17557 12635.3 12363.8 10397.3 9273.61 8655.94 8400.42 7858.27 7842.31 7144.44 6292.32 5390.72 6224.39 9115.74 5379.37 5597.75 5360.01 4889.64 4638.52 4624.03 5185.94 5922.19 4510.84 4330.11 3977.64 3975.25 3365.91 4179.87
threshold=16.500000000000004 72.500000000000014 16.500000000000004 231.15000152587893 10.500000000000002 8.0000000000000018 8.0000000000000018 10.500000000000002 185.50000000000003 131.05000305175784 172.50000000000003 29.500000000000004 4.5000000000000009 4.5000000000000009 130.50000000000003 20.000000000000004 126.54999923706056 10.500000000000002 24.500000000000004 4.5000000000000009 29.500000000000004 278.50000000000006 4.5000000000000009 10.500000000000002 4.5000000000000009 20.000000000000004 5.5000000000000009 8.0000000000000018 5.5000000000000009 6.5000000000000009
decision_type=2 2 2 10 2 2 2 2 2 8 2 2 2 2 2 2 8 2 2 2 2 2 2 2 2 2 2 2 2 2
left_child=1 4 12 6 24 19 27 -8 13 11 -10 -9 -2 -7 15 16 -15 -18 -6 -3 -21 22 -12 -24 -1 -11 -14 -4 -28 -30
right_child=2 5 3 -5 18 8 7 9 10 25 21 -13 26 14 -16 -17 17 -19 -20 20 -22 -23 23 -25 -26 -27 28 -29 29 -31
leaf_value=-0.05449126060392491 -0.022400874002430075 -0.034629858443607914 -0.0066242554306895404 0.21809734756247073 -0.0085888896197845645 -0.027963683370650336 0.032643995906148068 0.12239865865055227 0.13504372514803512 0.048262851444606125 -0.019375336259320006 0.24822531719314817 -0.017631377906012626 -0.0136587565185228 -0.0066279005286503838 0.14582096189912166 0.021463104443200244 0.14001017662148599 0.062271060005249186 -0.0049685544554138768 0.060409878993395234 -0.037516749890487526 0.14154802298755631 0.040276784451622825 -0.0284391260626406 0.14399277573757502 0.009980556787724389 0.069592121028315565 0.020327689699842676 0.086392596490733997
leaf_weight=3386 655 1388 446 162 2276 711 461 434 282 450 191 161 302 426 940 208 272 167 315 2627 315 170 231 428 3519 169 464 294 395 673
leaf_count=3386 655 1388 446 162 2276 711 461 434 282 450 191 161 302 426 940 208 272 167 315 2627 315 170 231 428 3519 169 464 294 395 673
internal_value=0.00160905 -0.0123836 0.0509221 0.0803812 -0.0299643 0.00759289 0.0711334 0.0921083 0.0262194 0.11467 0.0598616 0.156485 0.020412 0.0101306 0.0235974 0.0500982 0.0270532 0.0666132 1.68022e-05 -0.00972044 0.00202352 0.0390529 0.0543946 0.0758112 -0.0412177 0.0744372 0.0357151 0.0236245 0.0462465 0.0619805
internal_weight=22918 17852 5066 2577 9496 8356 2415 1675 4026 1214 1302 595 2489 2724 2013 1073 865 439 2591 4330 2942 1020 850 659 6905 619 1834 740 1532 1068
internal_count=22918 17852 5066 2577 9496 8356 2415 1675 4026 1214 1302 595 2489 2724 2013 1073 865 439 2591 4330 2942 1020 850 659 6905 619 1834 740 1532 1068
is_linear=0
shrinkage=0.0161


Tree=51
num_leaves=31
num_cat=0
split_feature=290 289 172 531 265 418 348 387 473 171 475 23 470 248 467 351 24 457 14 469 147 496 377 516 53 279 540 404 265 239
split_gain=55250.8 23147.4 14514.9 14294.2 9137.03 9416.33 7210.21 8129.02 6424.69 6059.94 5618.32 5314.55 4746.54 5228.38 4650.8 4446.31 4344.22 4070 4009.64 5584.27 4007.39 3975.47 3800.07 3616.98 4867.54 4319.48 3582.63 3564.01 4269.65 3470.32
threshold=6.5000000000000009 16.500000000000004 13.500000000000002 75.500000000000014 6.5000000000000009 52.000000000000007 35.500000000000007 8.0000000000000018 8.0000000000000018 10.500000000000002 8.0000000000000018 24.500000000000004 5.5000000000000009 13.500000000000002 13.500000000000002 3.5000000000000004 20.000000000000004 5.5000000000000009 10.500000000000002 35.500000000000007 5.5000000000000009 251.50000000000003 6.5000000000000009 12.500000000000002 24.500000000000004 10.500000000000002 180.15000152587893 13.500000000000002 10.500000000000002 10.500000000000002
decision_type=2 2 2 2 2 2 2 2 2 2 2 2 2 2 2 2 2 2 2 2 2 2 2 2 2 2 10 2 2 2
left_child=3 4 11 15 16 9 18 -8 20 21 -10 26 29 -14 -13 -1 -2 -11 -4 -20 -5 -6 -18 -19 -25 -26 -3 -22 -29 -12
right_child=1 2 6 8 5 -7 7 -9 10 17 12 14 13 -15 -16 -17 22 23 19 -21 27 -23 -24 24 25 -27 -28 28 -30 -31
leaf_value=-0.061002269101346755 -0.01892547567238918 0.004702257419532653 0.041723494632832474 -0.047495276088479407 -0.0079042459823188138 0.13235668882225526 0.060052640402712916 0.2063626896924971 -0.013691124430961071 0.002291166786887136 -0.026448212949811183 0.023157665126344231 0.034308035942505082 0.13349204692260894 0.12036641409506205 -0.03276132935480805 -0.019402015922698759 -0.020049636287796789 0.067242389862351093 0.16862627842890371 -0.023707134808319482 0.075066322732568816 0.074174529664936081 0.042311545797168094 0.17146448222048144 0.054687812294451313 0.065165045842977859 -0.008779417476171808 0.09588741204221575 0.055994758996044107
leaf_weight=2235 3071 1456 601 1007 1968 194 162 253 933 630 339 244 371 220 269 4109 196 165 445 207 821 162 263 1023 166 164 308 246 171 217
leaf_count=2235 3071 1456 601 1007 1968 194 162 253 933 630 339 244 371 220 269 4109 196 165 445 207 821 162 263 1023 166 164 308 246 171 217
internal_value=-0.000696829 0.0230825 0.0550006 -0.0273268 0.00734395 0.0226308 0.0910892 0.149306 -0.00475067 0.0176494 0.0156287 0.0285538 0.0394987 0.0712692 0.0741766 -0.0427144 -0.0120156 0.0367313 0.0717888 0.0994663 -0.0236427 -0.00158276 0.0341646 0.0510092 0.0596923 0.113501 0.0152726 -0.00422177 0.0340851 0.00568594
internal_weight=22616 11947 3945 10669 8002 4472 1668 415 4325 4278 2080 2277 1147 591 513 6344 3530 2148 1253 652 2245 2130 459 1518 1353 330 1764 1238 417 556
internal_count=22616 11947 3945 10669 8002 4472 1668 415 4325 4278 2080 2277 1147 591 513 6344 3530 2148 1253 652 2245 2130 459 1518 1353 330 1764 1238 417 556
is_linear=0
shrinkage=0.0161


Tree=52
num_leaves=31
num_cat=0
split_feature=171 110 495 24 496 470 189 114 351 496 7 228 521 202 52 214 50 179 366 540 325 442 290 332 195 181 64 113 429 468
split_gain=54201 25198.2 16298.2 12773 12751.1 11005.7 10006.3 9652.25 7032.06 7005.62 8487.87 6422.17 5685.62 5598.68 6007.61 5437.25 5130.34 4764.32 6171.41 10011.1 4015.61 3864.4 4041.15 3850.25 3739.57 3738.79 3630.14 3619.91 3802.55 3505.88
threshold=6.5000000000000009 16.500000000000004 66.500000000000014 16.500000000000004 214.50000000000003 16.500000000000004 16.500000000000004 29.500000000000004 24.500000000000004 262.50000000000006 10.500000000000002 16.500000000000004 193.50000000000003 8.0000000000000018 29.500000000000004 5.5000000000000009 6.5000000000000009 8.0000000000000018 8.0000000000000018 238.25000000000003 10.500000000000002 5.5000000000000009 8.0000000000000018 8.0000000000000018 8.0000000000000018 8.0000000000000018 16.500000000000004 10.500000000000002 10.500000000000002 24.500000000000004
decision_type=2 2 2 2 2 2 2 2 2 2 2 2 2 2 2 2 2 2 2 8 2 2 2 2 2 2 2 2 2 2
left_child=2 4 16 13 11 -5 12 8 -7 15 -11 20 -6 27 24 -4 -1 26 -19 -20 -2 -13 -23 -24 -15 -10 -17 -3 -29 -26
right_child=1 3 9 5 6 7 -8 -9 25 10 -12 21 -14 14 -16 17 -18 18 19 -21 -22 22 23 -25 29 -27 -28 28 -30 -31
leaf_value=-0.055999001954406012 -0.021053714728567995 -0.019327409435518316 -0.031054615002782553 0.033194016628507052 0.088507693164054435 0.06084108270634199 0.15084652138954927 0.21559526733923198 0.20736283944752781 -0.0073001818916213117 0.14418353764820049 -0.017636865944958346 -0.0094501809681079036 0.010479902107967742 0.13309973344728815 -0.029858580093270772 -0.026034122413150874 -0.012635906876020521 0.023797090020339272 0.16045480264724149 0.0081645830317152134 0.0050357554749352485 0.027535367562714481 0.11005475742202386 0.040670782806524954 0.10446953380213159 0.029967514955306335 -0.00074767551138434356 0.08373434229312253 0.12917332993525404
leaf_weight=3497 3193 650 1858 631 256 599 245 210 165 210 176 327 383 563 212 1122 2576 604 590 182 1971 377 270 323 348 209 343 312 247 175
leaf_count=3497 3193 650 1858 631 256 599 245 210 165 210 176 327 383 563 212 1122 2576 604 590 182 1971 377 270 323 348 209 343 312 247 175
internal_value=-0.000117063 0.0241461 -0.025487 0.0549966 0.00599379 0.0875454 0.0633438 0.116516 0.0951078 -0.00421714 0.0617091 -0.00184926 0.0297575 0.0314358 0.0546585 -0.00963768 -0.0432926 0.00436061 0.0258801 0.0560448 -0.00989709 0.030175 0.0463173 0.0725224 0.0393241 0.149927 -0.0158354 0.00648405 0.0365395 0.0703294
internal_weight=22824 11666 11158 4321 7345 1814 884 1183 973 5085 386 6461 639 2507 1298 4699 6073 2841 1376 772 5164 1297 970 593 1086 374 1465 1209 559 523
internal_count=22824 11666 11158 4321 7345 1814 884 1183 973 5085 386 6461 639 2507 1298 4699 6073 2841 1376 772 5164 1297 970 593 1086 374 1465 1209 559 523
is_linear=0
shrinkage=0.0161


Tree=53
num_leaves=31
num_cat=0
split_feature=410 263 495 471 470 491 469 205 545 49 239 169 151 540 406 500 534 405 307 2 24 501 145 144 498 266 232 456 196 347
split_gain=50922.5 18975 18378.9 10639.3 15542.3 8397.17 8089.65 7320.28 7230.54 6794.05 5971.92 5610.16 5579.63 5271.64 5142.1 5101.77 5083.03 4809.29 4683.76 4324.86 4296.25 4039.17 4004.33 3835.64 3661.33 3492.37 3457 3362.69 3345.41 3280.73
threshold=10.500000000000002 13.500000000000002 63.500000000000007 29.500000000000004 52.000000000000007 283.50000000000006 20.000000000000004 16.500000000000004 231.15000152587893 24.500000000000004 5.5000000000000009 6.5000000000000009 6.5000000000000009 123.45000076293947 20.000000000000004 101.50000000000001 27.500000000000004 52.000000000000007 10.500000000000002 29.500000000000004 10.500000000000002 205.50000000000003 5.5000000000000009 4.5000000000000009 94.500000000000014 20.000000000000004 6.5000000000000009 20.000000000000004 8.0000000000000018 20.000000000000004
decision_type=2 2 2 2 2 2 2 2 10 2 2 2 2 10 2 2 2 2 2 2 2 2 2 2 2 2 2 2 2 2
left_child=2 5 11 8 9 7 10 17 15 -5 20 23 -8 -14 27 16 -3 22 -12 -20 21 -4 29 -1 -22 -25 -13 -9 -17 -2
right_child=1 3 6 4 -6 -7 12 14 -10 -11 18 26 13 -15 -16 28 -18 -19 19 -21 24 -23 -24 25 -26 -27 -28 -29 -30 -31
leaf_value=-0.063434729258550218 -0.034907506631175603 0.020495952301125685 -0.055645845398651229 0.031118389866820768 0.24317787170120914 0.12383095853344753 -0.0031496343727041212 0.0076807091648507693 0.14727413100574066 0.15014367332198447 -0.0099822733308686604 -0.033555835153505763 0.0098278286720880348 0.12245113739152731 0.11286598035810309 -0.017273554548324237 0.081909102698703107 0.081801833981471186 0.014825366889291491 0.088618522786905005 0.057889188540884498 0.024038122779608654 0.0084810103031972475 -0.040964241253697908 -0.019671691707497749 0.02111555988213033 0.004104793933685018 0.086022482149831853 0.038889927545018965 0.023151522566209136
leaf_weight=2240 1448 580 1229 369 181 164 334 615 167 188 2250 1630 167 306 226 533 883 165 1357 243 219 190 2014 2036 564 265 1030 185 567 305
leaf_count=2240 1448 580 1229 369 181 164 334 615 167 188 2250 1630 167 306 226 533 883 165 1357 243 219 190 2014 2036 564 265 1030 185 567 305
internal_value=-0.000710957 0.0301726 -0.019581 0.0592545 0.113512 0.0104773 -0.000716791 0.00672304 0.0445784 0.0713344 -0.00710498 -0.0375461 0.0471615 0.0827375 0.045022 0.0378778 0.0575782 -0.00326454 0.00498499 0.0260474 -0.0282539 -0.0449598 -0.00699682 -0.0484258 0.00199152 -0.0338044 -0.0189641 0.0258267 0.0116548 -0.0247925
internal_weight=22650 8590 14060 3468 738 5122 6859 4958 2730 557 6052 7201 807 473 1026 2563 1463 3932 3850 1600 2202 1419 3767 4541 783 2301 2660 800 1100 1753
internal_count=22650 8590 14060 3468 738 5122 6859 4958 2730 557 6052 7201 807 473 1026 2563 1463 3932 3850 1600 2202 1419 3767 4541 783 2301 2660 800 1100 1753
is_linear=0
shrinkage=0.0161


Tree=54
num_leaves=31
num_cat=0
split_feature=111 169 503 52 358 228 554 267 244 202 317 541 476 245 353 85 111 171 204 380 307 470 592 551 291 521 483 277 409 433
split_gain=57241.3 24229.7 14207.4 12752.7 10753.8 9456.29 6584.86 6343.73 6285.8 6148.46 5591.86 6251.5 5567.57 5562.39 5281.84 4851.59 4590.05 4512.27 4118.44 4607.11 3959.84 3893.75 3608.89 4373.93 4057.75 3542.35 3802.73 3438.86 3325.62 3168.52
threshold=8.0000000000000018 8.0000000000000018 44.500000000000007 8.0000000000000018 52.000000000000007 20.000000000000004 228.75000000000003 16.500000000000004 20.000000000000004 13.500000000000002 10.500000000000002 174.34999847412112 43.500000000000007 20.000000000000004 6.5000000000000009 5.5000000000000009 4.5000000000000009 10.500000000000002 6.5000000000000009 20.000000000000004 8.0000000000000018 16.500000000000004 92.149997711181655 207.44999694824222 20.000000000000004 111.50000000000001 64.500000000000014 5.5000000000000009 4.5000000000000009 10.500000000000002
decision_type=2 2 2 2 2 2 10 2 2 2 2 10 2 2 2 2 2 2 2 2 2 2 8 10 2 2 2 2 2 2
left_child=2 4 28 13 6 12 15 17 16 -9 -10 -12 18 -3 -15 -2 -4 -7 19 -5 -18 27 24 -24 -20 26 -19 -17 -1 -29
right_child=1 3 8 5 -6 7 -8 9 10 -11 11 -13 -14 14 -16 21 20 25 22 -21 -22 -23 23 -25 -26 -27 -28 29 -30 -31
leaf_value=-0.060570597340343056 -0.03273468888411088 -0.00069079122047311281 -0.031306062353679026 -0.010147233198227867 0.12289500387726102 0.012017384363857605 0.085870100818021447 0.079119798495626587 -0.0073639465981027476 0.20425820355275823 0.02515321067985956 0.14664536068003045 0.13429943345670151 0.006493081870055646 0.13285542583306542 -0.039171396570159063 -0.019979875792884082 0.084625463228100772 0.054754882087952053 0.083829932583709479 0.018468493537172011 0.023927402492971178 0.026955758149635776 0.11243786537728197 0.14948949949665818 0.054387889737662641 0.18716576648154784 -0.017610265097048074 -0.03425131765151207 0.034782264177516592
leaf_weight=2177 1432 1470 2811 618 179 220 202 177 614 242 334 164 177 168 176 737 1498 222 304 173 1294 1338 1031 183 192 301 164 697 2922 524
leaf_count=2177 1432 1470 2811 618 179 220 202 177 614 242 334 164 177 168 176 737 1498 222 304 173 1294 1338 1031 183 192 301 164 697 2922 524
internal_value=-0.000663723 0.025895 -0.0252304 0.0483612 0.00030632 0.0644067 -0.00413989 0.0995845 -0.00984064 0.151452 0.0251165 0.0652099 0.0469797 0.0129316 0.071212 -0.00799048 -0.0167826 0.0755978 0.0407906 0.0103768 -0.00215189 0.0027529 0.0548454 0.0398608 0.0914738 0.0959241 0.128253 -0.0117047 -0.0454929 0.00485505
internal_weight=22741 10927 11814 5818 5109 4004 4930 1326 6715 419 1112 498 2678 1814 344 4728 5603 907 2501 791 2792 3296 1710 1214 496 687 386 1958 5099 1221
internal_count=22741 10927 11814 5818 5109 4004 4930 1326 6715 419 1112 498 2678 1814 344 4728 5603 907 2501 791 2792 3296 1710 1214 496 687 386 1958 5099 1221
is_linear=0
shrinkage=0.0161


Tree=55
num_leaves=31
num_cat=0
split_feature=171 469 511 471 56 444 496 247 480 535 169 246 39 483 412 478 215 262 225 408 13 492 27 535 82 106 215 410 383 515
split_gain=50139.1 21606.2 17537.3 11326 10270 7331.7 7679.43 6547.73 6647.46 9570.82 5995.48 5979.74 5596.16 6064.08 5459.44 6076.84 5063.03 5058.59 4948.72 4721.09 5083.65 4504.95 4923.49 4473.87 3758.92 3742.11 3712.89 3649.3 3653.74 3528.83
threshold=8.0000000000000018 16.500000000000004 83.500000000000014 24.500000000000004 29.500000000000004 6.5000000000000009 248.50000000000003 20.000000000000004 99.500000000000014 126.50000000000001 4.5000000000000009 8.0000000000000018 20.000000000000004 102.50000000000001 6.5000000000000009 13.500000000000002 16.500000000000004 4.5000000000000009 13.500000000000002 13.500000000000002 10.500000000000002 28.500000000000004 24.500000000000004 62.500000000000007 20.000000000000004 8.0000000000000018 24.500000000000004 4.5000000000000009 29.500000000000004 150.50000000000003
decision_type=2 2 2 2 2 2 2 2 2 2 2 2 2 2 2 2 2 2 2 2 2 2 2 2 2 2 2 2 2 2
left_child=2 7 10 17 16 -4 12 14 -9 -10 -1 -8 24 -14 -2 -16 23 -3 26 -20 -21 -17 -23 -5 -7 -11 -19 -12 -29 -26
right_child=1 3 5 4 -6 6 11 8 9 25 27 -13 13 -15 15 21 -18 18 19 20 -22 22 -24 -25 29 -27 -28 28 -30 -31
leaf_value=-0.054042315498372788 -0.021084495904160994 -0.015271695957551569 -0.02020238061744737 0.10483820683284635 0.21320344222821636 -0.015810317145807887 0.01617731440299364 0.0033778604660084726 0.18709624859670243 0.098315898528220189 -0.044052002947653476 0.14379785647119561 0.13642824378513418 0.019225349657693531 -0.0023418459538535183 -0.018859448039513484 0.13677836523604037 0.021326654593427571 0.031552268816846273 0.1731185930484174 0.063501756347548913 0.039926405167991341 0.13084941392703039 0.014540852900382395 0.086355562029651695 -0.0025305097425772907 0.094006151831553295 -0.018632837955505091 0.058138592532860189 -0.011749873438192152
leaf_weight=3201 1869 369 2364 247 181 1598 177 524 163 165 1665 207 160 404 2145 232 274 1239 277 213 228 672 201 337 203 225 214 2635 171 178
leaf_count=3201 1869 369 2364 247 181 1598 177 524 163 165 1665 207 160 404 2145 232 274 1239 277 213 228 672 201 337 203 225 214 2635 171 178
internal_value=-0.000902016 0.0266286 -0.0216638 0.0581239 0.102919 0.000881502 0.017918 0.00843208 0.0445153 0.0834529 -0.0372153 0.0850341 0.00777404 0.0525161 0.000835833 0.013449 0.0796266 0.039791 0.0491607 0.08376 0.116499 0.044123 0.0608875 0.052772 -0.00496523 0.0400749 0.0320472 -0.0251627 -0.0139459 0.0404598
internal_weight=22738 9775 12963 3579 1039 5291 2927 6196 1077 553 7672 384 2543 564 5119 3250 858 2540 2171 718 441 1105 873 584 1979 390 1453 4471 2806 381
internal_count=22738 9775 12963 3579 1039 5291 2927 6196 1077 553 7672 384 2543 564 5119 3250 858 2540 2171 718 441 1105 873 584 1979 390 1453 4471 2806 381
is_linear=0
shrinkage=0.0161


Tree=56
num_leaves=31
num_cat=0
split_feature=229 492 172 382 171 232 163 248 418 263 411 11 239 46 107 271 306 114 162 507 411 38 412 431 363 288 483 468 578 369
split_gain=48915.9 20655.5 19794 12739.2 11754.4 9152.77 8552.31 6602.81 6192.13 5971.56 5763.14 5273.46 4946.87 4899.57 4603.15 4910.94 4340.38 4037.12 4892.61 3871.26 3813.13 3660.3 4185.12 4061.15 3641.71 3995.76 3543.73 3536.49 3314.01 3163.62
threshold=13.500000000000002 32.500000000000007 8.0000000000000018 29.500000000000004 10.500000000000002 24.500000000000004 13.500000000000002 24.500000000000004 20.000000000000004 8.0000000000000018 6.5000000000000009 13.500000000000002 6.5000000000000009 20.000000000000004 10.500000000000002 16.500000000000004 43.500000000000007 6.5000000000000009 16.500000000000004 95.500000000000014 10.500000000000002 13.500000000000002 13.500000000000002 10.500000000000002 6.5000000000000009 24.500000000000004 14.500000000000002 4.5000000000000009 151.55000305175784 3.5000000000000004
decision_type=2 2 2 2 2 2 2 2 2 2 2 2 2 2 2 2 2 2 2 2 2 2 2 2 2 2 2 2 8 2
left_child=1 10 14 9 12 13 8 17 29 24 -1 -10 -3 28 -2 -16 -14 -8 -19 -17 -11 22 -22 -24 -4 -26 -12 -28 -5 -6
right_child=2 4 3 5 6 -7 7 -9 11 20 26 -13 16 -15 15 19 -18 18 -20 -21 21 -23 23 -25 25 -27 27 -29 -30 -31
leaf_value=-0.052114079370071453 -0.013044313429461354 -0.026389666291009122 -0.015147669567797199 0.10301778234657749 -0.05469472643889723 0.21503599872582549 -0.0049927291557809424 0.1484276271652484 0.015056023090079787 0.030833443248293627 -0.039521249786565529 0.12388069184729612 -0.0041569600573310985 0.15939015288213357 0.0095035734380603133 0.022080091610640867 0.06943148884454102 0.025320266136104098 0.11725519115602065 0.12989837158353507 0.06127833853266243 0.053127954133363547 0.09776076713484956 0.20719089337709673 0.019911592472168681 0.11294031005824189 -0.039755910123132017 0.018772387604661302 -0.00045995125120191279 0.0020210755261897057
leaf_weight=3434 1427 3541 449 160 303 212 306 184 298 475 1172 189 3467 165 914 160 221 335 273 189 249 500 195 162 439 165 397 821 160 1603
leaf_count=3434 1427 3541 449 160 303 212 306 184 298 475 1172 189 3467 165 914 160 221 335 273 189 249 500 195 162 439 165 397 821 160 1603
internal_value=-4.05114e-05 -0.0143419 0.0392518 0.0654856 -0.00107987 0.126714 0.0231779 0.060382 0.00609735 0.0492745 -0.0387488 0.0573382 -0.0127976 0.088059 0.00675806 0.0291504 0.000246378 0.0426315 0.066639 0.0805362 0.0690643 0.0854622 0.112102 0.147484 0.0195394 0.045364 -0.0195355 -0.000285246 0.0512054 -0.00698278
internal_weight=22565 16544 6021 3331 10720 697 3491 1098 2393 2634 5824 487 7229 485 2690 1263 3688 914 608 349 1581 1106 606 357 1053 604 2390 1218 320 1906
internal_count=22565 16544 6021 3331 10720 697 3491 1098 2393 2634 5824 487 7229 485 2690 1263 3688 914 608 349 1581 1106 606 357 1053 604 2390 1218 320 1906
is_linear=0
shrinkage=0.0161


Tree=57
num_leaves=31
num_cat=0
split_feature=290 348 503 291 172 540 469 409 417 541 218 7 395 109 146 48 475 333 143 292 87 352 130 422 169 478 111 8 271 409
split_gain=48546.7 18362.5 14465.2 11629.9 11144.6 8866.43 7620.85 7308.82 6656.31 5991 5707.98 5180.23 5065.41 4943.07 4236.31 6125.86 4518.56 4484.28 4180.3 5492.11 4158.02 3997.24 4505.19 4138.36 4059.51 3981.59 3898.31 4684.1 3826.33 3608.73
threshold=8.0000000000000018 24.500000000000004 36.500000000000007 16.500000000000004 13.500000000000002 235.84999847412112 61.500000000000007 29.500000000000004 43.500000000000007 244.44999694824222 6.5000000000000009 16.500000000000004 4.5000000000000009 2.5000000000000004 8.0000000000000018 29.500000000000004 8.0000000000000018 5.5000000000000009 20.000000000000004 8.0000000000000018 16.500000000000004 52.000000000000007 6.5000000000000009 5.5000000000000009 6.5000000000000009 29.500000000000004 8.0000000000000018 35.500000000000007 16.500000000000004 4.5000000000000009
decision_type=2 2 2 2 2 10 2 2 2 10 2 2 2 2 2 2 2 2 2 2 2 2 2 2 2 2 2 2 2 2
left_child=2 4 29 28 5 13 8 11 12 10 18 -5 -6 -2 25 16 -16 -18 -4 -20 -9 22 -14 -24 -25 -12 -15 -28 -3 -1
right_child=1 3 9 7 6 -7 -8 20 -10 -11 14 -13 21 26 15 -17 17 -19 19 -21 -22 -23 23 24 -26 -27 27 -29 -30 -31
leaf_value=-0.056466035389466623 -0.050299762731575819 0.019343002062873101 -0.029332530605217819 0.033805949913130039 -0.015237148906360267 0.10693254804220916 0.14605500952344944 0.1179980115835913 0.13009864671371091 0.075814706198173931 -0.019037439799204615 0.14612418122368503 0.014886083862330054 -0.015367713290871821 -0.017413436326463638 0.11494238796817684 0.092662878423171099 0.013797973228609962 -0.023530818811351606 0.092874498261845018 0.22450664782112789 -0.031718975893908888 0.12052240362919525 -0.0017374012888864659 0.076340576160839335 0.054041050322174697 0.0090722631010758063 0.087993223926275441 0.083423785587657381 -0.029231805813625694
leaf_weight=2281 502 858 3256 309 543 200 171 207 178 223 1758 163 651 1788 691 171 267 626 258 177 178 179 291 265 492 217 2440 212 337 2834
leaf_count=2281 502 858 3256 309 543 200 171 207 178 223 1758 163 651 1788 691 171 267 626 258 177 178 179 291 265 492 217 2440 212 337 2834
internal_value=0.000370959 0.0270015 -0.0204241 0.069922 0.015867 0.0018377 0.0419015 0.115196 0.0350397 -0.00639737 -0.00887101 0.0726437 0.0280409 -0.00241067 0.00516987 0.0233758 0.0134759 0.0374043 -0.0230666 0.02378 0.167302 0.0405667 0.0481963 0.0688656 0.048977 -0.0109961 0.00299852 0.0153901 0.037434 -0.0413813
internal_weight=22723 9964 12759 2052 7912 5142 2770 857 2599 7644 7421 472 2421 4942 3730 1755 1584 893 3691 435 385 1878 1699 1048 757 1975 4440 2652 1195 5115
internal_count=22723 9964 12759 2052 7912 5142 2770 857 2599 7644 7421 472 2421 4942 3730 1755 1584 893 3691 435 385 1878 1699 1048 757 1975 4440 2652 1195 5115
is_linear=0
shrinkage=0.0161


Tree=58
num_leaves=31
num_cat=0
split_feature=231 504 110 263 156 203 408 298 392 547 458 491 349 409 123 421 44 204 584 535 12 179 172 591 281 144 406 111 399 591
split_gain=46906.7 18778.6 17416.7 10846.9 9887.16 8679.99 8375.09 7084.85 7078.23 6162.16 9032.46 5510.21 5494.06 5392.76 5175.69 4901.01 4869.98 4638.05 4499.61 4442.62 5138.43 4159.53 4051.33 4008.84 4445.27 4004.12 3912.29 3446.1 3547.48 3120.66
threshold=10.500000000000002 37.500000000000007 16.500000000000004 16.500000000000004 13.500000000000002 10.500000000000002 24.500000000000004 29.500000000000004 13.500000000000002 196.25000000000003 8.0000000000000018 230.50000000000003 8.0000000000000018 13.500000000000002 52.000000000000007 5.5000000000000009 13.500000000000002 20.000000000000004 203.05000305175784 99.500000000000014 8.0000000000000018 5.5000000000000009 10.500000000000002 159.44999694824222 8.0000000000000018 4.5000000000000009 43.500000000000007 13.500000000000002 4.5000000000000009 81.350002288818374
decision_type=2 2 2 2 2 2 2 2 2 10 2 2 2 2 2 2 2 2 10 2 2 2 2 8 2 2 2 2 2 8
left_child=1 12 7 13 19 11 -6 14 -9 16 -11 21 -1 -4 25 -13 -7 27 -17 20 -5 29 23 24 -18 -2 -23 -15 -29 -3
right_child=2 5 3 4 6 9 -8 8 -10 10 -12 15 -14 17 -16 18 22 -19 -20 -21 -22 26 -24 -25 -26 -27 -28 28 -30 -31
leaf_value=-0.049284388184215662 -0.029596025919817342 0.032068897098593743 -0.0019606651783367541 0.038457555913181223 0.10193895999368369 -0.0077159713355746179 0.23825114621800972 0.13550960500976589 0.0091970384548456258 -0.009645202236944761 0.13382533546762412 -0.039476629287163979 -0.01531654402097639 -0.0073317137449342628 0.092494389548187797 0.1108966775022331 -0.0072389089882614254 0.12587563294590501 0.0022695334662476579 0.018980981443766136 0.14740562867950913 -0.011087360013247905 0.087310959999557569 -0.029437285484684651 0.10895565921606166 0.0096549686116261108 0.061946702248086079 0.12452240062708442 0.039680322167734663 -0.0398995518996045
leaf_weight=4230 874 168 642 217 317 1518 186 226 235 195 272 165 1746 271 166 232 165 204 173 358 234 3216 304 281 176 2939 202 169 530 2157
leaf_count=4230 874 168 642 217 317 1518 186 226 235 195 272 165 1746 271 166 232 165 204 173 358 234 3216 304 281 176 2939 202 169 530 2157
internal_value=-0.00082398 -0.0171311 0.031925 0.0610257 0.0963086 -0.00272438 0.152391 0.0114182 0.0711714 0.0202721 0.0738675 -0.0133321 -0.039364 0.0355219 0.00448934 0.0343983 0.0100215 0.0560393 0.0645536 0.0614097 0.0950371 -0.0180735 0.0391241 0.0155351 0.0526635 0.000651846 -0.00676424 0.0413278 0.0602266 -0.0346891
internal_weight=22768 15200 7568 3128 1312 9224 503 4440 461 2911 467 6313 5976 1816 3979 570 2444 1174 405 809 451 5743 926 622 341 3813 3418 970 699 2325
internal_count=22768 15200 7568 3128 1312 9224 503 4440 461 2911 467 6313 5976 1816 3979 570 2444 1174 405 809 451 5743 926 622 341 3813 3418 970 699 2325
is_linear=0
shrinkage=0.0161


Tree=59
num_leaves=31
num_cat=0
split_feature=290 172 289 503 492 442 427 60 589 187 418 235 503 580 408 121 204 111 228 249 52 15 204 332 49 560 365 484 404 219
split_gain=45828.4 22819.4 14836.7 11485.8 8775.8 7608.63 5784.26 5959.25 8128.18 9995.19 5715.95 5617.25 5660.27 5780.97 5382.72 7712.86 5079.84 4990.48 4753.58 6850.75 4672.89 4164.52 3946.8 3911.58 3843.12 4519.09 3838.53 3780.58 3379.76 4231.9
threshold=5.5000000000000009 8.0000000000000018 16.500000000000004 57.500000000000007 47.500000000000007 13.500000000000002 8.0000000000000018 16.500000000000004 117.14999771118165 13.500000000000002 43.500000000000007 13.500000000000002 176.50000000000003 166.15000152587893 35.500000000000007 8.0000000000000018 20.000000000000004 13.500000000000002 16.500000000000004 20.000000000000004 16.500000000000004 10.500000000000002 8.0000000000000018 35.500000000000007 5.5000000000000009 280.05000305175787 16.500000000000004 104.50000000000001 20.000000000000004 13.500000000000002
decision_type=2 2 2 2 2 2 2 2 10 2 2 2 2 10 2 2 2 2 2 2 2 2 2 2 2 8 2 2 2 2
left_child=3 4 10 -1 -2 16 24 17 -9 -10 18 23 22 -14 20 -16 26 -8 -3 -20 -7 -22 -13 28 -6 -26 -4 -19 -5 -30
right_child=1 2 5 11 6 14 7 8 9 -11 -12 12 13 -15 15 -17 -18 27 19 -21 21 -23 -24 -25 25 -27 -28 -29 29 -31
leaf_value=-0.045336385741106808 -0.025518121620239708 0.0076516665619244415 0.0037715388084765232 -0.033049823986616399 -0.041623620834682115 0.034171949838888549 -0.0063848582612283057 -0.0043539172996376121 0.035853747564751105 0.19800277822079443 0.090167884544153851 -0.029878733157865555 0.14460741121629397 0.0098585860841950961 0.22667744359933251 0.084268706241115626 0.10147937926588316 0.11925440972049417 0.028036473811775622 0.14384642671994649 0.05957377621149984 0.14854191731375604 0.045464939996440891 0.048235573685594064 -0.006602347642141254 0.064146295023277053 0.07757887746801298 0.024403494593782063 -0.01885270235910922 0.080052505817013439
leaf_weight=4697 2584 3293 704 2314 592 413 1040 225 198 197 292 476 168 163 173 231 276 163 692 164 263 286 290 204 1247 288 247 331 354 164
leaf_count=4697 2584 3293 704 2314 592 413 1040 225 198 197 292 476 168 163 173 231 276 163 692 164 263 286 290 204 1247 288 247 331 354 164
internal_value=0.000570631 0.0187935 0.0391737 -0.0281106 -0.00208503 0.0697784 0.0120536 0.0306524 0.0727838 0.116783 0.0212989 -0.00852851 0.0226865 0.0783218 0.0959292 0.145309 0.0406459 0.0136087 0.0164464 0.0502519 0.0751673 0.105964 -0.00132364 -0.0198152 -0.00677018 0.00665633 0.022966 0.0557481 -0.0247255 0.0124155
internal_weight=22729 13899 7034 8830 6865 2593 4281 2154 620 395 4441 4133 1097 331 1366 404 1227 1534 4149 856 962 549 766 3036 2127 1535 951 494 2832 518
internal_count=22729 13899 7034 8830 6865 2593 4281 2154 620 395 4441 4133 1097 331 1366 404 1227 1534 4149 856 962 549 766 3036 2127 1535 951 494 2832 518
is_linear=0
shrinkage=0.0161


Tree=60
num_leaves=31
num_cat=0
split_feature=110 491 203 111 412 6 290 541 8 112 110 170 36 426 169 348 49 532 79 270 359 132 146 251 232 456 408 23 563 278
split_gain=45913.1 21218.7 20252.5 11020.1 9332.41 8769.43 8961.19 9408.94 7338.11 6923.57 6913.52 6000.11 5712.63 4570.15 4212.65 3935.58 3843.45 3904.26 3728.59 3627.37 3405.7 4829.22 3388.99 3722.89 3324.56 4917.45 3244.27 3110.39 3723.14 3865.17
threshold=16.500000000000004 41.500000000000007 8.0000000000000018 20.000000000000004 13.500000000000002 24.500000000000004 4.5000000000000009 207.44999694824222 29.500000000000004 6.5000000000000009 43.500000000000007 6.5000000000000009 24.500000000000004 24.500000000000004 8.0000000000000018 5.5000000000000009 35.500000000000007 99.500000000000014 13.500000000000002 8.0000000000000018 13.500000000000002 13.500000000000002 6.5000000000000009 29.500000000000004 10.500000000000002 8.0000000000000018 16.500000000000004 3.5000000000000004 140.05000305175784 13.500000000000002
decision_type=2 2 2 2 2 2 2 10 2 2 2 2 2 2 2 2 2 2 2 2 2 2 2 2 2 2 2 2 8 2
left_child=1 11 14 8 -5 9 -7 12 24 19 16 -1 18 22 -2 -15 17 -6 -8 -3 -21 -22 -11 -24 -4 -26 -27 -16 -29 -30
right_child=2 5 3 4 10 6 7 -9 -10 13 -12 -13 -14 15 27 -17 -18 -19 -20 20 21 -23 23 -25 25 26 -28 28 29 -31
leaf_value=-0.046166871862681889 -0.021580324138529564 -0.034700299254208623 0.0091716704564101248 0.048686071405709463 0.11925050973506907 -0.025835045702041141 -0.0080790721197552626 0.16954128406113317 0.1226902960007151 -0.015277116420503866 0.20110037865011451 -0.013124086885631339 0.1125094215092115 0.10359309961488733 -0.028169674532700271 0.017958559834489095 0.1672643272848133 0.018829045069626533 0.066585333757793463 -0.02005419877165078 -0.0036537860072623192 0.096275527710117867 0.0068830440133843696 0.07134526933941554 0.0071047390545790415 0.048684505245660072 0.14385874832217305 0.0029246284129516315 0.030757384312526021 0.11728625502340992
leaf_weight=4680 1024 2275 1022 579 227 444 480 171 240 1808 264 2051 218 217 267 390 164 181 271 1105 392 184 2120 261 305 195 179 558 385 206
leaf_count=4680 1024 2275 1022 579 227 444 480 171 240 1808 264 2051 218 217 267 390 164 181 271 1105 392 184 2120 261 305 195 179 558 385 206
internal_value=-0.000559518 -0.0138563 0.0385903 0.0642524 0.0984333 0.000628201 0.035489 0.0593937 0.0393222 -0.00567846 0.132859 -0.0361019 0.0399316 0.00732334 0.00328482 0.0486113 0.101322 0.0747585 0.0188324 -0.021447 -0.00349642 0.0282272 0.00133496 0.0139591 0.0275457 0.0551667 0.0942987 0.021283 0.0327951 0.0609579
internal_weight=22863 17067 5796 3356 1415 10336 1584 1140 1941 8752 836 6731 969 4796 2440 607 572 408 751 3956 1681 576 4189 2381 1701 679 374 1416 1149 591
internal_count=22863 17067 5796 3356 1415 10336 1584 1140 1941 8752 836 6731 969 4796 2440 607 572 408 751 3956 1681 576 4189 2381 1701 679 374 1416 1149 591
is_linear=0
shrinkage=0.0161


Tree=61
num_leaves=31
num_cat=0
split_feature=410 144 495 53 426 230 302 107 321 172 449 563 389 261 128 460 261 416 591 379 110 478 599 244 385 461 232 526 276 27
split_gain=41669.6 19775.6 17825.2 13054.3 9136.41 8685.45 7690.25 6960.35 6903.59 6731.68 5713.52 5494.83 5431.23 5398.13 5323.98 7266.49 6006.83 5116.44 5336.7 9320.52 5100.55 4497.34 5164.76 3860.37 3736.8 3642.99 3507.09 3965.82 3061.57 3149.35
threshold=10.500000000000002 6.5000000000000009 61.500000000000007 20.000000000000004 29.500000000000004 13.500000000000002 20.000000000000004 16.500000000000004 6.5000000000000009 10.500000000000002 10.500000000000002 218.75000000000003 10.500000000000002 3.5000000000000004 5.5000000000000009 10.500000000000002 8.0000000000000018 6.5000000000000009 224.44999694824222 13.500000000000002 10.500000000000002 8.0000000000000018 207.44999694824222 24.500000000000004 3.5000000000000004 16.500000000000004 6.5000000000000009 106.50000000000001 4.5000000000000009 24.500000000000004
decision_type=2 2 2 2 2 2 2 2 2 2 2 10 2 2 2 2 2 2 8 2 2 2 10 2 2 2 2 2 2 2
left_child=2 11 20 4 21 -5 8 -6 -7 13 25 24 -10 -4 -12 16 -16 -15 23 -20 -1 28 26 -19 -2 -11 -23 -28 -3 -30
right_child=1 3 9 5 7 6 -8 -9 12 10 14 -13 -14 17 15 -17 -18 18 19 -21 -22 22 -24 -25 -26 -27 27 -29 29 -31
leaf_value=-0.04180808145966064 -0.043493206277712325 -0.032761775101902348 -0.043712603745283421 0.033403428056855249 0.050506256058310994 0.067671845695977645 0.03669260179176731 0.17399698363967331 0.12115293471673692 -0.013366714453301084 0.0028202554978356432 0.081877430565496026 0.22420951205539805 -0.02152825066762552 0.065065353686687935 0.024261843330362725 0.20378576017578351 -0.0094960606816002196 0.0085731680330973659 0.14492858130403663 -0.0090540071563050984 -1.2433013767597559e-05 0.12606506595482819 0.059690896546752303 0.00025468215836188925 0.048283716571789641 0.07469187431729557 0.0086532949371686835 0.0055456838999692268 0.078527076166274343
leaf_weight=5485 652 455 936 541 337 247 258 183 277 953 333 181 257 1713 161 291 164 1391 356 205 1592 596 163 246 2257 336 614 384 1073 179
leaf_count=5485 652 455 936 541 337 247 258 183 277 953 333 181 257 1713 161 291 164 1391 356 205 1592 596 163 246 2257 336 614 384 1073 179
internal_value=0.000637032 0.0284717 -0.0163703 0.0466091 0.0310696 0.0857774 0.113025 0.0940108 0.138212 0.00167899 0.0247771 -0.00417989 0.170795 -0.00898123 0.054759 0.0827981 0.135138 -0.000663123 0.0155873 0.058442 -0.0344432 0.0216144 0.0396974 0.000886624 -0.00954253 0.00268527 0.0308509 0.0493058 0.00298785 0.0159987
internal_weight=22816 8654 14162 5564 3984 1580 1039 520 781 7085 2238 3090 534 4847 949 616 325 3911 2198 561 7077 3464 1757 1637 2909 1289 1594 998 1707 1252
internal_count=22816 8654 14162 5564 3984 1580 1039 520 781 7085 2238 3090 534 4847 949 616 325 3911 2198 561 7077 3464 1757 1637 2909 1289 1594 998 1707 1252
is_linear=0
shrinkage=0.0161


Tree=62
num_leaves=31
num_cat=0
split_feature=409 290 489 203 550 527 232 326 419 471 217 112 378 564 162 410 163 103 468 297 504 226 125 549 585 589 580 24 178 155
split_gain=40692.9 16619.1 16473.3 10725.5 8694.75 10577.5 9077.68 8014.39 7250.3 6930.6 6771.6 5938.82 5620.33 5393.34 4451.2 5542.42 4246.86 4238.55 4199.59 4235.9 4131.53 4008.77 3880.32 4136.73 4148.05 5111.83 3730.61 5388.34 3679.97 3418.17
threshold=10.500000000000002 16.500000000000004 37.500000000000007 4.5000000000000009 231.15000152587893 108.50000000000001 16.500000000000004 4.5000000000000009 24.500000000000004 10.500000000000002 10.500000000000002 5.5000000000000009 4.5000000000000009 224.44999694824222 20.000000000000004 13.500000000000002 20.000000000000004 5.5000000000000009 16.500000000000004 10.500000000000002 235.50000000000003 20.000000000000004 4.5000000000000009 75.750000000000014 138.55000305175784 131.75000000000003 91.649997711181655 20.000000000000004 35.500000000000007 24.500000000000004
decision_type=2 2 2 2 10 2 2 2 2 2 2 2 2 10 2 2 2 2 2 2 2 2 2 8 10 10 10 2 2 2
left_child=2 11 9 -3 5 6 21 20 14 -1 -8 29 -10 22 28 -16 17 -14 -7 -20 -4 -5 -13 -24 25 26 27 -25 -9 -2
right_child=1 3 7 4 -6 18 10 8 12 -11 -12 13 16 -15 15 -17 -18 -19 19 -21 -22 -23 23 24 -26 -27 -28 -29 -30 -31
leaf_value=-0.048417139761108403 -0.021171998514566463 -0.018964457792774305 -0.032161242376845214 0.042416923846794775 0.18307390126176554 -0.0052697618365170314 0.093133027692812523 -0.010105401801425816 0.12364939875902792 -0.0083414258184606564 0.20631439286919226 -0.0098299630786194223 0.068172874038754036 0.10716094033222577 0.0091359184974132614 0.098509916383357099 0.098872781365856463 -0.02118198121339528 0.012602288483800739 0.10282582424479186 0.050797954429116457 0.12382222135418296 -0.024934943114498325 0.041018166200168293 0.0066018704556564944 0.1362469165569821 0.0076246433159642361 0.14291573726675053 0.05491704404856175 0.042978400880994125
leaf_weight=3973 1544 409 2243 749 164 582 324 4006 203 1559 239 892 207 190 695 243 174 410 275 266 167 199 318 587 754 170 495 175 239 250
leaf_count=3973 1544 409 2243 749 164 582 324 4006 203 1559 239 892 207 190 695 243 174 410 275 266 167 199 318 587 754 170 495 175 239 250
internal_value=0.00134402 0.0289934 -0.0154605 0.0580004 0.0692592 0.0621639 0.089984 -0.00149931 0.00821317 -0.0371275 0.141222 0.011682 0.0480437 0.0236625 0.00056991 0.0323144 0.0286107 0.00875792 0.0247109 0.0570071 -0.0264029 0.05953 0.0189771 0.029269 0.037183 0.0533249 0.0420916 0.0644507 -0.00643899 -0.0122193
internal_weight=22701 8582 14119 3207 2798 2634 1511 8587 6177 5532 563 5375 994 3581 5183 938 791 617 1123 541 2410 948 3391 2499 2181 1427 1257 762 4245 1794
internal_count=22701 8582 14119 3207 2798 2634 1511 8587 6177 5532 563 5375 994 3581 5183 938 791 617 1123 541 2410 948 3391 2499 2181 1427 1257 762 4245 1794
is_linear=0
shrinkage=0.0161


Tree=63
num_leaves=31
num_cat=0
split_feature=170 470 489 144 509 504 72 167 468 59 114 491 479 274 539 169 443 348 172 405 212 112 419 106 108 53 445 299 141 191
split_gain=40642.4 17662.2 16229.6 12101.3 6893.63 6691.13 6487.99 6217.22 5648.96 5948.11 5368.55 5187.54 7227.87 5181.64 4948.95 4940.4 4928.75 4809.36 4239.37 4096.95 3909.76 3694.72 4435.41 4747.08 3850.54 3542.23 4055.64 4914.09 3428.3 4832.42
threshold=8.0000000000000018 16.500000000000004 41.500000000000007 24.500000000000004 283.50000000000006 190.50000000000003 29.500000000000004 35.500000000000007 16.500000000000004 29.500000000000004 29.500000000000004 219.50000000000003 8.0000000000000018 6.5000000000000009 107.50000000000001 24.500000000000004 20.000000000000004 10.500000000000002 10.500000000000002 20.000000000000004 8.0000000000000018 4.5000000000000009 20.000000000000004 4.5000000000000009 8.0000000000000018 6.5000000000000009 8.0000000000000018 5.5000000000000009 6.5000000000000009 13.500000000000002
decision_type=2 2 2 2 2 2 2 2 2 2 2 2 2 2 2 2 2 2 2 2 2 2 2 2 2 2 2 2 2 2
left_child=2 4 -1 8 13 7 11 15 20 16 17 18 -13 -2 -9 21 -10 -5 -7 25 -3 -4 -23 -24 -25 -15 -27 -28 -21 -30
right_child=1 3 5 10 -6 6 -8 14 9 -11 -12 12 -14 19 -16 -17 -18 -19 -20 28 -22 22 23 24 -26 26 27 -29 29 -31
leaf_value=-0.040241453314666172 -0.013976310329507673 -0.0041054558496727567 -0.038494044255032514 0.13051623838725204 0.097317718260772082 -0.031345098098483737 0.11130427166308531 -0.0052861475515069501 0.02706590068560262 0.15275503165285909 0.18282420551366188 -0.012270390184652466 0.12528867601686292 -0.016074376809119627 0.11708782160800629 0.045303135762319847 0.10590687822421127 0.045305492318753741 0.040943483004885359 -0.00074530793205015121 0.043064243943720847 -0.018991112614932765 0.10093937158020561 -0.034867649313421789 0.048463081485517534 -0.0075997229333111893 0.10956827167698283 0.021996487829993378 0.11637368500446126 0.0085137884363328357
leaf_weight=5493 2526 985 1745 311 209 632 201 173 763 164 177 183 215 994 169 326 282 386 315 217 846 2905 166 314 265 618 233 582 293 171
leaf_count=5493 2526 985 1745 311 209 632 201 173 763 164 177 183 215 994 169 326 282 386 315 217 846 2905 166 314 265 618 233 582 293 171
internal_value=-0.000624557 0.0242514 -0.0191513 0.0507188 0.00651783 -0.00392312 0.0259708 -0.0115496 0.0355278 0.0625442 0.10353 0.0132008 0.06198 0.00314532 0.0551164 -0.015539 0.0483642 0.0833601 -0.00727494 0.0170683 0.0176761 -0.0192198 -0.00999875 0.0250338 0.00323098 0.00726546 0.0234716 0.0470612 0.0519701 0.0766743
internal_weight=22859 9757 13102 3914 5843 7609 1546 6063 3040 1209 874 1345 398 5634 342 5721 1045 697 947 3108 1831 5395 3650 745 579 2427 1433 815 681 464
internal_count=22859 9757 13102 3914 5843 7609 1546 6063 3040 1209 874 1345 398 5634 342 5721 1045 697 947 3108 1831 5395 3650 745 579 2427 1433 815 681 464
is_linear=0
shrinkage=0.0161


Tree=64
num_leaves=31
num_cat=0
split_feature=170 351 533 202 327 224 491 20 588 298 338 292 145 229 204 407 294 419 443 458 555 178 284 24 49 230 545 532 299 293
split_gain=45661.7 18863.9 15535.7 12973.8 9850.49 7783.17 6133.66 6111.72 6003.33 5454.63 10050.8 5250.79 5220.29 4743.19 5083.15 4197.68 4158.19 4990.19 4106.1 4105.94 5264.33 3811.01 5500.19 3808.3 3626.74 3587.68 4357.18 4704.33 3227.34 3167.22
threshold=8.0000000000000018 10.500000000000002 57.500000000000007 13.500000000000002 20.000000000000004 8.0000000000000018 280.50000000000006 3.5000000000000004 110.25000000000001 24.500000000000004 16.500000000000004 20.000000000000004 6.5000000000000009 16.500000000000004 6.5000000000000009 24.500000000000004 10.500000000000002 24.500000000000004 13.500000000000002 13.500000000000002 119.25000000000001 20.000000000000004 13.500000000000002 16.500000000000004 24.500000000000004 8.0000000000000018 193.75000000000003 184.50000000000003 24.500000000000004 13.500000000000002
decision_type=2 2 2 2 2 2 2 2 8 2 2 2 2 2 2 2 2 2 2 2 10 2 2 2 2 2 8 2 2 2
left_child=2 6 18 12 8 -6 13 -4 11 25 28 24 23 16 -15 29 -2 -18 -1 20 -16 -14 -23 -3 -5 -9 -27 -28 -11 -10
right_child=1 3 7 4 5 -7 -8 9 15 10 -12 -13 21 14 19 -17 17 -19 -20 -21 -22 22 -24 -25 -26 26 27 -29 -30 -31
leaf_value=-0.043885288428747074 -0.022483225562216481 -0.021066098230178795 -0.034510247018705545 0.028870878306588691 0.066794847754525336 0.19662580519263179 0.098627724525029548 -0.008034410318888293 -0.014350628716935558 -0.019449392835844286 0.13871966195445376 0.17466246762379126 0.02933483085763796 -0.01012435015349655 0.037423549426203594 0.091589183510857791 0.00068614934294569934 0.093565623192257405 -0.011716155465401177 0.0037188624065517483 0.14288078772482379 0.13450302997427277 0.013243457128415282 0.059096422781019613 0.12700242219264485 -0.0005577448159622022 0.13484390509928082 0.012327289518325471 0.065348692398271735 0.051511984764850395
leaf_weight=5147 2213 752 1241 239 207 286 172 3791 397 359 214 176 1375 594 310 264 927 179 1288 293 204 241 163 193 166 509 166 160 172 361
leaf_count=5147 2213 752 1241 239 207 286 172 3791 397 359 214 176 1375 594 310 264 927 179 1288 293 204 241 163 193 166 509 166 160 172 361
internal_value=3.30242e-05 0.0264658 -0.0196414 0.0490714 0.0791892 0.14216 0.00418811 -0.00230579 0.0598078 0.00513084 0.0455619 0.101154 0.0258885 0.000741683 0.0255876 0.03628 -0.00973908 0.0157395 -0.0374501 0.051903 0.079324 0.042134 0.0856373 -0.00466938 0.0691508 -0.00137535 0.0288294 0.0747852 0.00797384 0.0169856
internal_weight=22759 9712 13047 4820 2096 493 4892 6612 1603 5371 745 581 2724 4720 1401 1022 3319 1106 6435 807 514 1779 404 945 405 4626 835 326 531 758
internal_count=22759 9712 13047 4820 2096 493 4892 6612 1603 5371 745 581 2724 4720 1401 1022 3319 1106 6435 807 514 1779 404 945 405 4626 835 326 531 758
is_linear=0
shrinkage=0.0161


Tree=65
num_leaves=31
num_cat=0
split_feature=169 290 504 143 351 214 555 111 43 124 51 521 401 420 138 546 445 167 351 116 59 230 365 368 178 472 349 496 264 57
split_gain=42151.4 22570.5 12429.8 9518.7 8819.75 6894.02 6695.86 6329.71 9336.31 6480.21 6222.21 6206.86 5742.3 4963.5 4691.34 7351.77 4488.99 4447.56 4328.97 4285.83 4091.25 3757.55 3590.68 4483.93 3804.52 3469.06 2974.57 2973.33 2832.79 3001.25
threshold=8.0000000000000018 16.500000000000004 38.500000000000007 8.0000000000000018 29.500000000000004 6.5000000000000009 221.94999694824222 20.000000000000004 20.000000000000004 35.500000000000007 6.5000000000000009 121.50000000000001 8.0000000000000018 10.500000000000002 6.5000000000000009 228.75000000000003 3.5000000000000004 24.500000000000004 20.000000000000004 5.5000000000000009 35.500000000000007 4.5000000000000009 13.500000000000002 5.5000000000000009 16.500000000000004 16.500000000000004 20.000000000000004 104.50000000000001 8.0000000000000018 20.000000000000004
decision_type=2 2 2 2 2 2 10 2 2 2 2 2 2 2 2 8 2 2 2 2 2 2 2 2 2 2 2 2 2 2
left_child=2 6 21 17 14 12 10 9 -9 19 -2 -6 -4 -8 27 26 -14 25 -18 -7 28 -1 -21 -24 -25 -3 -16 -5 -12 -30
right_child=1 3 5 4 11 7 13 8 -10 -11 20 -13 16 -15 15 -17 18 -19 -20 22 -22 -23 23 24 -26 -27 -28 -29 29 -31
leaf_value=-0.051930135514378063 -0.014673742407612989 -0.018897844748541087 -0.038825983830769156 0.057410807121462272 0.1848610365168025 -0.03443162638482504 0.017706063931037443 0.019085911081821429 0.15488811077455775 0.074534368751226335 -0.00089841812353229334 0.066777318167070582 -0.056284753886428729 0.13413414864173137 0.02281189064880261 0.15867016416420213 0.00030226661689424395 0.089490276768757079 0.07635950188063724 -0.010465984034015328 0.076431340781700205 -0.024471953461176612 0.10792263223337974 -0.015628644387737003 0.074390536874186647 0.050860771787446857 0.08811824907633721 -0.016828851212256659 0.017060354532829652 0.070207412479101436
leaf_weight=2596 2536 543 2149 330 310 1014 196 536 174 272 1788 185 288 185 337 254 1093 200 236 1225 287 2581 167 384 178 280 393 242 1303 350
leaf_count=2596 2536 543 2149 330 310 1014 196 536 174 272 1788 185 288 185 337 254 1093 200 236 1225 287 2581 167 384 178 280 393 242 1303 350
internal_value=0.000138783 0.0254578 -0.0189454 0.061532 0.0815447 -0.00599308 0.00876619 0.00886232 0.0524002 -0.000671117 0.00477635 0.140776 -0.0215805 0.0743012 0.0626866 0.0840116 0.00132419 0.0213857 0.013826 -0.00757119 0.0180137 -0.0382454 0.00635559 0.0346546 0.0128409 0.00480674 0.0580022 0.0259606 0.0131345 0.0283278
internal_weight=22612 9719 12893 3074 2051 7716 6645 3950 710 3240 6264 495 3766 381 1556 984 1617 1023 1329 2968 3728 5177 1954 729 562 823 730 572 3441 1653
internal_count=22612 9719 12893 3074 2051 7716 6645 3950 710 3240 6264 495 3766 381 1556 984 1617 1023 1329 2968 3728 5177 1954 729 562 823 730 572 3441 1653
is_linear=0
shrinkage=0.0161


Tree=66
num_leaves=31
num_cat=0
split_feature=290 408 486 171 550 52 351 467 441 430 471 473 66 351 140 235 535 484 383 363 282 578 397 550 243 263 169 409 505 432
split_gain=43222.8 20707.4 11333.6 10280.4 11045.3 9395.6 7370.37 7090.5 6344.65 6084.62 5626.59 5249.36 5588.23 7092.89 6086.65 5124.37 4984.92 6473.3 4741.25 4501.74 4866.3 4277.59 4257.8 4471.89 5299.65 3860.03 3377.74 2940.99 2871.76 2843.68
threshold=6.5000000000000009 13.500000000000002 144.50000000000003 8.0000000000000018 224.44999694824222 5.5000000000000009 20.000000000000004 43.500000000000007 35.500000000000007 6.5000000000000009 4.5000000000000009 8.0000000000000018 35.500000000000007 24.500000000000004 6.5000000000000009 43.500000000000007 110.50000000000001 71.500000000000014 24.500000000000004 5.5000000000000009 20.000000000000004 170.05000305175784 20.000000000000004 147.94999694824222 8.0000000000000018 6.5000000000000009 6.5000000000000009 5.5000000000000009 221.50000000000003 10.500000000000002
decision_type=2 2 2 2 10 2 2 2 2 2 2 2 2 2 2 2 2 2 2 2 2 10 2 10 2 2 2 2 2 2
left_child=2 5 10 8 6 -2 22 16 18 -7 -1 21 13 27 -15 25 17 -8 -3 -4 28 26 23 -5 -25 -12 -11 -13 -21 -18
right_child=1 3 19 4 -6 9 7 -9 -10 11 15 12 -14 14 -16 -17 29 -19 -20 20 -22 -23 -24 24 -26 -27 -28 -29 -30 -31
leaf_value=-0.048322778523835645 -0.02664576874627891 -0.0081688487811614596 -0.025954376844827369 0.031466742109228146 0.17326575578481532 -0.0057364795211297358 0.058427903521256166 0.17249438841414047 0.10674667593293599 -0.036858268642003825 -0.036540675963455137 -0.027013404751205044 0.13394911042687435 0.028136734341499273 0.15141924580370258 0.065670131736125986 0.067996327151906483 0.18144027582062494 0.079551711724412832 -0.0053469225639528085 0.083866363339012512 0.064339230877060505 -0.010357861471405071 0.030393161717686766 0.1540847456946102 -0.0081538888835794941 0.019865464603266332 0.032235146913347605 0.051231735899089574 -0.023987723797769735
leaf_weight=3414 1965 1254 642 991 224 2225 318 213 171 548 2970 290 175 193 226 168 173 171 183 835 293 257 403 166 197 2138 540 861 322 175
leaf_count=3414 1965 1254 642 991 224 2225 318 213 171 548 2970 290 175 193 226 168 173 171 183 835 293 257 403 166 197 2138 540 861 322 175
internal_value=-0.000753867 0.0203746 -0.0241126 0.0469591 0.0644182 0.00343104 0.0557238 0.089486 0.0140348 0.0145551 -0.0322122 0.029174 0.0475988 0.0379588 0.094689 -0.0217828 0.0683338 0.101493 0.00298587 0.00952129 0.0252447 0.00525219 0.0355338 0.0492102 0.0975854 -0.0246637 -0.00868331 0.0172867 0.0103789 0.0216723
internal_weight=22701 11919 10782 4639 3031 7280 2807 1050 1608 5315 8690 3090 1745 1570 419 5276 837 489 1437 2092 1450 1345 1757 1354 363 5108 1088 1151 1157 348
internal_count=22701 11919 10782 4639 3031 7280 2807 1050 1608 5315 8690 3090 1745 1570 419 5276 837 489 1437 2092 1450 1345 1757 1354 363 5108 1088 1151 1157 348
is_linear=0
shrinkage=0.0161


Tree=67
num_leaves=31
num_cat=0
split_feature=229 488 350 202 231 65 232 425 215 250 203 426 85 536 419 203 467 410 235 253 448 507 74 87 410 463 518 109 350 2
split_gain=33670 17037 13157.2 9748.3 7932.94 7418.26 7182.33 6397.43 6244.53 6066.37 6032.51 5110.57 5459.61 6761.46 9639.52 6126.97 4910.79 4642.86 4447.74 4127.86 4683.25 6588.79 4028.9 3766.54 3910.64 3415.62 3368.98 3294.95 3201.28 3174.08
threshold=13.500000000000002 69.500000000000014 10.500000000000002 10.500000000000002 8.0000000000000018 43.500000000000007 8.0000000000000018 16.500000000000004 10.500000000000002 6.5000000000000009 20.000000000000004 35.500000000000007 8.0000000000000018 106.50000000000001 16.500000000000004 10.500000000000002 8.0000000000000018 4.5000000000000009 29.500000000000004 8.0000000000000018 10.500000000000002 185.50000000000003 10.500000000000002 8.0000000000000018 35.500000000000007 43.500000000000007 149.50000000000003 8.0000000000000018 13.500000000000002 5.5000000000000009
decision_type=2 2 2 2 2 2 2 2 2 2 2 2 2 2 2 2 2 2 2 2 2 2 2 2 2 2 2 2 2 2
left_child=1 4 25 23 27 9 29 -7 26 17 22 12 -11 14 15 -14 -13 -3 28 -15 21 -21 -10 -4 -25 -2 -8 -1 -6 -5
right_child=2 5 3 6 18 7 8 -9 10 11 -12 16 13 19 -16 -17 -18 -19 -20 20 -22 -23 -24 24 -26 -27 -28 -29 -30 -31
leaf_value=-0.045816640652568075 -0.0011864703557362859 -0.045560912414809578 -0.0058976029952333732 -0.021629336788286692 -0.024107122480179943 -0.0090635686825857598 0.086052798167515279 0.10854326470949661 0.1462361847229165 -0.012147322549827401 0.19337301537715185 0.01196871615215161 -0.014604900419612172 -0.028322759363376141 0.17519693728907695 0.10712467639613928 0.12772932491352157 -0.0034024913094418607 0.075178243843655915 0.0083336212691871754 -0.011836329838678673 0.14366072898130808 0.033667436496966824 0.026646513847344355 0.11529910323219407 0.073928760631927173 0.004453407030943257 -0.020217204062238491 0.01496860140051475 0.05530634210810681
leaf_weight=4363 2371 990 708 194 1514 193 505 315 166 1881 266 193 281 542 166 173 188 2147 170 206 352 171 165 610 164 168 178 1864 847 487
leaf_count=4363 2371 990 708 194 1514 193 505 315 166 1881 266 193 281 542 166 173 188 2147 170 206 352 171 165 610 164 168 178 1864 847 487
internal_value=-0.00114692 -0.0129766 0.0315894 0.0520943 -0.028388 0.00432912 0.0756498 0.0638156 0.0981336 0.00018061 0.136205 0.0129483 0.00726512 0.0265873 0.0701795 0.0317292 0.0691512 -0.0167147 -0.00434311 0.00530437 0.0303379 0.0697778 0.090193 0.0209095 0.0454612 0.00377447 0.0648212 -0.0381574 -0.0100789 0.0333547
internal_weight=22538 16556 5982 3443 8758 7798 1961 508 1280 7290 597 4153 3772 1891 620 454 381 3137 2531 1271 729 377 331 1482 774 2539 683 6227 2361 681
internal_count=22538 16556 5982 3443 8758 7798 1961 508 1280 7290 597 4153 3772 1891 620 454 381 3137 2531 1271 729 377 331 1482 774 2539 683 6227 2361 681
is_linear=0
shrinkage=0.0161


Tree=68
num_leaves=31
num_cat=0
split_feature=291 409 123 290 532 202 445 395 308 354 527 361 506 354 541 352 110 557 261 563 542 562 202 479 493 498 500 497 413 504
split_gain=34558.8 20305.5 9675.08 9257.46 8315.76 8120.73 7507.27 7815.3 9154.01 6646.89 5974.24 7893.06 5680.62 5601.48 5272.71 4343.29 4303.81 4918.9 4992.49 4109.82 4056.37 3744.82 3726.44 3563.29 8576.58 3471.09 3341.1 5233.76 3642.82 4507.28
threshold=6.5000000000000009 10.500000000000002 61.500000000000007 16.500000000000004 13.500000000000002 8.0000000000000018 8.0000000000000018 24.500000000000004 20.000000000000004 35.500000000000007 107.50000000000001 13.500000000000002 85.500000000000014 10.500000000000002 233.25000000000003 24.500000000000004 5.5000000000000009 280.05000305175787 10.500000000000002 84.750000000000014 182.25000000000003 129.65000152587893 29.500000000000004 16.500000000000004 172.50000000000003 227.50000000000003 98.500000000000014 72.500000000000014 8.0000000000000018 219.50000000000003
decision_type=2 2 2 2 2 2 2 2 2 2 2 2 2 2 10 2 2 8 2 10 10 10 2 2 2 2 2 2 2 2
left_child=2 6 4 23 -1 20 22 19 13 10 12 -12 15 -9 16 -7 25 -18 -19 -8 21 -5 -2 -3 -25 -6 27 -21 -28 -30
right_child=1 3 -4 5 14 9 7 8 -10 -11 11 -13 -14 -15 -16 -17 17 18 -20 26 -22 -23 -24 24 -26 -27 28 -29 29 -31
leaf_value=-0.048532046786338587 -0.023819821946987195 0.010432153624869406 0.086942619026438892 0.031397733824380047 -0.034939511513476108 0.051267156591611816 -0.017814844638245408 -0.033850803602827481 0.16806450500030037 0.17549652687129338 -0.0090979429267799942 0.10290299742614464 0.17033996771541532 0.09375286455743026 0.062611676722487838 0.14614303646096991 -0.015204460126165054 -0.0018016750327343005 0.078245268350223482 0.012492555503769183 0.09660266430869506 -0.047282985561144915 0.052887183376197522 0.021482256668554398 0.14160323394699142 0.033336151086200846 -0.03297589589431757 0.11289136592097881 0.0016550763507675031 0.10063068895340779
leaf_weight=2540 2856 2154 211 539 3212 479 1182 191 174 182 400 275 224 167 220 170 3514 549 319 330 165 221 174 674 200 205 403 228 419 167
leaf_count=2540 2856 2154 211 539 3212 479 1182 191 174 182 400 275 224 167 220 170 3514 549 319 330 165 221 174 674 200 205 403 228 419 167
internal_value=-5.52375e-05 0.0187655 -0.0209821 0.0408245 -0.023141 0.0627738 -0.00115789 0.0157914 0.0722452 0.0833685 0.0725217 0.0364972 0.100349 0.0256081 -0.0150955 0.0761553 -0.0172906 -0.00672235 0.0275894 0.00477746 0.0242306 0.00848724 -0.0194071 0.0215712 0.0489968 -0.0308365 0.0220545 0.0535579 0.00425634 0.0299016
internal_weight=22744 11974 10770 5683 10559 2655 6291 3261 532 1730 1548 675 873 358 8019 649 7799 4382 868 2729 925 760 3030 3028 874 3417 1547 558 989 586
internal_count=22744 11974 10770 5683 10559 2655 6291 3261 532 1730 1548 675 873 358 8019 649 7799 4382 868 2729 925 760 3030 3028 874 3417 1547 558 989 586
is_linear=0
shrinkage=0.0161


Tree=69
num_leaves=31
num_cat=0
split_feature=170 411 496 203 49 52 298 99 410 499 187 347 412 591 59 494 315 291 525 565 62 238 229 112 309 373 298 172 471 314
split_gain=39103.9 15233.2 12878.7 10814.4 9649 7273.56 6595.03 8870.7 6475.35 6365.79 5935.91 6396.01 4943.76 4795.37 4696.37 4302.73 5514.95 5901.55 4282.69 5746.43 4105.5 4996.44 3954.85 3562.35 4131.79 4593.88 4653.25 3709.54 3371.01 3362.44
threshold=8.0000000000000018 6.5000000000000009 76.500000000000014 5.5000000000000009 24.500000000000004 8.0000000000000018 20.000000000000004 24.500000000000004 29.500000000000004 112.50000000000001 13.500000000000002 20.000000000000004 8.0000000000000018 201.75000000000003 24.500000000000004 73.500000000000014 20.000000000000004 5.5000000000000009 112.50000000000001 95.850002288818374 13.500000000000002 10.500000000000002 3.5000000000000004 4.5000000000000009 10.500000000000002 8.0000000000000018 4.5000000000000009 13.500000000000002 29.500000000000004 20.000000000000004
decision_type=2 2 2 2 2 2 2 2 2 2 2 2 2 10 2 2 2 2 2 10 2 2 2 2 2 2 2 2 2 2
left_child=2 15 22 29 10 -6 23 13 20 -10 12 18 -5 -8 28 -2 -17 -18 19 -12 21 -7 -1 -4 -25 -26 -27 -28 -14 -3
right_child=1 3 6 4 5 8 7 -9 9 -11 11 -13 14 -15 -16 16 17 -19 -20 -21 -22 -23 -24 24 25 26 27 -29 -30 -31
leaf_value=-0.048692005275660623 -0.024078721956323726 -0.0092819700719099906 -0.029999871374311569 -0.0083161226059835711 0.010615412925500889 0.062387933568059231 -0.0033349019347163988 0.1417545753992594 0.20301421509981932 0.074590697905856221 0.036378168025189041 0.13817494543066802 0.010825318194294343 0.094640868352327143 0.10151474486327035 -0.001628872986490163 0.0013095383727535551 0.13630652297261495 0.0075861617974965715 0.1567789858724451 0.024286947600631076 0.16961676124218986 -0.023900586069714694 -0.014143420499200733 -0.0088717980525081629 0.12105333572405594 -0.0045875472529057094 0.085441620906369656 0.073771512272079176 0.051689981214682129
leaf_weight=2536 1536 1300 1373 911 278 304 677 174 257 165 286 249 916 160 260 1293 162 175 408 161 275 180 4894 1934 631 182 343 181 291 286
leaf_count=2536 1536 1300 1373 911 278 304 677 174 257 165 286 249 916 160 260 1293 162 175 408 161 275 180 4894 1934 631 182 343 181 291 286
internal_value=-0.000273813 0.0242347 -0.0184308 0.0382921 0.0500335 0.0848024 -0.000118141 0.0371415 0.102246 0.152857 0.0354582 0.0663197 0.0211206 0.0153659 0.0394168 -0.00473838 0.0134722 0.0714817 0.0453658 0.0797967 0.074075 0.102315 -0.0323655 -0.00823465 0.000894087 0.0226638 0.0508826 0.0264654 0.0260207 0.00169813
internal_weight=22778 9693 13085 6527 4941 1459 5655 1011 1181 422 3482 1104 2378 837 1467 3166 1630 337 855 447 759 484 7430 4644 3271 1337 706 524 1207 1586
internal_count=22778 9693 13085 6527 4941 1459 5655 1011 1181 422 3482 1104 2378 837 1467 3166 1630 337 855 447 759 484 7430 4644 3271 1337 706 524 1207 1586
is_linear=0
shrinkage=0.0161


Tree=70
num_leaves=31
num_cat=0
split_feature=171 169 112 553 470 204 503 469 426 172 397 234 203 474 598 309 341 419 445 321 246 458 426 114 150 367 280 292 154 166
split_gain=33810.2 16859.4 10171 8957.42 6934.88 11178 6714.5 5359.34 5249.27 4772.13 4585.16 4552.11 4143.55 4225.52 4476.72 9057.32 4097.08 4338.03 4744.94 4030.92 4068.41 4223.59 5660.17 3659.16 4353.17 3636.31 3586.57 6372.72 6176 3252.09
threshold=5.5000000000000009 8.0000000000000018 20.000000000000004 121.64999771118165 43.500000000000007 16.500000000000004 38.500000000000007 16.500000000000004 43.500000000000007 61.500000000000007 2.5000000000000004 3.5000000000000004 13.500000000000002 6.5000000000000009 131.05000305175784 16.500000000000004 4.5000000000000009 24.500000000000004 10.500000000000002 8.0000000000000018 8.0000000000000018 16.500000000000004 20.000000000000004 52.000000000000007 35.500000000000007 10.500000000000002 13.500000000000002 13.500000000000002 8.0000000000000018 8.0000000000000018
decision_type=2 2 2 8 2 2 2 2 2 2 2 2 2 2 8 2 2 2 2 2 2 2 2 2 2 2 2 2 2 2
left_child=3 6 7 -1 9 -6 -2 25 10 26 -8 -5 16 -14 -15 -16 -12 -18 -19 -9 -21 22 -22 24 29 -3 -4 -28 -29 -13
right_child=1 2 4 11 5 -7 8 19 -10 -11 12 23 13 14 15 -17 17 18 -20 20 21 -23 -24 -25 -26 -27 27 28 -30 -31
leaf_value=-0.038053044440366862 -0.024346853797520423 -0.0084924754946308426 0.040903514019765774 -0.037793948837171687 0.029473422795557608 0.2057460157002606 -0.0502316452529952 0.012473510288481891 0.084405184402697606 -0.027966538639372141 -0.034297497160506292 -0.021181975465217356 -0.0041597260204928807 0.12038180800028322 -0.014822866930533642 0.12927068804567932 0.00012581494778647964 0.0097033466358877746 0.12545513464538133 0.027514455648178025 0.06738654067066123 0.028911294606861933 0.18040375951522339 0.077073726995523353 0.065637034380296888 0.028665684672570763 0.0091344795123828783 0.20566246129232407 0.071434716001433599 0.013268868222420648
leaf_weight=4946 2243 1624 918 920 169 209 348 811 232 179 680 1672 421 221 337 170 1640 208 165 619 298 244 188 163 234 1177 160 161 200 1234
leaf_count=4946 2243 1624 918 920 169 209 348 811 232 179 680 1672 421 221 337 170 1640 208 165 619 298 244 188 163 234 1177 160 161 200 1234
internal_value=0.000552585 0.0166418 0.0341733 -0.023348 0.0648695 0.126999 -0.0016542 0.0218183 0.00985102 0.0503403 0.00571734 -0.00611976 0.0107912 0.0363884 0.0598696 0.0334461 -0.00012141 0.0114117 0.0609703 0.0408764 0.0579344 0.0836966 0.111154 0.00269547 -0.00115807 0.00711324 0.0600974 0.0938718 0.131363 -0.00654472
internal_weight=22791 13622 6957 9169 1996 378 6665 4961 4422 1618 4190 4223 3842 1149 728 507 2693 2013 373 2160 1349 730 486 3303 3140 2801 1439 521 361 2906
internal_count=22791 13622 6957 9169 1996 378 6665 4961 4422 1618 4190 4223 3842 1149 728 507 2693 2013 373 2160 1349 730 486 3303 3140 2801 1439 521 361 2906
is_linear=0
shrinkage=0.0161


Tree=71
num_leaves=31
num_cat=0
split_feature=410 486 351 234 348 494 562 370 233 117 407 289 530 278 443 169 30 479 374 15 289 318 588 326 276 303 42 530 501 524
split_gain=37064.2 12931.7 12731.9 10562.5 11270.7 8007.21 7949.82 6859.72 5598.01 5483.53 6206.64 5348.63 5276.62 5098.25 4696.89 4569.18 4540.51 4331.13 4188.04 4079.09 4056.32 4021.91 6610.68 3575.93 3504.94 3494.49 3455.73 3349.28 4656.19 3284.97
threshold=10.500000000000002 78.500000000000014 10.500000000000002 16.500000000000004 35.500000000000007 269.50000000000006 203.05000305175784 6.5000000000000009 6.5000000000000009 16.500000000000004 13.500000000000002 5.5000000000000009 231.50000000000003 8.0000000000000018 6.5000000000000009 24.500000000000004 24.500000000000004 6.5000000000000009 8.0000000000000018 10.500000000000002 6.5000000000000009 16.500000000000004 174.34999847412112 4.5000000000000009 20.000000000000004 13.500000000000002 4.5000000000000009 105.50000000000001 43.500000000000007 112.50000000000001
decision_type=2 2 2 2 2 2 10 2 2 2 2 2 2 2 2 2 2 2 2 2 2 2 8 2 2 2 2 2 2 2
left_child=1 11 14 8 7 13 -7 -5 -4 10 -9 -1 16 26 -2 17 18 -15 -10 -20 -16 23 -23 -19 -22 -25 -3 28 -21 -13
right_child=2 5 3 4 -6 6 -8 9 12 -11 -12 29 -14 15 20 -17 -18 21 19 27 24 22 -24 25 -26 -27 -28 -29 -30 -31
leaf_value=-0.043246594571256021 -0.020033045827248075 -0.047175104967931036 0.00071969663854993822 0.0042386649337856127 0.18320310794085079 0.13462003054760507 -0.00065280215606522559 0.0050482382154981671 0.014413276247878401 0.14182952790271194 0.12903278548084288 -0.021512679402090007 -0.028019688849838 -0.023580185244977327 -0.012557749887167645 0.076681932656222848 0.10813243821796464 -0.047082285878724497 0.12356629172726419 0.016975984161050509 0.019537280434009773 0.0018178285556400698 0.1340963601209719 -0.0018582378043400407 0.078978281955453061 0.06852161835420896 -0.0087288427738106602 -0.0032565048684846027 0.13528026037115243 0.032912056280246633
leaf_weight=4306 1449 836 1299 387 229 220 230 276 784 295 169 3484 240 891 823 251 313 257 233 175 1303 204 189 544 321 275 2211 234 171 313
leaf_count=4306 1449 836 1299 387 229 220 230 276 784 295 169 3484 240 891 823 251 313 257 233 175 1303 204 189 544 321 275 2211 234 171 313
internal_value=-0.00160175 -0.0176257 0.0245669 0.0421041 0.0801826 5.99239e-05 0.0654283 0.0592285 0.0271264 0.0879549 0.0521874 -0.03096 0.04307 -0.00513488 0.00293189 0.0113691 0.052015 0.0044127 0.0410017 0.0666128 0.0165403 0.0214074 0.0654926 0.00528378 0.0313009 0.0217448 -0.019285 0.0436926 0.0755123 -0.0170201
internal_weight=22912 14211 8701 4805 1356 6108 450 1127 3449 740 445 8103 2150 5658 3896 2611 1910 2360 1597 813 2447 1469 393 1076 1624 819 3047 580 346 3797
internal_count=22912 14211 8701 4805 1356 6108 450 1127 3449 740 445 8103 2150 5658 3896 2611 1910 2360 1597 813 2447 1469 393 1076 1624 819 3047 580 346 3797
is_linear=0
shrinkage=0.0161


Tree=72
num_leaves=31
num_cat=0
split_feature=231 408 408 87 533 46 248 164 246 174 493 418 350 531 124 80 328 208 48 250 588 404 251 190 228 156 443 502 265 291
split_gain=34244.5 13385.8 11103.7 10502.4 9123.34 13233.5 8282.58 8868.85 8212.9 6759.52 6569.75 5570.02 5969.46 5842.99 5014.93 4781.75 5285.36 5587.36 4773.76 5034.45 4448.04 4346.1 4699.55 4134.63 4080.35 3840.78 3486.89 3439.87 3789.53 3343.31
threshold=10.500000000000002 10.500000000000002 24.500000000000004 10.500000000000002 148.50000000000003 20.000000000000004 8.0000000000000018 10.500000000000002 10.500000000000002 4.5000000000000009 35.500000000000007 10.500000000000002 10.500000000000002 132.50000000000003 52.000000000000007 16.500000000000004 13.500000000000002 6.5000000000000009 6.5000000000000009 8.0000000000000018 131.75000000000003 35.500000000000007 8.0000000000000018 8.0000000000000018 16.500000000000004 16.500000000000004 6.5000000000000009 181.50000000000003 13.500000000000002 8.0000000000000018
decision_type=2 2 2 2 2 2 2 2 2 2 2 2 2 2 2 2 2 2 2 2 10 2 2 2 2 2 2 2 2 2
left_child=1 10 9 -4 26 24 -5 -8 -7 -2 -1 15 13 -13 21 20 17 -17 19 -14 25 -12 -23 -15 -6 -11 -3 28 -20 -28
right_child=2 4 3 6 5 8 7 -9 -10 11 14 12 18 23 -16 16 -18 -19 27 -21 -22 22 -24 -25 -26 -27 29 -29 -30 -31
leaf_value=-0.039469388236605098 -0.014081214720920868 -0.022245006257193247 0.024420203171487909 0.048388979898321506 -0.013748816963970775 0.04975963907333493 0.088105792380785225 0.23223389486450308 0.2095131060350765 0.00085592519480882576 -0.019749324790631351 -0.02047611473848545 0.054772232890126893 0.12406804373884585 0.065013471235754003 0.025767643125137123 -0.0097918205915556149 0.13820418459497466 0.027500571419085247 0.15927142254410201 -0.036653274178777451 -0.015835752434825885 0.098546291049063053 0.0090435044889798765 0.056442268735279487 0.068652467384728924 -0.00407406086023518 -0.015713162317794318 0.11303146947670972 0.039689750461873931
leaf_weight=4246 1297 1628 776 345 547 162 245 203 173 984 5322 501 229 164 205 238 268 222 312 252 627 201 173 161 353 278 1519 185 237 644
leaf_count=4246 1297 1628 776 345 547 162 245 203 173 984 5322 501 229 164 205 238 268 222 312 252 627 201 173 161 353 278 1519 185 237 644
internal_value=0.000373951 -0.013551 0.0284583 0.0665674 0.00793219 0.0459384 0.107781 0.153466 0.132329 0.0184135 -0.0241943 0.0274665 0.0474063 0.0139765 -0.0131993 0.0119065 0.046964 0.0800817 0.0701136 0.109569 -0.0015918 -0.0160183 0.0370107 0.0671591 0.0137555 0.0158092 -0.00444294 0.0442258 0.0644666 0.00894506
internal_weight=22697 15173 7524 1569 5026 1235 793 448 335 5955 10147 4658 2041 826 5901 2617 728 460 1215 481 1889 5696 374 325 900 1262 3791 734 549 2163
internal_count=22697 15173 7524 1569 5026 1235 793 448 335 5955 10147 4658 2041 826 5901 2617 728 460 1215 481 1889 5696 374 325 900 1262 3791 734 549 2163
is_linear=0
shrinkage=0.0161


Tree=73
num_leaves=31
num_cat=0
split_feature=110 231 144 471 470 556 540 411 47 109 123 419 472 532 50 584 425 181 188 50 24 505 463 302 459 299 509 352 24 449
split_gain=30895 14005.6 12474.9 9238.2 10836.5 7516.15 7156.4 5743.75 4969.11 5089.2 4870.67 4927.68 6009.86 5235.57 4631.88 5262.32 6386.94 4489.36 6184.36 4112.8 3834.35 4397.15 5432.73 4276.79 3623.86 3405.29 5264.75 3333.6 4327.64 3510.09
threshold=16.500000000000004 6.5000000000000009 5.5000000000000009 29.500000000000004 43.500000000000007 71.750000000000014 255.05000305175784 8.0000000000000018 29.500000000000004 13.500000000000002 52.000000000000007 24.500000000000004 10.500000000000002 152.50000000000003 4.5000000000000009 127.25000000000001 13.500000000000002 13.500000000000002 8.0000000000000018 4.5000000000000009 5.5000000000000009 47.500000000000007 5.5000000000000009 16.500000000000004 10.500000000000002 13.500000000000002 167.50000000000003 10.500000000000002 6.5000000000000009 24.500000000000004
decision_type=2 2 2 2 2 8 10 2 2 2 2 2 2 2 2 10 2 2 2 2 2 2 2 2 2 2 2 2 2 2
left_child=1 5 -2 8 24 -1 10 25 9 -4 11 19 -13 -14 -9 -16 -17 18 -10 -3 -11 -22 -23 -24 -5 -7 -27 -21 -29 -30
right_child=2 6 3 4 -6 7 -8 14 17 20 -12 12 13 -15 15 16 -18 -19 -20 27 21 22 23 -25 -26 26 -28 28 29 -31
leaf_value=-0.057642950943360513 -0.0083477124493593607 -0.026040508009944525 0.0036847255244980255 0.018189564457345399 0.18447535472158827 -0.031936257000335443 0.11075599055040332 -0.027865162255206403 0.045786623755353674 -0.024350812383930071 0.076036177157503188 -0.0038095347665911927 0.037299661460894869 0.14939336650151444 0.00014035559259823594 0.021529080791325785 0.14747500127709304 0.01177067285969218 0.17929299683403463 -0.0091663652753810124 0.015248794628233538 0.14182954906352405 0.025895637885469079 0.11474538834347138 0.10005093727585451 -0.019022843662794848 0.055559230289815582 -0.016570368723459312 0.025456703621966024 0.10054463947836513
leaf_weight=1459 1507 1712 1403 306 243 4894 164 666 183 178 230 547 335 160 807 277 168 173 178 2283 477 238 475 200 260 1288 303 565 1024 192
leaf_count=1459 1507 1712 1403 306 243 4894 164 666 183 178 230 547 335 160 807 277 168 173 178 2283 477 238 475 200 260 1288 303 565 1024 192
internal_value=-0.00051315 -0.0114344 0.0315166 0.0454478 0.0945041 -0.0239045 0.00561455 -0.0180437 0.0341183 0.0259793 0.00316468 0.000702961 0.0329314 0.0735795 0.00642229 0.0246803 0.0691301 0.0793568 0.11168 -0.00510703 0.0459128 0.0549275 0.075632 0.0522564 0.0558353 -0.0252834 -0.00480417 0.00370562 0.020219 0.037332
internal_weight=22895 17074 5821 4314 809 9862 7212 8403 3505 2971 7048 6818 1042 495 1918 1252 445 534 361 5776 1568 1390 913 675 566 6485 1591 4064 1781 1216
internal_count=22895 17074 5821 4314 809 9862 7212 8403 3505 2971 7048 6818 1042 495 1918 1252 445 534 361 5776 1568 1390 913 675 566 6485 1591 4064 1781 1216
is_linear=0
shrinkage=0.0161


Tree=74
num_leaves=31
num_cat=0
split_feature=291 408 492 324 480 59 470 442 190 569 393 302 82 199 180 412 138 356 599 85 290 429 424 267 40 522 224 15 592 563
split_gain=34164.1 23967.8 11353.8 10351.4 8783.98 7279.41 6672.71 6445.84 6005.5 8258.56 5188.08 5019.88 4976.77 5406.3 5237.02 4750.4 4745.09 4135.86 3866.95 3698.93 3679.87 3635.75 6570.73 3531.23 3349.37 3246.2 3940.02 3119.48 3422.83 4127.73
threshold=6.5000000000000009 24.500000000000004 248.50000000000003 10.500000000000002 60.500000000000007 35.500000000000007 20.000000000000004 13.500000000000002 13.500000000000002 178.05000305175784 16.500000000000004 24.500000000000004 43.500000000000007 24.500000000000004 13.500000000000002 29.500000000000004 10.500000000000002 6.5000000000000009 121.64999771118165 10.500000000000002 4.5000000000000009 10.500000000000002 4.5000000000000009 43.500000000000007 4.5000000000000009 191.50000000000003 13.500000000000002 5.5000000000000009 140.05000305175784 102.04999923706056
decision_type=2 2 2 2 2 2 2 2 2 10 2 2 2 2 2 2 2 2 8 2 2 2 2 2 2 2 2 2 8 8
left_child=4 3 5 8 -1 7 20 25 -2 27 23 17 13 14 16 24 18 -12 -8 -19 -5 -22 -23 -6 -9 26 -3 -10 29 -29
right_child=1 2 -4 6 10 -7 12 15 9 -11 11 -13 -14 -15 -16 -17 -18 19 -20 -21 21 22 -24 -25 -26 -27 -28 28 -30 -31
leaf_value=-0.033775700270010353 -0.015712801483213346 0.0013458326186663303 0.1875463257297767 -0.022045107732041842 -0.017680595577757117 0.14669169586665576 0.070022231778976818 0.12159955096816631 -0.034272890280291277 0.10292836627355352 -0.029348423233892224 0.093729162219149231 0.13902779394618223 0.12648366665702385 -0.01562247228823134 0.14746971908366827 0.11138949312337912 0.0011610852623831231 -0.023635797829618419 0.082377218614650041 0.0033384220074864331 0.12786350748566286 0.024493620715668508 0.054833166412164666 0.038839711259247893 -0.05180387432929745 0.083369766157020228 0.013272204733737409 -0.015027148990425107 0.11202700837689208
leaf_weight=5784 4146 456 187 610 3517 207 242 162 377 268 426 220 164 181 394 187 266 336 216 257 1156 200 790 183 591 160 228 293 371 176
leaf_count=5784 4146 456 187 610 3517 207 242 162 377 268 426 220 164 181 394 187 266 336 216 257 1156 200 790 183 591 160 228 293 371 176
internal_value=0.000584568 0.0192138 0.0675471 0.00852412 -0.0203097 0.0562647 0.0275927 0.0457591 -0.00575872 0.0220164 -0.00453503 0.023973 0.0553876 0.0448098 0.0315661 0.0747631 0.0572785 0.00888974 0.0258002 0.036399 0.0128294 0.0227535 0.0454002 -0.0140877 0.0566759 0.0134282 0.0287216 0.00417915 0.0214648 0.0503818
internal_weight=22751 12028 2178 9850 10723 1991 4219 1784 5631 1485 4939 1239 1463 1299 1118 940 724 1019 458 593 2756 2146 990 3700 753 844 684 1217 840 469
internal_count=22751 12028 2178 9850 10723 1991 4219 1784 5631 1485 4939 1239 1463 1299 1118 940 724 1019 458 593 2756 2146 990 3700 753 844 684 1217 840 469
is_linear=0
shrinkage=0.0161


Tree=75
num_leaves=31
num_cat=0
split_feature=170 526 111 49 84 280 309 359 347 499 368 313 276 410 229 43 392 99 97 25 454 7 177 265 481 84 118 461 168 145
split_gain=31111.1 12296.5 10523.8 8193.87 6124.91 5538.21 5441.3 7076.26 5378.33 4884.43 4751.75 6646.75 4559.29 4523.54 4393.63 6883.53 4221.48 3946.82 6902.68 3931.69 3841.92 5234.22 3797.4 3406.5 3349.22 2794.2 2735.31 3101.26 2664.23 2609.37
threshold=13.500000000000002 70.500000000000014 20.000000000000004 24.500000000000004 6.5000000000000009 3.5000000000000004 16.500000000000004 29.500000000000004 35.500000000000007 103.50000000000001 20.000000000000004 8.0000000000000018 4.5000000000000009 4.5000000000000009 5.5000000000000009 16.500000000000004 6.5000000000000009 29.500000000000004 10.500000000000002 16.500000000000004 20.000000000000004 24.500000000000004 10.500000000000002 16.500000000000004 87.500000000000014 13.500000000000002 4.5000000000000009 3.5000000000000004 16.500000000000004 16.500000000000004
decision_type=2 2 2 2 2 2 2 2 2 2 2 2 2 2 2 2 2 2 2 2 2 2 2 2 2 2 2 2 2 2
left_child=1 13 4 10 23 28 12 14 9 -5 19 -12 -7 -1 15 16 -8 26 -19 -4 -6 -22 -21 -2 29 -26 -14 -28 -3 -15
right_child=2 5 3 8 20 6 7 -9 -10 -11 11 -13 17 24 -16 -17 -18 18 -20 22 21 -23 -24 -25 25 -27 27 -29 -30 -31
leaf_value=-0.040069396985777626 -0.025363642640222228 -0.039310494573360888 -0.0042340266258609838 0.11961570594759106 0.017510945826530146 -0.027022254982876318 -0.037139636221981479 0.11058225517254344 0.17630851817832735 0.023756355935849436 0.16085143551027334 0.025806416889644711 -0.025584667378998536 -0.026519302949950422 -0.0040077144281535377 0.13438360858681217 0.063930122665826095 0.12644421609998149 -0.0015752792758260679 0.0153876726020758 0.034224089805565155 0.13978586560885492 0.11014087428413837 0.041348105472237259 -0.0053887176993961412 0.068556364049730326 0.060492051218630584 0.0035293822040748032 0.023298060763063462 0.0063513918392705693
leaf_weight=3500 1140 1055 705 303 2058 1277 201 255 185 254 168 217 714 3728 890 184 229 191 254 252 439 169 195 240 387 201 282 2050 211 751
leaf_count=3500 1140 1055 705 303 2058 1277 201 255 185 254 168 217 714 3728 890 184 229 191 254 252 439 169 195 240 387 201 282 2050 211 751
internal_value=-0.000951212 -0.0126756 0.0293709 0.057045 0.013777 0.00195641 0.00793672 0.0321394 0.101 0.0759447 0.0358102 0.0847963 -0.000987127 -0.0259884 0.0188239 0.0519569 0.0166312 0.00852972 0.0533195 0.0194186 0.0280318 0.0636048 0.0567756 -0.0137445 -0.0162574 0.0198484 0.00197851 0.0104278 -0.0288571 -0.0210026
internal_weight=22685 16360 6325 2279 4046 7793 6527 1759 742 557 1537 385 4768 8567 1504 614 430 3491 445 1152 2666 608 447 1380 5067 588 3046 2332 1266 4479
internal_count=22685 16360 6325 2279 4046 7793 6527 1759 742 557 1537 385 4768 8567 1504 614 430 3491 445 1152 2666 608 447 1380 5067 588 3046 2332 1266 4479
is_linear=0
shrinkage=0.0161


Tree=76
num_leaves=31
num_cat=0
split_feature=291 409 144 408 207 186 502 178 25 594 285 410 116 526 146 151 147 404 411 43 339 284 389 371 189 204 284 470 201 16
split_gain=29275.9 18017.7 11125.8 9457.32 7387.93 8379.51 6572.36 6288 6909.02 6020.98 5805.57 5671.96 5083.85 4648.04 5987.84 7032.13 4634.76 4492.41 5721.37 5801.7 5647.53 6161.26 4128.77 3990.08 3945.45 3400.75 3439.9 3453.61 3304.7 3258.97
threshold=5.5000000000000009 10.500000000000002 5.5000000000000009 35.500000000000007 5.5000000000000009 16.500000000000004 40.500000000000007 20.000000000000004 4.5000000000000009 86.750000000000014 6.5000000000000009 6.5000000000000009 52.000000000000007 217.50000000000003 24.500000000000004 8.0000000000000018 3.5000000000000004 24.500000000000004 10.500000000000002 13.500000000000002 5.5000000000000009 20.000000000000004 24.500000000000004 10.500000000000002 13.500000000000002 3.5000000000000004 8.0000000000000018 8.0000000000000018 13.500000000000002 13.500000000000002
decision_type=2 2 2 2 2 2 2 2 2 10 2 2 2 2 2 2 2 2 2 2 2 2 2 2 2 2 2 2 2 2
left_child=6 7 28 11 -5 23 -1 16 -9 -10 -11 -4 13 14 22 -16 -2 18 -8 -20 -19 -22 -13 -6 -18 -26 -27 -28 -3 -29
right_child=1 2 3 4 5 -7 17 8 9 10 -12 12 -14 -15 15 -17 24 20 19 -21 21 -23 -24 -25 25 26 27 29 -30 -31
leaf_value=-0.037650012555205385 -0.035744803164127474 -0.016714231781351861 -0.0045309416650402886 0.022736514729645326 0.033682588608208851 0.2175291729320131 -0.02265112304189118 -0.035099724325032028 0.0026816992684566623 0.15120366604016666 0.046020923935192623 0.029001840649964916 0.13158622756813082 -0.011838781384150064 0.17990272936973833 0.0487198829014516 -0.010032886108952083 -0.034614207557378401 -0.0044986815767505623 0.1114746928016751 0.1363877543711316 0.012333593377668633 0.090970219952979534 0.13456310443111938 0.083149438130193251 -0.016565797589725848 -0.0038454601571660109 0.02308418121035926 0.034288930749928961 0.12510447731924704
leaf_weight=3972 1269 1128 705 250 195 184 3745 313 391 214 376 1943 170 377 181 257 3673 232 322 171 178 250 326 214 201 577 271 164 465 162
leaf_count=3972 1269 1128 705 250 195 184 3745 313 391 214 376 1943 170 377 181 257 3673 232 322 171 178 250 326 214 201 577 271 164 465 162
internal_value=0.000627542 0.0151228 0.0350443 0.0472757 0.0962571 0.127213 -0.0222583 -0.00161279 0.0307166 0.0517401 0.0842118 0.03684 0.0458105 0.0410746 0.0484525 0.102984 -0.008239 -0.00977162 -0.01586 0.0356796 0.0292878 0.0639812 0.0379156 0.0865236 -0.00131974 0.0219383 0.0114383 0.0385437 -0.00181153 0.0738536
internal_weight=22876 14006 6395 4802 843 593 8870 7611 1294 981 590 3959 3254 3084 2707 438 6317 4898 4238 493 660 428 2269 409 5048 1375 1174 597 1593 326
internal_count=22876 14006 6395 4802 843 593 8870 7611 1294 981 590 3959 3254 3084 2707 438 6317 4898 4238 493 660 428 2269 409 5048 1375 1174 597 1593 326
is_linear=0
shrinkage=0.0161


Tree=77
num_leaves=31
num_cat=0
split_feature=290 169 599 202 267 178 563 232 83 40 151 444 51 94 347 529 462 263 67 496 117 24 169 275 304 535 481 496 260 299
split_gain=33851.5 13353.5 8319.55 7910.08 7285.01 6196.55 7927.71 5753.84 5835.19 5500.13 4207.15 4863.1 5880.25 4445.77 4163.61 4079.62 4054.95 3950.88 3378.83 3338.87 3242.59 3189.4 3163.48 3102.25 3544.9 3006.09 2740.74 2737.33 2735.69 2669.1
threshold=8.0000000000000018 13.500000000000002 93.649997711181655 8.0000000000000018 29.500000000000004 20.000000000000004 181.25000000000003 16.500000000000004 29.500000000000004 6.5000000000000009 6.5000000000000009 16.500000000000004 6.5000000000000009 3.5000000000000004 8.0000000000000018 129.50000000000003 43.500000000000007 16.500000000000004 16.500000000000004 240.50000000000003 29.500000000000004 4.5000000000000009 3.5000000000000004 24.500000000000004 8.0000000000000018 195.50000000000003 117.50000000000001 224.50000000000003 13.500000000000002 8.0000000000000018
decision_type=2 2 8 2 2 2 10 2 2 2 2 2 2 2 2 2 2 2 2 2 2 2 2 2 2 2 2 2 2 2
left_child=2 5 22 28 7 16 17 14 15 19 20 13 -13 -12 26 -9 21 18 -7 -4 27 -2 -1 -23 -25 -16 -5 -11 -3 -30
right_child=1 3 9 4 -6 6 -8 8 -10 10 11 12 -14 -15 25 -17 -18 -19 -20 -21 -22 23 -24 24 -26 -27 -28 -29 29 -31
leaf_value=-0.050592794734368118 -0.029350660200652169 0.00038652018454009984 -0.026208143425120779 0.026522382096265631 0.13483573267315901 -0.023532066655867098 0.13511657547756284 0.093183473095227717 0.15261126479749493 -0.02162971376273877 0.06629124228581873 0.0086154926642130463 0.11100044627677506 -0.0037517395620764241 0.040570604999452878 0.0040694378644545223 0.065125284355641064 0.081042964965911304 0.056636770700679601 0.033410634882961414 0.059389111552849989 -0.0021440685532189887 -0.023371259873006065 -1.7610188305272946e-06 0.092019081028597016 0.11368872208435099 -0.047821910176099797 0.044949344650776581 0.0025591017560563263 0.082593667791462086
leaf_weight=1661 977 996 3088 339 315 437 197 342 246 1853 279 285 298 1483 819 219 234 217 198 264 160 3074 3334 227 207 178 207 175 189 254
leaf_count=1661 977 996 3088 339 315 437 197 342 246 1853 279 285 298 1483 819 219 234 217 198 264 160 3074 3334 227 207 178 207 175 189 254
internal_value=0.00102225 0.0234548 -0.0161696 0.0456548 0.0620822 0.00765521 0.043049 0.0523201 0.087174 -0.00586718 0.00569172 0.0206774 0.0609899 0.0073257 0.0340761 0.0584376 -0.000207585 0.0217334 0.0014284 -0.0215056 -0.0103585 -0.0036215 -0.032428 0.00353752 0.0438341 0.0536484 -0.00161998 -0.0158729 0.0152151 0.0485011
internal_weight=22752 9872 12880 4104 2665 5768 1049 2350 807 7885 4533 2345 583 1762 1543 561 4719 852 635 3352 2188 4485 4995 3508 434 997 546 2028 1439 443
internal_count=22752 9872 12880 4104 2665 5768 1049 2350 807 7885 4533 2345 583 1762 1543 561 4719 852 635 3352 2188 4485 4995 3508 434 997 546 2028 1439 443
is_linear=0
shrinkage=0.0161


Tree=78
num_leaves=31
num_cat=0
split_feature=171 110 412 503 324 111 353 532 7 370 290 247 301 433 24 393 25 325 194 496 7 288 48 52 359 299 450 581 464 428
split_gain=35150.5 15981.2 10549.6 8689.78 7716.73 7578.5 8143.15 5593.82 4944.34 4154.55 4148.74 4078 5401.46 7691.73 3753.34 3858.36 3682.77 3564.35 3510.72 3430.57 4040.28 3424.79 2889.14 3495.81 2843.31 2766.86 2901.27 3759.13 2750.05 2613.27
threshold=6.5000000000000009 16.500000000000004 10.500000000000002 310.50000000000006 10.500000000000002 29.500000000000004 16.500000000000004 11.500000000000002 24.500000000000004 10.500000000000002 2.5000000000000004 24.500000000000004 8.0000000000000018 10.500000000000002 5.5000000000000009 20.000000000000004 5.5000000000000009 8.0000000000000018 43.500000000000007 257.50000000000006 10.500000000000002 20.000000000000004 24.500000000000004 10.500000000000002 20.000000000000004 20.000000000000004 5.5000000000000009 198.94999694824222 10.500000000000002 10.500000000000002
decision_type=2 2 2 2 2 2 2 2 2 2 2 2 2 2 2 2 2 2 2 2 2 2 2 2 2 2 2 8 2 2
left_child=7 3 14 11 9 8 -7 -1 29 -4 -9 16 28 -14 -3 21 -2 -11 25 22 -21 -16 23 -12 -24 -18 -27 -28 -13 -6
right_child=1 2 4 -5 5 6 -8 10 -10 17 19 12 13 -15 15 -17 18 -19 -20 20 -22 -23 24 -25 -26 26 27 -29 -30 -31
leaf_value=-0.045085405618726017 -0.021631772861700375 -0.02455261679552612 -0.00172702900897342 0.12168002195055544 0.013456782121191901 0.067194555705533301 0.19181005757470668 -0.041106793808116493 0.13450051727614987 0.12060146572856507 -0.024483033125656573 0.026843746155801526 0.14072063416492522 0.011985134041280748 -0.0023440938293689847 0.077602647014056725 -0.0032631565706323674 0.021110400421864645 0.075071397855113464 -0.011160917918785568 0.090124359346722124 0.058016476348728342 -0.00018811004420044196 0.0021977273750151002 0.072999614163022253 -0.025232662838043124 0.021930733489456618 0.11591753463335021 -0.056009951619051875 0.076080546972380342
leaf_weight=2029 1849 447 489 161 391 244 309 1394 187 182 4697 247 221 265 845 326 3550 193 180 227 185 342 737 1744 169 172 358 160 179 311
leaf_count=2029 1849 447 489 161 391 244 309 1394 187 182 4697 247 221 265 845 326 3550 193 180 227 185 342 737 1744 169 172 358 160 179 311
internal_value=-0.000520252 0.0191033 0.0438866 0.00469994 0.0672316 0.0900369 0.136869 -0.0208935 0.0608789 0.0291427 -0.0155281 0.00207394 0.0338854 0.0705738 0.0164086 0.0285257 -0.00255016 0.0694595 0.00542684 -0.0109296 0.034262 0.0150272 -0.013467 -0.0172552 0.0134379 0.00246468 0.0319681 0.0510068 -0.00791512 0.0412339
internal_weight=22790 11608 4266 7342 2306 1442 553 11182 889 864 9153 7181 912 486 1960 1513 6269 375 4420 7759 412 1187 7347 6441 906 4240 690 518 426 702
internal_count=22790 11608 4266 7342 2306 1442 553 11182 889 864 9153 7181 912 486 1960 1513 6269 375 4420 7759 412 1187 7347 6441 906 4240 690 518 426 702
is_linear=0
shrinkage=0.0161


Tree=79
num_leaves=31
num_cat=0
split_feature=230 172 265 541 456 57 127 111 307 348 205 440 217 124 74 583 170 145 576 43 24 260 534 110 343 585 588 227 55 531
split_gain=31473.4 16097.5 11166.2 10880.7 8218.09 7032.81 6098.41 6033.81 5774.99 5061.91 4865.68 4805.59 4372.77 4660.87 4274.04 4138.81 4541.19 4061.78 3749.98 3753.01 3650.46 3601.43 3566.72 3510.51 4576.54 3729.48 3608.49 3312.05 3380.26 3275.33
threshold=16.500000000000004 5.5000000000000009 8.0000000000000018 238.25000000000003 8.0000000000000018 29.500000000000004 10.500000000000002 6.5000000000000009 24.500000000000004 29.500000000000004 5.5000000000000009 6.5000000000000009 8.0000000000000018 35.500000000000007 6.5000000000000009 137.84999847412112 35.500000000000007 6.5000000000000009 144.05000305175784 10.500000000000002 35.500000000000007 8.0000000000000018 69.500000000000014 16.500000000000004 13.500000000000002 204.25000000000003 142.34999847412112 16.500000000000004 10.500000000000002 129.50000000000003
decision_type=2 2 2 10 2 2 2 2 2 2 2 2 2 2 2 10 2 2 10 2 2 2 2 2 2 10 8 2 2 2
left_child=1 12 11 7 14 8 -5 20 15 17 -11 22 -1 -14 -4 16 21 -9 19 -16 -3 -6 -2 25 26 -19 -25 -13 -29 -12
right_child=2 3 4 6 5 -7 -8 9 -10 10 29 27 13 -15 18 -17 -18 23 -20 -21 -22 -23 -24 24 -26 -27 -28 28 -30 -31
leaf_value=-0.035910496180254894 0.012181064031690083 -0.020022203118218593 -0.012840427126154262 0.023889194559631344 -0.0064336460099443209 0.16309098335623468 0.16336484348967817 -0.011804212064449178 0.13596467352369088 0.12947724958192816 0.06189633199850017 0.0075278284915259036 -0.016750467288827224 0.065074457423002316 0.032544537615264379 0.0064463277761751554 0.13709461710227636 0.013716043301203198 -0.0023980824481419543 0.11963447212738394 0.042567705277772296 0.086918214008487024 -0.057040968968199948 0.06014619973156847 0.10841638743605023 -0.064375617774990193 -0.032210045029164025 0.019180754059630926 0.10774112820802174 -0.030717152885766177
leaf_weight=5406 366 3542 455 161 194 237 165 2109 254 165 256 831 2567 194 270 363 205 2161 244 246 259 238 407 250 228 171 195 233 216 161
leaf_count=5406 366 3542 455 161 194 237 165 2109 254 165 256 831 2567 194 270 363 205 2161 244 246 259 238 407 250 228 171 195 233 216 161
internal_value=-0.00104569 -0.0107867 0.0357724 0.00309785 0.0572545 0.0825896 0.0945549 -3.90866e-05 0.0673564 0.0104416 0.055436 0.00744593 -0.0274894 -0.0109926 0.0261449 0.0499064 0.0746355 0.0053164 0.0495158 0.0741098 -0.0157511 0.0449418 -0.0242353 0.01734 0.0497393 0.00797968 0.0196226 0.0265968 0.0618368 0.0260826
internal_weight=22749 17990 4759 9823 2706 1491 326 9497 1254 5696 582 2053 8167 2761 1215 1000 637 5114 760 516 3801 432 773 3005 673 2332 445 1280 449 417
internal_count=22749 17990 4759 9823 2706 1491 326 9497 1254 5696 582 2053 8167 2761 1215 1000 637 5114 760 516 3801 432 773 3005 673 2332 445 1280 449 417
is_linear=0
shrinkage=0.0161


Tree=80
num_leaves=31
num_cat=0
split_feature=410 351 5 202 534 552 287 537 145 459 170 540 534 506 449 275 241 248 349 363 446 169 286 238 425 527 91 443 546 450
split_gain=27098.6 14780.6 11159.5 9503.47 9086.8 8920.5 7130.88 6874.47 4967.96 4254.52 4284.66 4235.22 5146.92 5316.23 3878.74 3948.56 3834.23 4667.19 3794.57 3746.33 3616.75 3584.06 3467.24 3276.13 3101.2 3139.06 3110.43 3078.09 3014.64 4782.86
threshold=6.5000000000000009 10.500000000000002 52.000000000000007 8.0000000000000018 115.50000000000001 238.25000000000003 52.000000000000007 89.500000000000014 6.5000000000000009 43.500000000000007 20.000000000000004 233.25000000000003 200.50000000000003 182.50000000000003 10.500000000000002 8.0000000000000018 20.000000000000004 16.500000000000004 6.5000000000000009 61.500000000000007 6.5000000000000009 10.500000000000002 20.000000000000004 10.500000000000002 6.5000000000000009 173.50000000000003 8.0000000000000018 16.500000000000004 186.44999694824222 16.500000000000004
decision_type=2 2 2 2 2 10 2 2 2 2 2 8 2 2 2 2 2 2 2 2 2 2 2 2 2 2 2 2 8 2
left_child=4 5 3 14 18 19 8 -6 22 10 -10 24 13 -13 -3 -16 17 27 -1 21 -17 -2 -5 -22 -9 -26 -27 -12 -23 -30
right_child=1 2 -4 6 7 -7 -8 11 9 -11 16 12 -14 -15 15 20 -18 -19 -20 -21 23 28 -24 -25 25 26 -28 -29 29 -31
leaf_value=-0.036102797007340558 -0.01608062278924818 -0.009888433191266326 0.13431552349987885 -0.0097406390532192785 0.10780615717396758 0.10683759241028311 0.13840894262208672 -0.037042442019791205 0.027719126111783447 0.1306442241050001 0.015329648546693622 0.025495518536982457 -0.015711587977563966 0.13896893164740939 0 -0.00081869489115287981 0.01466427217565339 0.15965895989433795 -0.011728321649281248 0.069642167069036032 0.042881466366764535 -0.0030391101828587497 0.069353110358128328 0.14002872694960286 -0.018990183941325907 -0.012694676945521753 0.067635993533142064 0.10204104519852573 0.010053561973422043 0.099123503723924547
leaf_weight=4960 3591 1488 279 630 160 195 214 833 1135 177 184 310 363 164 548 164 203 200 2490 175 186 1615 186 176 691 216 295 253 542 220
leaf_count=4960 3591 1488 279 630 160 195 214 833 1135 177 184 310 363 164 548 164 203 200 2490 175 186 1615 186 176 691 216 295 253 542 220
internal_value=0.000645775 0.0167947 0.0348546 0.0300195 -0.0183958 -0.000363862 0.048603 0.0050952 0.0421198 0.0549482 0.0481524 -0.000618661 0.0298581 0.064806 0.00692958 0.0302524 0.0757337 0.0951584 -0.0279593 -0.00377064 0.0617619 -0.00592727 0.00825924 0.0901783 -0.0131654 0.00336213 0.0336341 0.0655848 0.00940178 0.0358002
internal_weight=22843 12361 6023 5744 10482 6338 3182 3032 2968 2152 1975 2872 837 474 2562 1074 840 637 7450 6143 526 5968 816 362 2035 1202 511 437 2377 762
internal_count=22843 12361 6023 5744 10482 6338 3182 3032 2968 2152 1975 2872 837 474 2562 1074 840 637 7450 6143 526 5968 816 362 2035 1202 511 437 2377 762
is_linear=0
shrinkage=0.0161


Tree=81
num_leaves=31
num_cat=0
split_feature=289 111 534 50 347 163 540 109 46 480 443 230 198 441 58 426 425 517 244 323 494 24 141 85 133 376 294 51 544 124
split_gain=28511 13786.5 10743.7 7862.44 11350.2 7541.92 7376.03 5871.21 5312.58 7889.94 5247.95 4931.14 4676.11 5961.57 4591.18 4504.37 4363.65 3995.39 3831.62 3563.57 3636.14 3446.92 4920.47 3350.78 3257.33 3632.3 3054.84 4080.8 4382.17 4242.29
threshold=8.0000000000000018 20.000000000000004 47.500000000000007 29.500000000000004 35.500000000000007 8.0000000000000018 233.25000000000003 13.500000000000002 20.000000000000004 153.50000000000003 10.500000000000002 29.500000000000004 10.500000000000002 13.500000000000002 16.500000000000004 35.500000000000007 8.0000000000000018 205.50000000000003 35.500000000000007 8.0000000000000018 57.500000000000007 13.500000000000002 8.0000000000000018 10.500000000000002 13.500000000000002 4.5000000000000009 6.5000000000000009 8.0000000000000018 91.049999237060561 6.5000000000000009
decision_type=2 2 2 2 2 2 10 2 2 2 2 2 2 2 2 2 2 2 2 2 2 2 2 2 2 2 2 2 10 2
left_child=2 6 19 15 10 12 7 -2 24 -10 -5 18 -4 -14 -12 21 -15 -8 26 -1 -21 -3 -23 -22 -9 -26 -7 -28 -29 -30
right_child=1 3 5 4 -6 11 17 8 9 -11 14 -13 13 16 -16 -17 -18 -19 -20 20 23 22 -24 -25 25 -27 27 28 29 -31
leaf_value=-0.039533149464252591 -0.0094807882823168231 -0.00065179830022187664 -0.028357756758405246 -0.0022242923706008934 0.20777348578799359 -0.014026344293054301 0.027352836252793871 -0.0028168728560916223 0.023998406051040637 0.12872085585519766 0.052065833213104797 0.09967358466336268 -0.013035109172853969 0.1256829719571177 0.15250770702322269 0.10926248726381355 0.0094776305322698453 0.14012205190107985 0.072762753686497636 -0.023267771963415517 -0.015146548350259309 0.09497311535551424 0.014603677841963454 0.088784030905691383 0.10266951455259839 0.017911043001116716 -0.0030196068800975497 -0.018403077074361486 0.12545385764979797 0.032860937111948485
leaf_weight=4202 3383 770 2762 222 174 1130 163 1896 669 259 299 175 832 167 196 178 169 164 244 1372 160 329 496 161 168 601 849 183 227 297
leaf_count=4202 3383 770 2762 222 174 1130 163 1896 669 259 299 175 832 167 196 178 169 164 244 1372 160 329 496 161 168 601 849 183 227 297
internal_value=0.000219705 0.0206833 -0.0155527 0.0520364 0.0910679 -0.00211485 0.00924298 0.00573622 0.0200704 0.0532513 0.0627133 0.0166356 -0.0169351 0.0100561 0.0918843 0.0324083 0.0673045 0.0839819 0.011668 -0.0315851 -0.0118444 0.0238167 0.0466826 0.0369073 0.0085074 0.0364585 0.00610926 0.0207473 0.049321 0.0730177
internal_weight=22897 9967 12930 2664 891 7035 7303 6976 3593 928 717 3105 3930 1168 495 1773 336 327 2930 5895 1693 1595 825 321 2665 769 2686 1556 707 524
internal_count=22897 9967 12930 2664 891 7035 7303 6976 3593 928 717 3105 3930 1168 495 1773 336 327 2930 5895 1693 1595 825 321 2665 769 2686 1556 707 524
is_linear=0
shrinkage=0.0161


Tree=82
num_leaves=31
num_cat=0
split_feature=409 504 551 172 596 58 443 478 169 493 17 391 207 541 311 11 87 5 563 500 550 498 232 123 339 170 441 351 163 118
split_gain=25322.9 11499.4 11370.3 10265.1 8690.59 7794.74 6867.31 6162.37 5956.46 6035.92 5434.91 5010.96 4605.87 4546.66 4501.83 6017.67 5788.1 4491.26 4386.13 3907.18 5757.81 3601.65 3237.5 3180.83 4309.37 3067.95 3023.16 2987.4 2987.34 3260.8
threshold=10.500000000000002 42.500000000000007 224.44999694824222 10.500000000000002 196.25000000000003 29.500000000000004 4.5000000000000009 13.500000000000002 24.500000000000004 132.50000000000003 13.500000000000002 10.500000000000002 3.5000000000000004 226.84999847412112 10.500000000000002 8.0000000000000018 16.500000000000004 4.5000000000000009 115.14999771118165 98.500000000000014 163.25000000000003 182.50000000000003 6.5000000000000009 6.5000000000000009 6.5000000000000009 8.0000000000000018 13.500000000000002 29.500000000000004 6.5000000000000009 16.500000000000004
decision_type=2 2 10 2 10 2 2 2 2 2 2 2 2 10 2 2 2 2 10 2 8 2 2 2 2 2 2 2 2 2
left_child=1 22 3 13 -4 8 27 12 -5 11 -7 -10 -8 25 17 -16 -17 -9 19 20 23 -21 -1 24 -14 -2 -19 -3 -20 -30
right_child=2 6 4 5 -6 10 7 14 9 -11 -12 -13 18 -15 15 16 -18 26 28 21 -22 -23 -24 -25 -26 -27 -28 -29 29 -31
leaf_value=-0.038804623816622329 -0.018011044753529982 -0.029075936262163871 0.1703464289139868 0.013529270302951864 0.037921219651117777 0.14329404925796765 -0.039995661896025297 0.07209023161814819 0.049845428253948942 0.0010981739914257607 0.033296114001326017 0.14026751060722858 0.0030264373041490869 0.086088603087281279 0.12829732713093336 0.00042948502823892857 0.10480044319871099 -0.026105883906466891 -0.033229216297225313 -0.042729716272921645 0.1186681485770829 0.050622572947240797 -0.013814205758400028 -0.014101415154615337 0.11781115331011772 0.0094057510173257541 0.036401813072304702 0.042368012966107961 -0.0064699101189119295 0.064887375898729116
leaf_weight=3768 1704 2145 226 2051 299 287 716 243 360 287 197 286 180 161 237 439 201 617 842 305 221 165 2094 307 161 2790 297 163 853 206
leaf_count=3768 1704 2145 226 2051 299 287 716 243 360 287 197 286 180 161 237 439 201 617 842 305 221 165 2094 307 161 2790 297 163 853 206
internal_value=0.000637109 -0.0126194 0.0223457 0.0176489 0.094972 0.0386179 -0.000421941 0.0086667 0.0288858 0.0626186 0.0985708 0.0899139 -0.00303725 0.0020218 0.0314417 0.0589589 0.0332453 0.0105635 0.00512284 0.0274478 0.0476783 -0.00990703 -0.0298817 0.0234309 0.05729 -0.000984699 -0.00576855 -0.0240201 -0.0105897 0.00738851
internal_weight=22808 14160 8648 8123 525 3468 8298 5990 2984 933 484 646 3956 4655 2034 877 640 1157 3240 1339 869 470 5862 648 341 4494 914 2308 1901 1059
internal_count=22808 14160 8648 8123 525 3468 8298 5990 2984 933 484 646 3956 4655 2034 877 640 1157 3240 1339 869 470 5862 648 341 4494 914 2308 1901 1059
is_linear=0
shrinkage=0.0161


Tree=83
num_leaves=31
num_cat=0
split_feature=410 109 172 203 554 225 503 384 145 242 290 517 502 43 110 367 597 446 472 55 123 309 584 293 69 32 522 497 473 203
split_gain=27086.4 10973.5 10587.1 8401.91 6372.65 6029.67 6554.97 7289.19 5768.64 5576.77 5465.67 5427.63 6627.02 6023.43 5122.64 5638.04 3709.47 3579.54 3597.65 3404.78 3694.75 3301.63 3299.04 5726.32 3247.17 3051.55 4135.11 2961.35 2937.13 2873.58
threshold=10.500000000000002 16.500000000000004 4.5000000000000009 4.5000000000000009 221.94999694824222 43.500000000000007 207.50000000000003 43.500000000000007 6.5000000000000009 61.500000000000007 20.000000000000004 132.50000000000003 42.500000000000007 24.500000000000004 6.5000000000000009 8.0000000000000018 180.15000152587893 5.5000000000000009 20.000000000000004 10.500000000000002 8.0000000000000018 13.500000000000002 126.54999923706056 5.5000000000000009 16.500000000000004 10.500000000000002 170.50000000000003 230.50000000000003 5.5000000000000009 10.500000000000002
decision_type=2 2 2 2 10 2 2 2 2 2 2 2 2 2 2 2 10 2 2 2 2 2 8 2 2 2 2 2 2 2
left_child=2 4 27 -3 8 6 7 10 16 14 21 12 -10 19 29 -16 -2 -12 -19 28 -21 -5 -17 -24 -23 26 -25 -1 -14 -4
right_child=1 3 9 5 -6 -7 -8 -9 11 -11 17 -13 13 -15 15 22 -18 18 -20 20 -22 24 23 25 -26 -27 -28 -29 -30 -31
leaf_value=-0.034511749202951594 -0.02472611263930298 -0.022263510849441569 -0.024570149827183464 0.0086156330301052162 0.080784421888716582 0.13849815318502134 -0.012327733785835553 0.15960533780600411 2.8673185254512307e-05 0.083465999698214638 0.025205579652443189 -0.014805053156194115 0.064464671790182768 0.13757288129476242 -0.010008826348976997 0.0035288789173839601 0.044995833390385445 0.07092450032785369 0.14849554636185583 0.11830677395679486 0.021624926610678854 0.11924252312220777 0.10755657334794903 0.10142616633885898 0.022714967894943497 -0.0078885260939402686 -0.0055234273910387925 0.020479006404136482 -0.015151348812614191 0.0047733719839199024
leaf_weight=5325 1869 421 3388 790 290 207 394 172 927 187 232 929 187 203 2118 793 221 437 242 230 186 168 293 221 197 388 162 266 335 1160
leaf_count=5325 1869 421 3388 790 290 207 394 172 927 187 232 929 187 203 2118 793 221 437 242 230 186 168 293 221 197 388 162 266 335 1160
internal_value=-0.00100345 0.021508 -0.0146008 0.0448161 0.00737233 0.0547717 0.0481779 0.0588404 0.00318263 -0.00349919 0.0504401 0.0175039 0.0320292 0.0580073 -0.00541002 0.00793708 -0.0173423 0.0799393 0.098606 0.0407628 0.0751354 0.0271524 0.0284179 0.0469457 0.0672086 0.0238814 0.0561275 -0.0318913 0.013325 -0.0170807
internal_weight=22938 8637 14301 3260 5377 2839 2632 2238 5087 8710 2066 2997 2068 1141 8523 3975 2090 911 679 938 416 1155 1857 1064 365 771 383 5591 522 4548
internal_count=22938 8637 14301 3260 5377 2839 2632 2238 5087 8710 2066 2997 2068 1141 8523 3975 2090 911 679 938 416 1155 1857 1064 365 771 383 5591 522 4548
is_linear=0
shrinkage=0.0161


Tree=84
num_leaves=31
num_cat=0
split_feature=169 172 347 552 504 59 173 188 591 470 330 203 527 290 562 25 258 468 450 110 234 544 108 56 419 62 554 480 239 404
split_gain=25226.1 14148.4 9727.94 8894.78 8728.34 6512.03 7951.55 5765.24 6052.25 7251.87 7442.21 4602.01 5069.84 5589.76 4643.15 4568.43 3862.02 4854.81 5085.02 3738.89 3851.24 3718.1 3333.92 3818.26 4924.17 3552.48 3372.75 2924.02 2738.53 2731.52
threshold=8.0000000000000018 10.500000000000002 61.500000000000007 240.75000000000003 34.500000000000007 35.500000000000007 16.500000000000004 20.000000000000004 244.44999694824222 5.5000000000000009 8.0000000000000018 5.5000000000000009 110.50000000000001 16.500000000000004 231.15000152587893 3.5000000000000004 8.0000000000000018 20.000000000000004 20.000000000000004 43.500000000000007 43.500000000000007 99.950000762939467 24.500000000000004 29.500000000000004 13.500000000000002 8.0000000000000018 77.450000762939467 61.500000000000007 6.5000000000000009 24.500000000000004
decision_type=2 2 2 10 2 2 2 2 8 2 2 2 2 2 10 2 2 2 2 2 2 8 2 2 2 2 8 2 2 2
left_child=4 3 5 16 28 11 -7 15 9 -9 -11 -3 13 27 -14 -6 -2 -18 29 20 22 -15 23 26 -25 -24 -17 -13 -1 -19
right_child=1 2 -4 -5 7 6 -8 8 -10 10 -12 12 14 21 -16 19 17 18 -20 -21 -22 -23 25 24 -26 -27 -28 -29 -30 -31
leaf_value=-0.042144572872789887 -0.014391977135416277 -0.0060808803295585899 0.14083010522407508 0.11761934170046753 -0.03821921564464742 0.033047599582213816 0.18282460779370208 -0.013644974365686 -0.035748119451732882 0.13347532728204928 0.023369558904996094 0.004744279476039651 0.0013712420197495875 0.052996228275466822 0.0932445262972664 0.039233666948344459 -0.002817654167653374 0.0037460168671494863 0.11621138086552546 0.062669582754965647 0.058183964067505589 0.12739670952908078 -0.014636040558812286 -0.013098171786242464 0.097242020719480252 0.080776104591602685 -0.02277037460665262 0.070636440402653614 -0.017112050234497394 0.079026599773895437
leaf_weight=3092 2912 790 239 167 1348 210 164 353 319 312 326 493 1054 341 165 241 1749 499 195 203 220 359 199 263 174 205 3958 271 1794 167
leaf_count=3092 2912 790 239 167 1348 210 164 353 319 312 326 493 1054 341 165 241 1749 499 195 203 220 359 199 263 174 205 3958 271 1794 167
internal_value=-0.00126624 0.0182754 0.0411311 0.00185558 -0.0159539 0.034931 0.0987882 -0.00572043 0.0252053 0.0448498 0.0772513 0.0280476 0.0381054 0.0583054 0.0138262 -0.011672 -0.00164117 0.012576 0.0438734 -0.00511715 -0.00773773 0.0911867 -0.0106199 -0.014489 0.030782 0.0337203 -0.0192061 0.0281478 -0.0329582 0.022658
internal_weight=22782 9775 4086 5689 13007 3847 374 8121 1310 991 638 3473 2683 1464 1219 6811 5522 2610 861 5463 5260 700 5040 4636 437 404 4199 764 4886 666
internal_count=22782 9775 4086 5689 13007 3847 374 8121 1310 991 638 3473 2683 1464 1219 6811 5522 2610 861 5463 5260 700 5040 4636 437 404 4199 764 4886 666
is_linear=0
shrinkage=0.0161


Tree=85
num_leaves=31
num_cat=0
split_feature=410 491 114 201 287 145 178 535 409 368 131 111 24 277 427 472 252 406 102 495 563 568 489 411 322 215 110 393 96 520
split_gain=27650.9 10454 9289 7079.3 7306.79 6547.96 5678.35 6391.22 5800.61 6769.42 8359.62 5544.62 4814.69 4366.41 5306.14 5061.91 4882.7 3830.51 4326.4 4058.36 7228.86 9761.9 4081.12 3681.63 3322.44 3212.27 5033.96 3010.75 3460.01 2889.98
threshold=13.500000000000002 40.500000000000007 10.500000000000002 29.500000000000004 24.500000000000004 5.5000000000000009 5.5000000000000009 215.50000000000003 10.500000000000002 6.5000000000000009 10.500000000000002 4.5000000000000009 4.5000000000000009 4.5000000000000009 16.500000000000004 8.0000000000000018 10.500000000000002 61.500000000000007 52.000000000000007 227.50000000000003 200.34999847412112 187.55000305175784 234.50000000000003 5.5000000000000009 13.500000000000002 6.5000000000000009 16.500000000000004 16.500000000000004 13.500000000000002 190.50000000000003
decision_type=2 2 2 2 2 2 2 2 2 2 2 2 2 2 2 2 2 2 2 2 10 8 2 2 2 2 2 2 2 2
left_child=1 23 12 5 -5 -4 -7 8 -8 -10 -11 27 -2 -14 29 -16 -17 18 19 24 21 -21 -22 -1 -13 -26 -27 -3 -29 -15
right_child=2 11 3 4 -6 6 7 -9 9 10 -12 17 13 14 15 16 -18 -19 -20 20 22 -23 -24 -25 25 26 -28 28 -30 -31
leaf_value=-0.039599713786056333 -0.028328348932205542 -0.027169913214376819 -0.0082008783640243541 0.05817935583304043 0.1925425652125074 0.010270836508759365 0.036764407454255341 -0.011557868901528006 0.046459887986245361 0.20606305766422678 0.074996241227262436 -0.011421948574221389 -0.014783231455692795 0.023134613778936032 0.018201036753824212 0.16026160722603047 0.042689794790590999 0.077841399373205139 0.064320785674824271 0.0064894559668016039 0.035887029145705684 0.16438949443808487 -0.075723413394534714 -0.015068942173911151 -0.010339363293611209 0.011687321963893103 0.097574077193403566 -0.019220281807291725 0.052314021010856464 -0.034719195674595249
leaf_weight=3331 720 2431 651 307 160 653 482 227 298 264 243 3552 781 1302 302 203 168 195 306 210 177 197 163 3035 615 575 256 425 298 270
leaf_count=3331 720 2431 651 307 160 653 482 227 298 264 243 3552 781 1302 302 203 168 195 306 210 177 197 163 3035 615 575 256 425 298 270
internal_value=-0.000135322 -0.0119774 0.0264154 0.0461786 0.104264 0.0365443 0.0499973 0.067116 0.0810107 0.107474 0.14329 -0.00118589 0.00907813 0.0179863 0.0293968 0.0672344 0.107085 0.00759817 0.00533061 0.00218448 0.0371889 0.0829756 -0.0175511 -0.0279083 -0.00304257 0.0175245 0.0381741 -0.0185888 0.0102316 0.0131829
internal_weight=22797 15766 7031 3285 467 2818 2167 1514 1287 805 507 9400 3746 3026 2245 673 371 6246 6051 5745 747 407 340 6366 4998 1446 831 3154 723 1572
internal_count=22797 15766 7031 3285 467 2818 2167 1514 1287 805 507 9400 3746 3026 2245 673 371 6246 6051 5745 747 407 340 6366 4998 1446 831 3154 723 1572
is_linear=0
shrinkage=0.0161


Tree=86
num_leaves=31
num_cat=0
split_feature=411 169 494 178 554 245 237 263 431 267 572 360 352 118 470 54 579 499 259 110 23 138 347 393 279 147 129 228 540 461
split_gain=25599.7 11960.1 8594.74 7297.7 8695.81 6010.26 7163.72 5720.92 6517.97 6077.08 9194.49 4554.88 4465.87 4297.47 4148.37 4121.39 4626.87 6193.64 5807.87 3922.98 5541.18 3828.99 3780.7 3769.62 3848.18 3752.51 2894.76 2886.43 2889.57 2725.49
threshold=6.5000000000000009 8.0000000000000018 56.500000000000007 5.5000000000000009 226.84999847412112 16.500000000000004 24.500000000000004 5.5000000000000009 8.0000000000000018 24.500000000000004 181.25000000000003 13.500000000000002 6.5000000000000009 29.500000000000004 43.500000000000007 16.500000000000004 167.05000305175784 42.500000000000007 8.0000000000000018 24.500000000000004 10.500000000000002 8.0000000000000018 4.5000000000000009 24.500000000000004 8.0000000000000018 24.500000000000004 35.500000000000007 16.500000000000004 172.25000000000003 3.5000000000000004
decision_type=2 2 2 2 10 2 2 2 2 2 8 2 2 2 2 2 10 2 2 2 2 2 2 2 2 2 2 2 10 2
left_child=2 3 -1 26 15 19 11 25 12 13 -11 -7 -9 14 29 23 17 -17 -19 27 -21 -13 -14 -5 -25 -3 -2 -4 -29 -10
right_child=1 7 5 4 -6 6 -8 8 9 10 -12 21 22 -15 -16 16 -18 18 -20 20 -22 -23 -24 24 -26 -27 -28 28 -30 -31
leaf_value=-0.031531131601977458 -0.024478186240590647 -0.0052520915602988494 -0.023123488167122865 -0.0093055016520564148 0.12100383967320738 -0.0128437209571594 0.12136415168043475 -0.014666681370745871 0.084342643313016996 0.050670667038389128 0.20163504771255916 0.0028092522310233592 0.087929843409532124 0.10736711184088973 0.10732806990005338 -0.0035375588668080885 -0.029718545391249473 0.036300993341940209 0.14258379647686412 -0.026278220085213008 0.09575323591602726 0.11039655271863268 0.023521670417701188 -0.002303747762865814 0.10486603076046287 0.074024583200801741 0.044876945482816011 -0.0061816723402197135 0.071652741306373557 0.022726261053327413
leaf_weight=5242 2323 1230 3082 2141 193 644 186 639 214 249 181 163 294 275 206 311 217 282 254 185 201 182 1213 185 163 177 167 459 169 1449
leaf_count=5242 2323 1230 3082 2141 193 644 186 639 214 249 181 163 294 275 206 311 217 282 254 185 201 182 1213 185 163 177 167 459 169 1449
internal_value=0.00153491 0.0172415 -0.0169333 0.00154102 0.0157443 -0.00241135 0.0296817 0.0332174 0.041712 0.0589922 0.114271 0.0124153 0.0209744 0.0478945 0.0391313 0.0100199 0.0365418 0.0535454 0.0867103 -0.0116235 0.0372057 0.0596337 0.0361027 -0.0013082 0.047826 0.00470415 -0.0198172 -0.0167102 0.0147267 0.0306694
internal_weight=22876 12363 10513 6236 3746 5271 1175 6127 4720 2574 430 989 2146 2144 1869 3553 1064 847 536 4096 386 345 1507 2489 348 1407 2490 3710 628 1663
internal_count=22876 12363 10513 6236 3746 5271 1175 6127 4720 2574 430 989 2146 2144 1869 3553 1064 847 536 4096 386 345 1507 2489 348 1407 2490 3710 628 1663
is_linear=0
shrinkage=0.0161


Tree=87
num_leaves=31
num_cat=0
split_feature=111 234 6 503 239 406 83 169 169 312 575 162 540 104 245 591 327 579 204 239 110 310 468 151 368 555 503 382 4 268
split_gain=23189.1 10998 12277.1 9877.59 9380.86 7494.99 6359.26 7378.6 5327.64 4438.9 4214.74 4103.32 4071.86 3973.69 4207.26 3669.87 3590.44 3885.29 3184.23 3140.66 3653.6 4299.71 4557.58 3103.91 3461.53 2886.47 2840.78 3294.94 2776.04 4105.65
threshold=8.0000000000000018 6.5000000000000009 16.500000000000004 35.500000000000007 35.500000000000007 35.500000000000007 16.500000000000004 24.500000000000004 16.500000000000004 2.5000000000000004 154.15000152587893 24.500000000000004 233.25000000000003 4.5000000000000009 29.500000000000004 106.25000000000001 13.500000000000002 152.44999694824222 24.500000000000004 10.500000000000002 5.5000000000000009 20.000000000000004 20.000000000000004 8.0000000000000018 24.500000000000004 180.15000152587893 181.50000000000003 5.5000000000000009 10.500000000000002 10.500000000000002
decision_type=2 2 2 2 2 2 2 2 2 2 8 2 10 2 2 8 2 8 2 2 2 2 2 2 2 10 2 2 2 2
left_child=3 8 6 -1 5 13 -3 11 23 -5 -9 15 19 -4 18 -8 -10 -18 -15 25 28 22 -22 -2 -25 26 -11 -28 29 -21
right_child=1 2 4 9 -6 -7 7 10 16 12 -12 -13 -14 14 -16 -17 17 -19 -20 20 21 -23 -24 24 -26 -27 27 -29 -30 -31
leaf_value=-0.032969532845157246 -0.023140299683093675 0.0022850327045891073 0.093757412689480388 -0.042390490635120043 0.17514236121417256 0.15081575307478451 0.054806117722454736 0.15309179779177001 0.011873019503400653 -0.0098859074672119143 0.048253775084489504 0.096858918669235253 0.057903996912144616 0.031285383393675259 -0.026806882461125444 -0.011997513237322939 0.015915996642646802 0.12551700498965521 0.1103204220448348 -0.021282253450974512 -0.0022217113243419013 0.087975895394586334 0.079732752579684096 -0.0035968447367545763 0.062379033374800177 -0.043215008619243753 0.088783358293370293 -0.0016225206869821638 -0.041744993904441932 0.07549103583475851
leaf_weight=4635 2070 2695 310 672 187 187 316 208 972 3156 192 164 311 727 270 654 162 175 162 302 791 273 226 1243 247 582 172 265 413 182
leaf_count=4635 2070 2695 310 672 187 187 316 208 972 3156 192 164 311 727 270 654 162 175 162 302 791 273 226 1243 247 582 172 265 413 182
internal_value=0.000908836 0.0178552 0.0323099 -0.0145658 0.066993 0.0547663 0.0171894 0.0433586 -0.000166076 -0.00294908 0.102828 0.0223609 0.00101931 0.0425234 0.0287994 0.00974105 0.0276024 0.0729003 0.0457142 -0.00175774 0.0138672 0.0312245 0.0159672 -0.0103831 0.0073243 -0.00994822 -0.00455306 0.0339067 -0.0110686 0.0150591
internal_weight=22921 10941 6072 11980 1843 1656 4229 1534 4869 7345 400 1134 6673 1469 1159 970 1309 337 889 6362 2187 1290 1017 3560 1490 4175 3593 437 897 484
internal_count=22921 10941 6072 11980 1843 1656 4229 1534 4869 7345 400 1134 6673 1469 1159 970 1309 337 889 6362 2187 1290 1017 3560 1490 4175 3593 437 897 484
is_linear=0
shrinkage=0.0161


Tree=88
num_leaves=31
num_cat=0
split_feature=350 178 539 156 563 384 233 531 225 398 197 125 382 553 291 426 288 109 472 110 115 59 148 363 348 60 117 141 181 155
split_gain=26865.1 9854.42 9137.63 7113.77 8983.42 8659.22 9120.52 10071.2 6255.45 5587.59 5145.8 5073.7 5051.15 4798.71 4641.19 5251.36 4570.95 4526.56 5047.88 3662.84 4426.98 4182.19 3743.28 3324.35 3278.78 4093.52 2987.75 3643.41 2930.19 3620.43
threshold=10.500000000000002 6.5000000000000009 23.500000000000004 6.5000000000000009 233.25000000000003 16.500000000000004 16.500000000000004 84.500000000000014 10.500000000000002 16.500000000000004 3.5000000000000004 13.500000000000002 6.5000000000000009 99.950000762939467 20.000000000000004 13.500000000000002 16.500000000000004 6.5000000000000009 5.5000000000000009 6.5000000000000009 52.000000000000007 35.500000000000007 8.0000000000000018 52.000000000000007 10.500000000000002 20.000000000000004 29.500000000000004 8.0000000000000018 10.500000000000002 6.5000000000000009
decision_type=2 2 2 2 10 2 2 2 2 2 2 2 2 10 2 2 2 2 2 2 2 2 2 2 2 2 2 2 2 2
left_child=2 12 -1 14 5 8 11 -8 -5 16 -4 13 -2 -7 -3 -16 -10 -14 -19 20 23 24 -23 26 -21 -26 -12 -28 29 -20
right_child=1 3 10 4 -6 6 7 -9 9 -11 19 -13 17 -15 15 -17 -18 18 28 21 -22 22 -24 -25 25 -27 27 -29 -30 -31
leaf_value=-0.03219606092187749 -0.020953826399540451 0 -0.027311278031994554 -0.0010108279348557954 0.16647216336716039 0.022111924285025786 0.23396364840418638 0.067265557570227855 0.052865129550159963 -0.0037993338036785233 -0.019654662808299569 -0.019033654844185531 -0.018219753523212395 0.14053347721572954 0.019012336597565734 0.12591875788832999 0.15591585824545354 -0.018416032090072646 0.02834639227740151 -0.005723783884764736 0.064783533969080778 0.01322223570579747 0.11794987199172577 0.056452131068161791 0.013151110139462404 0.082883165371935449 -0.014932666723967512 0.082949263897509104 0.013812489009815281 0.095973630850787708
leaf_weight=4272 1326 1374 1994 939 179 175 184 193 277 220 3613 199 626 181 343 183 188 384 372 1975 204 177 178 176 1163 269 232 171 426 461
leaf_count=4272 1326 1374 1994 939 179 175 184 193 277 220 3613 199 626 181 343 183 188 384 372 1975 204 177 178 176 1163 269 232 171 426 461
internal_value=0.000801471 0.0240133 -0.012441 0.0395294 0.0561572 0.0484225 0.0875505 0.148687 0.0259527 0.0629489 -0.00412571 0.0459792 0.004002 0.0823867 0.0155817 0.0562508 0.0945793 0.0185965 0.0326382 0.00153848 -0.00843809 0.0132026 0.0657999 -0.012007 0.00771524 0.0262667 -0.015013 0.026542 0.0482287 0.065801
internal_weight=22654 8230 14424 4635 2735 2556 932 377 1624 685 10152 555 3595 356 1900 526 465 2269 1643 8158 4396 3762 355 4192 3407 1432 4016 403 1259 833
internal_count=22654 8230 14424 4635 2735 2556 932 377 1624 685 10152 555 3595 356 1900 526 465 2269 1643 8158 4396 3762 355 4192 3407 1432 4016 403 1259 833
is_linear=0
shrinkage=0.0161


Tree=89
num_leaves=31
num_cat=0
split_feature=231 409 553 496 156 442 201 229 83 581 56 336 344 52 228 129 155 541 170 102 54 471 322 108 551 577 540 117 219 535
split_gain=24982.9 11547.6 7619.45 6305.86 5901.38 5654.78 5465.72 5249.48 4888.99 4849.82 4689.24 5911.02 4056.94 3845.96 6939.69 3706.87 3697.48 3493.03 3390.12 3295.09 3260.34 2875.99 2815.4 3453.54 3074.69 2743.34 4777.03 2730.97 2695.76 2597.2
threshold=6.5000000000000009 10.500000000000002 251.25000000000003 246.50000000000003 6.5000000000000009 43.500000000000007 6.5000000000000009 6.5000000000000009 13.500000000000002 136.55000305175784 29.500000000000004 5.5000000000000009 20.000000000000004 29.500000000000004 13.500000000000002 35.500000000000007 8.0000000000000018 209.25000000000003 8.0000000000000018 35.500000000000007 16.500000000000004 6.5000000000000009 10.500000000000002 35.500000000000007 231.15000152587893 162.34999847412112 145.55000305175784 4.5000000000000009 4.5000000000000009 122.50000000000001
decision_type=2 2 10 2 2 2 2 2 2 8 2 2 2 2 2 2 2 10 2 2 2 2 2 2 8 10 10 2 2 2
left_child=3 8 4 7 13 10 -5 17 15 -7 11 16 -9 25 -15 -2 -6 27 -14 -10 -12 -20 -13 24 -24 26 29 -1 -29 -3
right_child=1 2 -4 6 5 9 -8 12 19 -11 20 22 18 14 -16 -17 -18 -19 21 -21 -22 -23 23 -25 -26 -27 -28 28 -30 -31
leaf_value=-0.045937807509725488 -0.015048145949414334 0.0084716369442037406 0.13774032193083283 0.10779065049542602 0.034106872630353439 0.16860334465160107 -0.0030993008210920391 -0.013985515195986209 0.013656069060795561 0.04357687267407926 0.045111952417524644 -0.0040104094669084931 -0.0044169409200708575 -0.0066516236316804195 0.13336871225247476 0.04354905701737697 0.13450750018029992 0.039344150079885266 0.016483865282423908 0.08347412459678881 0.13656989540599029 0.11107616044176247 0.0065487416521759108 0.097480224749451269 0.083173663880367413 -0.040247246452914977 0.0899800446789457 -0.040508885552236806 -0.013873425941002838 -0.053440482193250385
leaf_weight=2278 3636 1047 172 183 188 163 310 3519 1747 160 228 955 389 206 165 303 194 184 162 195 183 173 730 184 167 373 166 1592 2594 211
leaf_count=2278 3636 1047 172 183 188 163 310 3519 1747 160 228 955 389 206 165 303 194 184 162 195 183 173 730 184 167 373 166 1592 2594 211
internal_value=-0.00142616 0.0154499 0.0322377 -0.018288 0.0288223 0.0428873 0.0380149 -0.0208388 -0.000223513 0.106744 0.0355882 0.0270282 -0.00684024 0.00836273 0.0555581 -0.0105347 0.0851573 -0.0297696 0.0278569 0.0206788 0.0858914 0.0654033 0.0161103 0.0339075 0.0208407 -0.00136791 0.00879954 -0.0317406 -0.0240089 -0.00189396
internal_weight=22757 11373 5492 11384 5320 3152 493 10891 5881 323 2829 2418 4243 2168 371 3939 382 6648 724 1942 411 335 2036 1081 897 1797 1424 6464 4186 1258
internal_count=22757 11373 5492 11384 5320 3152 493 10891 5881 323 2829 2418 4243 2168 371 3939 382 6648 724 1942 411 335 2036 1081 897 1797 1424 6464 4186 1258
is_linear=0
shrinkage=0.0161


Tree=90
num_leaves=31
num_cat=0
split_feature=409 552 598 230 172 84 189 164 418 5 320 144 530 404 523 51 225 357 86 107 270 9 110 545 345 529 558 252 230 367
split_gain=23682.7 10806.2 9427.6 9018.97 7735.21 6386.85 6524.7 5557.08 7014.25 4696.52 4609 4856.34 4640.69 4567.81 4303.29 3857.7 3664.96 3487.44 3315.49 3187.27 3182.65 3604.75 5756.68 3026.17 3233 3886.05 3562.14 3360.18 2928.93 3129.85
threshold=10.500000000000002 238.25000000000003 200.34999847412112 16.500000000000004 4.5000000000000009 35.500000000000007 10.500000000000002 10.500000000000002 52.000000000000007 52.000000000000007 20.000000000000004 6.5000000000000009 103.50000000000001 35.500000000000007 80.500000000000014 6.5000000000000009 20.000000000000004 13.500000000000002 8.0000000000000018 2.5000000000000004 29.500000000000004 13.500000000000002 8.0000000000000018 213.05000305175784 16.500000000000004 193.50000000000003 197.65000152587893 6.5000000000000009 6.5000000000000009 6.5000000000000009
decision_type=2 10 10 2 2 2 2 2 2 2 2 2 2 2 2 2 2 2 2 2 2 2 2 10 2 2 8 2 2 2
left_child=4 3 -3 9 13 10 -7 19 18 15 11 -5 14 -1 -13 -2 17 -12 -9 -6 21 -20 -23 24 25 -17 27 -26 -21 -30
right_child=1 2 -4 5 7 6 -8 8 -10 -11 16 12 -14 -15 -16 23 -18 -19 20 28 -22 22 -24 -25 26 -27 -28 -29 29 -31
leaf_value=-0.032203514944397993 -0.017639075629232191 0.19561446116138395 0.027515471141000052 -0.020193173174451975 -0.042644196967748155 0.040937887845882308 0.16704844835921856 -0.011046924336518951 0.11238327139992534 0.083022591762190789 0.0091433825796523663 0.040262358581063903 0.00087050574636907358 0.042447798026557258 0.13382371357290504 0.0058206662272694267 0.12211436119585621 0.09602160392159928 0.011029942543928882 -0.018629826822506152 -0.040029290972218738 0.022151581661141152 0.12925291609501877 0.076963442468197529 0.062335724005251385 -0.06073089025925496 0.0905793016953296 -0.017367820441053901 -0.015161698803366369 0.024889022904415914
leaf_weight=4817 1794 168 179 625 828 243 190 1391 174 189 323 566 597 222 165 1975 205 191 918 3013 186 341 211 175 229 257 223 341 940 1094
leaf_count=4817 1794 168 179 625 828 243 190 1391 174 189 323 566 597 222 165 1975 205 191 918 3013 186 341 211 175 229 257 223 341 940 1094
internal_value=-7.30168e-05 0.0209336 0.108968 0.0172449 -0.0129075 0.0389448 0.0963294 -0.00403984 0.0129519 0.0042405 0.0296367 0.0167905 0.034214 -0.02891 0.0614131 0.00125425 0.0644979 0.0414727 0.00726611 -0.0133597 0.0226628 0.0306113 0.0631333 0.0118537 0.00807921 -0.00183176 0.0360046 0.0146121 -0.00855064 0.00636827
internal_weight=22770 8635 347 8288 14135 3105 433 9096 3221 5183 2672 1953 1328 5039 731 4994 719 514 3047 5875 1656 1470 552 3200 3025 2232 793 570 5047 2034
internal_count=22770 8635 347 8288 14135 3105 433 9096 3221 5183 2672 1953 1328 5039 731 4994 719 514 3047 5875 1656 1470 552 3200 3025 2232 793 570 5047 2034
is_linear=0
shrinkage=0.0161


Tree=91
num_leaves=31
num_cat=0
split_feature=410 173 526 347 110 59 299 508 537 545 66 254 159 433 240 552 349 383 161 379 561 274 547 157 493 501 235 472 494 349
split_gain=20729.9 10948.5 10025.2 8775.74 8572.78 5625.57 4917.45 6593.04 4800.59 5906.05 6429.03 4637.86 4420.08 4323.07 4564.43 5709.86 4313.48 4119.34 3760.44 5991.79 3636.98 3627.4 3563.31 5275.15 3560.01 5356.07 3392.39 3094.41 4361.62 2929.53
threshold=13.500000000000002 10.500000000000002 70.500000000000014 35.500000000000007 29.500000000000004 35.500000000000007 35.500000000000007 178.50000000000003 246.50000000000003 228.75000000000003 13.500000000000002 4.5000000000000009 8.0000000000000018 3.5000000000000004 10.500000000000002 240.75000000000003 8.0000000000000018 10.500000000000002 29.500000000000004 10.500000000000002 92.149997711181655 16.500000000000004 163.25000000000003 20.000000000000004 129.50000000000003 111.50000000000001 13.500000000000002 4.5000000000000009 248.50000000000003 10.500000000000002
decision_type=2 2 2 2 2 2 2 2 2 8 2 2 2 2 2 8 2 2 2 2 8 2 10 2 2 2 2 2 2 2
left_child=2 11 16 5 -5 8 12 -8 9 17 -11 -2 20 -14 -15 24 -1 -3 21 -20 -4 29 23 -19 25 -16 -23 -22 -29 -13
right_child=1 3 6 4 -6 -7 7 -9 -10 10 -12 18 13 14 15 -17 -18 22 19 -21 27 26 -24 -25 -26 -27 -28 28 -30 -31
leaf_value=-0.029326628834640073 -0.022657803607010613 -0.009329196437711287 0.05455521440674381 0.049042110462043646 0.20108176764139876 0.10572127285165285 0.0096136656506815282 0.1264399458128172 -0.053226166097414408 0.037216894999530049 0.15301106493018393 -0.023170814286136338 -0.034961233166041106 0.003244686289984141 0.005673691345217613 0.10904558002096958 -0.0038585875253306953 0.035606057512904951 0.13711473414559819 -0.0001653933214464676 -0.039189396657350731 0.018549859382654396 -0.013887379893639014 0.13850311316829544 -0.0001391968329504123 0.12795139896585586 0.10106769053079998 -0.013439988627076961 0.053445683936788696 0.018183818727854597
leaf_weight=5903 1083 719 203 213 176 270 365 191 174 325 202 866 409 1605 195 276 2438 587 163 166 1021 431 231 166 557 178 185 2289 284 911
leaf_count=5903 1083 719 203 213 176 270 365 191 174 325 202 866 409 1605 195 276 2438 587 163 166 1021 431 231 166 557 178 185 2289 284 911
internal_value=0.000379246 0.023758 -0.00970885 0.0464155 0.117892 0.0360087 0.00369943 0.0497888 0.0281693 0.0345309 0.0816457 0.00551272 4.41292e-05 0.0139233 0.0210443 0.0447134 -0.0218854 0.0199372 0.0167295 0.0677772 -0.0117197 0.00970146 0.0413458 0.0583211 0.0255959 0.0640892 0.0433702 -0.0154697 -0.0060482 -0.00195663
internal_weight=22782 6868 15914 3063 389 2674 7573 556 2404 2230 527 3805 7017 3220 2811 1206 8341 1703 2722 329 3797 2393 984 753 930 373 616 3594 2573 1777
internal_count=22782 6868 15914 3063 389 2674 7573 556 2404 2230 527 3805 7017 3220 2811 1206 8341 1703 2722 329 3797 2393 984 753 930 373 616 3594 2573 1777
is_linear=0
shrinkage=0.0161


Tree=92
num_leaves=31
num_cat=0
split_feature=469 536 144 111 109 206 290 40 367 505 535 293 4 230 469 467 424 232 183 526 351 480 525 31 254 347 548 563 599 472
split_gain=19970.1 10281.9 8777.6 6958.65 6568.32 6390.64 5460.29 5061.98 4473.05 5118.82 12602.9 3697.48 3669.57 3519.74 4249.23 3444.06 3394.38 3103.84 2993.1 3937.58 5020.71 4929.43 2783.73 3344.54 2781.52 4016.55 5290.33 3317.72 2985.23 2640.63
threshold=16.500000000000004 15.500000000000002 6.5000000000000009 4.5000000000000009 16.500000000000004 13.500000000000002 35.500000000000007 20.000000000000004 10.500000000000002 242.50000000000003 215.50000000000003 5.5000000000000009 43.500000000000007 16.500000000000004 5.5000000000000009 16.500000000000004 8.0000000000000018 10.500000000000002 10.500000000000002 127.50000000000001 10.500000000000002 60.500000000000007 152.50000000000003 10.500000000000002 3.5000000000000004 4.5000000000000009 178.05000305175784 121.64999771118165 120.95000076293947 5.5000000000000009
decision_type=2 2 2 2 2 2 2 2 2 2 2 2 2 2 2 2 2 2 2 2 2 2 2 2 2 2 8 10 8 2
left_child=1 -1 -2 12 18 15 7 16 11 13 -11 -5 -3 29 -15 -6 -7 -17 19 20 -4 -22 23 -16 -13 26 28 -27 -26 -10
right_child=2 3 4 8 5 6 -8 -9 9 10 -12 24 -14 14 22 17 -18 -19 -20 -21 21 -23 -24 -25 25 27 -28 -29 -30 -31
leaf_value=-0.03178375416750142 -0.0012479667608902084 -0.023252612193042699 0.009656896863297423 -0.020925753881331482 0.012246087436055687 0.098657128967211891 0.17455301985609289 0.14892531599944983 -0.018817137109621757 0.17933067052628163 -0.012044521706341934 -0.024817063328580184 0.048851925823214015 0.11876658256079688 -0.000271253426587096 0.024855702704470444 0.0053944641661300861 0.1044247696674302 -0.0093484129587586284 -0.012093282793017876 0.046786655708215552 0.16378101463722683 -0.030193612245364657 0.10225812539230791 0.045877446784691654 0.02173187099182159 0.098377744265618502 -0.018361659236200711 -0.034092668018069025 0.015592252561385852
leaf_weight=3889 1924 3804 329 2017 628 172 183 166 834 167 191 612 192 160 166 233 247 282 638 318 226 160 167 163 285 1059 292 1081 210 1882
leaf_count=3889 1924 3804 329 2017 628 172 183 166 834 167 191 612 192 160 166 233 247 282 638 318 226 160 167 163 285 1059 292 1081 210 1882
internal_value=-0.000203044 -0.00875954 0.0264769 -0.00201622 0.0413754 0.0617672 0.0977043 0.0736242 0.00562641 0.0192651 0.0771625 -0.00352561 -0.0197822 0.0131112 0.0465851 0.0376 0.0437351 0.0684713 0.0180406 0.0349794 0.0559482 0.0953427 0.0232533 0.0504544 0.00638469 0.0129166 0.0440177 0.00146802 0.0119032 0.00501752
internal_weight=22677 17171 5506 13282 3582 1911 768 585 9286 3730 358 5556 3996 3372 656 1143 419 515 1671 1033 715 386 496 329 3539 2927 787 2140 495 2716
internal_count=22677 17171 5506 13282 3582 1911 768 585 9286 3730 358 5556 3996 3372 656 1143 419 515 1671 1033 715 386 496 329 3539 2927 787 2140 495 2716
is_linear=0
shrinkage=0.0161


Tree=93
num_leaves=31
num_cat=0
split_feature=144 469 470 497 526 292 321 555 169 592 239 155 230 108 534 489 583 218 204 181 227 430 486 559 80 526 225 271 226 350
split_gain=23258.3 15718.2 8161.33 7793.65 8088.57 6520.27 7998.63 5792.43 5591.92 4603.78 4547.62 4265.75 4475.15 4220.15 3916.33 3834.27 7112.21 4284.02 3759.01 3411.93 4245.29 3339.96 3357.45 4676.37 4419.28 3320.35 3080.58 2988.4 2722.96 2617.37
threshold=6.5000000000000009 29.500000000000004 10.500000000000002 221.50000000000003 176.50000000000003 20.000000000000004 13.500000000000002 221.94999694824222 8.0000000000000018 178.05000305175784 10.500000000000002 10.500000000000002 16.500000000000004 6.5000000000000009 163.50000000000003 148.50000000000003 162.34999847412112 13.500000000000002 6.5000000000000009 13.500000000000002 29.500000000000004 4.5000000000000009 193.50000000000003 155.05000305175784 10.500000000000002 101.50000000000001 43.500000000000007 4.5000000000000009 5.5000000000000009 8.0000000000000018
decision_type=2 2 2 2 2 2 2 10 2 10 2 2 2 2 2 2 8 2 2 2 2 2 2 8 2 2 2 2 2 2
left_child=3 2 10 8 -5 13 -7 18 11 -6 29 -1 -13 -3 25 -12 -17 -18 -4 20 21 -20 23 27 -25 -15 -10 -23 -29 -2
right_child=1 5 7 4 9 6 -8 -9 26 -11 15 12 -14 14 -16 16 17 -19 19 -21 -22 22 -24 24 -26 -27 -28 28 -30 -31
leaf_value=-0.035427961612841508 -0.022635004513816649 -0.0039651437839345067 -0.012710308277765221 0.11600229154852883 0.064560498491740045 0.041664388027667636 0.16782900618988714 0.092031490334721591 -0.0059880765946826202 -0.035170995572647627 5.6596300250244182e-06 -0.014773744256510041 0.071793451052589177 0.068968417263920431 0.1264176982624676 0.13773439303385784 -0.016518940489275002 0.085061578488803108 -0.0047520299884629535 0.0037528722741142105 0.10220570166784668 -0.016389741933428719 -0.014750465706233552 0.04812380459945597 0.14850168501575903 -0.013771117839381834 0.063867543122308051 0.093948916664201049 0.024982026841035263 0.0080052831501056642
leaf_weight=4937 2610 361 720 223 186 241 285 318 3355 338 1251 1725 170 381 189 170 328 160 507 1059 244 250 226 250 210 187 172 228 429 998
leaf_count=4937 2610 361 720 223 186 241 285 318 3355 338 1251 1725 170 381 189 170 328 160 507 1059 244 250 226 250 210 187 172 228 429 998
internal_value=0.00123039 0.0171732 0.00955617 -0.0154223 0.0347911 0.0632964 0.110068 0.0258022 -0.0190455 0.000184961 -0.00351711 -0.027545 -0.0069954 0.0412699 0.0628728 0.0165726 0.0480342 0.0167379 0.0206884 0.0277617 0.0385987 0.031197 0.0426531 0.0521606 0.0939997 0.041687 -0.00257478 0.0309153 0.0489516 -0.0141531
internal_weight=22708 11602 9958 11106 747 1644 526 4441 10359 524 5517 6832 1895 1118 757 1909 658 488 4123 3403 2344 2100 1593 1367 460 568 3527 907 657 3608
internal_count=22708 11602 9958 11106 747 1644 526 4441 10359 524 5517 6832 1895 1118 757 1909 658 488 4123 3403 2344 2100 1593 1367 460 568 3527 907 657 3608
is_linear=0
shrinkage=0.0161


Tree=94
num_leaves=31
num_cat=0
split_feature=171 228 580 297 5 112 378 176 528 404 128 593 488 503 263 555 494 116 561 349 379 599 543 380 239 181 224 196 446 172
split_gain=22299.9 8475.34 6975.01 6384.08 5949.69 5504.92 5010.06 5358 5224.88 5095.33 4942.18 8304.37 10364.9 9121.03 4821.61 5027.61 4604.65 4323.91 4072.52 4764.56 3723.75 3651.27 5200.68 3831.62 3624.26 5514.57 4725.32 3548.52 3212.1 3007.15
threshold=6.5000000000000009 13.500000000000002 104.35000228881837 43.500000000000007 52.000000000000007 6.5000000000000009 13.500000000000002 20.000000000000004 125.50000000000001 35.500000000000007 8.0000000000000018 149.65000152587893 157.50000000000003 202.50000000000003 16.500000000000004 233.25000000000003 102.50000000000001 16.500000000000004 177.15000152587893 35.500000000000007 20.000000000000004 124.35000228881837 96.450000762939467 16.500000000000004 5.5000000000000009 10.500000000000002 13.500000000000002 13.500000000000002 5.5000000000000009 6.5000000000000009
decision_type=2 2 8 2 2 2 2 2 2 2 2 10 2 2 2 10 2 2 10 2 2 8 8 2 2 2 2 2 2 2
left_child=2 3 -1 4 14 20 9 24 -9 29 18 16 -13 -14 15 28 27 -5 19 -7 -3 22 -16 -23 -8 26 -26 -12 -2 -4
right_child=1 5 6 17 -6 10 7 8 -10 -11 11 12 13 -15 21 -17 -18 -19 -20 -21 -22 23 -24 -25 25 -27 -28 -29 -30 -31
leaf_value=-0.028976252359322656 -0.027115426802863364 -0.01686003124026975 -0.027967330427459094 0.021216049936888689 0.074988616460023486 0.022664706880435381 -0.025419294026467008 0.013591313821416462 0.14388180032580716 0.057984253140772733 0.037251913101003384 0.22235442103860528 0.15293165666790368 -0.006513215801805315 0.01903627584023675 0.08134851169860037 -0.011693655539280987 0.13221048630124208 -0.030705021487750426 0.10737359467449641 0.05434583839500657 -0.016718339276613547 0.10459020232513316 0.051118510884310304 0.024779462358485212 -0.025914781386502116 0.12313233263244228 0.11408786171492663 -0.00030791490286390409 0.00055513004043663227
leaf_weight=5023 1789 696 2529 197 293 922 577 160 160 248 479 169 179 193 530 162 313 170 273 212 262 732 283 306 404 337 185 232 3293 1540
leaf_count=5023 1789 696 2529 197 293 922 577 160 160 248 479 169 179 193 530 162 313 170 273 212 262 732 283 306 404 337 185 232 3293 1540
internal_value=0.00136712 0.0169144 -0.0149051 0.00714962 0.00389048 0.0361772 -0.00338996 0.0189849 0.0788101 -0.0128439 0.046996 0.0666908 0.117737 0.0701456 0.000951049 -0.00693078 0.0396992 0.0726945 0.0250729 0.0385217 0.00258924 0.0232935 0.048846 0.00325713 0.00623196 0.0259796 0.0557112 0.0623567 -0.00974951 -0.0171666
internal_weight=22848 11685 11163 7755 7388 3930 6140 1823 320 4317 2972 1565 541 372 7095 5244 1024 367 1407 1134 958 1851 813 1038 1503 926 589 711 5082 4069
internal_count=22848 11685 11163 7755 7388 3930 6140 1823 320 4317 2972 1565 541 372 7095 5244 1024 367 1407 1134 958 1851 813 1038 1503 926 589 711 5082 4069
is_linear=0
shrinkage=0.0161


Tree=95
num_leaves=31
num_cat=0
split_feature=111 506 83 508 550 112 427 534 263 293 72 478 45 189 428 136 509 226 177 106 115 277 64 409 156 51 352 486 168 587
split_gain=19417.6 10770.5 8373.3 7099.51 8032.06 6498.46 6289.31 9550.68 5055.01 4938.11 5446.68 4690.27 9176.04 4442.93 4032.2 4174.49 3814.34 3464.13 3171.68 3084.67 3339.27 3016.55 4437.19 2930.36 2571.49 2520.61 2510.75 2500.34 2470 2366.06
threshold=20.000000000000004 190.50000000000003 10.500000000000002 197.50000000000003 198.94999694824222 5.5000000000000009 29.500000000000004 198.50000000000003 13.500000000000002 13.500000000000002 16.500000000000004 10.500000000000002 4.5000000000000009 13.500000000000002 5.5000000000000009 13.500000000000002 178.50000000000003 13.500000000000002 8.0000000000000018 16.500000000000004 16.500000000000004 16.500000000000004 20.000000000000004 5.5000000000000009 20.000000000000004 4.5000000000000009 35.500000000000007 221.50000000000003 2.5000000000000004 197.65000152587893
decision_type=2 2 2 2 10 2 2 2 2 2 2 2 2 2 2 2 2 2 2 2 2 2 2 2 2 2 2 2 2 8
left_child=1 5 14 4 9 21 11 -8 23 24 19 -3 -13 18 -2 -16 25 -17 -14 20 -11 27 -23 26 -4 -10 -7 28 -1 -25
right_child=2 6 3 -5 -6 8 7 -9 16 10 -12 12 13 -15 15 17 -18 -19 -20 -21 -22 22 -24 29 -26 -27 -28 -29 -30 -31
leaf_value=-0.054447311557845303 -0.027892678826263308 -0.0071138231804656858 0.017929047724976981 -0.012961620440649293 0.17053806455188003 -0.027636169996505533 0.17908388093220948 0.0080388104918837425 -0.024044913747703765 -0.014726669657411534 0.14558683486803872 0.15244813336266821 0.043750276343553794 0.075195730025864688 0.0029451975556284344 0.026408617120411745 0.081342068228999101 0.1231883301075077 -0.03987777149607722 0.10663386341037359 0.082521707463494492 -0.01631421063643616 0.062655596880141801 -0.0081887942857675824 0.08343849841049214 0.018594099358861312 0.03334020506394561 0.031588686150916756 -0.025542144633077052 0.02152754685170619
leaf_weight=928 615 1157 841 376 166 2478 161 179 444 208 251 160 186 239 906 239 215 161 319 199 163 857 235 3099 191 1878 188 173 4455 895
leaf_count=928 615 1157 841 376 166 2478 161 179 444 208 251 160 186 239 906 239 215 161 319 199 163 857 235 3099 191 1878 188 173 4455 895
internal_value=0.000424065 -0.00683914 0.0311349 0.0512199 0.0631842 -0.0116553 0.0249346 0.0891029 -0.00288627 0.0535542 0.0830376 0.0143374 0.0418181 0.0179951 0.00608166 0.0220983 0.0164495 0.0654213 -0.00902955 0.0554527 0.0279363 -0.0237831 0.000658654 -0.0102554 0.0300762 0.0104308 -0.0233274 -0.0285912 -0.0305296 -0.00152388
internal_weight=22562 18246 4316 2395 2019 15845 2401 340 9197 1853 821 2061 904 744 1921 1306 2537 400 505 570 371 6648 1092 6660 1032 2322 2666 5556 5383 3994
internal_count=22562 18246 4316 2395 2019 15845 2401 340 9197 1853 821 2061 904 744 1921 1306 2537 400 505 570 371 6648 1092 6660 1032 2322 2666 5556 5383 3994
is_linear=0
shrinkage=0.0161


Tree=96
num_leaves=31
num_cat=0
split_feature=409 553 169 204 27 170 536 314 569 25 111 429 98 299 542 179 404 167 446 569 594 248 347 332 82 47 352 517 58 112
split_gain=19748.4 11116.1 8120.45 8138.61 7809.76 8191.35 7225.96 5410.18 7365.6 5091.63 6049.75 5249.63 6001.94 4945.85 8229.86 4418.44 3828.17 4293.72 3673.79 3673.15 4561.47 3233.02 5596.67 2926.57 2873.23 2842.66 4196.23 3484.86 3838.95 2401.5
threshold=10.500000000000002 251.25000000000003 16.500000000000004 5.5000000000000009 10.500000000000002 43.500000000000007 15.500000000000002 5.5000000000000009 158.65000152587893 10.500000000000002 20.000000000000004 10.500000000000002 8.0000000000000018 24.500000000000004 158.65000152587893 5.5000000000000009 10.500000000000002 24.500000000000004 10.500000000000002 186.44999694824222 139.25000000000003 10.500000000000002 5.5000000000000009 6.5000000000000009 29.500000000000004 24.500000000000004 13.500000000000002 126.50000000000001 24.500000000000004 20.000000000000004
decision_type=2 10 2 2 2 2 2 2 8 2 2 2 2 2 10 2 2 2 2 8 8 2 2 2 2 2 2 2 2 2
left_child=6 2 13 -4 19 7 -1 8 -6 15 29 23 -13 25 -15 -8 24 21 -9 20 -5 -18 -23 -12 -17 27 -27 28 -2 -11
right_child=1 -3 3 4 5 -7 9 18 -10 10 11 12 -14 14 -16 16 17 -19 -20 -21 -22 22 -24 -25 -26 26 -28 -29 -30 -31
leaf_value=-0.032338030276838743 -0.0066399146788744491 0.12782879002767752 -0.0079712188178266367 0.015661164067672345 0.044632055574018142 0.16909378664816599 -0.029780475473352924 0.097489187936968411 0.19205327455491444 -0.0082128317395553218 0.055076263662839915 0.0094386764035428901 0.13288199067285536 0.010234006067196086 0.14416743340767321 -0.020976179530563261 -0.013300325261521183 0.092243877612944711 0.016467983245734338 -0.016981094878817094 0.094621779536918652 0.11460445773054564 -4.06116218675123e-05 -0.025071170109155921 0.048762761457566167 -0.0040717866803572575 0.082339603223432423 -0.034040210251578003 0.054226660664096427 0.026461117904764662
leaf_weight=3378 2197 237 891 635 196 205 2767 190 160 2764 203 166 267 465 160 2100 766 176 618 449 271 169 317 282 165 396 230 1059 306 637
leaf_count=3378 2197 237 891 635 196 205 2767 190 160 2764 203 166 267 465 160 2100 766 176 618 449 271 169 317 282 165 396 230 1059 306 637
internal_value=-7.17322e-05 0.0190705 0.0160094 0.0342449 0.0480622 0.0751899 -0.0117897 0.0586316 0.110955 -0.00534792 0.00818146 0.0448587 0.0856117 0.00230795 0.0445586 -0.014397 -0.00286445 0.0177721 0.0355491 0.0206368 0.0393056 0.00728447 0.0397772 0.00842655 -0.0158855 -0.00399175 0.0276392 -0.0095573 0.000791821 -0.00171155
internal_weight=22822 8665 8428 3615 2724 1369 14157 1164 356 10779 4319 918 433 4813 625 6460 3693 1428 808 1355 906 1252 486 485 2265 4188 626 3562 2503 3401
internal_count=22822 8665 8428 3615 2724 1369 14157 1164 356 10779 4319 918 433 4813 625 6460 3693 1428 808 1355 906 1252 486 485 2265 4188 626 3562 2503 3401
is_linear=0
shrinkage=0.0161


Tree=97
num_leaves=31
num_cat=0
split_feature=409 553 535 560 172 221 216 110 563 25 529 563 359 128 594 239 178 410 124 526 496 315 311 523 169 351 152 416 499 55
split_gain=19533.5 9381.81 8776.21 7962.25 7274.25 5838.69 5607.53 5014.54 4796.3 4725.74 4396.02 4942.26 3862.94 3913.13 3657.63 3634.82 3585.31 6928.25 5283.34 3079.92 3935.28 5682.99 2887.73 4285.39 2830.82 2724.49 3828.55 2704.24 2702.79 2700.39
threshold=10.500000000000002 238.25000000000003 26.500000000000004 220.15000152587893 10.500000000000002 3.5000000000000004 3.5000000000000004 29.500000000000004 216.75000000000003 4.5000000000000009 149.50000000000003 82.250000000000014 29.500000000000004 13.500000000000002 135.15000152587893 10.500000000000002 20.000000000000004 8.0000000000000018 13.500000000000002 280.50000000000006 215.50000000000003 10.500000000000002 8.0000000000000018 94.500000000000014 10.500000000000002 4.5000000000000009 13.500000000000002 24.500000000000004 160.50000000000003 43.500000000000007
decision_type=2 10 2 10 2 2 2 2 10 2 2 8 2 2 10 2 2 2 2 2 2 2 2 2 2 2 2 2 2 2
left_child=2 4 -1 -3 12 -4 -6 8 14 -7 11 -9 24 -14 22 -13 19 25 -19 20 29 -22 -8 -24 27 -18 -27 28 -2 -11
right_child=1 3 5 -5 6 9 7 10 -10 16 -12 15 13 -15 -16 -17 17 18 -20 -21 21 -23 23 -25 -26 26 -28 -29 -30 -31
leaf_value=-0.029331420961143745 -0.014438955881633041 0.18502776098730922 -0.027947307558423454 0.026164011976470621 -0.016897807224779991 -0.017073447360595819 0.012157654471470653 0.019773314517986251 0.11313267834226286 -0.0010705929841307827 0.019151186953908543 0.082953745362297202 0.0075943752038997196 0.10073258500347285 -0.010481090904051773 0.17208039770376335 -0.045702976622490725 0.13132522980975853 0.025865599542076873 -0.060320354746308424 -0.004498504096036149 0.096589721002377324 0.032851570733184191 0.12013334812417742 0.010144542344939918 0.071426858290681045 -0.030419492449929045 0.034579699164854545 -0.06995287920508908 0.061002479238813322
leaf_weight=4582 1372 161 1856 167 487 2064 654 165 160 3707 275 273 281 201 632 212 212 264 232 179 282 294 481 210 2354 215 172 236 273 191
leaf_count=4582 1372 161 1856 167 487 2064 654 165 160 3707 275 273 281 201 632 212 212 264 232 179 282 294 481 210 2354 215 172 236 273 191
internal_value=0.000582841 0.0197546 -0.0109777 0.104215 0.0164003 -0.00227687 0.0338132 0.0418863 0.028313 0.00381898 0.0732186 0.0960571 0.00329415 0.046483 0.0214366 0.121961 0.0113252 0.03754 0.0820448 0.00515091 0.0077756 0.0470577 0.0364519 0.0594112 -0.00161577 0.00064861 0.026101 -0.0163459 -0.0236662 0.00196492
internal_weight=22844 8594 14250 328 8266 9668 3549 3062 2137 7812 925 650 4717 482 1977 485 5748 1095 496 4653 4474 576 1345 691 4235 599 387 1881 1645 3898
internal_count=22844 8594 14250 328 8266 9668 3549 3062 2137 7812 925 650 4717 482 1977 485 5748 1095 496 4653 4474 576 1345 691 4235 599 387 1881 1645 3898
is_linear=0
shrinkage=0.0161


Tree=98
num_leaves=31
num_cat=0
split_feature=409 549 32 410 410 298 480 353 593 311 5 155 105 531 375 341 408 530 62 482 508 569 590 42 563 456 326 360 235 204
split_gain=17719.7 7909.78 7267.83 7048.31 6319.49 5800.08 7702.79 5457.75 5764.49 8746.69 4940.46 4572.64 4948.72 4400.65 4057.2 3990.17 3841.97 3605.76 3809.29 4748.6 3539.43 3444.45 4102.88 3378.15 3315.18 3297.7 3110.3 3028.98 2730.1 3046.54
threshold=10.500000000000002 238.25000000000003 10.500000000000002 4.5000000000000009 20.000000000000004 43.500000000000007 109.50000000000001 16.500000000000004 98.149997711181655 10.500000000000002 24.500000000000004 29.500000000000004 8.0000000000000018 166.50000000000003 20.000000000000004 8.0000000000000018 13.500000000000002 118.50000000000001 4.5000000000000009 110.50000000000001 125.50000000000001 128.15000152587893 90.549999237060561 16.500000000000004 231.15000152587893 5.5000000000000009 16.500000000000004 5.5000000000000009 35.500000000000007 6.5000000000000009
decision_type=2 10 2 2 2 2 2 2 10 2 2 2 2 2 2 2 2 2 2 2 2 8 8 2 10 2 2 2 2 2
left_child=3 4 -3 17 11 10 -7 14 9 -9 15 24 -13 21 20 -5 -10 -1 -19 -20 -6 22 -12 -16 28 -21 -17 -28 29 -2
right_child=1 2 -4 5 7 6 -8 8 16 -11 13 12 -14 -15 23 26 -18 18 19 25 -22 -23 -24 -25 -26 -27 27 -29 -30 -31
leaf_value=-0.033534627248680733 -0.018255922252115298 0.16724689695200232 0.017946362522878762 -0.020774501412680526 0.025100926687477345 -0.011447673467093578 0.12980338069719505 0.052301239758949604 -0.024666685819017421 0.20442789838969219 -0.0034999976318360036 0.10058429489628758 0.0069317537486786292 0.07808542573933748 0.018278130043889285 -0.0057468594718010201 0.069636926849785646 -0.050326980381774342 0.082424748514804372 0.043637303106216635 -0.031382121704497133 -0.028917335415412564 0.085579962384361982 0.12134893282218956 0.068100795836565794 -0.029854486647001039 0.093049626387579978 0.014727113532851905 0.04564552311141621 0.0075017647333302049
leaf_weight=3994 2216 173 166 4159 844 205 195 247 194 163 324 261 334 299 168 2365 264 315 207 238 436 397 228 163 184 472 164 588 300 2570
leaf_count=3994 2216 173 166 4159 844 205 195 247 194 163 324 261 334 299 168 2365 264 315 207 238 436 397 228 163 184 472 164 588 300 2570
internal_value=-0.000146266 0.0179584 0.0942075 -0.0112577 0.0148578 -0.00255925 0.0573534 0.036411 0.068966 0.112838 -0.00537349 0.00574372 0.0480525 0.0242164 0.0188558 -0.0104521 0.0296403 -0.0261068 -0.00200745 0.0145652 0.005843 0.00721915 0.0332513 0.0691062 0.000962458 -0.00518606 0.00331356 0.0318394 -0.00146183 -0.00441957
internal_weight=22833 8683 339 14150 8344 8924 400 2479 868 410 8524 5865 595 1248 1611 7276 458 5226 1232 917 1280 949 552 331 5270 710 3117 752 5086 4786
internal_count=22833 8683 339 14150 8344 8924 400 2479 868 410 8524 5865 595 1248 1611 7276 458 5226 1232 917 1280 949 552 331 5270 710 3117 752 5086 4786
is_linear=0
shrinkage=0.0161


Tree=99
num_leaves=31
num_cat=0
split_feature=172 469 552 468 144 169 206 211 418 532 568 114 535 599 454 590 46 330 585 401 472 341 403 235 322 215 545 545 513 201
split_gain=18235.4 10777.5 8864.97 6188.49 5445.34 5463.38 7560.45 5602.85 5336.51 4260.28 4097.41 5368.21 6466.74 8784.21 7982.63 4021.31 3881.75 3779.12 3738.26 3492.74 5564.95 3483.85 3013.84 2949.9 2896.36 4077.33 2985.99 2564.69 2375.8 2365.62
threshold=8.0000000000000018 16.500000000000004 240.75000000000003 16.500000000000004 6.5000000000000009 20.000000000000004 16.500000000000004 10.500000000000002 61.500000000000007 10.500000000000002 168.05000305175784 5.5000000000000009 217.50000000000003 196.25000000000003 16.500000000000004 233.25000000000003 3.5000000000000004 13.500000000000002 201.75000000000003 24.500000000000004 6.5000000000000009 3.5000000000000004 5.5000000000000009 43.500000000000007 24.500000000000004 43.500000000000007 224.44999694824222 207.44999694824222 183.50000000000003 13.500000000000002
decision_type=2 2 10 2 2 2 2 2 2 2 8 2 2 10 2 8 2 2 8 2 2 2 2 2 2 2 8 8 2 2
left_child=2 8 3 9 27 16 15 -8 10 -1 22 -12 13 14 28 17 -6 -7 -14 -5 -21 -11 -2 24 25 -23 -26 29 -13 -3
right_child=1 4 -4 19 5 6 7 -9 -10 21 11 12 18 -15 -16 -17 -18 -19 -20 20 -22 23 -24 -25 26 -27 -28 -29 -30 -31
leaf_value=-0.041716834983365661 -0.024929372239071948 -0.031604581766133441 0.081827438580651446 0.00095042067527918315 0.098879436943732857 0.037282261838459584 0.19082278211402789 0.070643481377285197 0.090143381691911606 -0.033597201787855267 -0.021788743235717563 -0.0023154705880543964 0.035045987285923216 0.15950804345311081 0.10568002417216055 -0.020951649806622865 0.019354424652582115 0.12854004342118358 -0.057639857414611279 -0.012088017073429888 0.11085054722927447 -0.016980864264958796 0.0039393231480424565 0.046288988901715601 0.0011077744548763104 0.059645818313889466 0.082236782311342307 0.051797070565115705 0.062913693513808516 0.035593285266018751
leaf_weight=1786 1475 422 258 2195 188 326 221 186 189 1885 603 704 195 170 313 165 1045 185 267 178 205 5469 2569 243 446 186 160 242 182 200
leaf_count=1786 1475 422 258 2195 188 326 221 186 189 1885 603 704 195 170 313 165 1045 185 267 178 205 5469 2569 243 446 186 160 242 182 200
internal_value=0.00091524 0.017446 -0.0115938 -0.0134856 0.0418356 0.0547052 0.0811039 0.135958 0.00580919 -0.0191316 0.00334505 0.0198521 0.0335784 0.0511599 0.0357782 0.0480428 0.031499 0.0703669 -0.0184683 0.00878932 0.0536532 -0.0143204 -0.00658436 -0.00873 -0.0108691 -0.0144564 0.0225668 0.00731067 0.0110572 -0.00995971
internal_weight=22858 9847 13011 12753 3180 2316 1083 407 6667 10175 6478 2434 1831 1369 1199 676 1233 511 462 2578 383 8389 4044 6504 6261 5655 606 864 886 622
internal_count=22858 9847 13011 12753 3180 2316 1083 407 6667 10175 6478 2434 1831 1369 1199 676 1233 511 462 2578 383 8389 4044 6504 6261 5655 606 864 886 622
is_linear=0
shrinkage=0.0161


Tree=100
num_leaves=31
num_cat=0
split_feature=171 228 160 214 540 7 84 534 123 276 54 30 121 499 239 208 586 383 204 188 228 435 54 595 139 539 347 411 254 432
split_gain=16333.4 8572.78 8325.92 6773.77 6022.84 9814.08 5295.99 4991.69 4700.87 4581.54 4706.1 4817.17 4568.38 4475.55 6463.43 4212.19 3992.15 3944.42 3904.71 3558.15 7856.46 7031.72 3248.09 2678.49 5331.41 4350.82 2745.52 6106.22 2529.7 4700.68
threshold=10.500000000000002 13.500000000000002 43.500000000000007 5.5000000000000009 228.75000000000003 10.500000000000002 6.5000000000000009 251.50000000000003 61.500000000000007 4.5000000000000009 13.500000000000002 13.500000000000002 10.500000000000002 253.50000000000003 10.500000000000002 2.5000000000000004 95.850002288818374 43.500000000000007 10.500000000000002 20.000000000000004 6.5000000000000009 10.500000000000002 29.500000000000004 180.15000152587893 10.500000000000002 135.50000000000003 3.5000000000000004 16.500000000000004 8.0000000000000018 5.5000000000000009
decision_type=2 2 2 2 10 2 2 2 2 2 2 2 2 2 2 2 10 2 2 2 2 2 2 10 2 2 2 2 2 2
left_child=3 6 7 18 8 -6 22 9 13 -3 28 16 -13 17 -15 -8 -12 -5 -1 23 21 -21 -2 25 -25 26 27 -17 29 -11
right_child=1 2 -4 4 5 -7 15 -9 -10 10 11 12 -14 14 -16 19 -18 -19 -20 20 -22 -23 -24 24 -26 -27 -28 -29 -30 -31
leaf_value=-0.028264008187181663 -0.023524963632584918 -0.0025562003408934964 0.14630251962009846 -0.0097668200936332425 -0.025182563931833841 0.14207946903010715 -0.041508988626860949 -0.041327429022944846 0.075698646169492942 -0.01065669497771974 0.09847159806461446 0.18364998790392417 0.071754163491098893 -0.011741881779633883 0.12251736803051029 -0.0019527478709132299 0.0035339952926185967 0.054070112112049373 0.001857512580044672 0.039476010822065866 -0.0081893075569334124 0.18667930831407564 0.049598187064321231 0.10617712325885199 -0.012056016122155457 -0.038039251927000979 0.0083197363192838453 0.12053726176750225 0.0041154660877779975 0.090241450763732162
leaf_weight=5139 1557 494 185 7094 170 195 280 207 193 185 207 175 208 203 171 225 259 260 1423 176 255 162 175 223 177 421 1357 198 516 337
leaf_count=5139 1557 494 185 7094 170 195 280 207 193 185 207 175 208 203 171 225 259 260 1423 176 255 162 175 223 177 421 1357 198 516 337
internal_value=0.000473691 0.0190527 0.0419203 -0.00950868 0.000165771 0.0641121 0.00686761 0.0344496 -0.00277791 0.0410474 0.0524749 0.0806044 0.122943 -0.00474084 0.0495811 0.0183366 0.0457564 -0.00750667 -0.0217284 0.0235903 0.0591932 0.110099 -0.0161231 0.0154642 0.0538001 0.00848652 0.0195039 0.0553274 0.0294446 0.0544374
internal_weight=22827 7979 2773 14848 8286 365 5206 2588 7921 2381 1887 849 383 7728 374 3474 466 7354 6562 3194 593 338 1732 2601 400 2201 1780 423 1038 522
internal_count=22827 7979 2773 14848 8286 365 5206 2588 7921 2381 1887 849 383 7728 374 3474 466 7354 6562 3194 593 338 1732 2601 400 2201 1780 423 1038 522
is_linear=0
shrinkage=0.0161


Tree=101
num_leaves=31
num_cat=0
split_feature=291 469 492 500 492 347 426 54 144 499 294 561 545 4 480 42 253 566 62 425 1 238 113 583 118 541 265 100 595 297
split_gain=18393 10438 8299.87 6859.13 6425.39 6177.59 5435.09 6334.75 4799.35 6724.53 5827.85 4746.78 5176.26 5399.56 4277.59 5096.51 4088.67 5125.25 3598.96 3418.98 5629.69 3393.55 3305.91 3394.48 3695.15 4787.37 3086.75 3029.56 2903.23 2646.93
threshold=5.5000000000000009 16.500000000000004 261.50000000000006 218.50000000000003 33.500000000000007 61.500000000000007 29.500000000000004 24.500000000000004 6.5000000000000009 102.50000000000001 24.500000000000004 247.34999847412112 216.75000000000003 3.5000000000000004 78.500000000000014 10.500000000000002 6.5000000000000009 207.44999694824222 8.0000000000000018 29.500000000000004 13.500000000000002 4.5000000000000009 3.5000000000000004 216.75000000000003 29.500000000000004 128.15000152587893 10.500000000000002 24.500000000000004 188.65000152587893 8.0000000000000018
decision_type=2 2 2 2 2 2 2 2 2 2 2 8 8 2 2 2 2 10 2 2 2 2 2 8 2 10 2 2 10 2
left_child=3 4 5 21 -2 8 11 18 -3 10 14 19 -13 -14 -10 -16 -5 -18 -8 22 -21 -1 -6 24 -24 -26 -15 -11 -23 -28
right_child=1 2 -4 16 6 -7 7 -9 9 27 -12 12 13 26 15 -17 17 -19 -20 20 -22 28 23 -25 25 -27 29 -29 -30 -31
leaf_value=-0.03406025163522073 -0.016471911507062245 -0.0035128214618746893 0.12042054071618494 -0.021791931510929823 -0.039206951780370668 0.11292574130248093 -0.012439942808357149 0.14027817016070385 0.026954686996939727 -0.0084369980594699544 0.13458423493239535 0.10974487804747846 0.089864129419783889 -0.021341922152164041 0.031049579868910982 0.15058865829003323 0.11766807254223716 -0.001503642510948181 0.064445385732769978 -0.0040674505288104349 0.11375278785337183 -0.015449666547703236 0.00010145987977533562 -0.042961517445242695 -0.01359466005521774 0.10138700865893732 0.084378017492897736 0.058312944612277248 0.037659622121653351 -0.0053654678962241666
leaf_weight=3012 2865 1187 269 203 623 211 296 166 998 885 215 199 231 544 185 186 222 161 337 267 173 4880 2857 406 161 224 174 220 282 166
leaf_count=3012 2865 1187 269 203 623 211 296 166 998 885 215 199 231 544 185 186 222 161 337 267 173 4880 2857 406 161 224 174 220 282 166
internal_value=0.00164825 0.0130682 0.0337688 -0.0166588 0.00375913 0.0280598 0.0122564 0.0517172 0.0234338 0.0353376 0.056604 0.00701944 0.0340783 0.0205526 0.04434 0.0910437 0.0365348 0.0675109 0.0284555 -0.000522875 0.0422038 -0.0204751 -0.00493011 0.00091719 0.00641944 0.0532426 0.00241406 0.00483128 -0.0125437 0.0404929
internal_weight=22805 14045 4356 8760 9689 4087 6824 799 3876 2689 1584 6025 1314 1115 1369 371 586 383 633 4711 440 8174 4271 3648 3242 385 884 1105 5162 340
internal_count=22805 14045 4356 8760 9689 4087 6824 799 3876 2689 1584 6025 1314 1115 1369 371 586 383 633 4711 440 8174 4271 3648 3242 385 884 1105 5162 340
is_linear=0
shrinkage=0.0161


Tree=102
num_leaves=31
num_cat=0
split_feature=409 541 231 396 503 216 285 487 290 261 542 491 528 392 60 206 238 480 50 471 455 584 500 257 289 455 88 387 159 254
split_gain=17552.7 8823.01 8106.57 7256.96 6722.43 5679.22 5326.34 4689.6 4992.65 5167.46 4362.66 4136.15 4076.92 3786.31 5722.05 3700.3 4628.63 5549.66 3461.24 3965.81 3276.92 3201.2 3755.63 9959.22 3136.13 2716.01 3302.7 5222.71 5812.16 2989.25
threshold=10.500000000000002 226.84999847412112 13.500000000000002 16.500000000000004 44.500000000000007 3.5000000000000004 61.500000000000007 200.50000000000003 16.500000000000004 29.500000000000004 152.44999694824222 275.50000000000006 47.500000000000007 35.500000000000007 6.5000000000000009 5.5000000000000009 35.500000000000007 136.50000000000003 16.500000000000004 35.500000000000007 52.000000000000007 174.34999847412112 200.50000000000003 8.0000000000000018 4.5000000000000009 16.500000000000004 5.5000000000000009 8.0000000000000018 8.0000000000000018 8.0000000000000018
decision_type=2 10 2 2 2 2 2 2 2 2 10 2 2 2 2 2 2 2 2 2 2 10 2 2 2 2 2 2 2 2
left_child=4 2 11 -3 24 12 15 8 10 18 -7 13 -4 -2 -15 -6 20 -18 -10 -20 21 22 25 -24 -1 26 -17 28 -28 -29
right_child=1 3 5 -5 6 7 -8 -9 9 -11 -12 -13 -14 14 -16 16 17 -19 19 -21 -22 -23 23 -25 -26 -27 27 29 -30 -31
leaf_value=-0.034929167030592623 -0.0041723710077020588 0.040865085651526051 0.044233442199572759 0.1732558485929041 -0.017357261273556218 0.0078244590210391693 0.082733485218041747 -0.011154388519444364 0.002785410363919319 0.1353933052138758 0.099915344765070788 0.082992054052740918 -0.057553904164888203 0.11966308074038823 -0.0055708934713047005 -0.014193440829713784 -0.0034316472075941263 0.12930705656548097 0.054575582268637547 0.14435611267111378 -0.06161313130898928 -0.020450252676215488 0.15244673607646211 -0.021561303843341192 -0.011723323344349269 -0.022167663285581361 0.028805680104339079 -0.020452687992286365 0.14115187025364756 0.033179412489518417
leaf_weight=3072 4652 320 166 162 2946 737 192 333 235 279 163 160 264 166 219 718 160 166 609 162 205 1037 165 176 2976 678 332 523 187 555
leaf_count=3072 4652 320 166 162 2946 737 192 333 235 279 163 160 264 166 219 718 160 166 609 162 205 1037 165 176 2976 678 332 523 187 555
internal_value=0.000382804 0.0184696 0.0145053 0.0854104 -0.0106912 0.035832 -0.00104227 0.0450691 0.0536485 0.074025 0.0245293 0.00240319 -0.0182045 -0.00015204 0.048365 -0.00309483 0.0054718 0.064087 0.056982 0.0734705 0.00129083 0.00424641 0.0119351 0.0625671 -0.0235143 0.00615857 0.0144647 0.027364 0.0693303 0.00713755
internal_weight=22715 8627 8145 482 14088 2948 8040 2518 2185 1285 900 5197 430 5037 385 7848 4902 326 1006 771 4576 4371 3334 341 6048 2993 2315 1597 519 1078
internal_count=22715 8627 8145 482 14088 2948 8040 2518 2185 1285 900 5197 430 5037 385 7848 4902 326 1006 771 4576 4371 3334 341 6048 2993 2315 1597 519 1078
is_linear=0
shrinkage=0.0161


Tree=103
num_leaves=31
num_cat=0
split_feature=350 471 553 117 494 215 17 230 23 128 161 234 18 20 571 528 483 289 34 313 366 411 179 409 134 131 361 589 55 480
split_gain=18185.2 8828.82 10281 8424.34 7557.71 6665.28 6313.96 6942.47 4634.85 4041.32 3892.96 3791.4 3756.31 3626.72 4410.78 6223.97 11178.4 3176.91 3116.05 3859.04 5364.02 4692.69 2994.65 2867.14 2860.98 2726.58 2636.69 2620.51 3033.58 2988.43
threshold=10.500000000000002 6.5000000000000009 251.25000000000003 16.500000000000004 80.500000000000014 8.0000000000000018 4.5000000000000009 29.500000000000004 10.500000000000002 61.500000000000007 8.0000000000000018 29.500000000000004 35.500000000000007 4.5000000000000009 72.149997711181655 142.50000000000003 152.50000000000003 8.0000000000000018 8.0000000000000018 10.500000000000002 10.500000000000002 6.5000000000000009 29.500000000000004 4.5000000000000009 5.5000000000000009 5.5000000000000009 10.500000000000002 146.25000000000003 10.500000000000002 143.50000000000003
decision_type=2 2 10 2 2 2 2 2 2 2 2 2 2 2 10 2 2 2 2 2 2 2 2 2 2 2 2 8 2 2
left_child=4 12 3 8 23 24 -7 10 22 13 -8 17 -2 -6 15 25 -17 -10 -16 -20 -21 -22 -3 -1 -5 -15 -26 -19 29 -29
right_child=1 2 -4 5 9 6 7 -9 11 -11 -12 -13 -14 14 18 16 -18 27 19 20 21 -23 -24 -25 26 -27 -28 28 -30 -31
leaf_value=-0.034058028320464333 -0.01592442791878965 -0.014714949269458535 0.14649092817774859 -0.017798809691200523 -0.023488886249163166 0.17021253546028195 0.081598803674118231 0.14148372271096163 -0.010529293026184442 0.073040461259469558 -0.0067220506153833869 0.092946716661896966 0.06154546659842948 -0.052524942552453303 -0.017472956605056378 0.18883981278929318 0.010150145308429795 0.052689244412920541 -0.0076855923114452687 -0.0035104461593880531 0.014698155451713839 0.12293465219973961 0.057019253865608452 -0.014793278012654587 0.079128329925807026 0.029250709140425747 0.0093505924692439731 -0.0074242350360626576 -0.030315067581930675 0.090398872408443146
leaf_weight=3324 2062 1644 183 312 1440 176 228 208 616 196 298 203 176 165 1720 162 207 789 1081 406 178 251 166 5055 271 294 293 160 283 163
leaf_count=3324 2062 1644 183 312 1440 176 228 208 616 196 298 203 176 165 1720 162 207 789 1081 406 178 251 166 5055 271 294 293 160 283 163
internal_value=-0.00165009 0.0174569 0.0276476 0.0239003 -0.0125136 0.0530038 0.0835285 0.0627111 0.0109772 0.00111544 0.0315168 0.0266027 -0.00982155 -0.00126833 0.00589432 0.0394321 0.0886631 0.0198939 -0.00173652 0.0123779 0.0383804 0.0780802 -0.00812301 -0.0224385 0.0212674 -9.4489e-05 0.0429203 0.033345 0.0081203 0.0418687
internal_weight=22710 8231 5993 5810 14479 1786 910 734 4024 6100 526 2214 2238 5904 4464 828 369 2011 3636 1916 835 429 1810 8379 876 459 564 1395 606 323
internal_count=22710 8231 5993 5810 14479 1786 910 734 4024 6100 526 2214 2238 5904 4464 828 369 2011 3636 1916 835 429 1810 8379 876 459 564 1395 606 323
is_linear=0
shrinkage=0.0161


Tree=104
num_leaves=31
num_cat=0
split_feature=202 351 347 419 543 449 305 496 409 461 414 230 226 51 244 37 526 76 324 196 286 298 463 112 124 169 226 82 458 523
split_gain=17104.1 9723.94 7703.39 7610.09 8638.38 6899.44 5496.01 5232.32 4477.74 3854.72 6385.89 3600.85 3437.33 3416.94 3414.59 3340.1 3593.71 4025.66 3062.15 3668.18 2976.84 2856.55 3684.91 2752.16 4394.14 2225.9 2316.59 2189.4 2403.42 2153.77
threshold=8.0000000000000018 20.000000000000004 43.500000000000007 24.500000000000004 183.15000152587893 3.5000000000000004 61.500000000000007 290.50000000000006 4.5000000000000009 29.500000000000004 10.500000000000002 35.500000000000007 20.000000000000004 6.5000000000000009 29.500000000000004 4.5000000000000009 174.50000000000003 5.5000000000000009 10.500000000000002 20.000000000000004 16.500000000000004 20.000000000000004 10.500000000000002 4.5000000000000009 43.500000000000007 8.0000000000000018 5.5000000000000009 24.500000000000004 6.5000000000000009 184.50000000000003
decision_type=2 2 2 2 10 2 2 2 2 2 2 2 2 2 2 2 2 2 2 2 2 2 2 2 2 2 2 2 2 2
left_child=5 3 11 9 12 -1 7 8 25 23 -11 14 27 -10 15 -3 17 -17 21 20 -20 29 -23 -2 -25 -7 -27 28 -5 -15
right_child=1 2 -4 4 -6 6 -8 -9 13 10 -12 -13 -14 18 -16 16 -18 -19 19 -21 -22 22 -24 24 -26 26 -28 -29 -30 -31
leaf_value=-0.034254680117791494 -0.02272792225700708 -0.012136462815349296 0.13534340825193061 0.033106644499946283 0.1402896403199598 -0.028410543280398968 0.078086672554353545 0.074432854344756924 -0.01484686710623088 -0.0071339446703637 0.090028093046507135 0.085917901679854247 0.086534879912823465 -0.0036546264359547552 -0.039151071843076396 0.12440352426289097 -0.0026675821876414748 0.043124101451942107 0.0012782768766314053 0.082201181069462351 0.061282496527575267 0.084257586206941806 -0.015072938552055977 -0.00060473102731310551 0.079330259833569838 0.054022973118172467 -0.02014653459652796 0.052889846992293231 -0.03523623633357964 -0.052679672666028875
leaf_weight=2769 1455 301 230 227 206 3095 199 199 2767 393 316 317 191 1798 182 220 264 566 928 257 279 206 182 3803 187 183 270 222 323 267
leaf_count=2769 1455 301 230 227 206 3095 199 199 2767 393 316 317 191 1798 182 220 264 566 928 257 279 206 182 3803 187 183 270 222 323 267
internal_value=6.32643e-05 0.0167096 0.0474323 0.00798005 0.0456376 -0.0116169 -0.00571776 -0.00731881 -0.00891108 0.00082288 0.0361378 0.0364901 0.0253657 -0.00114762 0.0262538 0.0350823 0.0486407 0.065904 0.00852363 0.0269514 0.0151678 -0.00246483 0.0376037 -0.0037712 0.0031357 -0.0235299 0.00976402 0.0102014 -0.00698647 -0.0100049
internal_weight=22802 9403 2080 7323 1169 13399 10630 10431 10232 6154 709 1850 963 6684 1533 1351 1050 786 3917 1464 1207 2453 388 5445 3990 3548 453 772 550 2065
internal_count=22802 9403 2080 7323 1169 13399 10630 10431 10232 6154 709 1850 963 6684 1533 1351 1050 786 3917 1464 1207 2453 388 5445 3990 3548 453 772 550 2065
is_linear=0
shrinkage=0.0161


Tree=105
num_leaves=31
num_cat=0
split_feature=409 290 534 202 292 207 564 285 172 6 60 346 368 526 231 507 30 543 522 169 283 82 483 510 317 257 556 590 496 162
split_gain=18164 7780.89 7166.73 6662.85 6403 8538.3 5375.32 5017.87 5298.3 4972.94 7586.11 4661.09 4508.55 4105.82 5033.04 3709.6 3698.26 5659.24 3337.91 3304.84 2992.04 4424.39 4317.56 5615.41 6790.3 2898.41 2914.97 2883.15 4997.44 2793.22
threshold=10.500000000000002 16.500000000000004 46.500000000000007 8.0000000000000018 29.500000000000004 13.500000000000002 235.84999847412112 61.500000000000007 4.5000000000000009 35.500000000000007 16.500000000000004 24.500000000000004 8.0000000000000018 138.50000000000003 16.500000000000004 296.50000000000006 29.500000000000004 182.25000000000003 288.50000000000006 16.500000000000004 4.5000000000000009 10.500000000000002 122.50000000000001 87.500000000000014 10.500000000000002 3.5000000000000004 221.94999694824222 156.94999694824222 154.50000000000003 10.500000000000002
decision_type=2 2 2 2 2 2 10 2 2 2 2 2 2 2 2 2 2 8 2 2 2 2 2 2 2 2 8 10 2 2
left_child=2 6 -1 25 11 -6 16 8 -4 15 -11 13 -13 14 -5 18 19 -18 20 -2 -10 22 23 -22 -25 -3 -27 28 -21 -15
right_child=1 3 7 4 5 -7 -8 -9 9 10 -12 12 -14 29 -16 -17 17 -19 -20 27 21 -23 -24 24 -26 26 -28 -29 -30 -31
leaf_value=-0.02346335798827057 -0.010679592613262203 -0.047033469645874806 -0.022346329862371686 0.012471658455840575 0.041093477367372899 0.20316571518107945 0.089546240082791065 0.082970267199669226 -0.020123044342420151 0.0082383967612622913 0.14321639892393867 0.025965851407694945 0.13532504394269784 0.022547657820552122 0.089385334453907769 0.077482577274817124 0.0091539354093273014 0.11814657056017423 -0.067164637628171348 0.016477850636929057 0.014215458896226342 -0.013905359133624121 -0.00025658162639481826 0.036007105777198845 0.15879592546096194 0.0041596053332527772 0.068690699144472359 -0.024460399839570015 0.11063304341904343 -0.06331988951493854
leaf_weight=6153 2971 201 2383 475 172 166 199 183 1192 303 168 164 244 232 413 162 405 178 189 1131 641 1304 1020 282 200 738 241 332 168 170
leaf_count=6153 2971 201 2383 475 172 166 199 183 1192 303 168 164 244 232 413 162 405 178 189 1131 641 1304 1020 282 200 738 241 332 168 170
internal_value=0.000804883 0.0192663 -0.0103901 0.0390827 0.0567268 0.120761 0.00742516 -0.000366034 -0.00231327 0.00642419 0.0564334 0.0439665 0.0914246 0.0289383 0.04827 0.00169917 0.00426882 0.0424716 -0.000838813 -0.000565751 0.00185833 0.00946649 0.0236991 0.0454785 0.0870057 0.00861908 0.0200692 0.017843 0.0286731 -0.0137059
internal_weight=22780 8600 14180 3216 2036 338 5384 8027 7844 5461 471 1698 408 1290 888 4990 5185 583 4828 4602 4639 3447 2143 1123 482 1180 979 1631 1299 402
internal_count=22780 8600 14180 3216 2036 338 5384 8027 7844 5461 471 1698 408 1290 888 4990 5185 583 4828 4602 4639 3447 2143 1123 482 1180 979 1631 1299 402
is_linear=0
shrinkage=0.0161


Tree=106
num_leaves=31
num_cat=0
split_feature=172 169 470 59 169 6 408 497 83 276 58 282 555 519 17 201 333 240 237 265 547 230 457 217 192 289 332 165 308 159
split_gain=16688 9098.01 7612.6 5853.79 9230.13 5386.36 4650.3 5833.09 4441.07 4677.8 3866.25 3808.28 3780.01 5465.88 4939.57 5787.82 3741.3 5606.32 3601.17 4002.24 3473.62 3273.81 2984.99 2919.34 2945.19 3870.18 2898.14 4632.03 2811.68 2806.92
threshold=10.500000000000002 8.0000000000000018 5.5000000000000009 35.500000000000007 24.500000000000004 73.500000000000014 13.500000000000002 221.50000000000003 6.5000000000000009 4.5000000000000009 43.500000000000007 16.500000000000004 207.44999694824222 191.50000000000003 8.0000000000000018 20.000000000000004 8.0000000000000018 8.0000000000000018 10.500000000000002 24.500000000000004 97.049999237060561 29.500000000000004 10.500000000000002 10.500000000000002 6.5000000000000009 5.5000000000000009 10.500000000000002 24.500000000000004 52.000000000000007 8.0000000000000018
decision_type=2 2 2 2 2 2 2 2 2 2 2 2 10 2 2 2 2 2 2 2 8 2 2 2 2 2 2 2 2 2
left_child=2 10 18 8 -5 6 28 26 29 20 11 23 13 14 15 22 17 -13 -1 -20 -10 -16 -11 -2 25 -25 -8 -28 -4 -3
right_child=1 3 5 4 -6 -7 7 -9 9 12 -12 16 -14 -15 21 -17 -18 -19 19 -21 -22 -23 -24 24 -26 -27 27 -29 -30 -31
leaf_value=-0.029955970208633335 -0.021999985948266826 0.027359138874538853 -0.011077400758950584 0.032737497411936413 0.18818981216908467 0.089317539583893005 -0.0051601127967093605 0.090042745827912787 0.057278438955424719 0.096716235878944651 0.065510610530110105 0.00042341221012463592 0.11046821044629741 -0.022277780640847167 0.015232399090363412 0.1582396914594133 -0.006978092951032704 0.11446582309314451 -0.010381490419184319 0.07432531721050202 -0.029709759171137395 0.088422906061468617 0.014892698836030289 -0.0024465604915088184 -0.0089959313457045175 0.10348462650387676 0.013060035890683096 0.10136727142809861 0.055366461990808864 -0.027140999375508887
leaf_weight=4510 1890 508 5596 251 164 175 1501 253 177 236 238 213 252 275 727 212 406 236 1499 160 363 203 228 183 615 174 782 192 170 473
leaf_count=4510 1890 508 5596 251 164 175 1501 253 177 236 238 213 252 275 727 212 406 236 1499 160 363 203 228 183 615 174 782 192 170 473
internal_value=0.00128982 0.0199959 -0.00882437 0.0368982 0.094226 0.000901114 -0.000917739 0.0163983 0.0303808 0.0411338 0.00260054 -0.00142127 0.0518504 0.0439848 0.0553458 0.0884829 0.0283872 0.0604179 -0.0224949 -0.00219787 -0.00115337 0.0312337 0.0565606 -0.0103345 0.0123241 0.0491178 0.00886066 0.0304918 -0.00911434 0.0010573
internal_weight=22862 8024 14838 4069 415 8669 8494 2728 3654 2673 3955 3717 2133 1881 1606 676 855 449 6169 1659 540 930 464 2862 972 357 2475 974 5766 981
internal_count=22862 8024 14838 4069 415 8669 8494 2728 3654 2673 3955 3717 2133 1881 1606 676 855 449 6169 1659 540 930 464 2862 972 357 2475 974 5766 981
is_linear=0
shrinkage=0.0161


Tree=107
num_leaves=31
num_cat=0
split_feature=410 5 235 172 228 417 419 531 424 125 160 394 189 491 484 410 87 540 524 486 499 307 519 491 490 211 120 447 490 508
split_gain=15134.3 6838.97 6690.24 6433.54 4880.18 5604.89 4766.28 7229.9 5438.21 4599.64 7317.32 4434.85 4281.75 3861.01 3656.67 3492.74 3590.72 3254.47 3054.4 2950.56 2940.08 2933.86 2527.35 3321.29 3261.14 2646.03 2470 2841.84 2608 2424.73
threshold=6.5000000000000009 52.000000000000007 8.0000000000000018 5.5000000000000009 13.500000000000002 20.000000000000004 20.000000000000004 127.50000000000001 8.0000000000000018 16.500000000000004 43.500000000000007 24.500000000000004 16.500000000000004 224.50000000000003 120.50000000000001 29.500000000000004 8.0000000000000018 131.75000000000003 187.50000000000003 80.500000000000014 265.50000000000006 10.500000000000002 146.50000000000003 146.50000000000003 176.50000000000003 20.000000000000004 20.000000000000004 20.000000000000004 132.50000000000003 68.500000000000014
decision_type=2 2 2 2 2 2 2 2 2 2 2 2 2 2 2 2 2 8 2 2 2 2 2 2 2 2 2 2 2 2
left_child=6 3 -3 13 5 22 20 -8 -9 10 11 15 14 18 17 26 -17 -7 19 -2 -1 -10 23 -5 -25 -24 27 28 -6 -21
right_child=1 2 -4 4 9 12 7 8 21 -11 -12 -13 -14 -15 -16 16 -18 -19 -20 29 -22 -23 25 24 -26 -27 -28 -29 -30 -31
leaf_value=-0.021876051797003283 -0.021354591213796438 0.011833299374026052 0.12838211224616555 0.00042652783316683062 0.030538430805812901 0.020495773264342685 -0.013777287362879694 0.11543130237184 -0.034916676527587176 -0.0022058944308580328 0.14590445258945986 0.089077774835877546 0.097801289032539013 0.048993739238207143 -0.020192505657649337 0.0080928011427330079 0.10459432614919681 0.10923130131141433 -0.066126930798113465 0.067088327816965096 0.03285261381090291 0.062087836859123779 -0.033036386612724927 0.10420029574294408 0.0029648362258932557 0.030179287300014054 -0.035348122255559632 0.081473590502849774 -0.026373340298819301 0.0010780940777567907
leaf_weight=8449 1973 263 249 2749 621 327 1163 236 161 742 169 339 253 268 322 167 251 160 273 174 262 162 952 168 163 209 229 179 314 848
leaf_count=8449 1973 263 249 2749 621 327 1163 236 161 742 169 339 253 268 322 167 251 160 273 174 262 162 952 168 163 209 229 179 314 848
internal_value=-0.00110722 0.0109434 0.0685602 0.00845193 0.0161895 0.00688917 -0.0153881 0.00907776 0.0566698 0.0325614 0.0439412 0.0357244 0.0399665 -0.00973424 0.0218506 0.0254403 0.0660962 0.0496975 -0.0145576 -0.00984906 -0.0202273 0.0136629 -0.00138825 0.00623653 0.0544183 -0.0216362 0.0127689 0.0226812 0.0114006 0.0123397
internal_weight=22795 12362 512 11850 8314 5303 10433 1722 559 3011 2269 2100 1062 3536 809 1761 418 487 3268 2995 8711 323 4241 3080 331 1161 1343 1114 935 1022
internal_count=22795 12362 512 11850 8314 5303 10433 1722 559 3011 2269 2100 1062 3536 809 1761 418 487 3268 2995 8711 323 4241 3080 331 1161 1343 1114 935 1022
is_linear=0
shrinkage=0.0161


Tree=108
num_leaves=31
num_cat=0
split_feature=231 173 187 47 535 172 410 528 480 480 264 216 542 128 562 196 442 589 323 438 504 168 168 579 506 521 460 0 392 0
split_gain=14566.9 6818.44 9223.09 9066.27 6697.52 4947.8 4346.69 4512.15 4551.17 6419.44 4357.49 5290.84 3906.2 3604.13 3482.16 3077.31 2894.17 3861.96 2914.05 4202 3463.06 2773.95 2347.74 2340.21 3388.48 2357.51 2229.27 2220.84 2603.16 3900.57
threshold=10.500000000000002 8.0000000000000018 43.500000000000007 52.000000000000007 17.500000000000004 5.5000000000000009 13.500000000000002 86.500000000000014 143.50000000000003 173.50000000000003 16.500000000000004 10.500000000000002 247.34999847412112 52.000000000000007 226.84999847412112 35.500000000000007 13.500000000000002 207.44999694824222 13.500000000000002 8.0000000000000018 111.50000000000001 5.5000000000000009 3.5000000000000004 198.94999694824222 176.50000000000003 157.50000000000003 13.500000000000002 29.500000000000004 8.0000000000000018 16.500000000000004
decision_type=2 2 2 2 2 2 2 2 2 2 2 2 8 2 10 2 2 10 2 2 2 2 2 10 2 2 2 2 2 2
left_child=4 14 3 6 -1 15 23 10 -9 -10 -8 -12 26 16 -2 22 21 18 -18 20 -20 -7 -6 24 25 -3 -11 28 -23 -30
right_child=1 2 -4 -5 5 13 7 8 9 12 11 -13 -14 -15 -16 -17 17 -19 19 -21 -22 27 -24 -25 -26 -27 -28 -29 29 -31
leaf_value=-0.028636767276105125 -0.005188924883694831 -0.012978987640439898 0.12810531843718501 0.11267903644628247 -0.037435372160775866 -0.020840805199925629 0.026203440046751538 -0.029115869062353406 0.12414953283764682 0.017260699904345329 0.04875283118962459 0.15533484982172374 0.07673846657800143 0.072954622395106583 0.071230345849391197 0.034955630604009517 -0.0075374507082427537 0.094011014475225183 0.11815026176256745 -0.00063948606732118799 0.020315843066082896 -0.0058578503494350325 -0.011891872360171035 -0.048461408038054765 0.061478075030000336 0.053206356067631043 -0.058814872814313614 -0.038952544828305201 0.015288370892163344 0.094555744728742994
leaf_weight=3843 2981 1086 234 281 1220 1528 582 454 165 222 307 200 162 203 163 302 848 169 208 403 172 1007 3984 235 241 160 181 242 847 199
leaf_count=3843 2981 1086 234 281 1220 1528 582 454 165 222 307 200 162 203 163 302 848 169 208 403 172 1007 3984 235 241 160 181 242 847 199
internal_value=-0.00113418 0.0169733 0.029661 0.0242683 -0.0102688 -0.00403766 0.0180438 0.0326613 0.0108818 0.0357893 0.0563192 0.0908434 0.00994339 0.00630166 -0.0012195 -0.0149822 0.00389119 0.0207266 0.0131187 0.0355196 0.0739293 -0.00402937 -0.0178847 -0.00123742 0.00620985 -0.00446118 -0.0168488 0.00715335 0.0125996 0.0303914
internal_weight=22829 7654 4510 4276 15175 11332 3995 2273 1184 730 1089 507 565 5826 3144 5506 5623 1800 1631 783 380 3823 5204 1722 1487 1246 403 2295 2053 1046
internal_count=22829 7654 4510 4276 15175 11332 3995 2273 1184 730 1089 507 565 5826 3144 5506 5623 1800 1631 783 380 3823 5204 1722 1487 1246 403 2295 2053 1046
is_linear=0
shrinkage=0.0161


Tree=109
num_leaves=31
num_cat=0
split_feature=351 469 543 530 406 518 217 202 438 361 92 160 444 488 183 19 406 275 169 12 408 486 89 526 482 421 59 97 254 160
split_gain=15560.8 7660.52 6234.94 6036.6 6696.5 6820.56 5134.99 4529.27 4289.07 4855.24 7970.97 4615.53 4069.6 4983.72 5137.2 6254.69 3922.55 3723.29 3707.93 3675.43 3501.13 5069.88 3493.41 3467.22 5210.85 7779.12 3072.19 3106.9 3688.1 2997.97
threshold=10.500000000000002 16.500000000000004 128.15000152587893 108.50000000000001 16.500000000000004 178.50000000000003 6.5000000000000009 29.500000000000004 5.5000000000000009 35.500000000000007 13.500000000000002 6.5000000000000009 8.0000000000000018 13.500000000000002 10.500000000000002 5.5000000000000009 3.5000000000000004 6.5000000000000009 6.5000000000000009 5.5000000000000009 13.500000000000002 122.50000000000001 8.0000000000000018 197.50000000000003 130.50000000000003 13.500000000000002 10.500000000000002 16.500000000000004 10.500000000000002 8.0000000000000018
decision_type=2 2 8 2 2 2 2 2 2 2 2 2 2 2 2 2 2 2 2 2 2 2 2 2 2 2 2 2 2 2
left_child=2 6 -1 12 19 -6 18 23 -4 11 -11 -10 -3 -14 15 -15 -13 -17 -2 -5 26 -22 -23 24 -8 29 -18 28 -28 -26
right_child=1 3 8 4 5 -7 7 -9 9 10 -12 16 13 14 -16 17 20 -19 -20 -21 21 22 -24 -25 25 -27 27 -29 -30 -31
leaf_value=-0.020595887103242477 -0.02911970997767576 0.020236933987490036 -0.017774012280192073 0.044698395515890152 0.0013600855223723203 0.12327890982115464 0.0062391780564228713 0.081165685175627694 -0.014365109030759974 -0.001718488547630626 0.14967712272697856 0.075938545798108464 0.0055365228603895481 0.20251839944087976 0.041921222800702665 0.027092815396291679 -0.02517362432940997 0.12700155344605549 0.010093893589257196 -0.033618845439984481 0.09791015572475413 0.064473613772260116 -0.030631579830568311 -0.027348754690663887 0.071171541739553784 0.14037881382347325 0.0020763389814531857 -0.030578655349282325 0.099542191640953695 -0.019967908068692999
leaf_weight=7789 1382 503 2207 204 246 231 1532 284 1833 201 163 284 215 172 338 164 736 238 1140 649 258 166 252 447 163 213 209 184 195 219
leaf_count=7789 1382 503 2207 204 246 231 1532 284 1833 201 163 284 215 172 338 164 736 238 1140 649 258 166 252 447 163 213 209 184 195 219
internal_value=-0.000712667 0.0168036 -0.0108052 0.0376075 0.0121319 0.0604519 0.00535323 0.0201318 0.000593777 0.00964561 0.0660121 0.0046563 0.05838 0.075383 0.0918232 0.121167 0.019932 0.0863013 -0.011385 -0.0148612 0.0119674 0.0417815 0.00708116 0.0133886 0.0219608 0.0624011 -0.00323719 0.0241806 0.0491788 0.0188598
internal_weight=22817 8340 14477 2960 1330 477 5380 2858 6688 4481 364 4117 1630 1127 912 574 2284 402 2522 853 2000 676 418 2574 2127 595 1324 588 404 382
internal_count=22817 8340 14477 2960 1330 477 5380 2858 6688 4481 364 4117 1630 1127 912 574 2284 402 2522 853 2000 676 418 2574 2127 595 1324 588 404 382
is_linear=0
shrinkage=0.0161


Tree=110
num_leaves=31
num_cat=0
split_feature=409 490 204 145 530 392 61 538 169 322 230 136 51 335 588 397 239 542 360 53 202 299 462 451 210 283 360 110 24 73
split_gain=16784.3 8094.16 6445.44 6071.42 5098.13 5229.4 5367.06 7930.5 5085.02 4624 5660.29 4618.63 4328.34 3656.86 4462.43 3894.58 3542.86 6193.3 3509.69 4020.03 3241.31 3579.2 3104.49 3274.92 2916.66 2721.57 3937.83 2588.56 2559.14 3626.15
threshold=10.500000000000002 320.50000000000006 5.5000000000000009 6.5000000000000009 145.50000000000003 5.5000000000000009 6.5000000000000009 153.50000000000003 16.500000000000004 5.5000000000000009 35.500000000000007 8.0000000000000018 6.5000000000000009 10.500000000000002 205.94999694824222 8.0000000000000018 10.500000000000002 180.15000152587893 16.500000000000004 16.500000000000004 4.5000000000000009 29.500000000000004 13.500000000000002 13.500000000000002 2.5000000000000004 4.5000000000000009 2.5000000000000004 20.000000000000004 4.5000000000000009 2.5000000000000004
decision_type=2 2 2 2 2 2 2 2 2 2 2 2 2 2 8 2 2 10 2 2 2 2 2 2 2 2 2 2 2 2
left_child=3 2 20 4 -1 -6 -7 -8 12 -10 13 -12 -4 18 15 -15 -14 22 19 27 -2 -22 23 -18 -5 -26 -27 -11 -28 -30
right_child=1 -3 8 24 5 6 7 -9 9 10 11 -13 16 14 -16 -17 17 -19 -20 -21 21 -23 -24 -25 25 26 28 -29 29 -31
leaf_value=-0.027404714959310909 -0.03413060693594451 0.12991113808557633 -0.021349887346095969 -0.03345516201761612 -0.037666632352603702 -0.016996232542118617 0.14645503110822278 0.015571101274976505 -0.0061101509063076296 -0.021005221684496426 0.04402763777478149 0.15863906882372894 0.0062946934054598338 0.092662357732178249 0.1235646518518142 0.0121227431773882 0.011566988426680221 0.13372501936681233 -0.028414451933964434 0.091631816202784391 -0.001966877560969589 0.074023659901175792 -0.015893259104541282 0.10423671029874193 -0.014771711289810816 0.065257467865285523 -0.019259017306552412 0.053987946369775011 0.06786194033482694 0.0069514356295662131
leaf_weight=6176 760 162 827 616 446 369 189 330 464 283 166 204 1450 244 229 432 215 173 302 235 1645 178 275 184 1584 309 848 206 277 2988
leaf_count=6176 760 162 827 616 446 369 189 330 464 283 166 204 1450 244 229 432 215 173 302 235 1645 178 275 184 1584 309 848 206 277 2988
internal_value=-0.000523219 0.0171617 0.0150029 -0.0113295 -0.0212389 0.00728936 0.0298951 0.0632794 0.0243041 0.0402093 0.0495599 0.107282 0.0102192 0.0384875 0.0620884 0.0412281 0.0215954 0.0477612 0.017647 0.036893 -0.00619379 0.00544002 0.0256614 0.0543609 -8.78399e-05 0.00333053 0.00982024 0.0105389 0.00564965 0.0121262
internal_weight=22766 8634 8472 14132 7510 1334 888 519 5889 2765 2301 370 3124 1931 905 676 2297 847 1026 724 2583 1823 674 399 6622 6006 4422 489 4113 3265
internal_count=22766 8634 8472 14132 7510 1334 888 519 5889 2765 2301 370 3124 1931 905 676 2297 847 1026 724 2583 1823 674 399 6622 6006 4422 489 4113 3265
is_linear=0
shrinkage=0.0161


Tree=111
num_leaves=31
num_cat=0
split_feature=172 552 469 347 443 349 171 265 171 62 503 172 222 347 386 164 475 49 282 121 28 333 12 237 197 89 50 85 445 128
split_gain=14378.9 11331.8 9653.19 7855.9 5690.71 5448.27 5172.8 4177.92 3926.08 4666.25 3800.07 3136.43 3834.73 4948.87 6312.55 6056.91 3766.27 3030.94 2987.25 3345.23 3556.29 5090.49 4036.14 2838.9 2829.48 4737.85 2389.18 2353.05 2578.85 2835.37
threshold=10.500000000000002 240.75000000000003 8.0000000000000018 73.500000000000014 4.5000000000000009 35.500000000000007 29.500000000000004 8.0000000000000018 20.000000000000004 13.500000000000002 308.50000000000006 61.500000000000007 13.500000000000002 6.5000000000000009 10.500000000000002 13.500000000000002 43.500000000000007 29.500000000000004 4.5000000000000009 6.5000000000000009 5.5000000000000009 4.5000000000000009 6.5000000000000009 4.5000000000000009 5.5000000000000009 13.500000000000002 35.500000000000007 4.5000000000000009 29.500000000000004 35.500000000000007
decision_type=2 10 2 2 2 2 2 2 2 2 2 2 2 2 2 2 2 2 2 2 2 2 2 2 2 2 2 2 2 2
left_child=1 4 -3 5 -1 10 24 23 18 -10 11 12 16 14 -14 -16 17 27 -9 20 -20 -22 -23 -6 -7 -26 -25 -2 29 -29
right_child=3 2 -4 -5 7 6 -8 8 9 -11 -12 -13 13 -15 15 -17 -18 -19 19 -21 21 22 -24 26 25 -27 -28 28 -30 -31
leaf_value=-0.026497780695759341 -0.030778994202000753 -0.0030451001162143648 0.17339276254656671 0.11933643531790129 -0.027990659283915274 -0.026043251975980362 0.11096458732008098 -0.023452034857502239 0.011752380692310663 0.10940608965703862 0.08757161301034451 -0.032591996425421335 0.015639052777258348 0.0089808126386617809 0.053639269500947918 0.18441943837996722 0.067710136794433606 0.041063919360516281 -0.005010661262055148 -0.0050247028442367203 0.13351940650921462 0.088174101108724354 -0.0066291884441134069 -0.0080972304869610188 0.097174681141459163 -0.013190367375666971 0.044354912074871404 0.0030399890228184475 -0.034087789685376312 0.069449637875282758
leaf_weight=4451 726 160 161 192 2121 184 274 888 337 204 161 451 372 1090 217 160 223 416 401 1439 164 189 302 3845 235 176 239 2432 451 179
leaf_count=4451 726 160 161 192 2121 184 274 888 337 204 161 451 372 1090 217 160 223 416 401 1439 164 189 302 3845 235 176 239 2432 451 179
internal_value=8.47319e-05 -0.00923852 0.0853753 0.0175868 -0.0113232 0.0150621 0.0530533 -0.00465268 0.00834625 0.0486191 0.0102586 0.00840202 0.0113563 0.0308995 0.0627659 0.109205 0.00323268 -0.000181908 0.00189898 0.0109311 0.0326963 0.0558169 0.0298154 -0.0128769 0.0263454 0.0498565 -0.00502191 -0.00471776 0.00145367 0.00760179
internal_weight=22840 14901 321 7939 14580 7747 869 10129 3924 541 6878 6717 6266 1839 749 377 4427 4204 3383 2495 1056 655 491 6205 595 411 4084 3788 3062 2611
internal_count=22840 14901 321 7939 14580 7747 869 10129 3924 541 6878 6717 6266 1839 749 377 4427 4204 3383 2495 1056 655 491 6205 595 411 4084 3788 3062 2611
is_linear=0
shrinkage=0.0161


Tree=112
num_leaves=31
num_cat=0
split_feature=290 494 530 255 142 556 460 565 318 540 155 471 325 239 127 413 347 555 527 479 298 454 156 248 17 592 568 156 280 416
split_gain=13667 6024.95 5954.44 5250.53 5245.7 5806.06 5167.55 4825.12 4813.66 6994.54 3964.16 4809.44 7369.96 3092.96 9029.46 3031.93 2978.61 2803.59 4196.4 2922.51 2791.81 2740.59 2713.36 2570.02 3814.61 2655.89 2925.3 2540.38 3022.76 2966.86
threshold=6.5000000000000009 330.50000000000006 96.500000000000014 3.5000000000000004 43.500000000000007 178.05000305175784 4.5000000000000009 125.85000228881837 8.0000000000000018 247.34999847412112 5.5000000000000009 43.500000000000007 20.000000000000004 35.500000000000007 16.500000000000004 13.500000000000002 35.500000000000007 160.44999694824222 163.50000000000003 13.500000000000002 4.5000000000000009 8.0000000000000018 8.0000000000000018 16.500000000000004 8.0000000000000018 124.35000228881837 114.45000076293947 6.5000000000000009 43.500000000000007 3.5000000000000004
decision_type=2 2 2 2 2 8 2 8 2 8 2 2 2 2 2 2 2 10 2 2 2 2 2 2 2 10 10 2 2 2
left_child=2 3 20 -2 10 7 -4 -6 15 17 23 13 -13 16 -15 -8 27 18 -10 -19 -1 -17 -18 25 -25 26 -5 -12 29 -29
right_child=1 -3 6 4 5 -7 8 -9 9 -11 11 12 -14 14 -16 21 22 19 -20 -21 -22 -23 -24 24 -26 -27 -28 28 -30 -31
leaf_value=-0.034387285935585481 -0.013095178012220139 0.10747560843425015 -0.030010326451765615 -0.004711125160521139 0.051645392247765397 -0.0021141170228169614 -0.022758156738247461 0.16599610236211365 0.012629205288037749 0.1048379413587764 -0.008583159963210546 0.019584262469204198 0.15208597623667258 0.00027697815617632864 0.14994139050306329 0.07525520898594705 0.093560494155020615 -0.039219883430571652 0.11169070463271263 0.03993475830226409 -0.013783535518013179 -0.008150421597181037 0.018745332228456819 0.077466848539222241 -0.0088161839757207143 -0.032394237688316466 0.064674361937315641 0.051518836587713397 0.08137876781206782 0.0054859797548244913
leaf_weight=2755 2045 168 882 1573 240 244 930 160 363 301 1587 289 175 280 167 187 208 326 160 192 4488 224 320 239 298 855 175 429 176 2368
leaf_count=2755 2045 168 882 1573 240 244 930 160 363 301 1587 289 175 280 167 187 208 326 160 192 4488 224 320 239 298 855 175 429 176 2368
internal_value=-0.00010725 0.0117224 -0.0132394 0.0103604 0.0152659 0.059687 0.00378843 0.0974445 0.0149081 0.036468 0.0121331 0.019805 0.0696087 0.0156257 0.0562445 -0.0066503 0.0120525 0.0166765 0.0429798 -0.00983527 -0.0216238 0.0297409 0.0482625 -0.00251666 0.0295416 -0.00913932 0.0022219 0.00785463 0.0166371 0.0125549
internal_weight=22804 11996 10808 11828 9783 644 3565 400 2683 1342 9139 5999 464 5535 447 1341 5088 1041 523 518 7243 411 528 3140 537 2603 1748 4560 2973 2797
internal_count=22804 11996 10808 11828 9783 644 3565 400 2683 1342 9139 5999 464 5535 447 1341 5088 1041 523 518 7243 411 528 3140 537 2603 1748 4560 2973 2797
is_linear=0
shrinkage=0.0161


Tree=113
num_leaves=31
num_cat=0
split_feature=110 84 505 534 241 112 207 445 277 232 503 503 223 1 6 393 454 177 443 201 47 388 366 280 368 330 380 470 487 490
split_gain=13404 7338.69 6605.09 6212.37 8135.45 6129.69 6985.58 4570.3 5131.08 4406.45 3769.56 4782.2 3762.57 3761.17 3551.86 3775.66 3301.33 3338.52 3001.53 2602.42 2509.26 3647.96 2499.46 3926.24 2496.39 2396.99 3390.68 2336.62 2343.21 2691.42
threshold=16.500000000000004 10.500000000000002 231.50000000000003 193.50000000000003 13.500000000000002 29.500000000000004 16.500000000000004 8.0000000000000018 24.500000000000004 4.5000000000000009 164.50000000000003 139.50000000000003 16.500000000000004 16.500000000000004 52.000000000000007 10.500000000000002 16.500000000000004 10.500000000000002 13.500000000000002 10.500000000000002 35.500000000000007 16.500000000000004 35.500000000000007 13.500000000000002 6.5000000000000009 10.500000000000002 8.0000000000000018 10.500000000000002 182.50000000000003 171.50000000000003
decision_type=2 2 2 2 2 2 2 2 2 2 2 2 2 2 2 2 2 2 2 2 2 2 2 2 2 2 2 2 2 2
left_child=2 7 9 4 -4 10 19 -2 12 -1 11 13 18 16 20 -16 17 -3 -9 -7 22 -22 27 -24 -12 -5 -27 -11 29 -29
right_child=1 5 3 25 -6 6 -8 8 -10 14 24 -13 -14 -15 15 -17 -18 -19 -20 -21 21 -23 23 -25 -26 26 -28 28 -30 -31
leaf_value=-0.022553441336142011 -0.018217898719056422 0.0051706117758201116 0.022834144009743748 -0.028244975413485519 0.16547451772106733 -0.0090405519846841198 0.14796161179249012 -0.024093552018914086 0.10629791247053216 -0.017304938096364002 -0.054368833474648312 0.1171078839293984 0.062061232244192625 -0.0094078647651664772 0.10039178584513087 -0.0003771289577122357 0.084978721769215781 0.072932000026265639 0.050150494894443655 0.076899768902942922 -0.0013112128028778109 0.079400183430815535 -0.0065083506991558248 0.08367906950312208 0.014733747717759486 -0.020738875106736349 0.078850418473261893 0.001727190260973302 -0.036833191679469836 0.069374387929800302
leaf_weight=5658 1500 597 280 384 165 168 250 616 168 5546 211 174 274 486 168 225 354 276 183 199 484 207 369 189 378 174 180 2371 379 163
leaf_count=5658 1500 597 280 384 165 168 250 616 168 5546 211 174 274 486 168 225 354 276 183 199 484 207 369 189 378 174 180 2371 379 163
internal_value=-0.00117306 0.0198734 -0.00842181 0.0282631 0.0757762 0.0368723 0.0822928 0.000682923 0.0235474 -0.0111772 0.0255443 0.0366456 0.0105691 0.0284588 -0.00480252 0.0426398 0.0434765 0.0266204 -0.00705951 0.0374951 -0.00672551 0.0228331 -0.00899329 0.0239968 -0.00998121 -0.000354417 0.0298333 -0.0111723 0.000495508 0.0060879
internal_weight=22776 5834 16942 1183 445 3093 617 2741 1241 15759 2476 1887 1073 1713 10101 393 1227 873 799 367 9708 691 9017 558 589 738 354 8459 2913 2534
internal_count=22776 5834 16942 1183 445 3093 617 2741 1241 15759 2476 1887 1073 1713 10101 393 1227 873 799 367 9708 691 9017 558 589 738 354 8459 2913 2534
is_linear=0
shrinkage=0.0161


Tree=114
num_leaves=31
num_cat=0
split_feature=169 23 469 310 46 528 431 348 71 591 563 480 476 326 593 454 120 293 373 30 293 19 92 428 412 419 529 232 518 512
split_gain=13705.8 9190.61 7782.74 7337.06 5364.97 5848.59 5790.76 5058.54 5227.01 6584.23 4728.7 4703.12 4591.91 4248.78 4077.2 4217.54 7700.47 9180.82 3705.54 3597.54 3578.19 4603.05 3680.36 3842.78 3566 3261.65 3255.1 3351.53 3467.42 2985.85
threshold=10.500000000000002 6.5000000000000009 35.500000000000007 8.0000000000000018 16.500000000000004 135.50000000000003 8.0000000000000018 24.500000000000004 10.500000000000002 140.05000305175784 233.25000000000003 56.500000000000007 43.500000000000007 10.500000000000002 233.25000000000003 13.500000000000002 8.0000000000000018 8.0000000000000018 8.0000000000000018 16.500000000000004 16.500000000000004 10.500000000000002 13.500000000000002 10.500000000000002 6.5000000000000009 43.500000000000007 96.500000000000014 6.5000000000000009 92.500000000000014 230.50000000000003
decision_type=2 2 2 2 2 2 2 2 2 10 10 2 2 2 10 2 2 2 2 2 2 2 2 2 2 2 2 2 2 2
left_child=3 -2 7 24 5 13 -6 10 9 18 26 -5 14 -4 15 19 -17 -18 -9 20 22 -22 -13 -24 -1 -26 27 -3 -29 -28
right_child=1 2 4 11 6 -7 -8 8 -10 -11 -12 12 -14 -15 -16 16 17 -19 -20 -21 21 -23 23 -25 25 -27 29 28 -30 -31
leaf_value=-0.02697799857361638 -0.0078714673411750223 -0.0033998494664368162 0.026905581218447838 -0.01130923106509487 0.052679839288702741 -0.029101358114280527 0.17942684573720188 0.0043203795876613207 0.013177617494744375 0.15224347716407383 0.095343959512886989 -0.015378415461017337 0.089765574287998584 0.13606802588030412 -0.056537151567477115 -1.1026140428580344e-05 0.16171731550494081 0.030012663182656989 0.092003445303035308 -0.030928618733477228 0.11424458038984758 0.00040149874462968243 -0.004122870996621915 0.10195956960789639 -0.0092260771419069697 0.064503028801703638 -0.024622217501528425 0.025747690251104027 0.10442852743428956 0.040692747632869765
leaf_weight=4635 2394 839 196 2533 179 201 197 268 617 213 161 845 213 176 207 560 233 335 235 567 194 176 185 169 3860 162 1076 759 180 218
leaf_count=4635 2394 839 196 2533 179 201 197 268 617 213 161 845 213 176 207 560 233 335 235 567 194 176 185 169 3860 162 1076 759 180 218
internal_value=0.00133704 0.0184627 0.0298983 -0.00776766 0.0718608 0.040789 0.11915 0.0211717 0.0475677 0.0771698 0.010281 0.00557287 0.0171868 0.0786156 0.0127262 0.0171261 0.0423122 0.0840808 0.0453324 0.00381448 0.0163848 0.0601558 0.00285788 0.0464545 -0.0173508 -0.00625053 0.00581532 0.019959 0.0408553 -0.0136004
internal_weight=22783 7909 5515 14874 949 573 376 4566 1333 716 3233 6217 3684 372 3471 3264 1128 568 503 2136 1569 370 1199 354 8657 4022 3072 1778 939 1294
internal_count=22783 7909 5515 14874 949 573 376 4566 1333 716 3233 6217 3684 372 3471 3264 1128 568 503 2136 1569 370 1199 354 8657 4022 3072 1778 939 1294
is_linear=0
shrinkage=0.0161


Tree=115
num_leaves=31
num_cat=0
split_feature=291 469 404 358 206 49 366 1 127 37 157 46 588 509 566 533 533 351 531 290 406 412 351 364 111 554 501 565 64 347
split_gain=13908.1 7260.27 5955.81 5780.6 5209.04 6231.42 6276.01 4931.85 8310.84 4701.47 3833.98 3601.6 4726.79 8016.85 3265.92 6751.62 9647.26 9021.2 3208.7 3405.99 5315.6 3049.23 2901.8 2862.3 2892.53 3037.58 2793.48 2778.97 2775.61 2729.92
threshold=5.5000000000000009 16.500000000000004 35.500000000000007 73.500000000000014 13.500000000000002 29.500000000000004 16.500000000000004 13.500000000000002 16.500000000000004 8.0000000000000018 5.5000000000000009 35.500000000000007 201.75000000000003 116.50000000000001 260.05000305175787 104.50000000000001 201.50000000000003 8.0000000000000018 234.50000000000003 16.500000000000004 35.500000000000007 13.500000000000002 16.500000000000004 61.500000000000007 4.5000000000000009 195.05000305175784 241.50000000000003 195.05000305175784 2.5000000000000004 24.500000000000004
decision_type=2 2 2 2 2 2 2 2 2 2 2 2 8 2 8 2 2 2 2 2 2 2 2 2 2 10 2 8 2 2
left_child=2 3 23 11 18 7 -7 8 9 -6 -4 14 13 -13 21 -16 17 -17 19 -3 22 29 -21 24 -1 -26 28 -9 -23 -2
right_child=1 4 10 -5 5 6 -8 27 -10 -11 -12 12 -14 -15 15 16 -18 -19 -20 20 -22 26 -24 -25 25 -27 -28 -29 -30 -31
leaf_value=-0.029996862322451801 -0.019252990103417016 0.0022090713634485455 0.094382068898132443 0.098026712921724296 -0.03825384037544878 0.055749683216375995 0.18301518452756721 -0.035032391129314958 0.15789683383538841 0.070940109626024844 0.0023096466398005058 0.016354009236621735 -0.026766507861600196 0.15074223759422981 -0.00991257037772535 0.18287331360230841 -0.019095440925956591 0.039563091844847242 -0.039627378186615971 0 0.12219204267154826 0.068284331979148821 0.053450922989324925 0.048216785991153796 -0.014515600730632057 0.041856215341172197 -0.0559702395582653 0.04430966331123018 0.0064179647091108342 0.021951994485670888
leaf_weight=4120 4133 1370 193 160 180 272 160 320 168 236 300 345 227 173 1038 193 295 279 260 549 172 208 505 160 3774 265 167 178 1969 463
leaf_count=4120 4133 1370 193 160 180 272 160 320 168 236 300 345 227 173 1038 193 295 279 260 549 172 208 505 160 3774 265 167 178 1969 463
internal_value=-0.000102732 0.00985835 -0.0159536 0.00205911 0.0270755 0.0512239 0.10294 0.0305542 0.0622994 0.0236361 0.038402 0.000438628 0.0344222 0.061282 -0.00245379 0.0168347 0.0530632 0.0982123 0.0142659 0.0196726 0.0391682 -0.00747387 0.0255974 -0.0191776 -0.0205022 -0.0108112 0.00746292 -0.00662592 0.0123398 -0.0150969
internal_weight=22832 14020 8812 9650 4370 1514 432 1082 584 416 493 9490 745 518 8745 1805 767 472 2856 2596 1226 6940 1054 8319 8159 4039 2344 498 2177 4596
internal_count=22832 14020 8812 9650 4370 1514 432 1082 584 416 493 9490 745 518 8745 1805 767 472 2856 2596 1226 6940 1054 8319 8159 4039 2344 498 2177 4596
is_linear=0
shrinkage=0.0161


Tree=116
num_leaves=31
num_cat=0
split_feature=409 491 169 492 206 65 156 182 564 49 460 579 386 347 361 145 232 23 531 537 471 405 508 230 109 520 412 250 410 29
split_gain=12530.2 7614.3 7231 6447.95 4343.85 3957.95 3826.54 5552.45 7458.44 3938.08 3795.82 4819.57 4998.54 5670.42 5606.79 5336.11 3538.85 3436.56 3416.17 8066.73 3274.19 2898.83 4105.78 2893.88 2855.1 2849.36 3217.28 2959.17 5182.59 2733.78
threshold=10.500000000000002 293.50000000000006 13.500000000000002 34.500000000000007 13.500000000000002 52.000000000000007 6.5000000000000009 20.000000000000004 231.15000152587893 24.500000000000004 5.5000000000000009 195.05000305175784 4.5000000000000009 4.5000000000000009 6.5000000000000009 6.5000000000000009 29.500000000000004 4.5000000000000009 188.50000000000003 181.50000000000003 8.0000000000000018 20.000000000000004 107.50000000000001 8.0000000000000018 4.5000000000000009 166.50000000000003 5.5000000000000009 6.5000000000000009 24.500000000000004 20.000000000000004
decision_type=2 2 2 2 2 2 2 2 8 2 2 10 2 2 2 2 2 2 2 2 2 2 2 2 2 2 2 2 2 2
left_child=3 2 5 24 17 25 -6 8 9 -8 16 12 -12 14 15 -14 -5 -4 21 -20 -16 -15 -23 -19 -1 26 -2 -28 29 -29
right_child=1 -3 4 10 6 -7 7 -9 -10 -11 11 -13 13 18 20 -17 -18 23 19 -21 -22 22 -24 -25 -26 -27 27 28 -30 -31
leaf_value=-0.035840140955186665 -0.018912029836154164 0.10567227026369862 -0.024965460229311575 -0.019225082410004979 0.017470382663799564 0.073379881583336568 0.020121478926718134 -0.003509647555560276 0.18404347278156405 0.10966836457478572 -0.013742630096520816 -0.028545310935868786 0.038041196380150182 -0.0073267406674106493 -0.016418190699223862 0.1468682097719578 0.048542235369603733 -0.0051934122774829772 0.12545946508903688 -0.0050252656245869439 0.062396642513807485 -0.0010968291008881465 0.093396118595916594 0.035405285943949573 -0.01189185393655068 -0.032160488278398368 -0.0066922897632877756 0.028983200572412503 0.09712842010854425 -0.040768370186909333
leaf_weight=2257 1169 242 423 2786 524 177 269 194 177 243 1275 809 219 1734 291 252 215 614 209 297 257 296 199 1748 3023 773 912 656 249 187
leaf_count=2257 1169 242 423 2786 524 177 269 194 177 243 1275 809 219 1734 291 252 215 614 209 297 257 296 199 1748 3023 773 912 656 249 187
internal_value=0.00126004 0.0166341 0.0140399 -0.00805593 0.0289299 -0.00109364 0.0519961 0.072458 0.0938822 0.0626672 0.000350559 0.00791762 0.013788 0.0231447 0.0555678 0.0963171 -0.0143622 0.0172683 0.011056 0.0488241 0.0205013 0.00247175 0.0368437 0.0248417 -0.0221333 -0.00444016 0.0023056 0.0146943 0.0325772 0.0134825
internal_weight=22676 8557 8315 14119 4192 4123 1407 883 689 512 8839 5838 5029 3754 1019 471 3001 2785 2735 506 548 2229 495 2362 5280 3946 3173 2004 1092 843
internal_count=22676 8557 8315 14119 4192 4123 1407 883 689 512 8839 5838 5029 3754 1019 471 3001 2785 2735 506 548 2229 495 2362 5280 3946 3173 2004 1092 843
is_linear=0
shrinkage=0.0161


Tree=117
num_leaves=31
num_cat=0
split_feature=291 410 552 148 427 159 364 556 518 222 540 56 352 599 406 532 494 499 469 147 23 304 45 43 225 535 419 512 504 505
split_gain=13379.5 7600.4 9466.16 9861.41 8264 5951.86 4960.87 7512.47 4947.38 5598.84 5061.28 5287.17 4680.41 4107.69 5294.25 3859.91 4082.51 3733.68 3269.8 3148.2 3573.59 3143.79 3079.17 4652.96 3098.37 3034.6 3516.89 4475.76 2906.13 5322.02
threshold=5.5000000000000009 13.500000000000002 224.44999694824222 10.500000000000002 6.5000000000000009 52.000000000000007 43.500000000000007 153.34999847412112 161.50000000000003 35.500000000000007 183.15000152587893 24.500000000000004 13.500000000000002 155.05000305175784 20.000000000000004 87.500000000000014 57.500000000000007 183.50000000000003 5.5000000000000009 3.5000000000000004 6.5000000000000009 3.5000000000000004 10.500000000000002 16.500000000000004 24.500000000000004 227.50000000000003 24.500000000000004 72.500000000000014 177.50000000000003 207.50000000000003
decision_type=2 2 10 2 2 2 2 8 2 2 10 2 2 10 2 2 2 2 2 2 2 2 2 2 2 2 2 2 2 2
left_child=6 5 4 -4 15 19 18 -8 9 10 11 21 -13 -10 17 16 -3 -15 -1 -2 25 -6 23 -23 -24 26 -21 -28 -20 -30
right_child=1 2 3 -5 8 -7 7 -9 13 -11 -12 12 -14 14 -16 -17 -18 -19 28 20 -22 22 24 -25 -26 -27 27 -29 29 -31
leaf_value=-0.028677435288157537 -0.023945255854840041 -0.0069379605255943918 0.18624571573585808 0.019850493371099408 -0.029610307216103048 0.072012307427505445 -0.026067272584765846 0.12376169699611252 -0.057103692380817216 0.13041044496502099 0.12218400126995518 0.031000152692553722 0.14041297235755804 0.044008784625101487 0.099375693852410185 -0.029885682921394572 0.058148226867847499 -0.061606990100634994 -0.013689612154021437 -0.015109142849094962 0.012095576660251886 0.030723791762336829 -0.013650433344919277 0.12479072592740283 0.064529507793388965 -0.067207033448062559 -0.020254460215148925 0.096953064223851707 0.084167180911585773 -0.013714194404292307
leaf_weight=3940 1490 790 184 186 279 285 185 163 240 184 173 209 198 164 163 975 365 184 3890 1989 3748 663 556 172 172 239 161 177 235 371
leaf_count=3940 1490 790 184 186 279 285 185 163 240 184 173 209 198 164 163 975 365 184 3890 1989 3748 663 556 172 172 239 161 177 235 371
internal_value=5.4956e-05 0.00985916 0.023827 0.102662 0.0185067 -0.000251643 -0.0155081 0.0440436 0.0342465 0.0447392 0.038221 0.0317519 0.0842858 -0.0021323 0.0236399 -0.00628893 0.01361 -0.0117664 -0.0179675 -0.00289372 0.00207037 0.0201314 0.0290255 0.0501286 0.00478832 -0.0125637 -0.00694128 0.0410538 -0.00857679 0.0242043
internal_weight=22730 13946 5857 370 5487 8089 8784 348 3357 2606 2422 2249 407 751 511 2130 1155 348 8436 7804 6314 1842 1563 835 728 2566 2327 338 4496 606
internal_count=22730 13946 5857 370 5487 8089 8784 348 3357 2606 2422 2249 407 751 511 2130 1155 348 8436 7804 6314 1842 1563 835 728 2566 2327 338 4496 606
is_linear=0
shrinkage=0.0161


Tree=118
num_leaves=31
num_cat=0
split_feature=170 171 5 147 278 525 577 579 113 257 555 78 520 51 60 269 308 358 371 261 321 31 540 29 308 369 218 535 475 74
split_gain=12479.9 6731.33 5535.11 5084.47 4991.46 4949.46 5349.67 6394.95 4833.76 4509.95 4718.76 4262.38 4249.12 4778.45 5070.95 5047.77 5125.28 7206.46 3781.95 4040.42 3759.32 3799.12 6109.98 3716.58 3551.37 5442.26 3518.46 5028.63 3365.99 2854.77
threshold=8.0000000000000018 4.5000000000000009 52.000000000000007 3.5000000000000004 6.5000000000000009 86.500000000000014 137.84999847412112 118.54999923706056 10.500000000000002 29.500000000000004 221.94999694824222 13.500000000000002 154.50000000000003 10.500000000000002 20.000000000000004 3.5000000000000004 13.500000000000002 10.500000000000002 5.5000000000000009 8.0000000000000018 5.5000000000000009 20.000000000000004 147.15000152587893 20.000000000000004 5.5000000000000009 8.0000000000000018 13.500000000000002 149.50000000000003 16.500000000000004 52.000000000000007
decision_type=2 2 2 2 2 2 8 10 2 2 10 2 2 2 2 2 2 2 2 2 2 2 10 2 2 2 2 2 2 2
left_child=3 -2 8 -1 29 -6 7 -7 20 10 12 -4 13 -10 15 -15 18 -18 -17 -20 -3 -22 -23 24 25 -8 -26 -28 -14 -5
right_child=1 2 11 4 5 6 23 -9 9 -11 -12 -13 28 14 -16 16 17 -19 19 -21 21 22 -24 -25 26 -27 27 -29 -30 -31
leaf_value=-0.028063288972832359 -0.019113886148638067 -0.019633011182737827 0.029671241346842372 -0.018736080219643472 -0.0092008320152240537 0.0095618863222114089 0.014875345395279481 0.11435525734734128 0.0038173600437740852 -0.018875992560966014 0.10019814452724066 0.138665001600562 -0.025507913226909942 0.00051014116230398967 0.0056032481391555941 0.011533253585374485 0.068408043607301822 0.21295814918592815 0.14107850539886851 0.045302921126113269 0.0045801773044323269 0.014038002723457978 0.12521302168925497 -0.032388241474798601 -0.025361028652462612 0.12645686427014988 -0.037905294072713348 0.072859975792542858 0.044282528558014282 0.048586845308898577
leaf_weight=3185 1385 1222 204 4669 2573 290 299 316 665 450 268 172 536 225 417 268 198 164 205 260 2201 387 192 429 511 183 160 315 269 169
leaf_count=3185 1385 1222 204 4669 2573 290 299 316 665 450 268 172 536 225 417 268 198 164 205 260 2201 387 192 429 511 183 160 315 269 169
internal_value=-0.000117043 0.0137364 0.0192189 -0.0103648 -0.00467659 0.00647297 0.0225945 0.0642455 0.0163522 0.0290482 0.0352609 0.0795927 0.029827 0.0405559 0.0546075 0.0700706 0.0843423 0.13396 0.0598061 0.0875772 0.0038947 0.0142452 0.050945 0.00927665 0.0214686 0.0572881 0.00393457 0.0355 -0.0021574 -0.0163795
internal_weight=22787 9688 8303 13099 9914 5076 2503 606 7927 3925 3475 376 3207 2402 1737 1320 1095 362 733 465 4002 2780 579 1897 1468 482 986 475 805 4838
internal_count=22787 9688 8303 13099 9914 5076 2503 606 7927 3925 3475 376 3207 2402 1737 1320 1095 362 733 465 4002 2780 579 1897 1468 482 986 475 805 4838
is_linear=0
shrinkage=0.0161


Tree=119
num_leaves=31
num_cat=0
split_feature=411 351 83 440 294 530 532 65 57 564 529 564 573 350 188 96 66 239 472 302 48 52 230 235 424 116 535 457 232 109
split_gain=11051.1 5712.56 5792.61 5420 5620.88 7048.34 12660.4 4588.2 4230.95 5580.2 5454.01 5271.54 3933.17 3887.51 3813.88 3533.51 3583.79 3319.47 3965.46 4400.37 2994.71 2972.69 2896.81 2817.04 2806.97 2865.17 2659.81 2604.68 2515.99 2419.63
threshold=10.500000000000002 102.50000000000001 6.5000000000000009 5.5000000000000009 24.500000000000004 99.500000000000014 156.50000000000003 16.500000000000004 24.500000000000004 235.84999847412112 96.500000000000014 84.250000000000014 91.049999237060561 13.500000000000002 16.500000000000004 5.5000000000000009 3.5000000000000004 10.500000000000002 20.000000000000004 8.0000000000000018 29.500000000000004 8.0000000000000018 24.500000000000004 24.500000000000004 5.5000000000000009 10.500000000000002 103.50000000000001 5.5000000000000009 13.500000000000002 16.500000000000004
decision_type=2 2 2 2 2 2 2 2 2 10 2 10 10 2 2 2 2 2 2 2 2 2 2 2 2 2 2 2 2 2
left_child=3 2 7 -1 17 -6 -7 27 9 10 11 22 28 -9 23 -12 -17 21 -19 -20 26 -5 -4 -10 -14 -26 -18 -2 -13 -23
right_child=1 -3 8 4 5 6 -8 13 14 -11 15 12 24 -15 -16 16 20 18 19 -21 -22 29 -24 -25 25 -27 -28 -29 -30 -31
leaf_value=-0.023459345884635909 -0.039570775772643139 -0.076750312047367084 -0.0015241561252576526 -0.022490418131802699 -0.0078753199950588656 0.17225234717975954 0.0033458802256511534 0.0012258058828063059 0.014769347942404211 0.10039182213505304 -0.044214849869336936 0.058678988402662273 -0.014690161145340446 0.079302514846758057 0.10503549929970923 0.075183149592619278 0.037599333254536564 -0.00011965002292228819 0.12035320722051582 0.0030683645742211074 0.054084732388396471 -0.0086752020477502776 0.053928185790772833 0.086357978081541789 0.022367814318187035 0.10114933869774689 -0.02850754008356295 -0.0026569384767206653 0.14902409183639048 0.035760273829955093
leaf_weight=5349 767 182 1190 3736 508 208 258 423 519 201 495 161 202 272 276 170 197 2196 160 173 193 1115 307 197 277 212 788 1404 161 444
leaf_count=5349 767 182 1190 3736 508 208 258 423 519 201 495 161 202 272 276 170 197 2196 160 173 193 1115 307 197 277 212 788 1404 161 444
internal_value=-0.0019297 0.0124689 0.014402 -0.0106782 -0.00290484 0.0335637 0.0787881 -0.00417613 0.0240068 0.017436 0.0136001 0.0290445 0.057413 0.0318163 0.0541479 -0.00742087 0.00607281 -0.00744777 0.00772028 0.0594921 -0.00388068 -0.0146968 0.00983211 0.0344991 0.035705 0.0565707 -0.0152623 -0.0157092 0.103925 0.00396483
internal_weight=22741 8594 8412 14147 8798 974 466 2866 5546 4554 4353 2510 1013 695 992 1843 1348 7824 2529 333 1178 5295 1497 716 691 489 985 2171 322 1559
internal_count=22741 8594 8412 14147 8798 974 466 2866 5546 4554 4353 2510 1013 695 992 1843 1348 7824 2529 333 1178 5295 1497 716 691 489 985 2171 322 1559
is_linear=0
shrinkage=0.0161


Tree=120
num_leaves=31
num_cat=0
split_feature=290 172 558 550 358 32 524 480 9 399 349 292 285 503 123 568 264 536 328 155 593 348 185 394 172 225 0 348 532 427
split_gain=11269.3 6495.57 6755.26 8103.79 4449.38 7071.19 4406.63 7108.04 8897.46 9494.54 4182.66 4816.75 3496.12 3480.83 3037.38 4190.8 2916.19 2699.56 3656.05 2605.82 3820.78 2349.27 2318.94 2267.39 2246.13 2198.02 3081.65 2087.11 2025.68 3971.11
threshold=5.5000000000000009 5.5000000000000009 240.75000000000003 218.75000000000003 52.000000000000007 13.500000000000002 138.50000000000003 135.50000000000003 5.5000000000000009 13.500000000000002 35.500000000000007 16.500000000000004 52.000000000000007 161.50000000000003 29.500000000000004 192.55000305175784 3.5000000000000004 120.50000000000001 5.5000000000000009 13.500000000000002 260.05000305175787 10.500000000000002 24.500000000000004 3.5000000000000004 10.500000000000002 29.500000000000004 10.500000000000002 43.500000000000007 150.50000000000003 10.500000000000002
decision_type=2 2 10 10 2 2 2 2 2 2 2 2 2 2 2 8 2 2 2 2 8 2 2 2 2 2 2 2 2 2
left_child=12 19 4 -4 6 -6 7 10 -9 13 16 -12 24 -10 17 -16 -3 18 -8 -2 22 -20 -21 -19 -1 27 -27 -18 -26 -30
right_child=1 2 3 -5 5 -7 14 8 9 -11 11 -13 -14 -15 15 -17 25 23 21 20 -22 -23 -24 -25 28 26 -28 -29 29 -31
leaf_value=-0.022334929123027331 -0.016365290904818804 -0.028926711919336073 0.1598729514521815 0.0081805410086444232 0.13284784341724853 -0.0052598423804348718 0.080167271322789488 -0.022079347154457984 0.080639710574112788 0.17100027778844867 0.010202325817890776 0.1030771487786246 0.054190850112172326 -0.014940468437550066 0.095320408131547199 -0.019511593272903006 0.0028550111744539033 0.022913916862211361 -0.045915753329248389 -0.014419761210421286 0.067776927279674409 0.035371902461151544 0.052714807586362787 -0.029994085595844593 -0.01143363448690761 0.092596529045129647 -0.00087790530572576871 0.058538785756058767 -0.013417723977290864 0.083574252990491857
leaf_weight=6510 3275 586 179 187 197 187 168 254 254 239 338 254 179 161 166 163 3404 241 210 800 247 164 160 1607 1646 188 177 184 261 188
leaf_count=6510 3275 586 179 187 197 187 168 254 254 239 338 254 179 161 166 163 3404 241 210 800 247 164 160 1607 1646 188 177 184 261 188
internal_value=-0.00190747 0.00706547 0.0145985 0.0824332 0.0118802 0.065531 0.00952514 0.0171893 0.0587164 0.0901317 0.00983597 0.0500904 -0.0162011 0.0435025 -0.00748863 0.0383564 0.00458059 -0.0138094 0.0177616 -0.00890971 0.0113003 -0.010208 -0.00320615 -0.0230816 -0.0176681 0.00955373 0.0472033 0.00571715 -0.00315505 0.0271412
internal_weight=22774 13990 9508 366 9142 384 8758 6039 908 654 5131 592 8784 415 2719 329 4539 2390 542 4482 1207 374 960 1848 8605 3953 365 3588 2095 449
internal_count=22774 13990 9508 366 9142 384 8758 6039 908 654 5131 592 8784 415 2719 329 4539 2390 542 4482 1207 374 960 1848 8605 3953 365 3588 2095 449
is_linear=0
shrinkage=0.0161


Tree=121
num_leaves=31
num_cat=0
split_feature=144 230 319 169 580 266 470 122 513 49 96 180 81 225 557 411 419 552 491 27 588 111 91 521 495 122 279 82 405 157
split_gain=13286.4 9763.68 6301.04 5861.58 5229.86 5616.55 5159.88 5021.48 4184.93 3832.65 4472.23 4644.17 4582.71 4996.03 4341.85 3233.58 4297.36 3210.37 3192.55 3212.48 4721.75 2944.39 3999.76 3349.84 3748.35 2702.75 2623.96 2695.26 2878.53 3371.55
threshold=6.5000000000000009 35.500000000000007 16.500000000000004 3.5000000000000004 128.94999694824222 8.0000000000000018 8.0000000000000018 61.500000000000007 280.50000000000006 4.5000000000000009 43.500000000000007 10.500000000000002 2.5000000000000004 29.500000000000004 107.54999923706056 13.500000000000002 8.0000000000000018 213.05000305175784 212.50000000000003 8.0000000000000018 177.15000152587893 5.5000000000000009 2.5000000000000004 234.50000000000003 228.50000000000003 10.500000000000002 3.5000000000000004 52.000000000000007 29.500000000000004 6.5000000000000009
decision_type=2 2 2 2 10 2 2 2 2 2 2 2 2 2 10 2 2 10 2 2 8 2 2 2 2 2 2 2 2 2
left_child=3 6 4 -1 5 -3 26 8 21 15 11 12 -11 18 -12 -8 -17 -13 19 -14 25 -5 -23 24 -24 -21 -2 28 -28 -30
right_child=1 2 -4 7 -6 -7 9 -9 -10 10 14 17 13 -15 -16 16 -18 -19 -20 20 -22 22 23 -25 -26 -27 27 -29 29 -31
leaf_value=-0.031394157967595003 -0.027865151986404806 -0.002688466296283617 0.12807906474063799 -0.020008944285799236 -0.021643607187004088 0.11669463891915109 -0.030936902626818759 0.076980083181833192 0.058189047703199839 0.10383000061158693 0.020441121738284475 -0.0073764556869296907 0.0062577927277343674 0.095605283287730242 0.13590505000581787 -0.018957277108486163 0.079739576800372552 0.061986815418277511 -0.031691633554251995 0.048028835417567257 0.10430430581734645 -0.041782277233689942 0.0058580775534170836 -0.047700246208888845 0.083467469334290778 -0.02128991112814763 -0.005311295360142426 0.065725379523201274 0.097385552124445746 -0.00023110349580829999
leaf_weight=2838 929 166 272 3362 253 264 652 191 251 226 160 1530 933 253 180 258 205 195 271 438 277 529 3581 287 169 218 3346 166 161 212
leaf_count=2838 929 166 272 3362 253 264 652 191 251 226 160 1530 933 253 180 258 205 195 271 438 277 529 3581 287 169 218 3346 166 161 212
internal_value=0.00109323 0.0132005 0.0625123 -0.0113975 0.0363663 0.0705525 0.00875971 -0.0046145 -0.00652281 0.0189927 0.0253836 0.0209721 0.0344949 0.0279287 0.0816383 -0.00781635 0.0246914 0.000450965 0.0199054 0.0274115 0.0485399 -0.00857456 -0.000150127 0.00529943 0.00936195 0.0249572 -0.00355584 0.00225106 -0.000575831 0.0418406
internal_weight=22773 11565 955 11208 683 430 10610 8370 8179 5796 4681 4341 2616 2390 340 1115 463 1725 2137 1866 933 7928 4566 4037 3750 656 4814 3885 3719 373
internal_count=22773 11565 955 11208 683 430 10610 8370 8179 5796 4681 4341 2616 2390 340 1115 463 1725 2137 1866 933 7928 4566 4037 3750 656 4814 3885 3719 373
is_linear=0
shrinkage=0.0161


Tree=122
num_leaves=31
num_cat=0
split_feature=111 170 545 522 555 0 58 592 383 531 383 395 313 164 498 144 534 572 414 481 303 531 243 114 318 113 180 255 263 239
split_gain=12677.4 7000.54 5568.18 5524.44 6677.03 12272.2 5642.92 5547.97 5003.29 6115.84 4604.38 4483.44 3963.21 7000.73 4340.68 5743.31 5552.06 3545.29 5303.85 3391.65 3507.25 3369.37 2983.75 4037.16 4421.98 2880.94 3867.41 2871.03 2675.38 2636.79
threshold=4.5000000000000009 4.5000000000000009 71.950000762939467 296.50000000000006 231.15000152587893 16.500000000000004 29.500000000000004 177.15000152587893 4.5000000000000009 251.50000000000003 24.500000000000004 4.5000000000000009 13.500000000000002 24.500000000000004 92.500000000000014 35.500000000000007 133.50000000000003 192.55000305175784 10.500000000000002 156.50000000000003 13.500000000000002 198.50000000000003 29.500000000000004 24.500000000000004 8.0000000000000018 10.500000000000002 8.0000000000000018 8.0000000000000018 10.500000000000002 6.5000000000000009
decision_type=2 2 8 2 10 2 2 10 2 2 2 2 2 2 2 2 2 8 2 2 2 2 2 2 2 2 2 2 2 2
left_child=29 22 -3 4 6 21 8 10 -4 11 -8 -10 14 17 15 16 25 27 -19 -16 -21 -6 23 -2 -25 -13 28 -14 -27 -1
right_child=1 2 3 -5 5 -7 7 -9 9 -11 -12 12 13 -15 19 -17 -18 18 -20 20 -22 -23 -24 24 -26 26 -28 -29 -30 -31
leaf_value=-0.027686391061334928 -0.021798012993150789 -0.022445500030770307 -0.01113314846477528 -0.043884357264730479 -0.031823170206498441 0.19029277010838788 0.015372232929611439 0.11607153233282906 -0.0010298863832817018 -0.041996963572874357 0.098027592823911838 -0.0017103469875088169 0.051064920301059989 0.11610139767943704 -0.022757052707361794 0.11968412845610493 0.11502511959020195 0.023857254192161025 0.13582457028798769 -0.0052436931480271216 0.069235201058428092 0.070866862306590089 0.038535206605705294 -0.019840061241874454 0.084963265034408555 0.029300132226257554 0.0011936002485714095 -0.0027424486917306625 0.11339305407387035 -0.0065279617668577575
leaf_weight=3578 3020 1003 1923 373 163 165 885 248 1746 417 218 948 414 321 867 185 164 259 191 398 278 168 289 212 205 182 346 676 215 2669
leaf_count=3578 3020 1003 1923 373 163 165 885 248 1746 417 218 948 414 321 867 185 164 259 191 398 278 168 289 212 205 182 346 676 215 2669
internal_value=0.00087881 0.00828351 0.0139564 0.0170657 0.0190661 0.0768483 0.01643 0.0472296 0.0120612 0.0179277 0.0317298 0.0214065 0.0286066 0.0476755 0.0186956 0.0341078 0.0255606 0.0333974 0.0714335 -0.00166557 0.0253504 0.0202263 -0.0111268 -0.0153095 0.0316255 0.01687 0.0406086 0.0176729 0.0749009 -0.0186503
internal_weight=22726 16479 12753 11750 11377 496 10881 1351 9530 7607 1103 7190 5444 1861 3583 2040 1855 1540 450 1543 676 331 3726 3437 417 1691 743 1090 397 6247
internal_count=22726 16479 12753 11750 11377 496 10881 1351 9530 7607 1103 7190 5444 1861 3583 2040 1855 1540 450 1543 676 331 3726 3437 417 1691 743 1090 397 6247
is_linear=0
shrinkage=0.0161


Tree=123
num_leaves=31
num_cat=0
split_feature=411 290 320 492 529 235 484 541 159 423 48 484 190 234 504 6 584 549 526 555 599 492 72 299 427 126 585 2 552 267
split_gain=11355.9 6637.52 5586.39 7385.42 6973.9 5540.21 5010.1 5064.33 4994.77 4710.99 4835.19 3495.17 3408.16 3633.91 4006.6 3328.54 5503.43 5642.28 3267.18 5548.67 3237.58 3110.25 3479.02 3191.15 4150.05 2957.06 2828.33 2663.66 2662.2 3335.46
threshold=6.5000000000000009 16.500000000000004 8.0000000000000018 268.50000000000006 113.50000000000001 61.500000000000007 157.50000000000003 89.549999237060561 61.500000000000007 20.000000000000004 10.500000000000002 13.500000000000002 20.000000000000004 6.5000000000000009 64.500000000000014 24.500000000000004 260.05000305175787 188.65000152587893 299.50000000000006 221.94999694824222 158.65000152587893 78.500000000000014 13.500000000000002 24.500000000000004 3.5000000000000004 16.500000000000004 108.85000228881837 4.5000000000000009 106.25000000000001 35.500000000000007
decision_type=2 2 2 2 2 2 2 10 2 2 2 2 2 2 2 2 8 10 2 10 8 2 2 2 2 2 10 2 10 2
left_child=5 8 4 6 12 21 7 -4 11 10 -9 -2 13 -3 -15 18 17 25 19 28 -6 -1 -23 24 -24 -17 -12 -26 -13 -30
right_child=1 2 3 -5 20 -7 -8 9 -10 -11 26 15 -14 14 -16 16 -18 -19 -20 -21 -22 22 23 -25 27 -27 -28 -29 29 -31
leaf_value=-0.021745291379125956 -0.023713967134053826 -0.01588730897912518 0.020365128790082974 0.15066197779269572 -0.082679296421584503 0.080695422897813326 -0.0052167543453472374 0.12139725881429461 0.080426528057722504 0.15728353883261006 0.07157755637611414 0.0088714611610582056 0.099635591111995159 0.015177009857523321 0.10750101568000864 0.074323682740602914 -0.047380089086016014 0.13032156103476586 -0.072039980253453012 0.072277608365452634 -0.0089420181511714516 -0.014350860270303618 0.077663778431727115 0.076710016318763327 -0.053683990310460922 0.0056999843411617065 -0.021388092447508226 0.0084833999865522227 -0.018713464019468346 0.054869807839826382
leaf_weight=6101 1351 408 646 160 227 161 531 205 205 168 160 2837 165 345 189 239 196 170 160 275 485 2669 183 199 231 513 180 787 2385 171
leaf_count=6101 1351 408 646 160 227 161 531 205 205 168 160 2837 165 345 189 239 196 170 160 275 485 2669 183 199 231 513 180 787 2385 171
internal_value=-0.000526441 0.00987822 0.0273605 0.045586 0.00680758 -0.0129879 0.0366783 0.0530652 0.00191978 0.0826594 0.0596128 -1.71066e-05 0.0321004 0.020246 0.0478976 0.00458855 0.030035 0.0465176 -0.000288868 0.00173242 -0.032484 -0.0144733 -0.00356406 0.0169834 0.00706737 0.0275412 0.0222912 -0.00560023 -0.00186046 -0.0137814
internal_weight=22702 12371 3869 2050 1819 10331 1890 1359 8502 713 545 8297 1107 942 534 6946 1118 922 5828 5668 712 10170 4069 1400 1201 752 340 1018 5393 2556
internal_count=22702 12371 3869 2050 1819 10331 1890 1359 8502 713 545 8297 1107 942 534 6946 1118 922 5828 5668 712 10170 4069 1400 1201 752 340 1018 5393 2556
is_linear=0
shrinkage=0.0161


Tree=124
num_leaves=31
num_cat=0
split_feature=229 44 48 381 234 102 263 112 18 81 99 531 366 454 265 213 477 497 345 380 335 84 588 239 51 85 515 125 65 498
split_gain=12058.1 6421.56 5738.31 5747.65 7318.26 5289.74 4915.08 4780.25 5692.61 5740.38 4425.36 4560.4 4382.04 4506.2 3875.11 3806.24 3180.73 3881.13 4470.49 2932.68 3606.67 2815.5 3633.96 3799.68 2761.4 2669.34 2649.12 2520.03 2486.38 2202.26
threshold=13.500000000000002 10.500000000000002 43.500000000000007 8.0000000000000018 13.500000000000002 52.000000000000007 20.000000000000004 16.500000000000004 16.500000000000004 29.500000000000004 6.5000000000000009 94.500000000000014 20.000000000000004 35.500000000000007 8.0000000000000018 5.5000000000000009 52.000000000000007 228.50000000000003 8.0000000000000018 8.0000000000000018 16.500000000000004 35.500000000000007 235.84999847412112 10.500000000000002 4.5000000000000009 20.000000000000004 103.50000000000001 16.500000000000004 10.500000000000002 61.500000000000007
decision_type=2 2 2 2 2 2 2 2 2 2 2 2 2 2 2 2 2 2 2 2 2 2 8 2 2 2 2 2 2 2
left_child=1 12 7 -4 -5 6 16 21 9 10 -9 -12 24 19 -7 -8 17 -3 -19 -14 27 22 29 26 -1 -17 -24 -21 -10 -2
right_child=2 5 3 4 -6 14 15 8 28 -11 11 -13 13 -15 -16 25 -18 18 -20 20 -22 -23 23 -25 -26 -27 -28 -29 -30 -31
leaf_value=-0.030167474609314029 0.0089109657638008072 -0.0082379927957428514 -0.0065619136930957535 0.040397736559629048 0.16264672788574663 0.0159461119212265 0.087967900252827497 0.090565612325984507 0.029884668844799345 0.13436501911126159 0.06227357285103368 -0.022536798507940908 -0.018325025885030672 0.087960750156789697 0.12314253548167307 -0.01042301266898989 0.058057082200904393 0.10928060291987751 -0.002499472658633926 -0.024704425161260788 0.089100978488035221 0.054106320801601417 0.036577337225134836 0.074843599651326087 -0.010909406222998578 0.059994227376092377 -0.040366242451395751 0.054560950502189058 -0.034028754387157731 -0.021781034063183897
leaf_weight=2956 1045 4787 213 298 222 180 283 319 315 209 311 348 813 177 171 369 221 162 216 290 179 277 259 309 5579 224 210 162 316 1440
leaf_count=2956 1045 4787 213 298 222 180 283 319 315 209 311 348 813 177 171 369 221 162 216 290 179 277 259 309 5579 224 210 162 316 1440
internal_value=0.0021144 -0.00493169 0.0215167 0.0637768 0.0926339 0.00741285 0.00399975 0.0157309 0.0369533 0.0577258 0.0413238 0.0174518 -0.0129721 0.0112859 0.0682371 0.0393693 -0.00174852 -0.00431204 0.045344 0.00187111 0.0279297 0.0048253 0.000634558 0.0310068 -0.017582 0.0161367 0.0020748 0.00365277 -0.00208539 -0.00886487
internal_weight=22860 16769 6091 733 520 6613 6262 5358 1818 1187 978 659 10156 1621 351 876 5386 5165 378 1444 631 3540 3263 778 8535 593 469 452 631 2485
internal_count=22860 16769 6091 733 520 6613 6262 5358 1818 1187 978 659 10156 1621 351 876 5386 5165 378 1444 631 3540 3263 778 8535 593 469 452 631 2485
is_linear=0
shrinkage=0.0161


Tree=125
num_leaves=31
num_cat=0
split_feature=112 263 2 469 51 32 555 396 363 559 498 488 418 202 471 507 467 394 268 581 94 0 291 271 247 510 190 186 477 552
split_gain=11919.1 8499.8 7390.5 5054.87 5076.67 4851.31 4482.62 6808.66 4420.84 4048.38 4867.39 6048.71 10039.5 4847.41 3825.17 3807.56 3327.06 4904.46 3261.79 3201.81 3060.06 3017.8 3117.48 3601.11 4879.79 5245.5 3289.7 2657.49 2441.89 2365.57
threshold=5.5000000000000009 13.500000000000002 61.500000000000007 35.500000000000007 43.500000000000007 6.5000000000000009 221.94999694824222 8.0000000000000018 52.000000000000007 244.44999694824222 104.50000000000001 67.500000000000014 5.5000000000000009 20.000000000000004 16.500000000000004 23.500000000000004 20.000000000000004 20.000000000000004 6.5000000000000009 137.05000305175784 3.5000000000000004 35.500000000000007 5.5000000000000009 13.500000000000002 10.500000000000002 166.50000000000003 16.500000000000004 8.0000000000000018 24.500000000000004 95.850002288818374
decision_type=2 2 2 2 2 2 10 2 2 10 2 2 2 2 2 2 2 2 2 8 2 2 2 2 2 2 2 2 2 10
left_child=16 2 6 9 5 -5 8 -8 21 10 11 14 -13 -14 -3 -16 -1 -18 -17 -7 -12 22 -2 -24 26 27 -25 -26 -22 -29
right_child=1 3 -4 4 -6 19 7 -9 -10 -11 20 12 13 -15 15 18 17 -19 -20 -21 28 -23 23 24 25 -27 -28 29 -30 -31
leaf_value=-0.018724578840546471 -0.017518580957504994 -0.008257196974906518 0.087399382791447253 0.11098842812950925 0.14573492266706806 0.059128364969831142 -0.019382552095468259 0.10889103884641828 0.057758301122736583 0.09900038038546162 0.052334951797718902 0.16181129465305005 -0.00091516049979863405 0.10480038245860293 -0.0040004544414312809 0.025846512672608936 -0.0059182069130812032 0.075795563331702093 0.1225392594262983 -0.029371448911611905 -0.020963962844768064 -0.039669094618684599 -0.0043624066923005416 -0.01602574697331613 0.082756555859701222 0.13583621457216111 0.060853223161995512 -0.035875002207966043 0.030302313500337311 0.048183088878452622
leaf_weight=6907 2598 851 251 192 160 205 199 232 295 162 226 219 361 163 249 170 950 238 195 219 1250 626 3938 711 175 165 181 175 298 172
leaf_count=6907 2598 851 251 192 160 205 199 232 295 162 226 219 361 163 249 170 950 238 195 219 1250 626 3938 711 175 165 181 175 298 172
internal_value=0.00123273 0.00990305 0.00117114 0.0271456 0.064871 0.0438291 -0.00111256 0.0496103 -0.00353455 0.0200755 0.0168587 0.0328147 0.0702406 0.0319247 0.0138174 0.0444511 -0.0144427 0.0104322 0.0775688 0.0133619 -0.00298765 -0.00560581 -0.00297523 0.00386908 0.0244132 0.0566642 -0.00039948 0.0315934 -0.0110797 0.00572285
internal_weight=22733 14638 9718 4920 776 616 9467 431 9036 4144 3982 2208 743 524 1465 614 8095 1188 365 424 1774 8741 8115 5517 1579 687 892 522 1548 347
internal_count=22733 14638 9718 4920 776 616 9467 431 9036 4144 3982 2208 743 524 1465 614 8095 1188 365 424 1774 8741 8115 5517 1579 687 892 522 1548 347
is_linear=0
shrinkage=0.0161


Tree=126
num_leaves=31
num_cat=0
split_feature=350 144 113 470 363 497 501 479 407 561 531 580 196 426 24 521 499 207 60 111 470 154 96 215 540 481 441 407 471 104
split_gain=11842.4 6586.42 5259.79 7991.98 4678.77 4574.82 5730.46 3784.81 7665.42 4412.78 3843.85 3655.06 3470.94 3412.93 5043.93 2499.07 3746.11 4929.48 2491.74 3142.13 2378.69 2814.74 2326.56 2301.97 2951.25 2848.98 3387.54 3353.8 2796.51 2553.9
threshold=8.0000000000000018 8.0000000000000018 29.500000000000004 43.500000000000007 61.500000000000007 221.50000000000003 241.50000000000003 16.500000000000004 29.500000000000004 213.05000305175784 246.50000000000003 115.85000228881837 13.500000000000002 8.0000000000000018 20.000000000000004 299.50000000000006 250.50000000000003 6.5000000000000009 4.5000000000000009 20.000000000000004 52.000000000000007 35.500000000000007 4.5000000000000009 6.5000000000000009 218.75000000000003 173.50000000000003 20.000000000000004 10.500000000000002 10.500000000000002 8.0000000000000018
decision_type=2 2 2 2 2 2 2 2 2 8 2 8 2 2 2 2 2 2 2 2 2 2 2 2 10 2 2 2 2 2
left_child=4 5 7 13 11 20 -7 10 9 12 18 -1 -9 -4 -15 16 23 -18 19 -3 21 -2 -20 -13 25 26 28 -28 -25 -30
right_child=1 2 3 -5 -6 6 -8 8 -10 -11 -12 15 -14 14 -16 -17 17 -19 22 -21 -22 -23 -24 24 -26 -27 27 -29 29 -31
leaf_value=-0.020970827500616743 -0.0075138627987686637 0.017950679806766925 -0.0085692108998166195 0.15236154664449708 0.054006798063137837 0.1048126429436259 -0.0097545879152601787 0.020019304928369574 0.13413995410612894 -0.032554508687974743 -0.051352586133758357 -0.015547160584845277 0.091738681030031008 0.13007869857040469 0.0083164165284314636 -0.058180136347760196 0.11391153614929357 0.0023820901212895343 -0.021972008069606124 0.094222504476604393 -0.055809076627358033 0.045026936369107803 0.015235443573562088 -0.012641129506664909 0.071027601256965806 -0.030954303270045686 0.10778610567273995 0.0055940539144574029 -0.0061840816787756851 0.066030956544515004
leaf_weight=6160 3627 445 272 195 283 225 227 534 197 262 252 2763 261 171 183 209 163 279 568 205 241 285 1865 1206 166 566 167 167 237 272
leaf_count=6160 3627 445 272 195 283 225 227 534 197 262 252 2763 261 171 183 209 163 279 568 205 241 285 1865 1206 166 566 167 167 237 272
internal_value=-0.000340537 0.012735 0.0247812 0.0623247 -0.0107041 -0.00141184 0.0472235 0.0180593 0.041909 0.0246971 0.0090845 -0.0121883 0.0435945 0.0342405 0.0672003 -0.0034516 -0.00153683 0.043565 0.0140322 0.0420419 -0.00671083 -0.0036801 0.00653944 -0.00513686 0.0051976 0.00100972 0.0098507 0.0567605 0.000701176 0.03236
internal_weight=22653 10015 5410 821 12638 4605 452 4589 1254 1057 3335 12355 795 626 354 6195 5986 442 3083 650 4153 3912 2433 5544 2781 2615 2049 334 1715 509
internal_count=22653 10015 5410 821 12638 4605 452 4589 1254 1057 3335 12355 795 626 354 6195 5986 442 3083 650 4153 3912 2433 5544 2781 2615 2049 334 1715 509
is_linear=0
shrinkage=0.0161


Tree=127
num_leaves=31
num_cat=0
split_feature=109 239 225 572 84 506 550 234 51 493 511 26 497 2 592 474 113 85 4 558 401 51 66 406 68 45 143 315 577 552
split_gain=11132.7 5955.6 5305.68 4996.05 4480.3 4880.78 7240.83 4469.92 4140.51 3699.88 5070.28 4665.92 4052.37 6080.06 8259.69 3655.71 3149.44 3135.31 2839.31 2761.16 2295.77 2670.24 2916.11 4199.85 3747.59 4448.34 2668.69 3641.5 2264.74 6993.7
threshold=16.500000000000004 5.5000000000000009 43.500000000000007 167.05000305175784 5.5000000000000009 217.50000000000003 204.25000000000003 43.500000000000007 6.5000000000000009 148.50000000000003 14.500000000000002 10.500000000000002 39.500000000000007 13.500000000000002 100.45000076293947 13.500000000000002 6.5000000000000009 3.5000000000000004 2.5000000000000004 244.44999694824222 29.500000000000004 2.5000000000000004 24.500000000000004 8.0000000000000018 13.500000000000002 4.5000000000000009 8.0000000000000018 6.5000000000000009 138.55000305175784 152.44999694824222
decision_type=2 2 2 8 2 2 10 2 2 2 2 2 2 2 10 2 2 2 2 10 2 2 2 2 2 2 2 2 8 8
left_child=1 7 4 -4 -2 6 8 16 -6 10 -10 -12 -13 14 -14 17 -1 -3 -17 28 21 -20 24 -24 25 -23 -27 -28 29 -19
right_child=2 15 3 -5 5 -7 -8 -9 9 -11 11 12 13 -15 -16 18 -18 19 20 -21 -22 22 23 -25 -26 26 27 -29 -30 -31
leaf_value=-0.029771626479502183 -0.0094097018358514917 -0.027609980595143659 0.023841025576086625 0.14048087987461824 -0.0094691927833411346 -0.025334758881885324 0.11472106708201762 0.066048298428655242 -0.0061228946001170926 -0.0068999398044379432 0.028190172905892298 0.031761679269879939 0.23132069417178688 0.044419357930779842 0.070445846565816525 0.06955509396283302 -0.0083435232876445543 0.0017312285038729456 -0.030240996966314788 0.066028096744743581 -0.025357254246707001 0.084140054332498201 0.0064766049845478629 0.1123686577501978 -0.017824926760752931 -0.010603462672440996 0.1011793803040829 0.0044922482751826188 -0.013340744544835184 0.11018297275813307
leaf_weight=3693 1432 1293 210 175 750 466 244 162 441 481 844 284 166 240 166 237 3436 2570 275 161 379 304 183 208 621 531 170 250 2336 164
leaf_count=3693 1432 1293 210 175 750 466 244 162 441 481 844 284 166 240 166 237 3436 2570 275 161 379 304 183 208 621 531 170 250 2336 164
internal_value=6.69413e-05 -0.00655395 0.019121 0.0769203 0.0150811 0.0236784 0.0300013 -0.0175443 0.023864 0.0334076 0.0424741 0.0550946 0.0815944 0.106295 0.150954 0.00171983 -0.0194471 -0.00516046 0.015941 0.000384123 0.0115829 0.0170998 0.0228528 0.0628681 0.0145002 0.0305141 0.0133471 0.0436836 -0.00169579 0.00824536
internal_weight=22872 16973 5899 385 5514 4082 3616 7291 3372 2622 2141 1700 856 572 332 9682 7129 6524 3158 5231 2921 2542 2267 391 1876 1255 951 420 5070 2734
internal_count=22872 16973 5899 385 5514 4082 3616 7291 3372 2622 2141 1700 856 572 332 9682 7129 6524 3158 5231 2921 2542 2267 391 1876 1255 951 420 5070 2734
is_linear=0
shrinkage=0.0161


Tree=128
num_leaves=31
num_cat=0
split_feature=411 235 169 521 549 165 587 292 434 349 564 223 112 167 443 511 589 470 329 541 142 114 157 66 436 111 478 355 521 480
split_gain=10400.6 8261.76 7047.35 6420.08 6064.64 4307.49 3970.63 7072.11 5020.97 6936.99 4700.28 3587.51 3524.61 3343.18 3220.75 3173.03 7777.42 3072.76 3285.59 2818.3 2777.54 4421.45 4153.18 2578.47 2567.03 2508.89 3527.88 2137.84 2095.85 4656.39
threshold=6.5000000000000009 61.500000000000007 8.0000000000000018 293.50000000000006 247.34999847412112 61.500000000000007 101.04999923706056 16.500000000000004 4.5000000000000009 35.500000000000007 240.75000000000003 16.500000000000004 24.500000000000004 4.5000000000000009 5.5000000000000009 169.50000000000003 114.45000076293947 16.500000000000004 3.5000000000000004 87.149997711181655 6.5000000000000009 6.5000000000000009 10.500000000000002 35.500000000000007 8.0000000000000018 5.5000000000000009 35.500000000000007 13.500000000000002 138.50000000000003 133.50000000000003
decision_type=2 2 2 2 10 2 10 2 2 2 8 2 2 2 2 2 10 2 2 10 2 2 2 2 2 2 2 2 2 2
left_child=1 13 11 4 5 6 7 19 -9 12 23 17 -10 -1 -15 16 -13 -2 -19 -4 -20 -22 -23 27 -21 -16 -27 28 29 -8
right_child=2 -3 3 -5 -6 -7 10 8 9 -11 -12 15 -14 14 25 -17 -18 18 20 24 21 22 -24 -25 -26 26 -28 -29 -30 -31
leaf_value=-0.027120670637278736 -0.017231888405301096 0.09815760767174514 0.0047769848639220161 -0.064791583087682736 0.1135786640089988 0.093828433076350415 -0.0044137494410813223 -0.0021097283354109993 0.10257124637120758 0.18315320540388022 0.072669744636618211 0.0041727063725130005 0.017448199232776438 -0.021179812767533526 -0.012429895118170432 -0.022136754526228646 0.10400343114424898 -0.04059031980594266 -0.0021849508155665507 0.094302801975902212 -0.017982349172595734 0.032004844591061336 0.13936401507194918 0.046287029945812824 0.01520698522230546 0.006655982534210258 0.077747968008158072 -0.028631124683474906 -0.016218454477694863 0.085630606932898187
leaf_weight=3623 3535 171 1516 216 192 206 468 191 265 162 239 627 242 2778 1810 323 299 258 558 197 176 212 168 254 233 1912 200 808 647 218
leaf_count=3623 3535 171 1516 216 192 206 468 191 265 162 239 627 242 2778 1810 323 299 258 558 197 176 212 168 254 233 1912 200 808 647 218
internal_value=-0.00106267 -0.0128178 0.00903842 0.0213731 0.0245651 0.0215339 0.0187919 0.03212 0.0705759 0.0913628 0.00458466 -0.00308801 0.0619869 -0.0146583 -0.00791586 0.0212675 0.0364329 -0.00929213 0.0111477 0.015113 0.0231513 0.048621 0.0795308 -0.00219981 0.0514986 0.00147316 0.0133993 -0.0079631 0.00454721 0.0241666
internal_weight=22704 10494 12210 6054 5838 5646 5440 2806 860 669 2634 6156 507 10323 6700 1249 926 4907 1372 1946 1114 556 380 2395 430 3922 2112 2141 1333 686
internal_count=22704 10494 12210 6054 5838 5646 5440 2806 860 669 2634 6156 507 10323 6700 1249 926 4907 1372 1946 1114 556 380 2395 430 3922 2112 2141 1333 686
is_linear=0
shrinkage=0.0161


Tree=129
num_leaves=31
num_cat=0
split_feature=350 294 111 531 531 533 66 509 89 90 207 234 49 590 482 291 291 297 352 378 305 266 168 515 266 154 391 549 444 36
split_gain=11588.1 6831.66 6028.05 5313.33 5077.94 4812.69 6372.35 5383.51 5084.13 5712.85 4546.89 5367.11 3945.05 3678.07 4221.22 3008.91 3012.85 3362.08 2999.45 2589.47 2980.93 2541.01 2739.84 2484.27 3084.82 2365.15 4585.5 2263.4 2229.23 3181.87
threshold=20.000000000000004 4.5000000000000009 4.5000000000000009 253.50000000000003 221.50000000000003 152.50000000000003 29.500000000000004 207.50000000000003 4.5000000000000009 5.5000000000000009 35.500000000000007 29.500000000000004 29.500000000000004 114.45000076293947 34.500000000000007 43.500000000000007 16.500000000000004 16.500000000000004 3.5000000000000004 4.5000000000000009 4.5000000000000009 8.0000000000000018 10.500000000000002 171.50000000000003 29.500000000000004 24.500000000000004 4.5000000000000009 103.25000000000001 5.5000000000000009 20.000000000000004
decision_type=2 2 2 2 2 2 2 2 2 2 2 2 2 10 2 2 2 2 2 2 2 2 2 2 2 2 2 8 2 2
left_child=1 23 -3 4 10 25 8 -8 9 -7 11 12 15 14 -14 16 -2 -18 -10 -20 -21 22 -22 24 28 -4 -27 -28 -1 -30
right_child=3 2 5 -5 -6 6 7 -9 18 -11 -12 -13 13 -15 -16 -17 17 -19 19 20 21 -23 -24 -25 -26 26 27 -29 29 -31
leaf_value=-0.029390762429751385 -0.0047245005489032462 -0.014649982462277122 -0.0017665889401913062 -0.040783152609344932 0.11265144856514998 0.0039699715544452979 0.14505356582786552 0.020249332534119369 0.070130802315185523 0.12500620785246325 0.089333259552578217 0.084552442226937002 0.016933183808577657 5.0583617735356093e-05 0.12450996013634349 -0.054874308508109405 0.015970012929082709 0.092205495357410516 0.040694613529965847 0.038278590588020162 -0.030162252385265001 -0.04680593267148795 0.053753437264018676 -0.049274757336949034 0.046318236829560357 0.097954574558068663 0.04212611396443456 -0.018569540231351076 -0.015537149834050558 0.032759855724087961
leaf_weight=2347 1319 3995 5745 291 186 190 205 160 166 217 274 312 161 238 231 201 613 199 297 242 236 570 176 634 201 185 276 376 2202 421
leaf_count=2347 1319 3995 5745 291 186 190 205 160 166 217 274 312 161 238 231 201 613 199 297 242 236 570 176 634 201 185 276 376 2202 421
internal_value=0.000646315 -0.00465008 0.0018177 0.0254446 0.0306122 0.00909698 0.0283158 0.0904093 0.0174812 0.0685606 0.0263047 0.0210227 0.0143229 0.0500748 0.0803867 0.00465421 0.0102801 0.0346823 0.00514398 -0.00193312 -0.0122958 -0.0247832 0.0056281 -0.0191785 -0.015484 0.00191335 0.0271998 0.00708761 -0.0179881 -0.00777635
internal_weight=22866 18841 13036 4025 3734 9041 2459 365 2094 407 3548 3274 2962 630 392 2332 2131 812 1687 1521 1224 982 412 5805 5171 6582 837 652 4970 2623
internal_count=22866 18841 13036 4025 3734 9041 2459 365 2094 407 3548 3274 2962 630 392 2332 2131 812 1687 1521 1224 982 412 5805 5171 6582 837 652 4970 2623
is_linear=0
shrinkage=0.0161


Tree=130
num_leaves=31
num_cat=0
split_feature=264 496 113 170 583 6 145 557 358 213 331 303 590 24 464 111 33 50 216 564 410 269 360 551 493 228 500 256 513 584
split_gain=10733.7 7265.84 6300.1 5842.45 5735.75 5116.25 4172.79 6962.42 4435.29 4148.26 4068.63 3969.68 3607.5 3464.54 3517.76 3281.06 3252 3072.9 2866.32 4561.14 3619.58 4115.2 3168.01 3017.66 4816.8 2814.99 2780.66 3123.47 2648.87 2541.58
threshold=8.0000000000000018 201.50000000000003 6.5000000000000009 52.000000000000007 124.35000228881837 24.500000000000004 3.5000000000000004 131.75000000000003 52.000000000000007 8.0000000000000018 16.500000000000004 52.000000000000007 213.05000305175784 3.5000000000000004 43.500000000000007 4.5000000000000009 61.500000000000007 4.5000000000000009 10.500000000000002 226.84999847412112 24.500000000000004 10.500000000000002 20.000000000000004 101.04999923706056 61.500000000000007 8.0000000000000018 162.50000000000003 13.500000000000002 194.50000000000003 78.649997711181655
decision_type=2 2 2 2 10 2 2 8 2 2 2 2 10 2 2 2 2 2 2 10 2 2 2 10 2 2 2 2 2 10
left_child=1 9 -2 6 -5 10 7 -4 15 17 12 13 28 -11 -15 -8 18 -1 22 20 25 -22 23 24 29 -20 27 -27 -3 -17
right_child=2 5 3 4 -6 -7 8 -9 -10 11 -12 -13 -14 14 -16 16 -18 -19 19 -21 21 -23 -24 -25 -26 26 -28 -29 -30 -31
leaf_value=-0.033446252723235127 -0.0038167141312194781 -0.012138039932869339 0.0020312702578831917 0.14060776737128231 0.013063181595340208 0.10793558654218639 -0.015059167396949737 0.14897623519970765 0.07996070396373349 -0.027583100913680863 0.069813100884181759 0.074943648262894499 -0.065338863099383748 0.0021934147242892361 0.077261763541830689 -0.0010925724284181774 -0.0499367935183537 -0.011694099075278302 -0.012049995651526334 0.11340713192988218 0.02379523661409149 0.11985084382909099 -0.023088031229828172 -0.0016205985203174105 0.09355897994023786 0.023998180352753116 -0.02102253920640371 0.10784408925281647 0.06149878820582718 0.059690372294890229
leaf_weight=2549 3329 318 169 211 162 185 885 166 272 1041 262 180 186 2747 172 575 172 4974 578 181 262 208 570 932 294 305 162 186 210 258
leaf_count=2549 3329 318 169 211 162 185 885 166 272 1041 262 180 186 2747 172 575 172 4974 578 181 262 208 570 932 294 305 162 186 210 258
internal_value=0.00159529 -0.00811937 0.0142109 0.0233797 0.0852762 0.030285 0.0196371 0.074916 0.0164621 -0.0119444 0.0155423 0.000993652 -0.00433919 -0.00236177 0.00662483 0.0133559 0.0187308 -0.0190675 0.0213543 0.0365276 0.0283332 0.066355 0.0104833 0.0197884 0.037514 0.0137972 0.0367118 0.0558085 0.0171048 0.0177051
internal_weight=22701 12824 9877 6548 373 1161 6175 335 5840 11663 976 4140 714 3960 2919 5568 4683 7523 4511 1882 1701 470 2629 2059 1127 1231 653 491 528 833
internal_count=22701 12824 9877 6548 373 1161 6175 335 5840 11663 976 4140 714 3960 2919 5568 4683 7523 4511 1882 1701 470 2629 2059 1127 1231 653 491 528 833
is_linear=0
shrinkage=0.0161


Tree=131
num_leaves=31
num_cat=0
split_feature=170 321 293 170 398 308 449 305 232 477 408 222 310 204 430 198 302 258 533 181 406 129 269 595 209 525 15 102 476 506
split_gain=10181.9 5327.02 5666.86 8058.93 4240.21 4044.74 3998.46 4348.54 3784.02 4586.78 4479.64 3753.46 3251.92 2719.77 3473.58 3300.64 3514.05 3385.72 2698.01 2735.81 2544.81 2446.6 3104.45 4780.8 2415.22 4601.23 8009.79 2854.52 2526.74 2694.5
threshold=10.500000000000002 5.5000000000000009 10.500000000000002 52.000000000000007 87.000000000000014 43.500000000000007 5.5000000000000009 61.500000000000007 10.500000000000002 29.500000000000004 24.500000000000004 10.500000000000002 8.0000000000000018 5.5000000000000009 5.5000000000000009 16.500000000000004 6.5000000000000009 5.5000000000000009 191.50000000000003 13.500000000000002 24.500000000000004 20.000000000000004 4.5000000000000009 92.149997711181655 13.500000000000002 162.50000000000003 16.500000000000004 10.500000000000002 16.500000000000004 74.500000000000014
decision_type=2 2 2 2 2 2 2 2 2 2 2 2 2 2 2 2 2 2 2 2 2 2 2 10 2 2 2 2 2 2
left_child=4 13 5 8 6 -3 21 12 20 10 18 -12 -8 -2 -15 16 17 -16 19 -10 -4 -1 -23 -24 25 28 27 -27 -14 -30
right_child=1 2 3 -5 -6 -7 7 -9 9 -11 11 -13 24 14 15 -17 -18 -19 -20 -21 -22 22 23 -25 -26 26 -28 -29 29 -31
leaf_value=-0.024764323309271315 -0.029674694109775041 0.0029542291453591302 -0.011548835246209819 0.1194954631535244 0.068149698465010455 0.080275923339788779 -0.013446950952442692 0.074193529817932993 0.05330924596333287 0.11585747863200298 0.12401907191135068 0.021662777391371991 -0.0061794944044885405 -0.030459490984381391 -0.0026768343012408373 0.080942713957368712 -0.02028607623671785 0.092327468771558799 -0.046651448297104714 -0.020060384994465219 0.057213502290550049 -0.024937303838082524 -0.018954931719667154 0.099637513070367584 -0.01016919338055718 0.054731706857449519 0.15196617056599243 -0.033314013379403859 0.0036985339387307701 0.083938854555461975
leaf_weight=4821 838 2834 658 296 183 187 5034 184 370 210 211 167 1467 463 194 202 483 194 165 204 177 383 173 179 1481 224 162 166 258 188
leaf_count=4821 838 2834 658 296 183 187 5034 184 370 210 211 167 1467 463 194 202 483 194 165 204 177 383 173 179 1481 224 162 166 258 188
internal_value=-0.00103685 0.0137978 0.0225272 0.0406818 -0.00885541 0.00774824 -0.00981434 -0.00327762 0.0298805 0.0467776 0.0337693 0.0788604 -0.00486763 -0.00633917 0.00637673 0.0222935 0.00866472 0.0447647 0.0106733 0.0271926 0.00299895 -0.0205917 0.00674538 0.0412852 0.00607124 0.0158382 0.0567904 0.0171955 0.0040091 0.0375746
internal_weight=22756 7853 5479 2458 14903 3021 14720 9164 2162 1327 1117 378 8980 2374 1536 1073 871 388 739 574 835 5556 735 352 3946 2465 552 390 1913 446
internal_count=22756 7853 5479 2458 14903 3021 14720 9164 2162 1327 1117 378 8980 2374 1536 1073 871 388 739 574 835 5556 735 352 3946 2465 552 390 1913 446
is_linear=0
shrinkage=0.0161


Tree=132
num_leaves=31
num_cat=0
split_feature=204 111 492 49 498 410 120 118 589 532 408 503 240 276 372 161 4 426 569 427 34 258 520 503 369 120 149 427 306 591
split_gain=8785.88 8010.94 5223.33 4920.93 5190.14 6175.77 4945.32 3784.48 4190.69 7608.15 3479.76 4739.55 6238.84 3130.69 3687.86 3943.21 4341.9 3220.61 3131.66 3083.67 2954.31 2883.98 3034.88 7157.61 2661 2287.65 2267.48 2198.02 3159.25 2249.12
threshold=4.5000000000000009 13.500000000000002 286.50000000000006 24.500000000000004 125.50000000000001 20.000000000000004 13.500000000000002 16.500000000000004 186.44999694824222 117.50000000000001 10.500000000000002 181.50000000000003 13.500000000000002 6.5000000000000009 10.500000000000002 16.500000000000004 8.0000000000000018 13.500000000000002 215.15000152587893 8.0000000000000018 16.500000000000004 8.0000000000000018 82.500000000000014 85.500000000000014 10.500000000000002 10.500000000000002 13.500000000000002 10.500000000000002 6.5000000000000009 98.750000000000014
decision_type=2 2 2 2 2 2 2 2 8 2 2 2 2 2 2 2 2 2 8 2 2 2 2 2 2 2 2 2 2 10
left_child=7 10 3 13 5 25 -7 -1 -9 -10 -2 21 -13 26 18 17 -17 -16 20 -6 -15 -12 -23 -24 -22 -5 27 29 -29 -3
right_child=1 2 -4 4 19 6 -8 8 9 -11 11 12 -14 14 15 16 -18 -19 -20 -21 24 22 23 -25 -26 -27 -28 28 -30 -31
leaf_value=-0.021554005974586388 -0.010311059713586505 0.0085654642020104761 0.090598406343365398 0.050719281191491987 -0.046036889314532078 0.14196186529399968 0.041162559025859989 -0.010677605856749936 -0.021031013038143462 0.1117477875550046 -0.015193156307484267 0.0077764874641764251 0.10245732378148616 -0.0018710342109110605 -0.0055427031019103313 0.14756174250191934 0.037297885125711021 0.063786644631168732 -0.039136837626547544 0.036358611250020108 0.0090477131397773431 -0.0039632691193221816 0.13403066287303422 0.01008320415783257 0.099234650907609495 -0.028216615341198629 -0.03526574609322855 0.088514927120182246 0.00040952707737088539 -0.045161164629067385
leaf_weight=5599 6148 568 265 226 207 319 210 1000 213 235 1516 454 300 697 456 163 216 280 341 273 164 790 166 445 177 164 522 168 285 313
leaf_count=5599 6148 568 265 226 207 319 210 1000 213 235 1516 454 300 697 456 163 216 280 341 273 164 790 166 445 177 164 522 168 285 313
internal_value=-0.000597471 0.00605743 0.0206911 0.0174646 0.0437347 0.0661464 0.101992 -0.0155528 0.00763567 0.048566 -0.00290307 0.00949702 0.0454791 0.00901048 0.0207954 0.0425697 0.0847822 0.0208006 0.00317262 0.000776517 0.0170947 0.000188129 0.0168488 0.0437965 0.0559293 0.0174654 -0.00681287 0.00430322 0.0331363 -0.0104957
internal_weight=22880 15833 6014 5749 1399 919 529 7047 1448 448 9819 3671 754 4350 2494 1115 379 736 1379 480 1038 2917 1401 611 341 390 1856 1334 453 881
internal_count=22880 15833 6014 5749 1399 919 529 7047 1448 448 9819 3671 754 4350 2494 1115 379 736 1379 480 1038 2917 1401 611 341 390 1856 1334 453 881
is_linear=0
shrinkage=0.0161


Tree=133
num_leaves=31
num_cat=0
split_feature=410 225 449 83 490 578 354 116 426 587 509 264 343 490 587 504 447 164 534 216 182 536 567 238 367 282 541 386 160 547
split_gain=8274.96 5950.56 8007.19 4471.38 3692.37 5198.64 4714.31 3677.55 4290.53 7729.67 4313.34 3707.87 3652.02 6014.26 3753.53 5061.79 4777.41 6475.18 5144.08 3236.42 3813.16 5353.01 3205.98 3083.88 3417.34 3048.22 3041.5 3078.26 2725.07 2507.19
threshold=5.5000000000000009 43.500000000000007 13.500000000000002 6.5000000000000009 198.50000000000003 196.25000000000003 10.500000000000002 3.5000000000000004 35.500000000000007 166.15000152587893 80.500000000000014 5.5000000000000009 35.500000000000007 133.50000000000003 145.55000305175784 33.500000000000007 6.5000000000000009 13.500000000000002 81.500000000000014 4.5000000000000009 8.0000000000000018 84.500000000000014 123.45000076293947 8.0000000000000018 29.500000000000004 10.500000000000002 240.75000000000003 5.5000000000000009 2.5000000000000004 172.25000000000003
decision_type=2 2 2 2 2 10 2 2 2 10 2 2 2 2 10 2 2 2 2 2 2 2 8 2 2 2 10 2 2 10
left_child=4 3 25 23 -1 6 -6 28 11 10 -10 -9 14 -14 15 -13 -17 19 -19 -18 21 -21 -22 -2 -25 -3 27 -16 -5 -29
right_child=1 2 -4 7 5 -7 -8 8 9 -11 -12 12 13 -15 26 16 17 18 -20 20 22 -23 -24 24 -26 -27 -28 29 -30 -31
leaf_value=-0.017321786372446746 -0.018576550842801829 0.050759864506651993 0.12143274144242409 0.044574529478226994 0.011151702022861322 -0.029003224619333214 0.11562197016387814 -0.0091970973965207307 0.066542886091594741 0.14945113833671703 -0.030600047214292755 -0.0016107258541743768 0.014712192584784714 0.13902816360500633 0.030212929571429882 0.0059859729282646951 -0.019889050290430265 0.18070370438879399 0.059184921316861663 0.15878479871775233 -0.037122396968762968 0.027084510348317624 0.060766402219568312 -8.6842676198245217e-05 0.067611097865997463 -0.036840964802135986 0.057323816977936481 -0.0018470424698341233 -0.022123174064625262 -0.054048002907669694
leaf_weight=7644 2991 212 267 183 274 338 190 1661 259 167 218 1206 256 167 287 676 208 171 193 160 160 161 189 1762 217 200 166 446 1192 515
leaf_count=7644 2991 212 267 183 274 338 190 1661 259 167 218 1206 256 167 287 676 208 171 193 160 160 161 189 1762 217 200 166 446 1192 515
internal_value=-0.00123717 0.00622895 0.0527473 0.0039066 -0.0138721 0.0189784 0.0539812 0.0109062 0.0154767 0.0551586 0.022097 0.011614 0.0185866 0.0638477 0.0143625 0.0242153 0.0404665 0.0592147 0.116337 0.0355063 0.0527388 0.0928028 0.0158216 -0.00825832 0.00732443 0.00817806 -0.00738904 -0.0160155 -0.0132292 -0.029846
internal_weight=22736 14290 679 13611 8446 802 464 8641 7266 644 477 6622 4961 423 4538 3124 1918 1242 364 878 670 321 349 4970 1979 412 1414 1248 1375 961
internal_count=22736 14290 679 13611 8446 802 464 8641 7266 644 477 6622 4961 423 4538 3124 1918 1242 364 878 670 321 349 4970 1979 412 1414 1248 1375 961
is_linear=0
shrinkage=0.0161


Tree=134
num_leaves=31
num_cat=0
split_feature=231 408 87 153 391 540 269 468 237 165 510 324 235 162 268 562 215 526 291 543 485 219 492 372 589 493 365 299 452 172
split_gain=10497.3 5829.33 7431.16 7008.88 5464.48 4372.64 3809.11 3805.1 4147.21 4354.73 3758.22 4312.39 4899.47 4633.92 3760.02 4236.45 3600.1 4633.88 3380.91 3840.4 2864.13 2549.71 2453.91 2436.35 2421.34 5226.5 2589.21 2347.01 2243.64 2783.66
threshold=10.500000000000002 24.500000000000004 10.500000000000002 20.000000000000004 8.0000000000000018 247.34999847412112 3.5000000000000004 20.000000000000004 13.500000000000002 13.500000000000002 215.50000000000003 10.500000000000002 29.500000000000004 24.500000000000004 8.0000000000000018 137.84999847412112 20.000000000000004 90.500000000000014 43.500000000000007 183.15000152587893 159.50000000000003 8.0000000000000018 13.500000000000002 10.500000000000002 146.25000000000003 215.50000000000003 52.000000000000007 35.500000000000007 20.000000000000004 16.500000000000004
decision_type=2 2 2 2 2 10 2 2 2 2 2 2 2 2 2 10 2 2 2 10 2 2 2 2 10 2 2 2 2 2
left_child=5 6 16 4 -4 7 -2 22 -9 -10 11 18 13 14 15 -13 17 -3 19 -8 28 -12 -1 -6 25 26 -24 -26 29 -16
right_child=1 2 3 -5 23 -7 10 8 9 -11 21 12 -14 -15 20 -17 -18 -19 -20 -21 -22 -23 24 -25 27 -27 -28 -29 -30 -31
leaf_value=-0.024852446533417186 -0.021055344485795883 0.035097373174875234 0.00051366612482706359 0.16476577121411809 0.14004495187152816 0.058982963869301817 0.0041979700023458489 -0.0027301664300789681 0.013414487906806308 0.10062051651455406 0.01830276158941449 0.021695807298227995 0.10026435887841181 0.087821632665480612 -0.010436080790370745 0.11242970976221203 0.073741939042970203 -0.05314911228019821 -0.050971946222201234 0.083793807201333628 -0.060383491566706603 -0.046054803862839007 -0.0077386969379417301 0.052237361781109777 -0.026502100208633337 0.067647233806843413 0.04823954975660915 0.035521754779041362 -0.040450273721234054 0.065187470132619496
leaf_weight=2900 942 302 289 185 166 254 1828 1667 405 235 259 576 268 275 257 174 170 315 257 172 197 414 6848 164 2213 259 221 170 174 247
leaf_count=2900 942 302 289 185 166 254 1828 1667 405 235 259 576 268 275 257 174 170 315 257 172 197 414 6848 164 2213 259 221 170 174 247
internal_value=0.000501376 0.0159052 0.0433263 0.0777551 0.0517123 -0.00724465 0.00867822 -0.00837384 0.0106318 0.0454722 0.014177 0.0195707 0.0357888 0.026682 0.0163208 0.0427775 0.00812397 -0.00991739 0.00398167 0.011055 -0.00632937 -0.0212522 -0.0118525 0.0964786 -0.00796791 -0.00337963 -0.0059853 -0.0220675 0.0093419 0.0265788
internal_weight=22803 7631 1591 804 619 15172 6040 14918 2307 640 5098 4425 2168 1900 1625 750 787 617 2257 2000 875 673 12611 330 9711 7328 7069 2383 678 504
internal_count=22803 7631 1591 804 619 15172 6040 14918 2307 640 5098 4425 2168 1900 1625 750 787 617 2257 2000 875 673 12611 330 9711 7328 7069 2383 678 504
is_linear=0
shrinkage=0.0161


Tree=135
num_leaves=31
num_cat=0
split_feature=408 552 538 264 202 351 122 111 189 145 274 354 343 419 206 558 196 501 457 239 103 531 420 50 223 259 399 219 249 48
split_gain=9074.13 6937.8 6833.25 4994.98 4183.26 5677.64 4314.35 4136.04 4244.03 3981.28 4303.85 3916.04 4642.35 3765.72 3833.35 3318.19 4655.89 3012.1 3198.67 2781.54 4032.16 9819.43 2777.34 4969.6 2603.58 2621.54 2372.66 3545.86 2302.66 2293.93
threshold=10.500000000000002 238.25000000000003 224.50000000000003 5.5000000000000009 10.500000000000002 20.000000000000004 20.000000000000004 13.500000000000002 29.500000000000004 24.500000000000004 6.5000000000000009 16.500000000000004 13.500000000000002 24.500000000000004 10.500000000000002 247.34999847412112 13.500000000000002 214.50000000000003 2.5000000000000004 13.500000000000002 6.5000000000000009 111.50000000000001 4.5000000000000009 10.500000000000002 5.5000000000000009 13.500000000000002 8.0000000000000018 6.5000000000000009 6.5000000000000009 52.000000000000007
decision_type=2 10 2 2 2 2 2 2 2 2 2 2 2 2 2 8 2 2 2 2 2 2 2 2 2 2 2 2 2 2
left_child=3 4 -3 15 19 13 11 -5 9 17 -11 12 -7 29 -15 -1 -17 18 -9 -2 21 -21 23 -20 -24 28 27 -22 -26 -6
right_child=1 2 -4 7 5 6 -8 8 -10 10 -12 -13 -14 14 -16 16 -18 -19 22 20 26 -23 24 -25 25 -27 -28 -29 -30 -31
leaf_value=-0.023921411397480122 -0.0068061818487248401 0.16119697384759935 0.013825029975881741 -0.0070104478258720716 -0.0018328600306344784 0.0080444061607671362 -0.0047361634183685671 -0.055570086916314078 0.079594462367829175 0.1051951470561949 0.01025150045740366 0.12067242183966254 0.11267177999325968 0.014792871673474562 0.1070632072058415 -0.01136612190610993 0.062696752452883864 -0.054674375907879935 -0.0018840297546436071 -0.00076291821872901907 -0.01273149858840239 0.15080850663980491 -0.025051851224207746 0.11478142806900664 -0.03510041946911354 0.066590699357377311 -0.027966394646106722 0.085893467540830951 0.030268042817031628 0.057502037640247271
leaf_weight=4813 3304 162 165 5269 2051 303 228 186 256 219 286 298 173 286 198 964 285 224 200 280 230 183 504 179 240 237 405 160 334 184
leaf_count=4813 3304 162 165 5269 2051 303 228 186 256 219 286 298 173 286 198 964 285 224 200 280 230 183 504 179 240 237 405 160 334 184
internal_value=0.00111816 0.0141593 0.086907 -0.00678973 0.0112845 0.0239536 0.0567203 0.00145212 0.0170238 0.0108752 0.0514717 0.0748542 0.0461202 0.0118698 0.0525885 -0.0178525 0.00551489 0.00112008 0.00778045 0.000945731 0.021324 0.0590946 0.0147502 0.0531544 0.00366369 0.0215381 -0.000643622 0.0276697 0.00289528 0.00304145
internal_weight=22806 8610 327 14196 8283 3721 1002 8134 2865 2609 505 774 476 2719 484 6062 1249 2104 1880 4562 1258 463 1694 379 1315 811 795 390 574 2235
internal_count=22806 8610 327 14196 8283 3721 1002 8134 2865 2609 505 774 476 2719 484 6062 1249 2104 1880 4562 1258 463 1694 379 1315 811 795 390 574 2235
is_linear=0
shrinkage=0.0161


Tree=136
num_leaves=31
num_cat=0
split_feature=409 553 216 475 51 238 427 464 347 507 511 148 520 471 14 382 338 101 303 408 483 61 522 307 16 51 438 440 115 203
split_gain=8914.77 6911.06 5301.59 4653.86 4738.01 4016.43 3844.8 3623.2 3567.69 3306.88 12669.1 3055.25 3039.3 3518.95 3050.5 2832.15 3211.85 3316.08 2747.02 3144.88 3951.57 2715.26 2775.46 2264.35 2120.66 2108.1 2300.9 2456.7 3477.5 2230.69
threshold=10.500000000000002 251.25000000000003 3.5000000000000004 16.500000000000004 43.500000000000007 4.5000000000000009 35.500000000000007 61.500000000000007 61.500000000000007 201.50000000000003 169.50000000000003 35.500000000000007 141.50000000000003 6.5000000000000009 24.500000000000004 35.500000000000007 8.0000000000000018 6.5000000000000009 3.5000000000000004 24.500000000000004 77.500000000000014 24.500000000000004 102.50000000000001 20.000000000000004 35.500000000000007 10.500000000000002 35.500000000000007 13.500000000000002 16.500000000000004 8.0000000000000018
decision_type=2 10 2 2 2 2 2 2 2 2 2 2 2 2 2 2 2 2 2 2 2 2 2 2 2 2 2 2 2 2
left_child=5 2 -2 8 6 24 11 9 12 25 -11 15 13 -4 -14 16 17 -5 -15 21 -21 22 -20 -12 -1 -7 27 -27 29 -29
right_child=1 -3 3 4 -6 7 -8 -9 -10 10 23 -13 14 18 -16 -17 -18 -19 19 20 -22 -23 -24 -25 -26 26 -28 28 -30 -31
leaf_value=-0.022649945116820842 -0.018042471764030642 0.10130615852220017 -0.0086602195402151472 0.092389675132773533 0.10842283836844815 -0.013098736970187073 0.098946762750117004 0.063594379781951912 0.077840811806116142 0.14444555370163242 -0.013074147685705004 -0.042818872881396353 -0.025437249780671866 -0.010299755224847582 0.037452384283617218 0.09210199682310112 -0.0038997173480102218 0.015151733843505953 0.018667984316014088 0.034357623554044342 0.13512465778949126 -0.032663230319986122 0.080513897296227752 0.046889546224290729 0.026053038364191781 -0.0013937337639797105 -0.047739726264287845 -0.021124816747487448 0.088965535313287963 0.047057796498704299
leaf_weight=4461 1405 223 1195 248 215 5263 180 214 182 184 801 176 1167 437 241 160 673 346 865 267 163 197 241 205 244 1797 203 265 210 234
leaf_count=4461 1405 223 1195 248 215 5263 180 214 182 184 801 176 1167 437 241 160 673 346 865 267 163 197 241 205 244 1797 203 265 210 234
internal_value=-9.6499e-05 0.0128378 0.0104746 0.0162405 0.0369866 -0.00798039 0.0283594 -0.00188646 0.00787027 -0.00341849 0.0216117 0.0204185 0.00519728 0.0135114 -0.014656 0.0282344 0.0201505 0.0474388 0.025732 0.0348314 0.0726101 0.0223461 0.0321656 -0.00083151 -0.0201192 -0.00715776 0.00437558 0.0086066 0.0339862 0.0108014
internal_weight=22662 8581 8358 6953 1998 14081 1783 9376 4955 9162 1190 1603 4773 3365 1408 1427 1267 594 2170 1733 430 1303 1106 1006 4705 7972 2709 2506 709 499
internal_count=22662 8581 8358 6953 1998 14081 1783 9376 4955 9162 1190 1603 4773 3365 1408 1427 1267 594 2170 1733 430 1303 1106 1006 4705 7972 2709 2506 709 499
is_linear=0
shrinkage=0.0161


Tree=137
num_leaves=31
num_cat=0
split_feature=467 548 172 25 215 299 166 37 23 239 470 123 260 110 169 370 324 64 303 209 262 29 199 171 121 233 107 317 449 421
split_gain=8195.84 8395.72 6218.26 4102.26 4191.27 5474.98 3907.07 5581.29 4276.44 4406.77 4923.42 3894.01 3847.88 6065.81 3410.98 3389.05 3155.56 3133.68 3118.55 5494.59 4998.35 3108.46 2561.82 2509.75 2836.42 4138.4 2856.67 2549.17 2364.91 2267.13
threshold=20.000000000000004 244.44999694824222 4.5000000000000009 3.5000000000000004 10.500000000000002 52.000000000000007 3.5000000000000004 6.5000000000000009 20.000000000000004 4.5000000000000009 20.000000000000004 52.000000000000007 10.500000000000002 43.500000000000007 35.500000000000007 5.5000000000000009 29.500000000000004 52.000000000000007 10.500000000000002 4.5000000000000009 10.500000000000002 6.5000000000000009 20.000000000000004 4.5000000000000009 16.500000000000004 29.500000000000004 8.0000000000000018 16.500000000000004 29.500000000000004 10.500000000000002
decision_type=2 10 2 2 2 2 2 2 2 2 2 2 2 2 2 2 2 2 2 2 2 2 2 2 2 2 2 2 2 2
left_child=2 12 17 22 11 6 7 -6 -8 -10 -11 23 16 14 15 -14 -2 -1 19 -17 -21 -9 -4 -5 25 27 -27 28 29 -25
right_child=1 -3 3 4 5 -7 8 21 9 10 -12 -13 13 -15 -16 18 -18 -19 -20 20 -22 -23 -24 24 -26 26 -28 -29 -30 -31
leaf_value=-0.019181048188992179 -0.0064292035473003974 0.13362741415607804 -0.025316639211682021 -0.020826557105959081 0.13055950114238324 0.108206023604657 -0.0028015312872040109 -0.031010007801635844 0.1153861023000797 -0.013974683164596999 0.081419025679430462 0.065552524982595242 -0.017306335848201067 0.12001240625078897 0.083754515866752713 -0.01718524980012983 0.061146075301562443 0.051323604178616353 0.0030260040485317378 0.14632007200171229 0.03967326506819039 0.058022645269966505 0.032419344149136956 -0.0029711741710034077 -0.020624006838361578 0.11255218903805048 0.016592794121999883 -0.021958951218325525 0.059169601564482754 0.030896668729475853
leaf_weight=5767 1793 165 1718 1559 174 176 2197 170 164 380 222 222 552 183 215 196 199 168 572 196 274 252 225 1817 1067 160 163 768 243 713
leaf_count=5767 1793 165 1718 1559 174 176 2197 170 164 380 222 222 552 183 215 196 199 168 572 196 274 252 225 1817 1067 160 163 768 243 713
internal_value=0.00108268 0.0209638 -0.00363001 0.00285938 0.00685626 0.0205269 0.0161844 0.0538043 0.00860934 0.0413681 0.0211646 -0.000747507 0.0165109 0.0312501 0.0231369 0.0158428 0.000309724 -0.0171813 0.0306424 0.0543257 0.0841973 0.0221006 -0.0186187 -0.00301902 0.00260629 0.00902716 0.0641997 0.00398783 0.0111824 0.0065641
internal_weight=22670 4345 18325 12390 10447 3735 3559 596 2963 766 602 6712 4180 2188 2005 1790 1992 5935 1238 666 470 422 1943 6490 4931 3864 323 3541 2773 2530
internal_count=22670 4345 18325 12390 10447 3735 3559 596 2963 766 602 6712 4180 2188 2005 1790 1992 5935 1238 666 470 422 1943 6490 4931 3864 323 3541 2773 2530
is_linear=0
shrinkage=0.0161


Tree=138
num_leaves=31
num_cat=0
split_feature=410 522 546 389 168 225 557 495 112 109 584 162 370 260 417 5 15 121 233 383 241 526 324 535 535 144 503 133 110 18
split_gain=8399.88 5743.8 6779.29 5366.14 5425.62 5000.13 5269.12 4263.59 4149.33 3871.18 5043.88 3180.46 3038.32 3332.74 3000.53 7177.44 8366.77 2977.5 3974.52 5168.7 2587.44 2506.99 3018.19 2930.05 4310.1 2478.06 2440.91 2419.84 2964.52 2409.21
threshold=4.5000000000000009 290.50000000000006 207.44999694824222 24.500000000000004 20.000000000000004 20.000000000000004 240.75000000000003 272.50000000000006 6.5000000000000009 16.500000000000004 66.450000762939467 2.5000000000000004 20.000000000000004 8.0000000000000018 24.500000000000004 8.0000000000000018 10.500000000000002 16.500000000000004 29.500000000000004 10.500000000000002 29.500000000000004 117.50000000000001 4.5000000000000009 105.50000000000001 130.50000000000003 4.5000000000000009 195.50000000000003 13.500000000000002 16.500000000000004 6.5000000000000009
decision_type=2 2 10 2 2 2 10 2 2 2 10 2 2 2 2 2 2 2 2 2 2 2 2 2 2 2 2 2 2 2
left_child=7 2 5 4 12 6 8 25 -2 20 -11 -10 13 -4 17 16 -16 18 21 -20 -7 23 -23 -13 -25 -1 -3 28 -17 -12
right_child=1 26 3 -5 -6 9 -8 -9 11 10 29 14 -14 -15 15 27 -18 -19 19 -21 -22 22 -24 24 -26 -27 -28 -29 -30 -31
leaf_value=-0.029656532396600068 -0.012590349393158331 -0.0041789811813097797 0.03390753775757032 0.11651742200491889 0.094542018574542266 0.002353264101758702 0.091311183041434527 0.064500460869328202 -0.025247310276347683 0.12654805492540541 0.08679946663255643 0.0078235612051917019 0.061660684552373848 -0.050566590660056067 0.019195676144776883 -0.0057451835621607321 0.17970565761743881 -0.016241646583588797 0.0050433622866904717 0.12455198411229695 0.070135029898462695 0.036477912858910159 -0.028112670357026127 0.11912858542655365 0.015899010898032875 -0.0093276092249120288 -0.07507517225766859 -0.036886971865982408 0.080950438234085792 0.015892016764627405
leaf_weight=2804 4888 210 206 220 235 1337 162 165 731 187 162 2357 179 293 176 265 162 1259 198 179 164 241 842 162 299 3498 317 232 166 538
leaf_count=2804 4888 210 206 220 235 1337 162 165 731 187 162 2357 179 293 176 265 162 1259 198 179 164 241 842 162 299 3498 317 232 166 538
internal_value=-0.00072261 0.00541447 0.00715544 0.0451055 0.027872 0.00423024 9.51475e-05 -0.0162583 -0.00111843 0.0255521 0.0522243 0.00659256 0.00472891 -0.0156463 0.0101561 0.0358125 0.0961961 0.00551361 0.0119216 0.0618486 0.00977481 0.00709053 -0.0137176 0.0150958 0.052226 -0.0183765 -0.046869 0.00499313 0.0275911 0.0323357
internal_weight=22834 16367 15840 1133 913 14707 12319 6467 12157 2388 887 7269 678 499 6538 1001 338 5537 4278 377 1501 3901 1083 2818 461 6302 527 663 431 700
internal_count=22834 16367 15840 1133 913 14707 12319 6467 12157 2388 887 7269 678 499 6538 1001 338 5537 4278 377 1501 3901 1083 2818 461 6302 527 663 431 700
is_linear=0
shrinkage=0.0161


Tree=139
num_leaves=31
num_cat=0
split_feature=351 386 161 508 497 590 277 408 286 408 58 394 559 16 500 83 234 521 589 577 558 30 460 161 32 349 44 265 241 38
split_gain=10989.9 5786.26 6412.26 7718.88 5201.63 4775.3 4439.43 4214.6 3988.92 3777.42 3437.92 3220.49 5544.83 3188.56 5385.9 4052.14 3828.61 2852.4 2852.22 2806.73 2693.72 4233.05 3583.41 4548.57 2527.75 2511.04 2474.28 2657.46 4458.14 2385.93
threshold=10.500000000000002 4.5000000000000009 29.500000000000004 185.50000000000003 293.50000000000006 209.25000000000003 3.5000000000000004 10.500000000000002 4.5000000000000009 43.500000000000007 13.500000000000002 24.500000000000004 133.65000152587893 6.5000000000000009 132.50000000000003 16.500000000000004 35.500000000000007 122.50000000000001 195.05000305175784 231.15000152587893 138.55000305175784 29.500000000000004 8.0000000000000018 6.5000000000000009 20.000000000000004 24.500000000000004 10.500000000000002 20.000000000000004 13.500000000000002 13.500000000000002
decision_type=2 2 2 2 2 10 2 2 2 2 2 2 10 2 2 2 2 2 10 10 8 2 2 2 2 2 2 2 2 2
left_child=7 18 4 10 5 6 -3 26 17 13 -4 19 -13 14 15 -10 24 25 -2 20 -9 22 23 -22 29 -8 -1 -28 -29 -15
right_child=1 2 3 -5 -6 -7 8 11 9 -11 -12 12 -14 16 -16 -17 -18 -19 -20 -21 21 -23 -24 -25 -26 -27 27 28 -30 -31
leaf_value=-0.021421279645112094 -0.019747420740230705 -0.016412547725010336 0.0023168642624776491 0.16303007898228161 0.099317845074982758 -0.034753054592126215 -0.003303470737846894 -0.011866488066339635 -0.00059336415380434175 0.088817809035567796 0.081269024025429459 0.0018208348676191693 0.094103705241773708 0.00049131351424495104 0.1048082949621955 0.076668261439124238 0.088326609114291271 -0.048676639807990238 0.047533284747988652 -0.067281087482466237 0.0026044253711341963 0.081275730494421161 -0.01817789329341056 0.084243895973255045 -0.025705532692408824 0.066147559348483376 -0.010069752947248885 0.069875007386630592 -0.029809351911389285 0.044521871492133616
leaf_weight=6121 1508 854 319 164 185 504 611 2163 507 282 260 486 259 768 319 269 167 270 183 166 530 218 810 266 441 173 3067 294 192 547
leaf_count=6121 1508 854 319 164 185 504 611 2163 507 282 260 486 259 768 319 269 167 270 183 166 530 218 810 266 441 173 3067 294 192 547
internal_value=-0.000621708 0.0141271 0.0208996 0.0654819 0.0152784 0.0125524 0.0171348 -0.00905538 0.0237203 0.0324301 0.037811 0.00310916 0.0339347 0.0271534 0.0490929 0.026159 0.0146483 -0.00352712 -0.0124524 -0.0024149 0.000279916 0.0146967 0.00564454 0.0299155 0.00762793 0.0119918 -0.0152168 -0.00452127 0.0304451 0.0188246
internal_weight=22903 8331 6640 743 5897 5712 5208 14572 4354 3300 579 4898 745 3018 1095 776 1923 1054 1691 4153 3987 1824 1606 796 1756 784 9674 3553 486 1315
internal_count=22903 8331 6640 743 5897 5712 5208 14572 4354 3300 579 4898 745 3018 1095 776 1923 1054 1691 4153 3987 1824 1606 796 1756 784 9674 3553 486 1315
is_linear=0
shrinkage=0.0161


Tree=140
num_leaves=31
num_cat=0
split_feature=169 470 204 415 4 374 518 495 305 506 0 383 315 51 521 498 419 533 217 137 33 142 63 264 233 4 533 538 241 242
split_gain=7566.36 4978.96 6807.14 4375.13 4398.05 4085.27 3755.2 5956.26 3508.35 3469.89 3184.58 4878.67 3038.91 3022.27 4112.08 4209.46 6477.56 4299.47 2891.84 4056.57 3131.36 5567.43 2710.23 2709.55 2930.95 3212.25 5444.01 4368.59 3646.46 3186.16
threshold=8.0000000000000018 43.500000000000007 16.500000000000004 6.5000000000000009 61.500000000000007 10.500000000000002 242.50000000000003 231.50000000000003 52.000000000000007 317.50000000000006 13.500000000000002 20.000000000000004 10.500000000000002 6.5000000000000009 290.50000000000006 212.50000000000003 6.5000000000000009 178.50000000000003 8.0000000000000018 6.5000000000000009 13.500000000000002 8.0000000000000018 2.5000000000000004 8.0000000000000018 6.5000000000000009 13.500000000000002 145.50000000000003 96.500000000000014 13.500000000000002 8.0000000000000018
decision_type=2 2 2 2 2 2 2 2 2 2 2 2 2 2 2 2 2 2 2 2 2 2 2 2 2 2 2 2 2 2
left_child=3 9 5 18 6 -3 7 8 10 13 11 22 -13 -2 15 23 -17 -18 -1 -20 21 -21 -5 -15 -25 27 29 28 -26 -27
right_child=1 2 -4 4 -6 -7 -8 -9 -10 -11 -12 12 -14 14 -16 16 17 -19 19 20 -22 -23 -24 24 25 26 -28 -29 -30 -31
leaf_value=-0.025504411803983943 -0.0077025346682756254 -0.044353616955873809 0.10762297366294277 -0.041250824376946382 0.077831071128749582 0.062727765035470243 -0.049939031648222033 0.072481961058040195 0.071350108624183603 0.080249273149557751 -0.020166804618569633 0.0229510549007386 0.1079695186019579 -0.002361154805341248 -0.066373241895229002 0.13468922083062626 0.079250851737630204 -0.033058504325557347 -0.024500099441795698 0.0079172556361392175 -0.017995136295448515 0.10610493787625457 0.0034305554393086087 -0.00059126084763761648 0.066525461650765838 0.081225216334434358 0.13448241838559716 -0.023474903465671746 -0.022075340697239352 -0.00012795575161078453
leaf_weight=4328 2910 198 312 405 186 173 391 292 164 165 2053 313 168 2396 167 185 160 197 1068 449 361 225 2680 1027 457 211 188 432 163 304
leaf_count=4328 2910 198 312 405 186 173 391 292 164 165 2053 313 168 2396 167 185 160 197 1068 449 361 225 2680 1027 457 211 188 432 163 304
internal_value=-0.000531929 0.0102861 0.0521936 -0.00850893 0.000642071 0.00551577 -0.0015747 0.00153426 -0.00204402 0.00708964 -0.00419034 0.00500095 0.0526946 0.00571476 0.0123511 0.0146536 0.0573526 0.0172103 -0.0179781 -0.00247758 0.0202244 0.04073 -0.0024276 0.0101796 0.0209888 0.0336305 0.0602878 0.0157943 0.0431941 0.0331574
internal_weight=22728 9645 683 13083 6652 371 6466 6075 5783 8962 5619 3566 481 8797 5887 5720 542 357 6431 2103 1035 674 3085 5178 2782 1755 703 1052 620 515
internal_count=22728 9645 683 13083 6652 371 6466 6075 5783 8962 5619 3566 481 8797 5887 5720 542 357 6431 2103 1035 674 3085 5178 2782 1755 703 1052 620 515
is_linear=0
shrinkage=0.0161


Tree=141
num_leaves=31
num_cat=0
split_feature=471 496 504 99 536 490 84 476 516 120 509 507 412 135 476 435 242 104 581 400 299 168 505 253 591 223 578 56 366 335
split_gain=8321.44 4809.03 6791.94 4754.49 5285.02 5590.18 5436.15 4670.13 4652.98 4278.19 4119.73 3941.6 3502.97 3490.58 4718.15 4168.77 3461.91 3983.97 5260.54 4039.03 3235.06 3192.77 2967.2 2702.69 3104.83 3429.71 3057.4 2560.17 3246.36 2549.99
threshold=8.0000000000000018 290.50000000000006 224.50000000000003 87.000000000000014 106.50000000000001 302.50000000000006 6.5000000000000009 43.500000000000007 71.500000000000014 6.5000000000000009 15.500000000000002 185.50000000000003 52.000000000000007 13.500000000000002 16.500000000000004 13.500000000000002 5.5000000000000009 4.5000000000000009 188.65000152587893 13.500000000000002 43.500000000000007 3.5000000000000004 121.50000000000001 13.500000000000002 213.05000305175784 20.000000000000004 161.34999847412112 20.000000000000004 10.500000000000002 5.5000000000000009
decision_type=2 2 2 2 2 2 2 2 2 2 2 2 2 2 2 2 2 2 10 2 2 2 2 2 8 2 8 2 2 2
left_child=11 3 -3 4 6 8 22 10 9 -6 -8 21 20 29 15 -15 -13 -18 19 -19 23 -1 -2 27 25 26 -25 -10 -29 -12
right_child=1 2 -4 -5 5 -7 7 -9 12 -11 13 16 -14 14 -16 -17 17 18 -20 -21 -22 -23 -24 24 -26 -27 -28 28 -30 -31
leaf_value=-0.028559271865509144 -0.010047811430972211 0.14383006131392484 -0.0032376329507207871 0.095107409169429211 -0.020061330879858341 0.082327892447974629 -0.0052557501521632109 0.098034106579777666 -0.038486199582882338 0.090345061241282359 -0.0027227461782007483 -0.025032378328639825 -0.0731023500216577 0.086276271850301137 0.12211337422884719 0.00077536861717600661 0.091870398231475636 0.012234701459429695 -0.028912592405119928 0.10448535382822274 0.048418624098339878 -0.0079964139744802629 0.054341652373029369 -0.035831416946938331 -0.034591892651816211 0.088482732147468837 0.039702816482705378 -0.031300689651935498 0.058722294061962999 0.035155209264275775
leaf_weight=2624 2041 164 161 160 160 171 998 227 1494 210 732 423 271 255 232 353 212 314 406 203 209 7726 204 264 371 160 293 249 178 1238
leaf_count=2624 2041 164 161 160 160 171 998 227 1494 210 732 423 271 255 232 353 212 314 406 203 209 7726 204 264 371 160 293 249 178 1238
internal_value=-0.000335332 0.00990104 0.0709026 0.00800524 0.00665122 -0.00773439 0.0158865 0.0270605 -0.0117313 0.0425381 0.0228235 -0.00961692 -0.0174932 0.0328045 0.0602994 0.0366738 0.01425 0.0289108 0.0144244 0.0485024 -0.0128029 -0.0132119 -0.00418635 -0.017063 0.00319259 0.0227764 0.00385977 -0.0285475 0.00617133 0.0210688
internal_weight=22703 10795 325 10470 10310 4030 6280 4035 3859 370 3808 11908 3489 2810 840 608 1558 1135 923 517 3218 10350 2245 3009 1088 717 557 1921 427 1970
internal_count=22703 10795 325 10470 10310 4030 6280 4035 3859 370 3808 11908 3489 2810 840 608 1558 1135 923 517 3218 10350 2245 3009 1088 717 557 1921 427 1970
is_linear=0
shrinkage=0.0161


Tree=142
num_leaves=31
num_cat=0
split_feature=172 50 494 522 585 115 180 343 51 176 155 575 240 328 588 541 3 427 48 234 170 262 357 412 581 92 283 276 64 578
split_gain=8873 5970.29 4295.09 4676.62 5901.02 3852.5 3791.62 4553.57 4434.83 4429.41 3688.77 6507.91 3641.44 3541.89 5030.69 4680.26 3418.7 2897.98 2741.91 2914.55 3088.78 2744.71 2412.2 2142.45 2085.52 1952.88 1929.97 2820.9 3270.15 2074.06
threshold=4.5000000000000009 4.5000000000000009 330.50000000000006 288.50000000000006 244.44999694824222 4.5000000000000009 13.500000000000002 35.500000000000007 16.500000000000004 13.500000000000002 16.500000000000004 69.049999237060561 16.500000000000004 24.500000000000004 115.14999771118165 92.649997711181655 35.500000000000007 35.500000000000007 29.500000000000004 29.500000000000004 13.500000000000002 16.500000000000004 13.500000000000002 24.500000000000004 185.15000152587893 20.000000000000004 3.5000000000000004 16.500000000000004 29.500000000000004 79.950000762939467
decision_type=2 2 2 2 10 2 2 2 2 2 2 10 2 2 10 10 2 2 2 2 2 2 2 2 8 2 2 2 2 10
left_child=10 16 3 4 5 17 7 8 12 -9 -1 -12 26 14 15 23 -2 -3 19 25 -21 -20 -13 -10 -16 -8 -7 28 29 -28
right_child=1 2 -4 -5 -6 6 18 9 13 -11 11 22 -14 -15 24 -17 -18 -19 21 20 -22 -23 -24 -25 -26 -27 27 -29 -30 -31
leaf_value=-0.019471137238335958 -0.01417390702262967 -0.0094160097912851948 0.095345023226250367 -0.043221533175202491 0.10110207125462262 -0.019605011292156679 -0.0034331878193696354 0.037124085979081629 0.018480695186756168 0.1406640434588429 0.074431089972200021 -0.027284998586015616 0.063941443468146966 0.092895039532883375 -0.02432872479630762 0.11240681185386878 0.048641265585395582 0.052614066217974403 0 -0.0080249646529227218 0.08400567440002446 0.081940754638228197 0.02751780538732073 0.080481220684386096 0.042115110512824287 -0.040485906338772602 -0.0064990534712836548 -0.018761268055275126 0.08607514874189813 0.028506637501447857
leaf_weight=5742 3468 2459 163 383 198 657 1452 315 610 163 314 659 297 283 437 256 240 212 219 197 181 205 304 190 170 495 745 618 180 1064
leaf_count=5742 3468 2459 163 383 198 657 1452 315 610 163 314 659 297 283 437 256 240 212 219 197 181 205 304 190 170 495 745 618 180 1064
internal_value=0.00110438 0.00777644 0.013235 0.0121164 0.0139451 0.0124299 0.0176051 0.0247947 0.0206514 0.0724809 -0.0139655 0.0107721 0.00996206 0.0401997 0.0312182 0.0524506 -0.0101019 -0.00448381 0.00194356 -0.00491395 0.0359804 0.0396022 -0.0099604 0.0332352 -0.0056813 -0.0128655 0.00504313 0.0112638 0.0206047 0.0140772
internal_weight=22876 15857 12149 11986 11603 11405 8734 5985 5507 478 7019 1277 3561 1946 1663 1056 3708 2671 2749 2325 378 424 963 800 607 1947 3264 2607 1989 1809
internal_count=22876 15857 12149 11986 11603 11405 8734 5985 5507 478 7019 1277 3561 1946 1663 1056 3708 2671 2749 2325 378 424 963 800 607 1947 3264 2607 1989 1809
is_linear=0
shrinkage=0.0161


Tree=143
num_leaves=31
num_cat=0
split_feature=169 488 502 347 351 235 51 477 180 428 244 250 31 415 521 271 499 246 537 486 505 34 315 382 223 337 8 298 545 378
split_gain=7045.55 5133.39 7506.31 4337.16 4126.45 3869.79 3511.81 3133.23 3154.94 2949.6 3231.89 3239.54 2861.11 6119.35 2676.47 2800.77 5875.45 3242.66 3206.94 2675.76 3873.8 2693.42 4462.24 2577.14 2524.68 3324.75 2350.81 2276.53 4681.83 1975.26
threshold=8.0000000000000018 288.50000000000006 200.50000000000003 87.000000000000014 73.500000000000014 6.5000000000000009 6.5000000000000009 35.500000000000007 13.500000000000002 4.5000000000000009 16.500000000000004 24.500000000000004 24.500000000000004 6.5000000000000009 246.50000000000003 13.500000000000002 150.50000000000003 10.500000000000002 132.50000000000003 286.50000000000006 242.50000000000003 29.500000000000004 13.500000000000002 35.500000000000007 8.0000000000000018 8.0000000000000018 52.000000000000007 20.000000000000004 184.15000152587893 8.0000000000000018
decision_type=2 2 2 2 2 2 2 2 2 2 2 2 2 2 2 2 2 2 2 2 2 2 2 2 2 2 2 2 8 2
left_child=5 3 -3 4 6 26 27 19 -9 -8 12 -12 14 -14 15 17 29 18 -11 20 21 23 -23 -7 25 -19 -1 -2 -29 -17
right_child=1 2 -4 -5 -6 7 9 8 -10 10 11 -13 13 -15 -16 16 -18 24 -20 -21 -22 22 -24 -25 -26 -27 -28 28 -30 -31
leaf_value=-0.017088039173683598 -0.013065760337814194 0.15070994980414001 -0.0043852750106217562 0.085073994826907195 -0.07070129211697139 -0.0096142026384070291 -0.0054227019619894372 0.07504386626297134 -0.010001893034381338 0.016250167498161057 0.010786641812892276 -0.057926460375595783 0.14045581981167957 0.023307619978750589 -0.034788012591529499 0.063319484155704944 0.14064342446328737 0.12245090466774174 -0.044102333441730902 -0.064596442682173294 0.055901774729516296 -0.0012840351014816586 0.099084931090206968 0.043446757907301882 0.01406844978779373 0.030590765860429598 0.038205496220102851 -0.010294485938868106 0.096541613878122642 -0.0015932785726806428
leaf_weight=6879 2327 163 160 188 174 4300 1389 289 185 1044 1104 212 179 328 192 227 162 185 292 168 310 344 172 251 380 230 205 316 160 260
leaf_count=6879 2327 163 160 188 174 4300 1389 289 185 1044 1104 212 179 328 192 227 162 185 292 168 310 344 172 251 380 230 205 316 160 260
internal_value=0.000273324 0.010697 0.0738097 0.00851404 0.00694032 -0.00741916 0.00844618 0.00206946 0.0418012 0.0152231 0.0212087 -0.000264757 0.0293382 0.0647141 0.0232954 0.0273154 0.0566156 0.0183809 0.00304173 -0.00132266 0.000649901 -0.00272577 0.0321267 -0.00668257 0.0441288 0.0715972 -0.0154846 -0.00649676 0.0255674 0.0286155
internal_weight=22775 9672 323 9349 9161 13103 8987 6019 474 6184 4795 1316 3479 507 2972 2780 649 2131 1336 5545 5377 5067 516 4551 795 415 7084 2803 476 487
internal_count=22775 9672 323 9349 9161 13103 8987 6019 474 6184 4795 1316 3479 507 2972 2780 649 2131 1336 5545 5377 5067 516 4551 795 415 7084 2803 476 487
is_linear=0
shrinkage=0.0161


Tree=144
num_leaves=31
num_cat=0
split_feature=112 410 228 472 503 341 548 245 419 555 418 483 528 23 591 502 182 69 503 465 263 279 480 55 77 375 327 583 527 178
split_gain=6927.24 4819.63 6219.76 4373.03 4674.79 3920.16 3776.48 3666.53 3304.88 5189.32 6535.18 3373.85 4063.29 3155.83 3121.88 5627.97 3454.74 3747 3225.26 3035.77 2984.41 3258.42 2898 2664.44 2459.17 2365.82 4684.83 4115.6 2894.9 2295.26
threshold=4.5000000000000009 29.500000000000004 35.500000000000007 29.500000000000004 166.50000000000003 24.500000000000004 73.350002288818374 10.500000000000002 20.000000000000004 147.94999694824222 29.500000000000004 112.50000000000001 113.50000000000001 6.5000000000000009 104.35000228881837 45.500000000000007 8.0000000000000018 8.0000000000000018 272.50000000000006 6.5000000000000009 10.500000000000002 10.500000000000002 238.50000000000003 43.500000000000007 24.500000000000004 8.0000000000000018 20.000000000000004 185.15000152587893 94.500000000000014 5.5000000000000009
decision_type=2 2 2 2 2 2 8 2 2 10 2 2 2 2 8 2 2 2 2 2 2 2 2 2 2 2 2 8 2 2
left_child=22 6 3 4 5 20 -2 -5 13 11 19 12 -10 23 15 -15 17 -17 24 -11 -3 -22 29 -8 25 28 -27 -28 -16 -1
right_child=1 2 -4 7 -6 -7 8 -9 9 10 -12 -13 -14 14 18 16 -18 -19 -20 -21 21 -23 -24 -25 -26 26 27 -29 -30 -31
leaf_value=-0.027361821602417156 -0.019365923662719775 -0.02553294353684769 0.096531131854743157 0.021158515403545058 -0.047262154541178054 0.089761227835167837 -0.012936326705592924 0.12257117490749053 0.0081557615852407925 0.075819647785912173 0.12661081697984999 -0.029082432799836574 0.092328953867081606 0.0048189661272704902 0.017384452040955307 0.14089494792460266 0.019888275511665301 0.039993877770559447 0.05216162790351226 0 0.064157235327613263 -0.018668084009206956 0.033564109101096931 0.049624197319403991 -0.031150513078578673 0.002492390744420603 0.015513346111380945 0.12794036837631712 -0.026331304274054824 -0.0073491945573765797
leaf_weight=2824 1836 405 297 210 346 178 3769 166 1027 210 235 509 174 1171 616 209 275 177 296 392 324 198 311 185 666 1254 175 164 1081 3143
leaf_count=2824 1836 405 297 210 346 178 3769 166 1027 210 235 509 174 1171 616 209 275 177 296 392 324 198 311 185 666 1254 175 164 1081 3143
internal_value=7.36821e-05 0.00553853 0.0281817 0.0170579 0.00436081 0.0205464 0.00220189 0.0659937 0.00535025 0.0217297 0.0545805 0.0056364 0.0203703 0.00119184 0.00847144 0.026042 0.0636041 0.0946878 0.000895548 0.0264232 0.00723058 0.0326956 -0.0143246 -0.0100033 -0.00293439 0.00277029 0.0168673 0.0699722 -0.0104489 -0.0168245
internal_weight=22823 16545 2124 1827 1451 1105 14421 376 12585 2547 837 1710 1201 10038 6084 1832 661 386 4252 602 927 522 6278 3954 3956 3290 1593 339 1697 5967
internal_count=22823 16545 2124 1827 1451 1105 14421 376 12585 2547 837 1710 1201 10038 6084 1832 661 386 4252 602 927 522 6278 3954 3956 3290 1593 339 1697 5967
is_linear=0
shrinkage=0.0161


Tree=145
num_leaves=31
num_cat=0
split_feature=112 469 558 549 510 471 139 526 559 163 496 559 594 150 495 576 276 443 226 462 469 500 492 418 170 57 50 107 182 461
split_gain=7979.69 5209.94 5239.97 3964.98 3621.74 5602.5 3315.73 2965.6 3209.28 4214.82 2719.85 3901.81 4053.21 4916.99 3021.6 2973.96 2787.56 3250.48 2681.04 2613.43 2541.01 2513.82 3850.61 4352.83 2421.14 2269.55 2222.83 3089.46 2172.1 2022.46
threshold=4.5000000000000009 16.500000000000004 247.34999847412112 238.25000000000003 118.50000000000001 43.500000000000007 2.5000000000000004 84.500000000000014 189.94999694824222 13.500000000000002 290.50000000000006 177.15000152587893 180.15000152587893 13.500000000000002 227.50000000000003 140.84999847412112 5.5000000000000009 5.5000000000000009 24.500000000000004 29.500000000000004 6.5000000000000009 98.500000000000014 59.500000000000007 6.5000000000000009 20.000000000000004 24.500000000000004 13.500000000000002 8.0000000000000018 35.500000000000007 52.000000000000007
decision_type=2 2 10 10 2 2 2 2 10 2 2 10 10 2 2 10 2 2 2 2 2 2 2 2 2 2 2 2 2 2
left_child=29 2 10 4 5 6 -3 -6 25 -10 11 12 14 -14 16 -13 28 26 -8 21 -21 22 -19 -24 -20 -9 -18 -28 -2 -1
right_child=1 3 -4 -5 7 -7 18 8 9 -11 -12 15 13 -15 -16 -17 17 19 24 20 -22 -23 23 -25 -26 -27 27 -29 -30 -31
leaf_value=-0.017684779244382262 -0.016514053476561489 0.072307246189413685 0.067617066314304766 0.089936783464759598 0.059308456547522398 0.10068540947243533 0.0066172490320834084 -0.036597683176283299 0.065843461484453664 -0.034869234996495475 0.061973072221788446 0.031911001712152144 0.01086686201406028 0.11323984610837991 0.066507686349385364 -0.038807015094103316 -0.021176973762600186 0.0022727731548618626 0.013411180309544362 0.093160757836673977 0.0143273395868745 -0.013948938189615148 0.092347142969157234 0.013558361807081403 0.098659769475485576 0.026125994412889961 0.074019823856655481 -0.022082436652616669 0.04150059382159401 0.036593974125773386
leaf_weight=6114 3697 285 286 199 180 248 1933 850 272 178 169 178 406 174 163 1135 1571 1491 177 195 234 957 317 428 170 181 166 181 175 183
leaf_count=6114 3697 285 286 199 180 248 1933 850 272 178 169 178 406 174 163 1135 1571 1491 177 195 234 957 317 428 170 181 166 181 175 183
internal_value=-0.00067142 0.00518258 -0.000462852 0.0195918 0.0164576 0.0275893 0.0205128 -0.00238045 -0.00989398 0.0259537 -0.00213806 -0.0030849 0.000289625 0.0416193 -0.00221144 -0.029202 -0.00340404 0.00391768 0.0140281 0.0128951 0.0502156 0.00787351 0.017224 0.0471148 0.0552434 -0.0255632 -0.0130233 0.0238237 -0.0138859 -0.0161036
internal_weight=22893 16596 11923 4673 4474 2813 2565 1661 1481 450 11637 11468 10155 580 9575 1313 9412 5540 2280 3622 429 3193 2236 745 347 1031 1918 347 3872 6297
internal_count=22893 16596 11923 4673 4474 2813 2565 1661 1481 450 11637 11468 10155 580 9575 1313 9412 5540 2280 3622 429 3193 2236 745 347 1031 1918 347 3872 6297
is_linear=0
shrinkage=0.0161


Tree=146
num_leaves=31
num_cat=0
split_feature=290 216 467 306 551 299 65 521 572 0 323 163 485 137 234 540 210 42 457 339 224 365 523 169 365 35 106 236 166 323
split_gain=7228.89 4998.71 4207.63 6086.65 7048.43 4298.56 3785 3568.86 4551.32 4760.07 3148.89 3563.94 3261.52 2968.28 3157.9 7549.83 3571.49 4835.31 5030.39 2761.6 4262.9 3332.01 2682.05 2486.61 3018.35 2679.2 2470.72 2429.99 4761.59 2639.19
threshold=4.5000000000000009 3.5000000000000004 20.000000000000004 20.000000000000004 207.44999694824222 61.500000000000007 4.5000000000000009 224.50000000000003 168.05000305175784 8.0000000000000018 4.5000000000000009 3.5000000000000004 290.50000000000006 24.500000000000004 20.000000000000004 255.05000305175784 4.5000000000000009 29.500000000000004 8.0000000000000018 16.500000000000004 20.000000000000004 8.0000000000000018 214.50000000000003 10.500000000000002 13.500000000000002 4.5000000000000009 5.5000000000000009 16.500000000000004 20.000000000000004 3.5000000000000004
decision_type=2 2 2 2 8 2 2 2 8 2 2 2 2 2 2 8 2 2 2 2 2 2 2 2 2 2 2 2 2 2
left_child=27 -2 5 6 -5 10 -4 8 -8 -10 22 -12 13 14 16 -16 -13 19 -19 20 23 -22 -3 25 -25 -18 -15 -1 29 -29
right_child=1 2 3 4 -6 -7 7 -9 9 -11 11 12 -14 26 15 -17 17 18 -20 -21 21 -23 -24 24 -26 -27 -28 28 -30 -31
leaf_value=-0.019041574927484456 -0.013678237334642261 -0.0077443930441317239 -0.022865680298684049 0.033473014068645009 0.14329946604719981 0.067769013476809789 0.013591582692239087 -0.032887401644782113 0.017031759993527081 0.11314241276890627 -0.016182121110448505 -0.010784051226838835 -0.049059656140082272 0.042061049598570287 0.022911182732013206 0.13639305233346019 0.048366895293397445 0.0063942626753913431 0.12063478511851473 -0.012884375910686073 0.13013118443195654 0.026329294516518189 -0.066684291565432888 0.012866980669307066 0.085336506694347572 -0.015552540531332381 -0.025747752887285359 0.038127073736736662 0.087841499557671537 -0.02190929302402507
leaf_weight=5548 2952 2237 563 494 219 271 1007 239 237 308 1304 1097 211 174 705 194 217 169 246 681 161 161 220 419 232 784 695 255 161 741
leaf_count=5548 2952 2237 563 494 219 271 1007 239 237 308 1304 1097 211 174 705 194 217 169 246 681 161 161 220 419 232 784 695 255 161 741
internal_value=-0.000554761 0.00526396 0.00948751 0.0260199 0.0672395 0.00450339 0.0135249 0.0249774 0.0339035 0.0713907 0.00277043 0.00798502 0.0131164 0.0153308 0.0200483 0.0474262 0.0141361 0.0230484 0.0741695 0.0150489 0.0246973 0.0783033 -0.0130315 0.0142344 0.0387294 -0.00167237 -0.0121433 -0.0146143 0.00659473 -0.00651491
internal_weight=22902 16197 13245 3067 713 10178 2354 1791 1552 545 9907 7450 6146 5935 5066 899 4167 3070 415 2655 1974 322 2457 1652 651 1001 869 6705 1157 996
internal_count=22902 16197 13245 3067 713 10178 2354 1791 1552 545 9907 7450 6146 5935 5066 899 4167 3070 415 2655 1974 322 2457 1652 651 1001 869 6705 1157 996
is_linear=0
shrinkage=0.0161


Tree=147
num_leaves=31
num_cat=0
split_feature=111 224 347 580 43 588 414 544 461 9 183 297 91 32 260 429 266 335 426 463 171 238 197 569 481 299 48 49 25 553
split_gain=6039.57 4546.37 7766.43 4075.27 4352.72 6193.46 3133.93 3614.98 6584.75 6267.9 2957.16 3528.4 4052.15 3573.28 3529.71 3234.29 2834.25 5204.25 2811.3 2690.99 2667.68 2571.11 3089.9 2418.58 3608.71 2393.18 2500.92 2301.82 3270.62 2731.29
threshold=4.5000000000000009 13.500000000000002 61.500000000000007 204.25000000000003 20.000000000000004 165.25000000000003 10.500000000000002 182.25000000000003 10.500000000000002 10.500000000000002 10.500000000000002 16.500000000000004 13.500000000000002 10.500000000000002 16.500000000000004 8.0000000000000018 16.500000000000004 8.0000000000000018 10.500000000000002 61.500000000000007 61.500000000000007 16.500000000000004 10.500000000000002 151.55000305175784 54.500000000000007 8.0000000000000018 29.500000000000004 6.5000000000000009 35.500000000000007 184.15000152587893
decision_type=2 2 2 10 2 10 2 10 2 2 2 2 2 2 2 2 2 2 2 2 2 2 2 8 2 2 2 2 2 10
left_child=25 6 3 4 19 16 20 10 9 -9 11 13 15 -8 23 -13 -6 -18 -10 21 27 -3 -23 24 -15 -1 -27 -2 29 -29
right_child=1 2 -4 -5 5 -7 7 8 18 -11 -12 12 -14 14 -16 -17 17 -19 -20 -21 -22 22 -24 -25 -26 26 -28 28 -30 -31
leaf_value=-0.021665562767203255 -0.016487232302898981 -0.0068141912549814767 0.12475821350140748 -0.026760755415988817 0.011945871221648157 0.1200456192601774 -0.012299979685255202 0.022639797119946667 -0.055140600354557555 0.15758573080752117 -0.015209903955735675 0.035430382162657974 -0.0060888757978511815 -0.010624104096499146 0.097021845558690339 0.13772928716330737 0.00097841074801670921 0.12741362000967033 0.036629811996055937 0.068258632131495953 -0.070158858857161485 0.066798362728386407 -0.0046750328401962337 -0.033345010726739406 0.093007157640637619 -0.005917217308239681 0.056108665815121257 0.0032521074176856588 0.061587887359850053 -0.040502514451889425
leaf_weight=3919 3009 1814 170 560 849 224 1236 175 164 183 1388 161 196 185 170 161 162 177 183 175 171 313 313 190 164 2125 183 3461 226 414
leaf_count=3919 3009 1814 170 560 849 224 1236 175 164 183 1388 161 196 185 170 161 162 177 183 175 171 313 313 190 164 2125 183 3461 226 414
internal_value=-0.000484121 0.00458852 0.0178821 0.0139161 0.0195785 0.0423609 -0.000751876 0.00971848 0.0432396 0.0916863 0.00357569 0.0141717 0.051516 0.0042139 0.0330357 0.0866529 0.0276935 0.0670627 -0.00667512 0.00726783 -0.00730681 0.00288385 0.0310241 0.0128109 0.0380062 -0.0140057 -0.000989023 -0.00579187 0.00204983 -0.00141651
internal_weight=22821 16594 4757 4587 4027 1412 11837 4556 705 358 3851 2463 518 1945 709 322 1188 339 347 2615 7281 2440 626 539 349 6227 2308 7110 4101 3875
internal_count=22821 16594 4757 4587 4027 1412 11837 4556 705 358 3851 2463 518 1945 709 322 1188 339 347 2615 7281 2440 626 539 349 6227 2308 7110 4101 3875
is_linear=0
shrinkage=0.0161


Tree=148
num_leaves=31
num_cat=0
split_feature=229 48 449 306 151 264 67 159 291 523 545 311 599 88 510 471 464 471 443 172 18 481 188 388 428 490 100 48 104 320
split_gain=7160.69 5383.34 4513.74 4825.79 7139.22 4015.04 3545.89 3428.95 3304.64 3251.61 3498.26 3283.59 4649.14 5349.78 3046.32 3446.44 3260.71 2962.85 4032.73 3574.46 3184.51 5014.41 3307.58 2521.88 5264.66 6812.83 2578.5 4978.47 2385.84 2620.64
threshold=13.500000000000002 29.500000000000004 4.5000000000000009 35.500000000000007 4.5000000000000009 24.500000000000004 24.500000000000004 5.5000000000000009 52.000000000000007 308.50000000000006 73.350002288818374 13.500000000000002 198.94999694824222 10.500000000000002 212.50000000000003 20.000000000000004 8.0000000000000018 16.500000000000004 4.5000000000000009 8.0000000000000018 6.5000000000000009 96.500000000000014 13.500000000000002 4.5000000000000009 8.0000000000000018 87.500000000000014 4.5000000000000009 8.0000000000000018 6.5000000000000009 20.000000000000004
decision_type=2 2 2 2 2 2 2 2 2 2 8 2 10 2 2 2 2 2 2 2 2 2 2 2 2 2 2 2 2 2
left_child=2 8 -1 9 -5 6 28 -6 17 10 -4 -12 14 -14 15 -13 -17 23 -19 -20 21 -21 -22 24 -2 -26 27 -25 -3 -30
right_child=1 5 3 4 7 -7 -8 -9 -10 -11 11 12 13 -15 -16 16 -18 18 19 20 22 -23 -24 26 25 -27 -28 -29 29 -31
leaf_value=-0.019748437955754317 -0.010797285793242533 -0.020144355025595057 -0.025007804987705731 0.1221384721995635 0.069071442938122174 0.10262102614023014 0.096379157978664781 -0.012246867296782749 -0.056945630288710407 -0.076065427789687654 -0.0054416312341359048 0.0030220375942373269 0.13851355749773742 0.0080968565885351229 -0.04967026255861412 0.0083210816570607367 0.09188018185556851 -0.045546885579186659 -0.02411103614107063 0.15209434170449204 0.0036299374919215089 0.027755502547311399 0.081313935287185585 -0.027071298097474633 0.0011175806246820981 0.14455801053384965 -0.015947322677547282 0.067299335201183835 0.010692120212481527 0.086596595546500496
leaf_weight=4726 438 303 1595 192 187 243 171 477 205 160 6612 1801 161 166 218 236 250 162 187 176 403 162 220 274 171 173 1920 307 348 179
leaf_count=4726 438 303 1595 192 187 243 171 477 205 160 6612 1801 161 166 218 236 250 162 187 176 403 162 220 274 171 173 1920 307 348 179
internal_value=-0.00100001 0.014028 -0.00641223 -0.001182 0.0356603 0.0438768 0.0295927 0.0106191 0.006284 -0.00400016 -0.00295351 0.000768759 0.0152768 0.0723801 0.00781315 0.0133028 0.0513526 0.00911126 0.0295825 0.0402049 0.0527446 0.0925696 0.0311003 0.000935545 0.026177 0.0733232 -0.00694742 0.0227536 0.0158047 0.0365184
internal_weight=22823 6042 16781 12055 856 1244 1001 664 4798 11199 11039 9444 2832 327 2505 2287 486 4593 1310 1148 961 338 623 3283 782 344 2501 581 830 527
internal_count=22823 6042 16781 12055 856 1244 1001 664 4798 11199 11039 9444 2832 327 2505 2287 486 4593 1310 1148 961 338 623 3283 782 344 2501 581 830 527
is_linear=0
shrinkage=0.0161


Tree=149
num_leaves=31
num_cat=0
split_feature=535 449 522 27 349 540 122 238 416 513 245 553 430 91 533 104 519 5 587 593 576 335 81 228 172 166 198 149 594 584
split_gain=6131.4 4634.81 5177.72 4458.71 5838.96 5760.93 4745.19 4448.46 6072.54 4182.7 4168.99 3457.04 4713.38 5239.71 3834.51 2923.08 2904.48 2811.22 4442.83 3218.47 3095.5 3311.58 2690.03 2830.05 3552.52 2659.87 3634.12 2850.53 2617.38 4806.47
threshold=18.500000000000004 3.5000000000000004 299.50000000000006 10.500000000000002 20.000000000000004 198.94999694824222 8.0000000000000018 35.500000000000007 13.500000000000002 113.50000000000001 5.5000000000000009 247.34999847412112 8.0000000000000018 20.000000000000004 119.50000000000001 52.000000000000007 102.50000000000001 24.500000000000004 186.44999694824222 117.85000228881837 133.65000152587893 10.500000000000002 29.500000000000004 16.500000000000004 6.5000000000000009 29.500000000000004 16.500000000000004 35.500000000000007 140.05000305175784 105.54999923706056
decision_type=2 2 2 2 2 10 2 2 2 2 2 8 2 2 2 2 2 2 8 8 8 2 2 2 2 2 2 2 10 10
left_child=-1 22 3 11 7 6 10 15 -9 -8 -6 17 -13 14 -14 25 -12 19 20 -3 21 -19 23 -2 -25 27 -27 28 29 -5
right_child=1 2 -4 4 5 -7 9 8 -10 -11 16 12 13 -15 -16 -17 -18 18 -20 -21 -22 -23 -24 24 -26 26 -28 -29 -30 -31
leaf_value=-0.015437609553113362 -0.026354581502349195 0.0049043194363517228 -0.047219063367506725 -0.00065721068843718061 0.0083545693886643603 0.12803886109928495 0.040897627708868449 0.13851646643790405 0.0066604356709975979 -0.041008039475773389 0.057926745023694624 -0.0035847486405612477 -0.0078337975989285005 0.13359633459675277 0.073671811252096264 0.064624595410558247 0.14935829979252951 -0.004405871669455364 0.09518051663680549 -0.020504468436353913 -0.036254674715093207 0.082879890819667998 0.034172333003096751 -0.032286656022640699 0.056748105012069734 0.0031431132472243906 0.097883275324947824 -0.042514182779106381 -0.014019523025300358 0.047956246826825762
leaf_weight=5172 2221 2437 424 1688 187 203 382 164 203 280 188 842 323 160 278 221 175 280 174 2748 291 188 274 209 261 253 180 362 1262 766
leaf_count=5172 2221 2437 424 1688 187 203 382 164 203 280 188 842 323 160 278 221 175 280 174 2748 291 188 274 209 261 253 180 362 1262 766
internal_value=-2.31492e-05 0.0044991 0.00821332 0.00986607 0.0196763 0.0486172 0.0352953 0.0116404 0.0656466 0.00621919 0.0702497 0.0015864 0.022635 0.0516766 0.0298285 0.00744687 0.10207 -0.00392479 0.0217959 -0.00855755 0.00494149 0.0306073 -0.0138561 -0.0187552 0.017106 0.00464043 0.0425814 0.000606114 0.00481308 0.0145076
internal_weight=22796 17624 14659 14235 6514 1415 1212 5099 367 662 550 7721 1603 761 601 4732 363 6118 933 5185 759 468 2965 2691 470 4511 433 4078 3716 2454
internal_count=22796 17624 14659 14235 6514 1415 1212 5099 367 662 550 7721 1603 761 601 4732 363 6118 933 5185 759 468 2965 2691 470 4511 433 4078 3716 2454
is_linear=0
shrinkage=0.0161


Tree=150
num_leaves=31
num_cat=0
split_feature=559 510 444 233 314 293 420 263 513 415 48 234 527 540 186 554 521 560 202 540 367 487 172 31 337 477 443 261 298 124
split_gain=6898.3 8267.36 5923.77 4456.72 5086.28 6282.35 4079.82 3949.59 3852.44 3701.74 3477.58 5100.61 3242.21 3290.49 5375.01 3516.28 2767.42 3053.37 3175.06 3458.1 2799.71 4187.81 2594.41 3769.22 3630.38 2869.44 2530.51 2744.16 3953.62 4013.82
threshold=244.44999694824222 198.50000000000003 5.5000000000000009 29.500000000000004 16.500000000000004 35.500000000000007 16.500000000000004 13.500000000000002 268.50000000000006 2.5000000000000004 52.000000000000007 13.500000000000002 234.50000000000003 204.25000000000003 16.500000000000004 182.25000000000003 25.500000000000004 117.85000228881837 5.5000000000000009 120.04999923706056 3.5000000000000004 71.500000000000014 6.5000000000000009 5.5000000000000009 8.0000000000000018 24.500000000000004 3.5000000000000004 6.5000000000000009 8.0000000000000018 24.500000000000004
decision_type=10 2 2 2 2 2 2 2 2 2 2 2 2 10 2 10 2 10 2 10 2 2 2 2 2 2 2 2 2 2
left_child=2 -2 8 9 6 -6 7 -5 26 -4 12 -12 13 15 -15 16 -11 18 -18 20 21 -20 -22 24 -24 -25 -1 -28 -29 -30
right_child=1 -3 3 4 5 -7 -8 -9 -10 10 11 -13 -14 14 -16 -17 17 -19 19 -21 22 -23 23 25 -26 -27 27 28 29 -31
leaf_value=-0.028311510508527857 0.12449403969214913 -0.00027713008574412257 -0.025201513225232879 0.001164948167456259 0.14517191081165304 0.011735546184575842 -0.032603341606591722 0.083355277192698585 0.056806971753097533 -0.0076612330335595067 0.010987201620348608 0.11968714924370789 -0.029960192842746296 0.011277654732160351 0.12010141374270719 -0.031127248234878759 0.0016445371854423383 -0.0032342975109664386 0.019294504151963085 0.08425094992069207 -0.0071945537704743243 0.124427703484118 0.12537376548174634 -0.0041628326665126506 0.021413216389747962 0.071734807375810825 -0.019550972219267517 -0.014160987760462842 0.011763201088885534 0.090196438685107738
leaf_weight=2353 251 304 1184 342 199 170 328 273 202 2853 354 164 733 412 165 730 1573 2366 240 279 755 167 181 619 169 163 2726 1449 951 206
leaf_count=2353 251 304 1184 342 199 170 328 273 202 2853 354 164 733 412 165 730 1573 2366 240 279 755 167 181 619 169 163 2726 1449 951 206
internal_value=3.96966e-05 0.0561085 -0.00135431 0.00478075 0.033073 0.0837609 0.0132137 0.0376877 -0.0125734 0.00194692 0.00464484 0.0454473 0.00278958 0.00504119 0.0424379 0.00290137 0.00555641 0.0113509 0.0196799 0.0306966 0.024173 0.0624905 0.0158959 0.0313171 0.0752429 0.0116272 -0.0144001 -0.00825664 0.00354873 0.0257483
internal_weight=22861 555 22306 14419 1312 369 943 615 7887 13107 11923 518 11405 10672 577 10095 9365 6512 4146 2573 2294 407 1887 1132 350 782 7685 5332 2606 1157
internal_count=22861 555 22306 14419 1312 369 943 615 7887 13107 11923 518 11405 10672 577 10095 9365 6512 4146 2573 2294 407 1887 1132 350 782 7685 5332 2606 1157
is_linear=0
shrinkage=0.0161


Tree=151
num_leaves=31
num_cat=0
split_feature=469 347 535 522 285 491 586 540 204 319 506 508 223 268 541 595 599 379 542 533 482 444 482 571 204 282 242 549 528 488
split_gain=6961.79 6222.03 4103.79 4215.01 3956.08 3412.34 4507.45 6457.08 4833.92 3301.86 3345.37 8687.08 7053.93 11784.5 3627.95 3227.1 4896.17 3633.69 2875.84 2840.52 11569.8 3957.64 5348.83 3346.94 2852.03 4089.99 2704.47 2677.8 2617.84 3295.93
threshold=16.500000000000004 73.500000000000014 17.500000000000004 299.50000000000006 73.500000000000014 286.50000000000006 103.25000000000001 89.049999237060561 13.500000000000002 2.5000000000000004 200.50000000000003 238.50000000000003 8.0000000000000018 8.0000000000000018 168.05000305175784 135.15000152587893 203.05000305175784 10.500000000000002 247.34999847412112 127.50000000000001 78.500000000000014 10.500000000000002 144.50000000000003 144.05000305175784 10.500000000000002 20.000000000000004 24.500000000000004 175.25000000000003 162.50000000000003 113.50000000000001
decision_type=2 2 2 2 2 2 10 10 2 2 2 2 2 2 10 10 10 2 8 2 2 2 2 10 2 2 2 8 2 2
left_child=2 5 -1 4 9 6 7 28 -9 -4 15 12 13 -12 -14 19 -17 -18 26 23 -21 22 -22 24 -11 27 -8 -26 29 -2
right_child=1 -3 3 -5 -6 -7 18 8 -10 10 11 -13 14 -15 -16 16 17 -19 -20 20 21 -23 -24 -25 25 -27 -28 -29 -30 -31
leaf_value=-0.018912084905251158 0.0090124187161007684 0.11235195352817098 -0.025197741325371434 -0.057245266279131346 0.075146463482832312 0.080260105175098226 -0.0036127518868102467 0.031103220053752031 0.11701627454443454 -0.0084727652418442687 0.1975784608671336 -0.01389359086094325 -0.033521643985247151 0.025250365608817878 0.059794295292654162 -0.026453808214596648 0.071648077130179469 -0.016786940263324474 0.056595610832364744 0.15342619231439597 0.090958221218675944 -0.047749023784450659 -0.033503599282307027 0.055047533673229905 0.017365554596103269 0.068106824307499744 -0.053684688508139358 -0.033410334442135807 -0.051004290364019364 0.082515701813602085
leaf_weight=4089 1858 168 1222 330 184 188 1840 416 288 4274 197 808 210 216 222 2165 257 226 175 165 201 250 161 285 1041 319 330 363 167 173
leaf_count=4089 1858 168 1222 330 184 188 1840 416 288 4274 197 808 210 216 222 2165 257 226 175 165 201 250 161 285 1041 319 330 363 167 173
internal_value=0.000248297 0.015834 -0.00483188 -0.000433787 0.00103294 0.0128462 0.0104263 0.0238419 0.0662829 -4.9029e-05 0.00265416 0.0238269 0.0599235 0.107507 0.0143779 -0.000948908 -0.0161075 0.0302198 -0.00616596 0.00473413 0.0337748 0.00147744 0.0355386 0.00113843 -0.00141961 0.0160625 -0.0112382 0.00422084 0.0102377 0.015285
internal_weight=22788 5603 17185 13096 12766 5435 5247 2902 704 12582 11360 1653 845 413 432 9707 2648 483 2345 7059 777 612 362 6282 5997 1723 2170 1404 2198 2031
internal_count=22788 5603 17185 13096 12766 5435 5247 2902 704 12582 11360 1653 845 413 432 9707 2648 483 2345 7059 777 612 362 6282 5997 1723 2170 1404 2198 2031
is_linear=0
shrinkage=0.0161


Tree=152
num_leaves=31
num_cat=0
split_feature=228 47 298 545 535 563 110 143 599 554 548 206 500 181 162 326 80 116 121 52 169 457 591 318 300 475 403 151 483 40
split_gain=5172.43 4691.35 4055.65 8961.19 3809.71 4728.93 4923.17 5910.22 3547.25 10265.7 3561.2 3532.48 3086.95 3369.8 3218.42 5830.62 6770.27 3081.08 3170.42 3052.86 3517.76 4960.77 4480 3360.01 3093.96 3038.39 2940.47 2504.43 2241.45 2200.54
threshold=16.500000000000004 35.500000000000007 61.500000000000007 119.25000000000001 217.50000000000003 247.34999847412112 52.000000000000007 8.0000000000000018 121.64999771118165 155.05000305175784 221.94999694824222 5.5000000000000009 16.500000000000004 10.500000000000002 10.500000000000002 16.500000000000004 13.500000000000002 3.5000000000000004 20.000000000000004 8.0000000000000018 16.500000000000004 20.000000000000004 156.94999694824222 6.5000000000000009 16.500000000000004 16.500000000000004 8.0000000000000018 8.0000000000000018 127.50000000000001 16.500000000000004
decision_type=2 2 2 10 2 10 2 2 8 8 8 2 2 2 2 2 2 2 2 2 2 2 10 2 2 2 2 2 2 2
left_child=2 17 4 -4 5 6 11 -8 -3 -10 -11 27 -13 14 29 25 -17 -2 19 24 23 22 26 -21 -19 -16 -22 -1 -25 -14
right_child=1 8 3 -5 -6 -7 7 -9 9 10 -12 12 13 -15 15 16 -18 18 -20 20 21 -23 -24 28 -26 -27 -28 -29 -30 -31
leaf_value=-0.021755575508392872 -0.026360819171954698 0.0067165822010063804 -0.026990678118011844 0.13788271314507269 -0.030722634482908413 0.080686039714236144 -0.024602137942779021 0.090411028727319834 0.18011364304271285 -0.029917277059284448 0.074794558669330699 -0.017964095987543022 -0.0036544829191780524 -0.0090755364140196314 -0.0042128458134979519 0.12537665230173187 0.00036713836258936465 -0.013218676762697737 -0.018336224251535697 0.051921476067923064 0.014914378940378767 -0.0093482531793268112 0.15226602324301489 0.014034691814226381 0.058718696784590012 0.061963426146999713 0.098039978486698029 -0.001412135937834983 -0.055409028952124996 0.030748923469209658
leaf_weight=4571 620 317 183 160 1485 170 189 298 164 161 176 1815 2125 2512 764 306 178 882 681 310 234 211 167 280 188 235 210 2392 211 623
leaf_count=4571 620 317 183 160 1485 170 189 298 164 161 176 1815 2125 2512 764 306 178 882 681 310 234 211 167 280 188 235 210 2392 211 623
internal_value=-0.00101117 0.0138155 -0.00497481 0.0498496 -0.00604078 -0.00377374 -0.00467215 0.0457272 0.0489468 0.0756204 0.0246992 -0.00625504 0.000670493 0.00568982 0.0144618 0.0335785 0.0794507 0.00661441 0.0126808 0.0205331 0.0344519 0.0578563 0.0811029 0.0104046 -0.000557216 0.0113306 0.0542836 -0.0147704 -0.0157598 0.00413656
internal_weight=22818 4812 18006 343 17663 16178 16008 487 818 501 337 15521 8558 6743 4231 1483 484 3994 3374 2693 1623 822 611 801 1070 999 444 6963 491 2748
internal_count=22818 4812 18006 343 17663 16178 16008 487 818 501 337 15521 8558 6743 4231 1483 484 3994 3374 2693 1623 822 611 801 1070 999 444 6963 491 2748
is_linear=0
shrinkage=0.0161


Tree=153
num_leaves=31
num_cat=0
split_feature=409 550 592 498 585 593 298 326 558 531 471 233 560 494 223 28 554 144 3 351 6 503 532 223 398 540 586 212 579 523
split_gain=5726.07 5914.78 3925.71 6959.12 4744.2 6150.85 5665.86 4628.73 3763.75 3649.81 4523.83 6459.34 3505.64 5661.26 3320.26 3791.88 4171.46 2899.07 2758.17 2994.7 2735.49 2241.73 2284 2155.69 2479.56 3608.16 1997.06 1909.33 1908.89 3178.86
threshold=10.500000000000002 260.05000305175787 191.15000152587893 244.50000000000003 197.65000152587893 165.25000000000003 10.500000000000002 4.5000000000000009 247.34999847412112 185.50000000000003 43.500000000000007 16.500000000000004 204.25000000000003 275.50000000000006 16.500000000000004 6.5000000000000009 228.75000000000003 3.5000000000000004 4.5000000000000009 10.500000000000002 10.500000000000002 218.50000000000003 198.50000000000003 16.500000000000004 16.500000000000004 120.04999923706056 121.64999771118165 5.5000000000000009 191.15000152587893 207.50000000000003
decision_type=2 10 10 2 10 10 2 2 10 2 2 2 10 2 2 2 8 2 2 2 2 2 2 2 2 10 10 2 10 2
left_child=8 2 3 4 5 9 -7 -4 12 10 23 -12 13 14 17 -16 18 -1 -17 -20 -21 28 -23 26 25 -25 -2 -9 29 -19
right_child=1 -3 7 -5 -6 6 -8 27 -10 -11 11 -13 -14 -15 15 16 -18 21 19 20 -22 22 -24 24 -26 -27 -28 -29 -30 -31
leaf_value=-0.025464156605019453 0.0054495675849243249 0.10512515497427193 0.049671925158255061 0.093281484238824444 -0.063608646980006803 0.014362290534927958 0.12388286184356045 0.0021939338227204355 0.05163358601373709 -0.056632244552643679 -0.0056584474919158315 0.13122786194028802 -0.04442800887588029 0.083443867237585262 -0.016247328550217495 0.060759131706662702 0.077372853588677876 -0.0087787171154616924 -0.0265236529852254 -0.0098097231889554826 0.080120794224770794 0.077412316597962258 -0.0074478092448239438 0.018183841809829408 -0.010955872839898517 0.08979337429472381 -0.021502116134508253 -0.053262391867103444 -0.04925756863386118 0.057299957321637313
leaf_weight=2996 3576 163 188 259 230 263 230 217 272 229 174 183 682 177 922 228 315 6824 523 178 172 162 166 658 377 253 890 614 288 194
leaf_count=2996 3576 163 188 259 230 263 230 217 272 229 174 183 682 177 922 228 315 6824 523 178 172 162 166 658 377 253 890 614 288 194
internal_value=-0.00136859 0.00906421 0.00718416 0.0113068 0.00829744 0.0107213 0.0655048 -0.0224157 -0.00766294 0.00645756 0.0088256 0.0644442 -0.00883111 -0.00698245 -0.00821849 0.00914659 0.025698 -0.01204 0.0108922 -0.0021045 0.0343175 -0.0067686 0.0343931 0.00537072 0.0237208 0.0380968 7.32722e-05 -0.0387527 -0.00861976 -0.00694874
internal_weight=22603 8504 8341 7322 7063 6833 493 1019 14099 6340 6111 357 13827 13145 12968 2338 1416 10630 1101 873 350 7634 328 5754 1288 911 4466 831 7306 7018
internal_count=22603 8504 8341 7322 7063 6833 493 1019 14099 6340 6111 357 13827 13145 12968 2338 1416 10630 1101 873 350 7634 328 5754 1288 911 4466 831 7306 7018
is_linear=0
shrinkage=0.0161


Tree=154
num_leaves=31
num_cat=0
split_feature=111 508 204 540 215 224 328 279 559 135 516 519 578 559 291 504 285 409 370 445 446 287 465 234 354 48 591 593 570 533
split_gain=6600.81 5809.4 5835.26 5576.16 5524.3 6694.13 5508.12 4646.66 3749.68 3468.8 3289.77 5526.1 2992.11 4484.37 2910.81 2897.43 2879 2718.16 2645.6 2390.07 2703.5 2585.88 2255.31 2236.93 2530.02 2470.2 3959.58 2976.77 3295.49 2552.7
threshold=20.000000000000004 211.50000000000003 3.5000000000000004 247.34999847412112 16.500000000000004 16.500000000000004 8.0000000000000018 5.5000000000000009 191.15000152587893 29.500000000000004 120.50000000000001 89.500000000000014 213.05000305175784 240.75000000000003 35.500000000000007 11.500000000000002 13.500000000000002 16.500000000000004 16.500000000000004 10.500000000000002 24.500000000000004 6.5000000000000009 10.500000000000002 43.500000000000007 43.500000000000007 29.500000000000004 138.55000305175784 120.04999923706056 136.55000305175784 133.50000000000003
decision_type=2 2 2 10 2 2 2 2 8 2 2 2 10 10 2 2 2 2 2 2 2 2 2 2 2 2 10 10 10 2
left_child=3 2 -2 7 9 8 -5 -1 17 10 11 19 13 15 16 -9 -12 -6 -14 -4 21 -21 -3 25 -25 27 -27 28 29 -17
right_child=1 22 4 6 5 -7 -8 12 -10 -11 14 -13 18 -15 -16 23 -18 -19 -20 20 -22 -23 -24 24 -26 26 -28 -29 -30 -31
leaf_value=-0.016009030702533036 -0.033326140190777162 0.00085460646609155863 -0.012102315761627968 0.12667417937681771 -0.023128912764123957 0.13618170436440755 0.0024258343689434851 -0.019860554950336687 0.098038253702266431 0.072159122298396008 -0.028143629037055241 0.086366008692439586 -0.051672546594003214 0.084672964585286323 -0.076121272472425408 0.0012449354278942779 0.049961696814268999 0.058133635230984256 0.01498128072642245 0.088750830441446479 -0.022580756498861643 0.013634228008203445 -0.063232348928366419 0.086312952070847423 0.0008031027143676941 0.00819395632374296 0.087703322808990167 -0.013668895738598712 0.074488876740382029 0.04199479236620781
leaf_weight=7233 406 287 622 164 248 252 213 1410 187 285 320 309 498 171 164 4148 198 187 223 242 172 235 281 183 177 600 223 2557 185 441
leaf_count=7233 406 287 622 164 248 252 213 1410 187 285 320 309 498 171 164 4148 198 187 223 242 172 235 281 183 177 600 223 2557 185 441
internal_value=-0.000508344 0.0172199 0.0243544 -0.00473818 0.0312067 0.0661436 0.0565379 -0.0060194 0.0377302 0.019209 0.0125271 0.0252894 0.000658809 0.002924 -0.017005 0.00151302 0.00166587 0.0117505 -0.0310244 0.0104222 0.032046 0.051793 -0.0308089 0.00505545 0.044336 0.00331832 0.0297664 0.00034597 0.0078574 0.0051661
internal_weight=22821 4395 3827 18426 3421 874 377 18049 622 2547 2262 1580 10816 10095 682 9924 518 435 721 1271 649 477 568 8514 360 8154 823 7331 4774 4589
internal_count=22821 4395 3827 18426 3421 874 377 18049 622 2547 2262 1580 10816 10095 682 9924 518 435 721 1271 649 477 568 8514 360 8154 823 7331 4774 4589
is_linear=0
shrinkage=0.0161


Tree=155
num_leaves=31
num_cat=0
split_feature=494 169 6 548 513 110 506 143 18 331 112 412 4 220 159 383 336 386 561 505 250 310 380 161 365 579 580 265 349 8
split_gain=5809.34 5776.16 4836.74 4581.76 5009.95 3862.35 9601 4340.9 6449.34 4723.7 3067.38 3529.61 3500.68 3037.57 5309.5 2425.19 2330.53 2454.75 3182.49 3488.19 3806.02 3653.68 7056.94 3695.61 3772.92 4064.18 2837.22 3855.94 2744.92 2382.34
threshold=344.50000000000006 3.5000000000000004 52.000000000000007 90.549999237060561 113.50000000000001 43.500000000000007 191.50000000000003 8.0000000000000018 6.5000000000000009 10.500000000000002 4.5000000000000009 61.500000000000007 61.500000000000007 43.500000000000007 24.500000000000004 10.500000000000002 61.500000000000007 5.5000000000000009 168.05000305175784 52.500000000000007 20.000000000000004 13.500000000000002 6.5000000000000009 3.5000000000000004 3.5000000000000004 175.25000000000003 94.750000000000014 13.500000000000002 20.000000000000004 13.500000000000002
decision_type=2 2 2 10 2 2 2 2 2 2 2 2 2 2 2 2 2 2 10 2 2 2 2 2 2 10 10 2 2 2
left_child=1 -1 5 -4 -5 10 7 -7 -9 -10 -3 12 13 16 -15 -14 17 29 19 -19 21 23 -23 -21 -25 26 27 -26 -20 -12
right_child=-2 2 3 4 -6 6 -8 8 9 -11 11 -13 15 14 -16 -17 -18 18 28 20 -22 22 -24 24 25 -27 -28 -29 -30 -31
leaf_value=-0.017180745681439496 0.09469305971869664 -0.012613942743029394 -0.0065431727053107463 0.14798141268207637 0.03435207792477013 0.0033495001909099758 -0.074657213540694697 0.15594878767978668 0.093535295542775093 -0.018854398398853896 -0.017176331616364726 -0.044940890270485201 0.097392348292983572 0.0056644099800988558 0.11830196208911896 0.010603849268133401 -0.047743076608214495 -0.00023789066537400097 -0.026617937655373135 -0.019894114648271972 -0.012762923823283139 0.15943591943405491 0.028605862824170131 0.095843643754277952 0.0078537367020619919 0.10046032399318666 -0.0065933564723950856 0.10116053941633542 0.029185861157706564 0.011676891840159437
leaf_weight=4783 164 4277 282 161 270 302 185 189 208 181 2408 380 176 334 161 160 243 2496 1021 388 546 165 305 230 294 163 680 189 294 1071
leaf_count=4783 164 4277 282 161 270 302 185 189 208 181 2408 380 176 334 161 160 243 2496 1021 388 546 165 305 230 294 163 680 189 294 1071
internal_value=-0.0007805 -0.00147614 0.00275222 0.0438358 0.0768529 0.0010324 0.0307202 0.0529001 0.0787492 0.0411804 -0.000944567 0.00331777 0.00493927 0.00337163 0.0423476 0.0561345 0.00153073 0.00270117 0.00835056 0.0137716 0.025593 0.0342781 0.0745856 0.0245209 0.0356112 0.0251459 0.01457 0.0444138 -0.0141238 -0.00828719
internal_weight=22706 22542 17759 713 431 17046 1065 880 578 389 15981 11704 11324 10988 495 336 10493 10250 6771 5456 2960 2414 470 1944 1556 1326 1163 483 1315 3479
internal_count=22706 22542 17759 713 431 17046 1065 880 578 389 15981 11704 11324 10988 495 336 10493 10250 6771 5456 2960 2414 470 1944 1556 1326 1163 483 1315 3479
is_linear=0
shrinkage=0.0161


Tree=156
num_leaves=31
num_cat=0
split_feature=410 522 491 570 262 2 114 524 533 497 532 410 313 470 172 497 497 498 213 2 163 29 206 88 404 455 172 112 585 364
split_gain=6446.92 4524.01 4957.01 9139.78 4237.22 3941.53 3416.64 3941.35 3128.6 10037.9 4117.47 4104.05 6188.48 3798.78 3112.03 3989.33 3099.45 2820.68 2634.86 2552.06 2526.27 2679.53 3629.7 5608.66 6502.26 2410.57 2339.34 2300.79 2262.34 2248.78
threshold=4.5000000000000009 299.50000000000006 293.50000000000006 200.34999847412112 6.5000000000000009 73.500000000000014 5.5000000000000009 130.50000000000003 152.50000000000003 91.500000000000014 163.50000000000003 10.500000000000002 13.500000000000002 61.500000000000007 10.500000000000002 28.500000000000004 269.50000000000006 241.50000000000003 6.5000000000000009 29.500000000000004 3.5000000000000004 20.000000000000004 10.500000000000002 10.500000000000002 13.500000000000002 10.500000000000002 10.500000000000002 8.0000000000000018 184.15000152587893 10.500000000000002
decision_type=2 2 2 10 2 2 2 2 2 2 2 2 2 2 2 2 2 2 2 2 2 2 2 2 2 2 2 2 10 2
left_child=16 2 4 -4 17 6 7 14 13 -10 -11 12 -12 19 -6 -16 -1 20 -17 -8 -2 22 28 24 27 -13 -27 -24 -22 -3
right_child=1 29 3 -5 5 -7 8 -9 9 10 11 25 -14 -15 15 18 -18 -19 -20 -21 21 -23 23 -25 -26 26 -28 -29 -30 -31
leaf_value=-0.014649339947055796 -0.024601614397736855 -0.081827319954658917 0.14588011677422866 -0.017258258099639354 -0.0032579118023812075 0.084846185985468225 0.012578389767381232 -0.035324533180716551 0.15794097022709161 0.086089608989748934 0.0012700866150558579 -0.040585155860678436 0.11914546356955141 0.083374860899501829 -0.022029499838621212 0.11823974352851863 0.053826558806359108 0.051782658385862226 0.028756527266957016 -0.029170632543495927 -0.00074512854908385712 -0.024592658524300801 -0.014678259802663312 -0.0084408592672431445 0.13455204295248827 -0.02774940869100536 0.052382938851749911 0.059356470408179506 -0.060555666966961214 -0.0070302663727735727
leaf_weight=6294 1411 218 184 172 1481 196 3830 725 162 235 284 366 195 183 165 174 176 230 169 421 2606 942 199 559 211 168 215 239 175 201
leaf_count=6294 1411 218 184 172 1481 196 3830 725 162 235 284 366 195 183 165 174 176 230 169 421 2606 942 199 559 211 168 215 239 175 201
internal_value=0.000815313 0.00620907 0.0075867 0.0669943 0.00622432 0.0134211 0.0118227 -0.00318222 0.0185477 0.0376646 0.0243301 0.0124921 0.0493061 0.0115363 0.00852197 0.0429108 -0.012783 -0.00359373 0.074219 0.00843822 -0.00560573 -0.000165309 0.00559729 0.0289021 0.0611028 -0.0110197 0.017172 0.025666 -0.00451729 -0.0460023
internal_weight=22786 16316 15897 356 15541 8969 8773 2714 6059 1625 1463 1228 479 4434 1989 508 6470 6572 343 4251 6342 4931 3989 1208 649 749 383 438 2781 419
internal_count=22786 16316 15897 356 15541 8969 8773 2714 6059 1625 1463 1228 479 4434 1989 508 6470 6572 343 4251 6342 4931 3989 1208 649 749 383 438 2781 419
is_linear=0
shrinkage=0.0161


Tree=157
num_leaves=31
num_cat=0
split_feature=169 425 497 597 571 520 59 516 232 588 560 150 215 261 80 50 291 493 269 334 403 369 540 78 531 56 579 565 42 158
split_gain=7253.79 5900.03 5710.87 8018.48 10373.2 7262.33 3839.9 8896.46 3978.25 4819.47 5115.8 3609.65 5436.89 3598.46 3431.61 3380.55 3254.16 2942.26 2884.87 3884.01 3194.6 2783.05 3295.4 3140.17 2599.15 2317.32 2247.85 2263.54 3721.94 2073.17
threshold=8.0000000000000018 4.5000000000000009 210.50000000000003 226.84999847412112 205.94999694824222 181.50000000000003 35.500000000000007 118.50000000000001 6.5000000000000009 99.950000762939467 94.750000000000014 8.0000000000000018 43.500000000000007 10.500000000000002 13.500000000000002 24.500000000000004 16.500000000000004 272.50000000000006 35.500000000000007 6.5000000000000009 35.500000000000007 4.5000000000000009 185.15000152587893 4.5000000000000009 69.500000000000014 29.500000000000004 200.34999847412112 178.05000305175784 8.0000000000000018 10.500000000000002
decision_type=2 2 2 8 8 2 2 2 2 10 10 2 2 2 2 2 2 2 2 2 2 2 10 2 2 2 10 10 2 2
left_child=11 24 6 4 5 -4 8 14 -3 10 15 17 18 -5 -8 -10 -17 26 19 -13 21 -21 23 -23 -2 29 27 -1 -29 -11
right_child=1 2 3 13 -6 -7 7 -9 9 25 -12 12 -14 -15 -16 16 -18 -19 -20 20 -22 22 -24 -25 -26 -27 -28 28 -30 -31
leaf_value=-0.016961055395212025 0.0049910013873400612 -0.007859080271910051 0.11582014943550052 0.038037561846726319 0.1665525366407403 -0.012675723383390895 -0.032439429321163574 0.1422924805834225 0.010423165148040895 0.008808489444501362 0.10590065420995962 -0.012506554466521276 0.078976680492652482 -0.067648441489787395 0.062280956722099677 0.015482393405471466 0.1021345092334611 0.048913851623095181 -0.035368648029463254 -0.021060158584615411 0.083186871066001963 0.056178283279503693 0.080235522977560009 -0.00075514713544696773 -0.029433405372240474 0.047077432815843943 -0.059854593964540473 -0.02645816622849816 0.070271583363675394 -0.031181889384566265
leaf_weight=6989 1114 2520 188 171 247 289 232 187 1056 738 243 2109 229 163 173 206 249 182 569 494 179 333 222 1018 1159 219 299 206 206 616
leaf_count=6989 1114 2520 188 171 247 289 232 187 1056 738 243 2109 229 163 173 206 249 182 569 494 179 333 222 1018 1159 219 299 206 206 616
internal_value=-0.000322544 0.0101646 0.017055 0.0517269 0.0818362 0.037919 0.0113544 0.0504347 0.00739352 0.0189535 0.0373046 -0.00818467 0.00228967 -0.0134693 0.00796326 0.0262573 0.0629547 -0.0150355 -0.00127202 0.00317745 0.0179152 0.0122514 0.0227279 0.0132606 -0.0125516 -0.00149418 -0.01655 -0.0147974 0.0218496 -0.00936768
internal_weight=22805 9770 7497 1058 724 477 6439 592 5847 3327 1754 13035 5153 334 405 1511 455 7882 4924 4355 2246 2067 1573 1351 2273 1573 7700 7401 412 1354
internal_count=22805 9770 7497 1058 724 477 6439 592 5847 3327 1754 13035 5153 334 405 1511 455 7882 4924 4355 2246 2067 1573 1351 2273 1573 7700 7401 412 1354
is_linear=0
shrinkage=0.0161


Tree=158
num_leaves=31
num_cat=0
split_feature=111 540 31 160 5 505 492 50 591 505 552 120 145 406 388 279 498 522 504 571 435 352 460 404 462 110 589 491 182 135
split_gain=8983.31 5578.35 5639.57 5336.73 5742.06 6058.14 5803.41 4328.45 4243.43 5059.16 3844.43 3699.07 5198.8 3616.2 4474.63 3056.37 3897.57 3669.19 3397.41 8677.12 2110.27 2504.25 4665.15 2336.14 3327.11 2361.96 2344.73 4752.31 3201.46 3027.45
threshold=20.000000000000004 247.34999847412112 10.500000000000002 52.000000000000007 52.000000000000007 207.50000000000003 232.50000000000003 29.500000000000004 101.54999923706056 23.500000000000004 71.549999237060561 16.500000000000004 6.5000000000000009 3.5000000000000004 4.5000000000000009 5.5000000000000009 269.50000000000006 283.50000000000006 261.50000000000006 205.94999694824222 20.000000000000004 35.500000000000007 8.0000000000000018 35.500000000000007 8.0000000000000018 5.5000000000000009 157.84999847412112 201.50000000000003 13.500000000000002 13.500000000000002
decision_type=2 10 2 2 2 2 2 2 10 2 8 2 2 2 2 2 2 2 2 10 2 2 2 2 2 2 10 2 2 2
left_child=1 10 -3 4 5 6 7 11 9 -9 -1 12 -2 -14 -15 16 -12 18 20 -20 21 23 -23 25 -25 -17 27 28 29 -27
right_child=3 2 -4 -5 -6 -7 -8 8 -10 -11 15 -13 13 14 -16 17 -18 -19 19 -21 -22 22 -24 24 -26 26 -28 -29 -30 -31
leaf_value=-0.025921642823170506 -0.016100904134165546 0.1212570073804297 -0.0064557729160501474 0.10585761619772846 0.10592823115621158 -0.036691215959528165 0.10679384947018487 0.0057308831439115511 0.0025362335087739337 0.11636793531862961 -0.013713337732183362 -0.027649926952673563 0.097659661561835254 0.083887191800986999 0.0036447577245924262 -0.011091888637810682 0.066053879507175464 -0.050161765427434481 0.10850116972386149 -0.040446907542756025 -0.012697073659028007 0.11208048146513948 0.0017921879401367521 0.090152851456169497 0.0021785977615790685 0.010294688641404601 -0.016444618913047392 0.094441902991359405 -0.017683460087393413 0.055665210390285352
leaf_weight=2095 733 183 175 186 183 536 195 162 308 319 6008 632 219 245 683 2364 163 327 255 168 1857 163 256 193 265 1765 747 185 782 487
leaf_count=2095 733 183 175 186 183 536 195 162 308 319 6008 632 219 245 683 2364 163 327 255 168 1857 163 256 193 265 1765 747 185 782 487
internal_value=0.000766317 -0.00416576 0.0587618 0.0214346 0.0177036 0.0136935 0.0214252 0.016375 0.049275 0.0791545 -0.00541309 0.00603204 0.0173674 0.0387762 0.0248548 -0.00272376 -0.0116026 0.0028568 0.00468674 0.0492888 0.00260264 0.00654813 0.0447529 0.00418641 0.0393021 0.00164194 0.00923808 0.0152053 0.0103661 0.0201166
internal_weight=22839 18438 358 4401 4215 4032 3496 3301 789 481 18080 2512 1880 1147 928 15985 6171 9814 9487 423 9064 7207 419 6788 458 6330 3966 3219 3034 2252
internal_count=22839 18438 358 4401 4215 4032 3496 3301 789 481 18080 2512 1880 1147 928 15985 6171 9814 9487 423 9064 7207 419 6788 458 6330 3966 3219 3034 2252
is_linear=0
shrinkage=0.0161


Tree=159
num_leaves=31
num_cat=0
split_feature=467 548 160 51 261 557 59 540 572 113 358 566 418 535 533 461 507 569 527 241 292 50 281 542 569 565 38 68 352 599
split_gain=5448.17 7263.83 5574.09 3940.56 3904.04 4267.79 4689.89 3578.21 9997.55 3824.97 3737.32 3812.42 4518.57 2904 4783.65 3188.02 2889.51 9763.85 2719.04 3017.9 3594.09 4146.04 2841.89 3010.33 2544.47 2373.9 2078.61 2063.36 2052.23 1940.57
threshold=20.000000000000004 244.44999694824222 43.500000000000007 4.5000000000000009 5.5000000000000009 221.94999694824222 35.500000000000007 228.75000000000003 193.75000000000003 6.5000000000000009 52.000000000000007 240.75000000000003 24.500000000000004 156.50000000000003 109.50000000000001 10.500000000000002 204.50000000000003 187.55000305175784 113.50000000000001 10.500000000000002 24.500000000000004 10.500000000000002 16.500000000000004 135.84999847412112 238.25000000000003 209.25000000000003 8.0000000000000018 2.5000000000000004 35.500000000000007 201.75000000000003
decision_type=2 10 2 2 2 10 2 10 8 2 2 8 2 2 2 2 2 10 2 2 2 2 2 8 8 10 2 2 2 10
left_child=3 2 4 16 -2 6 -6 9 -9 25 11 18 13 14 15 -13 28 -18 19 20 22 -22 23 -11 -10 29 -24 -20 -1 -5
right_child=1 -3 -4 7 5 -7 -8 8 24 10 -12 12 -14 -15 -16 -17 17 -19 27 -21 21 -23 26 -25 -26 -27 -28 -29 -30 -31
leaf_value=-0.021001070234609717 -0.021670256500710132 0.12168593187525834 0.084045821994373257 -0.010440993781326551 0.0052754200467267738 0.096310595085364298 0.07727782369302319 0.14491315126304347 -0.043352303462655617 -0.0076232753306477849 0.062247547072369597 0.039460171290151565 0.10444617639926231 -0.023948731338345138 0.10273431604434789 -0.028922510812123492 0.1219411926495005 -0.036366148927857458 0.038018444347348794 -0.013259026006190704 0.01269342079886796 0.12497736062489967 0.089770477239315916 0.058418919938467893 0.041026536131791053 -0.060023481515674874 0.012111403879825493 -0.021786306840841752 0.028955371324589561 0.042243133467203299
leaf_weight=4653 907 164 264 4921 2586 164 258 168 202 1454 305 459 176 327 195 287 165 260 163 1259 181 162 177 204 171 243 182 1779 223 188
leaf_count=4653 907 164 264 4921 2586 164 258 168 202 1454 305 459 176 327 195 287 165 260 163 1259 181 162 177 204 171 243 182 1779 223 188
internal_value=0.000334172 0.0165635 0.0124324 -0.00347367 0.00759731 0.0164302 0.0118156 0.00123245 0.0417815 -0.000498202 0.00707146 0.00466571 0.027975 0.0173422 0.0317159 0.0131205 -0.0151995 0.025039 -0.00138268 0.00685954 0.0176023 0.0657941 0.00939534 0.000488348 -0.00460614 -0.0108416 0.0504657 -0.0167545 -0.0187115 -0.00849773
internal_weight=22847 4343 4179 18504 3915 3008 2844 13203 541 12662 7310 7005 1444 1268 941 746 5301 425 5561 3619 2360 343 2017 1658 373 5352 359 1942 4876 5109
internal_count=22847 4343 4179 18504 3915 3008 2844 13203 541 12662 7310 7005 1444 1268 941 746 5301 425 5561 3619 2360 343 2017 1658 373 5352 359 1942 4876 5109
is_linear=0
shrinkage=0.0161


Tree=160
num_leaves=31
num_cat=0
split_feature=202 472 59 553 559 488 229 263 305 499 108 291 320 250 479 525 113 336 291 127 125 186 329 412 137 477 515 314 536 481
split_gain=7521.61 5834.22 5009.7 4176.6 4636.77 4377.26 4045.71 3902.85 5698.8 4266.67 3750.15 3571.56 3558.44 4369.11 5216.03 3489.15 3316.18 3480.64 3296.92 3588.55 3998.05 3204.15 3197.31 3635.18 3005.14 2895.42 3577.89 2668.21 2826.25 2648.76
threshold=10.500000000000002 16.500000000000004 29.500000000000004 251.25000000000003 177.15000152587893 78.500000000000014 3.5000000000000004 24.500000000000004 8.0000000000000018 93.500000000000014 52.000000000000007 10.500000000000002 16.500000000000004 13.500000000000002 10.500000000000002 317.50000000000006 4.5000000000000009 29.500000000000004 3.5000000000000004 29.500000000000004 10.500000000000002 35.500000000000007 43.500000000000007 52.000000000000007 10.500000000000002 8.0000000000000018 182.50000000000003 10.500000000000002 139.50000000000003 176.50000000000003
decision_type=2 2 2 10 10 2 2 2 2 2 2 2 2 2 2 2 2 2 2 2 2 2 2 2 2 2 2 2 2 2
left_child=6 3 10 4 5 -2 -1 9 -9 11 12 -7 13 24 -15 16 25 18 -18 21 -21 22 23 -20 -3 -8 -27 -11 -29 -14
right_child=1 2 -4 -5 -6 7 15 8 -10 27 -12 -13 29 14 -16 -17 17 -19 19 20 -22 -23 -24 -25 -26 26 -28 28 -30 -31
leaf_value=-0.019268421596866019 -0.0046589192750051698 -0.010624806896677805 0.0979262451234547 0.085759804145584193 -0.031500143204123247 0.020824000848460769 -0.026286577999347808 0.13669757924496703 0.015502323196563885 -0.02551679700468858 0.10160531939253362 0.10770996669799079 0.0092666230013271483 0.1326448328841589 0.015675300347927079 -0.072403274653278268 -0.013918715319426298 -0.026583896791025727 0.0086078814828448764 0.10043950787014948 0.010609051172081019 0.068540800067370525 0.066016653413441609 -0.057331036598800969 0.061065630103491912 -0.0047761028913980473 0.075922663260576728 -0.020931763495207537 0.061924571046135475 -0.064782987989861526
leaf_weight=3881 2462 451 298 163 847 330 1822 189 216 589 160 196 518 222 179 171 1248 749 4755 257 258 240 238 227 228 1231 161 184 253 165
leaf_count=3881 2462 451 298 163 847 330 1822 189 216 589 160 196 518 222 179 171 1248 749 4755 257 258 240 238 227 228 1231 161 184 253 165
internal_value=0.00146121 0.014488 0.0364721 0.00548996 0.00300088 0.00961909 -0.00507714 0.0275935 0.0721182 0.0159595 0.0269366 0.0532445 0.0201467 0.0383405 0.0804902 -0.00022551 0.000875764 0.00644378 0.00987189 0.014845 0.0554828 0.0110076 0.00835791 0.00559871 0.0134133 -0.0129278 0.00454068 -0.00313248 0.0269838 -0.00858791
internal_weight=22888 7650 2221 5429 5266 4419 15238 1957 405 1552 1923 526 1763 1080 401 11357 11186 7972 7223 5975 515 5460 5220 4982 679 3214 1392 1026 437 683
internal_count=22888 7650 2221 5429 5266 4419 15238 1957 405 1552 1923 526 1763 1080 401 11357 11186 7972 7223 5975 515 5460 5220 4982 679 3214 1392 1026 437 683
is_linear=0
shrinkage=0.0161


Tree=161
num_leaves=31
num_cat=0
split_feature=204 557 229 91 84 69 484 64 360 327 524 235 582 335 332 59 76 304 540 587 449 366 250 55 523 472 527 169 234 495
split_gain=6167.99 5833.99 3738.42 3595.27 4426.66 5956.27 3589.96 3559.28 3514.99 6285.4 3393.85 3201.86 3166.15 5963.22 3305.03 4312.76 4786.9 3022.47 2765.03 3437.38 2691.99 2831.04 2577.51 3455.7 2381.46 2468.67 2991.03 2482.76 2542.45 5746.73
threshold=6.5000000000000009 244.44999694824222 13.500000000000002 43.500000000000007 29.500000000000004 16.500000000000004 227.50000000000003 73.500000000000014 16.500000000000004 20.000000000000004 269.50000000000006 10.500000000000002 210.94999694824222 10.500000000000002 16.500000000000004 35.500000000000007 8.0000000000000018 5.5000000000000009 181.25000000000003 120.95000076293947 4.5000000000000009 43.500000000000007 10.500000000000002 29.500000000000004 290.50000000000006 5.5000000000000009 252.50000000000003 43.500000000000007 10.500000000000002 183.50000000000003
decision_type=2 10 2 2 2 2 2 2 2 2 2 2 10 2 2 2 2 2 10 10 2 2 2 2 2 2 2 2 2 2
left_child=1 7 10 4 6 17 8 24 9 18 12 -10 14 -14 15 20 -17 -6 19 -4 -2 22 -22 -24 25 -1 27 28 -27 -30
right_child=2 -3 3 -5 5 -7 -8 -9 11 -11 -12 -13 13 -15 -16 16 -18 -19 -20 -21 21 -23 23 -25 -26 26 -28 -29 29 -31
leaf_value=-0.019083564080164435 -0.015947393476765874 0.087063862385866747 0.029005978251033966 -0.033223568354460123 0.084064282520807387 0.12195941830980649 -0.035335764404865466 0.062650788321186243 0.027649222151518747 0.10528665794751289 -0.049416327085221402 -0.044187855804091236 -0.016937228103870262 0.11923174422135246 -0.018438044803299945 0.0017137703432870642 0.12450959563054691 0 0.083257222467038483 -0.029604686446082194 -0.0031155661209391395 0.074019201525073519 0.015678034994976241 0.0951612976897937 -0.073034651572708151 -0.01121834411927174 0.05967983580596356 -0.064096562697951442 0.0011002386274611357 0.08748126327129524
leaf_weight=4824 1310 162 983 293 164 262 314 171 309 273 327 335 164 169 1670 163 167 341 166 352 2111 176 1101 163 160 3943 187 183 1661 227
leaf_count=4824 1310 162 983 293 164 262 314 171 309 273 327 335 164 169 1670 163 167 341 166 352 2111 176 1101 163 160 3943 187 183 1661 227
internal_value=-0.000561081 -0.0088555 0.00788156 0.0209162 0.0254565 0.0596447 0.0158496 -0.0102259 0.0225063 0.0342049 0.00130653 -0.0096829 0.00361538 0.0520989 0.00125879 0.00760001 0.0639272 0.0272684 0.021261 0.0135344 0.00377127 0.0110523 0.00776173 0.0259465 -0.0113422 -0.0104447 -0.00372047 -0.00569576 -0.00385888 0.0114986
internal_weight=22831 11518 11313 3792 3499 767 2732 11356 2418 1774 7521 644 7194 333 6861 5191 330 505 1501 1335 4861 3551 3375 1264 11185 11025 6201 6014 5831 1888
internal_count=22831 11518 11313 3792 3499 767 2732 11356 2418 1774 7521 644 7194 333 6861 5191 330 505 1501 1335 4861 3551 3375 1264 11185 11025 6201 6014 5831 1888
is_linear=0
shrinkage=0.0161


Tree=162
num_leaves=31
num_cat=0
split_feature=489 25 558 95 219 305 515 62 0 147 347 486 537 452 349 394 494 572 164 111 550 463 533 482 404 486 170 572 167 241
split_gain=8596.63 5306.69 6105.02 4933.22 3940.48 3700.43 5392.67 4069.48 3220.95 3390.22 3751.02 4003.79 9484.63 5944.87 3682.52 4402.54 2989.6 3202.27 2734.97 2603.82 2608.96 4395.84 2557.95 10756.1 4054.4 3322.09 3074.61 3011.43 2333.55 2854.94
threshold=344.50000000000006 3.5000000000000004 260.05000305175787 35.500000000000007 4.5000000000000009 61.500000000000007 109.50000000000001 87.000000000000014 10.500000000000002 2.5000000000000004 4.5000000000000009 73.500000000000014 89.500000000000014 8.0000000000000018 29.500000000000004 6.5000000000000009 154.50000000000003 240.75000000000003 3.5000000000000004 3.5000000000000004 137.05000305175784 8.0000000000000018 147.50000000000003 110.50000000000001 5.5000000000000009 194.50000000000003 20.000000000000004 161.34999847412112 29.500000000000004 8.0000000000000018
decision_type=2 2 10 2 2 2 2 2 2 2 2 2 2 2 2 2 2 8 2 2 10 2 2 2 2 2 2 8 2 2
left_child=1 3 4 -1 28 7 -7 8 9 -6 11 -11 -13 -14 16 -16 19 -18 -10 -12 -21 -22 25 -24 -25 26 -20 -28 -3 -30
right_child=-2 2 -4 -5 5 6 -8 -9 18 10 14 12 13 -15 15 -17 17 -19 22 20 21 -23 23 24 -26 -27 27 -29 29 -31
leaf_value=-0.020028621766787071 0.11837903421181202 -0.011798273125779921 0.078188464900610738 0.051001567298020273 -0.01876301506822781 0.12830906203966738 0.0011684437120553079 0.081721442831003105 -0.030118346950288897 0.014609714772064904 -0.021294376355337236 0.1640898740613608 0.082683328575592602 -0.022422046178331871 -0.0080936031387166089 0.09205183081934315 -0.038651548847981713 0.028104045558453795 -0.011074459744780836 0.011303929326183265 0.11651516559715651 0.0094557872748405151 0.13188988665046592 0.055107688303666524 -0.015053890668864657 -0.072266409499654793 0.0085352805259039828 0.088990654722538656 -0.013088465271027959 0.071731872266396213
leaf_weight=4097 161 4895 284 270 781 160 189 183 868 895 501 188 288 270 191 280 703 253 2423 1919 177 228 190 279 909 189 493 160 211 200
leaf_count=4097 161 4895 284 270 781 160 189 183 868 895 501 188 288 270 191 280 703 253 2423 1919 177 228 190 279 909 189 493 160 211 200
internal_value=0.00114814 0.000314686 0.00411985 -0.0156316 0.00295139 0.00781508 0.0595238 0.00635406 0.00522022 0.0127429 0.0169224 0.0376033 0.0651578 0.0317837 0.0089354 0.0513909 0.00364049 -0.0209604 -0.00388576 0.0119739 0.0191559 0.0563028 0.0010133 0.0194123 0.00140364 -0.00674482 -0.0027113 0.0282847 -0.00870106 0.0281294
internal_weight=22835 22674 18307 4367 18023 12717 349 12368 12185 6674 5893 1641 746 558 4252 471 3781 956 5511 2825 2324 405 4643 1378 1188 3265 3076 653 5306 411
internal_count=22835 22674 18307 4367 18023 12717 349 12368 12185 6674 5893 1641 746 558 4252 471 3781 956 5511 2825 2324 405 4643 1378 1188 3265 3076 653 5306 411
is_linear=0
shrinkage=0.0161


Tree=163
num_leaves=31
num_cat=0
split_feature=172 591 597 597 128 81 47 553 291 110 531 592 24 487 190 528 106 155 398 529 411 477 468 240 526 225 348 347 496 510
split_gain=5721.53 6638.55 5380.51 8051.76 7461.12 5116.66 4841.52 3566.25 3294.92 3157.14 3109.58 3065.27 2958.46 2656.11 2819.97 3679.25 3696.73 5236.4 2564.58 2544.2 2795.83 2627.31 2541.82 4708.39 5545.66 3215.49 2532.25 2264.19 2234.51 2172.49
threshold=10.500000000000002 226.84999847412112 181.25000000000003 201.75000000000003 8.0000000000000018 13.500000000000002 52.000000000000007 251.25000000000003 73.500000000000014 52.000000000000007 95.500000000000014 134.44999694824222 2.5000000000000004 191.50000000000003 5.5000000000000009 190.50000000000003 4.5000000000000009 10.500000000000002 73.500000000000014 106.50000000000001 29.500000000000004 10.500000000000002 20.000000000000004 20.000000000000004 95.500000000000014 29.500000000000004 29.500000000000004 10.500000000000002 234.50000000000003 37.500000000000007
decision_type=2 10 10 10 2 2 2 10 2 2 2 8 2 2 2 2 2 2 2 2 2 2 2 2 2 2 2 2 2 2
left_child=7 2 6 4 -4 -5 8 12 9 13 -11 -8 -1 14 26 16 17 29 22 20 -18 -22 -14 25 -25 -24 -2 -15 -3 -16
right_child=1 28 3 5 -6 -7 11 -9 -10 10 -12 -13 18 27 15 -17 19 -19 -20 -21 21 -23 23 24 -26 -27 -28 -29 -30 -31
leaf_value=-0.025992612820603805 -0.012539058336168914 -0.020520050507981002 0.032257757732232863 0.05167809656461738 0.17801064082203211 -0.052897289465137762 0.019443457685882803 0.054562321730506992 -0.060786065364333085 0.094241780373789455 0.0015240325345535759 0.11899869419338423 -0.009273464402330258 -0.0010063573537359126 0.05056172244431064 0.079854676929481672 0.00081936648840316803 0.097217993261759061 0.052545354613954209 -0.029117108937600684 0.011109388704053409 0.094677911301267265 -0.0073830287011448321 -0.00044707416548079253 0.13283589801985485 0.065733283185658783 0.050581003124419349 -0.068775455679928238 -0.091940193274380883 -0.02279523655252905
leaf_weight=2038 1825 297 174 301 192 203 160 240 188 209 171 162 10290 301 183 228 1356 291 197 508 213 181 1578 160 163 173 181 223 185 244
leaf_count=2038 1825 297 174 301 192 203 160 240 188 209 171 162 10290 301 183 228 1356 291 197 508 213 181 1578 160 163 173 181 223 185 244
internal_value=-0.00107133 0.00992463 0.0136522 0.0513004 0.108783 0.00951076 0.00870387 -0.00698327 0.00558848 0.00763329 0.0525807 0.0696033 -0.00799666 0.00465045 0.0081291 0.0175035 0.0127187 0.0445421 -0.00507498 0.00258906 0.0118064 0.0495597 -0.00599497 0.0102597 0.0667405 -0.000145645 -0.00683205 -0.0298919 -0.0479812 0.00858834
internal_weight=22815 7976 7494 870 366 504 6624 14839 6302 6114 380 322 14599 5734 5210 3204 2976 718 12561 2258 1750 394 12364 2074 323 1751 2006 524 482 427
internal_count=22815 7976 7494 870 366 504 6624 14839 6302 6114 380 322 14599 5734 5210 3204 2976 718 12561 2258 1750 394 12364 2074 323 1751 2006 524 482 427
is_linear=0
shrinkage=0.0161


Tree=164
num_leaves=31
num_cat=0
split_feature=111 502 492 83 293 96 116 563 377 253 393 531 536 527 502 505 488 76 490 588 481 99 266 314 218 80 459 220 515 527
split_gain=6054.53 5468.47 14539.4 4178.33 4570.05 4599.97 4127.24 4371.79 3625.42 3750.16 2843.91 4212.17 8359.16 2785.95 4016.79 3928.14 2667.68 2519.99 2512.56 2387.97 4354.76 2237.34 2158.88 2395.06 2095.65 3014.24 2076.07 3016.67 2019.26 2728.44
threshold=20.000000000000004 217.50000000000003 255.50000000000003 10.500000000000002 13.500000000000002 20.000000000000004 4.5000000000000009 251.25000000000003 16.500000000000004 8.0000000000000018 24.500000000000004 170.50000000000003 191.50000000000003 248.50000000000003 190.50000000000003 255.50000000000003 167.50000000000003 29.500000000000004 120.50000000000001 203.05000305175784 255.50000000000003 8.0000000000000018 10.500000000000002 16.500000000000004 5.5000000000000009 4.5000000000000009 10.500000000000002 6.5000000000000009 241.50000000000003 167.50000000000003
decision_type=2 2 2 2 2 2 2 10 2 2 2 2 2 2 2 2 2 2 2 10 2 2 2 2 2 2 2 2 2 2
left_child=6 2 3 17 16 8 22 10 9 -6 13 24 -13 15 -15 19 18 -2 -5 20 28 -3 -1 -24 -12 -26 27 -27 29 -8
right_child=1 21 -4 4 5 -7 7 -9 -10 -11 11 12 -14 14 -16 -17 -18 -19 -20 -21 -22 -23 23 -25 25 26 -28 -29 -30 -31
leaf_value=-0.022298230456701793 -0.0094887329200990835 0.008041191125822229 0.1710669730884333 0.0088009264713624011 0.015424931666743576 0.11825184175352124 -0.0055696938485462573 0.064585560460466304 -0.023185461705689303 0.10843281903599848 -0.0242893725818174 0.15021074025652825 0.0013876344752068366 0.021271463634356041 -0.072635268514494478 0.058027121108596681 -0.050328462557025833 0.053021393507375537 0.076082684082222421 -0.05105504525009727 0.070464838092778953 -0.060421243631493933 -0.010045039738247503 0.043640811288321341 0.077048946499474177 -0.012484517749053398 -0.022949237203451069 0.082574625626097506 -0.045181124205263143 0.0264387618208686
leaf_weight=4116 1506 205 164 838 230 247 8650 267 187 221 448 168 235 179 345 271 160 188 174 273 206 310 968 277 181 185 371 162 304 750
leaf_count=4116 1506 205 164 838 230 247 8650 267 187 221 448 168 235 179 345 271 160 188 174 273 206 310 968 277 181 185 371 162 304 750
internal_value=-0.000714765 0.0161775 0.0226688 0.0161743 0.0315955 0.0592175 -0.00479279 0.000108853 0.0363256 0.061053 -0.00124185 0.0178166 0.0634864 -0.00428209 -0.0405115 -0.00246386 0.0107176 -0.00253747 0.0203924 -0.00407602 -0.00277947 -0.0331235 -0.0166787 0.00188062 0.00413544 0.0183266 0.00349055 0.0318269 -0.00433675 -0.00301332
internal_weight=22786 4430 3915 3751 2057 885 18356 12995 638 451 12728 1750 403 10978 524 10454 1172 1694 1012 10183 9910 515 5361 1245 1347 899 718 347 9704 9400
internal_count=22786 4430 3915 3751 2057 885 18356 12995 638 451 12728 1750 403 10978 524 10454 1172 1694 1012 10183 9910 515 5361 1245 1347 899 718 347 9704 9400
is_linear=0
shrinkage=0.0161


Tree=165
num_leaves=31
num_cat=0
split_feature=110 506 164 540 534 64 252 214 411 59 362 179 553 169 588 56 487 481 155 599 15 242 302 546 446 560 384 517 525 500
split_gain=5144.75 10896.8 6270.45 6081.37 6167.03 3922.76 3847.15 5301.27 3515.71 3312.94 3204.78 3005.93 5254.22 2749.51 3653.11 3378.23 3129.06 3083.09 3414.22 6201.76 3588.88 3117.78 3837.64 3005 3033.1 2946.31 2611.05 2503.86 4361.14 2245.47
threshold=43.500000000000007 194.50000000000003 16.500000000000004 247.34999847412112 200.50000000000003 52.000000000000007 16.500000000000004 16.500000000000004 4.5000000000000009 6.5000000000000009 13.500000000000002 61.500000000000007 171.05000305175784 13.500000000000002 95.850002288818374 73.500000000000014 221.50000000000003 118.50000000000001 16.500000000000004 154.15000152587893 8.0000000000000018 8.0000000000000018 13.500000000000002 215.15000152587893 35.500000000000007 95.250000000000014 29.500000000000004 136.50000000000003 68.500000000000014 150.50000000000003
decision_type=2 2 2 10 2 2 2 2 2 2 2 2 8 2 10 2 2 2 2 10 2 2 2 10 2 10 2 2 2 2
left_child=3 2 9 5 -5 8 7 -7 26 -2 -11 13 -13 15 25 16 17 -10 20 -20 21 -19 -23 24 -16 27 -1 28 -15 -18
right_child=1 -3 -4 4 -6 6 -8 -9 11 10 -12 12 -14 14 23 -17 29 18 19 -21 -22 22 -24 -25 -26 -27 -28 -29 -30 -31
leaf_value=-0.017014417210184516 -0.015088932693510713 -0.075488967509221724 0.11591953734416989 0.1351937718491632 0.012549853944811534 0.019946627104197919 -0.029165042908387256 0.12418094520304422 -0.0097451541552117937 0.089388162366702675 -5.297599382036422e-05 -0.013933244395117218 0.11450363404406852 0.015148422556982108 -0.0048193072345226748 0.067613274954212307 0.0081558483243932712 -0.0040369480792395362 0.096612857540814778 -0.0096563377588597624 -0.021663144735331263 0.11451888603114291 0.012618025943020581 0.048443493851968951 -0.073437745330233659 0.087380772666422746 0.030305947415078333 -0.032401056413054907 0.089121787248560458 -0.056523871231136051
leaf_weight=5649 280 202 299 165 300 393 194 187 6621 275 166 170 160 1357 1644 161 189 455 299 271 902 173 216 243 186 183 319 212 244 521
leaf_count=5649 280 202 299 165 300 393 194 187 6621 275 166 170 160 1357 1644 161 189 455 299 271 902 173 216 243 186 183 319 212 244 521
internal_value=0.000366036 0.0324977 0.0539063 -0.00146647 0.0561193 -0.00274581 0.0328202 0.0535938 -0.00411144 0.0281567 0.0556676 0.000242935 0.0482679 -0.000897419 0.0102269 -0.00551491 -0.00673779 -0.00415039 0.0118338 0.0460471 0.000651063 0.0245266 0.0579969 -0.00473256 -0.0118065 0.0257752 -0.0144811 0.0195439 0.026437 -0.0392732
internal_weight=22636 1222 1020 21414 465 20949 774 580 20175 721 441 14207 330 13877 4069 9808 9647 8937 2316 570 1746 844 389 2073 1830 1996 5968 1813 1601 710
internal_count=22636 1222 1020 21414 465 20949 774 580 20175 721 441 14207 330 13877 4069 9808 9647 8937 2316 570 1746 844 389 2073 1830 1996 5968 1813 1601 710
is_linear=0
shrinkage=0.0161


Tree=166
num_leaves=31
num_cat=0
split_feature=410 497 524 552 89 476 164 532 504 386 48 493 538 484 19 462 202 137 291 32 229 72 56 223 593 476 540 334 443 159
split_gain=5562.75 5889.5 4524.08 4582.75 8743.07 3879.52 4046.47 3580.5 6050.06 3275.29 3272.5 4127.53 5326.91 2939.13 2877.92 5462.06 3952.43 3405.63 3258.96 3185.24 2678.03 2617.85 3957.91 2607.73 4006.4 2525.35 3450.21 2264.06 2159.22 2738.78
threshold=4.5000000000000009 272.50000000000006 286.50000000000006 238.25000000000003 10.500000000000002 43.500000000000007 13.500000000000002 242.50000000000003 283.50000000000006 5.5000000000000009 29.500000000000004 148.50000000000003 123.50000000000001 184.50000000000003 10.500000000000002 35.500000000000007 20.000000000000004 10.500000000000002 35.500000000000007 13.500000000000002 16.500000000000004 24.500000000000004 24.500000000000004 20.000000000000004 221.94999694824222 2.5000000000000004 79.350002288818374 6.5000000000000009 8.0000000000000018 13.500000000000002
decision_type=2 2 2 10 2 2 2 2 2 2 2 2 2 2 2 2 2 2 2 2 2 2 2 2 10 2 10 2 2 2
left_child=1 -1 3 5 -5 7 20 8 9 -2 14 12 28 -4 15 16 18 -18 25 21 27 22 -16 24 -9 26 -11 -7 -12 -30
right_child=2 -3 13 4 -6 6 -8 23 -10 10 11 -13 -14 -15 19 -17 17 -19 -20 -21 -22 -23 -24 -25 -26 -27 -28 -29 29 -31
leaf_value=-0.015484377612287799 -0.0068125588554713203 0.081958994350981196 0.0098389079518746564 0.13235346025194172 -0.0083770474064173619 0.033966959584229205 0.085112161781469881 -0.053307906070058274 0.10081747544560105 -0.0029630195680415482 -0.0079788508865654105 -0.022803420358653882 0.13400748576754118 -0.068715378383205031 0.0055209667923543822 0.086346414828310084 0.019515263003103567 0.098119282887701081 -0.052805905914473164 -0.025488861953167748 0.064117840166185255 -0.033922542212508476 0.078085193357577992 -0.087844505265342876 0.028212903294686252 0.002402816474266321 0.10214193377635288 -0.044097949858140938 0.02316031160347647 0.10316553604101224
leaf_weight=6186 4969 165 190 212 248 167 305 337 168 160 231 248 165 350 1461 258 414 219 252 1272 179 337 225 163 291 2749 163 227 312 173
leaf_count=6186 4969 165 190 212 248 167 305 337 168 160 231 248 165 350 1461 258 414 219 252 1272 179 337 225 163 291 2749 163 227 312 173
internal_value=-0.000150221 -0.0129491 0.00479122 0.00634848 0.0564302 0.00485537 0.0377245 0.00287263 0.00478677 0.00359948 0.00959102 0.0351519 0.051493 -0.0410323 0.00574524 0.0145588 0.0098722 0.0467472 0.00284289 -0.00552197 0.0124596 0.00702096 0.0152188 -0.0304342 -0.0154957 0.00741549 0.0500047 -0.0109498 0.0324449 0.0517468
internal_weight=22796 6351 16445 15905 460 15445 878 14567 13776 13608 8639 1129 881 540 7510 4215 3957 633 3324 3295 573 2023 1686 791 628 3072 323 394 716 485
internal_count=22796 6351 16445 15905 460 15445 878 14567 13776 13608 8639 1129 881 540 7510 4215 3957 633 3324 3295 573 2023 1686 791 628 3072 323 394 716 485
is_linear=0
shrinkage=0.0161


Tree=167
num_leaves=31
num_cat=0
split_feature=347 524 290 491 255 291 558 560 540 238 488 239 501 557 470 289 330 483 367 558 589 303 474 385 544 374 115 296 181 64
split_gain=6143.43 4407.1 4464.98 5170.9 3595.38 3305.41 3231 4296.5 4938.56 3168.74 3428.36 2583.87 2746.18 2522.31 2887.82 2816.33 3085.27 2927.78 2865.04 3221.6 6559.77 3832.61 2370.71 2743.11 2972.51 2349.22 2336.22 2248.81 2241.09 2905.03
threshold=87.000000000000014 310.50000000000006 5.5000000000000009 293.50000000000006 2.5000000000000004 73.500000000000014 240.75000000000003 213.05000305175784 238.25000000000003 52.000000000000007 88.500000000000014 6.5000000000000009 241.50000000000003 178.05000305175784 61.500000000000007 4.5000000000000009 29.500000000000004 7.5000000000000009 10.500000000000002 169.15000152587893 260.05000305175787 6.5000000000000009 10.500000000000002 13.500000000000002 231.15000152587893 6.5000000000000009 10.500000000000002 4.5000000000000009 24.500000000000004 20.000000000000004
decision_type=2 2 2 2 2 2 10 10 10 2 2 2 2 10 2 2 2 2 2 8 8 2 2 2 8 2 2 2 2 2
left_child=1 2 11 4 -4 6 7 8 9 13 -11 -1 22 14 15 -6 17 -17 27 28 -21 -22 -13 24 26 -15 -24 -19 29 -20
right_child=-2 -3 3 -5 5 -7 -8 -9 -10 10 -12 12 -14 25 -16 16 -18 18 19 20 21 -23 23 -25 -26 -27 -28 -29 -30 -31
leaf_value=-0.016511041882433491 0.081472810205774404 -0.056091473595924542 -0.022738315089897956 0.070450430792090721 -0.010695467219626354 -0.054477256059792006 0.060656189565677442 -0.041781697552798404 0.086196473725637948 0.0042555477108335493 0.10931969627871063 -0.012434712951230118 0.057226903822083529 0.014278538452859828 0.05640802093398059 -0.016042814316336761 -0.01996465467162863 -0.011580798024789247 0.016842200669794929 0.15266550969141482 0.086341115088325482 -0.015436541010586132 0.05917122356099945 -0.017889415457173888 0.082726116672220004 -0.041819227431742365 -0.0056628301714825371 0.017116694077253851 -0.0259305887047445 0.069263232422661497
leaf_weight=4922 238 367 1151 315 1946 222 297 452 210 161 162 2203 214 306 311 720 745 981 1247 161 174 213 208 445 218 524 467 2535 224 352
leaf_count=4922 238 367 1151 315 1946 222 297 452 210 161 162 2203 214 306 311 720 745 981 1247 161 174 213 208 445 218 524 467 2535 224 352
internal_value=0.000103959 -0.000757496 0.000160916 0.00598519 0.00443256 0.00705311 0.00822053 0.00685525 0.00886103 0.00734979 0.0570231 -0.00883691 0.00121596 0.00581056 0.00813825 0.00652119 0.0110815 0.0145858 0.0183357 0.0320171 0.0662674 0.0302631 -0.00216241 0.0147332 0.0310161 -0.021109 0.0142808 0.00910311 0.0217084 0.0283968
internal_weight=22691 22453 22086 13409 13094 11943 11721 11424 10972 10762 323 8677 3755 10439 9609 9298 7352 6607 5887 2371 548 387 3541 1338 893 830 675 3516 1823 1599
internal_count=22691 22453 22086 13409 13094 11943 11721 11424 10972 10762 323 8677 3755 10439 9609 9298 7352 6607 5887 2371 548 387 3541 1338 893 830 675 3516 1823 1599
is_linear=0
shrinkage=0.0161


Tree=168
num_leaves=31
num_cat=0
split_feature=207 149 351 347 137 430 565 222 18 580 551 295 590 349 363 488 422 60 483 480 171 0 533 142 403 127 170 548 469 463
split_gain=6179.4 5239.05 5157.77 5894.24 3520.35 4042.23 8769.36 5353.35 7221.88 3187.82 6709.26 3768.25 3025.36 2972.36 4036.6 4829.26 2852.18 2832.36 3878.05 4811.37 3017.93 2648.08 2495.79 2483.06 3857.81 3956.97 3206.81 2422.38 2390.56 2957.64
threshold=2.5000000000000004 4.5000000000000009 10.500000000000002 73.500000000000014 35.500000000000007 10.500000000000002 226.84999847412112 13.500000000000002 6.5000000000000009 201.75000000000003 226.84999847412112 52.000000000000007 135.84999847412112 16.500000000000004 10.500000000000002 112.50000000000001 16.500000000000004 20.000000000000004 83.500000000000014 60.500000000000007 35.500000000000007 8.0000000000000018 139.50000000000003 3.5000000000000004 6.5000000000000009 8.0000000000000018 20.000000000000004 147.94999694824222 24.500000000000004 16.500000000000004
decision_type=2 2 2 2 2 2 10 2 2 10 10 2 8 2 2 2 2 2 2 2 2 2 2 2 2 2 2 8 2 2
left_child=-1 13 9 4 5 17 7 23 -9 10 11 -3 -6 -2 22 -16 27 18 19 -4 28 -11 -15 -7 25 -25 -26 -10 29 -20
right_child=1 2 3 -5 12 6 -8 8 16 21 -12 -13 -14 14 15 -17 -18 -19 20 -21 -22 -23 -24 24 26 -27 -28 -29 -30 -31
leaf_value=-0.021630928329603331 -0.013578318779627684 0.0011086386584385592 0.023110120779539781 0.11850988128551898 0.025772653440153035 -0.040794507083914563 0.1484090118137314 0.13669273543008184 0.1004668671133689 0.0077870954289922453 0.10827356880563259 0.061795618251173537 -0.05720003850751932 0.010835222089661234 0.0093230237968050696 0.12348726629940544 -0.020923410067930713 -0.018505476584017019 -0.02238792798998155 0.10750809003516876 -0.061338205602623132 -0.055742048975851353 -0.054876564365574941 0.0048019840107680761 -0.030763980624626062 0.09343743569901658 0.042143643382715132 0.015685259277176219 0.060307057432661931 0.050757764523657184
leaf_weight=2508 4622 7488 771 160 194 203 175 243 173 283 161 275 275 579 231 165 182 679 540 227 182 424 202 242 445 285 241 178 196 195
leaf_count=2508 4622 7488 771 160 194 203 175 243 173 283 161 275 275 579 231 165 182 679 540 227 182 424 202 242 445 285 241 178 196 195
internal_value=0.00220366 0.00516175 0.0103605 0.0221225 0.0193771 0.02322 0.0386989 0.0299294 0.0639234 0.00247289 0.00539808 0.00326147 -0.0228285 -0.00775899 0.0150731 0.0569509 0.030703 0.0100795 0.019285 0.0423304 -0.00135809 -0.0302791 -0.00613052 0.0112833 0.0200181 0.0527804 -0.00511635 0.0575393 0.0103421 -0.00294991
internal_weight=22724 20216 14417 5786 5626 5157 2367 2192 776 8631 7924 7763 469 5799 1177 396 533 2790 2111 998 1113 707 781 1416 1213 527 686 351 931 735
internal_count=22724 20216 14417 5786 5626 5157 2367 2192 776 8631 7924 7763 469 5799 1177 396 533 2790 2111 998 1113 707 781 1416 1213 527 686 351 931 735
is_linear=0
shrinkage=0.0161


Tree=169
num_leaves=31
num_cat=0
split_feature=207 5 385 547 167 443 578 163 531 506 36 234 494 110 167 359 106 441 395 418 479 506 536 349 23 290 521 395 4 87
split_gain=4687.66 4256.99 5172.28 5996.72 6375.4 3413.31 3755.04 3694.11 3898 4739.61 7310.67 9321.3 5932.32 5588.73 4577.92 5951.9 3354.59 3244.13 2885.18 3412.88 2565.76 3454.21 8190.23 2704.4 2479.63 2206.07 2138.54 2346.12 1950.17 2434.65
threshold=2.5000000000000004 52.000000000000007 20.000000000000004 93.149997711181655 8.0000000000000018 4.5000000000000009 228.75000000000003 10.500000000000002 265.50000000000006 68.500000000000014 4.5000000000000009 13.500000000000002 136.50000000000003 29.500000000000004 5.5000000000000009 8.0000000000000018 5.5000000000000009 10.500000000000002 35.500000000000007 43.500000000000007 13.500000000000002 194.50000000000003 202.50000000000003 35.500000000000007 20.000000000000004 10.500000000000002 235.50000000000003 13.500000000000002 4.5000000000000009 10.500000000000002
decision_type=2 2 2 10 2 2 10 2 2 2 2 2 2 2 2 2 2 2 2 2 2 2 2 2 2 2 2 2 2 2
left_child=-1 5 3 -3 -5 18 7 20 9 -9 11 17 13 14 -12 -16 -14 -11 19 -2 -7 23 -23 28 25 -18 -8 -28 29 -22
right_child=1 2 -4 4 -6 6 26 8 -10 10 12 -13 16 -15 15 -17 24 -19 -20 -21 21 22 -24 -25 -26 -27 27 -29 -30 -31
leaf_value=-0.020612314924575208 -0.016349266708816711 8.1021814546528543e-05 -0.032192135049750617 0.17545717899415594 0.0419897928756192 -0.004951725867887443 -0.074614190183389412 0.0031318400077810535 -0.049447963018611089 0.00035196831966555117 -0.020109173795425723 0.18580866620422071 0.043329927248445144 0.13131145059039279 0.10638407191933946 0.0089357709387005747 -0.010957490115883067 0.094324237739810232 0.037587464258803667 0.047079795052428278 -0.00043096023371986647 0.14547288067149877 -0.012061155967200787 0.065311988886217184 0.021066429755018923 -0.077048402408521621 -0.044653392864348586 0.025300817618198478 -0.0072829438830822879 0.073306161407685075
leaf_weight=2494 4504 249 202 169 207 6084 206 2134 212 210 301 172 258 173 313 339 271 175 308 231 281 161 182 188 222 255 274 227 1551 197
leaf_count=2494 4504 249 202 169 207 6084 206 2134 212 210 301 172 258 173 313 339 271 175 308 231 281 161 182 188 222 255 274 227 1551 197
internal_value=0.000214282 0.0027797 0.0385551 0.0614582 0.102042 0.0012557 0.0052522 0.00712362 0.0180864 0.0210598 0.0352787 0.0872295 0.0216951 0.0470826 0.0317677 0.055753 -0.00669723 0.0431278 -0.0101403 -0.0132499 0.000735267 0.01426 0.0618148 0.00689196 -0.0239841 -0.0430425 -0.0309226 -0.0129106 0.00146737 0.0299094
internal_weight=22750 20256 827 625 376 19429 14386 13679 5035 4823 2689 557 2132 1126 953 652 1006 385 5043 4735 8644 2560 343 2217 748 526 707 501 2029 478
internal_count=22750 20256 827 625 376 19429 14386 13679 5035 4823 2689 557 2132 1126 953 652 1006 385 5043 4735 8644 2560 343 2217 748 526 707 501 2029 478
is_linear=0
shrinkage=0.0161


Tree=170
num_leaves=31
num_cat=0
split_feature=408 552 538 337 111 31 540 550 25 159 406 283 537 54 113 216 102 165 247 143 267 520 488 489 251 389 326 565 532 527
split_gain=6204.15 4197.98 7345.25 4770.22 4033.86 4042.37 6315.42 7313.17 3725.05 3628.51 3823.37 3582.58 3428.67 3390.03 3368.12 3298.83 3136.23 8222.68 2848.69 4899.5 4006.03 2737.22 2709.33 2602.14 2890.31 2540.61 2492.07 2458.17 4662.12 2417.52
threshold=10.500000000000002 238.25000000000003 224.50000000000003 24.500000000000004 6.5000000000000009 20.000000000000004 145.55000305175784 179.15000152587893 8.0000000000000018 20.000000000000004 10.500000000000002 5.5000000000000009 76.500000000000014 20.000000000000004 16.500000000000004 43.500000000000007 29.500000000000004 6.5000000000000009 20.000000000000004 5.5000000000000009 6.5000000000000009 228.50000000000003 172.50000000000003 157.50000000000003 16.500000000000004 16.500000000000004 6.5000000000000009 167.05000305175784 104.50000000000001 210.50000000000003
decision_type=2 10 2 2 2 2 10 10 2 2 2 2 2 2 2 2 2 2 2 2 2 2 2 2 2 2 2 10 2 2
left_child=8 3 -3 4 9 22 12 -8 13 -2 -11 -10 14 -1 -7 -5 18 -18 21 -20 -21 29 23 24 -6 -24 -26 28 -15 -13
right_child=1 2 -4 15 5 6 7 -9 11 10 -12 16 -14 27 -16 -17 17 -19 19 20 -22 -23 25 -25 26 -27 -28 -29 -30 -31
leaf_value=-0.017518646636201781 -0.0096172759015138009 0.14172364516106975 -0.0073790033361512877 -0.030027213213508708 0.010099158299653783 0.019017342686057651 0.18708918232107341 0.034367017434107298 -0.012036160102289079 -0.0047402963465516552 0.099013425482646744 0.00072969702118283204 -0.020442636683146779 0.00065564932035483989 0.10928929157443877 0.042021701426194664 0.13801356314068078 0.0075381043009608347 0.10895783809481438 0.070147740785050719 -0.027092018223626918 -0.04858996602650343 -0.032884964300200999 0.081895622228224177 0.097813202437567734 0.0392522795688484 0.023616968540245468 -0.041132667766125695 0.081485217677397692 0.061588241174073355
leaf_weight=6535 2146 171 171 1084 2128 298 162 164 2444 191 177 2417 270 637 168 194 179 418 179 177 289 273 485 178 197 171 293 179 261 182
leaf_count=6535 2146 171 171 1084 2128 298 162 164 2444 191 177 2417 270 637 168 194 179 418 179 177 289 273 485 178 197 171 293 179 261 182
internal_value=0.00106466 0.0118117 0.0671035 0.00953226 0.0147371 0.0238402 0.0513182 0.110332 -0.00549266 -0.00159853 0.045099 0.00339795 0.0251471 -0.0131553 0.0516122 -0.0190718 0.0125726 0.0466983 0.00677317 0.0373489 0.00979189 -8.53934e-05 0.0153798 0.0222918 0.0182303 -0.014045 0.0534949 0.0132986 0.0241746 0.00500049
internal_weight=22818 8648 342 8306 7028 4514 1062 326 14170 2514 368 6558 736 7612 466 1278 4114 597 3517 645 466 2872 3452 2796 2618 656 490 1077 898 2599
internal_count=22818 8648 342 8306 7028 4514 1062 326 14170 2514 368 6558 736 7612 466 1278 4114 597 3517 645 466 2872 3452 2796 2618 656 490 1077 898 2599
is_linear=0
shrinkage=0.0161


Tree=171
num_leaves=31
num_cat=0
split_feature=291 522 409 216 340 555 567 64 540 483 169 27 572 425 546 57 344 140 221 120 306 224 412 306 273 579 44 227 25 504
split_gain=5482.53 4431.63 4500.48 3803.33 4480.72 3761.8 7215.76 3276.16 3573.99 3043.65 3737.23 5206.84 5518.34 2961.53 6601.24 2911.67 2510.24 2502.09 2485.35 2443.62 2426.35 2395.98 2460.56 2464.77 2337.78 2157.78 2124.48 2012.24 1969.57 2346.21
threshold=3.5000000000000004 299.50000000000006 10.500000000000002 3.5000000000000004 61.500000000000007 221.94999694824222 198.94999694824222 73.500000000000014 244.44999694824222 181.50000000000003 24.500000000000004 10.500000000000002 185.15000152587893 29.500000000000004 101.04999923706056 5.5000000000000009 24.500000000000004 6.5000000000000009 61.500000000000007 13.500000000000002 13.500000000000002 16.500000000000004 20.000000000000004 13.500000000000002 43.500000000000007 97.049999237060561 24.500000000000004 10.500000000000002 4.5000000000000009 261.50000000000006
decision_type=2 2 2 2 2 10 10 2 10 2 2 2 8 2 10 2 2 2 2 2 2 2 2 2 2 10 2 2 2 2
left_child=16 2 7 25 5 9 -7 8 18 10 13 15 19 21 -15 -12 -1 -18 24 -13 -3 -5 23 -23 28 -4 -11 -17 -2 -30
right_child=1 20 3 4 -6 6 -8 -9 -10 26 11 12 -14 14 -16 27 17 -19 -20 -21 -22 22 -24 -25 -26 -27 -28 -29 29 -31
leaf_value=-0.02028567612272042 -0.016515281286573428 -0.076619951929479888 0.0064381141502998472 -0.0036326604710675654 0.098800205201619321 0.1378561563893555 -0.0086065769965857734 0.06337775838275618 0.060010986574996414 -0.02448778157740112 -0.038638677940891319 0.076639700301714173 0.15234692718031487 -0.0043808258851634283 0.12735140095717032 -0.0010931961619861656 0.068849974728468571 -0.010725695030492834 0.054253559020497215 0.0025032504720143437 0.00039363411351919173 0.034711936766547082 0.080955071878572982 -0.039530951961726513 -0.045755734311365558 -0.037700128699823275 0.036824190316968049 0.067437850651947406 -0.0017337702725675091 0.051481454917235832
leaf_weight=4153 2581 274 669 2272 178 183 166 193 224 764 214 280 173 234 170 218 169 259 180 197 172 394 183 164 371 502 181 225 6582 222
leaf_count=4153 2581 274 669 2272 178 183 166 193 224 764 214 280 173 234 170 218 169 259 180 197 172 394 183 164 371 502 181 225 6582 222
internal_value=-0.000716009 0.00325213 0.00451492 0.014134 0.0191645 0.0168051 0.0681245 -0.00232754 -0.003578 0.0136416 0.0189199 0.0420798 0.0743928 0.0100544 0.0509928 0.0100753 -0.0164568 0.0206405 -0.00501394 0.0460708 -0.0468669 0.00455734 0.0297007 0.0128493 -0.00610985 -0.0124636 -0.0127195 0.0336606 -0.00454009 0
internal_weight=22747 18166 17720 7367 6196 6018 349 10353 10160 5669 4724 1307 650 3417 404 657 4581 428 9936 477 446 3013 741 558 9756 1171 945 443 9385 6804
internal_count=22747 18166 17720 7367 6196 6018 349 10353 10160 5669 4724 1307 650 3417 404 657 4581 428 9936 477 446 3013 741 558 9756 1171 945 443 9385 6804
is_linear=0
shrinkage=0.0161


Tree=172
num_leaves=31
num_cat=0
split_feature=408 2 123 392 219 407 59 23 284 182 586 522 305 25 225 419 110 574 74 538 520 590 204 36 290 357 496 537 145 283
split_gain=5048.41 5534.4 3743.93 3342.08 4549.42 3723.6 3734.18 4991.99 3266.53 3983.69 3499 4775.52 3047.1 3229.09 3014.15 2426.89 3095.7 3381.43 2877.51 2643.81 2757.5 2504.66 2290.21 2218.03 3134.96 2088.08 1875.55 1837.17 2222.9 1819.81
threshold=10.500000000000002 87.000000000000014 61.500000000000007 8.0000000000000018 43.500000000000007 35.500000000000007 20.000000000000004 16.500000000000004 20.000000000000004 24.500000000000004 171.05000305175784 230.50000000000003 61.500000000000007 4.5000000000000009 20.000000000000004 20.000000000000004 24.500000000000004 193.75000000000003 52.000000000000007 117.50000000000001 101.50000000000001 210.94999694824222 20.000000000000004 5.5000000000000009 6.5000000000000009 8.0000000000000018 269.50000000000006 93.500000000000014 8.0000000000000018 6.5000000000000009
decision_type=2 2 2 2 2 2 2 2 2 2 10 2 2 2 2 2 2 10 2 2 2 10 2 2 2 2 2 2 2 2
left_child=1 12 3 -2 5 8 7 -7 9 10 14 -12 13 27 22 18 17 19 21 20 -17 26 23 24 -5 -21 -15 28 29 -1
right_child=2 -3 -4 4 -6 6 -8 -9 -10 -11 11 -13 -14 15 -16 16 -18 -19 -20 25 -22 -23 -24 -25 -26 -27 -28 -29 -30 -31
leaf_value=-0.027920549864784237 -0.0026267683786986465 0.087742570082423685 0.069358284909885312 -0.022961990507758098 0.093516811354007204 -0.021613497912900938 0.10894866106447748 0.088276308767315653 -0.024178238862759834 -0.033828417760701772 0.1024094773963693 -0.0068070831495797629 0.046670530274999622 -0.0079020696484116103 0.064715072479255689 0.00048390055866596771 0.074261730662329856 0.075681177721160342 0.041567216845165324 0.0043655254880331845 0.073888912079452182 -0.047822937542896411 0.048217495728216909 -0.016725207447272048 0.068027650818793542 -0.068177698451284879 0.047823048957257176 -0.036357136892686014 0.033845892424230542 1.9386018381556734e-05
leaf_weight=1598 4133 161 263 173 196 258 193 183 681 369 290 161 267 7068 256 780 197 163 305 185 160 405 268 948 226 230 160 1267 240 969
leaf_count=1598 4133 161 263 173 196 258 193 183 681 369 290 161 267 7068 256 780 197 163 305 185 160 405 268 948 226 230 160 1267 240 969
internal_value=-0.000191289 -0.00610285 0.00953825 0.00764788 0.0177594 0.014047 0.0498507 0.0239337 0.00730823 0.0152851 0.0231001 0.0633687 -0.00718421 -0.00823344 0.0133809 -0.00315764 0.0142056 0.00639626 -0.00691193 -0.00192101 0.0130034 -0.00885215 0.00522915 -0.00330636 0.028517 -0.0357824 -0.00666527 -0.0202543 -0.0129776 -0.0173645
internal_weight=22753 14155 8598 8335 4202 4006 634 441 3372 2691 2322 451 13994 13727 1871 9653 1715 1518 7938 1355 940 7633 1615 1347 399 415 7228 4074 2807 2567
internal_count=22753 14155 8598 8335 4202 4006 634 441 3372 2691 2322 451 13994 13727 1871 9653 1715 1518 7938 1355 940 7633 1615 1347 399 415 7228 4074 2807 2567
is_linear=0
shrinkage=0.0161


Tree=173
num_leaves=31
num_cat=0
split_feature=224 107 425 252 580 483 51 261 460 443 121 414 521 380 214 530 279 437 469 237 481 495 337 574 361 481 481 355 552 592
split_gain=6228.47 6076.68 7313.64 4312.16 3727.03 4451.18 3834.46 4166.66 5839.67 3227.82 3838.65 4615.51 3319.67 2791.81 2727.99 3908.66 2562.97 2519.28 2491.49 2491.41 2729.26 3364.63 6552.73 4771.45 2443.75 2403.72 3958.96 2561.36 2441.97 2212.5
threshold=13.500000000000002 29.500000000000004 24.500000000000004 5.5000000000000009 201.75000000000003 230.50000000000003 29.500000000000004 5.5000000000000009 10.500000000000002 5.5000000000000009 16.500000000000004 10.500000000000002 227.50000000000003 8.0000000000000018 24.500000000000004 122.50000000000001 13.500000000000002 24.500000000000004 13.500000000000002 4.5000000000000009 176.50000000000003 77.500000000000014 4.5000000000000009 131.05000305175784 52.000000000000007 170.50000000000003 147.50000000000003 35.500000000000007 181.25000000000003 226.84999847412112
decision_type=2 2 2 2 10 2 2 2 2 2 2 2 2 2 2 2 2 2 2 2 2 2 2 8 2 2 2 2 8 10
left_child=9 4 3 -3 5 6 17 -8 -9 -1 11 29 25 -5 24 -16 -6 19 -15 -2 21 -21 -23 -24 -12 26 27 28 -13 -11
right_child=1 2 -4 13 16 -7 7 8 -10 10 14 12 -14 18 15 -17 -18 -19 -20 20 -22 22 23 -25 -26 -27 -28 -29 -30 -31
leaf_value=-0.014159083112240883 -0.014749320780830447 0.091343586178557673 0.15099288492370547 -0.049059087969241549 5.1970147951232636e-06 0.072987239183463601 -0.015015604701015617 0.0096871866296505925 0.1418036786773979 -0.0012855220261965203 -0.030788960185835716 0.0014996743094287796 0.076234660789724365 -0.013887727806828341 -0.028547842940961358 0.081590966210023694 -0.066719629947165821 -0.023611516075815991 0.072788477812659361 0.0070228951857576796 -0.031450047728591966 0.13440070903543413 0.087077148728547618 -0.0088800868875471891 0.029169810312462255 -0.016160691590826348 0.10006963435722879 0.074959459388114894 0.045738058570352784 -0.058724493254403792
leaf_weight=6131 811 217 162 164 329 295 175 161 189 5110 1793 1401 266 163 172 162 272 760 181 1110 251 185 206 385 195 477 163 183 421 180
leaf_count=6131 811 217 162 164 329 295 175 161 189 5110 1793 1401 266 163 172 162 272 760 181 1110 251 185 206 385 195 477 163 183 421 180
internal_value=0.000198003 0.0142399 0.0531541 0.0312598 0.0075056 0.0125093 0.00828903 0.0490149 0.0810973 -0.00487302 0.000535075 0.00571145 0.0219945 0.00554774 -0.0177371 0.0248023 -0.0301539 0.00251648 0.0316496 0.00926031 0.0183831 0.0250276 0.0507515 0.0245271 -0.0248959 0.0165309 0.0237345 0.0175169 0.0117345 -0.00324442
internal_weight=22670 6016 887 725 5129 4528 4233 525 350 16654 10523 8201 2911 508 2322 334 601 3708 344 2948 2137 1886 776 591 1988 2645 2168 2005 1822 5290
internal_count=22670 6016 887 725 5129 4528 4233 525 350 16654 10523 8201 2911 508 2322 334 601 3708 344 2948 2137 1886 776 591 1988 2645 2168 2005 1822 5290
is_linear=0
shrinkage=0.0161


Tree=174
num_leaves=31
num_cat=0
split_feature=169 347 598 496 506 511 300 503 267 523 547 194 537 349 232 591 541 388 299 17 431 534 398 89 122 76 363 470 315 393
split_gain=5734.96 3753.95 8675.6 3147.03 3000.23 7884.17 11996.8 5215.21 3462.64 2862.24 3728.95 6623.56 5309.38 3254.81 2880.97 5837.3 5229.9 4871.68 3272.69 2814.77 3346.94 3518.74 2647.97 2430.49 2902.35 2306.3 2238.7 2031.16 2462.05 1978.49
threshold=8.0000000000000018 52.000000000000007 153.34999847412112 88.500000000000014 200.50000000000003 207.50000000000003 13.500000000000002 217.50000000000003 6.5000000000000009 217.50000000000003 193.75000000000003 10.500000000000002 191.50000000000003 8.0000000000000018 6.5000000000000009 104.35000228881837 98.750000000000014 8.0000000000000018 24.500000000000004 20.000000000000004 10.500000000000002 48.500000000000007 8.0000000000000018 13.500000000000002 8.0000000000000018 10.500000000000002 61.500000000000007 16.500000000000004 29.500000000000004 13.500000000000002
decision_type=2 2 10 2 2 2 2 2 2 2 10 2 2 2 2 10 10 2 2 2 2 2 2 2 2 2 2 2 2 2
left_child=4 9 3 -3 26 6 8 -7 -6 10 14 22 -13 -11 -2 16 19 -18 -17 20 -16 25 -12 24 -15 -22 27 -1 -29 -9
right_child=1 2 -4 -5 5 7 -8 29 -10 13 11 12 -14 23 15 18 17 -19 -20 -21 21 -23 -24 -25 -26 -27 -28 28 -30 -31
leaf_value=-0.014044668745711966 -0.0045021827894767873 0.04435164568290028 0.1401067815331796 -0.048863514415991141 0.065622679232644504 0.032729788089435101 0.16365053574441452 -0.023995226334835668 -0.032329408658508876 0.031561726049799683 0.043405552955116625 0.16144378491877359 0.032261118416862175 -0.047898806867655581 0.012445243137498087 -0.019421842353759933 0.02412556810857661 0.14337080883596864 0.044781994617305615 -0.013245086379516104 0.060226909902986236 0.10776816946900106 -0.045758825240598898 -0.066350022393359312 0.030521596761529657 -0.016734990920537252 0.041393208640780457 -0.0020757188611502386 0.05807605776822939 -0.090898612989620237
leaf_weight=9455 3349 227 184 160 160 318 194 281 225 262 165 167 164 256 1001 1282 167 191 245 475 266 244 181 343 234 162 216 1842 195 195
leaf_count=9455 3349 227 184 160 160 318 194 281 225 262 165 167 164 256 1001 1282 167 191 245 475 266 244 181 343 234 162 216 1842 195 195
internal_value=-0.000331679 0.00903083 0.0490881 0.00575226 -0.00729398 0.0152151 0.0604037 -0.0177076 0.00831682 0.0065296 0.00984997 0.0460193 0.097509 -0.0178862 0.00652971 0.0156964 0.0308184 0.087811 -0.00910522 0.0213087 0.0311333 0.0589356 -0.00317022 -0.0334671 -0.010401 0.0310415 -0.00993564 -0.0109025 0.003671 -0.0514526
internal_weight=22806 9725 571 387 13081 1373 579 794 385 9154 8059 677 331 1095 7382 4033 2506 358 1527 2148 1673 672 346 833 490 428 11708 11492 2037 476
internal_count=22806 9725 571 387 13081 1373 579 794 385 9154 8059 677 331 1095 7382 4033 2506 358 1527 2148 1673 672 346 833 490 428 11708 11492 2037 476
is_linear=0
shrinkage=0.0161


Tree=175
num_leaves=31
num_cat=0
split_feature=224 51 201 378 206 524 530 493 390 9 187 549 517 267 431 197 511 54 509 431 121 474 367 529 565 61 507 429 522 97
split_gain=4480.34 5601.58 6495.21 7218.33 3683.16 3644.22 3304.04 3229.61 4103.06 4208.3 4307.2 8011.35 4699.42 3108.45 6015.03 3059.22 4768.7 4964.38 7449.43 2937.76 2848.84 4309.5 3518.75 3138.34 2795.36 2650.89 2458.78 3275.97 4430.35 2454.84
threshold=13.500000000000002 29.500000000000004 10.500000000000002 16.500000000000004 3.5000000000000004 310.50000000000006 112.50000000000001 56.500000000000007 2.5000000000000004 29.500000000000004 24.500000000000004 182.25000000000003 107.50000000000001 29.500000000000004 8.0000000000000018 13.500000000000002 217.50000000000003 16.500000000000004 127.50000000000001 2.5000000000000004 16.500000000000004 20.000000000000004 10.500000000000002 188.50000000000003 183.15000152587893 5.5000000000000009 150.50000000000003 6.5000000000000009 95.500000000000014 24.500000000000004
decision_type=2 2 2 2 2 2 2 2 2 2 2 10 2 2 2 2 2 2 2 2 2 2 2 2 10 2 2 2 2 2
left_child=4 13 6 -4 -1 7 -3 -6 -9 10 15 12 -12 29 -15 19 17 25 -19 -10 21 23 -23 24 26 -17 27 -21 -29 -2
right_child=1 2 3 -5 5 -7 -8 8 9 -11 11 -13 -14 14 -16 16 -18 18 -20 20 -22 22 -24 -25 -26 -27 -28 28 -30 -31
leaf_value=-0.01722804308469883 0.0076611896360942837 0.049667802406384423 0.16364382775895414 0.024941515679773412 -0.0072280654255824379 -0.063655760704310865 -0.039376188056053286 -0.033080212829442665 -0.039858430581164013 -0.022505212390238529 0.078217944054749092 0.15298294640552965 -0.01976011138012616 -0.014315247288727066 0.09171936813604703 0.067702240514660394 -0.03343295738832977 0.031304567910238904 0.17775095791612439 -0.0072872579626554312 -0.01675859165329277 0.026859312697186662 0.11406572220703391 -0.031362267981853043 0.076827833291918224 0.0030635550086946348 -0.033219553364514029 0.0043317099593589894 0.089467307457472459 -0.02340222908106886
leaf_weight=3827 3817 236 210 182 5683 224 199 554 347 784 229 165 284 258 299 239 233 207 160 597 829 325 191 433 182 530 278 331 305 797
leaf_count=3827 3817 236 210 182 5683 224 199 554 347 784 229 165 284 258 299 239 233 207 160 597 829 325 191 433 182 530 278 331 305 797
internal_value=0.000901755 0.0128602 0.0517701 0.0993064 -0.00333179 0.000722936 0.00887863 0.00184387 0.00900469 0.0125148 0.0172001 0.055372 0.0239308 0.00663284 0.0425623 0.012206 0.0328575 0.0464748 0.0952145 0.00479496 0.00926579 0.0174406 0.0591848 0.00729777 0.0171993 0.0231834 0.0100015 0.0197655 0.0451963 0.00229034
internal_weight=22935 5998 827 392 16937 13110 435 12886 7203 6649 5865 678 513 5171 557 5187 1369 1136 367 3818 3471 2642 516 2126 1693 769 1511 1233 636 4614
internal_count=22935 5998 827 392 16937 13110 435 12886 7203 6649 5865 678 513 5171 557 5187 1369 1136 367 3818 3471 2642 516 2126 1693 769 1511 1233 636 4614
is_linear=0
shrinkage=0.0161


Tree=176
num_leaves=31
num_cat=0
split_feature=163 216 409 490 298 497 522 497 264 501 24 437 222 502 548 107 520 222 151 159 490 572 283 533 481 272 546 543 582 524
split_gain=4518.66 3844.48 4529.69 4796.61 3832.39 4799.93 3696.45 4643.21 9558.49 4081.24 4087.71 4852.52 4383.27 3260.47 2978.5 2806.24 3656.9 2712.27 4207.35 3124.31 3115.29 2634.83 2522.12 6213.36 6662.42 2403.62 3038.69 4171.32 2371.87 2639.59
threshold=3.5000000000000004 3.5000000000000004 10.500000000000002 305.50000000000006 35.500000000000007 137.50000000000003 227.50000000000003 221.50000000000003 10.500000000000002 154.50000000000003 20.000000000000004 24.500000000000004 20.000000000000004 76.500000000000014 75.149997711181655 8.0000000000000018 135.50000000000003 29.500000000000004 4.5000000000000009 5.5000000000000009 275.50000000000006 197.65000152587893 10.500000000000002 117.50000000000001 164.50000000000003 4.5000000000000009 147.15000152587893 123.45000076293947 107.54999923706056 76.500000000000014
decision_type=2 2 2 2 2 2 2 2 2 2 2 2 2 2 10 2 2 2 2 2 2 8 2 2 2 2 10 10 10 2
left_child=-1 -2 4 6 17 -6 7 9 -9 10 25 12 13 14 -12 -11 -17 20 -19 -20 21 -3 23 -23 -25 -4 27 28 29 -27
right_child=1 2 3 -5 5 -7 -8 8 -10 15 11 -13 -14 -15 -16 16 -18 18 19 -21 -22 22 -24 24 -26 26 -28 -29 -30 -31
leaf_value=-0.01405930709704512 -0.012192575746996394 -0.01031197427404206 -0.011453743588221422 0.10354534952751077 0.0058392441279865957 0.10268890051719032 -0.021759413898497015 0.16551131899612762 -0.0061543881271871577 -0.051502257211498516 -0.021696334925674861 -0.016125406156705487 0.14173647371503548 0.096895497104338771 0.059594130824211167 -0.049000513222924855 0.041634245089203513 0.094698197866207173 0.061858436463276503 -0.021303526473189713 -0.061407502088682266 -0.0047595485158116301 -0.0093338250669200967 0.15196406742489474 0.023138564699097183 0.017797642006248497 -0.024713781354637438 0.087136291364932048 -0.025662652419493948 0.07984177340015812
leaf_weight=4873 3328 5163 796 164 388 202 625 164 172 349 206 236 162 243 269 183 312 176 169 381 258 599 796 175 258 1113 318 274 257 212
leaf_count=4873 3328 5163 796 164 388 202 625 164 172 349 206 236 162 243 269 183 312 176 169 381 258 599 796 175 258 1113 318 274 257 212
internal_value=-0.000309297 0.00342261 0.00697876 0.0176373 -0.000553522 0.0390378 0.0152417 0.0196377 0.0775648 0.0156849 0.022345 0.0486225 0.0660134 0.0488955 0.0242902 -0.0165302 0.0080793 -0.00348549 0.0261767 0.00420708 -0.00645946 -0.00442826 0.0121768 0.0287912 0.0752587 0.0124632 0.021231 0.0291157 0.0190518 0.0277425
internal_weight=22821 17948 14620 6055 8565 590 5891 5266 336 4930 4086 1116 880 718 475 844 495 7975 726 550 7249 6991 1828 1032 433 2970 2174 1856 1582 1325
internal_count=22821 17948 14620 6055 8565 590 5891 5266 336 4930 4086 1116 880 718 475 844 495 7975 726 550 7249 6991 1828 1032 433 2970 2174 1856 1582 1325
is_linear=0
shrinkage=0.0161


Tree=177
num_leaves=31
num_cat=0
split_feature=25 560 358 540 47 224 294 538 53 283 147 147 175 545 540 529 501 595 133 83 536 347 43 526 317 565 484 566 39 204
split_gain=4748.34 5128.93 3454.48 6374.34 4105.06 4660.47 5849.27 11157.4 3585.24 2865.95 3044.89 2753.75 2470.27 3084.06 2414.39 3747.46 3635.11 2773.04 3176.41 3662.32 2764.45 2774.5 4781.94 5549.43 2712.17 2226.3 2437.22 2167.26 2051.4 2133.27
threshold=3.5000000000000004 264.34999084472662 52.000000000000007 117.85000228881837 29.500000000000004 13.500000000000002 16.500000000000004 118.50000000000001 87.000000000000014 73.500000000000014 52.000000000000007 2.5000000000000004 16.500000000000004 117.85000228881837 247.34999847412112 221.50000000000003 259.50000000000006 133.05000305175784 10.500000000000002 4.5000000000000009 15.500000000000002 5.5000000000000009 16.500000000000004 72.500000000000014 20.000000000000004 189.94999694824222 211.50000000000003 226.84999847412112 29.500000000000004 20.000000000000004
decision_type=2 10 2 10 2 2 2 2 2 2 2 2 2 10 10 2 2 10 2 2 2 2 2 2 2 10 2 10 2 2
left_child=25 2 4 -4 8 12 7 -7 9 10 11 -2 -6 -14 15 16 17 20 -19 -20 -13 22 24 -24 -22 26 -1 -17 29 -23
right_child=1 -3 3 -5 5 6 -8 -9 -10 -11 -12 14 13 -15 -16 27 -18 18 19 -21 21 28 23 -25 -26 -27 -28 -29 -30 -31
leaf_value=-0.01434675759797574 -0.01914418562834784 0.074657877014393817 -0.0086772902441351 0.093804796051912817 -0.0091688552454862148 0.026999254714461133 -0.010411543696457189 0.18718546506260128 -0.068416843059490529 0.057815531516539981 -0.039612132246014238 -0.0067213168033680498 -0.0039906106406947988 0.091878582233760955 0.051620149319749828 -0.040216724235049447 0.074571838306135577 -0.026290074052053213 0.068643920904666131 -0.0054012023408779369 0.0070876616572093975 -0.0072438448954814235 0.025799421306996351 0.12304564942243086 0.062088910388295525 -0.056886454635153474 0.042865077853409546 0.023771155317205458 0.037100530800702004 0.025719945077500458
leaf_weight=3854 1663 263 330 300 892 292 226 184 202 218 511 2575 183 165 258 780 188 1533 219 825 1956 2578 393 249 264 301 203 166 420 634
leaf_count=3854 1663 263 330 300 892 292 226 184 202 218 511 2575 183 165 258 780 188 1533 219 825 1956 2578 393 249 264 301 203 166 420 634
internal_value=0.000495217 0.00406349 0.00304229 0.0400863 0.00171298 0.0237901 0.0569415 0.0889694 -0.00102821 -0.00014447 -0.00097663 0.000364721 0.00500322 0.041397 0.00285489 0.00186859 0.00433527 0.00319943 -0.011535 0.0101087 0.00738888 0.0129875 0.0248438 0.0635531 0.013639 -0.0146199 -0.0114782 -0.0289635 0.00363823 -0.000729966
internal_weight=22825 18467 18204 630 17574 1942 702 476 15632 15430 15212 14701 1240 348 13038 12780 11834 11646 2577 1044 9069 6494 2862 642 2220 4358 4057 946 3632 3212
internal_count=22825 18467 18204 630 17574 1942 702 476 15632 15430 15212 14701 1240 348 13038 12780 11834 11646 2577 1044 9069 6494 2862 642 2220 4358 4057 946 3632 3212
is_linear=0
shrinkage=0.0161


Tree=178
num_leaves=31
num_cat=0
split_feature=262 531 537 571 528 518 215 540 46 55 66 382 46 539 23 489 518 342 322 507 549 110 484 291 471 585 222 226 10 4
split_gain=5998.46 3665.73 5881.76 5717.66 3663.3 7120.6 3299.26 5047.26 4930.39 9205.01 3479.9 3270.9 2970.04 5000.3 9105.21 3001.99 2830.74 3003.81 2828.9 3012.48 2949.38 3513.93 4619.79 2567.83 5166.21 2350.65 2218.75 2172.31 2177.92 2155.71
threshold=6.5000000000000009 171.50000000000003 207.50000000000003 197.65000152587893 218.50000000000003 141.50000000000003 13.500000000000002 235.84999847412112 4.5000000000000009 16.500000000000004 73.500000000000014 6.5000000000000009 24.500000000000004 101.50000000000001 13.500000000000002 265.50000000000006 138.50000000000003 6.5000000000000009 13.500000000000002 140.50000000000003 102.64999771118165 16.500000000000004 150.50000000000003 43.500000000000007 43.500000000000007 187.55000305175784 52.000000000000007 16.500000000000004 13.500000000000002 10.500000000000002
decision_type=2 2 2 10 2 2 2 10 2 2 2 2 2 2 2 2 2 2 2 2 10 2 2 2 2 10 2 2 2 2
left_child=1 25 3 4 5 -3 10 8 9 16 12 -4 15 -14 -15 23 17 -8 19 27 -20 29 -23 24 -2 26 -1 28 -10 -22
right_child=6 2 11 -5 -6 -7 7 -9 18 -11 -12 -13 13 14 -16 -17 -18 -19 20 -21 21 22 -24 -25 -26 -27 -28 -29 -30 -31
leaf_value=-0.010666302883287977 -0.00016302712691467869 -0.014905982004053081 -0.04849376099049299 0.12659033572582781 -0.023569813099244715 0.11358142338160855 -0.0068063936557149884 0.094934674651936293 0.02039707444511411 0.1424613031483056 0.07776060969234122 0.032359704212880931 -0.0047139636693589067 0.11775908202956796 -0.0047948677039348353 -0.049239524622750705 -0.038988862607969549 0.089428039619238564 -0.0012723598696674034 -0.045889287165201596 0.049714711422292938 0.14295662731388728 0.022259946374792696 -0.046591297522387963 0.079287526622747337 -0.061264274177451339 0.04803202572538276 0.048583573383275222 -0.043335410618023082 -0.020640533878978174
leaf_weight=8832 5925 217 407 170 274 230 161 232 293 217 162 190 720 319 309 331 160 175 722 418 226 168 162 287 220 234 170 235 264 225
leaf_count=8832 5925 217 407 170 274 230 161 232 293 217 162 190 720 319 309 331 160 175 722 418 226 168 162 287 220 234 170 235 264 225
internal_value=0.00164891 -0.00708807 0.016357 0.0425677 0.0227239 0.0511535 0.00950399 0.0222376 0.0173079 0.054988 0.00387084 -0.0227221 0.00239214 0.0242154 0.0574204 -0.00195419 0.0166709 0.0432457 0.00739653 -0.0109134 0.0221528 0.0438384 0.0837769 0.00047552 0.00267759 -0.0108678 -0.00955519 0.00751633 -0.00976781 0.0145629
internal_weight=22655 10724 1488 891 721 447 11931 3658 3426 713 8273 597 8111 1348 628 6763 496 336 2713 1210 1503 781 330 6432 6145 9236 9002 792 557 451
internal_count=22655 10724 1488 891 721 447 11931 3658 3426 713 8273 597 8111 1348 628 6763 496 336 2713 1210 1503 781 330 6432 6145 9236 9002 792 557 451
is_linear=0
shrinkage=0.0161


Tree=179
num_leaves=31
num_cat=0
split_feature=479 267 192 555 408 475 539 492 406 60 337 111 110 421 325 293 507 494 236 136 435 528 383 330 585 372 593 595 486 83
split_gain=4646.2 3436.37 4520.75 6618.57 3176.41 3123.66 3069.41 4511.83 3056.46 2763.15 2744.87 2895.67 5857.87 3255.26 3753.11 3264.9 2719.54 7336.77 2938.08 2462.95 2642.45 2407.66 2243.71 3212.26 2155.72 2028.84 2014.33 2063.41 2013.36 1956.76
threshold=8.0000000000000018 43.500000000000007 10.500000000000002 116.54999923706056 10.500000000000002 87.000000000000014 288.50000000000006 288.50000000000006 52.000000000000007 73.500000000000014 29.500000000000004 20.000000000000004 35.500000000000007 10.500000000000002 6.5000000000000009 13.500000000000002 202.50000000000003 136.50000000000003 6.5000000000000009 24.500000000000004 8.0000000000000018 85.500000000000014 35.500000000000007 6.5000000000000009 203.05000305175784 16.500000000000004 173.15000152587893 147.15000152587893 50.500000000000007 16.500000000000004
decision_type=2 2 2 10 2 2 2 2 2 2 2 2 2 2 2 2 2 2 2 2 2 2 2 2 10 2 10 10 2 2
left_child=4 5 3 -3 22 6 7 9 19 10 11 16 13 14 -13 -16 24 -18 -19 20 -6 25 -1 -24 26 -12 27 -2 -15 -22
right_child=1 2 -4 -5 8 -7 -8 -9 -10 -11 21 12 -14 28 15 -17 17 18 -20 -21 29 -23 23 -25 -26 -27 -28 -29 -30 -31
leaf_value=-0.015010825455662003 0.0006059866631995661 0.013666439617110409 -0.00651280529983437 0.15387011740936846 -0.0064269465740782296 0.071689399259108944 -0.042946779478349649 0.073020125923737897 0.061199209112495968 0.066208129073823258 0.030795824707978158 -0.016995312116089994 0.087330017171663554 0.025901716503244496 0.023905255983272006 0.1072243570616155 0.12566975742987527 0.051063920473439973 -0.033357651722900471 -0.030884615749788378 0.0097964550056389398 -0.047958816431179649 0.067697700481465617 -0.02228395004857878 -0.047430762484995143 -0.039096926072385185 0.040298241896619957 -0.036092994809929398 -0.038127306512396986 0.049592502461998929
leaf_weight=7271 5040 178 254 172 1879 182 343 254 233 183 277 264 316 185 301 206 164 176 272 536 1026 486 210 201 260 176 304 431 406 467
leaf_count=7271 5040 178 254 172 1879 182 343 254 233 183 277 264 316 185 301 206 164 176 272 536 1026 486 210 201 260 176 304 431 406 467
internal_value=0.000165058 0.00778443 0.045106 0.0826338 -0.00681239 0.00557773 0.00437742 0.0060531 0.0045496 0.00425008 0.00302362 0.00596913 0.0248682 0.0103591 0.032162 0.0578052 0.00119461 0.0335356 -0.000139497 0.00116605 0.00626768 -0.0230656 -0.0129402 0.0236348 -0.00208114 0.00358907 -3.5354e-05 -0.00228082 -0.0180446 0.0222601
internal_weight=22653 10830 604 350 11823 10226 10044 9701 4141 9447 9264 8325 1678 1362 771 507 6647 612 448 3908 3372 939 7682 411 6035 453 5775 5471 591 1493
internal_count=22653 10830 604 350 11823 10226 10044 9701 4141 9447 9264 8325 1678 1362 771 507 6647 612 448 3908 3372 939 7682 411 6035 453 5775 5471 591 1493
is_linear=0
shrinkage=0.0161


Tree=180
num_leaves=31
num_cat=0
split_feature=111 207 476 207 106 599 590 524 216 161 379 326 81 131 94 469 431 529 194 170 39 80 25 291 496 555 152 471 587 232
split_gain=4093.07 3502.1 3261.46 7071.81 3870.56 4040.65 8334.55 3058.48 2830.44 3151.08 4902.64 7294.66 4062.78 2868.92 2718.2 3216.12 2966.29 2666.15 2550.51 6914.13 2743.39 3642.62 2671.93 3136.2 3580.22 5808.96 4009.08 2793.23 2352.35 2299.23
threshold=4.5000000000000009 2.5000000000000004 24.500000000000004 3.5000000000000004 13.500000000000002 171.05000305175784 210.94999694824222 320.50000000000006 3.5000000000000004 29.500000000000004 10.500000000000002 16.500000000000004 8.0000000000000018 35.500000000000007 6.5000000000000009 10.500000000000002 10.500000000000002 125.50000000000001 16.500000000000004 35.500000000000007 5.5000000000000009 13.500000000000002 29.500000000000004 43.500000000000007 191.50000000000003 192.55000305175784 13.500000000000002 10.500000000000002 185.15000152587893 5.5000000000000009
decision_type=2 2 2 2 2 8 8 2 2 2 2 2 2 2 2 2 2 2 2 2 2 2 2 2 2 8 2 2 10 2
left_child=-1 -2 7 -4 14 -6 -7 8 -3 13 11 12 -11 18 16 -16 -5 -17 22 20 21 -20 23 24 29 -26 27 -27 -22 -10
right_child=1 2 3 4 5 6 -8 -9 9 10 -12 -13 -14 -15 15 17 -18 -19 19 -21 28 -23 -24 -25 25 26 -28 -29 -30 -31
leaf_value=-0.010984772581707696 -0.018746224698847368 -0.012231826889035792 0.12396912069560226 -0.0043634294463234732 0.010343058516492667 0.16129608312790311 0.015718799922783636 -0.058934951967947388 -0.0097040099674312891 -0.020466087369067899 -0.001469989140870075 0.15901735664098471 0.085177550888008755 -0.028143886128741021 -0.050131148043339936 0.04553456151379464 0.080521830772114458 -0.031433827983042756 0.085081485720569783 0.12086870248171824 -0.010858557868036991 -0.0092442409256561515 -0.024737041433448907 -0.041425449080086559 0.11634364659260495 0.0049194811706414175 -0.043419198769962655 0.096354710798465235 0.050876514839038343 0.013075134383111517
leaf_weight=6324 1554 2188 170 251 486 180 236 201 1845 199 507 161 179 633 416 262 185 210 268 175 891 175 797 332 201 186 195 163 195 3040
leaf_count=6324 1554 2188 170 251 486 180 236 201 1845 199 507 161 179 633 416 262 185 210 268 175 891 175 797 332 201 186 195 163 195 3040
internal_value=2.53051e-05 0.00425146 0.00664725 0.0238594 0.0162035 0.0419254 0.0787655 0.0033543 0.00437163 0.00795593 0.0344235 0.0682297 0.0294987 0.00490968 -0.00130233 -0.0174838 0.0316004 0.0112403 0.00738474 0.0249895 0.0140003 0.0477665 0.00294296 0.00664717 0.00948618 0.042366 0.0149891 0.0476916 0.000204796 0.00446693
internal_weight=22805 16481 14927 2396 2226 902 416 12531 12330 10142 1046 539 378 9096 1324 888 436 472 8463 1704 1529 443 6759 5962 5630 745 544 349 1086 4885
internal_count=22805 16481 14927 2396 2226 902 416 12531 12330 10142 1046 539 378 9096 1324 888 436 472 8463 1704 1529 443 6759 5962 5630 745 544 349 1086 4885
is_linear=0
shrinkage=0.0161


Tree=181
num_leaves=31
num_cat=0
split_feature=411 489 6 355 530 562 488 163 83 167 15 373 192 452 597 582 0 346 497 516 155 187 270 144 109 175 28 280 170 99
split_gain=5140.76 3913.5 3693.09 9579.76 3262.53 4955.58 8390.04 4082.18 3811.34 4041.47 3657.45 4175.22 6426.66 3502.05 3095.38 2958.1 3534.95 4308.46 3067.09 7987.96 2757.29 4019 2457.36 2754.61 2449.87 3248.04 2856.06 4347.24 3412.45 2418.88
threshold=4.5000000000000009 341.50000000000006 52.000000000000007 16.500000000000004 251.50000000000003 231.15000152587893 191.50000000000003 13.500000000000002 35.500000000000007 29.500000000000004 6.5000000000000009 10.500000000000002 6.5000000000000009 10.500000000000002 84.250000000000014 152.44999694824222 24.500000000000004 13.500000000000002 184.50000000000003 143.50000000000003 29.500000000000004 8.0000000000000018 43.500000000000007 35.500000000000007 10.500000000000002 5.5000000000000009 5.5000000000000009 13.500000000000002 10.500000000000002 13.500000000000002
decision_type=2 2 2 2 2 10 2 2 2 2 2 2 2 2 10 10 2 2 2 2 2 2 2 2 2 2 2 2 2 2
left_child=20 2 4 14 5 8 -7 13 15 10 -10 12 -12 -6 -4 18 -17 -18 22 -20 -1 -22 23 24 -2 26 -26 28 -28 -25
right_child=1 -3 3 -5 7 6 -8 -9 9 -11 11 -13 -14 -15 -16 16 17 -19 19 -21 21 -23 -24 29 25 -27 27 -29 -30 -31
leaf_value=-0.014718507390032741 -0.0048668405076997805 0.08429082339364051 -0.047843591978846217 0.14432911640795879 -0.036145950470690684 0.14529783987962716 -0.0074295736856128218 -0.073565867739914234 -0.021238191911799837 0.10121548945338596 0.010046797413566658 0.0027882676455800496 0.15041264997090392 0.041346821431808213 0.036132543928004544 -0.025855740730465652 -0.013904486339253615 0.09064565569339697 0.1227514326810583 -0.012743107880070876 -0.02339596305914475 0.06973415886588076 -0.036207990481370599 0.065253002372061664 0.0053534777323771586 0.00021385270859844958 -0.0034591288561426621 0.11598100767010135 0.074872950649535835 -0.0036239458320956562
leaf_weight=5928 5577 161 180 174 345 172 203 314 391 177 168 373 171 269 309 1833 273 163 196 265 229 252 411 343 623 2310 343 202 248 214
leaf_count=5928 5577 161 180 174 345 172 203 314 391 177 168 373 171 269 309 1833 273 163 196 265 229 252 411 343 623 2310 343 202 248 214
internal_value=0.000518601 0.00529574 0.00451148 0.0417291 0.0029266 0.00478162 0.0625586 -0.0263445 0.00326283 0.0297707 0.0182845 0.0400218 0.0809202 -0.0021572 0.00517295 0.000651208 -0.0160486 0.0251279 0.00418414 0.0448131 -0.0117079 0.0253468 0.00235827 0.00396824 0.00188332 0.0119931 0.0311927 0.051463 0.0293714 0.0387481
internal_weight=22817 16408 16247 663 15584 14656 375 928 14281 1280 1103 712 339 614 489 13001 2269 436 10732 461 6409 481 10271 9860 9303 3726 1416 793 591 557
internal_count=22817 16408 16247 663 15584 14656 375 928 14281 1280 1103 712 339 614 489 13001 2269 436 10732 461 6409 481 10271 9860 9303 3726 1416 793 591 557
is_linear=0
shrinkage=0.0161


Tree=182
num_leaves=31
num_cat=0
split_feature=489 494 443 513 113 297 331 503 521 344 102 539 538 291 216 555 266 208 182 305 529 243 580 513 543 294 521 523 405 590
split_gain=5230.36 4885.23 3564.71 3565.82 3551.89 3243.88 3533.22 3345.51 3433.59 3001.16 3202.51 3789.22 6610.82 3678.53 3833.64 2630.18 2622.85 3299.64 2715.84 2840.77 4736.14 3483.41 2603.8 2336.63 2151.13 3547.49 3036.12 3795.6 4911.01 3191.07
threshold=341.50000000000006 337.50000000000006 4.5000000000000009 268.50000000000006 73.500000000000014 3.5000000000000004 35.500000000000007 317.50000000000006 265.50000000000006 16.500000000000004 52.000000000000007 148.50000000000003 130.50000000000003 10.500000000000002 13.500000000000002 117.85000228881837 35.500000000000007 13.500000000000002 16.500000000000004 29.500000000000004 144.50000000000003 8.0000000000000018 91.649997711181655 207.50000000000003 195.05000305175784 13.500000000000002 135.50000000000003 104.50000000000001 4.5000000000000009 104.35000228881837
decision_type=2 2 2 2 2 2 2 2 2 2 2 2 2 2 2 8 2 2 2 2 2 2 10 2 10 2 2 2 2 10
left_child=1 2 3 -1 5 -4 7 8 9 16 11 12 13 -11 15 -15 18 -18 19 24 21 -21 -20 -8 26 -26 27 29 -29 -7
right_child=-2 -3 4 -5 -6 6 23 -9 -10 10 -12 -13 -14 14 -16 -17 17 -19 22 20 -22 -23 -24 -25 25 -27 -28 28 -30 -31
leaf_value=-0.014087189965401344 0.083257088414206426 0.085534348752225403 -0.011567981737113179 0.062702367277023788 -0.047128484255179202 0.0089775364563037426 -0.010131292859901673 0.081166454109160596 -0.034098789875810338 0.0024919699683879208 0.086069909926226582 -0.013019744268650517 0.12508139079209513 0.060102402230476318 0.10436273979515266 -0.017217994648312845 0.082569181583015586 0.0033363304793255256 0.0060485487395657341 0.031532519180053002 -0.029125532452342506 0.13112826056506552 -0.034594188499530588 -0.07348184061212383 -0.0010226512032651207 0.096347370959545292 -0.022897855455569879 0.1192292511038836 0.015918398238406815 -0.029215621532354383
leaf_weight=5803 194 169 2955 161 365 3223 869 167 469 1019 206 664 178 242 230 215 252 298 781 208 161 163 855 183 223 171 1016 170 402 688
leaf_count=5803 194 169 2955 161 365 3223 869 167 469 1019 206 664 178 242 230 215 252 298 781 208 161 163 855 183 223 171 1016 170 402 688
internal_value=1.70198e-05 -0.000699457 -0.00135295 -0.0120103 0.00252764 0.00366132 0.0071108 0.00959217 0.00858014 0.0103434 0.0249755 0.0200269 0.0316864 0.021928 0.0507225 0.0236748 0.00566103 0.0396822 0.00333686 0.00805487 0.0436907 0.0753537 -0.0151776 -0.0211738 0.00483379 0.0411772 0.00222553 0.00792459 0.0466638 0.0022528
internal_weight=22700 22506 22337 5964 16373 16008 13053 12001 11834 11365 2754 2548 1884 1706 687 457 8611 550 8061 6425 532 371 1636 1052 5893 394 5499 4483 572 3911
internal_count=22700 22506 22337 5964 16373 16008 13053 12001 11834 11365 2754 2548 1884 1706 687 457 8611 550 8061 6425 532 371 1636 1052 5893 394 5499 4483 572 3911
is_linear=0
shrinkage=0.0161


Tree=183
num_leaves=31
num_cat=0
split_feature=292 427 58 47 251 227 216 496 591 595 521 562 591 120 51 86 181 385 555 585 492 578 465 558 390 185 335 183 490 368
split_gain=4401.19 3387.94 3979.39 6356.17 8961.2 3858.11 4203.32 3086.2 9744.25 6425.18 3754.62 4517.06 3465.65 3005.18 3728.83 2933.99 4396.59 2716.21 2583.37 2578.32 3283.13 2164.52 2631.14 2130.35 2097.62 2069.68 2194.18 2005.36 1987.69 1987.57
threshold=3.5000000000000004 8.0000000000000018 29.500000000000004 16.500000000000004 10.500000000000002 5.5000000000000009 8.0000000000000018 224.50000000000003 182.25000000000003 174.34999847412112 153.50000000000003 191.15000152587893 210.94999694824222 16.500000000000004 5.5000000000000009 13.500000000000002 4.5000000000000009 13.500000000000002 152.44999694824222 213.05000305175784 250.50000000000003 166.15000152587893 8.0000000000000018 125.85000228881837 35.500000000000007 5.5000000000000009 16.500000000000004 13.500000000000002 109.50000000000001 8.0000000000000018
decision_type=2 2 2 2 2 2 2 2 10 8 2 10 10 2 2 2 2 2 10 10 2 10 2 10 2 2 2 2 2 2
left_child=21 19 7 5 -5 6 -4 10 9 -9 11 13 -12 14 -3 18 -17 -10 23 20 24 -1 -23 28 -2 -18 -27 -7 -16 -21
right_child=1 2 3 4 -6 27 -8 8 17 -11 12 -13 -14 -15 15 16 25 -19 -20 29 -22 22 -24 -25 -26 26 -28 -29 -30 -31
leaf_value=-0.018322607824194204 -0.0016312024515342111 -0.010609423534102155 -0.0055031177651997578 0.16712571225431563 0.0098306853599570056 0.0097657990440632395 0.10879262298772034 0.027553362753624851 0.017299796084428661 0.16461747708429275 -0.033339001882144274 0.086806442921055257 0.029446555902518552 -0.016151982042138736 0.0051789723463369006 0.10359664728683628 0.061403521389708629 -0.064819101478440236 0.072923237659392529 -0.063333919879464878 0.050102022213472514 -0.02194121233741855 0.060953541350817958 -0.042265094761745649 -0.035515257876754913 0.030543569265224495 -0.043235930525248552 -0.059653205551370839 0.060999763839356298 -0.0026713527834413176
leaf_weight=4127 7886 1284 163 197 180 252 170 172 265 184 1147 184 284 1256 1385 249 258 172 160 324 305 191 206 214 504 294 162 188 188 248
leaf_count=4127 7886 1284 163 197 180 252 170 172 265 184 1147 184 284 1256 1385 249 258 172 160 324 305 191 206 214 504 294 162 188 188 248
internal_value=-0.000647304 0.00287115 0.00990296 0.0378789 0.0920871 0.0114106 0.0527754 0.00580575 0.0359242 0.0984616 0.00242182 0.00833993 -0.020862 0.00568646 0.0122322 0.0223188 0.0453134 -0.0149677 0.0109334 -0.00396158 -0.00178059 -0.0148655 0.0210129 0.00536995 -0.00366947 0.0249548 0.00428082 -0.0198416 0.0118655 -0.0370738
internal_weight=22799 18275 9008 1150 377 773 333 7858 793 356 7065 5634 1431 5450 4194 2910 963 437 1947 9267 8695 4524 397 1787 8390 714 456 440 1573 572
internal_count=22799 18275 9008 1150 377 773 333 7858 793 356 7065 5634 1431 5450 4194 2910 963 437 1947 9267 8695 4524 397 1787 8390 714 456 440 1573 572
is_linear=0
shrinkage=0.0161


Tree=184
num_leaves=31
num_cat=0
split_feature=277 522 584 350 450 91 291 527 51 282 579 59 522 497 190 505 238 451 292 277 192 165 491 107 193 366 570 203 186 300
split_gain=4356.96 4345.14 6128 3256.78 3816.79 3574.53 5716.99 3502.66 3858.03 3358.28 3077.68 2922.02 5403.64 2798.57 2679.51 2404.94 2393.47 3531.27 2372 2661.51 3829.94 3340.75 2229.35 2196.13 3304.93 3601.59 1984.69 1964.33 2093.36 4775.34
threshold=4.5000000000000009 296.50000000000006 240.75000000000003 20.000000000000004 3.5000000000000004 6.5000000000000009 29.500000000000004 99.500000000000014 43.500000000000007 13.500000000000002 189.94999694824222 35.500000000000007 178.50000000000003 133.50000000000003 43.500000000000007 20.500000000000004 20.000000000000004 8.0000000000000018 24.500000000000004 20.000000000000004 16.500000000000004 6.5000000000000009 101.50000000000001 16.500000000000004 10.500000000000002 10.500000000000002 102.04999923706056 24.500000000000004 29.500000000000004 16.500000000000004
decision_type=2 2 10 2 2 2 2 2 2 2 8 2 2 2 2 2 2 2 2 2 2 2 2 2 2 2 8 2 2 2
left_child=23 2 3 11 -5 6 13 8 15 10 -9 14 16 -6 18 -7 17 -13 27 20 21 -20 -23 -1 -25 -26 -17 28 -2 -30
right_child=1 -3 -4 4 5 7 -8 9 -10 -11 -12 12 -14 -15 -16 26 -18 -19 19 -21 -22 22 -24 24 25 -27 -28 -29 29 -31
leaf_value=-0.016962997688633696 -0.003329621898729511 -0.045613156480985843 0.078989701981150962 -0.027234192079486422 0.0079068368349748119 -0.028175401626593845 0.14146326953428745 -0.017606285973174957 0.10659313907851922 -0.051642948121566265 0.06178699197074234 0.091815789916522991 0.10371651184474487 0.087460086189250538 -0.038807214179590717 0.003411664489794066 -0.021389312868218918 -0.0018531726831116837 0.058182960380008628 -0.020738053247661127 0.10301725472721099 0.022474516238161643 -0.056531284909872768 -0.01161618551547355 0.0037667640863691064 0.094610722986461004 0.066327338074601991 -0.026347544048506616 -0.00010152768184032269 0.095588628684197888
leaf_weight=5261 8265 457 283 397 378 194 161 305 165 310 216 168 189 165 503 237 380 274 300 291 174 200 172 958 281 190 290 877 493 186
leaf_count=5261 8265 457 283 397 378 194 161 305 165 310 216 168 189 165 503 237 380 274 300 291 174 200 172 958 281 190 290 877 493 186
internal_value=-0.00124001 0.00331353 0.00475083 0.00337522 0.0190073 0.0265997 0.0571624 0.0140548 0.0363306 -0.00966696 0.015264 -0.000154895 0.0260813 0.0321238 -0.0024713 0.0202184 0.00820228 0.0336963 -0.000801246 0.0212108 0.0356678 0.0181941 -0.0139918 -0.0121544 0.00553267 0.0404629 0.0380779 -0.00335202 -0.00109458 0.0260764
internal_weight=22720 16030 15573 15290 2818 2421 704 1717 886 831 521 12472 1011 543 11461 721 822 442 10958 1137 846 672 372 6690 1429 471 527 9821 8944 679
internal_count=22720 16030 15573 15290 2818 2421 704 1717 886 831 521 12472 1011 543 11461 721 822 442 10958 1137 846 672 372 6690 1429 471 527 9821 8944 679
is_linear=0
shrinkage=0.0161


Tree=185
num_leaves=31
num_cat=0
split_feature=443 243 480 578 493 172 210 295 115 259 557 224 165 498 486 229 146 2 103 595 100 147 425 588 459 329 559 95 533 430
split_gain=4010.44 4004.93 4351.44 3689.42 5646.45 6082 3003.23 4837.59 4024.81 3463.19 6027.11 3419.55 4100.52 3406.71 2978.59 3178.73 4094.68 5058.15 2678.45 2629.76 2578.65 2485.4 2392.09 2313.93 2289.62 2289.03 2797.11 2581.26 3295.39 2199.54
threshold=5.5000000000000009 35.500000000000007 102.50000000000001 226.84999847412112 286.50000000000006 10.500000000000002 20.000000000000004 52.000000000000007 29.500000000000004 6.5000000000000009 167.05000305175784 24.500000000000004 10.500000000000002 188.50000000000003 197.50000000000003 16.500000000000004 13.500000000000002 8.0000000000000018 16.500000000000004 171.05000305175784 13.500000000000002 10.500000000000002 10.500000000000002 210.94999694824222 16.500000000000004 13.500000000000002 132.44999694824222 20.000000000000004 149.50000000000003 20.000000000000004
decision_type=2 2 2 10 2 2 2 2 2 2 8 2 2 2 2 2 2 2 2 10 2 2 2 10 2 2 8 2 2 2
left_child=1 23 -3 4 6 -6 7 8 11 -10 22 14 -13 19 15 -2 29 -18 20 21 -5 -8 -11 25 -16 -1 -27 28 -28 -17
right_child=3 2 -4 18 5 -7 13 -9 9 10 -12 12 -14 -15 24 16 17 -19 -20 -21 -22 -23 -24 -25 -26 26 27 -29 -30 -31
leaf_value=-0.017055347519392677 -0.0036407542139248478 -0.013413522185295871 0.090796602404260088 0.026037485771263157 0.14191249939439038 0.0013827201295612602 0.0049853691559123845 0.070548244995970996 -0.00059160873693179811 -0.020899943048713433 0.12848072789229803 0.077517894164839035 0.0092815617824678655 -0.059992971125484885 -0.047268860076687104 -0.0065039610310298653 0.11246656411604003 0.014305661075311492 -0.069275389803471144 0.049505774660949207 -0.050177375940881577 -0.034635495750162809 0.062620135892223941 -0.054664755715108856 0.011923845010892707 -0.015057004464260565 0.013231022112536331 -0.025681083813375864 0.089277772136017688 0.050120565636607502
leaf_weight=5468 6453 212 203 262 160 160 965 299 389 178 217 316 826 349 595 963 241 314 297 203 205 713 177 344 236 937 403 195 234 218
leaf_count=5468 6453 212 203 262 160 160 965 299 389 178 217 316 826 349 595 963 241 314 297 203 205 713 177 344 236 937 403 195 234 218
internal_value=-0.00199868 -0.0111796 0.0375048 0.00298144 0.00486669 0.0717212 0.00329791 0.00663589 0.00491573 0.0364102 0.0616152 0.00193505 0.0281837 -0.0137886 -0.00138562 0.00155887 0.0209003 0.0569729 -0.0314651 -0.00520334 -0.00736832 -0.0118359 0.0206762 -0.0138478 -0.0304301 -0.0119043 0.00400415 0.0254991 0.0412035 0.00392839
internal_weight=22732 7996 415 14736 13972 320 13652 11422 11123 961 572 10162 1142 2230 9020 8189 1736 555 764 1881 467 1678 355 7581 831 7237 1769 832 637 1181
internal_count=22732 7996 415 14736 13972 320 13652 11422 11123 961 572 10162 1142 2230 9020 8189 1736 555 764 1881 467 1678 355 7581 831 7237 1769 832 637 1181
is_linear=0
shrinkage=0.0161


Tree=186
num_leaves=31
num_cat=0
split_feature=283 147 469 6 593 546 454 411 162 449 392 540 1 110 495 79 280 553 598 218 278 402 25 128 488 345 15 471 200 551
split_gain=4799.98 3823.93 3881.23 3949.01 4349.05 6162.35 3608.19 3288.88 2982.6 2299.09 3048.97 3028.9 2929.51 2261.3 2827.41 6720.85 10005.6 2772.67 2955.05 3730.21 3150.83 2591.57 2442.56 2243.1 2031.57 2022.62 2013.99 2708.66 3538.19 5457.14
threshold=3.5000000000000004 2.5000000000000004 16.500000000000004 52.000000000000007 188.65000152587893 209.25000000000003 43.500000000000007 52.000000000000007 6.5000000000000009 35.500000000000007 20.000000000000004 160.44999694824222 13.500000000000002 35.500000000000007 241.50000000000003 13.500000000000002 6.5000000000000009 201.75000000000003 195.05000305175784 8.0000000000000018 16.500000000000004 10.500000000000002 43.500000000000007 29.500000000000004 174.50000000000003 8.0000000000000018 16.500000000000004 8.0000000000000018 8.0000000000000018 136.55000305175784
decision_type=2 2 2 2 10 10 2 2 2 2 2 8 2 2 2 2 2 10 10 2 2 2 2 2 2 2 2 2 2 8
left_child=6 24 13 4 5 7 -1 9 -6 10 23 12 -12 14 17 16 -16 18 22 -20 -21 -17 -3 26 -2 -10 27 -4 -29 -30
right_child=1 2 3 -5 8 -7 -8 -9 25 -11 11 -13 -14 -15 15 21 -18 -19 19 20 -22 -23 -24 -25 -26 -27 -28 28 29 -31
leaf_value=-0.016693306887108069 -0.022454470615080529 0.00066836901810047515 0.00082649872321944847 0.0945257446609786 0.025898439409440008 0.11844030116689015 0.059745981546030544 0.086222436784313669 -0.0017342526008835436 -0.028922211806603867 0.066382894894042338 0.11148463190018643 -0.021205965485160527 0.046728243373629678 0.17065995819543348 -0.064215883850694461 0.012887220230058919 -0.037853387928636351 -0.0070211565663218624 0.12346505928435514 0.023281239675981755 0.023138255360700955 -0.035391738656177452 -0.035375182279211333 0.032070950573362539 -0.074554622901795806 -0.0077193753559895552 0.013947080974412829 0.023625392356237122 0.1424067403390667
leaf_weight=4394 1730 9220 590 178 225 171 166 180 161 276 234 164 171 291 167 182 278 501 288 160 167 170 514 238 197 259 606 434 211 192
leaf_count=4394 1730 9220 590 178 225 171 166 180 161 276 234 164 171 291 167 182 278 501 288 160 167 170 514 238 197 259 606 434 211 192
internal_value=0.000860671 0.00457079 0.007118 0.0202533 0.0170325 0.0241773 -0.0139055 0.0192797 -0.021336 0.0154051 0.0197213 0.0530595 0.0293428 0.00239578 0.00128611 0.0305553 0.0721492 -0.000861725 0.000926784 0.0351549 0.0723728 -0.0219609 -0.00123335 0.011358 -0.016868 -0.0466962 0.0168406 0.0272868 0.0459106 0.0802744
internal_weight=22715 18155 16228 4290 4112 3467 4560 3296 645 3116 2840 569 405 11938 11647 797 445 10850 10349 615 327 352 9734 2271 1927 420 2033 1427 837 403
internal_count=22715 18155 16228 4290 4112 3467 4560 3296 645 3116 2840 569 405 11938 11647 797 445 10850 10349 615 327 352 9734 2271 1927 420 2033 1427 837 403
is_linear=0
shrinkage=0.0161


Tree=187
num_leaves=31
num_cat=0
split_feature=50 503 92 571 553 523 492 224 59 111 398 578 69 409 199 532 514 24 498 589 506 441 92 270 217 103 580 338 519 519
split_gain=3823.17 3500.13 3570.71 3340.1 3654.99 3184.69 3627.86 2856.74 4561.37 3272.03 3216.29 3801.68 3525.77 4629.81 4031.48 3382.9 5175.99 2346.69 4350.17 2898.64 3225.21 3220.29 4235 5111.42 3158.07 2292.01 2175.82 1935.56 1884.92 2851.82
threshold=3.5000000000000004 330.50000000000006 102.50000000000001 271.25000000000006 255.05000305175784 269.50000000000006 290.50000000000006 13.500000000000002 52.000000000000007 73.500000000000014 16.500000000000004 96.450000762939467 35.500000000000007 16.500000000000004 5.5000000000000009 115.50000000000001 67.500000000000014 8.0000000000000018 235.50000000000003 108.14999771118165 28.500000000000004 13.500000000000002 10.500000000000002 6.5000000000000009 24.500000000000004 3.5000000000000004 79.350002288818374 3.5000000000000004 244.50000000000003 204.50000000000003
decision_type=2 2 2 10 10 2 2 2 2 2 2 8 2 2 2 2 2 2 2 10 2 2 2 2 2 2 8 2 2 2
left_child=28 2 3 4 5 6 7 9 10 17 12 26 13 -9 -15 16 -16 18 -2 20 -19 25 23 -23 27 -22 -12 -21 29 -1
right_child=1 -3 -4 -5 -6 -7 -8 8 -10 -11 11 -13 -14 14 15 -17 -18 19 -20 24 21 22 -24 -25 -26 -27 -28 -29 -30 -31
leaf_value=-0.013971937708805825 -0.010298812612117125 0.066905064065663225 0.072057295687332379 -0.06952698899980711 0.063512435799765815 -0.035884406315260409 0.075282279320782367 -0.00085699698272971852 0.084949878341489413 -0.064734388730391446 -0.0081375809332824931 -0.030659993065532052 0.076557080521733559 0.101343487954144 0.0064036217145195537 -0.026348131627699525 0.12042757477007324 -0.00099727613795286079 0.067942086107752236 0.022381980425487596 0.054216164131654802 0.033932998392315609 0.011578893606504714 0.14162395624597054 0.042593072207712329 0 0.074307498871094821 -0.022936159602065177 -0.065581819771546007 0.05467707071296813
leaf_weight=4084 5970 221 189 169 250 571 177 1980 217 212 164 874 245 230 274 233 166 1761 190 288 259 238 353 221 273 922 167 1594 173 163
leaf_count=4084 5970 221 189 169 250 571 177 1980 217 212 164 874 245 230 274 233 166 1761 190 288 259 238 353 221 273 922 167 1594 173 163
internal_value=-1.32276e-05 0.00321432 0.00243908 0.0017067 0.00238324 0.00151256 0.00276945 0.00200548 0.0129035 -0.0020302 0.00928988 -0.0130473 0.0179024 0.0129097 0.0431218 0.0231894 0.0494752 -0.000926811 -0.00788172 0.00631954 0.0148655 0.0288935 0.053583 0.0858355 -0.00855649 0.0118982 0.0333875 -0.0159887 -0.0134603 -0.0113316
internal_weight=22828 18408 18187 17998 17829 17579 17008 16831 4550 12281 4333 1205 3128 2883 903 673 440 12069 6160 5909 3754 1993 812 459 2155 1181 331 1882 4420 4247
internal_count=22828 18408 18187 17998 17829 17579 17008 16831 4550 12281 4333 1205 3128 2883 903 673 440 12069 6160 5909 3754 1993 812 459 2155 1181 331 1882 4420 4247
is_linear=0
shrinkage=0.0161


Tree=188
num_leaves=31
num_cat=0
split_feature=238 37 155 496 128 421 143 579 490 585 442 40 101 443 583 469 406 492 34 289 122 322 118 148 582 563 530 599 553 258
split_gain=3745.18 3913.12 3924.41 3174.26 5888.34 8514.19 5628.73 3057.1 9536.62 5371.25 3955.36 4176.77 3152.78 2535 2541.86 3550.85 4879.11 3042.78 2466.43 3798.62 3172.8 3540.14 3306.56 6258.31 2311.65 2827.62 2401.94 3629.34 2309.31 4318.12
threshold=10.500000000000002 43.500000000000007 61.500000000000007 242.50000000000003 5.5000000000000009 8.0000000000000018 10.500000000000002 198.94999694824222 259.50000000000006 215.15000152587893 35.500000000000007 13.500000000000002 5.5000000000000009 4.5000000000000009 143.15000152587893 16.500000000000004 13.500000000000002 32.500000000000007 35.500000000000007 6.5000000000000009 5.5000000000000009 24.500000000000004 6.5000000000000009 8.0000000000000018 182.25000000000003 196.25000000000003 198.50000000000003 186.44999694824222 149.65000152587893 10.500000000000002
decision_type=2 2 2 2 2 2 2 10 2 10 2 2 2 2 10 2 2 2 2 2 2 2 2 2 10 10 2 10 8 2
left_child=3 2 7 13 -5 -6 -7 8 9 10 24 -12 -9 -1 17 -16 -17 -15 20 -20 21 22 -19 -24 25 26 27 28 -2 -30
right_child=1 -3 -4 4 5 6 -8 12 -10 -11 11 -13 -14 14 15 16 -18 18 19 -21 -22 -23 23 -25 -26 -27 -28 -29 29 -31
leaf_value=-0.017518508986113717 -0.0044161775160111135 -0.035452156338313154 0.084328971692601645 -0.0440557048313698 -0.022014025822807669 0.17223571885580963 0.040759473459583744 0.035777518922618559 0.1345749232518933 0.099580357125147775 0.015122204541183949 0.11177426056815847 -0.038179912673581555 -0.0098563587460222101 -0.032257794142948437 -0.023945596486603424 0.072629690351202411 -0.0047119624868042029 0.10743496464812088 0.0062654519195289443 -0.0053736825879766668 0.083198226709752215 0.0068806377233679057 0.12012180978492421 -0.046415593934218236 0.071843336750977774 -0.042929740851965589 0.081073650721816493 -0.0019737159648211236 0.055796708277970286
leaf_weight=4256 3037 491 187 223 230 165 174 198 164 169 315 184 606 3552 1447 332 229 915 165 232 2451 222 380 190 231 162 273 162 860 549
leaf_count=4256 3037 491 187 223 230 165 174 198 164 169 315 184 606 3552 1447 332 229 915 165 232 2451 222 380 190 231 162 273 162 860 549
internal_value=-0.000740514 0.00849231 0.0115359 -0.00536243 0.0260099 0.0535111 0.104822 0.00956254 0.0134507 0.0101037 0.0074803 0.0508086 -0.0199372 -0.00709303 -0.00270407 -0.0189217 0.0154344 0.00130992 0.0100226 0.0483725 0.00635533 0.0232102 0.0142265 0.044669 0.00337632 0.00566176 0.00346038 0.00621386 0.00348088 0.0205191
internal_weight=22751 7588 7097 15163 792 569 339 6910 6106 5942 5773 499 804 14371 10115 2008 561 8107 4555 397 4158 1707 1485 570 5274 5043 4881 4608 4446 1409
internal_count=22751 7588 7097 15163 792 569 339 6910 6106 5942 5773 499 804 14371 10115 2008 561 8107 4555 397 4158 1707 1485 570 5274 5043 4881 4608 4446 1409
is_linear=0
shrinkage=0.0161


Tree=189
num_leaves=31
num_cat=0
split_feature=470 113 121 428 351 106 18 254 552 388 528 567 564 494 81 99 505 285 459 193 135 417 542 553 169 37 312 528 277 599
split_gain=5559.58 3726.55 4440.77 4901.97 5545.54 4131.35 4078.09 4956.39 5092.53 4063.23 4181.8 3309.45 2685.38 5973.2 5136.18 4268.07 4236.14 2874.23 2596.56 3360.97 2569.37 2892.05 2518.03 2917.31 2605.24 3984.68 4633.45 2377.62 2187.3 2219.58
threshold=16.500000000000004 6.5000000000000009 16.500000000000004 10.500000000000002 43.500000000000007 3.5000000000000004 10.500000000000002 8.0000000000000018 157.84999847412112 16.500000000000004 139.50000000000003 92.649997711181655 205.94999694824222 272.50000000000006 10.500000000000002 29.500000000000004 253.50000000000003 3.5000000000000004 10.500000000000002 10.500000000000002 16.500000000000004 8.0000000000000018 233.25000000000003 188.65000152587893 24.500000000000004 16.500000000000004 8.0000000000000018 91.500000000000014 2.5000000000000004 201.75000000000003
decision_type=2 2 2 2 2 2 2 2 8 2 2 10 10 2 2 2 2 2 2 2 2 2 10 10 2 2 2 2 2 10
left_child=12 20 3 6 5 -5 7 -3 -9 10 11 -7 13 16 -15 -14 17 -1 27 -20 -2 -22 23 24 28 26 -26 -4 -19 -30
right_child=1 2 18 4 -6 9 -8 8 -10 -11 -12 -13 15 14 -16 -17 -18 22 19 -21 21 -23 -24 -25 25 -27 -28 -29 29 -31
leaf_value=-0.017535737944225881 -0.015764593683345554 0.0038640990420472456 0.0052515061825524007 0.11612921695370862 0.14359965691967419 0.0001175506524208589 -0.013688095558212971 0.029735861023980528 0.14762321895891944 0.087972387503899338 -0.047962999261027733 0.084742601146149607 -0.039996223495287253 0.13095515174073319 0.0018003701162586211 0.048977392654338578 0.069605773171635424 -0.023748350873872025 0.061316308881186804 -0.018605270985139661 -0.013136672341325447 0.078036703249621794 0.059295151076268315 -0.0381496967660237 0.0092141112308442939 -0.026878388783144351 0.090886619207959152 -0.064586133528854756 -0.0012823477158875305 0.047281539870104951
leaf_weight=3527 1349 493 238 173 166 275 728 220 168 238 216 213 1009 160 160 162 201 1124 257 290 179 181 177 548 422 283 315 268 8679 251
leaf_count=3527 1349 493 238 173 166 275 728 220 168 238 216 213 1009 160 160 162 201 1124 257 290 179 181 177 548 422 283 315 268 8679 251
internal_value=0.000455602 0.0142914 0.0228992 0.0332139 0.0567201 0.0437644 0.0144849 0.0377919 0.0808405 0.0304495 0.0109694 0.0371025 -0.00413814 -0.00239799 0.0664513 -0.0276672 -0.00381844 -0.00478293 -0.00538739 0.0189017 -0.00555486 0.0326379 -0.000968826 -0.00188866 -9.21422e-05 0.0244226 0.0441536 -0.0316911 -0.00258156 8.00262e-05
internal_weight=22670 5652 3943 2890 1281 1115 1609 881 388 942 704 488 17018 15847 320 1171 15527 15326 1053 547 1709 360 11799 11622 11074 1020 737 506 10054 8930
internal_count=22670 5652 3943 2890 1281 1115 1609 881 388 942 704 488 17018 15847 320 1171 15527 15326 1053 547 1709 360 11799 11622 11074 1020 737 506 10054 8930
is_linear=0
shrinkage=0.0161


Tree=190
num_leaves=31
num_cat=0
split_feature=535 290 504 587 83 34 567 582 517 594 263 532 562 121 44 526 449 534 572 399 538 534 438 390 340 121 504 581 496 173
split_gain=4609.51 3344.54 4670.35 4035.81 5398.91 3606.14 4908.18 5374.61 4207.82 5777.37 3603.03 3684.85 2903.29 2831.12 2778.08 2659.53 2730.41 2659.86 2391.66 3523.08 3433.94 6876.04 6617.02 7041.99 2348.62 2140.6 2517.76 2111.73 3028.95 2502.69
threshold=14.500000000000002 16.500000000000004 188.50000000000003 210.94999694824222 10.500000000000002 3.5000000000000004 173.15000152587893 170.05000305175784 191.50000000000003 160.44999694824222 16.500000000000004 53.500000000000007 271.25000000000006 13.500000000000002 6.5000000000000009 313.50000000000006 3.5000000000000004 313.50000000000006 73.750000000000014 73.500000000000014 174.50000000000003 104.50000000000001 5.5000000000000009 8.0000000000000018 8.0000000000000018 24.500000000000004 290.50000000000006 201.75000000000003 242.50000000000003 16.500000000000004
decision_type=2 2 2 10 2 2 8 8 2 8 2 2 10 2 2 2 2 2 10 2 2 2 2 2 2 2 2 10 2 2
left_child=-1 12 5 -4 -5 -3 8 -8 9 10 13 -12 15 -7 -9 16 -2 18 20 25 21 -18 -23 -24 -16 26 27 28 -20 -29
right_child=1 2 3 4 -6 6 7 14 -10 -11 11 -13 -14 -15 24 -17 17 -19 19 -21 -22 22 23 -25 -26 -27 -28 29 -30 -31
leaf_value=-0.013395628731273713 -0.014257265526910468 -0.012913898585930067 -0.040311440329594855 -0.041344608738889649 0.082878046710578551 0.015938244229486365 0.14882688671670727 0.088868430660233866 -0.054507585101375391 0.10787666945355409 0.091075503999263924 0.012618970795444696 0.068993532745120517 -0.042104011937579434 0.060304298841368752 -0.05649397126225543 0.00888797000268398 0.068063400928180862 0.00032289757674276416 0.071069725143725671 -0.029935937566847582 -1.9555021376658708e-05 0.040561291874525542 0.18812418576947723 -0.013268631685819475 -0.022440125107084374 0.06338246199559204 -0.048552914425118644 0.064027540921447149 0.023836925389612528
leaf_weight=4459 2459 523 591 163 204 696 162 250 182 202 275 358 161 317 215 211 1871 168 5947 173 359 195 161 176 235 1176 164 452 200 170
leaf_count=4459 2459 523 591 163 204 696 162 250 182 202 275 358 161 317 215 211 1871 168 5947 173 359 195 161 176 235 1176 164 452 200 170
internal_value=0.00129059 0.00484779 0.0171434 -0.0142548 0.0276415 0.0259583 0.0329962 0.0651948 0.0193121 0.026595 0.0166057 0.0467407 0.00101727 -0.00220179 0.0458063 0.000227202 0.00110437 0.00447556 0.00350613 -0.00081786 0.0164804 0.0234246 0.0745045 0.117697 0.0218306 -0.00235444 0.00104918 -0.000457564 0.00239943 -0.0287301
internal_weight=22875 18416 4373 958 367 3415 2892 862 2030 1848 1646 633 14043 1013 700 13882 13671 11212 11044 8282 2762 2403 532 337 450 8109 6933 6769 6147 622
internal_count=22875 18416 4373 958 367 3415 2892 862 2030 1848 1646 633 14043 1013 700 13882 13671 11212 11044 8282 2762 2403 532 337 450 8109 6933 6769 6147 622
is_linear=0
shrinkage=0.0161


Tree=191
num_leaves=31
num_cat=0
split_feature=82 275 107 90 555 15 281 523 547 502 499 49 290 584 579 59 432 569 43 476 193 516 501 301 144 177 243 32 133 432
split_gain=4819.88 3802.49 6187.77 6977.39 3976.79 6770.24 3378.93 3289.75 4583.7 3574.47 3021.9 2996.69 4516.16 2979.18 2897.74 2877.73 5903.31 2730.18 2887.48 4938.38 3158.03 2691.88 2361.05 2130.16 2803.6 3300.25 2761.35 2184.73 2439.55 2332.17
threshold=3.5000000000000004 13.500000000000002 3.5000000000000004 13.500000000000002 218.75000000000003 10.500000000000002 20.000000000000004 280.50000000000006 238.25000000000003 272.50000000000006 146.50000000000003 29.500000000000004 20.000000000000004 118.54999923706056 124.35000228881837 29.500000000000004 6.5000000000000009 191.15000152587893 24.500000000000004 8.0000000000000018 20.000000000000004 77.500000000000014 214.50000000000003 20.000000000000004 8.0000000000000018 29.500000000000004 35.500000000000007 4.5000000000000009 10.500000000000002 24.500000000000004
decision_type=2 2 2 2 10 2 2 2 10 2 2 2 2 10 8 2 2 10 2 2 2 2 2 2 2 2 2 2 2 2
left_child=-1 7 3 14 6 -6 15 8 9 10 11 23 -13 -8 -3 17 -17 18 20 -20 -4 -12 -9 24 26 27 -2 -26 -29 -30
right_child=1 2 4 -5 5 -7 13 22 -10 -11 21 12 -14 -15 -16 16 -18 -19 19 -21 -22 -23 -24 -25 25 -27 -28 28 29 -31
leaf_value=-0.014905188812667051 -0.0081760343390911098 0.064044498699425509 -0.0048353114629312013 0.1295364537612646 0.12935455817490088 -0.00075829285658686365 0.0024636715474413953 0.00046445329360997236 0.063435229869227894 0.05406296628870258 0.039957468443509309 0.0050263274200572855 0.080685889892528853 -0.055666965689982459 -0.012780084516578846 0.12622983524302636 0.006592299644467327 -0.038948318491317503 -0.0055254808643075684 0.10794523772174348 0.049695951731898197 -0.024800446642216815 -0.079280025059952769 -0.020088824864140944 -0.013932797005372428 0.074922341227549621 0.055434771730523337 0.0052387814375627053 0.067428556150033944 0.0022122361361685298
leaf_weight=4487 4536 245 1861 240 182 240 504 162 292 297 181 664 296 417 264 163 312 326 201 196 323 2028 235 1362 726 218 184 1150 409 219
leaf_count=4487 4536 245 1861 240 182 240 504 162 292 297 181 664 296 417 264 163 312 326 201 196 323 2028 235 1362 726 218 184 1150 409 219
internal_value=5.80694e-05 0.00370173 0.0149531 0.0579515 0.00813209 0.055301 0.00350072 -0.00104914 0.000391078 -0.00110732 -0.00247783 0.00136715 0.0283792 -0.0238305 0.0241521 0.0109506 0.0476964 0.00493832 0.0104907 0.050436 0.00321875 -0.0194837 -0.0466802 -0.00157561 0.00180943 0.0148245 -0.0056913 0.00958294 0.0191982 0.0447234
internal_weight=22920 18433 5474 749 4725 422 4303 12959 12562 12270 11973 9764 960 921 509 3382 475 2907 2581 397 2184 2209 397 8804 7442 2722 4720 2504 1778 628
internal_count=22920 18433 5474 749 4725 422 4303 12959 12562 12270 11973 9764 960 921 509 3382 475 2907 2581 397 2184 2209 397 8804 7442 2722 4720 2504 1778 628
is_linear=0
shrinkage=0.0161


Tree=192
num_leaves=31
num_cat=0
split_feature=262 426 529 528 562 96 594 529 1 347 541 518 490 346 554 412 12 180 530 502 346 530 203 500 228 163 504 453 506 561
split_gain=3463.39 3266.07 4656.81 3965.47 3322.93 7134.98 3230.54 4881.41 2726.6 3536.38 2964.96 3750.57 5105.99 6866.22 2962.77 2776.63 3170.51 3188.24 2746.89 2679.79 2666.11 2701.22 2502.38 2374.18 2293.51 2192.19 2940.51 4977.27 3481.89 2158.7
threshold=5.5000000000000009 10.500000000000002 241.50000000000003 222.50000000000003 228.75000000000003 13.500000000000002 137.84999847412112 156.50000000000003 20.000000000000004 20.000000000000004 231.15000152587893 130.50000000000003 129.50000000000003 8.0000000000000018 233.25000000000003 13.500000000000002 4.5000000000000009 5.5000000000000009 104.50000000000001 252.50000000000003 20.000000000000004 178.50000000000003 10.500000000000002 198.50000000000003 16.500000000000004 13.500000000000002 59.500000000000007 10.500000000000002 96.500000000000014 201.75000000000003
decision_type=2 2 2 2 10 2 10 2 2 2 10 2 2 2 8 2 2 2 2 2 2 2 2 2 2 2 2 2 2 10
left_child=29 2 3 6 8 -6 7 25 10 -10 11 12 15 -14 20 -3 -17 -18 -11 23 21 -13 -19 24 -8 -2 -27 28 -28 -1
right_child=1 4 -4 -5 5 -7 19 -9 9 18 -12 14 13 -15 -16 16 17 22 -20 -21 -22 -23 -24 -25 -26 26 27 -29 -30 -31
leaf_value=-0.0072928399869049438 -0.005540619990178278 0.0036727168931409812 -0.047089576079986005 0.065092623703786351 -0.0071896764433822032 0.13392756430651515 -0.030824450351867028 0.066169634910095781 -0.024993581842272308 -0.0083409629887763875 0.08291674893166881 -0.037587242287099962 0.15204754379149665 0.011050446138853929 -0.053102126917571379 -0.018157724035560784 0.10813882466816399 -0.015319649635252411 0.083205977859673499 0.040489384738241499 0.054469381190904664 0.02889257784222295 0.066161182499790611 -0.069770180441041413 0.020428858178014122 -0.0012104044758928694 0.062146365073160049 0.1094140932932743 -0.03845511899908783 -0.045998673548461544
leaf_weight=8489 3912 1704 572 239 196 176 916 312 1021 179 166 400 176 183 313 185 213 172 161 164 211 262 225 286 300 834 172 206 185 391
leaf_count=8489 3912 1704 572 239 196 176 916 312 1021 179 166 400 176 183 313 185 213 172 161 164 211 262 225 286 300 834 172 206 185 391
internal_value=-0.00112938 0.00384644 -0.0028032 0.000559581 0.0129113 0.0595122 -0.00155375 0.00427883 0.00979529 -0.0100039 0.0162015 0.0134571 0.0234477 0.0802399 -0.0105982 0.0152797 0.0401285 0.057844 0.03494 -0.0212467 0.00461397 -0.0112409 0.0308004 -0.0280032 -0.0181604 0.000637187 0.0179537 0.0463842 0.00994801 -0.00899977
internal_weight=22921 14041 8098 7526 5943 372 7287 5621 5571 1361 4210 4044 2858 359 1186 2499 795 610 340 1666 873 662 397 1502 1216 5309 1397 563 357 8880
internal_count=22921 14041 8098 7526 5943 372 7287 5621 5571 1361 4210 4044 2858 359 1186 2499 795 610 340 1666 873 662 397 1502 1216 5309 1397 563 357 8880
is_linear=0
shrinkage=0.0161


Tree=193
num_leaves=31
num_cat=0
split_feature=535 579 251 550 466 460 541 238 529 505 169 427 120 230 582 163 295 459 527 522 271 586 547 531 46 443 500 206 223 338
split_gain=3891.11 3369.71 5062.02 4851.39 6483.53 3938.03 3760.79 5130.91 4016.38 5189.39 4539.58 3472.65 2957.74 2730.46 3506.85 3406.02 2890.33 2523.14 2399.6 3368.37 3985.99 2823.11 2398.71 2354.36 3182.68 2326.92 2129.53 2076.93 1930.17 5438.05
threshold=17.500000000000004 200.34999847412112 29.500000000000004 226.84999847412112 10.500000000000002 5.5000000000000009 204.25000000000003 16.500000000000004 242.50000000000003 244.50000000000003 43.500000000000007 10.500000000000002 8.0000000000000018 29.500000000000004 135.15000152587893 10.500000000000002 52.000000000000007 29.500000000000004 238.50000000000003 182.50000000000003 6.5000000000000009 100.45000076293947 152.44999694824222 153.50000000000003 20.000000000000004 35.500000000000007 226.50000000000003 10.500000000000002 16.500000000000004 3.5000000000000004
decision_type=2 10 2 10 2 2 10 2 2 2 2 2 2 2 10 2 2 2 2 2 2 10 10 2 2 2 2 2 2 2
left_child=-1 3 22 5 -5 18 8 11 9 10 13 -8 -12 16 15 -15 17 28 19 21 -21 25 -3 -24 26 -2 -25 -10 -7 -30
right_child=1 2 -4 4 -6 6 7 -9 27 -11 12 -13 -14 14 -16 -17 -18 -19 -20 20 -22 -23 23 24 -26 -27 -28 -29 29 -31
leaf_value=-0.012325780831940218 -0.0013055567420017554 0.025517159124174432 0.049241977112175317 0.0029665978168869241 0.13611799297911839 0.0004605630973011412 0.066352874882220747 0.12288475407926418 -0.010835678570557578 0.082631118340919393 0.099218171181473136 -0.02743412657272961 0.01651791274275273 0.022058064153127867 -0.028797392925200463 0.10614617861212453 0.056290954596491784 -0.021774256086279149 -0.056718884383369361 -0.017674994380778058 0.087037209255417664 -0.023074457068357611 -0.072823619401377063 -0.014782420408323652 0.022623515484779116 0.060921223345117598 -0.065588627236908698 -0.08603160953694966 0.095703942422048702 0.0078952375883214101
leaf_weight=5053 2519 200 263 212 172 5210 202 176 229 250 226 207 224 300 161 215 255 1067 237 166 217 1908 316 455 293 166 406 164 218 1138
leaf_count=5053 2519 200 263 212 172 5210 202 176 229 250 226 207 224 300 161 215 255 1067 237 166 217 1908 316 455 293 166 406 164 218 1138
internal_value=0.000139825 0.00368542 -0.0163792 0.00613559 0.0626686 0.00472943 0.0105284 0.0501746 0.00812426 0.0102649 0.00825519 0.0188286 0.0581041 0.00563311 0.03669 0.0572085 0.00296855 0.00118409 -0.00665926 -0.00427026 0.0415914 -0.00809968 -0.0267276 -0.0338518 -0.0231597 0.00253285 -0.0387672 -0.042275 0.0049185 0.0220293
internal_weight=22825 17772 1933 15839 384 15455 10242 585 9657 9264 9014 409 450 8564 676 515 7888 7633 5213 4976 383 4593 1670 1470 1154 2685 861 393 6566 1356
internal_count=22825 17772 1933 15839 384 15455 10242 585 9657 9264 9014 409 450 8564 676 515 7888 7633 5213 4976 383 4593 1670 1470 1154 2685 861 393 6566 1356
is_linear=0
shrinkage=0.0161


Tree=194
num_leaves=31
num_cat=0
split_feature=25 336 280 536 256 57 171 503 172 215 170 235 238 279 149 187 551 498 340 510 323 589 150 412 557 186 351 504 462 504
split_gain=4134.47 3871.04 3871.38 3513.98 3441.63 4390.45 4505.09 3590.02 3768.45 3550.63 5731.51 4006.47 4451.51 3340.98 4372.25 2953.98 4850.96 3222.15 2480.38 2375.21 2280.88 2279.49 2271.97 3951.5 2659.76 2404.92 2198.95 2150.2 2273.49 2098.48
threshold=3.5000000000000004 61.500000000000007 2.5000000000000004 15.500000000000002 29.500000000000004 52.000000000000007 8.0000000000000018 310.50000000000006 61.500000000000007 13.500000000000002 35.500000000000007 43.500000000000007 35.500000000000007 24.500000000000004 8.0000000000000018 4.5000000000000009 157.84999847412112 200.50000000000003 24.500000000000004 113.50000000000001 5.5000000000000009 124.35000228881837 43.500000000000007 8.0000000000000018 187.55000305175784 6.5000000000000009 6.5000000000000009 226.50000000000003 8.0000000000000018 194.50000000000003
decision_type=2 2 2 2 2 2 2 2 2 2 2 2 2 2 2 2 8 2 2 2 2 10 2 2 10 2 2 2 2 2
left_child=-1 2 21 -4 5 7 -7 8 9 22 11 12 13 15 -15 16 -11 18 -17 -10 26 -2 24 -24 -5 29 -6 28 -27 -26
right_child=1 -3 3 4 20 6 -8 -9 19 10 -12 -13 -14 14 -16 17 -18 -19 -20 -21 -22 -23 23 -25 25 27 -28 -29 -30 -31
leaf_value=-0.014590777296880415 -0.0096700133778276597 -0.0436811468143408 -0.0095534332694702743 0.0065865389277107349 -0.018644285797950168 0.0076559174268129608 0.10387618662660293 0.068876559008435576 -0.00142738725703451 -0.0080515705573072568 0.09392019337134111 0.09562936978043636 0.089138176847965392 0.10495701956295937 -0.0043387684377662458 -0.0081865213813490413 0.10616209494770172 -0.058946458047870146 0.052500056027782918 -0.08903321802080294 -0.02729121962115184 -0.055981003920560712 -0.01212304126578331 0.097689227258571473 -0.030510134603552539 0.021012889787100142 0.062371861006273011 -0.093018831005902636 -0.060210325441410882 0.050533256963249291
leaf_weight=4405 1347 453 2921 6428 178 237 271 268 162 231 287 164 188 195 184 1210 165 283 204 160 975 347 161 179 164 165 169 166 194 167
leaf_count=4405 1347 453 2921 6428 178 237 271 268 162 231 287 164 188 195 184 1210 165 283 204 160 975 347 161 179 164 165 169 166 194 167
internal_value=-0.000592439 0.00279005 0.00397604 0.00641653 0.00996437 0.012718 0.0590324 0.0106384 0.00922467 0.0108543 0.0253511 0.0183742 0.0136023 0.00784811 0.0518331 -0.000105444 0.039478 -0.00935623 0.000552181 -0.0450313 -0.0146647 -0.0191703 0.00493571 0.0456207 0.00303341 -0.0236208 0.0207453 -0.0450568 -0.0228138 0.0103077
internal_weight=22628 18223 17770 16076 13155 11833 508 11325 11057 10735 3111 2824 2660 2472 379 2093 396 1697 1414 322 1322 1694 7624 340 7284 856 347 525 359 331
internal_count=22628 18223 17770 16076 13155 11833 508 11325 11057 10735 3111 2824 2660 2472 379 2093 396 1697 1414 322 1322 1694 7624 340 7284 856 347 525 359 331
is_linear=0
shrinkage=0.0161


Tree=195
num_leaves=31
num_cat=0
split_feature=144 122 139 532 543 594 579 582 529 61 530 334 588 290 395 190 533 533 541 254 498 564 535 587 170 100 446 494 115 215
split_gain=3872.11 4184.25 3057.23 3062.04 3715.67 5762.28 3427.74 5332.05 3825.13 3252.28 3613.85 5322.98 3130.51 4346.22 4432.99 4365.44 4021.88 5307.26 3190.23 2760.96 2514.18 4740.68 2426.03 4382.94 2365.18 2398.21 4087.8 2403.18 1978.19 1958.3
threshold=6.5000000000000009 61.500000000000007 29.500000000000004 265.50000000000006 226.84999847412112 198.94999694824222 220.15000152587893 209.25000000000003 231.50000000000003 35.500000000000007 188.50000000000003 10.500000000000002 140.84999847412112 29.500000000000004 5.5000000000000009 8.0000000000000018 141.50000000000003 161.50000000000003 71.049999237060561 13.500000000000002 262.50000000000006 205.94999694824222 115.50000000000001 131.05000305175784 35.500000000000007 24.500000000000004 24.500000000000004 154.50000000000003 10.500000000000002 24.500000000000004
decision_type=2 2 2 2 10 8 10 10 2 2 2 2 10 2 2 2 2 2 10 2 2 10 2 8 2 2 2 2 2 2
left_child=1 20 3 4 6 -6 7 8 9 10 12 -12 13 16 -15 -16 18 -18 -2 -5 24 -22 23 29 25 -1 27 -27 -11 -20
right_child=2 -3 -4 19 5 -7 -8 -9 -10 28 11 -13 -14 14 15 -17 17 -19 22 -21 21 -23 -24 -25 -26 26 -28 -29 -30 -31
leaf_value=-0.011520712198286933 -0.010521629335270575 0.060448608547743664 -0.017421260551778939 -0.059633044025719562 0.12364851905654667 -0.0045781441830197037 -0.03844955237053594 0.093327650660371214 -0.049394114847580217 0.0076459129968562663 0.11145523439146007 -0.0042081269881585354 -0.015335642006534152 -0.0091160563125873596 0.030961230993055821 0.12560290283385786 0.11938556543924037 0.0090118242991561147 0.01953298610393351 0.01628897468253581 0.095484719933209505 -0.024862793818910298 -0.025968360389392802 0.089243015052413402 -0.048440172926871417 -0.01167339489478353 0.084885501547715805 0.050672914801146086 -0.04579152754582011 -0.021924192236539661
leaf_weight=8932 1811 231 1291 311 187 176 380 199 281 326 232 185 987 211 252 255 198 264 2642 206 167 172 327 221 403 823 174 199 398 332
leaf_count=8932 1811 231 1291 311 187 176 380 199 281 326 232 185 987 211 252 255 198 264 2642 206 167 172 327 221 403 823 174 199 398 332
internal_value=-0.000535216 -0.00734356 0.00593805 0.00884532 0.0108489 0.0614132 0.00891455 0.0108904 0.00904906 0.0109523 0.0139411 0.0600853 0.0113723 0.0154233 0.0527959 0.0786085 0.0107888 0.0563658 0.00683604 -0.0293362 -0.00878639 0.034354 0.015768 0.020047 -0.0101773 -0.00865252 0.0127481 0.000443414 -0.0216974 0.014897
internal_weight=22773 11101 11672 10381 9864 363 9501 9121 8922 8641 7917 417 7500 6513 718 507 5795 462 5333 517 10870 339 3522 3195 10531 10128 1196 1022 724 2974
internal_count=22773 11101 11672 10381 9864 363 9501 9121 8922 8641 7917 417 7500 6513 718 507 5795 462 5333 517 10870 339 3522 3195 10531 10128 1196 1022 724 2974
is_linear=0
shrinkage=0.0161


Tree=196
num_leaves=31
num_cat=0
split_feature=112 347 56 594 365 41 181 290 236 535 540 488 489 594 598 173 15 371 453 444 551 19 447 149 198 499 83 536 534 183
split_gain=4364.31 3756.72 2814.18 6541.8 9080.68 3697.22 2730.14 3213.78 3397.27 3317.84 5102.1 3518.96 3193.43 3557.12 4955.91 3483.57 3984.41 3269.64 3284.05 2826.9 3598.49 3370.09 4317.16 2939.88 2728.84 2667.29 2704.4 2340.76 5086.2 5806
threshold=4.5000000000000009 87.000000000000014 29.500000000000004 173.15000152587893 13.500000000000002 8.0000000000000018 10.500000000000002 4.5000000000000009 35.500000000000007 228.50000000000003 226.84999847412112 212.50000000000003 40.500000000000007 117.85000228881837 110.95000076293947 6.5000000000000009 4.5000000000000009 16.500000000000004 8.0000000000000018 4.5000000000000009 106.85000228881837 13.500000000000002 10.500000000000002 4.5000000000000009 20.000000000000004 102.50000000000001 13.500000000000002 178.50000000000003 207.50000000000003 13.500000000000002
decision_type=2 2 2 8 2 2 2 2 2 2 10 2 2 10 10 2 2 2 2 2 10 2 2 2 2 2 2 2 2 2
left_child=-1 2 6 24 5 -5 7 -2 9 10 11 12 -9 14 19 -15 -17 18 -18 -14 21 22 23 -21 25 26 -4 -8 29 -29
right_child=1 -3 3 4 -6 -7 27 8 -10 -11 -12 -13 13 15 -16 16 17 -19 -20 20 -22 -23 -24 -25 -26 -27 -28 28 -30 -31
leaf_value=-0.011698332691962394 -0.010084019501478378 0.070549123592207177 -0.021782741999885568 0.071228213653665925 0.13321882177401986 -0.022472160643700164 -0.015103299035501666 -0.00057840039954846969 0.074741925814668125 -0.029081804316611646 0.10204625545958937 -0.036829854908705842 -0.015351122341181205 -0.023453241266780681 0.098125163282498928 0.095175095403818827 -0.011423353784710058 -0.047842578332123492 0.072387322237386156 -0.00059653864489428129 -0.015688425495176399 0.015113526203738983 0.14011377614589043 0.089027390730087252 0.049156481421978232 -0.055900287603351514 0.051105287575394003 0.0028244935675472123 -0.014382725032085972 0.13160795175888518
leaf_weight=6386 2471 217 370 183 271 270 3754 2441 212 538 161 386 323 632 304 174 239 190 245 182 252 374 190 197 208 287 205 204 661 164
leaf_count=6386 2471 217 370 183 271 270 3754 2441 212 538 161 386 323 632 304 174 239 190 245 182 252 374 190 197 208 287 205 204 661 164
internal_value=-0.000414963 0.00400283 0.00310377 0.0221113 0.0594884 0.0153284 0.000716534 0.00570781 0.011254 0.00927934 0.0125642 0.0102098 0.0133755 0.0236981 0.0387607 0.0051389 0.0264759 0.00870556 0.0309528 0.0268567 0.0382849 0.0527332 0.0774191 0.0459269 -0.00315732 -0.0158079 0.00416249 -0.00920371 0.0122963 0.0602811
internal_weight=22691 16305 16088 1794 724 453 14294 9511 7040 6828 6290 6129 5743 3302 1822 1480 848 674 484 1518 1195 943 569 379 1070 862 575 4783 1029 368
internal_count=22691 16305 16088 1794 724 453 14294 9511 7040 6828 6290 6129 5743 3302 1822 1480 848 674 484 1518 1195 943 569 379 1070 862 575 4783 1029 368
is_linear=0
shrinkage=0.0161


Tree=197
num_leaves=31
num_cat=0
split_feature=51 471 555 88 73 594 515 394 406 534 6 568 502 233 204 181 0 377 256 18 293 331 523 449 562 358 121 580 129 176
split_gain=3984.11 3853.37 4452.2 7297.58 4646.8 4050.69 3803.7 3263.44 4546.74 6366.21 3249.41 3219.92 5311.26 2779.52 3753.18 4281.8 3086.53 2741.87 3214.87 7552.95 2880.59 2419.11 2384.32 2471.22 2321.74 2588.32 2249.14 2234.91 4485.26 3132.2
threshold=87.000000000000014 8.0000000000000018 221.94999694824222 8.0000000000000018 10.500000000000002 118.54999923706056 50.500000000000007 10.500000000000002 16.500000000000004 173.50000000000003 73.500000000000014 127.25000000000001 112.50000000000001 6.5000000000000009 29.500000000000004 6.5000000000000009 20.000000000000004 24.500000000000004 16.500000000000004 10.500000000000002 6.5000000000000009 5.5000000000000009 283.50000000000006 3.5000000000000004 220.15000152587893 29.500000000000004 10.500000000000002 124.35000228881837 35.500000000000007 24.500000000000004
decision_type=2 2 10 2 2 10 2 2 2 2 2 10 2 2 2 2 2 2 2 2 2 2 2 2 8 2 2 10 2 2
left_child=1 10 5 -4 -5 11 -7 8 -8 -10 22 13 -13 26 16 -16 17 18 20 -20 -15 -22 23 -1 25 -9 -3 -25 29 -29
right_child=-2 2 3 4 -6 6 7 24 9 -11 -12 12 -14 14 15 -17 -18 -19 19 -21 21 -23 -24 27 -26 -27 -28 28 -30 -31
leaf_value=-0.019705809534902946 -0.058058519032218321 0.0072637973580478655 0.12606574301571244 0.07376533962220326 -0.039022710961413291 0.068218983966316218 -0.013692953984182766 -0.030087855944716604 -0.0050477006389967995 0.11070753169787705 0.05915621684731396 0.12795067340264499 -0.0020809858016684595 0.063371616001876602 0.12963926354950911 0.028508123462453974 -0.016519891455047408 -0.020713042785224071 0.15323002281105066 0.0020508428152301856 -0.014885904063061417 0.029287716962288709 -0.054153051961808613 -0.0063234116884936728 -0.078752211137426947 0.038688589086444861 -0.026137069108006446 -0.0021724370241316608 0.083728035409835574 0.050136255826574196
leaf_weight=2364 298 1919 215 165 222 160 1257 1126 293 212 201 162 163 318 160 340 693 329 164 180 587 709 262 6521 214 162 718 2116 204 345
leaf_count=2364 298 1919 215 165 222 160 1257 1126 293 212 201 162 163 318 160 340 693 329 164 180 587 709 262 6521 214 162 718 2116 204 345
internal_value=0.000422137 0.00119838 0.00833979 0.0508511 0.0090044 0.00574346 -0.00840255 -0.0121657 0.00268553 0.0435 -0.0050226 0.0132659 0.0626624 0.0106376 0.0200854 0.0609172 0.0132266 0.0222505 0.0294817 0.0741931 0.0199375 0.00926191 -0.0061167 -0.00502501 -0.0296034 -0.0214191 -0.00182164 -0.00124437 0.0111747 0.00515099
internal_weight=22779 22481 10468 602 387 9866 3424 3264 1762 505 12013 6442 325 6117 3480 500 2980 2287 1958 344 1614 1296 11812 11550 1502 1288 2637 9186 2665 2461
internal_count=22779 22481 10468 602 387 9866 3424 3264 1762 505 12013 6442 325 6117 3480 500 2980 2287 1958 344 1614 1296 11812 11550 1502 1288 2637 9186 2665 2461
is_linear=0
shrinkage=0.0161


Tree=198
num_leaves=31
num_cat=0
split_feature=283 496 345 490 280 580 596 596 500 565 214 347 588 519 275 230 107 519 550 463 531 24 531 519 483 53 469 575 410 373
split_gain=4498.14 5156.88 12176.1 4716 3458.83 3297.94 3750.93 3400.23 3329.86 3175.56 3333.63 3760.2 5237.36 4125.72 5822.16 4105.42 5085.25 3931.4 5022.54 3288.27 3139.73 2778.55 2552.35 3048.02 4137.23 8656.56 3047.11 2813.89 2553.26 2520.15
threshold=3.5000000000000004 286.50000000000006 5.5000000000000009 320.50000000000006 8.0000000000000018 201.75000000000003 218.75000000000003 181.25000000000003 191.50000000000003 77.149997711181655 5.5000000000000009 52.000000000000007 156.05000305175784 141.50000000000003 3.5000000000000004 29.500000000000004 8.0000000000000018 211.50000000000003 207.44999694824222 2.5000000000000004 159.50000000000003 2.5000000000000004 210.50000000000003 95.500000000000014 112.50000000000001 5.5000000000000009 10.500000000000002 134.44999694824222 24.500000000000004 10.500000000000002
decision_type=2 2 2 2 2 10 10 8 2 8 2 2 8 2 2 2 2 2 8 2 2 2 2 2 2 2 2 10 2 2
left_child=-1 3 -3 5 -4 9 7 20 -9 -2 -11 13 -13 15 -15 19 -17 29 -19 -12 -7 -21 23 28 25 -25 -27 -26 -23 -16
right_child=1 2 4 -5 -6 6 -8 8 -10 10 11 12 -14 14 17 16 -18 18 -20 21 -22 22 -24 24 27 26 -28 -29 -30 -31
leaf_value=-0.01378439732426066 -0.010511357889342692 0.16735605253183267 0.061462159059708414 0.089024852271172794 -0.034987731658994298 -0.079525135718119325 -0.065903418744099787 0.075109626918798827 -0.013654446126453345 -0.0032157739310693773 0.067247765789776454 0.0050838353173093239 0.13264444639119269 0.07537591859138118 -0.047856937715220621 0.11736447007444464 0.01580862462550961 0.081138743569751093 -0.029256725283477367 -0.024755771694247669 0.0032763676379384157 0.0040331073714920665 -0.039637103508909512 0.17167150788502453 -0.034422868238734534 -0.0051731905821282721 0.084772966134481917 0.040768702942823296 0.048634005187608922 -0.0059795704790065263
leaf_weight=4562 3246 167 161 162 240 222 375 201 240 4877 286 174 161 198 809 234 283 217 210 503 254 2639 209 160 225 238 165 302 381 693
leaf_count=4562 3246 167 161 162 240 222 375 201 240 4877 286 174 161 198 809 234 283 217 210 503 254 2639 209 160 225 238 165 302 381 693
internal_value=0.000512299 0.0040909 0.051843 0.00255406 0.00367784 0.00175234 -0.0230002 -0.00542953 0.0267493 0.00372666 0.00729347 0.0136342 0.0664593 0.0113483 -0.00774447 0.0185721 0.0618195 -0.0162885 0.0267908 0.0141902 -0.0352917 0.0110384 0.0152126 0.0180075 0.0410924 0.0714454 0.031595 0.00862138 0.0096677 -0.028551
internal_weight=22794 18232 568 17664 401 17502 1292 917 441 16210 12964 8087 335 7752 2127 5625 517 1929 427 5108 476 4822 4319 4110 1090 563 403 527 3020 1502
internal_count=22794 18232 568 17664 401 17502 1292 917 441 16210 12964 8087 335 7752 2127 5625 517 1929 427 5108 476 4822 4319 4110 1090 563 403 527 3020 1502
is_linear=0
shrinkage=0.0161


Tree=199
num_leaves=31
num_cat=0
split_feature=410 522 216 224 110 111 464 456 289 47 494 502 308 577 19 74 347 466 531 446 451 475 251 223 519 526 92 520 135 245
split_gain=4886.55 3946.07 3830.72 3785.99 5193.54 5193.13 4512.96 6927.82 6520.87 3739.69 3367.72 6181.9 2842.58 3037.31 2838.56 2538.7 2388.3 3538.32 3475.28 2350.41 3016.63 2828.22 2699.58 2035.4 2009.9 2022.87 1914.4 1836.23 2623.59 2671.57
threshold=4.5000000000000009 290.50000000000006 3.5000000000000004 13.500000000000002 43.500000000000007 20.000000000000004 10.500000000000002 8.0000000000000018 10.500000000000002 35.500000000000007 261.50000000000006 205.50000000000003 20.000000000000004 132.44999694824222 13.500000000000002 24.500000000000004 3.5000000000000004 13.500000000000002 160.50000000000003 35.500000000000007 6.5000000000000009 52.000000000000007 35.500000000000007 20.000000000000004 105.50000000000001 31.500000000000004 5.5000000000000009 143.50000000000003 6.5000000000000009 6.5000000000000009
decision_type=2 2 2 2 2 2 2 2 2 2 2 2 2 10 2 2 2 2 2 2 2 2 2 2 2 2 2 2 2 2
left_child=-1 2 12 10 6 -6 7 8 -5 15 19 -12 13 -2 -9 16 -8 23 24 20 -4 22 27 -18 25 -19 -21 -22 -29 -30
right_child=1 -3 3 4 5 -7 9 14 -10 -11 11 -13 -14 -15 -16 -17 17 18 -20 26 21 -23 -24 -25 -26 -27 -28 28 29 -31
leaf_value=-0.012290777274559473 -0.0073350830341524361 -0.039042852160189601 -0.0069507128394452828 0.039319373470281242 0.017313091697936003 0.14110622678641765 0.061356807055822297 0.037146427513207243 0.16715587447456945 0.061449631127323746 0.12579667085143686 -0.013499736882769694 0.039636711896565945 -0.050581674871529834 -0.038725112508703745 -0.035114410617211086 -0.0035746487035204192 -0.0097725502201730808 0.091446819914626831 0.02052697762702883 0.012879954227009565 0.071235930947653167 0.059128597974292728 -0.056387960974583963 -0.038595255754900734 0.070328899694519012 -0.042989668888216877 -0.042308140668963636 0.057440452811763069 -0.016336858920259534
leaf_weight=6421 2151 527 3475 236 169 184 189 339 185 274 161 169 263 524 205 463 582 163 170 163 3162 206 274 281 166 163 496 427 202 343
leaf_count=6421 2151 527 3475 236 169 184 189 339 185 274 161 169 263 524 205 463 582 163 170 163 3162 206 274 281 166 163 496 427 202 343
internal_value=-0.00039246 0.00428971 0.00573791 0.00953176 0.0230973 0.0819065 0.0170132 0.0465085 0.0955505 0.00539084 0.00389703 0.0543887 -0.0108435 -0.0158154 0.00851186 -0.00165397 0.00737091 0.00066476 0.0286802 0.00198964 0.00437414 0.0129085 0.0101773 -0.0207984 0.00694471 0.030206 -0.0272435 0.00692712 -0.0124137 0.0109649
internal_weight=22733 16312 15785 12847 3769 353 3416 965 421 2451 9078 330 2938 2675 544 2177 1714 1525 662 8748 8089 4614 4408 863 492 326 659 4134 972 545
internal_count=22733 16312 15785 12847 3769 353 3416 965 421 2451 9078 330 2938 2675 544 2177 1714 1525 662 8748 8089 4614 4408 863 492 326 659 4134 972 545
is_linear=0
shrinkage=0.0161


Tree=200
num_leaves=31
num_cat=0
split_feature=111 457 61 521 555 199 114 182 351 455 203 350 178 404 52 588 447 443 331 151 408 95 102 165 352 548 480 311 146 525
split_gain=3742.79 3138.96 5009.27 4150.95 4041.21 6502.5 2851.86 4007.83 3328.63 4222.98 4804.07 2751.7 2709.68 2688.56 3826.88 2399.71 3909.99 2586.64 2353.33 2900.14 2763.97 2331.1 2202.15 3390.99 2193.81 2165.6 3256.07 2063.77 3566.72 3293.57
threshold=4.5000000000000009 5.5000000000000009 87.000000000000014 290.50000000000006 221.94999694824222 13.500000000000002 5.5000000000000009 10.500000000000002 20.000000000000004 13.500000000000002 13.500000000000002 52.000000000000007 10.500000000000002 35.500000000000007 5.5000000000000009 182.25000000000003 8.0000000000000018 16.500000000000004 35.500000000000007 5.5000000000000009 24.500000000000004 20.000000000000004 16.500000000000004 5.5000000000000009 29.500000000000004 98.750000000000014 57.500000000000007 6.5000000000000009 24.500000000000004 177.50000000000003
decision_type=2 2 2 2 10 2 2 2 2 2 2 2 2 2 2 8 2 2 2 2 2 2 2 2 2 8 2 2 2 2
left_child=13 24 3 4 6 -6 18 8 22 12 -11 15 -10 -1 -15 25 -17 -18 19 -3 21 -21 -8 -24 27 26 -9 29 -29 -2
right_child=1 2 -4 -5 5 -7 7 11 9 10 -12 -13 -14 14 -16 16 17 -19 -20 20 -22 -23 23 -25 -26 -27 -28 28 -30 -31
leaf_value=-0.013168249443205948 -0.0058915670990526692 -0.020598920069663396 0.095631095040893399 -0.04651682499372102 0.10352136149247969 -0.0090410112333865703 0.0058241982487845876 -0.016952821546494686 -0.0038824835821412024 0.034670916280762548 0.14080664900072346 0.059624417338083435 0.062983660610422085 0.089095719070171872 -0.017882537048913148 0.066887352307588216 0.018632193466517333 -0.061352914525694101 -0.055373337251575311 -0.0074693967287349341 0.0596170144791969 0.043953051212003796 0.084075338490717452 0.014458452790054567 -0.037486993094352182 -0.032215151674821613 0.063009341931143811 0.0014872700538254352 0.06523144542218208 -0.063977308692821103
leaf_weight=5950 2559 1223 170 356 293 243 2313 480 424 235 210 170 249 165 182 262 278 168 229 1120 266 287 264 583 520 1042 182 1829 260 281
leaf_count=5950 2559 1223 170 356 293 243 2313 480 424 235 210 170 249 165 182 262 278 168 229 1120 266 287 264 583 520 1042 182 1829 260 281
internal_value=-6.43222e-05 0.00396552 0.00889887 0.00754114 0.00937254 0.0524464 0.00705796 0.0128664 0.0224274 0.0463125 0.0848103 -0.00296579 0.020822 -0.0106249 0.0329183 -0.00738696 0.0175098 -0.011444 -0.00568513 -0.00174793 0.0120185 0.00300303 0.0139695 0.036185 -0.00603175 -0.0177452 0.00499518 -0.0027085 0.00943223 -0.0116471
internal_weight=22793 16496 11047 10877 10521 536 9985 6860 4278 1118 445 2582 673 6297 347 2412 708 446 3125 2896 1673 1407 3160 847 5449 1704 662 4929 2089 2840
internal_count=22793 16496 11047 10877 10521 536 9985 6860 4278 1118 445 2582 673 6297 347 2412 708 446 3125 2896 1673 1407 3160 847 5449 1704 662 4929 2089 2840
is_linear=0
shrinkage=0.0161


Tree=201
num_leaves=31
num_cat=0
split_feature=490 560 290 168 242 523 366 181 57 282 347 288 365 279 477 595 551 264 405 494 498 189 473 500 592 149 172 516 326 273
split_gain=3714.76 4493.21 3365.07 3278.61 3150.94 2888.83 2959.08 2745.93 2529.03 4336.15 5368.29 5069.51 3549.89 3138.54 3836.47 3165.5 2758.17 6059.69 2539.66 3934.81 9007.1 2499.89 2401.88 2389.73 3944.9 2387.78 2242.13 2192.65 2066.83 2878.49
threshold=344.50000000000006 264.34999084472662 102.50000000000001 2.5000000000000004 87.000000000000014 290.50000000000006 4.5000000000000009 29.500000000000004 16.500000000000004 4.5000000000000009 43.500000000000007 3.5000000000000004 43.500000000000007 8.0000000000000018 35.500000000000007 193.75000000000003 172.25000000000003 10.500000000000002 5.5000000000000009 64.500000000000014 99.500000000000014 29.500000000000004 2.5000000000000004 178.50000000000003 162.34999847412112 10.500000000000002 10.500000000000002 146.50000000000003 8.0000000000000018 10.500000000000002
decision_type=2 10 2 2 2 2 2 2 2 2 2 2 2 2 2 10 10 2 2 2 2 2 2 2 10 2 2 2 2 2
left_child=1 2 3 -1 5 6 21 8 13 28 11 -11 23 27 15 16 18 -18 19 26 -21 -5 -20 24 -13 -25 -15 -8 29 -10
right_child=-2 -3 -4 4 -6 -7 7 -9 9 10 -12 12 -14 14 -16 -17 17 -19 22 20 -22 -23 -24 25 -26 -27 -28 -29 -30 -31
leaf_value=-0.016025420807007907 0.07844216808505973 0.06624628511348496 -0.072631914863274069 -0.010275528046071687 0.063834123802491663 -0.038687667999272167 0.00157492434955359 -0.0155402800521995 -0.023081930946609989 0.086463295005013097 0.11428848061351415 0.0089204099273927275 0.086771200503255125 -0.01901962238877436 0.078630061755215877 -0.032285650499653963 0.11737168704086631 -0.0099410185899871956 0.059489397258764523 0.15696384852705081 0.0080801353124405999 0.037684091826019388 -0.0046895892612336953 0.014831721015075188 0.087513085327064921 -0.066590018054623265 0.051810735910764211 -0.025161503826660249 -0.043967450163974901 0.063251783349937848
leaf_weight=2775 160 267 165 4830 216 442 4100 1284 259 300 186 1396 168 368 235 383 204 184 165 177 261 299 1800 181 188 192 169 986 321 163
leaf_count=2775 160 267 165 4830 216 442 4100 1284 259 300 186 1396 168 368 235 383 204 184 165 177 261 299 1800 181 188 192 169 986 321 163
internal_value=0.00113671 0.000589921 -0.000191733 0.00034484 0.00268081 0.00199308 0.00295081 0.00686435 0.00918883 0.0211293 0.0308973 0.0244915 0.0157314 0.00475217 0.015528 0.0115258 0.0165748 0.0569359 0.0112403 0.0324839 0.0682992 -0.00747509 0.000687508 0.00962092 0.0182632 -0.0270166 0.00322767 -0.00360372 -0.0131652 0.0102092
internal_weight=22824 22664 22397 22232 19457 19241 18799 13670 12386 3354 2611 2425 2125 9032 3946 3711 3328 388 2940 975 438 5129 1965 1957 1584 373 537 5086 743 422
internal_count=22824 22664 22397 22232 19457 19241 18799 13670 12386 3354 2611 2425 2125 9032 3946 3711 3328 388 2940 975 438 5129 1965 1957 1584 373 537 5086 743 422
is_linear=0
shrinkage=0.0161


Tree=202
num_leaves=31
num_cat=0
split_feature=523 295 283 336 496 187 503 300 13 410 351 498 220 275 246 74 579 545 526 423 326 2 85 55 318 240 276 520 496 531
split_gain=4155.5 3796.59 3509.15 3679.05 3749.63 7299.03 5725.54 5123.29 6269.34 4064.57 5065.03 4711.07 3358.93 3013.56 3567.5 2807.03 2641.16 4626.12 2595.25 2372.61 2238.81 2215.91 2189.56 2166.98 7924.58 2051.42 3824.44 2314.55 2024.61 4560.21
threshold=299.50000000000006 3.5000000000000004 3.5000000000000004 73.500000000000014 242.50000000000003 20.000000000000004 302.50000000000006 6.5000000000000009 8.0000000000000018 29.500000000000004 24.500000000000004 103.50000000000001 8.0000000000000018 20.000000000000004 10.500000000000002 13.500000000000002 187.55000305175784 215.15000152587893 242.50000000000003 16.500000000000004 61.500000000000007 5.5000000000000009 1.0000000180025095e-35 43.500000000000007 13.500000000000002 10.500000000000002 13.500000000000002 117.50000000000001 104.50000000000001 180.50000000000003
decision_type=2 2 2 2 2 2 2 2 2 2 2 2 2 2 2 2 10 10 2 2 2 2 2 2 2 2 2 2 2 2
left_child=1 25 19 4 6 7 9 -6 -9 16 13 12 -12 14 15 -11 17 20 -18 -3 22 -21 -4 28 -25 27 -27 -1 29 -24
right_child=-2 2 3 -5 5 -7 -8 8 -10 10 11 -13 -14 -15 -16 -17 18 -19 -20 21 -22 -23 23 24 -26 26 -28 -29 -30 -31
leaf_value=-0.012441723186581675 -0.047346813867535885 -0.018626116979465736 -0.031839882354288612 -0.052234464667385468 -0.036344012151791318 0.12826310640254932 0.10117662425130111 0.12162635333342955 -0.0014273282315267013 -0.041119849058690573 0.05345205914351784 0.013992669116484549 0.15513473820792459 -0.049641383632982074 0.066080195920784887 0.043359023558877607 -0.036259531675893221 0.069517702014931432 0.033568035009524891 0.0622525364742951 -0.045431537535623026 -0.0023977186115643786 0.0055682529697851646 -0.0056595819760231385 0.11500979062080784 -0.011337917105953612 0.058536117444698985 -0.04620984452845641 -0.0090510476097942268 0.091041530070396989
leaf_weight=2839 483 2550 437 266 288 191 162 187 251 259 165 255 174 198 280 168 786 272 167 187 249 516 6472 433 209 775 275 647 2599 166
leaf_count=2839 483 2550 437 266 288 191 162 187 251 259 165 255 174 198 280 168 786 272 167 187 249 516 6472 433 209 775 275 647 2599 166
internal_value=-0.000622832 0.000382571 0.00371973 0.00708288 0.00818268 0.0396876 0.00603314 0.0163522 0.0510556 0.00487152 0.0298439 0.0663775 0.105713 0.00583889 0.0214098 -0.00782714 0.00169449 0.00395609 -0.0239985 -0.0114026 0.00226596 0.014766 0.00341953 0.00498162 0.0335871 -0.0127718 0.00694001 -0.0187158 0.0029909 0.00770927
internal_weight=22906 22423 17887 14634 14368 917 13451 726 438 13289 1499 594 339 905 707 427 11790 10837 953 3253 10565 703 10316 9879 642 4536 1050 3486 9237 6638
internal_count=22906 22423 17887 14634 14368 917 13451 726 438 13289 1499 594 339 905 707 427 11790 10837 953 3253 10565 703 10316 9879 642 4536 1050 3486 9237 6638
is_linear=0
shrinkage=0.0161


Tree=203
num_leaves=31
num_cat=0
split_feature=494 355 291 121 449 6 205 350 365 546 168 472 148 301 506 499 205 278 500 235 106 503 234 2 291 181 519 531 224 295
split_gain=4885.51 3828.58 3158.74 3466.95 3908.44 4578.3 5770.6 3246.54 3083.88 2760.11 5763.28 6324.48 4194.43 3574.1 3737.23 2739.35 2854.49 2890.14 2535.36 2805.22 2228.1 2130.66 2020.33 1993.47 1934.88 1919.99 3394.47 1896.9 2270.46 2620.53
threshold=341.50000000000006 3.5000000000000004 3.5000000000000004 20.000000000000004 4.5000000000000009 52.000000000000007 8.0000000000000018 20.000000000000004 29.500000000000004 189.94999694824222 10.500000000000002 6.5000000000000009 10.500000000000002 4.5000000000000009 116.50000000000001 190.50000000000003 16.500000000000004 10.500000000000002 157.50000000000003 20.000000000000004 5.5000000000000009 153.50000000000003 3.5000000000000004 20.000000000000004 35.500000000000007 3.5000000000000004 58.500000000000007 224.50000000000003 20.000000000000004 13.500000000000002
decision_type=2 2 2 2 2 2 2 2 2 8 2 2 2 2 2 2 2 2 2 2 2 2 2 2 2 2 2 2 2 2
left_child=1 -1 -3 4 24 7 -7 9 15 18 13 -12 -13 14 -11 16 20 -18 21 -20 -9 25 -5 -15 -4 26 -6 28 -24 -30
right_child=-2 2 3 22 5 6 -8 8 -10 10 11 12 -14 23 -16 -17 17 -19 19 -21 -22 -23 27 -25 -26 -27 -28 -29 29 -31
leaf_value=-0.014205986232677055 0.084627185844066172 -0.01181066513326387 -0.0032119240340187033 0.029657953799720339 0.0014893005820021321 0.14305693597140406 0.012146776923752276 0.057852381365187673 0.093279845844700546 -0.0068790311940314219 0.11885494020650479 0.068121655151976518 -0.025619726833505749 -0.0036111912656024286 0.097518885801858829 -0.018605542453818388 0.030317832148789366 0.11641691074657139 -0.040372206637483539 0.033324065249657218 0.0029443404546598603 0.053940968865524554 -0.018370227417790295 -0.062859076398875072 -0.055595575442645331 -0.0031189267773089778 0.073670450185433861 -0.054974572958940489 -0.016933241620634525 0.060285794590320275
leaf_weight=4549 174 3333 2734 291 506 160 193 269 187 182 278 256 239 658 173 313 222 187 654 168 669 225 1795 190 196 2882 254 276 226 229
leaf_count=4549 174 3333 2734 291 506 160 193 269 187 182 278 256 239 658 173 313 222 187 654 168 669 225 1795 190 196 2882 254 276 226 229
internal_value=-0.000354403 -0.00101282 0.0023303 0.00555747 0.00939108 0.01472 0.0715495 0.0123605 0.0312523 0.00712168 0.023082 0.0573838 0.0228131 0.00102143 0.0439303 0.0242507 0.0342266 0.069741 0.000390789 -0.0252816 0.018716 0.00585399 -0.0104858 -0.0169138 -0.00672412 0.00287675 0.025644 -0.0151198 -0.0102205 0.0218791
internal_weight=22668 22494 17945 14612 11795 8865 353 8512 1847 6665 1976 773 495 1203 355 1660 1347 409 4689 822 938 3867 2817 848 2930 3642 760 2526 2250 455
internal_count=22668 22494 17945 14612 11795 8865 353 8512 1847 6665 1976 773 495 1203 355 1660 1347 409 4689 822 938 3867 2817 848 2930 3642 760 2526 2250 455
is_linear=0
shrinkage=0.0161


Tree=204
num_leaves=31
num_cat=0
split_feature=112 471 289 27 90 521 498 548 576 224 419 535 498 276 592 520 510 178 365 110 194 172 558 42 271 475 301 274 70 82
split_gain=3404.33 3738.12 6456.55 3098.44 2853.51 2802.73 5183.33 11013.5 9147.04 2841.94 2802.48 2613.37 5459.36 2877.1 3501.4 3860.43 3630.59 2231.45 2613.85 5268.01 2638.51 2625.59 3640.16 2275.26 2187.94 2340.8 2568.72 2948.54 3407.19 2086.77
threshold=102.50000000000001 43.500000000000007 29.500000000000004 24.500000000000004 8.0000000000000018 290.50000000000006 253.50000000000003 186.44999694824222 203.05000305175784 16.500000000000004 8.0000000000000018 218.50000000000003 210.50000000000003 5.5000000000000009 178.05000305175784 147.50000000000003 148.50000000000003 16.500000000000004 29.500000000000004 8.0000000000000018 5.5000000000000009 5.5000000000000009 181.25000000000003 73.500000000000014 24.500000000000004 4.5000000000000009 20.000000000000004 10.500000000000002 10.500000000000002 73.500000000000014
decision_type=2 2 2 2 2 2 2 8 8 2 2 2 2 2 10 2 2 2 2 2 2 2 8 2 2 2 2 2 2 2
left_child=1 5 3 4 -3 6 9 -8 -9 17 -6 12 13 -11 15 16 24 23 20 -20 21 -19 -23 29 25 -15 27 -27 -29 -1
right_child=-2 2 -4 -5 10 -7 7 8 -10 11 -12 -13 -14 14 -16 -17 -18 18 19 -21 -22 22 -24 -25 -26 26 -28 28 -30 -31
leaf_value=-0.0095807487934455957 -0.065456225609452981 -0.039627751973914119 0.11718745965201192 0.062776281832306269 0.075152498998265635 -0.037642853217588201 -0.032837480938316982 0.16835083412238089 0.030086513070460622 -0.010123196264752519 -0.018753347605113956 -0.030528349539263689 0.10493817599176054 -0.013643251138154015 0.090819490416191626 -0.035650748712730579 0.092990849347763055 -0.0086182869758176916 -0.019422664251177807 0.094511833708729551 -0.011455180045878966 0.01791406038749788 0.10476195986428995 0.051729094198933415 -0.02953227651385151 0.023641699614398097 -0.011909517064992903 0.034307040154120567 0.13632165377809424 0.044294889380352954
leaf_weight=12628 207 329 181 228 162 537 340 206 313 1217 167 374 164 325 170 331 179 447 188 238 1652 442 175 163 229 496 230 171 170 189
leaf_count=12628 207 329 181 228 162 537 340 206 313 1217 167 374 164 325 170 331 179 447 188 238 1652 442 175 163 229 496 230 171 170 189
internal_value=-0.000460937 0.000132256 0.0295495 0.0116194 -0.00607087 -0.00132156 -0.000393287 0.0383383 0.0850113 -0.0020433 0.0274145 0.0100011 0.0141243 0.00988407 0.0204761 0.0148535 0.0241537 -0.00507491 0.00709543 0.0441756 0.0012708 0.0210517 0.0425849 -0.00802273 0.0165378 0.0241338 0.0356624 0.0487629 0.0852338 -0.00878446
internal_weight=22848 22641 1067 886 658 21574 21037 859 519 20178 329 4056 3682 3518 2301 2131 1800 16122 3142 426 2716 1064 617 12980 1621 1392 1067 837 341 12817
internal_count=22848 22641 1067 886 658 21574 21037 859 519 20178 329 4056 3682 3518 2301 2131 1800 16122 3142 426 2716 1064 617 12980 1621 1392 1067 837 341 12817
is_linear=0
shrinkage=0.0161


Tree=205
num_leaves=31
num_cat=0
split_feature=572 50 233 340 567 91 5 424 572 567 49 482 535 351 383 297 582 351 559 542 129 385 481 186 275 392 64 554 590 31
split_gain=3077.57 3165.46 3719.19 3507.37 7946.9 3208.54 3214.24 4583.84 3562.35 5498.19 5567.62 4125.09 8140.31 9797.44 4096.59 2924.62 3041.32 3398.77 3669.7 2868.57 2622.74 2822.18 2704.35 2667.59 3427.21 3335.19 3238.15 2567.87 2515.36 2469.43
threshold=271.25000000000006 4.5000000000000009 43.500000000000007 61.500000000000007 131.75000000000003 43.500000000000007 52.000000000000007 43.500000000000007 209.25000000000003 215.15000152587893 24.500000000000004 142.50000000000003 119.50000000000001 8.0000000000000018 10.500000000000002 61.500000000000007 144.84999847412112 8.0000000000000018 170.05000305175784 108.85000228881837 16.500000000000004 8.0000000000000018 60.500000000000007 8.0000000000000018 8.0000000000000018 4.5000000000000009 10.500000000000002 247.34999847412112 94.250000000000014 29.500000000000004
decision_type=10 2 2 2 10 2 2 2 8 8 2 2 2 2 2 2 10 2 8 10 2 2 2 2 2 2 2 10 8 2
left_child=1 2 -1 5 -5 6 8 -8 15 10 14 12 -11 -14 -10 16 17 -3 20 -9 23 -22 -23 24 28 -26 -27 29 -19 -18
right_child=-2 3 -4 4 -6 -7 7 19 9 11 -12 -13 13 -15 -16 -17 27 18 -20 -21 21 22 -24 -25 25 26 -28 -29 -30 -31
leaf_value=-0.011367423585209001 -0.057756171578548801 -0.0063287617480813092 0.058055004552508192 -0.0072087537644452988 0.13955810687431286 -0.025537204416639266 0.10441458560310719 -0.041347150121502731 0.072326384524540904 0.0058517963695238094 0.13800733066366727 -0.018511260329713567 0.17215839002366878 0.0065481678039029838 -0.021172960736476596 0.060024010236991554 -0.025828477303404263 0.018577337108605388 0.082377299472211896 0.05025012779106347 0 0.023006969435751583 0.10141498764730998 -0.018110763944995448 -0.013398786750042059 0.11071062352388948 0.017294939657265626 0.044217645839151672 -0.032231100949449108 0.03828815731376381
leaf_weight=5866 234 4569 207 237 160 933 202 163 280 1587 173 995 186 185 214 201 2250 638 196 194 322 229 229 976 164 237 163 165 418 167
leaf_count=5866 234 4569 207 237 160 933 202 163 280 1587 173 995 186 185 214 201 2250 638 196 194 322 229 229 976 164 237 163 165 418 167
internal_value=0.000328808 0.000933777 -0.00899726 0.00460534 0.0518823 0.00343344 0.00522469 0.0431139 0.00376679 0.0176088 0.0593638 0.00816949 0.0217399 0.0896399 0.031775 -0.00081801 -0.00196067 0.00286563 0.0146329 0.00836247 0.0106929 0.0365841 0.0622624 0.00290454 0.0155801 0.0476243 0.0727026 -0.0171871 -0.00151205 -0.0213887
internal_weight=22740 22506 6073 16433 397 16036 15103 559 14544 3620 667 2953 1958 371 494 10924 10723 8141 3572 357 3376 780 458 2596 1620 564 400 2582 1056 2417
internal_count=22740 22506 6073 16433 397 16036 15103 559 14544 3620 667 2953 1958 371 494 10924 10723 8141 3572 357 3376 780 458 2596 1620 564 400 2582 1056 2417
is_linear=0
shrinkage=0.0161


Tree=206
num_leaves=31
num_cat=0
split_feature=540 357 523 188 481 576 120 224 499 503 10 485 378 112 558 499 534 511 158 585 204 169 19 553 517 290 9 438 555 560
split_gain=3354.39 6693.71 3254.03 2963.57 4734.12 7461.42 4566.1 7080.79 3390.9 2737.98 2728.85 2637.05 2614.29 2701.44 2989.47 3247.12 2723.75 6157.95 3817.03 3213.72 2924.58 2982.16 3474.91 2601.35 3025.42 2482.81 2343.94 2310.41 2679.39 2193.06
threshold=255.05000305175784 10.500000000000002 290.50000000000006 20.000000000000004 90.500000000000014 112.95000076293947 6.5000000000000009 20.000000000000004 119.50000000000001 195.50000000000003 8.0000000000000018 278.50000000000006 52.000000000000007 4.5000000000000009 244.44999694824222 200.50000000000003 154.50000000000003 93.500000000000014 24.500000000000004 183.15000152587893 10.500000000000002 35.500000000000007 8.0000000000000018 154.15000152587893 142.50000000000003 10.500000000000002 20.000000000000004 5.5000000000000009 184.15000152587893 205.94999694824222
decision_type=10 2 2 2 2 8 2 2 2 2 2 2 2 2 10 2 2 2 2 10 2 2 2 10 2 2 2 2 10 8
left_child=2 -2 3 11 -5 -6 8 10 -7 -4 -8 12 13 -1 15 16 19 -18 -19 20 23 -22 -23 -15 -25 27 -12 -17 -29 -13
right_child=1 -3 9 4 5 6 7 -9 -10 -11 26 29 -14 14 -16 25 17 18 -20 -21 21 22 -24 24 -26 -27 -28 28 -30 -31
leaf_value=-0.012422895930318471 0.11321437545636141 -0.016708488489503945 0.0047006171508817028 -0.0068911230093976015 0.11732408316769714 0.039116860548228473 0.067888281448723942 0.12857724519467451 -0.047896091974566041 -0.072400299184357544 0.034952580017825925 -0.0076846672248021856 -0.035676630321988284 -0.0078417065752634848 0.063559372856382634 0.047339554682950022 0.11141950929253679 0.00020047465392515076 0.074565109669492799 -0.066178964334229262 0.0079319400062758116 0.11154586274672333 0.01191969770787981 0.087044475643898708 -0.010795976403681039 -0.054972674737399238 -0.036520307454422411 0.016181794949399458 -0.069265958400732908 -0.089390180747470127
leaf_weight=5091 191 222 191 1676 227 172 190 186 356 316 217 170 640 5903 198 160 179 1213 210 188 2850 165 203 166 161 457 263 194 186 172
leaf_count=5091 191 222 191 1676 227 172 190 186 356 316 217 170 640 5903 198 160 179 1213 210 188 2850 165 203 166 161 457 263 194 186 172
internal_value=-0.00214098 0.0433199 -0.00298398 -0.00204479 0.0120407 0.0317509 0.0176984 0.0406747 -0.0195064 -0.043308 0.0162368 -0.00454789 -0.00371255 -0.00254384 0.0014995 0.000493253 0.00296559 0.0224051 0.0111914 -0.000263817 0.0010453 0.0135108 0.056653 -0.00538979 0.0388003 -0.0273509 -0.00415957 -0.00393111 -0.0255807 -0.0488451
internal_weight=22713 413 22300 21793 3287 1611 1384 856 528 507 670 18506 18164 17524 12433 12235 11238 1602 1423 9636 9448 3218 368 6230 327 997 480 540 380 342
internal_count=22713 413 22300 21793 3287 1611 1384 856 528 507 670 18506 18164 17524 12433 12235 11238 1602 1423 9636 9448 3218 368 6230 327 997 480 540 380 342
is_linear=0
shrinkage=0.0161


Tree=207
num_leaves=31
num_cat=0
split_feature=489 494 51 169 377 53 27 239 553 111 182 280 387 373 109 519 505 7 446 214 576 542 267 347 295 275 513 89 2 509
split_gain=4231.42 3522.34 3278.09 3582.44 3089.22 2903.18 2882.78 5871.86 5588.22 4284.75 4578.68 3965.57 4549.36 5108.58 3448.2 2794.76 2923.93 2915.59 2746.7 3610.71 2575.86 4846.14 2565.76 2231.82 2209.9 2821.84 3365.1 2361.43 2206.85 4865.67
threshold=344.50000000000006 334.50000000000006 102.50000000000001 3.5000000000000004 87.000000000000014 87.000000000000014 10.500000000000002 43.500000000000007 160.44999694824222 61.500000000000007 13.500000000000002 5.5000000000000009 4.5000000000000009 8.0000000000000018 52.000000000000007 145.50000000000003 20.500000000000004 24.500000000000004 13.500000000000002 13.500000000000002 145.55000305175784 177.15000152587893 43.500000000000007 35.500000000000007 13.500000000000002 6.5000000000000009 96.500000000000014 8.0000000000000018 35.500000000000007 78.500000000000014
decision_type=2 2 2 2 2 2 2 2 8 2 2 2 2 2 2 2 2 2 2 2 10 10 2 2 2 2 2 2 2 2
left_child=1 2 3 -1 5 6 20 9 -9 10 11 -8 13 -13 15 16 -14 24 19 -12 21 28 -20 -22 25 27 -27 -18 -5 -30
right_child=-2 -3 -4 4 -6 -7 7 8 -10 -11 18 12 14 -15 -16 -17 17 -19 22 -21 23 -23 -24 -25 -26 26 -28 -29 29 -31
leaf_value=-0.012825077628281549 0.081730514365822279 0.073995979427161573 -0.064976482231323768 -0.0007759808903088052 -0.050896090052782235 -0.050687879431829543 -0.0040344681366903867 0.011737686459325835 0.1458503996630357 0.088142178149698311 -0.011184535249005359 0.13979285336826228 -0.0091607028123219195 0.018451429687587818 0.090826640739416792 -0.011280172532442855 0.051126396663208888 0.090943970937996665 -0.034229045207137668 0.068755650561748594 -0.021375141673107556 0.090271309544682349 0.027827946452775129 0.036042448624674872 -0.0054928135330042163 0.033162426913346817 0.12914940986777604 -0.035652301777779269 -0.00234623919451395 0.10541310095843073
leaf_weight=4674 164 164 205 6958 271 249 1641 160 163 174 463 185 452 176 166 737 165 226 1211 214 2008 163 201 192 356 232 161 160 313 166
leaf_count=4674 164 164 205 6958 271 249 1641 160 163 174 463 185 452 176 166 737 165 226 1211 214 2008 163 201 192 356 232 161 160 313 166
internal_value=0.000245015 -0.000345097 -0.00088941 -0.000297541 0.00303504 0.00388161 0.00468026 0.0123827 0.0794897 0.00924695 0.00720851 0.0160943 0.0270542 0.0806999 0.0197511 0.0150014 0.0260705 0.0383382 -0.0125893 0.0140498 -0.00101005 0.00342837 -0.0253785 -0.0163535 0.0272465 0.0435122 0.0725452 0.00833216 0.00152183 0.0349492
internal_weight=22770 22606 22442 22237 17563 17292 17043 7243 323 6920 6746 4657 3016 361 2655 2489 1752 1300 2089 677 9800 7600 1412 2200 1074 718 393 325 7437 479
internal_count=22770 22606 22442 22237 17563 17292 17043 7243 323 6920 6746 4657 3016 361 2655 2489 1752 1300 2089 677 9800 7600 1412 2200 1074 718 393 325 7437 479
is_linear=0
shrinkage=0.0161


Tree=208
num_leaves=31
num_cat=0
split_feature=494 207 336 524 410 488 489 561 0 211 300 474 572 586 524 41 516 429 526 148 201 487 372 265 260 300 350 232 599 348
split_gain=3783.74 3200.07 3299.43 3341.67 3771.13 3796.61 5171.88 5651.59 3572.49 4433.23 4505.13 5457.69 6724.93 3541.66 3435.38 6767.41 4950.96 4165.5 3286.84 2912.51 3745.62 2852.16 2712.4 2690.51 2546.14 2507.77 2383.62 3709.62 2357.71 2318.22
threshold=344.50000000000006 2.5000000000000004 87.000000000000014 320.50000000000006 6.5000000000000009 293.50000000000006 226.50000000000003 244.44999694824222 10.500000000000002 6.5000000000000009 6.5000000000000009 8.0000000000000018 165.25000000000003 141.55000305175784 91.500000000000014 4.5000000000000009 116.50000000000001 10.500000000000002 95.500000000000014 6.5000000000000009 6.5000000000000009 79.500000000000014 13.500000000000002 10.500000000000002 10.500000000000002 5.5000000000000009 35.500000000000007 16.500000000000004 164.05000305175784 16.500000000000004
decision_type=2 2 2 2 2 2 2 10 2 2 2 2 8 10 2 2 2 2 2 2 2 2 2 2 2 2 2 2 8 2
left_child=1 -1 3 4 -3 6 7 8 9 19 18 29 24 14 26 -16 17 -17 21 -6 25 23 -8 -11 -13 -21 -10 -28 -20 -12
right_child=-2 2 -4 -5 5 -7 22 -9 13 10 11 12 -14 -15 15 16 -18 -19 28 20 -22 -23 -24 -25 -26 -27 27 -29 -30 -31
leaf_value=-0.017757330598844788 0.07435758065172629 -0.0047919106792682483 -0.058937956159429573 -0.0546342940506859 -0.012172160581730297 0.070316020491418135 -0.06063984321349325 0.092373218678342681 -0.0096381607421703805 -0.0033055797322448007 -0.0021180485716285721 0.086247897121192074 0.16353975558759168 -0.026851664713945778 0.12287946567387781 -0.002685116919257114 -0.034403810924808799 0.1089119140435067 -0.0485880247847221 0.092462998971548402 -0.0048990794255217096 0.083554309775214053 0.0038597711636234253 0.06419804377665006 0.0028821196718457069 0.022155569260331968 -0.023369324998186548 0.07965800492413852 0.017405176092952609 0.070308625510231954
leaf_weight=2501 176 8802 231 264 1439 259 415 216 2086 501 378 222 211 1086 178 172 321 174 288 237 614 220 284 220 167 298 160 208 273 164
leaf_count=2501 176 8802 231 264 1439 259 415 216 2086 501 378 222 211 1086 178 172 321 174 288 237 614 220 284 220 167 298 160 208 273 164
internal_value=-2.27745e-06 -0.000582687 0.00155442 0.00225933 0.00302712 0.00940713 0.00790704 0.0109169 0.00908497 0.0180688 0.032732 0.0568409 0.0903038 -0.00162876 0.00666725 0.0346677 0.0110917 0.0533679 0.0143859 0.00307913 0.0222002 0.0327837 -0.0344003 0.0172593 0.050519 0.0533451 -0.00296472 0.0347996 -0.0164317 0.0197536
internal_weight=22765 22589 20088 19857 19593 10791 10532 9833 9617 5232 2644 1142 600 4385 3299 845 667 346 1502 2588 1149 941 699 721 389 535 2454 368 561 542
internal_count=22765 22589 20088 19857 19593 10791 10532 9833 9617 5232 2644 1142 600 4385 3299 845 667 346 1502 2588 1149 941 699 721 389 535 2454 368 561 542
is_linear=0
shrinkage=0.0161


Tree=209
num_leaves=31
num_cat=0
split_feature=295 336 224 111 166 236 267 464 516 319 377 565 564 492 272 590 443 208 495 229 39 278 419 136 496 412 166 323 385 229
split_gain=4088.17 3166.33 2969.46 4871.33 9927.83 4883.52 3254.22 3443.18 5273.49 4058.34 3866.39 2818.46 3623.97 3250.48 2601.86 2574.79 2838.99 2632.66 3199.88 3025.27 2977.07 4419.94 2573.35 2377.25 2272.26 2198.14 2249.8 2211.05 2122.56 2088.73
threshold=3.5000000000000004 61.500000000000007 13.500000000000002 29.500000000000004 8.0000000000000018 13.500000000000002 43.500000000000007 10.500000000000002 221.50000000000003 10.500000000000002 5.5000000000000009 260.05000305175787 210.94999694824222 308.50000000000006 61.500000000000007 201.75000000000003 6.5000000000000009 13.500000000000002 227.50000000000003 13.500000000000002 10.500000000000002 8.0000000000000018 29.500000000000004 8.0000000000000018 174.50000000000003 43.500000000000007 29.500000000000004 13.500000000000002 8.0000000000000018 5.5000000000000009
decision_type=2 2 2 2 2 2 2 2 2 2 2 10 10 2 2 10 2 2 2 2 2 2 2 2 2 2 2 2 2 2
left_child=-1 2 11 6 -5 -6 7 8 9 10 -4 12 13 14 15 16 22 18 19 -18 21 -21 -2 -24 -14 26 -9 -28 -22 -12
right_child=1 -3 3 4 5 -7 -8 25 -10 -11 29 -13 24 -15 -16 -17 17 -19 -20 20 28 -23 23 -25 -26 -27 27 -29 -30 -31
leaf_value=-0.013069609209039127 -0.01068529601446154 -0.03743191923069826 0.093836597105412603 0.14020948643618195 -0.035796599933779885 0.068672119466601206 0.068465952526040513 -0.0065704130342846261 0.11468811607169867 -0.026110851146124058 -0.031630934878543467 0.064216519758069565 0.0096289160723099978 0.073388791224116623 0.05711075219282212 -0.035963163849239012 0.0044688537317861196 -0.0075570036675837188 0.08503303798489463 0.029526497491786537 -0.029679714244696689 0.11921653859665472 0.060452418208666023 -0.014374930661077345 -0.057346446023817929 -0.060760788279032724 0.064576408339591995 -0.011450062756710344 0.035380706348287772 0.042113702312127015
leaf_weight=4461 4629 463 226 236 253 214 228 2236 161 380 173 181 186 164 212 489 2987 1734 167 460 236 207 266 187 442 165 249 164 289 234
leaf_count=4461 4629 463 226 236 253 214 228 2236 161 380 173 181 186 164 212 489 2987 1734 167 460 236 207 266 187 442 165 249 164 289 234
internal_value=0.000742913 0.00412645 0.0052115 0.0158479 0.0550907 0.0120252 0.00929877 0.00591019 0.0290734 0.0154431 0.0404258 0.00113358 0.000229469 0.00220006 0.00121392 0.000194813 0.00178098 0.00920606 0.0158997 0.0131314 0.0348189 0.0573966 -0.0070976 0.0295115 -0.0374723 -0.00374513 -0.000184873 0.0343297 0.00608967 0.0107099
internal_weight=22679 18218 17755 4919 703 467 4216 3988 1174 1013 633 12836 12655 12027 11863 11651 11162 6080 4346 4179 1192 667 5082 453 628 2814 2649 413 525 407
internal_count=22679 18218 17755 4919 703 467 4216 3988 1174 1013 633 12836 12655 12027 11863 11651 11162 6080 4346 4179 1192 667 5082 453 628 2814 2649 413 525 407
is_linear=0
shrinkage=0.0161


Tree=210
num_leaves=31
num_cat=0
split_feature=410 171 173 124 93 353 298 182 229 18 318 515 445 589 54 464 416 44 234 313 529 537 0 560 6 2 417 9 250 428
split_gain=3285.01 3119.01 3252.41 4980.94 3777.01 3349.42 3254.33 3542.88 4523.23 4249.68 3929.59 6244.39 4004.87 3046.1 4034.44 2807.27 3905.55 3886.6 2563.54 3519.18 2286.06 2249.45 2105.88 2291.29 3549.76 2280.77 2641.71 3914.67 4305.08 2043.76
threshold=4.5000000000000009 87.000000000000014 5.5000000000000009 52.000000000000007 52.000000000000007 73.500000000000014 61.500000000000007 20.000000000000004 13.500000000000002 20.000000000000004 13.500000000000002 169.50000000000003 8.0000000000000018 180.15000152587893 20.000000000000004 4.5000000000000009 13.500000000000002 13.500000000000002 29.500000000000004 6.5000000000000009 242.50000000000003 56.500000000000007 10.500000000000002 215.15000152587893 24.500000000000004 6.5000000000000009 6.5000000000000009 5.5000000000000009 8.0000000000000018 10.500000000000002
decision_type=2 2 2 2 2 2 2 2 2 2 2 2 2 8 2 2 2 2 2 2 2 2 2 8 2 2 2 2 2 2
left_child=-1 2 3 20 5 6 7 8 18 10 12 21 -10 -9 29 -14 17 -17 22 -20 -2 -12 25 24 -24 -4 -27 -28 -29 -15
right_child=1 -3 4 -5 -6 -7 -8 13 9 -11 11 -13 15 14 -16 16 -18 -19 19 -21 -22 -23 23 -25 -26 26 27 28 -30 -31
leaf_value=-0.0094486717526343234 -0.004674466267591419 -0.049867562791621106 0.00029861579376525785 0.07651948124850344 -0.03205913133772946 -0.045681986688759883 0.078586992571025721 -0.026106582259410985 0.0024444632746323221 -0.00060475870832996169 0.092483885118690726 0.16788640270861746 0.0029681287344672271 -0.047048480115685756 0.078906414985624423 0.059386564955104755 0.018514226956714699 0.16155958635637691 -0.010128562837729499 0.085689191922411645 -0.050630297503450036 0.011919336201825973 -0.0076972647701752496 -0.037641361281849375 0.062136188634162454 0.0061052155272940077 -0.0053166211659359044 0.02730372205231479 0.13060420523064134 0.024820001891118524
leaf_weight=6369 5445 272 1320 191 509 246 201 991 632 658 161 161 193 195 200 224 217 171 166 246 296 205 1289 487 221 572 195 199 222 216
leaf_count=6369 5445 272 1320 191 509 246 201 991 632 658 161 161 193 195 200 224 217 171 166 246 296 205 1289 487 221 572 195 199 222 216
internal_value=0.000355022 0.00418689 0.00510562 -0.00435331 0.0106651 0.0129356 0.0144817 0.0130695 0.017691 0.0347715 0.0466357 0.0842697 0.0328175 -0.00866426 0.0195875 0.0566339 0.0735195 0.103678 0.00857798 0.0470259 -0.007048 0.0474232 0.00505654 -0.00727142 0.00250781 0.0148821 0.0310661 0.0542059 0.0818316 -0.00922092
internal_weight=22670 16301 16029 5932 10097 9588 9342 9141 7539 2622 1964 527 1437 1602 611 805 612 395 4917 412 5741 366 4505 1997 1510 2508 1188 616 421 411
internal_count=22670 16301 16029 5932 10097 9588 9342 9141 7539 2622 1964 527 1437 1602 611 805 612 395 4917 412 5741 366 4505 1997 1510 2508 1188 616 421 411
is_linear=0
shrinkage=0.0161


Tree=211
num_leaves=31
num_cat=0
split_feature=155 266 484 549 123 556 138 583 31 347 353 64 78 497 597 44 420 230 486 428 266 184 493 484 370 54 398 282 434 463
split_gain=3273.43 3456.01 3338.18 5035.68 3263.6 5694.77 3055.83 2849.39 2689.42 2574.54 7084.47 3228.31 2618.24 2409.84 6771.81 3241.99 2741.04 2649.5 2344.08 2226.3 2607.04 3158.41 3124.82 4962.63 5924.92 2379.36 2203.6 2202.7 2132.93 2926.76
threshold=5.5000000000000009 35.500000000000007 275.50000000000006 240.75000000000003 61.500000000000007 151.55000305175784 8.0000000000000018 216.75000000000003 73.500000000000014 35.500000000000007 20.000000000000004 73.500000000000014 29.500000000000004 227.50000000000003 149.65000152587893 13.500000000000002 35.500000000000007 4.5000000000000009 190.50000000000003 52.000000000000007 8.0000000000000018 16.500000000000004 101.50000000000001 164.50000000000003 10.500000000000002 20.000000000000004 10.500000000000002 6.5000000000000009 10.500000000000002 6.5000000000000009
decision_type=2 2 2 10 2 8 2 10 2 2 2 2 2 2 10 2 2 2 2 2 2 2 2 2 2 2 2 2 2 2
left_child=1 7 3 4 8 -6 -3 -1 9 11 28 12 13 16 -15 -16 17 -2 -14 20 -19 22 25 24 -24 -22 -23 -4 29 -11
right_child=2 6 27 -5 5 -7 -8 -9 -10 10 -12 -13 18 14 15 -17 -18 19 -20 -21 21 26 23 -25 -26 -27 -28 -29 -30 -31
leaf_value=-0.0081154699394498341 -0.0087591632026635408 -0.0011450086487262289 0.012269038633588362 0.07402941211386671 -0.0087722716497760263 0.11804271198163566 0.082240960503924029 -0.057156331951463135 -0.044503943152353988 -0.019252900348143549 0.10870193562599391 0.06530529964857229 -0.011943299619951334 0.11075747434241021 -0.035519040866064278 0.051932230091031144 -0.028843001186097564 0.0028107364197889652 -0.077227175361845188 -0.03892954632842896 0.004860537760213151 0.02266631101945691 0.041201550428463865 0.0085782017253999022 0.15914946723933829 0.056961210486400918 -0.040807632399731876 -0.054646287054015329 -0.023740043548293684 0.071391705104592959
leaf_weight=8378 2646 260 188 280 190 177 202 319 294 163 227 209 1061 205 275 183 688 3078 165 225 863 290 245 286 202 309 277 393 340 212
leaf_count=8378 2646 260 188 280 190 177 202 319 294 163 227 209 1061 205 275 183 688 3078 165 225 863 290 245 286 202 309 277 393 340 212
internal_value=-0.000186241 -0.00763542 0.00480268 0.00648028 0.00500196 0.052325 0.0352628 -0.00991696 0.00360429 0.00477043 0.0303365 0.00261938 0.00142599 0.00421044 0.0338479 -0.000525331 0.00205069 0.00457752 -0.0207487 0.0106922 0.0127082 0.0250224 0.0349531 0.0610409 0.0945551 0.0186171 -0.00830149 -0.0329533 0.00542396 0.0319288
internal_weight=22830 9159 13671 13090 12810 367 462 8697 12443 12149 942 11207 10998 9772 663 458 9109 8421 1226 5775 5550 2472 1905 733 447 1172 567 581 715 375
internal_count=22830 9159 13671 13090 12810 367 462 8697 12443 12149 942 11207 10998 9772 663 458 9109 8421 1226 5775 5550 2472 1905 733 447 1172 567 581 715 375
is_linear=0
shrinkage=0.0161


Tree=212
num_leaves=31
num_cat=0
split_feature=347 317 599 556 299 535 535 518 206 161 495 60 481 64 59 111 120 18 331 266 470 476 280 168 329 501 527 502 508 294
split_gain=2999.63 2949.69 3240.58 5143.94 3695.04 3647 3079.41 3605.04 3807.48 3382.98 4657 6766.27 2982.79 2746.44 4620.85 3122.69 4838.47 4888.37 5750.53 2819.77 2855.98 2570.95 2500.65 2382.68 2474.56 2361.77 4581.93 3352.15 2144.36 2060.62
threshold=87.000000000000014 43.500000000000007 184.15000152587893 131.75000000000003 43.500000000000007 219.50000000000003 208.50000000000003 190.50000000000003 2.5000000000000004 4.5000000000000009 195.50000000000003 10.500000000000002 180.50000000000003 52.000000000000007 10.500000000000002 13.500000000000002 24.500000000000004 5.5000000000000009 16.500000000000004 10.500000000000002 20.000000000000004 29.500000000000004 10.500000000000002 13.500000000000002 13.500000000000002 205.50000000000003 230.50000000000003 317.50000000000006 95.500000000000014 5.5000000000000009
decision_type=2 2 10 10 2 2 2 2 2 2 2 2 2 2 2 2 2 2 2 2 2 2 2 2 2 2 2 2 2 2
left_child=1 2 5 -4 25 6 7 8 -1 -10 13 -12 28 15 -15 -11 17 18 19 20 -17 23 -18 -19 -25 26 -5 -27 -3 -9
right_child=-2 12 3 4 -6 -7 -8 29 9 10 11 -13 -14 14 -16 16 22 21 -20 -21 -22 -23 -24 24 -26 27 -28 -29 -30 -31
leaf_value=-0.020144707892546781 0.054117471210052857 -0.03334058712414343 0.096880679629055028 0.0045780116371522944 0.080892269968638492 -0.041047345957061228 0.062354302795121774 -0.062430547921002284 -0.008347726474819064 -0.0026785813452973074 0.0018185955313975281 0.12581685268364284 -0.078826650976201201 0.11193579544594365 0 0.045332132536447696 0.0083184446849188798 -0.011505976404417178 0.13353620841887104 0.07924569297372594 -0.037873747966826465 0.062578222452099957 -0.068121754756123545 0.0060815898377651802 0.08103227124778771 -0.027667356882670194 0.088481226059716783 0.05076785435776493 0.019939117511939976 -0.015427366660001985
leaf_weight=2145 253 527 193 897 177 618 195 345 4783 6166 252 209 232 166 226 253 210 1020 196 236 185 212 234 346 171 808 208 171 311 815
leaf_count=2145 253 527 193 897 177 618 195 345 4783 6166 252 209 232 166 226 253 210 1020 196 236 185 212 234 346 171 808 208 171 311 815
internal_value=-0.00100778 -0.00162849 -0.000325213 0.0170836 0.0102617 -0.00257695 -0.0012811 -0.00196533 -9.11934e-05 0.00280092 0.00809228 0.0580858 -0.027717 0.00569435 0.0474381 0.00391874 0.0172072 0.0255438 0.0567368 0.0343685 0.0101344 0.0100142 -0.0319146 0.00274864 0.0309174 0.00425153 0.0203929 -0.0139432 -0.0135392 -0.0294271
internal_weight=22760 22507 21437 2454 2261 18983 18365 18170 17010 14865 10082 461 1070 9621 392 9229 3063 2619 870 674 438 1749 444 1537 517 2084 1105 979 838 1160
internal_count=22760 22507 21437 2454 2261 18983 18365 18170 17010 14865 10082 461 1070 9621 392 9229 3063 2619 870 674 438 1749 444 1537 517 2084 1105 979 838 1160
is_linear=0
shrinkage=0.0161


Tree=213
num_leaves=31
num_cat=0
split_feature=503 598 309 498 562 234 47 266 579 547 518 64 274 101 91 303 419 69 519 554 281 181 109 492 568 529 24 191 111 19
split_gain=3426.83 10029.1 2627.67 5978.45 11442.6 3819.28 3494.14 4532.86 3371.32 3280.7 4976.22 3129.6 2754.11 2395.13 2265.24 2617.11 2915.47 6269.53 2967.91 7173.43 2883.39 3562.12 4346.34 3009.66 2757.72 2242.65 2279.39 2100.21 2007.45 3967.85
threshold=313.50000000000006 220.15000152587893 13.500000000000002 248.50000000000003 204.25000000000003 52.000000000000007 61.500000000000007 10.500000000000002 195.05000305175784 196.25000000000003 180.50000000000003 43.500000000000007 10.500000000000002 1.0000000180025095e-35 35.500000000000007 3.5000000000000004 35.500000000000007 16.500000000000004 160.50000000000003 176.25000000000003 29.500000000000004 10.500000000000002 29.500000000000004 125.50000000000001 228.75000000000003 228.50000000000003 1.0000000180025095e-35 5.5000000000000009 20.000000000000004 5.5000000000000009
decision_type=2 8 2 2 10 2 2 2 10 10 2 2 2 2 2 2 2 2 2 10 2 2 2 2 8 2 2 2 2 2
left_child=2 -2 6 5 -5 13 8 -8 9 11 -11 25 -13 -4 15 -15 18 -18 19 20 21 22 23 -17 -20 26 -1 -23 -28 -30
right_child=1 -3 3 4 -6 -7 7 -9 -10 10 -12 12 -14 14 -16 16 17 -19 24 -21 -22 27 -24 -25 -26 -27 28 -29 29 -31
leaf_value=-0.029871105369046941 0.12619904965429873 -0.043014239174923467 -0.04800811453601015 0.17284749116002282 -0.0040237271015134456 0.074914750420426932 -0.004335252516815334 0.10786539506526348 -0.031302956155412461 0 0.10753101549162912 0.0033732686011748335 0.074063736345917688 -0.017648011634583686 -0.026788451561800205 0.0012524100415760968 -0.01458621902062485 0.11523101534992934 -0.034330655038078958 0.11859779062044176 0.061169607141092493 0.022069783067001286 0.094749046743022702 0.066954813373313507 0.029796117154765572 -0.042838806721316965 -0.0058508417452036166 -0.032788403781749478 0.044760425619973239 -0.0039922684125413017
leaf_weight=873 200 166 237 162 228 193 214 165 1170 313 173 357 239 893 553 1302 180 207 657 167 261 239 177 210 236 414 9957 739 643 1321
leaf_count=873 200 166 237 162 228 193 214 165 1170 313 173 357 239 893 553 1302 180 207 657 167 261 239 177 210 236 414 9957 739 643 1321
internal_value=0.000519373 0.0493877 -0.000275212 0.00822447 0.0693855 0.00440487 -0.00384046 0.0444499 -0.00502581 -0.00287271 0.0382352 -0.00432171 0.0317601 0.00215463 0.00420103 0.00745857 0.0125886 0.0547901 0.00848738 0.0159519 0.0100894 0.00508168 0.0192474 0.0103933 -0.017357 -0.00595166 -0.00475619 -0.0193583 -0.002915 0.011957
internal_weight=22846 366 22480 6641 390 6251 15839 379 15460 14290 486 13804 596 6058 5821 5268 4375 387 3988 3095 2928 2667 1689 1512 893 13208 12794 978 11921 1964
internal_count=22846 366 22480 6641 390 6251 15839 379 15460 14290 486 13804 596 6058 5821 5268 4375 387 3988 3095 2928 2667 1689 1512 893 13208 12794 978 11921 1964
is_linear=0
shrinkage=0.0161


Tree=214
num_leaves=31
num_cat=0
split_feature=390 411 347 358 223 472 228 165 235 528 518 313 532 552 89 537 568 544 306 172 491 198 351 579 87 271 487 475 143 513
split_gain=3270.66 3308.16 4049.02 5832.83 4816.03 3897.2 3595.66 5882.29 3549.65 2775.89 2896.55 2817.06 4698.22 2681.62 2521.57 2479.5 3445.27 3165.02 2450.87 2423.36 3190.89 3820.84 2940.97 3675.33 3099.12 3404.05 2385.98 2619.98 2349.15 2284.62
threshold=61.500000000000007 5.5000000000000009 4.5000000000000009 43.500000000000007 24.500000000000004 73.500000000000014 13.500000000000002 61.500000000000007 52.000000000000007 275.50000000000006 251.50000000000003 6.5000000000000009 145.50000000000003 196.25000000000003 3.5000000000000004 191.50000000000003 201.75000000000003 207.44999694824222 13.500000000000002 10.500000000000002 121.50000000000001 10.500000000000002 24.500000000000004 85.549999237060561 8.0000000000000018 6.5000000000000009 125.50000000000001 13.500000000000002 8.0000000000000018 268.50000000000006
decision_type=2 2 2 2 2 2 2 2 2 2 2 2 2 10 2 2 10 8 2 2 2 2 2 10 2 2 2 2 2 2
left_child=1 8 3 4 14 6 15 9 29 10 11 12 -8 26 -3 16 -4 18 -17 20 21 -16 24 -24 25 -21 -13 -28 -2 -1
right_child=28 2 5 -5 -6 -7 7 -9 -10 -11 -12 13 -14 -15 19 17 -18 -19 -20 22 -22 -23 23 -25 -26 -27 27 -29 -30 -31
leaf_value=-0.010633277786088456 -0.0024366110540963984 -0.015444559682596308 -0.0042648076011530317 0.11315321767728741 0.075881416591226297 -0.063490859336965008 0.012260921315102863 0.10873362381311705 0.062666271781206317 0.072575747956384315 -0.047684552750118431 -0.0079854679373074985 0.086988442033454835 -0.05779815294068353 0.0024421529910100106 -0.027542965794355338 0.063538832520595154 -0.062675633567705752 0.045841752581738636 0.00302604991660573 -0.036142698047608765 0.076557322755142765 0.020441265046817567 0.12455067356958395 -0.012981647183952227 0.10346255444948983 0.06888983068407413 -0.0095390103140642959 -0.067434161001892284 0.042062340703165439
leaf_weight=7920 263 803 5054 164 309 246 967 163 182 173 238 1113 282 201 880 366 202 424 174 179 385 227 173 180 406 172 262 190 321 219
leaf_count=7920 263 803 5054 164 309 246 967 163 182 173 238 1113 282 201 880 366 202 424 174 179 385 227 173 180 406 172 262 190 321 219
internal_value=-0.000592109 0.000393844 0.00519197 0.0191675 0.015011 -0.000195743 0.00138924 0.0142237 -0.00763749 0.00972028 0.00637028 0.0106451 0.0291518 -0.00243039 0.00948014 -0.00601258 -0.00165448 -0.0297497 -0.00385319 0.0171812 0.00376184 0.0176614 0.0351975 0.0735949 0.0172611 0.0523099 0.0046657 0.0358699 -0.0382033 -0.00921248
internal_weight=22838 22254 13933 3878 3714 10055 9809 3589 8321 3426 3253 3015 1249 1766 3405 6220 5256 964 540 2602 1492 1107 1110 353 757 351 1565 452 584 8139
internal_count=22838 22254 13933 3878 3714 10055 9809 3589 8321 3426 3253 3015 1249 1766 3405 6220 5256 964 540 2602 1492 1107 1110 353 757 351 1565 452 584 8139
is_linear=0
shrinkage=0.0161


Tree=215
num_leaves=31
num_cat=0
split_feature=224 230 160 88 361 91 380 534 576 515 273 0 524 18 51 540 516 113 379 366 553 577 68 383 561 483 398 488 503 11
split_gain=3369.71 4035.07 3641.66 3076.57 3141.05 3449.72 6436.62 3376.71 3090.12 3888.35 3064.65 2735.02 2326.19 2323.12 2226.07 2334.87 5259.99 2128.75 3413.4 2740.71 3452.22 6971.37 4128.49 2852.12 2341.4 2058.69 2229.53 2048.88 2946.46 2004.73
threshold=13.500000000000002 52.000000000000007 52.000000000000007 20.000000000000004 4.5000000000000009 8.0000000000000018 3.5000000000000004 202.50000000000003 110.25000000000001 67.500000000000014 13.500000000000002 6.5000000000000009 117.50000000000001 8.0000000000000018 87.000000000000014 235.84999847412112 226.50000000000003 6.5000000000000009 43.500000000000007 8.0000000000000018 153.34999847412112 161.34999847412112 4.5000000000000009 35.500000000000007 110.95000076293947 195.50000000000003 43.500000000000007 204.50000000000003 133.50000000000003 16.500000000000004
decision_type=2 2 2 2 2 2 2 2 10 2 2 2 2 2 2 10 2 2 2 2 8 8 2 2 8 2 2 2 2 2
left_child=14 2 3 4 -2 11 -7 8 9 -8 13 -6 -12 -5 15 17 -17 25 19 -19 23 -22 -23 24 29 26 -1 28 -24 -21
right_child=1 -3 -4 10 5 6 7 -9 -10 -11 12 -13 -14 -15 -16 16 -18 18 -20 20 21 22 27 -25 -26 -27 -28 -29 -30 -31
leaf_value=-0.0092773448759811156 -0.01096099994120988 0.078816300586882132 0.062233187220620274 0.04082044229012257 0.030830763206060163 0.12108096497909412 0.012044958951260452 0.082843231535580875 -0.016024660140480502 0.096769726781947438 -0.014643132962155242 -0.014709749232441796 -0.084194762007204688 -0.01656400272391419 -0.059075175459777904 -0.0092439820396217204 0.10719876865553618 -0.0043710079566192496 -0.039926663053621088 0.018722479495715469 0.10113462967988332 0.084068789297274071 -0.0099957564069212274 0.059403747412017288 -0.029722709786246887 -0.039787098618657236 0.040166621189594721 -0.031687400775559788 0.055467605171063458 -0.025744869614927855
leaf_weight=6615 1133 218 307 278 547 204 498 217 515 196 265 911 237 534 183 267 161 4377 479 1043 310 193 420 201 638 554 245 310 309 351
leaf_count=6615 1133 218 307 278 547 204 498 217 515 196 265 911 237 534 183 267 161 4377 479 1043 310 193 420 201 638 554 245 310 309 351
internal_value=0.000513281 0.0107945 0.00825214 0.00525382 0.0119542 0.0203695 0.0364645 0.024343 0.0138235 0.0360069 -0.0162521 0.00235961 -0.0475261 0.00305341 -0.00322594 -0.00260408 0.0345031 -0.00359538 0.0018375 0.0042944 0.0143479 0.0328763 0.0156818 0.0015426 -0.00416929 -0.00992324 -0.00750806 0.00295583 0.0177198 0.00750901
internal_weight=22716 6060 5842 5535 4221 3088 1630 1426 1209 694 1314 1458 502 812 16656 16473 428 16045 8631 8152 3775 1542 1232 2233 2032 7414 6860 1039 729 1394
internal_count=22716 6060 5842 5535 4221 3088 1630 1426 1209 694 1314 1458 502 812 16656 16473 428 16045 8631 8152 3775 1542 1232 2233 2032 7414 6860 1039 729 1394
is_linear=0
shrinkage=0.0161


Tree=216
num_leaves=31
num_cat=0
split_feature=391 541 188 524 585 365 585 494 117 6 224 449 528 232 408 554 3 520 225 449 493 172 408 261 62 499 498 482 241 155
split_gain=3125.57 3665.69 6241.66 3669.6 3837.53 7542.26 3486.19 3802.32 3165.76 5203.39 4199.68 4811.21 5827.46 2805.99 2502.77 2387 2386 2310.35 2759.95 4864.05 2426.33 2466.06 2410.49 3266.09 2470.68 2246.4 2567.49 2224.19 2365.86 3414.74
threshold=61.500000000000007 247.34999847412112 10.500000000000002 310.50000000000006 228.75000000000003 13.500000000000002 187.55000305175784 293.50000000000006 16.500000000000004 52.000000000000007 16.500000000000004 16.500000000000004 117.50000000000001 6.5000000000000009 29.500000000000004 168.05000305175784 16.500000000000004 166.50000000000003 43.500000000000007 6.5000000000000009 204.50000000000003 61.500000000000007 35.500000000000007 10.500000000000002 10.500000000000002 92.500000000000014 235.50000000000003 71.500000000000014 16.500000000000004 5.5000000000000009
decision_type=2 10 2 2 10 2 10 2 2 2 2 2 2 2 2 10 2 2 2 2 2 2 2 2 2 2 2 2 2 2
left_child=1 3 -3 4 6 -6 7 8 17 10 15 12 13 -12 16 27 -8 18 20 -20 21 22 -1 -24 -25 -19 -27 -10 29 -29
right_child=-2 2 -4 -5 5 -7 14 -9 9 -11 11 -13 -14 -15 -16 -17 -18 25 19 -21 -22 -23 23 24 -26 26 -28 28 -30 -31
leaf_value=-0.0040575441420904216 -0.037153872977292023 -0.020848845269450467 0.093291643161597118 -0.053411190150608898 -0.0035139420784713817 0.12434106837023196 -0.050182538247824565 0.078072243911695871 -0.0069732675367155175 0.097891719583010794 -0.015886374575526902 -0.0042593513665607112 0.14159919246160907 0.068576976159624908 0.029425486575351802 -0.043532165917814863 0 0.033080386695369973 -0.021134330128891154 0.092036052888285189 0.046042443974747202 -0.059556354531778696 -0.011955771123475005 0.09108222349849153 0.0095578969062242013 -0.038112924592872514 0.028078300768853613 -0.0061910682178004947 -0.013798075611887759 0.057592324779139351
leaf_weight=11516 575 219 286 330 319 191 786 166 1837 177 175 421 186 243 184 294 358 169 179 218 265 198 319 232 166 1133 175 343 372 592
leaf_count=11516 575 219 286 330 319 191 786 166 1837 177 175 421 186 243 184 294 358 169 179 218 265 198 319 232 166 1133 175 343 372 592
internal_value=-9.62448e-05 0.000869087 0.0437465 -0.000134884 0.00069276 0.0443229 -0.00038084 0.00134759 0.000683361 0.012266 0.00886491 0.0374681 0.066592 0.0331592 -0.025617 0.000330349 -0.0344905 -0.00300368 -0.000848502 0.0409503 -0.00215739 -0.00318679 -0.00227249 0.0263651 0.0571388 -0.0220925 -0.0292391 0.00443948 0.0204982 0.0341685
internal_weight=22624 22049 505 21544 21214 510 20704 19376 19210 4640 4463 1025 604 418 1328 3438 1144 14570 13093 397 12696 12431 12233 717 398 1477 1308 3144 1307 935
internal_count=22624 22049 505 21544 21214 510 20704 19376 19210 4640 4463 1025 604 418 1328 3438 1144 14570 13093 397 12696 12431 12233 717 398 1477 1308 3144 1307 935
is_linear=0
shrinkage=0.0161


Tree=217
num_leaves=31
num_cat=0
split_feature=407 258 146 551 523 264 210 449 18 288 494 195 45 98 117 497 27 8 231 499 596 110 310 47 535 489 130 589 184 421
split_gain=4283.13 4730.67 5173.5 4469.11 5860.31 3682.42 3249.68 4048.3 4798.24 8331.1 3927.06 3816.65 3429.11 5428.91 3232.1 4080.67 3012.74 2781.49 3208.73 2709.08 4115.86 2358.05 2261.79 2199.6 2191.83 2143.39 2098.5 2064.48 1992.41 2157.96
threshold=29.500000000000004 5.5000000000000009 24.500000000000004 226.84999847412112 126.50000000000001 5.5000000000000009 35.500000000000007 13.500000000000002 5.5000000000000009 16.500000000000004 178.50000000000003 29.500000000000004 24.500000000000004 6.5000000000000009 16.500000000000004 191.50000000000003 24.500000000000004 10.500000000000002 8.0000000000000018 127.50000000000001 128.94999694824222 52.000000000000007 35.500000000000007 24.500000000000004 106.50000000000001 299.50000000000006 4.5000000000000009 151.55000305175784 4.5000000000000009 10.500000000000002
decision_type=2 2 2 8 2 2 2 2 2 2 2 2 2 2 2 2 2 2 2 2 8 2 2 2 2 2 2 10 2 2
left_child=5 24 3 19 -5 21 7 10 9 17 14 25 22 -14 15 27 26 18 -9 20 -3 -1 23 -10 -2 28 -16 -7 -12 -30
right_child=1 2 -4 4 -6 6 -8 8 12 -11 11 -13 13 -15 16 -17 -18 -19 -20 -21 -22 -23 -24 -25 -26 -27 -28 -29 29 -31
leaf_value=-0.0093935975005121335 0.0064643173588572614 0.0027767386711307174 0.1009234539798347 0.0092451338810914021 0.14458462942961522 -0.00014023349676877428 -0.028457750899387704 0.016149305366999041 -0.0036138882358079838 0.14014003846705111 0.013543097765590874 0.048204813107421939 0.12073634373040858 0.0073621203715139097 0.052674567797474918 0.076338217229752522 0.083564967737164417 -0.0081375243364945997 0.10204280623927298 -0.03021229199327792 0.095655036870281956 -0.067414880471661873 -0.055627697391593567 0.046524569766199828 -0.054172420227178018 -0.089114358055184195 0.0029954840432815702 -0.03185417787696513 -0.061751759349795189 -0.0097595793888908093
leaf_weight=7887 439 515 265 173 160 4593 785 273 1536 208 247 162 166 323 302 170 205 352 193 346 163 186 183 266 238 164 820 602 462 377
leaf_count=7887 439 515 265 173 160 4593 785 273 1536 208 247 162 166 323 302 170 205 352 193 346 163 186 183 266 238 164 820 602 462 377
internal_value=6.8307e-05 0.0209054 0.0358302 0.0231012 0.0743438 -0.00227168 0.00324024 0.00538661 0.0198571 0.0491338 -0.00086007 -0.0252614 0.00770612 0.0458972 0.00428505 -0.00127545 0.0267837 0.0259641 0.0517737 0.00641439 0.0251406 -0.0107333 -0.00169031 0.00377418 -0.0148178 -0.0348015 0.0163882 -0.0038198 -0.0265778 -0.0384174
internal_weight=22761 2299 1622 1357 333 20462 12389 11604 3500 1026 8104 1412 2474 489 6692 5365 1327 818 466 1024 678 8073 1985 1802 677 1250 1122 5195 1086 839
internal_count=22761 2299 1622 1357 333 20462 12389 11604 3500 1026 8104 1412 2474 489 6692 5365 1327 818 466 1024 678 8073 1985 1802 677 1250 1122 5195 1086 839
is_linear=0
shrinkage=0.0161


Tree=218
num_leaves=31
num_cat=0
split_feature=216 391 5 291 410 551 148 499 144 169 64 340 541 20 222 46 132 398 435 408 60 530 234 579 593 491 502 294 586 513
split_gain=2890.42 3335.58 3247.5 5507.69 2643.64 2993.56 7702.32 4035.89 3617.9 3568.98 2970.97 2660.65 3668.39 2634.1 3632.63 3165.18 2533.52 2166.75 2000.73 1946.39 1946.38 4362.55 9800.5 2113.35 3019.48 1965.88 2091.96 2414.08 2839.39 1948.23
threshold=3.5000000000000004 61.500000000000007 52.000000000000007 13.500000000000002 10.500000000000002 224.44999694824222 10.500000000000002 170.50000000000003 35.500000000000007 3.5000000000000004 8.0000000000000018 13.500000000000002 177.15000152587893 16.500000000000004 24.500000000000004 29.500000000000004 6.5000000000000009 2.5000000000000004 6.5000000000000009 16.500000000000004 29.500000000000004 122.50000000000001 10.500000000000002 197.65000152587893 220.15000152587893 232.50000000000003 112.50000000000001 6.5000000000000009 231.15000152587893 286.50000000000006
decision_type=2 2 2 2 2 10 2 2 2 2 2 2 10 2 2 2 2 2 2 2 2 2 2 10 10 2 2 2 8 2
left_child=-1 2 4 16 20 7 -7 8 9 -6 -10 12 -9 14 15 17 -4 -11 -3 -13 23 -22 -23 24 25 26 -2 -28 -29 -25
right_child=1 18 3 -5 5 6 -8 11 10 13 -12 19 -14 -15 -16 -17 -18 -19 -20 -21 21 22 -24 29 -26 -27 27 28 -30 -31
leaf_value=-0.011855242605303165 -0.0013147214429359421 0.0087227058679415301 0.055155300934485889 0.10042011700982659 -0.026668337656630285 0.12875515252645908 -0.011326341736824166 -0.030307214214974093 0.10908111809212107 0.061873106706454392 0.023953159271008086 -0.023338981607184672 0.042240991971914381 -0.0041102516983404424 0.07535039721560223 0.075911716520439015 -0.024157127117629934 0.0060908970089564038 -0.058383249833304687 -0.091610547145962562 -0.0082977270600937299 0.134831297003742 -0.026556195995217052 -0.045460358008443245 0.057123813678764103 0.038937976327020583 -0.040000980717174603 -0.019380616608942074 0.041021549119864692 0.014968515822305059
leaf_weight=4716 6131 167 164 238 618 186 224 439 175 199 273 282 307 1277 315 216 287 1961 367 177 622 211 181 579 211 261 891 797 270 181
leaf_count=4716 6131 167 164 238 618 186 224 439 175 199 273 282 307 1277 315 216 287 1961 367 177 622 211 181 579 211 261 891 797 270 181
internal_value=-0.000621248 0.0022873 0.00348638 0.0377538 0.00209485 0.0100149 0.0521654 0.00724121 0.0135794 0.00930724 0.0572588 -0.0192175 -0.000420035 0.0149162 0.0239539 0.0171301 0.00463157 0.011241 -0.0373529 -0.0497172 -0.00299823 0.01818 0.0602531 -0.00530466 -0.00301746 -0.00454002 -0.00594579 -0.0204348 -0.00407404 -0.0310378
internal_weight=22923 18207 17673 689 16984 6649 410 6239 5034 4586 448 1205 746 3968 2691 2376 451 2160 534 459 10335 1014 392 9321 8561 8350 8089 1958 1067 760
internal_count=22923 18207 17673 689 16984 6649 410 6239 5034 4586 448 1205 746 3968 2691 2376 451 2160 534 459 10335 1014 392 9321 8561 8350 8089 1958 1067 760
is_linear=0
shrinkage=0.0161


Tree=219
num_leaves=31
num_cat=0
split_feature=6 540 57 4 399 579 584 540 169 569 471 510 597 185 508 53 596 325 88 351 299 401 452 200 499 496 537 518 500 272
split_gain=3201.27 7226.15 3415.67 2525.67 3190.07 2614.67 3947.12 3411.55 3060.19 4094.78 3806.02 3406.58 3241.82 2990.02 2238.72 2990.03 3216.4 4376.21 2213.65 2207.41 2194.95 2157.77 2047.36 1979.18 1839.76 1793.42 1780.73 2287.24 2269.81 4647.85
threshold=52.000000000000007 183.15000152587893 13.500000000000002 61.500000000000007 10.500000000000002 195.05000305175784 228.75000000000003 260.05000305175787 24.500000000000004 186.44999694824222 29.500000000000004 159.50000000000003 233.25000000000003 8.0000000000000018 143.50000000000003 16.500000000000004 218.75000000000003 16.500000000000004 43.500000000000007 8.0000000000000018 3.5000000000000004 13.500000000000002 2.5000000000000004 8.0000000000000018 219.50000000000003 81.500000000000014 214.50000000000003 204.50000000000003 212.50000000000003 6.5000000000000009
decision_type=2 10 2 2 2 10 10 8 2 10 2 2 10 2 2 2 10 2 2 2 2 2 2 2 2 2 2 2 2 2
left_child=3 2 25 5 -5 6 8 14 12 10 11 20 18 -12 -7 16 17 19 22 -16 -10 -22 -1 -23 -17 -2 28 -28 -24 -30
right_child=1 -3 -4 4 -6 7 -8 -9 9 -11 13 -13 -14 -15 15 24 -18 -19 -20 -21 21 23 26 -25 -26 -27 27 -29 29 -31
leaf_value=-0.018828091191924374 0.0074205236969199801 0.12180897037895311 0.053551179762655367 -0.0037416668254788318 0.074044433260232051 -0.063704424140348784 0.074385343772513685 0.037830655275241827 0.045635956065990982 -0.059706584431465287 0.02544170763694022 0.080980437766708754 0.053316817185771595 0.12202450408082306 -0.043800327653336926 -0.020140643136774786 -0.042233633278890528 0.091567329740798051 -0.030352493212742498 0.02974793545220376 -0.019020556854118728 -0.0096679566772704759 -0.001164351220442424 0.061878173755656449 -0.084089408110905997 -0.059213436349764566 -0.043741476466041894 0.022807650724405638 0.093009944680512394 -0.0028732824205165179
leaf_weight=1912 240 177 249 292 256 359 180 232 284 168 171 172 255 163 208 239 324 164 818 215 820 197 12836 203 230 185 510 181 205 362
leaf_count=1912 240 177 249 292 256 359 180 232 284 168 171 172 255 163 208 239 324 164 818 215 820 197 12836 203 230 185 510 181 205 362
internal_value=-0.000384978 0.0302519 0.00617312 -0.00157352 0.0325534 -0.00244819 -0.000655204 -0.0201178 -0.00135785 0.0166127 0.0230033 0.0130961 -0.00365092 0.0726469 -0.0278623 -0.018521 -0.00149043 0.0209581 -0.00451577 -0.006362 0.00531709 -0.00404932 -0.0031939 0.0265829 -0.0515516 -0.0215295 -0.00107128 -0.0262756 0.000226384 0.031752
internal_weight=22807 851 674 21956 548 21408 19437 1971 19257 2178 2010 1676 17079 334 1739 1380 911 587 16824 423 1504 1220 16006 400 469 425 14094 691 13403 567
internal_count=22807 851 674 21956 548 21408 19437 1971 19257 2178 2010 1676 17079 334 1739 1380 911 587 16824 423 1504 1220 16006 400 469 425 14094 691 13403 567
is_linear=0
shrinkage=0.0161


Tree=220
num_leaves=31
num_cat=0
split_feature=123 191 506 540 554 570 277 336 267 495 578 599 116 535 534 74 400 127 39 24 594 472 333 0 544 458 155 79 577 71
split_gain=3387.74 6559.14 8076.44 3556.3 5898.25 3114.43 3523.08 4036.36 3414.31 6131.58 3919.43 7179.25 3249.98 3142.74 3113.87 4978.63 9134.93 4151.14 2666.74 2579.41 3687.23 3922.57 3976.91 5731.44 7045.6 3194.08 3500.65 5322.82 3130.38 2946.65
threshold=52.000000000000007 10.500000000000002 127.50000000000001 255.05000305175784 210.94999694824222 251.25000000000003 4.5000000000000009 61.500000000000007 43.500000000000007 166.50000000000003 224.44999694824222 233.25000000000003 3.5000000000000004 228.50000000000003 180.50000000000003 13.500000000000002 13.500000000000002 8.0000000000000018 6.5000000000000009 4.5000000000000009 147.15000152587893 20.000000000000004 6.5000000000000009 16.500000000000004 117.14999771118165 16.500000000000004 29.500000000000004 8.0000000000000018 99.350002288818374 5.5000000000000009
decision_type=2 2 2 10 10 10 2 2 2 2 10 10 2 2 2 2 2 2 2 2 10 2 2 2 8 2 2 2 10 2
left_child=3 2 -2 5 -5 6 -1 8 10 18 11 12 -8 14 19 16 17 -16 -10 -14 21 25 28 24 -24 26 -21 -28 -23 -22
right_child=1 -3 -4 4 -6 -7 7 -9 9 -11 -12 -13 13 -15 15 -17 -18 -19 -20 20 29 22 23 -25 -26 -27 27 -29 -30 -31
leaf_value=-0.011208833220876053 0.019638302253503243 -0.020925285591504826 0.16529864988564461 -0.010089221655869606 0.11949261317060261 -0.049718868590374235 -0.013651619899454747 -0.043906957225173168 0.059164637281128148 0.11908116107035847 -0.039366786875098703 0.089954499947140595 -0.008670211461708632 -0.029725521050203547 -0.034095735109532462 -0.012956707475738058 0.16534781812490135 0.075253804459388077 -0.018085275337365706 0.011146899495678155 0.028509246603099139 -0.017163554657699188 0.044293092487799786 0.011377543884030825 0.17369027374062479 -0.013505824299851751 0.13144246362668222 0.0029178023236725273 0.065901279865722029 -0.041443708718619736
leaf_weight=6491 256 320 161 201 166 350 2500 461 183 184 550 250 2281 578 174 307 171 186 315 3156 216 397 249 316 195 1258 164 171 167 560
leaf_count=6491 256 320 161 201 166 350 2500 461 183 184 550 250 2281 578 174 307 171 186 315 3156 216 397 249 316 195 1258 164 171 167 560
internal_value=-0.000111969 0.0338459 0.0759329 -0.00124052 0.0484586 -0.00207713 -0.00129975 0.00298982 0.00447956 0.0396499 0.00274551 0.00448929 0.00284972 0.00676371 0.00888192 0.0385892 0.0684351 0.0223361 0.0102545 0.00615264 0.0110927 0.0153177 0.0398282 0.0638697 0.101176 0.00847933 0.0164085 0.0659076 0.00739015 -0.0219419
internal_weight=22934 737 417 22197 367 21830 21480 14989 14528 682 13846 13296 13046 10546 9968 838 531 360 498 9130 6849 6073 1324 760 444 4749 3491 335 564 776
internal_count=22934 737 417 22197 367 21830 21480 14989 14528 682 13846 13296 13046 10546 9968 838 531 360 498 9130 6849 6073 1324 760 444 4749 3491 335 564 776
is_linear=0
shrinkage=0.0161


Tree=221
num_leaves=31
num_cat=0
split_feature=6 355 93 559 405 467 352 314 593 488 338 404 482 569 546 291 172 210 267 554 82 267 488 150 491 316 181 507 540 251
split_gain=2986.62 6424.09 3518.98 2840.58 2692.91 3275.82 4708.57 2921.33 2481.98 2644.42 3342.01 3500.09 2977.23 2423.41 3469.55 2291.06 2272.15 2407.45 2697.85 2634.08 2831.57 2392.23 2783.54 2336.58 8928.25 2717.71 2855.36 2532.71 3063.53 2788.06
threshold=52.000000000000007 16.500000000000004 10.500000000000002 264.34999084472662 20.000000000000004 29.500000000000004 6.5000000000000009 10.500000000000002 213.05000305175784 23.500000000000004 3.5000000000000004 16.500000000000004 32.500000000000007 166.15000152587893 182.25000000000003 61.500000000000007 5.5000000000000009 20.000000000000004 43.500000000000007 233.25000000000003 73.500000000000014 8.0000000000000018 164.50000000000003 16.500000000000004 164.50000000000003 52.000000000000007 10.500000000000002 214.50000000000003 169.15000152587893 8.0000000000000018
decision_type=2 2 2 10 2 2 2 2 10 2 2 2 2 10 10 2 2 2 2 10 2 2 2 2 2 2 2 2 10 2
left_child=3 2 -2 4 15 8 -7 -8 9 -6 11 -11 -12 -14 -15 16 -1 18 19 20 23 22 -19 25 -25 26 27 28 -18 -30
right_child=1 -3 -4 -5 5 6 7 -9 -10 10 12 -13 13 14 -16 -17 17 21 -20 -21 -22 -23 -24 24 -26 -27 -28 -29 29 -31
leaf_value=-0.0091913150072488979 0.044316000108765879 0.10346941040993166 -0.03207873294138594 0.052539040480834416 -0.019789501962390363 0.10119566748354905 0.053712536158625701 -0.028207187942269014 -0.047072130950698544 0.018659299442340089 0.056481597760785568 0.11598125282852467 -0.010628246921714294 0.081085295247012856 -0.0099958053061783934 -0.043345580259813839 0.009129071902320901 -0.010675103585507467 0.053857215278842553 -0.047947163785419321 0.072809497539931378 -0.033486954916284117 0.065393910632086105 0.0021648403038479463 0.1272753359256808 -0.061662341850652877 -0.013414419406041784 -0.036140657180870811 0.012401924247935436 0.1061951868454552
leaf_weight=7422 296 230 331 264 675 238 225 226 224 232 282 164 1331 206 228 363 3928 564 296 242 161 870 160 681 189 173 1929 289 162 168
leaf_count=7422 296 230 331 264 675 238 225 226 224 232 282 164 1331 206 228 363 3928 564 296 242 161 870 160 681 189 173 1929 289 162 168
internal_value=0.00120139 0.0306855 0.00394887 4.61121e-05 -0.000593549 0.0112749 0.0432439 0.0126097 0.00467696 0.00840222 0.0162012 0.0590238 0.00790552 0.000131024 0.033182 -0.00331362 -0.00246906 0.00261339 0.0061277 0.00434135 0.00599205 -0.0154902 0.00610322 0.0045582 0.0293711 0.00130797 0.0029938 0.00995993 0.0130944 0.0602225
internal_weight=22749 857 627 21892 21628 4031 689 451 3342 3118 2443 396 2047 1765 434 17597 17234 9812 8218 7922 7680 1594 724 7519 870 6649 6476 4547 4258 330
internal_count=22749 857 627 21892 21628 4031 689 451 3342 3118 2443 396 2047 1765 434 17597 17234 9812 8218 7922 7680 1594 724 7519 870 6649 6476 4547 4258 330
is_linear=0
shrinkage=0.0161


Tree=222
num_leaves=31
num_cat=0
split_feature=144 64 389 180 476 406 590 195 146 394 238 273 330 267 48 494 495 439 307 508 537 471 591 381 103 129 539 506 5 39
split_gain=3853.88 3582.01 3079.64 2697.92 3841.7 4421.53 3169.19 3389.06 3552.97 3212.31 3045.66 3503.69 3015.48 3017.89 2759.96 2725.98 6163.34 3235.71 2623.39 2852.57 4821.21 2605.82 3210.43 2583.23 3728.7 2707.42 2238.21 2986.75 1944.52 1932.63
threshold=6.5000000000000009 73.500000000000014 52.000000000000007 16.500000000000004 6.5000000000000009 52.000000000000007 158.65000152587893 29.500000000000004 5.5000000000000009 5.5000000000000009 8.0000000000000018 10.500000000000002 35.500000000000007 43.500000000000007 43.500000000000007 64.500000000000014 91.500000000000014 5.5000000000000009 5.5000000000000009 129.50000000000003 89.500000000000014 16.500000000000004 81.350002288818374 13.500000000000002 10.500000000000002 24.500000000000004 232.50000000000003 193.50000000000003 24.500000000000004 24.500000000000004
decision_type=2 2 2 2 2 2 10 2 2 2 2 2 2 2 2 2 2 2 2 2 2 2 8 2 2 2 2 2 2 2
left_child=1 18 3 4 14 6 7 8 -6 -8 -11 -12 13 26 -2 21 -17 -18 -1 -20 -21 -10 -23 25 -25 28 27 29 -22 -5
right_child=2 -3 -4 12 5 -7 9 -9 15 10 11 -13 -14 -15 -16 16 17 -19 19 20 23 22 -24 24 -26 -27 -28 -29 -30 -31
leaf_value=-0.017156664689813011 -0.0034668315511039685 0.068425677999168752 -0.03226704718857544 -0.016699675760826798 -0.0031806440381585495 0.090416930541637242 0.040126364657864448 0.079755810481776768 -0.0019476404375309206 -0.060658965029230301 0.052996878233235963 -0.03615124583366696 -0.065572958078076962 0.061828228581829812 0.057328988785804863 0.1198703803462437 0.079915785507842174 0.0064636049449267111 -0.008339446680214517 0.09959550277148925 -0.025984669438768107 0.097254131240433458 0.005867757303937478 0.084245284507889928 -0.007070779667403466 0.05439793436226268 -0.054795475359238836 0.050679421894131674 0.032840173537769572 0.027383159856341717
leaf_weight=4837 3467 160 518 1413 1047 232 288 278 739 323 207 255 206 181 205 260 223 516 4343 162 816 189 212 237 226 168 224 252 177 315
leaf_count=4837 3467 160 518 1413 1047 232 288 278 739 323 207 255 206 181 205 260 223 516 4343 162 816 189 212 237 226 168 224 252 177 315
internal_value=-0.000423133 -0.00718669 0.0060901 0.00789327 0.0123054 0.0218362 0.0183241 0.0258144 0.0211002 -0.00583516 -0.0227275 0.0037408 -0.00647144 -0.00135679 -6.63196e-05 0.0329963 0.0524222 0.0286603 -0.00829207 -0.00129229 0.015831 0.0159524 0.0489988 0.00746072 0.0396212 -0.0053444 -0.00655643 -0.0010872 -0.0154756 -0.00865012
internal_weight=22676 11126 11550 11032 8441 4769 4537 3464 3186 1073 785 462 2591 2385 3672 2139 999 739 10966 6129 1786 1140 401 1624 463 1161 2204 1980 993 1728
internal_count=22676 11126 11550 11032 8441 4769 4537 3464 3186 1073 785 462 2591 2385 3672 2139 999 739 10966 6129 1786 1140 401 1624 463 1161 2204 1980 993 1728
is_linear=0
shrinkage=0.0161


Tree=223
num_leaves=31
num_cat=0
split_feature=540 534 79 275 523 570 503 444 172 170 404 275 521 554 270 233 509 220 301 219 369 546 540 390 503 516 240 474 493 66
split_gain=4005.68 8610.41 10038 3214.75 2886.62 2865.26 3831.15 2739.51 3131.71 2729.42 3926.37 5848.51 3526.59 3414.15 2905.84 3177.57 7336.28 3317.22 2761.79 2486.28 2901.08 2537.17 7250.68 3687.89 3387.14 2438.91 2405.3 2218.51 2198.54 1990.25
threshold=233.25000000000003 215.50000000000003 13.500000000000002 13.500000000000002 286.50000000000006 251.25000000000003 310.50000000000006 5.5000000000000009 87.000000000000014 35.500000000000007 8.0000000000000018 10.500000000000002 259.50000000000006 113.64999771118165 29.500000000000004 29.500000000000004 156.50000000000003 61.500000000000007 29.500000000000004 4.5000000000000009 43.500000000000007 200.34999847412112 187.55000305175784 8.0000000000000018 94.500000000000014 166.50000000000003 10.500000000000002 10.500000000000002 194.50000000000003 24.500000000000004
decision_type=10 2 2 2 2 10 2 2 2 2 2 2 2 8 2 2 2 2 2 2 2 8 8 2 2 2 2 2 2 2
left_child=4 2 -2 -3 5 6 7 -1 9 12 13 -12 14 -11 15 17 26 18 19 28 21 27 -23 -24 -25 -16 -17 -21 -9 -29
right_child=1 3 -4 -5 -6 -7 -8 8 -10 10 11 -13 -14 -15 25 16 -18 -19 -20 20 -22 22 23 24 -26 -27 -28 29 -30 -31
leaf_value=-0.0083662541709987968 0.16186380359734345 -0.049225916872817022 -0.0010423666942773093 0.039088316551810921 -0.039683033018673326 -0.053874826749061924 0.070955053987435096 -0.0064630466997280325 -0.066119747245099683 0.044792181900528874 0.0097859330091193495 0.11722721635855263 0.061659279350695796 -0.03926810169111708 -0.013277821472221741 0.04337643810668769 0.1318988714540951 0.070276256274577217 -0.028117848551987016 -0.003778720862202007 -0.036721524964307625 0.12437227273924074 -0.0073964497095562552 0.09019825461924269 0.0048575773567134531 -0.079057022666852536 -0.017466089853394293 0.012145652362656743 -0.067916697228640896 0.060756891688325133
leaf_weight=7480 219 269 177 177 500 258 196 2692 164 224 279 249 256 284 846 313 160 177 832 2797 351 183 724 256 229 177 364 1436 160 258
leaf_count=7480 219 269 177 177 500 258 196 2692 164 224 279 249 256 284 846 313 160 177 832 2797 351 183 724 256 229 177 364 1436 160 258
internal_value=-0.000114071 0.0343432 0.0889902 -0.0141247 -0.00144328 -0.000546424 0.000104934 -0.000558657 0.00379428 0.00466161 0.0297536 0.0604988 0.00253084 -0.00215582 0.00126272 0.00369273 0.0338387 0.00119093 -3.9616e-05 0.0025289 0.00822744 0.0109133 0.0299079 0.0155898 0.0499519 -0.024682 0.0106287 0.00502056 -0.00991891 0.0195631
internal_weight=22687 842 396 446 21845 21345 21087 20891 13411 13247 1036 528 12211 508 11955 10932 837 10095 9918 9086 6234 5883 1392 1209 485 1023 677 4491 2852 1694
internal_count=22687 842 396 446 21845 21345 21087 20891 13411 13247 1036 528 12211 508 11955 10932 837 10095 9918 9086 6234 5883 1392 1209 485 1023 677 4491 2852 1694
is_linear=0
shrinkage=0.0161


Tree=224
num_leaves=31
num_cat=0
split_feature=489 319 527 78 489 599 537 347 261 155 588 136 247 143 257 238 262 506 521 26 56 303 581 581 556 579 539 26 523 525
split_gain=3769.31 2892.92 2832.49 2467.96 3084.13 3721.66 6479.39 4292.49 3588.32 2658.76 6304.01 5020.88 4287.82 2720.04 2625.73 2278.86 2241.09 2092.14 2416.97 1975.55 2364.99 2402.01 2168.91 3635.76 2546.73 7289.29 2420.66 2463.53 2048.24 4156.94
threshold=341.50000000000006 2.5000000000000004 308.50000000000006 24.500000000000004 280.50000000000006 198.94999694824222 197.50000000000003 20.000000000000004 6.5000000000000009 24.500000000000004 191.15000152587893 13.500000000000002 29.500000000000004 73.500000000000014 8.0000000000000018 10.500000000000002 24.500000000000004 129.50000000000003 101.50000000000001 29.500000000000004 2.5000000000000004 52.000000000000007 164.05000305175784 156.94999694824222 140.84999847412112 133.65000152587893 163.50000000000003 6.5000000000000009 193.50000000000003 172.50000000000003
decision_type=2 2 2 2 2 10 2 2 2 2 8 2 2 2 2 2 2 2 2 2 2 2 10 10 10 10 2 2 2 2
left_child=1 -1 3 4 5 9 -7 8 -8 13 12 -12 17 19 15 -5 -16 18 -11 20 -3 22 23 24 28 -26 -24 -28 29 -22
right_child=-2 2 -4 14 -6 6 7 -9 -10 10 11 -13 -14 -15 16 -17 -18 -19 -20 -21 21 -23 26 -25 25 -27 27 -29 -30 -31
leaf_value=-0.016852270186642232 0.072989861980831031 -0.01562358815199693 -0.0415482868191328 -0.0052119810747933513 -0.043178089321420934 0.10781268003869779 0.04487108757989846 0.082583571544276368 -0.031875046831711849 -0.011377205510846124 0.032152914145735234 0.13990485736397776 0.067087178598385866 0.061108381472821917 -0.011549035942741238 0.052469575874451002 -0.052182258548497985 -0.049783991954166877 0.056463175506542375 -0.018677515666470201 0.0018142804622210051 0.049180638540408356 -0.03764785643727777 0.075064892231768779 0.092278031243008596 -0.0064527965308076541 -0.034493727678628155 0.044040144982599234 -0.051153410552142918 0.079460120605892429
leaf_weight=2409 184 1588 383 506 336 244 245 186 444 638 302 179 230 196 1874 273 434 255 173 1238 7706 316 634 197 319 493 175 253 181 183
leaf_count=2409 184 1588 383 506 336 244 245 186 444 638 302 179 230 196 1874 273 434 255 173 1238 7706 316 634 197 319 493 175 253 181 183
internal_value=0.000414659 -0.000175438 0.0018141 0.00265416 0.00509826 0.00609029 0.0344337 0.0139445 -0.0045509 0.00400981 0.0225218 0.0723008 0.0040286 0.00156754 -0.010569 0.0149723 -0.0192 -0.00955483 0.00306527 0.000687199 0.00267948 0.00546124 0.00409659 0.00664501 0.00512483 0.0323053 -0.0176676 0.0118743 0.00238702 0.0036184
internal_weight=22774 22590 20181 19798 16711 16375 1119 875 689 15256 1777 481 1296 13479 3087 779 2308 1066 811 13283 12045 10457 10141 9079 8882 812 1062 428 8070 7889
internal_count=22774 22590 20181 19798 16711 16375 1119 875 689 15256 1777 481 1296 13479 3087 779 2308 1066 811 13283 12045 10457 10141 9079 8882 812 1062 428 8070 7889
is_linear=0
shrinkage=0.0161


Tree=225
num_leaves=31
num_cat=0
split_feature=283 493 356 197 406 544 598 582 589 336 275 81 493 169 599 438 173 259 406 59 32 326 536 524 548 192 261 536 484 503
split_gain=3224.98 2974.23 2564.88 2733.67 2715.22 6217.88 9282.15 3199.47 3159.05 2853.88 2665.91 3839.28 4357.15 3951.14 3015.89 2911.1 2890.09 2757.82 3139.11 3471.36 2707.34 2638.17 2540.63 2412.98 2422.42 2196.76 2151.7 2062.83 3750.25 3920.62
threshold=3.5000000000000004 341.50000000000006 3.5000000000000004 73.500000000000014 35.500000000000007 137.05000305175784 186.44999694824222 170.05000305175784 264.34999084472662 61.500000000000007 8.0000000000000018 2.5000000000000004 84.500000000000014 35.500000000000007 175.25000000000003 29.500000000000004 8.0000000000000018 6.5000000000000009 3.5000000000000004 29.500000000000004 43.500000000000007 13.500000000000002 98.500000000000014 98.500000000000014 114.45000076293947 4.5000000000000009 13.500000000000002 185.50000000000003 160.50000000000003 194.50000000000003
decision_type=2 2 2 2 2 10 8 10 8 2 2 2 2 2 10 2 2 2 2 2 2 2 2 2 8 2 2 2 2 2
left_child=-1 2 -2 4 7 21 -7 9 27 10 14 12 -12 15 20 17 -16 25 -19 -20 22 -6 23 -4 -25 -13 -15 -9 -29 -30
right_child=1 -3 3 -5 5 6 -8 8 -10 -11 11 13 -14 26 16 -17 -18 18 19 -21 -22 -23 -24 24 -26 -27 -28 28 29 -31
leaf_value=-0.011663483853388047 -0.0098161251408601605 0.072580460298318994 -0.00074235843854597681 -0.05203471192673597 -0.020806726479966491 0.14372730507946302 -0.0024633608562298613 -0.033771853670825309 0.049215550550241204 -0.045508650961560981 0.023422146040373935 0.028952541528942121 0.12966376151532533 0.027085948501095646 0.0036030150888608655 -0.027764795189463658 0.098246425587349667 0.082678449208042029 0.010269609024098502 0.080050442396886037 0.0559627230005149 0.041889198001090089 -0.021787399734316419 0.08838210919162201 0.011703061270884626 -0.013013474474752531 0.11006172287943924 0.051590734194211507 0.026471029806642298 -0.043550054207153854
leaf_weight=4570 3368 160 3620 209 489 246 207 1074 199 250 256 456 165 166 174 476 162 240 1325 215 213 270 1341 162 316 1111 160 256 324 574
leaf_count=4570 3368 160 3620 209 489 246 207 1074 199 250 256 456 165 166 174 476 162 240 1325 215 213 270 1341 162 316 1111 160 256 324 574
internal_value=0.000425912 0.00346551 0.00285067 0.00576315 0.00660092 0.0296692 0.076873 0.00448666 -0.0122142 0.00823911 0.00951402 0.0187754 0.0651167 0.0140675 0.00244185 0.00947235 0.0493047 0.0147751 0.0284876 0.020027 -0.000339886 0.00146516 -0.00254911 0.00374054 0.0377398 -0.000786263 0.0678825 -0.0177115 -0.00274421 -0.0182601
internal_weight=22754 18184 18024 14656 14447 1212 453 13235 2427 10808 10558 4570 421 4149 5988 3823 336 3347 1780 1540 5652 759 5439 4098 478 1567 326 2228 1154 898
internal_count=22754 18184 18024 14656 14447 1212 453 13235 2427 10808 10558 4570 421 4149 5988 3823 336 3347 1780 1540 5652 759 5439 4098 478 1567 326 2228 1154 898
is_linear=0
shrinkage=0.0161


Tree=226
num_leaves=31
num_cat=0
split_feature=171 133 292 302 278 336 108 548 185 9 505 533 59 498 594 6 111 597 253 557 332 386 477 437 373 73 381 9 298 146
split_gain=3106.29 2940.39 2835.16 3019.7 2702.28 2640.42 2543.56 5154.73 3997.47 3363.6 3436.2 7274.58 8034.18 6101.71 4075.78 3049.49 2904.23 2616.87 2220.45 2173.6 2063.33 2486.65 3058.82 4447.97 2295.06 2769.69 2547.2 4374.29 2479.57 2020.08
threshold=102.50000000000001 52.000000000000007 3.5000000000000004 87.000000000000014 8.0000000000000018 87.000000000000014 10.500000000000002 247.34999847412112 61.500000000000007 24.500000000000004 207.50000000000003 145.50000000000003 29.500000000000004 107.50000000000001 117.14999771118165 5.5000000000000009 43.500000000000007 109.54999923706056 10.500000000000002 221.94999694824222 20.000000000000004 4.5000000000000009 35.500000000000007 10.500000000000002 4.5000000000000009 2.5000000000000004 2.5000000000000004 8.0000000000000018 29.500000000000004 20.000000000000004
decision_type=2 2 2 2 2 2 2 10 2 2 2 2 2 2 10 2 2 10 2 8 2 2 2 2 2 2 2 2 2 2
left_child=1 2 -1 5 -3 6 8 9 20 10 11 14 13 -13 16 -15 17 -8 -17 -12 21 -4 24 -24 -23 -26 27 -27 29 -28
right_child=-2 4 3 -5 -6 -7 7 -9 -10 -11 19 12 -14 15 -16 18 -18 -19 -20 -21 -22 22 23 -25 25 26 28 -29 -30 -31
leaf_value=-0.010229260207579622 -0.065318326312708716 0.00022512714800135974 -0.013193014500358305 0.068816631705202469 -0.059948820579329522 -0.056584482259742531 0.0092814280967846215 0.090532792196488451 0.077473978557511369 -0.016362810625306642 -0.043632572539822417 0.12596270396332204 0.15922595695643055 0.069365644201776544 -0.022360765095750135 -0.03414490009641287 0.08261393208072354 0.065199889298022742 0.037653502185384727 0.0184285975448082 -0.019468422748729307 -0.012744128654606803 0.0010684718624938405 0.10811670813620795 0.059607018252208731 -0.0042312121367094344 0.0050037395023114044 0.10853569056245596 0.056898652092289607 -0.026849006396757764
leaf_weight=4503 190 374 2365 185 399 188 2717 208 165 1117 403 161 168 193 846 291 168 236 181 229 1552 1644 226 182 271 196 2378 163 198 659
leaf_count=4503 190 374 2365 185 399 188 2717 208 165 1117 403 161 168 193 846 291 168 236 181 229 1552 1644 226 182 271 196 2378 163 198 659
internal_value=-0.000492165 5.26122e-05 0.0011482 0.0041127 -0.0308045 0.00341151 0.00407964 0.0115853 -0.00111096 0.00913457 0.014231 0.0187377 0.0576899 0.03701 0.00897159 0.0154386 0.0174723 0.0137583 -0.00656217 -0.021108 -0.00243189 0.000757819 0.00633789 0.0488781 0.00318306 0.00996387 0.00621406 0.0469038 0.00169129 -0.00190025
internal_weight=22756 22566 21793 17290 773 17105 16917 6918 9999 6710 5593 4961 994 826 3967 665 3121 2953 472 632 9834 8282 5917 408 5509 3865 3594 359 3235 3037
internal_count=22756 22566 21793 17290 773 17105 16917 6918 9999 6710 5593 4961 994 826 3967 665 3121 2953 472 632 9834 8282 5917 408 5509 3865 3594 359 3235 3037
is_linear=0
shrinkage=0.0161


Tree=227
num_leaves=31
num_cat=0
split_feature=59 505 112 121 84 406 425 499 165 540 486 536 593 575 345 587 290 533 177 496 225 147 361 142 527 209 433 49 485 593
split_gain=3005.42 5628.89 3909.5 3070.88 3553.09 3201.14 10035.1 3030.94 5494.15 3890.7 3236.98 3028.39 2809.2 4647 4640.3 3550.5 3075.22 3162.4 3054.57 2693.76 3070.09 2790 3891.5 5189.41 2551.21 2373.39 3391.51 2194.36 2999.27 2116.93
threshold=52.000000000000007 180.50000000000003 20.000000000000004 20.000000000000004 3.5000000000000004 35.500000000000007 24.500000000000004 153.50000000000003 61.500000000000007 255.05000305175784 286.50000000000006 18.500000000000004 120.04999923706056 179.15000152587893 6.5000000000000009 131.75000000000003 29.500000000000004 130.50000000000003 10.500000000000002 286.50000000000006 8.0000000000000018 13.500000000000002 5.5000000000000009 8.0000000000000018 101.50000000000001 8.0000000000000018 10.500000000000002 8.0000000000000018 116.50000000000001 228.75000000000003
decision_type=2 2 2 2 2 2 2 2 2 10 2 2 10 8 2 10 2 2 2 2 2 2 2 2 2 2 2 2 2 8
left_child=3 2 -2 4 29 7 25 8 11 10 19 -6 15 -14 -15 16 17 24 -18 20 -9 22 -22 -24 27 -7 -27 -13 -29 -1
right_child=1 -3 -4 -5 5 6 -8 9 -10 -11 -12 12 13 14 -16 -17 18 -19 -20 -21 21 -23 23 -25 -26 26 -28 28 -30 -31
leaf_value=-0.018498255084887356 -0.015527411262320526 0.10587352114540781 0.075597074084529314 -0.014178754758173749 -0.0071879077158065055 -0.014556375422292663 0.1405084551404284 -0.033266866509072415 0.096749863249001367 0.066164824221422378 -0.071892462245478031 0.0007240770334981777 -0.016630939990838589 0.099637052250166697 -0.0039583889298392527 0.088997405329842447 0.021316436108728683 0.06507390923249172 0.11161365334624797 0.03663839251985402 -0.029639640729407037 -0.0316379112102078 0.10759067075186073 0.00062871179146835939 -0.027660353535715363 -0.0027423168787742598 0.086894171017719721 0.018935376871301861 0.091194877274190525 0.010494219164841395
leaf_weight=2904 485 196 163 3650 3125 479 184 1222 176 161 239 1904 1625 200 254 178 238 272 165 286 245 377 216 259 453 245 197 1644 164 841
leaf_count=2904 485 196 163 3650 3125 479 184 1222 176 161 239 1904 1625 200 254 178 238 272 165 286 245 377 216 259 453 245 197 1644 164 841
internal_value=0.000450885 0.0302639 0.00735801 -0.000696841 0.00199781 0.00560789 0.0319491 0.00343445 0.00755165 -0.0108042 -0.0151697 0.00601355 0.0118298 -0.00389769 0.0416265 0.0183506 0.0157475 0.0118732 0.0583452 -0.00995654 -0.0157132 0.00381922 0.0224177 0.0493178 0.00839322 0.0102353 0.0371555 0.0127994 0.0255029 -0.0119812
internal_weight=22747 844 648 21903 18253 14508 1105 13403 10398 3005 2844 10222 7097 2079 454 5018 4840 4437 403 2605 2319 1097 720 475 4165 921 442 3712 1808 3745
internal_count=22747 844 648 21903 18253 14508 1105 13403 10398 3005 2844 10222 7097 2079 454 5018 4840 4437 403 2605 2319 1097 720 475 4165 921 442 3712 1808 3745
is_linear=0
shrinkage=0.0161


Tree=228
num_leaves=31
num_cat=0
split_feature=540 534 570 389 504 153 291 208 516 497 18 573 56 121 294 502 498 471 468 522 271 579 204 538 533 543 397 223 30 86
split_gain=4104.72 9859.95 3653.28 3074.87 2943.23 2756.75 2666.4 2417.06 2801.35 4306.12 4966.52 2878.14 2653.1 2778.41 2871.2 3034.87 7161.87 2618.38 4658.85 2476.83 3225.54 2904.56 2844.36 5615.78 2351.54 5437.48 2147.46 2052.03 1935.73 3232.53
threshold=247.34999847412112 207.50000000000003 251.25000000000003 3.5000000000000004 313.50000000000006 73.500000000000014 3.5000000000000004 20.000000000000004 141.50000000000003 112.50000000000001 8.0000000000000018 203.05000305175784 73.500000000000014 16.500000000000004 6.5000000000000009 257.50000000000006 242.50000000000003 35.500000000000007 6.5000000000000009 135.50000000000003 10.500000000000002 191.15000152587893 10.500000000000002 78.500000000000014 167.50000000000003 158.65000152587893 35.500000000000007 10.500000000000002 5.5000000000000009 16.500000000000004
decision_type=10 2 10 2 2 2 2 2 2 2 2 10 2 2 2 2 2 2 2 2 2 8 2 2 2 8 2 2 2 2
left_child=2 -2 3 -1 5 6 -5 12 9 -9 -11 -10 13 14 19 16 17 24 -19 22 -21 -22 -8 -24 28 -26 -15 -27 29 -16
right_child=1 -3 -4 4 -6 -7 7 8 11 10 -12 -13 -14 26 15 -17 -18 18 -20 20 21 -23 23 -25 25 27 -28 -29 -30 -31
leaf_value=-0.011634980928553189 0.1310397581042495 -0.012360444211011654 -0.052094329585479812 -0.0093702220224866802 0.066641250214417219 -0.047735647478084668 0.00047830476449604474 -0.010278809143167766 -0.051820831800033884 -0.0081938033820649053 0.10301180892150578 0.020165561553287255 0.066300655167995215 -0.011325017245472063 0.012742960775095985 -0.042272026698864644 0.1252478658025209 -0.01109267728038411 0.095339274994289819 -0.044828412821892795 -0.028129312759669015 0.064982186740298181 0.0068558935589005535 0.091189575581542434 0.11964756380269921 0.042900145430499408 0.046276328847644599 -0.026233030721024574 0.002168381219553843 0.085019983054693396
leaf_weight=4260 209 306 346 3256 190 274 2389 1351 562 202 214 193 213 2130 654 183 176 167 293 544 175 172 651 299 178 274 182 187 2233 213
leaf_count=4260 209 306 346 3256 190 274 2389 1351 562 202 214 193 213 2130 654 183 176 167 293 544 175 172 651 299 178 274 182 187 2233 213
internal_value=0.000855049 0.0457893 -0.000188116 0.000634071 0.00361269 0.00292171 0.00373521 0.00682122 -0.00742611 0.00365344 0.0489564 -0.0333878 0.00999944 0.00891695 0.0130494 0.0219157 0.024606 0.020382 0.0566487 0.00349001 -0.0203506 0.0179561 0.00985882 0.0334236 0.0159139 0.0440475 -0.00678048 0.0148059 0.0101072 0.0305267
internal_weight=22676 515 22161 21815 17555 17365 17091 13835 2522 1767 416 755 11313 11100 8788 4558 4375 4199 460 4230 891 347 3339 950 3739 639 2312 461 3100 867
internal_count=22676 515 22161 21815 17555 17365 17091 13835 2522 1767 416 755 11313 11100 8788 4558 4375 4199 460 4230 891 347 3339 950 3739 639 2312 461 3100 867
is_linear=0
shrinkage=0.0161


Tree=229
num_leaves=31
num_cat=0
split_feature=283 535 536 364 555 417 168 449 595 235 546 36 530 488 9 132 384 253 174 535 55 432 361 149 408 481 534 232 234 168
split_gain=3210.83 3252.79 5245.59 7211.6 10507.6 4337.83 4597.63 3628.89 3092.95 4057.37 6490.84 3332.23 4396.71 4617.46 2693.94 2923.37 2601.85 3049.93 3863.51 2561.79 2855.16 3565.42 3750.39 3746.31 4437.77 9514.53 3904.9 4203.15 3905.48 2939.06
threshold=3.5000000000000004 217.50000000000003 178.50000000000003 10.500000000000002 216.75000000000003 24.500000000000004 6.5000000000000009 13.500000000000002 136.55000305175784 43.500000000000007 131.75000000000003 8.0000000000000018 191.50000000000003 190.50000000000003 8.0000000000000018 8.0000000000000018 20.000000000000004 13.500000000000002 10.500000000000002 17.500000000000004 8.0000000000000018 13.500000000000002 24.500000000000004 4.5000000000000009 4.5000000000000009 76.500000000000014 85.500000000000014 6.5000000000000009 10.500000000000002 29.500000000000004
decision_type=2 2 2 2 8 2 2 2 10 2 8 2 2 2 2 2 2 2 2 2 2 2 2 2 2 2 2 2 2 2
left_child=-1 2 8 14 7 16 -7 -5 9 19 -11 -10 -13 -14 15 -4 17 -3 -19 -2 -21 22 23 -22 25 -25 27 -26 -29 -23
right_child=1 5 3 4 -6 6 -8 -9 11 10 -12 12 13 -15 -16 -17 -18 18 -20 20 21 29 -24 24 26 -27 -28 28 -30 -31
leaf_value=-0.010818211625480105 -0.005954212138217594 -0.036172741749771156 -0.010268460219841921 -0.0075349880056248516 0.17293151205503826 -0.035141842782101508 0.07290945038163861 0.089570294406360731 -0.032271272478819966 0.0065248824763400222 0.13725089524994058 -0.012985959919086963 0.093841621913936663 -0.014520980523975085 -0.02619316309637883 0.081395935673478345 -0.067392634768683402 0.059459158600971986 -0.039629860518859222 0.0012329076331923637 0.0057431993519006389 -0.0095712627949401038 -0.012940185763314056 0.037987741798160599 0.013496658916809999 0.19409410575959105 -0.0072485202562030098 0.14421833403368628 0.049018564794220149 0.058777436607924803
leaf_weight=4503 3484 751 182 249 202 169 257 166 1160 257 160 1091 243 175 387 178 340 244 175 4241 621 1230 421 271 349 162 369 188 278 188
leaf_count=4503 3484 751 182 249 202 169 257 166 1160 257 160 1091 243 175 387 178 340 244 175 4241 621 1230 421 271 349 162 369 188 278 188
internal_value=0.00135193 0.00436632 0.00671729 0.0369384 0.0776736 -0.015357 0.0299888 0.0312504 0.00394693 0.00737777 0.05674 -0.011751 0.00400768 0.0484182 0.00326076 0.0349891 -0.0281655 -0.0167461 0.0180174 0.00563166 0.0104872 0.0201081 0.0311031 0.0393988 0.0523094 0.0964468 0.0361481 0.0558253 0.0874758 -0.000492919
internal_weight=22691 18188 16252 1364 617 1936 426 415 14888 12219 417 2669 1509 418 747 360 1510 1170 419 11802 8318 4077 2659 2238 1617 433 1184 815 466 1418
internal_count=22691 18188 16252 1364 617 1936 426 415 14888 12219 417 2669 1509 418 747 360 1510 1170 419 11802 8318 4077 2659 2238 1617 433 1184 815 466 1418
is_linear=0
shrinkage=0.0161


Tree=230
num_leaves=31
num_cat=0
split_feature=173 503 502 533 47 106 259 577 501 418 422 522 593 571 411 146 588 186 106 237 515 46 380 132 0 563 136 548 216 332
split_gain=3057.69 3506.18 3957.35 3648.26 5927.25 4974.79 3923.46 3598.24 3207.99 2865.08 2787.56 2769.3 2574.16 3919.64 3192.18 6693.96 3757.11 3262.56 2476.24 2734.51 2848.82 2915.12 2350.12 2267.8 2264.42 2098.08 2589.51 1894.94 1808.86 1754.59
threshold=3.5000000000000004 188.50000000000003 317.50000000000006 146.50000000000003 29.500000000000004 29.500000000000004 24.500000000000004 133.05000305175784 75.500000000000014 29.500000000000004 73.500000000000014 288.50000000000006 118.54999923706056 144.05000305175784 29.500000000000004 20.000000000000004 86.350002288818374 4.5000000000000009 3.5000000000000004 24.500000000000004 166.50000000000003 24.500000000000004 13.500000000000002 3.5000000000000004 10.500000000000002 155.05000305175784 5.5000000000000009 196.25000000000003 3.5000000000000004 35.500000000000007
decision_type=2 2 2 2 2 2 2 8 2 2 2 2 10 10 2 2 8 2 2 2 2 2 2 2 2 10 2 10 2 2
left_child=27 3 7 10 5 6 8 -3 -5 23 12 18 13 14 24 17 -17 -16 -9 20 -20 -22 -19 -10 28 -14 -27 -1 -2 -30
right_child=1 2 -4 4 -6 -7 -8 11 9 -11 -12 -13 25 -15 15 16 -18 22 19 -21 21 -23 -24 -25 -26 26 -28 -29 29 -31
leaf_value=-0.0093569284973164905 -0.0096192060934481346 0.048859407527540581 0.043825936272706874 0.065955081892136141 0.089037179282313139 0.082813294579010932 0.062017521347452371 0.025156601103660681 0.032021730540238713 0.043851465118284097 0.060234103140148633 -0.071200788570296006 -0.023726766041818802 0.081796958868440628 0.05521905782562047 0.032346683817371831 0.13879336849967694 -0.044133240027497654 -0.045538703806542381 -0.071861480184379614 -0.015545061684982252 0.050986142076003396 0.024970227174025323 -0.026823733503159169 -0.0094184552365238292 0.062261724722300765 -0.010990156202293362 -0.060744366964848868 0.015002487453552508 -0.031339632906480605
leaf_weight=4639 1271 184 282 160 314 246 281 290 198 223 213 295 1619 169 219 165 181 342 567 279 728 223 203 1178 3620 182 399 194 3791 224
leaf_count=4639 1271 184 282 160 314 246 281 290 198 223 213 295 1619 169 219 165 181 342 567 279 728 223 203 1178 3620 182 399 194 3791 224
internal_value=-5.02193e-05 0.00299469 -0.0133964 0.00606782 0.0234325 0.0144109 0.0061508 -0.0196942 -0.00276052 -0.0096511 0.0024822 -0.0249996 0.00148707 0.00490014 0.00360031 0.0293462 0.0880992 0.00270728 -0.0184577 -0.0255093 -0.0169745 3.10917e-05 -0.0183506 -0.018339 0.00038883 -0.0143032 0.0119157 -0.0114245 0.00710959 0.0124112
internal_weight=22879 18046 2848 15198 2600 2286 2040 2566 1759 1599 12598 2382 12385 10185 10016 1110 346 764 2087 1797 1518 951 545 1376 8906 2200 581 4833 5286 4015
internal_count=22879 18046 2848 15198 2600 2286 2040 2566 1759 1599 12598 2382 12385 10185 10016 1110 346 764 2087 1797 1518 951 545 1376 8906 2200 581 4833 5286 4015
is_linear=0
shrinkage=0.0161


Tree=231
num_leaves=31
num_cat=0
split_feature=50 523 546 310 166 538 254 543 286 99 505 542 256 144 291 45 292 347 310 291 245 469 551 546 350 535 17 7 121 86
split_gain=3318.43 3560.96 3509.22 6324.18 3990.42 3322.01 4063.99 2608.97 2453.29 2414.02 3009.09 3246.63 2389.27 2266.54 2429.76 2084.76 2066.07 2351.97 5058.84 3194.21 3128.27 4221.65 2316.57 3654.91 3067.08 4520.36 2950.3 1975.47 2232.79 2290.4
threshold=4.5000000000000009 299.50000000000006 207.44999694824222 24.500000000000004 24.500000000000004 224.50000000000003 10.500000000000002 210.94999694824222 3.5000000000000004 87.000000000000014 275.50000000000006 197.65000152587893 35.500000000000007 61.500000000000007 61.500000000000007 10.500000000000002 3.5000000000000004 3.5000000000000004 13.500000000000002 10.500000000000002 6.5000000000000009 13.500000000000002 240.75000000000003 84.250000000000014 16.500000000000004 147.50000000000003 5.5000000000000009 52.000000000000007 20.000000000000004 29.500000000000004
decision_type=2 2 10 2 2 2 2 10 2 2 2 10 2 2 2 2 2 2 2 2 2 2 8 10 2 2 2 2 2 2
left_child=-1 2 7 4 5 6 -4 8 -2 10 11 12 13 14 16 -14 -10 18 20 -20 21 -18 27 24 25 26 -24 28 29 -19
right_child=1 -3 3 -5 -6 -7 -8 -9 9 -11 -12 -13 15 -15 -16 -17 17 22 19 -21 -22 -23 23 -25 -26 -27 -28 -29 -30 -31
leaf_value=-0.010344218745010045 -0.0096984137903430769 -0.042275602156606362 -0.02250834392750279 0.10643483068964368 0.084008455692273512 -0.041465091793271555 0.078698585849868788 -0.047838790915938886 -0.0075018583871450072 0.067974934321292299 -0.050346811779760269 0.066107844384572845 0.012238417940280324 0.056332332581563373 -0.046394218582934486 -0.041237619056248814 0.0053169300432443977 0.0022853988479426429 0.035797246207393725 0.13668215777316034 -0.018730316568300622 0.10610582349736522 0.061441468575925515 0.098741139846399067 -0.021789515907346166 0.10963724577783339 -0.0079610724675910367 0.050901198391493291 -0.021429498913815272 0.042036206359211674
leaf_weight=6056 2897 428 209 235 166 329 202 260 1841 165 241 237 304 245 218 497 305 4085 164 163 437 167 241 160 371 164 464 216 932 414
leaf_count=6056 2897 428 209 235 166 329 202 260 1841 165 241 237 304 245 218 497 305 4085 164 163 437 167 241 160 371 164 464 216 932 414
internal_value=-0.000128987 0.00356141 0.00476428 0.0319969 0.012663 -0.00330966 0.027176 0.00271688 0.00359898 0.00680288 0.00595028 0.00711941 0.00588971 0.00791978 0.00677062 -0.0209127 0.00791774 0.0113478 0.0318392 0.0861574 0.012273 0.0410273 0.00775038 0.0262919 0.0169246 0.0334798 0.0157304 0.00314941 0.00124591 0.00594852
internal_weight=22813 16757 16329 1141 906 740 411 15188 14928 12031 11866 11625 11388 10587 10342 801 10124 8283 1236 327 909 472 7047 1400 1240 869 705 5647 5431 4499
internal_count=22813 16757 16329 1141 906 740 411 15188 14928 12031 11866 11625 11388 10587 10342 801 10124 8283 1236 327 909 472 7047 1400 1240 869 705 5647 5431 4499
is_linear=0
shrinkage=0.0161


Tree=232
num_leaves=31
num_cat=0
split_feature=20 353 92 291 398 224 400 303 413 312 581 95 13 419 156 584 499 502 161 62 331 595 544 546 490 592 522 364 82 178
split_gain=2930.13 3193.72 2787.49 2711.43 3419.59 3582.45 5357 9296.65 4355.1 3202.57 3252.75 6417.4 4131.14 4401.38 3480.3 3151.25 3136.69 3236.39 2954.21 2601.6 2588.61 2546.87 3738.32 2323.26 6474.28 2843.51 5516.95 2071.44 2054.48 2409.42
threshold=3.5000000000000004 73.500000000000014 102.50000000000001 3.5000000000000004 20.000000000000004 16.500000000000004 29.500000000000004 8.0000000000000018 35.500000000000007 5.5000000000000009 197.65000152587893 20.000000000000004 13.500000000000002 13.500000000000002 4.5000000000000009 220.15000152587893 108.50000000000001 80.500000000000014 13.500000000000002 16.500000000000004 24.500000000000004 140.05000305175784 147.94999694824222 170.05000305175784 159.50000000000003 120.95000076293947 104.50000000000001 24.500000000000004 16.500000000000004 24.500000000000004
decision_type=2 2 2 2 2 2 2 2 2 2 8 2 2 2 2 10 2 2 2 2 2 8 8 10 2 8 2 2 2 2
left_child=-1 2 3 -2 5 9 8 -8 16 21 23 12 13 -12 -14 20 17 -7 19 -18 28 22 -5 24 25 26 27 -11 29 -6
right_child=1 -3 -4 4 15 6 7 -9 -10 10 11 -13 14 -15 -16 -17 18 -19 -20 -21 -22 -23 -24 -25 -26 -27 -28 -29 -30 -31
leaf_value=-0.011396566419280859 -0.0095503225635426153 -0.047169184895696409 0.068649195082926745 -0.0012151690239104657 -0.003522289723944084 0.014891066858111689 0.17591062686070716 0.0083875151670080219 0.093876963358069179 -0.00090036000318678331 0.016696295447428816 0.099021485719184982 0.046000887043647708 0.10952926945134402 -0.041334936111070281 0.04980862662341369 -0.014395016834895448 0.078834618433163431 -0.054969064238703846 0.053449608273543836 -0.048578907044382079 -0.02304626287122492 0.079101111628949103 -0.022559209645914201 0.08619576573217233 -0.022006634150693566 0.096902560425861456 0.047797202159000511 -0.028185242203730438 0.057358932317618003
leaf_weight=4389 3346 320 172 2059 1324 953 160 186 181 1661 434 309 169 191 393 219 446 262 274 218 458 1407 162 632 273 784 189 262 762 193
leaf_count=4389 3346 320 172 2059 1324 953 160 186 181 1661 434 309 169 191 393 219 446 262 274 218 458 1407 162 632 273 784 189 262 762 193
internal_value=0.000422608 0.0032433 0.00413691 0.00351594 0.00652008 0.0104588 0.0267852 0.0859229 0.0180083 0.00555361 0.0135366 0.0336501 0.0166128 0.0451037 -0.0150301 -0.00893486 0.0116192 0.0286991 -0.0104794 0.00784383 -0.0136438 -0.0060953 0.00463251 0.00561411 0.0112402 0.00416617 0.013893 0.00572222 -0.00661272 0.0042078
internal_weight=22788 18399 18079 17907 14561 11605 2680 346 2334 8925 5297 1496 1187 625 562 2956 2153 1215 938 664 2737 3628 2221 3801 3169 2896 2112 1923 2279 1517
internal_count=22788 18399 18079 17907 14561 11605 2680 346 2334 8925 5297 1496 1187 625 562 2956 2153 1215 938 664 2737 3628 2221 3801 3169 2896 2112 1923 2279 1517
is_linear=0
shrinkage=0.0161


Tree=233
num_leaves=31
num_cat=0
split_feature=289 269 285 408 353 479 76 347 396 310 599 100 11 149 271 277 296 437 473 36 396 536 501 533 386 572 306 1 498 429
split_gain=3275.61 2793.05 3202.73 3035.36 3943.81 2344.48 2437.41 2859.92 2517.98 2410.83 3744.39 7730.77 3179.13 5357.32 5041.44 4576.36 5472.24 3151.07 2884.58 3011.31 2834.02 2513.45 2899.32 2695.9 4630.77 7502.29 2702.5 2409.38 2333.28 2557.03
threshold=102.50000000000001 3.5000000000000004 87.000000000000014 24.500000000000004 10.500000000000002 3.5000000000000004 61.500000000000007 87.000000000000014 73.500000000000014 8.0000000000000018 210.94999694824222 10.500000000000002 16.500000000000004 13.500000000000002 5.5000000000000009 20.000000000000004 20.000000000000004 4.5000000000000009 13.500000000000002 29.500000000000004 29.500000000000004 227.50000000000003 170.50000000000003 141.50000000000003 10.500000000000002 210.94999694824222 13.500000000000002 16.500000000000004 103.50000000000001 29.500000000000004
decision_type=2 2 2 2 2 2 2 2 2 2 10 2 2 2 2 2 2 2 2 2 2 2 2 2 2 8 2 2 2 2
left_child=1 3 5 -1 -5 28 7 8 9 20 12 -12 13 14 27 16 17 -16 -14 -20 21 23 -23 -7 26 -26 -25 -11 29 -3
right_child=-2 2 -4 4 -6 6 -8 -9 -10 10 11 -13 18 -15 15 -17 -18 -19 19 -21 -22 22 -24 24 25 -27 -28 -29 -30 -31
leaf_value=-0.01425586922540561 -0.068011646734848302 -0.0049824049477802867 0.069298036443762659 -0.0062964466132981152 0.088389716117106193 0.0017608086897255341 -0.029795400298647058 0.072390893888098634 -0.038328692746648255 -0.012009791847608855 0.12110534226975189 0.00051972674411968815 -0.014802483332145521 -0.006065931852501893 0.081509021044675611 0.12527782568067078 0.12221159668222749 0.0093252640907836963 0.0071746577289007359 0.081190748760244208 -0.040304457373782979 0.020876889851469713 -0.06057278761572666 -0.021452192808444639 0.020325159471047582 0.14780238125026357 0.046953148353144319 0.057598371029631119 -0.02989221313935608 0.058526307188994042
leaf_weight=4009 176 1887 196 313 179 5344 464 175 312 553 252 305 1634 1098 206 215 189 660 836 172 394 177 313 464 351 182 221 168 954 180
leaf_count=4009 176 1887 196 313 179 5344 464 175 312 553 252 305 1634 1098 206 215 189 660 836 172 394 177 313 464 351 182 221 168 954 180
internal_value=0.00117076 0.00171531 0.00456667 -0.00962026 0.0281045 0.00384878 0.00650693 0.00769306 0.00688531 0.00791416 0.015255 0.0551178 0.0113766 0.0224668 0.038214 0.0575188 0.0436878 0.0265232 -0.00158114 0.0198277 0.00171183 0.00406264 -0.0311031 0.00669214 0.0283091 0.0638981 0.000582908 0.00417694 -0.00906463 0.00053672
internal_weight=22579 22403 17902 4501 492 17706 14685 14221 14046 13734 6288 557 5731 3089 1991 1270 1055 866 2642 1008 7446 7052 490 6562 1218 533 685 721 3021 2067
internal_count=22579 22403 17902 4501 492 17706 14685 14221 14046 13734 6288 557 5731 3089 1991 1270 1055 866 2642 1008 7446 7052 490 6562 1218 533 685 721 3021 2067
is_linear=0
shrinkage=0.0161


Tree=234
num_leaves=31
num_cat=0
split_feature=172 172 490 242 496 524 583 518 519 10 289 526 414 350 523 583 502 470 232 439 178 281 74 522 365 154 251 409 376 38
split_gain=2679.52 2828.78 2433.26 2640.82 2849.86 2957.7 2999.82 2967.34 3190.34 5046.65 2677.83 3502.77 3645.38 3005.58 2676.94 2642.34 5166.36 2758.72 3676.56 2510.59 3430.74 2439.07 2651.28 2345.26 2493.59 2353.81 2508.15 2304.61 3688.03 2731.42
threshold=2.5000000000000004 87.000000000000014 334.50000000000006 87.000000000000014 330.50000000000006 222.50000000000003 221.94999694824222 234.50000000000003 208.50000000000003 8.0000000000000018 6.5000000000000009 185.50000000000003 8.0000000000000018 73.500000000000014 197.50000000000003 153.34999847412112 204.50000000000003 43.500000000000007 16.500000000000004 13.500000000000002 10.500000000000002 43.500000000000007 29.500000000000004 120.50000000000001 52.000000000000007 20.000000000000004 16.500000000000004 20.000000000000004 2.5000000000000004 6.5000000000000009
decision_type=2 2 2 2 2 2 10 2 2 2 2 2 2 2 2 10 2 2 2 2 2 2 2 2 2 2 2 2 2 2
left_child=-1 2 3 4 5 6 7 8 10 -10 11 23 -13 14 15 16 17 21 -19 -7 -21 22 27 24 -2 26 -25 -12 -29 -30
right_child=1 -3 -4 -5 -6 19 -8 -9 9 -11 13 12 -14 -15 -16 -17 -18 18 -20 20 -22 -23 -24 25 -26 -27 -28 28 29 -31
leaf_value=-0.013735762139381604 -0.0035391074871766394 -0.051143790670229838 0.058283404315909483 0.058398914442832239 0.066257982030526907 -0.035189543329317556 0.072933332073605486 -0.032192900005915633 0.11365594582377234 -0.0019609545347317532 0.0025917030545936945 -0.0057466364055401087 0.10213257460993365 -0.058155927909611417 0.064831987189100451 -0.016762185864336795 0.088793425181520794 -0.0009414800349575635 0.097043527090937776 -0.029217386452777626 0.047297444083547704 0.054495464317739988 -0.024914637491596336 -0.031630973724904345 0.058604833129328342 -0.078238533672678842 0.030591673952877048 0.094246889823790314 0.044107726460978457 9.1844774351870003e-05
leaf_weight=2748 6187 245 211 223 181 967 162 589 177 218 4039 161 163 166 233 887 224 185 213 325 285 278 655 686 172 194 222 178 590 963
leaf_count=2748 6187 245 211 223 181 967 162 589 177 218 4039 161 163 166 233 887 224 185 213 325 285 278 655 686 172 194 222 178 590 963
internal_value=0.00116865 0.00321985 0.00389597 0.00330696 0.00266918 0.00206596 0.00396572 0.00332152 0.0045687 0.0497875 0.00347789 -0.00336285 0.0484533 0.00966518 0.0110011 0.00947088 0.0126507 0.0102455 0.0514386 -0.0190515 0.00649276 0.00779608 0.0057718 -0.00561616 -0.00185452 -0.0273011 -0.016392 0.00925935 0.0248036 0.0168291
internal_weight=22727 19979 19734 19523 19300 19119 17542 17380 16791 395 16396 7785 324 8611 8445 8212 7325 7101 398 1577 610 6703 6425 7461 6359 1102 908 5770 1731 1553
internal_count=22727 19979 19734 19523 19300 19119 17542 17380 16791 395 16396 7785 324 8611 8445 8212 7325 7101 398 1577 610 6703 6425 7461 6359 1102 908 5770 1731 1553
is_linear=0
shrinkage=0.0161


Tree=235
num_leaves=31
num_cat=0
split_feature=147 171 536 599 541 464 265 135 418 547 557 505 142 170 264 95 434 550 4 326 489 365 410 548 531 355 139 553 552 485
split_gain=3280.54 3230.57 2619.15 5132.16 5917.38 4206.33 3774.04 4299.39 3536.48 3402.35 3122.97 4586.57 3367.77 3306.21 7697.14 3183.58 3846.89 2542.7 3228.86 2080.56 1849.17 1962.78 4519.43 1929.06 2768.97 2163.21 2849 2512.78 5743.02 3240.79
threshold=2.5000000000000004 102.50000000000001 226.50000000000003 201.75000000000003 205.94999694824222 6.5000000000000009 24.500000000000004 6.5000000000000009 24.500000000000004 240.75000000000003 183.15000152587893 244.50000000000003 13.500000000000002 52.000000000000007 13.500000000000002 10.500000000000002 10.500000000000002 218.75000000000003 8.0000000000000018 61.500000000000007 11.500000000000002 52.000000000000007 10.500000000000002 100.45000076293947 121.50000000000001 20.000000000000004 5.5000000000000009 159.44999694824222 171.05000305175784 195.50000000000003
decision_type=2 2 2 10 8 2 2 2 2 10 10 2 2 2 2 2 2 8 2 2 2 2 2 8 2 2 2 10 10 2
left_child=-1 2 3 9 5 -5 7 -4 17 10 11 13 15 19 -15 -12 -17 18 -9 20 -2 23 -23 24 -22 26 -25 29 -29 -28
right_child=1 -3 6 4 -6 -7 -8 8 -10 -11 12 -13 -14 14 -16 16 -18 -19 -20 -21 21 22 -24 25 -26 -27 27 28 -30 -31
leaf_value=-0.017022100391101632 -0.010265785498187973 -0.067016349454791735 -0.042067397596927847 0.069686125980498878 0.10501980491851348 -0.032952544657965654 -0.06906334334104626 -0.022616983164476839 0.078735690349735793 0.069588665957700205 -0.034914040262009324 0.065190364615209342 -0.05865668345238876 -0.022018069387843696 0.10585097950608213 0.078720257339244107 -0.025420505984909279 -0.032703498966249793 0.072076585458242373 -0.039042181585636444 0.0090921429264794202 0.0827580922969402 -0.019574394580799896 -0.011608569648703914 0.077074046964151266 -0.020242597262983358 0.010624608543351038 0.1148116768820707 0.00090015608635098446 -0.054054320398677844
leaf_weight=2711 2620 175 529 176 276 251 294 173 184 194 388 308 441 237 251 201 169 335 202 327 4485 253 200 2288 161 1348 2841 189 293 216
leaf_count=2711 2620 175 529 176 276 251 294 173 184 194 388 308 441 237 251 201 169 335 202 327 4485 253 200 2288 161 1348 2841 189 293 216
internal_value=-0.000401017 0.00185023 0.00245917 0.0042617 0.046912 0.00929774 -0.0165424 -0.00567479 0.0158332 0.00253817 0.00178124 0.00365864 -0.0232786 0.00245071 0.0437024 -0.00266483 0.0310896 -0.000435127 0.0283285 0.0011266 0.00201009 0.00463241 0.0375262 0.00336987 0.011453 -0.0018609 0.00238742 0.0114426 0.0456155 0.00604686
internal_weight=22716 20005 19830 18113 703 427 1717 1423 894 17410 17216 16017 1199 15709 488 758 370 710 375 15221 14894 12274 453 11821 4646 7175 5827 3539 482 3057
internal_count=22716 20005 19830 18113 703 427 1717 1423 894 17410 17216 16017 1199 15709 488 758 370 710 375 15221 14894 12274 453 11821 4646 7175 5827 3539 482 3057
is_linear=0
shrinkage=0.0161


Tree=236
num_leaves=31
num_cat=0
split_feature=123 27 484 542 596 293 233 494 516 171 587 574 454 102 437 584 318 531 585 339 407 560 266 227 398 546 500 514 99 546
split_gain=3593.77 2505.15 2657.34 5044.7 3463.26 2525.08 4171.4 6338.76 4303.42 2811.71 2256.23 4542.88 4035.57 2685.68 3475.54 6888.6 2510.18 3729.35 2283.69 2388.08 2248.74 2167.47 2062.86 3064.79 2952.5 2046.75 1923.84 2115.51 1945.36 1832.59
threshold=87.000000000000014 61.500000000000007 275.50000000000006 247.34999847412112 187.55000305175784 35.500000000000007 29.500000000000004 161.50000000000003 40.500000000000007 87.000000000000014 210.94999694824222 131.75000000000003 43.500000000000007 35.500000000000007 10.500000000000002 198.94999694824222 10.500000000000002 79.500000000000014 203.05000305175784 73.500000000000014 3.5000000000000004 216.75000000000003 29.500000000000004 6.5000000000000009 8.0000000000000018 244.44999694824222 99.500000000000014 73.500000000000014 8.0000000000000018 244.44999694824222
decision_type=2 2 2 10 8 2 2 2 2 2 8 8 2 2 2 10 2 2 10 2 2 10 2 2 2 8 2 2 2 8
left_child=1 2 3 5 -4 6 9 8 -8 10 18 -12 13 14 21 16 -16 -18 19 22 -7 -13 29 24 -24 -6 27 -22 -28 -1
right_child=-2 -3 4 -5 25 20 7 -9 -10 -11 11 12 -14 -15 15 -17 17 -19 -20 -21 26 -23 23 -25 -26 -27 28 -29 -30 -31
leaf_value=-0.0050850419187545787 0.057747807923008883 -0.03382160617607767 0.026081847471220561 0.08801540990244057 -0.011698528294165371 0.028396487604962533 0.06292925038586128 0.12242819754072094 -0.022470056034858701 -0.065600099575595497 0.085683767110851849 -0.0011648239063331448 0.071980001485316678 -0.041673226869269012 -0.015104354702299597 0.10266943297181703 -0.0046096130565030109 0.077008392867016842 -0.04341346439778429 0.054948414821924058 -0.033373762911983691 -0.062697004027112035 0.014124411394761277 -0.0057499052718541777 0.10586284572206142 -0.075476824759061645 -0.020038077497943497 0.033019053382869291 -0.082958460888348129 0.039183622562825177
leaf_weight=12715 268 607 206 169 212 191 262 176 367 170 198 2058 232 322 542 254 314 269 352 189 363 160 197 457 170 343 238 189 277 247
leaf_count=12715 268 607 206 169 212 191 262 176 367 170 198 2058 232 322 542 254 314 269 352 189 363 160 197 457 170 343 238 189 277 247
internal_value=-0.000857765 -0.00155855 -0.000660744 0.000405269 -0.0302178 -0.000301727 0.00111275 0.0370041 0.0130643 -0.000419093 0.000172963 0.010331 0.00673104 0.00286238 0.00685571 0.0269295 0.00980818 0.0330091 -0.00290889 -0.00188698 -0.0224157 -0.00561419 -0.00266788 0.0220285 0.0566832 -0.0511571 -0.0315334 -0.0105988 -0.0539264 -0.00423966
internal_weight=22714 22446 21839 21078 761 20909 19651 805 629 18846 18676 4349 4151 3919 3597 1379 1125 583 14327 13975 1258 2218 13786 824 367 555 1067 552 515 12962
internal_count=22714 22446 21839 21078 761 20909 19651 805 629 18846 18676 4349 4151 3919 3597 1379 1125 583 14327 13975 1258 2218 13786 824 367 555 1067 552 515 12962
is_linear=0
shrinkage=0.0161


Tree=237
num_leaves=31
num_cat=0
split_feature=183 464 523 490 148 184 46 494 55 568 285 224 383 364 498 504 266 597 407 164 89 291 442 121 156 574 583 523 432 443
split_gain=2877.73 2715.92 2995.32 2900.89 2741.29 3680.76 2536.36 3414.71 2788.89 4036.82 2767.42 2273.55 4153.63 4094.95 3478.51 3389.22 2118.17 2361.53 1961.43 2293.18 1758.4 2259.14 2516.18 3060.01 2583.07 2095.12 2006.13 1806.12 1695.95 1652.53
threshold=87.000000000000014 121.50000000000001 288.50000000000006 334.50000000000006 20.000000000000004 2.5000000000000004 20.000000000000004 248.50000000000003 52.000000000000007 98.149997711181655 61.500000000000007 13.500000000000002 29.500000000000004 8.0000000000000018 212.50000000000003 170.50000000000003 10.500000000000002 181.25000000000003 43.500000000000007 29.500000000000004 20.000000000000004 10.500000000000002 5.5000000000000009 13.500000000000002 10.500000000000002 169.15000152587893 137.84999847412112 71.500000000000014 6.5000000000000009 52.000000000000007
decision_type=2 2 2 2 2 2 2 2 2 10 2 2 2 2 2 2 2 8 2 2 2 2 2 2 2 10 8 2 2 2
left_child=1 2 3 4 6 -6 8 10 11 -10 20 29 14 -14 15 16 28 -18 19 -7 21 25 -23 24 -24 26 -8 -22 -13 -1
right_child=-2 -3 -4 -5 5 18 7 -9 9 -11 -12 12 13 -15 -16 -17 17 -19 -20 -21 27 22 23 -25 -26 -27 -28 -29 -30 -31
leaf_value=-0.0066076341295051595 0.059955985904875594 0.064293715069290922 -0.037091843784622568 0.067366625075642519 0.047061878905786537 -0.01632748290996458 0.0085031879407888294 0.086082365723505444 0.09853137387720666 -0.0041119977210039502 0.068091362039589001 0.013105712603264236 0.12075234149764184 0.0081648549224351309 0.060995220906866057 -0.051866782983977636 0.0099101704717893743 0.078272495047564949 0.027546454530477146 -0.059848494319755238 0.014053747801214144 -0.014379625412747345 0.037643724905618348 -0.0077314001121721477 0.1120656579480554 0.055584117145509863 -0.032161680794116798 -0.046132366056214284 -0.021823522381549925 0.031130101577650851
leaf_weight=11052 204 165 589 163 242 2807 893 164 176 227 204 661 165 171 247 313 471 182 229 354 228 222 292 186 208 161 485 297 791 309
leaf_count=11052 204 165 589 163 242 2807 893 164 176 227 204 661 165 171 247 313 471 182 229 354 228 222 292 186 208 161 485 297 791 309
internal_value=-0.000241504 -0.000784623 -0.00126314 -0.000298457 -0.000806943 -0.013573 0.00175272 0.0144232 -0.00111189 0.0406565 0.0107155 -0.00228555 0.0101753 0.0635234 0.00344045 -0.00242906 0.00491083 0.0289997 -0.0179084 -0.0212088 0.00676925 0.0125114 0.0326517 0.0479061 0.0686503 0.000613369 -0.00579211 -0.0199496 -0.00590633 -0.00557916
internal_weight=22858 22654 22489 21900 21737 3632 18105 3340 14765 403 3176 14362 3001 336 2665 2418 2105 653 3390 3161 2972 2447 908 686 500 1539 1378 525 1452 11361
internal_count=22858 22654 22489 21900 21737 3632 18105 3340 14765 403 3176 14362 3001 336 2665 2418 2105 653 3390 3161 2972 2447 908 686 500 1539 1378 525 1452 11361
is_linear=0
shrinkage=0.0161


Tree=238
num_leaves=31
num_cat=0
split_feature=164 541 535 578 492 62 562 555 445 22 571 12 12 535 391 507 507 10 505 533 588 511 110 482 509 554 580 508 155 0
split_gain=2981.31 2614.58 6408.43 3524.11 4599.22 7750.46 3852.63 3660.19 3089.53 2785.52 2596.52 3639.18 2412.45 2560.2 2578.43 2328.53 4594.56 5984.29 4507.66 5598.05 10070.1 6055.66 3290.77 5076.25 2577.75 2568.89 4870.9 2499.42 2484.72 2572.32
threshold=87.000000000000014 247.34999847412112 218.50000000000003 213.05000305175784 248.50000000000003 8.0000000000000018 251.25000000000003 179.15000152587893 16.500000000000004 2.5000000000000004 181.25000000000003 10.500000000000002 61.500000000000007 14.500000000000002 2.5000000000000004 235.50000000000003 204.50000000000003 8.0000000000000018 159.50000000000003 148.50000000000003 184.15000152587893 127.50000000000001 35.500000000000007 74.500000000000014 109.50000000000001 150.65000152587893 138.55000305175784 54.500000000000007 29.500000000000004 10.500000000000002
decision_type=2 10 2 10 2 2 10 10 2 2 10 2 2 2 2 2 2 2 2 2 8 2 2 2 2 10 10 2 2 2
left_child=1 3 -3 4 6 -6 7 9 10 -1 -5 -12 13 -11 -15 16 18 -18 19 22 24 -22 25 -24 -21 27 -27 28 29 -16
right_child=-2 2 -4 8 5 -7 -8 -9 -10 12 11 -13 -14 14 15 -17 17 -19 -20 20 21 -23 23 -25 -26 26 -28 -29 -30 -31
leaf_value=-0.014446675504377806 -0.052705247751852258 0.098186061474275235 -0.014313059522865924 -0.06332660354473045 -0.013070193257128824 0.10148793782121772 0.079371991440507175 -0.027406136824273727 -0.066378288866920376 -0.0066216146248032192 -0.030149189861082989 0.046139002940912395 -0.033499859618469768 -0.013461553490949223 0.021377938381337985 -0.028391521369724278 0.13961411531791235 0.011658708576815117 -0.021213271035666226 0.051771638007803614 0.18896701031498908 0.05588303177682466 0.0076618527771592894 0.098578045654758542 -0.01538702768615971 0.11305569517851846 0.0039517218219988961 -0.0053164640773805108 0.058782492945907358 -0.0069025967480522239
leaf_weight=2396 268 240 289 182 299 313 160 1184 354 3696 347 304 430 1231 2030 374 167 220 1049 245 168 189 398 266 374 167 292 3519 291 1413
leaf_count=2396 268 240 289 182 299 313 160 1184 354 3696 347 304 430 1231 2030 374 167 220 1049 245 168 189 398 266 374 167 292 3519 291 1413
internal_value=0.000675347 0.00130976 0.0366817 0.000460396 0.00199614 0.0454807 0.000681358 5.37625e-05 -0.0265227 0.00177388 -0.00955697 0.00543925 0.00412802 0.00513514 0.00864329 0.0110832 0.0124539 0.0669354 0.0104245 0.0139758 0.0504725 0.118577 0.00972026 0.0441185 0.0111563 0.00675553 0.0436988 0.00441436 0.0135912 0.00976483
internal_weight=22855 22587 529 22058 20871 612 20259 20099 1187 18915 833 651 16519 16089 12393 11162 10788 387 10401 9352 976 357 8376 664 619 7712 459 7253 3734 3443
internal_count=22855 22587 529 22058 20871 612 20259 20099 1187 18915 833 651 16519 16089 12393 11162 10788 387 10401 9352 976 357 8376 664 619 7712 459 7253 3734 3443
is_linear=0
shrinkage=0.0161


Tree=239
num_leaves=31
num_cat=0
split_feature=522 496 480 324 199 234 236 475 522 499 562 296 110 76 293 517 511 222 63 128 480 305 508 506 538 24 161 344 1 274
split_gain=3433.43 3430.33 5679.96 6933.24 9792.69 5390.1 3215.02 3019.75 2383.57 2628.39 2933.82 2333.18 3659.96 5355.13 3414.22 2467.79 2307.17 3079.45 2962.39 3179.69 2295.8 2013.55 1857.59 2421.17 1782.3 1741.81 2130.39 2748.26 1715.46 2414.42
threshold=299.50000000000006 221.50000000000003 275.50000000000006 8.0000000000000018 5.5000000000000009 13.500000000000002 5.5000000000000009 102.50000000000001 272.50000000000006 167.50000000000003 197.65000152587893 4.5000000000000009 35.500000000000007 24.500000000000004 16.500000000000004 92.500000000000014 97.500000000000014 24.500000000000004 16.500000000000004 8.0000000000000018 257.50000000000006 61.500000000000007 221.50000000000003 171.50000000000003 34.500000000000007 10.500000000000002 3.5000000000000004 2.5000000000000004 13.500000000000002 29.500000000000004
decision_type=2 2 2 2 2 2 2 2 2 2 10 2 2 2 2 2 2 2 2 2 2 2 2 2 2 2 2 2 2 2
left_child=1 7 3 4 -3 -6 -5 8 9 10 11 25 21 14 15 24 -11 18 20 -20 -18 28 23 -8 -14 -1 -27 -28 -13 -30
right_child=-2 2 -4 6 5 -7 22 -9 -10 16 -12 12 13 -15 -16 -17 17 -19 19 -21 -22 -23 -24 -25 -26 26 27 -29 29 -31
leaf_value=-0.016668002397259348 -0.043148424874347585 0.15229955540833387 0.092195510973902564 0.031745515994263465 -0.030854209335929816 0.083514554959009293 -0.052623609055469346 0.064822931398661326 0.059163535042053406 0.022869929121407354 0.057775327815798673 0.0036292203049804383 -0.020099347240916141 0.11666717242461555 0.060145112688038564 -0.05552873727947049 -0.041118141143699313 -0.073153310721219403 -0.035146854540213247 0.048908295883126993 0.021311157160368927 0.047863392543580907 -0.081069052228152305 0.0262707622237606 0.054442591085203863 -0.027184502235859723 0.070306124851930149 0.0034333629521972196 -0.0055671752225812362 -0.048723766812468997
leaf_weight=3652 487 175 254 221 293 168 249 175 162 291 219 7017 165 163 286 189 961 300 191 299 181 222 194 169 167 490 181 1337 3501 372
leaf_count=3652 487 175 254 221 293 168 249 175 162 291 219 7017 165 163 286 189 961 300 191 299 181 222 194 169 167 490 181 1337 3501 372
internal_value=-0.000859817 6.49721e-05 0.0218854 0.00971234 0.0497525 0.0107736 -0.0208303 -0.00176599 -0.00233989 -0.00283469 -0.000789371 -0.0015136 0.00248095 0.032473 0.0154381 -0.00905837 -0.0193495 -0.0257208 -0.0169872 0.0160959 -0.0312029 -0.000135032 -0.0398544 -0.0206698 0.0173253 -0.0100446 0.00198975 0.0114225 -0.00111567 -0.00971842
internal_weight=22731 22244 1723 1469 636 461 833 20521 20346 20184 17961 17742 12082 970 807 521 2223 1932 1632 490 1142 11112 612 418 332 5660 2008 1518 10890 3873
internal_count=22731 22244 1723 1469 636 461 833 20521 20346 20184 17961 17742 12082 970 807 521 2223 1932 1632 490 1142 11112 612 418 332 5660 2008 1518 10890 3873
is_linear=0
shrinkage=0.0161


Tree=240
num_leaves=31
num_cat=0
split_feature=282 6 446 197 513 172 347 223 181 66 83 530 424 58 321 508 410 503 306 157 506 174 548 576 409 588 508 41 325 424
split_gain=2912.36 3583.96 3747.67 2393.1 2324.5 2222.26 4034.01 5708.5 3567.02 4635.11 6732.18 3089.8 2907.97 3134.06 2817.93 2594.71 3017.21 2236.92 2234.27 2197.44 2180.97 2552.72 2120.02 3345.35 2097.85 2396.83 2527.49 1918.57 2200.82 1865.13
threshold=4.5000000000000009 73.500000000000014 10.500000000000002 61.500000000000007 228.50000000000003 10.500000000000002 4.5000000000000009 16.500000000000004 13.500000000000002 24.500000000000004 10.500000000000002 227.50000000000003 8.0000000000000018 16.500000000000004 13.500000000000002 210.50000000000003 29.500000000000004 73.500000000000014 61.500000000000007 16.500000000000004 201.50000000000003 8.0000000000000018 111.64999771118165 110.95000076293947 43.500000000000007 247.34999847412112 235.50000000000003 16.500000000000004 16.500000000000004 6.5000000000000009
decision_type=2 2 2 2 2 2 2 2 2 2 2 2 2 2 2 2 2 2 2 2 2 2 10 10 2 10 2 2 2 2
left_child=4 3 -3 5 20 18 7 14 9 11 -11 15 13 -10 -7 16 19 -18 24 27 22 -22 23 -1 25 26 -2 28 29 -8
right_child=1 2 -4 -5 -6 6 8 -9 12 10 -12 -13 -14 -15 -16 -17 17 -19 -20 -21 21 -23 -24 -25 -26 -27 -28 -29 -30 -31
leaf_value=-0.0069516221389712704 2.9804565293636568e-05 0.10958623180356172 0.00091876980040393719 -0.041845057007720288 -0.051438491737380847 0.0020123184699851714 0.035958267370336805 0.095923028084218598 -0.015233699240151137 0.12654349062436307 0.0034605271538407593 -0.045081785318258925 -0.035851029759549798 0.065508287718034561 0.062795208113544373 0.066224250573304513 0.087453332481072996 0.0052509456645436344 0.052695801997258963 -0.036474203614465225 -0.011779411782957952 0.077272091762754014 -0.025986066821468971 0.056571030199415902 -0.039410507108210882 0.058405937497529134 -0.036236293321017667 -0.02132526818825441 0.066275954238395357 -0.020492346241317801
leaf_weight=4357 8513 167 163 311 321 782 285 312 381 215 249 282 860 185 265 204 184 162 194 393 165 168 1480 226 383 173 529 406 211 324
leaf_count=4357 8513 167 163 311 321 782 285 312 381 215 249 282 860 185 265 204 184 162 194 393 165 168 1480 226 383 173 529 406 211 324
internal_value=-0.000241019 0.00346674 0.0559824 0.00236861 -0.00914988 0.00325771 0.0112504 0.0354595 0.00366605 0.0138781 0.0605432 0.00503433 -0.0171928 0.0111156 0.0174192 0.011561 0.00587402 0.0490335 -0.00139248 -0.00333515 -0.00702383 0.0330768 -0.00923017 -0.00381401 -0.0024882 -0.000951055 -0.00208933 0.00726853 0.0214546 0.00588678
internal_weight=22850 16133 330 15803 6717 15492 5700 1359 4341 2915 464 2451 1426 566 1047 2169 1965 346 9792 1619 6396 333 6063 4583 9598 9215 9042 1226 820 609
internal_count=22850 16133 330 15803 6717 15492 5700 1359 4341 2915 464 2451 1426 566 1047 2169 1965 346 9792 1619 6396 333 6063 4583 9598 9215 9042 1226 820 609
is_linear=0
shrinkage=0.0161


Tree=241
num_leaves=31
num_cat=0
split_feature=56 391 217 518 540 370 531 530 405 393 25 102 257 344 536 540 589 492 84 501 569 367 89 449 23 447 533 410 222 588
split_gain=3037.01 3183.77 3015.23 3620.31 3413.43 4451 2630.96 4572.31 7705.17 4329.46 4825.93 3793.13 5015.51 4653.14 3749.33 3456.63 2639.42 2788.37 2367.42 2779.14 3090.47 5023.36 2561.67 2445.97 2349.99 2319.12 3439.75 2958.35 2269.6 2119.91
threshold=102.50000000000001 52.000000000000007 2.5000000000000004 250.50000000000003 192.55000305175784 16.500000000000004 248.50000000000003 188.50000000000003 29.500000000000004 24.500000000000004 20.000000000000004 52.000000000000007 16.500000000000004 13.500000000000002 275.50000000000006 235.84999847412112 146.25000000000003 241.50000000000003 3.5000000000000004 164.50000000000003 140.84999847412112 10.500000000000002 20.000000000000004 3.5000000000000004 6.5000000000000009 6.5000000000000009 127.50000000000001 35.500000000000007 24.500000000000004 153.34999847412112
decision_type=2 2 2 2 10 2 2 2 2 2 2 2 2 2 2 10 10 2 2 2 10 2 2 2 2 2 2 2 2 10
left_child=1 2 29 6 -5 -6 7 11 9 10 -9 15 13 -13 -8 16 17 18 -4 20 22 -22 23 -20 -3 -25 27 28 -27 -1
right_child=-2 24 3 4 5 -7 14 8 -10 -11 -12 12 -14 -15 -16 -17 -18 -19 19 -21 21 -23 -24 25 -26 26 -28 -29 -30 -31
leaf_value=-0.012148540547569996 0.063610391857724671 0.0072724955810927645 -0.011294247596090335 -0.050691498530652357 -0.027340794292275667 0.072035296933913154 -0.044886511988422653 -0.015678445408738938 0.12631918957891244 0.085060287143129229 0.064953821990220637 0.029009220054637123 -0.023950869217245284 0.14003219886849258 0.031626264540097315 0.072545221732408349 -0.018272632992804128 0.069404019514982984 -0.0080971382186657472 -0.031233041723737944 0.0044469911892562799 0.09756592128570804 -0.012509336028492867 0.0030158830049883613 -0.049997587250238583 0.0095205775859888049 0.08901519110545103 0.071264800374902251 0.061191600728269957 -0.064796827582212918
leaf_weight=2223 189 272 2752 632 364 172 608 774 197 207 256 238 198 167 228 174 1741 161 1669 508 373 252 1750 2711 581 2494 194 257 242 218
leaf_count=2223 189 272 2752 632 364 172 608 774 197 207 256 238 198 167 228 174 1741 161 1669 508 373 252 1750 2711 581 2494 194 257 242 218
internal_value=-0.000657687 -0.00119588 0 0.00213054 -0.0253416 0.00450464 0.00389965 0.00524763 0.0327817 0.0178662 0.00433934 0.00275991 0.042367 0.0748472 -0.0239912 0.00119514 0.000371619 0.00280245 0.00198845 0.00548869 0.00736741 0.0420302 0.00503964 0.00910126 -0.031708 0.013972 0.0232844 0.019016 0.0140995 -0.0168601
internal_weight=22802 22613 21760 19319 1168 536 18151 17315 1434 1237 1030 15881 603 405 836 15278 15104 13363 13202 10450 9942 625 9317 7567 853 5898 3187 2993 2736 2441
internal_count=22802 22613 21760 19319 1168 536 18151 17315 1434 1237 1030 15881 603 405 836 15278 15104 13363 13202 10450 9942 625 9317 7567 853 5898 3187 2993 2736 2441
is_linear=0
shrinkage=0.0161


Tree=242
num_leaves=31
num_cat=0
split_feature=112 451 390 407 246 428 291 563 486 430 585 210 171 360 335 64 7 237 403 266 501 477 311 585 499 590 64 568 376 206
split_gain=3640.07 3147.74 3350.57 3513.58 5784.77 8066.94 3314.42 3028.7 4116.63 2995.16 4749.26 3396.52 3435.01 4809.86 3766.9 6023.21 2859.57 2608.6 2480.58 3050.59 2312.72 2494.01 2299.39 2294.74 3779.96 2270.77 2249.98 2486.68 2188.7 2182.08
threshold=73.500000000000014 5.5000000000000009 52.000000000000007 29.500000000000004 8.0000000000000018 6.5000000000000009 43.500000000000007 165.25000000000003 71.500000000000014 6.5000000000000009 244.44999694824222 16.500000000000004 24.500000000000004 10.500000000000002 24.500000000000004 16.500000000000004 1.0000000180025095e-35 35.500000000000007 43.500000000000007 8.0000000000000018 154.50000000000003 35.500000000000007 8.0000000000000018 209.25000000000003 228.50000000000003 119.25000000000001 52.000000000000007 200.34999847412112 6.5000000000000009 35.500000000000007
decision_type=2 2 2 2 2 2 2 10 2 2 10 2 2 2 2 2 2 2 2 2 2 2 2 10 2 10 2 10 2 2
left_child=1 17 3 6 -5 -6 9 8 -7 26 11 12 14 -14 16 22 -11 18 25 -20 21 -13 -16 24 -18 29 27 -3 -8 -1
right_child=-2 2 -4 4 5 7 28 -9 -10 10 -12 20 13 -15 15 -17 23 -19 19 -21 -22 -23 -24 -25 -26 -27 -28 -29 -30 -31
leaf_value=-0.0070956614496195374 -0.046969945239651478 -0.0021063408060400003 -0.027196678814181637 -0.004118724496322293 0.1424085559794884 0.057393368567917068 0.0049433111196791162 0.088892734930924255 -0.040234537990172022 0.069505518006802047 0.087857751392866695 -0.0071305029786122003 0.098486515373356232 -0.00031945104606272547 -0.030934119931392567 0.12301913970818068 0.001967935628494376 0.045580016619455072 -0.014118698649642851 0.083684501212155316 -0.040581233587003863 0.058059733871710956 0.043063119219571858 -0.054343979233378394 0.0776661153798823 -0.025270232839368023 0.052796477214738451 -0.046913816265432277 -0.064103979815872306 0.050540605528152399
leaf_weight=5159 417 4476 769 685 221 218 198 160 230 177 214 1045 301 221 168 196 3108 236 166 164 443 178 308 171 181 2012 179 346 296 176
leaf_count=5159 417 4476 769 685 221 218 198 160 230 177 214 1045 301 221 168 196 3108 236 166 164 443 178 308 171 181 2012 179 346 296 176
internal_value=0.000159983 0.00103833 0.00549923 0.00733353 0.03047 0.059079 0.00446182 0.0287511 0.00721936 0.00618656 0.0132156 0.0107534 0.0175911 0.0566098 0.0128589 0.0478843 0.00638084 -0.00712677 -0.0087501 0.0344152 -0.00906016 0.00233828 0.016897 0.00314482 0.00614091 -0.0106921 -0.00324127 -0.00532636 -0.0363815 -0.00518985
internal_weight=22819 22402 14489 13720 1514 829 12206 608 448 11712 6711 6497 4831 522 4309 672 3637 7913 7677 330 1666 1223 476 3460 3289 7347 5001 4822 494 5335
internal_count=22819 22402 14489 13720 1514 829 12206 608 448 11712 6711 6497 4831 522 4309 672 3637 7913 7677 330 1666 1223 476 3460 3289 7347 5001 4822 494 5335
is_linear=0
shrinkage=0.0161


Tree=243
num_leaves=31
num_cat=0
split_feature=295 570 219 154 491 570 500 559 512 504 556 122 320 121 206 110 55 117 24 406 371 218 542 5 500 591 201 520 550 557
split_gain=2783.61 3333.69 3019.55 2856.62 3364.67 14974.6 3125.87 2828.6 2740 4743.36 3684.03 2634.92 3515.12 2985.17 4228.01 3548.61 3530.54 2902.62 2762.87 2933.13 4882.89 2424.19 4038.27 2421.86 2351.62 2275.76 2202.03 2054.12 2514.4 2241.51
threshold=4.5000000000000009 271.25000000000006 43.500000000000007 52.000000000000007 293.50000000000006 200.34999847412112 162.50000000000003 247.34999847412112 269.50000000000006 200.50000000000003 205.94999694824222 61.500000000000007 8.0000000000000018 13.500000000000002 13.500000000000002 35.500000000000007 52.000000000000007 24.500000000000004 8.0000000000000018 3.5000000000000004 6.5000000000000009 16.500000000000004 157.84999847412112 52.000000000000007 88.500000000000014 189.94999694824222 8.0000000000000018 159.50000000000003 151.55000305175784 106.85000228881837
decision_type=2 10 2 2 2 10 2 10 2 2 10 2 2 2 2 2 2 2 2 2 2 2 8 2 2 10 2 2 10 10
left_child=2 3 -1 4 7 -6 -5 8 10 -10 11 13 -13 14 16 17 18 21 24 20 -20 -16 -23 -15 -2 -12 -19 28 29 -21
right_child=1 -3 -4 6 5 -7 -8 -9 9 -11 25 12 -14 23 15 -17 -18 26 19 27 -22 22 -24 -25 -26 -27 -28 -29 -30 -31
leaf_value=-0.0098286125226791973 -0.00026109401072388127 -0.062532976863600834 0.056999271782923848 -0.0039744352993430418 0.15776947784215151 -0.0478473866332376 -0.084423943253177244 0.054204731142727842 0.10022109693626767 -0.012385510845101057 -0.0047356791956235621 0.10396242723221111 -0.00045621533117813623 -0.010673925477246542 0.0013380739231358416 0.085358240718433037 0.058750883804448824 0.1074892276349446 -0.0012770821808690863 0.014633983163631898 0.092684526810857579 0.086717570388734372 -0.016093815261602421 0.048051451985844512 -0.027922281689717617 -0.067381972066803492 0.023185766652695308 -0.029306252083850726 0.070234751584259625 -0.026406706700371214
leaf_weight=6533 2428 191 180 385 183 184 186 300 203 185 304 160 174 3829 1279 248 278 160 295 1486 278 251 163 191 1187 299 163 405 167 449
leaf_count=6533 2428 191 180 385 183 184 186 300 203 185 304 160 174 3829 1279 248 278 160 295 1486 278 251 163 191 1187 299 163 405 167 449
internal_value=0.000667952 0.00431759 -0.00803321 0.00512619 0.00645134 0.0546168 -0.0302216 0.00526196 0.00425343 0.0464691 0.00309779 0.00482701 0.0494942 0.00369988 0.00874115 0.0278583 0.00253079 0.0207732 0.000192819 0.0114012 0.0442688 0.0123179 0.0461818 -0.00787788 -0.00935027 -0.0358381 0.0650189 0.00387959 0.0102848 0.00509868
internal_weight=22724 16011 6713 15820 15249 367 571 14882 14582 388 14194 13591 334 13257 9237 2264 6973 2016 6695 3080 573 1693 414 4020 3615 603 323 2507 2102 1935
internal_count=22724 16011 6713 15820 15249 367 571 14882 14582 388 14194 13591 334 13257 9237 2264 6973 2016 6695 3080 573 1693 414 4020 3615 603 323 2507 2102 1935
is_linear=0
shrinkage=0.0161


Tree=244
num_leaves=31
num_cat=0
split_feature=443 210 123 507 84 121 490 174 95 484 233 47 350 158 443 271 110 233 499 480 391 180 331 318 561 323 96 466 524 588
split_gain=2897.97 3039.44 3154.91 8581.77 2867.31 2563.22 2956.6 2938.55 3247.77 2857.58 3179.96 4841.85 2846.56 2800.14 2271.2 2795.24 2761.39 2882.14 3660.97 6423.83 3149.36 4331.76 2430.49 3006.78 2905.07 3832.14 4907.98 2728.69 2550.98 2275.71
threshold=1.0000000180025095e-35 35.500000000000007 61.500000000000007 152.50000000000003 102.50000000000001 16.500000000000004 320.50000000000006 6.5000000000000009 20.000000000000004 275.50000000000006 29.500000000000004 3.5000000000000004 61.500000000000007 20.000000000000004 5.5000000000000009 2.5000000000000004 16.500000000000004 4.5000000000000009 161.50000000000003 126.50000000000001 13.500000000000002 6.5000000000000009 5.5000000000000009 29.500000000000004 73.350002288818374 5.5000000000000009 6.5000000000000009 29.500000000000004 96.500000000000014 117.14999771118165
decision_type=2 2 2 2 2 2 2 2 2 2 2 2 2 2 2 2 2 2 2 2 2 2 2 2 10 2 2 2 2 8
left_child=-1 2 4 -4 5 6 9 8 -7 10 12 -12 14 -13 -2 -16 22 -18 19 20 29 -22 23 24 -17 26 -26 -24 -29 -19
right_child=1 -3 3 -5 -6 7 -8 -9 -10 -11 11 13 -14 -15 15 16 17 18 -20 -21 21 -23 27 -25 25 -27 -28 28 -30 -31
leaf_value=-0.029706298230537498 -0.0052842613363207882 -0.022999836311811434 -0.0061301988670111858 0.13664871640677548 0.06655911188294876 -0.0040880242045714743 0.065636608952337222 -0.020245959086801355 0.052836853555048018 -0.040508753101934553 0.10830010784995783 -0.00047411072888279768 -0.052868231921084453 0.070070273595994451 -0.017160050068728908 -0.012410809021179199 -0.0046167143180821171 0.03487454092711198 -0.0084259239453438762 0.12720867705487143 0.13124928413899209 0.016963909683914376 -0.0070946886922247402 0.084925258047882424 0.010148515103157521 0.010198980921414786 0.12935051547164847 -0.0018474437235593587 0.083432089904015558 -0.025305228122317218
leaf_weight=818 5002 1272 314 167 175 1325 200 2686 323 376 178 636 237 189 995 702 565 473 353 230 170 175 3261 167 171 861 189 187 176 248
leaf_count=818 5002 1272 314 167 175 1325 200 2686 323 376 178 636 237 189 995 702 565 473 353 230 170 175 3261 167 171 861 189 187 176 248
internal_value=4.82943e-05 0.00115554 0.00263879 0.0433928 0.00166959 0.00110276 0.00412251 -0.00985948 0.00705469 0.00332936 0.00441783 0.0321228 0.00245401 0.0156584 0.00339727 0.00826655 0.0114607 0.0267282 0.0374822 0.0500047 0.0333251 0.0733467 0.00554085 0.019369 0.0136636 0.0286741 0.0727949 -0.00242748 0.0394354 0.0141421
internal_weight=22821 22003 20731 481 20250 20075 15741 4334 1648 15541 15165 1003 14162 825 13925 8923 7928 2214 1649 1296 1066 345 5714 2090 1923 1221 360 3624 363 721
internal_count=22821 22003 20731 481 20250 20075 15741 4334 1648 15541 15165 1003 14162 825 13925 8923 7928 2214 1649 1296 1066 345 5714 2090 1923 1221 360 3624 363 721
is_linear=0
shrinkage=0.0161


Tree=245
num_leaves=31
num_cat=0
split_feature=450 5 548 167 464 567 549 249 564 223 18 236 530 346 195 330 479 316 240 501 343 445 109 316 443 552 524 308 150 524
split_gain=3174.11 3022.82 6138.44 7078.25 3238.06 2818.06 5338.43 3132.43 3133.74 2714.45 3334.26 5886.19 7174.01 3018.69 3015.07 2672.03 2722.01 3688.67 2791.74 2548.03 2250.28 2171.82 2004.36 1943.79 2033.75 1847.61 3110.08 6302.87 2875.1 3540.67
threshold=4.5000000000000009 52.000000000000007 89.049999237060561 8.0000000000000018 102.50000000000001 215.15000152587893 247.34999847412112 6.5000000000000009 251.25000000000003 16.500000000000004 8.0000000000000018 13.500000000000002 94.500000000000014 8.0000000000000018 6.5000000000000009 13.500000000000002 6.5000000000000009 8.0000000000000018 8.0000000000000018 230.50000000000003 43.500000000000007 43.500000000000007 4.5000000000000009 3.5000000000000004 5.5000000000000009 218.75000000000003 173.50000000000003 20.000000000000004 24.500000000000004 187.50000000000003
decision_type=2 2 10 2 2 10 10 2 10 2 2 2 2 2 2 2 2 2 2 2 2 2 2 2 2 10 2 2 2 2
left_child=22 4 -3 -4 5 6 9 -7 19 21 11 13 -13 14 -11 16 -12 -18 -19 -9 -17 25 -1 -24 -25 26 -2 28 29 -28
right_child=1 2 3 -5 -6 7 -8 8 -10 10 15 12 -14 -15 -16 20 17 18 -20 -21 -22 -23 23 24 -26 -27 27 -29 -30 -31
leaf_value=-0.023226476696077188 -0.0019618371691677797 -0.029869851522335806 0.15004985361953105 0.016930885397999512 0.072755601862801611 -0.061863986721748705 0.083336078209049841 0.0024979085903808281 0.043840541786605229 -0.0087935138337602355 -0.011256220556896237 0.020002849315923096 0.15722371031252744 -0.024807802140870427 0.081149674409046094 -0.032308994050041992 0.097283994055832407 0.056644979026033604 -0.022348344751263672 -0.074067940327259482 0.033278334587007706 -0.031038825164861228 -0.02397062049245656 -0.015104964213567836 0.012047190724801886 -0.041228904481927779 0.0557860987480778 0.097139047443855819 0.068745221019346367 -0.022142706738691582
leaf_weight=1992 9332 227 181 243 167 367 213 282 237 174 454 201 195 337 216 665 202 219 246 187 170 609 929 1100 2042 272 195 251 165 671
leaf_count=1992 9332 227 181 243 167 367 213 282 237 174 454 201 195 337 216 665 202 219 246 187 170 609 929 1100 2042 272 195 251 165 671
internal_value=-1.37291e-05 0.00361187 0.0376233 0.0738131 0.00222889 0.00148479 0.00331432 -0.0237061 -0.00383713 0.00214318 0.0155692 0.0376823 0.0876332 0.0104415 0.0409608 0.0028614 0.0191125 0.0398185 0.0148043 -0.0279803 -0.0189277 -0.00145101 -0.00999084 -0.00350867 0.00253385 0.00020207 0.00126602 0.0247808 0.00714209 -0.00456805
internal_weight=22741 16678 651 424 16027 15860 14787 1073 706 14574 3079 1123 396 727 390 1956 1121 667 465 469 835 11495 6063 4071 3142 10886 10614 1282 1031 866
internal_count=22741 16678 651 424 16027 15860 14787 1073 706 14574 3079 1123 396 727 390 1956 1121 667 465 469 835 11495 6063 4071 3142 10886 10614 1282 1031 866
is_linear=0
shrinkage=0.0161


Tree=246
num_leaves=31
num_cat=0
split_feature=494 493 417 389 552 363 191 555 531 505 574 144 281 531 549 534 549 111 124 467 30 529 78 545 545 493 204 80 62 372
split_gain=2652.26 2570.21 2257.65 2375.76 2854.45 2759.11 4758.48 5997.64 3958.76 4536.19 7274.82 2510.56 2990.59 2543.83 4592.47 2850.44 4229.58 4567.61 3842.48 3188.75 5696.75 2383.47 2179.3 2176.45 3148.44 2425.52 2151.64 2545.95 2780.26 2438.42
threshold=344.50000000000006 305.50000000000006 2.5000000000000004 52.000000000000007 240.75000000000003 61.500000000000007 13.500000000000002 145.55000305175784 221.50000000000003 253.50000000000003 181.25000000000003 6.5000000000000009 61.500000000000007 188.50000000000003 191.15000152587893 107.50000000000001 74.149997711181655 35.500000000000007 6.5000000000000009 20.000000000000004 13.500000000000002 87.500000000000014 5.5000000000000009 247.34999847412112 218.75000000000003 141.50000000000003 10.500000000000002 5.5000000000000009 10.500000000000002 8.0000000000000018
decision_type=2 2 2 2 10 2 2 8 2 2 10 2 2 2 8 2 10 2 2 2 2 2 2 8 10 2 2 2 2 2
left_child=1 2 -1 4 5 8 7 -7 9 11 -11 -4 13 15 -15 16 -13 26 -19 21 -21 -17 -5 24 25 -10 -18 28 -28 -29
right_child=-2 -3 3 22 -6 6 -8 -9 23 10 -12 12 -14 14 -16 19 17 18 -20 20 -22 -23 -24 -25 -26 -27 27 29 -30 -31
leaf_value=-0.01540498920824839 0.063831936427455618 -0.051576648614516676 -0.0045493832683382281 0.017081452993010973 0.050628195542007697 0.0050402179841549351 -0.030603450147319827 0.1437480386887442 0.018142635926958094 0.13474855815177533 -0.013650311603124635 -0.0071843235471826762 0.073813517512769891 0.00012712611052658924 0.10499675729865719 0.01929205745517661 -0.00050920411145713603 0.12321522610165528 0.023473636570403213 -0.01891791924186648 0.096943651487519697 -0.032268480808383571 -0.043228137580748782 -0.058424177902853237 0.047246270234197474 -0.041370286817637998 0.086127594191356849 -0.011980954442534364 0.011746509580947037 0.034968271137187257
leaf_weight=2320 165 257 8359 215 314 160 166 164 241 172 170 2199 175 260 186 283 1349 197 205 290 177 1287 555 371 185 669 318 534 222 618
leaf_count=2320 165 257 8359 215 314 160 166 164 241 172 170 2199 175 260 186 283 1349 197 205 290 177 1287 555 371 185 669 318 534 222 618
internal_value=-0.000481129 -0.000951339 -0.000368438 0.00137106 0.00248023 0.00168147 0.0393897 0.075323 0.000679657 0.00286985 0.0609142 0.00167682 0.00795012 0.00652863 0.0439148 0.00435416 0.0102504 0.0213925 0.0724105 -0.0119654 0.024945 -0.0229595 -0.0263579 -0.0247037 -0.0132573 -0.0255833 0.0146406 0.0267331 0.0555923 0.0131849
internal_weight=22783 22618 22361 20041 19271 18957 490 324 18467 17001 342 16659 8300 8125 446 7679 5642 3443 402 2037 467 1570 770 1466 1095 910 3041 1692 540 1152
internal_count=22783 22618 22361 20041 19271 18957 490 324 18467 17001 342 16659 8300 8125 446 7679 5642 3443 402 2037 467 1570 770 1466 1095 910 3041 1692 540 1152
is_linear=0
shrinkage=0.0161


Tree=247
num_leaves=31
num_cat=0
split_feature=290 285 329 559 90 299 136 494 540 586 551 82 498 357 244 264 589 191 278 331 85 121 149 188 354 541 95 547 58 365
split_gain=2800.75 2758.5 3807.26 3318.98 3040.48 2970.05 4703.68 3704.27 3544.88 6326.89 3780.19 3144.24 2702.24 2134.7 2004.87 2593.38 1969.06 1907.41 2001.95 2587.1 1852.98 2090.61 3184.19 2901.15 3475.39 7527.97 2313.44 2236.73 2729.99 2515.07
threshold=102.50000000000001 61.500000000000007 13.500000000000002 264.34999084472662 35.500000000000007 43.500000000000007 20.000000000000004 161.50000000000003 247.34999847412112 203.05000305175784 244.44999694824222 73.500000000000014 91.500000000000014 73.500000000000014 35.500000000000007 3.5000000000000004 247.34999847412112 13.500000000000002 6.5000000000000009 13.500000000000002 1.0000000180025095e-35 13.500000000000002 6.5000000000000009 13.500000000000002 6.5000000000000009 121.64999771118165 10.500000000000002 98.750000000000014 8.0000000000000018 13.500000000000002
decision_type=2 2 2 10 2 2 2 2 10 8 10 2 2 2 2 2 10 2 2 2 2 2 2 2 2 10 2 8 2 2
left_child=1 3 -3 4 5 8 7 12 10 -10 11 13 -7 14 16 -16 20 18 -6 -20 -1 22 -22 -24 25 26 -25 -23 -29 -30
right_child=-2 2 -4 -5 17 6 -8 -9 9 -11 -12 -13 -14 -15 15 -17 -18 -19 19 -21 21 27 23 24 -26 -27 -28 28 29 -31
leaf_value=-0.02233205341478155 -0.065063078634243307 0.0024814306312308616 0.096957527285971401 0.056688246079338638 -0.033924244993647448 0.01894481230040241 0.10768897374900936 0.076987823018397919 0.12296191293044097 -0.013890381012247481 -0.056553280275428386 0.049515924496687402 -0.057792509602889584 0.048235341004592938 0.033457135253075164 -0.037469427758864512 -0.055040756511723077 -0.046178231345039893 0.047657969501596939 -0.019131558581118729 -0.0034854189919808418 0.0064219768458136529 0.0061700344765870515 -0.018126997614932756 0.011955318361272406 0.15819943073143169 0.062925624683955447 -0.035561112857235996 -0.019850328688412699 0.023637063577693372
leaf_weight=1013 176 296 177 252 511 302 161 164 162 190 330 307 196 213 160 802 178 588 261 354 6952 1457 3707 168 746 160 199 1268 904 557
leaf_count=1013 176 296 177 252 511 302 161 164 162 190 330 307 196 213 160 802 178 588 261 354 6952 1457 3707 168 746 160 199 1268 904 557
internal_value=-0.00108364 -0.000587318 0.0378848 -0.00140579 -0.002072 -0.000331873 0.0296251 0.0106042 -0.00159917 0.0490259 -0.00253237 -0.00158242 -0.0112098 -0.00243238 -0.00302435 -0.0256484 -0.00176558 -0.0226636 -0.0103633 0.00917499 -0.00121065 0.000115345 0.00355118 0.0133789 0.0343527 0.0660129 0.0257584 -0.00967272 -0.0182742 -0.00325484
internal_weight=22911 22735 473 22262 22010 20296 823 662 19473 352 19121 18791 498 18484 18271 962 17309 1714 1126 615 17131 16118 11932 4980 1273 527 367 4186 2729 1461
internal_count=22911 22735 473 22262 22010 20296 823 662 19473 352 19121 18791 498 18484 18271 962 17309 1714 1126 615 17131 16118 11932 4980 1273 527 367 4186 2729 1461
is_linear=0
shrinkage=0.0161


Tree=248
num_leaves=31
num_cat=0
split_feature=215 60 552 502 561 530 528 587 280 290 190 545 152 29 242 396 295 557 211 165 290 401 519 286 48 480 334 261 535 84
split_gain=2634.55 3938.65 7266.07 3605.31 6313.54 6551.69 2803.58 2971.59 2776.68 2759.99 3319.78 3109.35 5048.62 2688.77 4079.04 2615.99 2536.86 2401.2 2568.4 2850.36 3113.06 2339.39 3493.69 3888.29 5648.47 3149.65 3330.7 2043.91 2010.74 1923.37
threshold=13.500000000000002 43.500000000000007 171.05000305175784 241.50000000000003 197.65000152587893 201.50000000000003 119.50000000000001 134.44999694824222 6.5000000000000009 35.500000000000007 10.500000000000002 233.25000000000003 10.500000000000002 8.0000000000000018 13.500000000000002 43.500000000000007 3.5000000000000004 260.05000305175787 6.5000000000000009 61.500000000000007 43.500000000000007 6.5000000000000009 83.500000000000014 13.500000000000002 13.500000000000002 184.50000000000003 5.5000000000000009 6.5000000000000009 106.50000000000001 52.000000000000007
decision_type=2 2 8 2 10 2 2 10 2 2 2 8 2 2 2 2 2 10 2 2 2 2 2 2 2 2 2 2 2 2
left_child=15 3 -3 4 6 -6 7 9 -5 10 11 -2 -13 14 27 16 28 18 29 20 21 22 -20 25 -25 26 -24 -8 -1 -18
right_child=1 2 -4 8 5 -7 13 -9 -10 -11 -12 12 -14 -15 -16 -17 17 -19 19 -21 -22 -23 23 24 -26 -27 -28 -29 -30 -31
leaf_value=-0.0086750228830703088 0.0066342434152872765 -0.0029734703598938107 0.13354888196430731 0.016227314646029629 0.0076334845271375084 0.14925060552598693 0.02430645482232488 0.069478759309866883 -0.062640491876508608 0.065148353719599261 -0.016183597157183576 0.0091742168728715916 0.12674328544964145 -0.034353420773496471 0.076820736587368807 -0.036485148829328309 -0.0076202588474390386 -0.060588837514940916 0.00375914703970352 0.073778685731006863 -0.043287347737513054 0.00027600873509715015 0.092605945460920991 0.14942228433479537 0.020395850010070365 -0.029387950654229909 0.0097438015750667632 -0.0444323893606463 -0.037850551835061634 0.043845307748495245
leaf_weight=2751 1327 233 178 174 177 163 195 217 343 204 1238 227 163 812 172 634 6206 166 1330 169 306 3146 211 181 172 220 313 263 789 194
leaf_count=2751 1327 233 178 174 177 163 195 217 343 204 1238 227 163 812 172 634 6206 166 1330 169 306 3146 211 181 172 220 313 263 789 194
internal_value=-0.00111051 0.007963 0.0560957 0.00447294 0.00853937 0.0755956 0.00380242 0.0118329 -0.0360514 0.00786559 0.00390308 0.0183998 0.0583724 -0.0149821 0.00994795 -0.00440125 -0.00314059 0.000237515 0.00105055 0.00857517 0.0066968 0.00944554 0.0213218 0.0425934 0.0866206 0.0216725 0.043155 -0.0151145 -0.0151844 -0.00605653
internal_weight=22874 6086 411 5675 5158 340 4818 3376 517 3159 2955 1717 390 1442 630 16788 16154 12614 12448 6048 5879 5573 2427 1097 353 744 524 458 3540 6400
internal_count=22874 6086 411 5675 5158 340 4818 3376 517 3159 2955 1717 390 1442 630 16788 16154 12614 12448 6048 5879 5573 2427 1097 353 744 524 458 3540 6400
is_linear=0
shrinkage=0.0161


Tree=249
num_leaves=31
num_cat=0
split_feature=113 532 505 440 486 501 497 506 442 281 312 533 365 519 552 33 566 552 471 524 149 550 480 394 202 204 178 563 535 572
split_gain=3266.12 2750.27 4283.83 3682.04 4738.45 3365.37 5800.88 10911.7 2957.32 2760.22 2460.18 2847.18 6164.93 3236.17 3492.21 3179.09 3531.44 2630.21 3646.4 6075.13 5016.74 2550.26 2382.47 2349.02 2769.28 2286.74 2734.57 2272.51 2211.01 2417.88
threshold=4.5000000000000009 242.50000000000003 293.50000000000006 16.500000000000004 217.50000000000003 231.50000000000003 227.50000000000003 174.50000000000003 73.500000000000014 6.5000000000000009 35.500000000000007 170.50000000000003 24.500000000000004 174.50000000000003 154.15000152587893 20.000000000000004 154.15000152587893 106.85000228881837 10.500000000000002 90.500000000000014 6.5000000000000009 164.05000305175784 241.50000000000003 4.5000000000000009 16.500000000000004 29.500000000000004 8.0000000000000018 207.44999694824222 121.50000000000001 134.44999694824222
decision_type=2 2 2 2 2 2 2 2 2 2 2 2 2 2 10 2 8 10 2 2 2 8 2 2 2 2 2 10 2 8
left_child=22 2 5 -3 -5 6 8 -8 10 -7 11 13 23 14 17 16 -16 18 -2 25 -21 -12 -1 -13 -25 -20 -27 -11 29 -19
right_child=1 3 -4 4 -6 9 7 -9 -10 27 21 12 -14 -15 15 -17 -18 28 19 20 -22 -23 -24 24 -26 26 -28 -29 -30 -31
leaf_value=-0.012075125111298041 -0.0025465562215303572 -0.037937502224111651 0.081617825765881585 -0.03335313725987276 0.088119374765594893 0.011907168781466483 0.00069516284253165798 0.15473102278391734 0.056801838346381271 -0.0116002351556762 -0.00086831307878991286 0.055961865203214729 0.10590839424014126 -0.027342437539477269 -0.012282500432691933 0.10199385477246704 0.076702236126975312 -0.015172517410452901 0.0058954634306893254 0.01589543169238563 0.12457546421337264 -0.055064367808789101 0.034112966514578097 -0.017714890689219064 0.05439204635085737 0.0041260236825058283 0.092656869655480381 -0.084908670615571821 -0.042822782979710913 0.032029738321003524
leaf_weight=5967 4463 839 190 172 161 263 310 194 274 192 592 240 219 858 313 166 183 1182 2587 203 242 364 304 615 178 179 184 258 502 369
leaf_count=5967 4463 839 190 172 161 263 310 194 274 192 592 240 219 858 313 166 183 1182 2587 203 242 364 304 615 178 179 184 258 502 369
internal_value=5.66227e-05 0.00381827 0.00563795 -0.019948 0.0253061 0.00468226 0.00637221 0.0600334 0.00442663 -0.029456 0.00337272 0.00525152 0.0283031 0.0027247 0.00516688 0.0409714 0.0205011 0.00277296 0.0070143 0.0195897 0.0750507 -0.0215283 -0.00983231 0.0118277 -0.00149979 0.0112156 0.049066 -0.0536827 -0.0134496 -0.00392741
internal_weight=22763 16492 15320 1172 333 15130 14417 504 13913 713 13639 12683 1252 11431 10573 662 496 9911 7858 3395 445 956 6271 1033 793 2950 363 450 2053 1551
internal_count=22763 16492 15320 1172 333 15130 14417 504 13913 713 13639 12683 1252 11431 10573 662 496 9911 7858 3395 445 956 6271 1033 793 2950 363 450 2053 1551
is_linear=0
shrinkage=0.0161


Tree=250
num_leaves=31
num_cat=0
split_feature=503 29 565 541 342 371 419 365 534 494 579 551 332 51 413 527 467 336 554 185 4 534 277 147 171 357 181 549 582 555
split_gain=3235.12 8408.72 3649.91 3667.98 2851.46 2546.97 2942.74 4354.16 8343.95 4314.03 2913.51 6675.57 2481.24 2714.03 2392.21 2733.92 2274.78 2159.44 2106.36 2088.98 2048.32 2036.43 1950.57 2198.82 2357.21 1968 2137.98 3186.86 3455.92 6713.23
threshold=313.50000000000006 10.500000000000002 207.44999694824222 247.34999847412112 5.5000000000000009 43.500000000000007 20.000000000000004 29.500000000000004 115.50000000000001 242.50000000000003 197.65000152587893 220.15000152587893 4.5000000000000009 35.500000000000007 24.500000000000004 163.50000000000003 20.000000000000004 61.500000000000007 104.95000076293947 6.5000000000000009 20.000000000000004 121.50000000000001 2.5000000000000004 2.5000000000000004 61.500000000000007 61.500000000000007 13.500000000000002 91.049999237060561 139.25000000000003 144.84999847412112
decision_type=2 2 10 10 2 2 2 2 2 2 10 10 2 2 2 2 2 2 8 2 2 2 2 2 2 2 2 10 8 8
left_child=2 -2 3 5 -4 6 10 9 18 12 11 17 -8 14 15 16 21 22 -9 -7 -6 -14 -1 -24 25 26 27 -25 29 -29
right_child=1 -3 4 -5 20 19 7 8 -10 -11 -12 -13 13 -15 -16 -17 -18 -19 -20 -21 -22 -23 23 24 -26 -27 -28 28 -30 -31
leaf_value=-0.014830246318735418 0.12946965968507415 -0.027445049533718516 0.016615468384107861 0.072066651476009422 -0.053179767492513123 0.0034763772294697627 -0.028620208457527472 0.053194701635584145 0.15463003580875379 0.088700625315389234 -0.030530374368595483 0.099771344786948019 0.0037282915507223309 0.06550369108176117 -0.034611209148970382 0.058708021705576839 0.043700703204868095 -0.047542014053369157 -0.019663317159490368 -0.042610759423362753 0.0021679330754340517 -0.050148687574100327 -0.014478040126392892 0.0012683176046983009 -0.044764918370480959 0.061152338098956004 -0.0069617443900202285 0.02352210734402738 0.00049244478131372095 0.11173632156517437
leaf_weight=1935 172 182 298 188 743 430 530 210 160 160 820 174 928 208 339 275 289 249 201 623 225 226 1721 4974 241 166 2765 1781 1238 256
leaf_count=1935 172 182 298 188 743 430 530 210 160 160 820 174 928 208 339 275 289 249 201 623 225 226 1721 4974 241 166 2765 1781 1238 256
internal_value=0.000439057 0.0487295 -0.000324656 0.00126835 -0.026877 0.000630349 0.0019261 0.0152643 0.0559709 0.00739051 -0.000954228 0.000608927 0.00272748 0.0100731 0.00445662 0.0121793 0.00329574 -0.000515354 0.0175061 -0.0237684 -0.0402905 -0.00680261 0.000259741 0.00248335 0.00504128 0.00611702 0.00528541 0.00939341 0.0217264 0.03462
internal_weight=22707 354 22353 21087 1266 20899 19846 3526 571 2955 16320 15500 2795 2265 2057 1718 1443 15326 411 1053 968 1154 15077 13142 11421 11180 11014 8249 3275 2037
internal_count=22707 354 22353 21087 1266 20899 19846 3526 571 2955 16320 15500 2795 2265 2057 1718 1443 15326 411 1053 968 1154 15077 13142 11421 11180 11014 8249 3275 2037
is_linear=0
shrinkage=0.0161


Tree=251
num_leaves=31
num_cat=0
split_feature=489 570 380 560 495 531 531 95 344 245 578 589 493 250 530 24 1 88 263 110 277 406 526 591 351 297 244 178 482 82
split_gain=3269.42 2964.86 2719.22 3072.95 2391.16 2343.1 3379.66 6934.49 3319.42 4555.65 3679.24 3217.82 4269.69 3038.54 2417.33 2347.67 2431.01 3627.77 5805.02 5385.28 2490.99 2670.81 2873.25 2303.45 3133.4 2220.01 2179.42 2146.8 2353.43 3109.66
threshold=344.50000000000006 271.25000000000006 87.000000000000014 264.34999084472662 320.50000000000006 241.50000000000003 188.50000000000003 24.500000000000004 13.500000000000002 16.500000000000004 188.65000152587893 156.94999694824222 251.50000000000003 29.500000000000004 195.50000000000003 2.5000000000000004 10.500000000000002 13.500000000000002 20.000000000000004 16.500000000000004 3.5000000000000004 5.5000000000000009 70.500000000000014 210.94999694824222 6.5000000000000009 13.500000000000002 29.500000000000004 10.500000000000002 60.500000000000007 5.5000000000000009
decision_type=2 10 2 10 2 2 2 2 2 2 8 10 2 2 2 2 2 2 2 2 2 2 2 10 2 2 2 2 2 2
left_child=1 2 3 4 5 6 11 8 9 14 -10 12 15 -13 -8 -1 17 -17 20 -20 -19 22 -22 -7 -25 -26 27 -18 -29 -30
right_child=-2 -3 -4 -5 -6 23 7 -9 10 -11 -12 13 -14 -15 -16 16 26 18 19 -21 21 -23 -24 24 25 -27 -28 28 29 -31
leaf_value=-0.014511095877993124 0.071314874517665841 -0.059546757750714482 -0.047665965595640854 0.059367193682368959 0.059601311108948493 -0.052477338420202496 0.052510485021055341 0.098749792230371114 0.020785546834728708 0.095633232362801024 -0.069563642105464285 -0.028867943021579332 0.077924649974318735 0.039042126408829834 -0.01497269146087641 0.0030414261919784612 -0.0090965864006421152 -0.023387202452076355 0.028818831570613337 0.1557177935216105 0.026247084923269548 0.0085595819321182039 0.1107161425741847 0.045235273853166648 -0.057149681440373114 0.010668786607910794 -0.035249570521377449 -0.0046949623122734463 0.078085217843621518 0.012216782928087058
leaf_weight=2208 169 213 296 235 178 413 204 269 228 198 239 1528 189 192 422 6799 3502 345 189 161 290 866 164 224 282 224 547 1038 258 668
leaf_count=2208 169 213 296 235 178 413 204 269 228 198 239 1528 189 192 422 6799 3502 345 189 161 290 866 164 224 282 224 547 1038 258 668
internal_value=0.000764287 0.000234951 0.000805582 0.00145704 0.000832414 0.000348079 0.00159977 0.024378 0.00886324 0.0283119 -0.0254027 -0.000274727 0.00182087 -0.0212736 0.00698103 0.00097513 0.00328289 0.0086684 0.0276432 0.0872596 0.0150971 0.0251733 0.056812 -0.0220851 -0.00485839 -0.0270808 -0.00460741 -0.00153664 0.0119315 0.0305943
internal_weight=22738 22569 22356 22060 21825 21647 20504 1560 1291 824 467 18944 17224 1720 626 17035 14827 8814 2015 350 1665 1320 454 1143 730 506 6013 5466 1964 926
internal_count=22738 22569 22356 22060 21825 21647 20504 1560 1291 824 467 18944 17224 1720 626 17035 14827 8814 2015 350 1665 1320 454 1143 730 506 6013 5466 1964 926
is_linear=0
shrinkage=0.0161


Tree=252
num_leaves=31
num_cat=0
split_feature=293 234 289 529 271 531 535 299 593 365 13 325 520 527 530 512 593 309 98 527 169 533 530 355 466 1 110 342 199 384
split_gain=2760.68 2794.67 4953.23 9952.69 2765.86 3168.03 5833.24 6185.99 5918.66 6457.82 8346.93 4957.57 4417.9 4872.08 3181.97 3198.88 3986.2 4070.31 2801.78 2614.54 2444.39 2506.16 2282.97 4003.28 2261.88 2190.61 2297.37 4852.01 2108.85 3287.27
threshold=52.000000000000007 35.500000000000007 5.5000000000000009 89.500000000000014 52.000000000000007 185.50000000000003 217.50000000000003 29.500000000000004 163.25000000000003 13.500000000000002 6.5000000000000009 10.500000000000002 145.50000000000003 177.50000000000003 117.50000000000001 135.50000000000003 120.04999923706056 8.0000000000000018 3.5000000000000004 181.50000000000003 3.5000000000000004 129.50000000000003 226.50000000000003 8.0000000000000018 10.500000000000002 10.500000000000002 35.500000000000007 6.5000000000000009 6.5000000000000009 10.500000000000002
decision_type=2 2 2 2 2 2 2 2 8 2 2 2 2 2 2 2 10 2 2 2 2 2 2 2 2 2 2 2 2 2
left_child=1 4 3 -3 5 12 8 22 -7 11 -11 24 13 14 15 20 17 -17 -14 -2 -1 25 23 -8 -10 26 -22 -28 -4 -30
right_child=19 2 28 -5 -6 6 7 -9 9 10 -12 -13 18 -15 -16 16 -18 -19 -20 -21 21 -23 -24 -25 -26 -27 27 -29 29 -31
leaf_value=-0.011763375308424784 -0.011144368214299727 -0.0086387974548507475 -0.028241713090031796 0.16731266428283079 -0.034329209420032897 -0.039987806882022234 0.058427640654682547 0.0760920907427175 0.018068438462893906 0.19250429154272028 0.049001729184200475 0.073802024516411782 -0.058994638305992456 0.064563354522576916 -0.021566760417723423 0.021691851672730838 -0.00080570878822883824 0.13452129593449594 -0.014046448829723073 -0.078712217204876839 0.0071008454661461917 0.062067932305079163 -0.037090491445170244 -0.03688424514363392 -0.057829149634303287 -0.0065185563403549257 -0.0099370555603460163 0.10719739886709093 -0.018472905640630744 0.070186811779249167
leaf_weight=3092 483 170 323 163 618 206 217 201 260 165 291 300 425 308 1599 172 362 161 2352 215 5065 194 774 241 167 3425 182 184 215 218
leaf_count=3092 483 170 323 163 618 206 217 201 260 165 291 300 425 308 1599 172 362 161 2352 215 5065 194 774 241 167 3425 182 184 215 218
internal_value=-0.000466144 0.000530704 0.0256779 0.0774169 -0.000774663 0.000243534 0.0160758 -0.00669944 0.0395894 0.0534664 0.100979 0.0236326 -0.00230513 0.00120197 -0.000148249 0.00251785 0.0361112 0.0763137 -0.0209339 -0.0319905 0.000593048 0.00481731 -0.0202259 0.00822305 -0.01156 0.00356052 0.00992111 0.0488859 0.00285702 0.0261097
internal_weight=22748 22050 1089 333 20961 20343 2822 1433 1389 1183 456 727 17521 14744 14436 12837 695 333 2777 698 12142 9050 1232 458 427 8856 5431 366 756 433
internal_count=22748 22050 1089 333 20961 20343 2822 1433 1389 1183 456 727 17521 14744 14436 12837 695 333 2777 698 12142 9050 1232 458 427 8856 5431 366 756 433
is_linear=0
shrinkage=0.0161


Tree=253
num_leaves=31
num_cat=0
split_feature=113 377 214 347 581 132 171 520 429 557 498 357 533 524 562 587 67 431 539 69 96 175 253 115 481 574 49 543 541 599
split_gain=2953.45 2625.58 2785.68 3958.98 2873.32 2753.54 3605.52 3796.78 3945.56 6309.64 5923.62 5494.55 5374.91 4292.89 3501.76 3127.43 3102.52 3008.87 6141.94 5339.68 2913.25 2592.2 3149.15 2182.15 2166.18 2101.51 2040.08 2279.34 4540.51 2940.87
threshold=73.500000000000014 87.000000000000014 6.5000000000000009 73.500000000000014 238.25000000000003 35.500000000000007 43.500000000000007 41.500000000000007 10.500000000000002 221.94999694824222 86.500000000000014 35.500000000000007 117.50000000000001 30.500000000000004 192.55000305175784 95.850002288818374 20.000000000000004 8.0000000000000018 129.50000000000003 10.500000000000002 6.5000000000000009 5.5000000000000009 8.0000000000000018 61.500000000000007 40.500000000000007 115.85000228881837 5.5000000000000009 108.14999771118165 107.54999923706056 174.34999847412112
decision_type=2 2 2 2 10 2 2 2 2 10 2 2 2 2 8 10 2 2 2 2 2 2 2 2 2 10 2 10 10 10
left_child=1 2 4 5 23 6 7 -4 13 10 12 21 15 -9 25 24 17 -15 19 20 -19 22 -12 26 -10 -8 -1 28 -28 -29
right_child=-2 -3 3 -5 -6 -7 14 8 9 -11 11 -13 -14 16 -16 -17 -18 18 -20 -21 -22 -23 -24 -25 -26 -27 27 29 -30 -31
leaf_value=-0.011687470531270772 -0.040940552488168629 -0.043257025356636059 -0.0028558154854706115 0.075691668359794476 -0.061164221003947299 -0.021781546722934475 0.038451867124637489 0.086208966944742824 0.050554410278727667 0.1103582835404197 -0.011609599921305528 0.092771454625278388 0.14452798995666821 -0.0036791028017452584 -0.085573305555938617 0.084814927049368979 -0.026367528873862591 0.088395612548965094 -0.0052108751326709083 0.14414044613112778 -0.00039575250393844011 -0.015514704642443143 0.071142011361953666 0.046076300143078966 -0.022016834331162881 -0.041416535357606338 0.006339226748997632 -0.021764668243219546 0.091262893542635629 0.017527381470631914
leaf_weight=4133 421 326 3093 223 215 790 177 171 211 250 238 179 160 1475 195 260 710 163 592 171 231 1059 238 242 215 165 4115 1650 170 704
leaf_count=4133 421 326 3093 223 215 790 177 171 211 250 238 179 160 1475 195 260 710 163 592 171 231 1059 238 242 215 165 4115 1650 170 704
internal_value=0.00130685 0.00209766 0.00276489 0.00853721 -0.00287015 0.00714105 0.00943909 0.011755 0.0189059 0.0331285 0.0255773 0.00835542 0.0604412 0.00752271 -0.0311258 0.0407948 0.00348953 0.0115526 0.0309911 0.0689647 0.036278 -0.0014732 0.0297168 -0.00173008 0.0138728 -1.23136e-05 -0.00280626 0.00271904 0.00971392 -0.0100038
internal_weight=22942 22521 22195 10966 11229 10743 9953 9416 6323 2810 2560 1714 846 3513 537 686 3342 2632 1157 565 394 1535 476 11014 426 342 10772 6639 4285 2354
internal_count=22942 22521 22195 10966 11229 10743 9953 9416 6323 2810 2560 1714 846 3513 537 686 3342 2632 1157 565 394 1535 476 11014 426 342 10772 6639 4285 2354
is_linear=0
shrinkage=0.0161


Tree=254
num_leaves=31
num_cat=0
split_feature=283 536 553 58 533 506 533 531 531 347 595 533 305 410 232 134 180 392 172 520 535 533 280 140 203 149 495 480 490 546
split_gain=2700.01 2735.59 7243.57 4345.27 4768.06 4268.72 7629.19 2490.71 3343.9 6436.84 3342.46 3802.86 7135.17 3381.88 3245.03 4022.57 3598.55 3880.43 7557.71 3280.79 2891.21 3750.46 3101.6 2890.21 2804.04 2544.94 2294.19 2269.63 2066.62 2023.99
threshold=3.5000000000000004 226.50000000000003 251.25000000000003 20.000000000000004 261.50000000000006 252.50000000000003 210.50000000000003 248.50000000000003 190.50000000000003 16.500000000000004 135.15000152587893 149.50000000000003 6.5000000000000009 6.5000000000000009 24.500000000000004 13.500000000000002 4.5000000000000009 10.500000000000002 10.500000000000002 52.500000000000007 170.50000000000003 107.50000000000001 16.500000000000004 13.500000000000002 16.500000000000004 6.5000000000000009 170.50000000000003 139.50000000000003 296.50000000000006 111.64999771118165
decision_type=2 2 10 2 2 2 2 2 2 2 10 2 2 2 2 2 2 2 2 2 2 2 2 2 2 2 2 2 2 10
left_child=-1 2 5 28 -5 7 -7 8 10 23 11 13 -13 26 16 24 17 -15 19 -19 21 -12 25 27 -16 -22 -2 -10 -3 -23
right_child=1 3 -4 4 -6 6 -8 -9 9 -11 20 12 -14 14 15 -17 -18 18 -20 -21 22 29 -24 -25 -26 -27 -28 -29 -30 -31
leaf_value=-0.011212353536425723 -0.0083518067655814661 -0.024910937509788667 0.090970776170811604 -0.02146019708397514 0.081999288965924011 0.10309465247182051 -0.030166699898616808 -0.042862594897887858 -0.064878327390113164 0.10067354242045626 0.015423992326390554 0.12787696354603387 -0.01089558129033521 0.0090547229556490524 -0.017023108418956712 0.090901289690087789 -0.0022254667607593949 -0.017371136149143703 0.15373171493862847 0.078113146354599497 0.029891426794464847 0.010980368439822072 0.064987971684456872 0.055489934155243385 0.059860638332984821 -0.044257195883095048 0.044456645147315572 0.010987866643122695 -0.086846312503890688 -0.045810273222535419
leaf_weight=4564 5339 1034 248 259 208 286 182 316 166 259 434 181 204 1113 298 278 3698 223 162 160 224 186 205 203 209 258 222 265 162 1262
leaf_count=4564 5339 1034 248 259 208 286 182 316 166 259 434 181 204 1113 298 278 3698 223 162 160 224 186 205 203 209 258 222 265 162 1262
internal_value=-0.000136149 0.00263343 0.00460894 -0.0170492 0.0245699 0.00329618 0.0512205 0.00188098 0.00279181 0.0330397 0.000947184 0.00449336 0.0542844 0.0028532 0.0110909 0.0416669 0.00660512 0.026315 0.0615209 0.0224564 -0.0157282 -0.0260516 0.012518 0.00537293 0.0146242 -0.00974925 -0.00623941 -0.0181775 -0.0333199 -0.0384991
internal_weight=22808 18244 16581 1663 467 16333 468 15865 15549 893 14656 12087 385 11702 6141 785 5356 1658 545 383 2569 1882 687 634 507 482 5561 431 1196 1448
internal_count=22808 18244 16581 1663 467 16333 468 15865 15549 893 14656 12087 385 11702 6141 785 5356 1658 545 383 2569 1882 687 634 507 482 5561 431 1196 1448
is_linear=0
shrinkage=0.0161


Tree=255
num_leaves=31
num_cat=0
split_feature=293 214 27 210 429 236 534 53 58 394 351 530 531 107 160 64 309 310 495 491 490 586 586 489 535 265 78 560 492 540
split_gain=2677.28 2860.3 3220.17 5165.83 5716.16 6926.47 6940.26 4438.16 4040.46 5931.4 5338.72 2697.68 4895.77 2486.01 2513.24 2437.44 3043.4 2723.61 2374.8 2701.24 2101.67 2802.36 2175.86 2996.65 2060.1 2009.3 1916 1854.15 1786.01 2309.61
threshold=61.500000000000007 5.5000000000000009 10.500000000000002 16.500000000000004 8.0000000000000018 5.5000000000000009 112.50000000000001 8.0000000000000018 6.5000000000000009 20.000000000000004 13.500000000000002 226.50000000000003 152.50000000000003 6.5000000000000009 8.0000000000000018 52.000000000000007 10.500000000000002 52.000000000000007 283.50000000000006 268.50000000000006 286.50000000000006 185.15000152587893 164.05000305175784 147.50000000000003 101.50000000000001 43.500000000000007 16.500000000000004 195.05000305175784 173.50000000000003 147.94999694824222
decision_type=2 2 2 2 2 2 2 2 2 2 2 2 2 2 2 2 2 2 2 2 2 10 10 2 2 2 2 8 2 10
left_child=1 20 15 4 11 6 7 -6 -7 10 -10 12 -4 14 -5 17 -17 18 19 28 21 22 24 -24 25 -1 -15 -2 29 -3
right_child=27 2 3 13 5 8 -8 -9 9 -11 -12 -13 -14 26 -16 16 -18 -19 -20 -21 -22 -23 23 -25 -26 -27 -28 -29 -30 -31
leaf_value=-0.0027543015857675584 -0.012634966379050405 -0.0052982464734521 -0.00071390495037739279 -0.014935398336432626 -0.0074822408599629821 -0.014162883337426 0.14807340877612774 0.089166164521836219 -0.025064563792152598 0.09924595316733123 0.067511600715649253 -0.051313272769016552 0.071200930913822388 -0.0055802001569234408 0.052878326528830025 0.089832642697633067 -0.0051696548705590702 0.05292848589123747 -0.059318399220143932 0.060424923915896149 0.052313055425557864 -0.041123259101250295 -0.012512097658236812 0.078933589873361243 -0.020793852650979643 0.053213802400954961 -0.049647059352476618 -0.078339566786152767 -0.026173196901072473 0.024465794845314363
leaf_weight=5988 309 4779 1480 287 221 517 267 277 381 313 280 199 294 639 279 170 179 222 198 171 162 558 181 190 1797 171 428 175 848 787
leaf_count=5988 309 4779 1480 287 221 517 267 277 381 313 280 199 294 639 279 170 179 222 198 171 162 558 181 190 1797 171 428 175 848 787
internal_value=0.00101828 0.0018337 0.00660913 0.0155106 0.0249038 0.0424098 0.0818053 0.0462287 0.022181 0.0414965 0.0141151 0.00487485 0.0111911 -0.00880075 0.0184506 -0.000483159 0.0410391 -0.00255522 -0.00437461 -0.00271897 -0.00513973 -0.00618991 -0.00384617 0.0342565 -0.00562591 -0.00119657 -0.0232786 -0.0364404 -0.00440608 -0.00108556
internal_weight=22747 22263 13216 5862 4229 2256 765 498 1491 974 661 1973 1774 1633 566 7354 349 7005 6783 6585 9047 8885 8327 371 7956 6159 1067 484 6414 5566
internal_count=22747 22263 13216 5862 4229 2256 765 498 1491 974 661 1973 1774 1633 566 7354 349 7005 6783 6585 9047 8885 8327 371 7956 6159 1067 484 6414 5566
is_linear=0
shrinkage=0.0161


Tree=256
num_leaves=31
num_cat=0
split_feature=34 338 93 389 208 127 503 564 492 84 479 24 548 504 545 471 538 208 592 42 75 25 198 19 530 549 269 537 507 507
split_gain=2755.6 2520.53 2787.36 2624.98 2687.69 4549.84 2368.22 3145.77 4257.26 5873.2 3959.78 3137.06 3684.64 5529.91 2951.82 2874.1 2662.45 4163.72 3263.45 2356.41 5296.18 2704.01 2594.38 3803.44 2210.66 2127.55 1972.89 1943.43 1783.84 6111.47
threshold=61.500000000000007 35.500000000000007 3.5000000000000004 3.5000000000000004 16.500000000000004 73.500000000000014 317.50000000000006 210.94999694824222 234.50000000000003 5.5000000000000009 8.0000000000000018 20.000000000000004 98.750000000000014 57.500000000000007 216.75000000000003 20.000000000000004 112.50000000000001 8.0000000000000018 106.85000228881837 29.500000000000004 10.500000000000002 16.500000000000004 20.000000000000004 20.000000000000004 118.50000000000001 184.15000152587893 8.0000000000000018 102.50000000000001 227.50000000000003 205.50000000000003
decision_type=2 2 2 2 2 2 2 10 2 2 2 2 8 2 8 2 2 2 8 2 2 2 2 2 2 8 2 2 2 2
left_child=1 3 -3 -1 5 6 7 8 11 -10 -11 28 13 15 25 -13 18 26 -14 21 -21 22 -6 -24 -2 -9 -18 -22 29 -5
right_child=24 2 -4 4 19 -7 -8 14 9 10 -12 12 16 -15 -16 -17 17 -19 -20 20 27 -23 23 -25 -26 -27 -28 -29 -30 -31
leaf_value=-0.0097295016128059707 -0.0054631288686444682 0.034968647037465855 -0.02898290502003496 0.0012636948801799466 -0.0093127124683634564 0.087740527138969168 0.068053448084094248 -0.039573384061444138 0.13305806093352684 -0.038219143078717911 0.06310802481890293 0.0051435711916856383 0.038973893696869731 0.13506408561703145 -0.074398655025069149 0.082298990711900652 0.034671297162270742 0.091046717238465927 -0.038862919229052245 0.10062834360542765 0.027127074597199416 -0.032200232619156083 0.087628618232166 -0.014560442973841976 -0.065656412805222636 0.04147589675027389 -0.040013866706504538 -0.051580151316907998 -0.03685727769149761 0.096573116431679637
leaf_weight=4123 339 205 1266 8643 1921 184 163 172 162 179 226 403 201 164 235 182 199 203 456 164 165 1125 190 187 298 164 170 160 298 178
leaf_count=4123 339 205 1266 8643 1921 184 163 172 162 179 226 403 201 164 235 182 199 203 456 164 165 1125 190 187 298 164 170 160 298 178
internal_value=-0.000645827 0.000305197 -0.0200546 0.00175898 0.00463218 0.00825695 0.00707543 0.00626113 0.00806899 0.0511051 0.0182658 0.00586794 0.0242489 0.0524017 -0.0306274 0.0291877 0.0070724 0.032482 -0.015014 -0.00701998 0.0260249 -0.0117476 -0.00172458 0.0368782 -0.0336596 0 0.000199713 -0.0115487 0.00187835 0.00318962
internal_weight=22725 22088 1471 20617 16494 12582 12398 12235 11664 567 405 11097 1978 749 571 585 1229 572 657 3912 489 3423 2298 377 637 336 369 325 9119 8821
internal_count=22725 22088 1471 20617 16494 12582 12398 12235 11664 567 405 11097 1978 749 571 585 1229 572 657 3912 489 3423 2298 377 637 336 369 325 9119 8821
is_linear=0
shrinkage=0.0161


Tree=257
num_leaves=31
num_cat=0
split_feature=521 336 295 594 299 215 308 535 364 500 416 52 441 215 505 183 152 131 537 147 208 527 553 528 453 431 524 274 414 443
split_gain=3381.06 3108.91 2727.44 3133.86 3871.74 5040.41 3293.17 3571.15 3963.45 9230.61 5392.8 4229.79 2966.99 3101.34 2886.86 2827.01 2956.82 4427.57 2605.55 2320.34 2289.28 2165.93 4900.53 2607.8 3385.34 4488.88 2435.42 2100.86 2068.43 2009.67
threshold=299.50000000000006 61.500000000000007 4.5000000000000009 178.05000305175784 35.500000000000007 13.500000000000002 52.000000000000007 217.50000000000003 10.500000000000002 226.50000000000003 13.500000000000002 10.500000000000002 6.5000000000000009 5.5000000000000009 259.50000000000006 13.500000000000002 10.500000000000002 6.5000000000000009 106.50000000000001 5.5000000000000009 24.500000000000004 107.50000000000001 159.44999694824222 159.50000000000003 10.500000000000002 8.0000000000000018 115.50000000000001 24.500000000000004 16.500000000000004 13.500000000000002
decision_type=2 2 2 8 2 2 2 2 2 2 2 2 2 2 2 2 2 2 2 2 2 2 10 2 2 2 2 2 2 2
left_child=1 2 14 20 6 -6 7 8 15 10 19 -12 -9 -14 18 16 -5 -18 -1 -10 21 22 26 -23 -25 -26 29 -20 -15 -4
right_child=-2 -3 3 4 5 -7 -8 12 9 -11 11 -13 13 28 -16 -17 17 -19 27 -21 -22 23 -24 24 25 -27 -28 -29 -30 -31
leaf_value=-0.0021353268993982888 -0.040601432823506901 -0.037064867344823463 -0.002138786146971525 0.0061974364965930191 0.017215699972510264 0.12800980964687753 -0.049152555236938941 -0.040527390804516429 0.040685340487936865 0.16023150134938718 0.026993569686382498 0.12873501588723196 0.064792752917374685 -0.031831099585141992 0.05810247623345275 -0.027422524859006394 -0.0016259000149326855 0.10312434056172723 -0.033263853460311084 -0.021255179393505654 -0.01939706812303903 -0.022612018176070899 0.079281910779102488 -0.015890671959670432 0.10167237227963889 -0.0026365413097884948 0.054638014907809007 0.0246716524316168 0.032443631293432258 0.018326486231734183
leaf_weight=4781 503 526 4201 1133 264 179 216 460 247 161 228 199 205 356 176 417 189 233 1346 429 1242 1459 246 522 197 233 256 184 204 1766
leaf_count=4781 503 526 4201 1133 264 179 216 460 247 161 228 199 205 356 176 417 189 233 1346 429 1242 1459 246 522 197 233 256 184 204 1766
internal_value=0.000674467 0.00160843 0.00254569 0.00626767 0.0165326 0.0620367 0.0122175 0.0151943 0.0240591 0.0463196 0.029671 0.0744645 -0.00820402 0.0112015 -0.00619593 0.00977872 0.01977 0.0561544 -0.0079928 0.00134212 0.00107304 0.00393873 0.00879483 -0.00908099 0.0116314 0.0450968 0.00600464 -0.0262811 -0.0083747 0.00391419
internal_weight=22758 22255 21729 15242 5120 443 4677 4461 3236 1264 1103 427 1225 765 6487 1972 1555 422 6311 676 10122 8880 6469 2411 952 430 6223 1530 560 5967
internal_count=22758 22255 21729 15242 5120 443 4677 4461 3236 1264 1103 427 1225 765 6487 1972 1555 422 6311 676 10122 8880 6469 2411 952 430 6223 1530 560 5967
is_linear=0
shrinkage=0.0161


Tree=258
num_leaves=31
num_cat=0
split_feature=180 474 5 23 138 97 250 106 508 465 585 184 523 101 242 380 461 416 486 410 138 540 170 487 516 547 352 467 89 46
split_gain=3535.28 3155.09 4627.05 5054.41 3408.93 4684.69 4745.14 6573.41 8783.06 4476.78 3617.24 5996.1 2570.38 2561.18 3003.15 6457.88 2445.3 3762.6 2349.1 2340.73 2337.43 2878.84 2302.79 2269.51 2163.64 2005.19 1963.16 2148.43 1949.99 1918.04
threshold=20.000000000000004 8.0000000000000018 52.000000000000007 10.500000000000002 8.0000000000000018 20.000000000000004 13.500000000000002 10.500000000000002 121.50000000000001 13.500000000000002 228.75000000000003 6.5000000000000009 148.50000000000003 29.500000000000004 20.000000000000004 8.0000000000000018 52.000000000000007 6.5000000000000009 201.50000000000003 20.000000000000004 6.5000000000000009 195.05000305175784 35.500000000000007 154.50000000000003 109.50000000000001 133.65000152587893 24.500000000000004 8.0000000000000018 5.5000000000000009 16.500000000000004
decision_type=2 2 2 2 2 2 2 2 2 2 8 2 2 2 2 2 2 2 2 2 2 10 2 2 2 10 2 2 2 2
left_child=1 16 4 -4 13 6 10 8 -8 -9 -6 -12 19 14 18 -16 26 -18 22 -7 21 23 25 -2 -15 -3 29 -28 -27 -1
right_child=20 2 3 -5 5 12 7 9 -10 -11 11 -13 -14 24 15 -17 17 -19 -20 -21 -22 -23 -24 -25 -26 28 27 -29 -30 -31
leaf_value=-0.00700468694260248 0.0011930495065298483 -0.0091984806323675023 0.004488093569614107 0.13105521399777034 0.0035070599020005041 -0.012786586976204913 0.040598001969882114 -0.048108263779365133 0.19928903646940682 0.059249167034894815 -0.0039233479713847606 0.11029210400945097 -0.050422198883386886 -0.005340376106322914 -0.016487069300363266 0.092471469856780425 -0.015545365488026403 0.09276021341939289 -0.04293422862400971 0.05910592040812282 -0.026727610720268486 0.063869641555235543 0.054505159455108608 -0.055526297453604039 -0.076895380776450126 -0.017343119975693096 -0.0013017314910988172 -0.053908207233042779 0.044006709071285517 0.010494763684960948
leaf_weight=7338 1130 2491 162 166 1533 440 201 160 165 271 233 243 315 233 291 273 164 168 357 160 2023 162 193 218 208 201 380 430 402 2084
leaf_count=7338 1130 2491 162 166 1533 440 201 160 165 271 233 243 315 233 291 273 164 168 357 160 2023 162 193 218 208 201 380 430 402 2084
internal_value=-0.000608151 0.00210621 0.009288 0.0686152 0.00696031 0.0184458 0.0287642 0.0620146 0.112203 0.0193403 0.0155616 0.0543347 -0.0131717 -0.00222744 0.00163574 0.0362118 -0.00380479 0.039189 -0.00370931 0.00634552 -0.0154136 -0.000240154 0.00054374 -0.0079622 -0.039143 -0.0028147 -0.00520211 -0.0292577 0.0235177 -0.00313158
internal_weight=22795 19262 8698 328 8370 3721 2806 797 366 431 2009 476 915 4649 4208 564 10564 332 3644 600 3533 1510 3287 1348 441 3094 10232 810 603 9422
internal_count=22795 19262 8698 328 8370 3721 2806 797 366 431 2009 476 915 4649 4208 564 10564 332 3644 600 3533 1510 3287 1348 441 3094 10232 810 603 9422
is_linear=0
shrinkage=0.0161


Tree=259
num_leaves=31
num_cat=0
split_feature=171 494 412 66 512 421 552 236 209 488 129 461 221 155 392 493 459 491 531 572 505 358 146 527 466 572 480 553 228 183
split_gain=2895.64 2889.94 2940.1 2826.49 2772.54 2334.85 2313.88 4939.81 4941.2 8164.11 2767.33 3729.57 3806.17 3378.95 4358.68 2567.5 2470.96 2469.19 2717.43 2399.23 3210.28 2255.89 3396.13 2527.17 2541.25 2408.68 3466 1888.92 3195.39 1840.47
threshold=87.000000000000014 341.50000000000006 52.000000000000007 102.50000000000001 126.50000000000001 16.500000000000004 238.25000000000003 16.500000000000004 13.500000000000002 150.50000000000003 10.500000000000002 8.0000000000000018 5.5000000000000009 16.500000000000004 8.0000000000000018 252.50000000000003 6.5000000000000009 159.50000000000003 119.50000000000001 264.34999084472662 293.50000000000006 52.000000000000007 10.500000000000002 107.50000000000001 61.500000000000007 207.44999694824222 183.50000000000003 154.15000152587893 4.5000000000000009 6.5000000000000009
decision_type=2 2 2 2 2 2 8 2 2 2 2 2 2 2 2 2 2 2 2 10 2 2 2 2 2 8 2 8 2 2
left_child=1 2 3 6 5 -4 19 10 9 16 13 12 -12 15 -15 17 -9 18 -8 20 21 23 -23 24 27 -25 -27 -1 -29 -30
right_child=-2 -3 4 -5 -6 -7 7 8 -10 -11 11 -13 -14 14 -16 -17 -18 -19 -20 -21 -22 22 -24 25 -26 26 -28 28 29 -31
leaf_value=-0.0020673026982900482 -0.053902079883218747 0.066670290968332699 -0.030496782054159101 0.062475827732430773 -0.066276892372752541 0.044618586734618639 -0.0043340040724370293 -0.012591576413931486 0.0014075579418361436 0.16645447949355738 -0.024764056286887614 -0.047450369736128012 0.055299762001405559 0.0015338339971390793 0.10916686036791633 0.064686578344134091 0.069483400461484587 -0.051156549958742463 0.055466502330666564 -0.06230859407394046 0.050234701788524599 -0.0034240336842755376 0.080536779766887001 -0.017986147625489335 0.060646198072358236 0.054605736061065772 -0.014077698793386658 0.086316294714682787 0.042146098376678737 -0.022806661770201044
leaf_weight=9993 258 169 325 192 329 160 1242 171 428 172 363 579 267 196 195 161 213 234 234 171 303 309 209 4241 180 310 493 170 196 267
leaf_count=9993 258 169 325 192 329 160 1242 171 428 172 363 579 267 196 195 161 213 234 234 171 303 309 209 4241 180 310 493 170 196 267
internal_value=-0.000271284 0.000343401 -0.000158132 0.000978511 -0.0301936 -0.00566793 0.000422985 0.0107423 0.0425843 0.0742392 0.00170853 -0.0179471 0.00913039 0.0122246 0.0552729 0.00321577 0.0328731 -0.00255807 0.00513062 -0.00230525 -0.00168836 -0.00265098 0.0304066 -0.00373284 0.0006573 -0.0131427 0.0124084 -0.000356672 0.0266114 0.0046387
internal_weight=22730 22472 22303 21489 814 485 21297 4455 984 556 3471 1209 630 2262 391 1871 384 1710 1476 16842 16671 16368 518 15850 10806 5044 803 10626 633 463
internal_count=22730 22472 22303 21489 814 485 21297 4455 984 556 3471 1209 630 2262 391 1871 384 1710 1476 16842 16671 16368 518 15850 10806 5044 803 10626 633 463
is_linear=0
shrinkage=0.0161


Tree=260
num_leaves=31
num_cat=0
split_feature=391 179 325 523 540 205 109 336 374 485 585 530 533 148 175 285 329 573 245 538 587 575 91 447 230 448 290 307 33 352
split_gain=3775.71 3321.97 4492.64 2535.42 2724.14 6810.77 2283.3 2119.07 2010.45 2365.71 3175.9 2845.14 3072.58 2521.33 3324.4 2669.34 2161.95 1966.42 1820.93 1980.83 2310.08 3981.79 3015.46 4401.75 2971.6 3685.24 2636.08 2606.43 5775.24 5375.7
threshold=52.000000000000007 73.500000000000014 8.0000000000000018 317.50000000000006 247.34999847412112 10.500000000000002 2.5000000000000004 87.000000000000014 61.500000000000007 278.50000000000006 240.75000000000003 241.50000000000003 261.50000000000006 43.500000000000007 6.5000000000000009 73.500000000000014 10.500000000000002 191.15000152587893 52.000000000000007 7.5000000000000009 100.45000076293947 128.94999694824222 29.500000000000004 6.5000000000000009 29.500000000000004 13.500000000000002 29.500000000000004 10.500000000000002 20.000000000000004 10.500000000000002
decision_type=2 2 2 2 10 2 2 2 2 2 10 2 2 2 2 2 2 10 2 2 10 10 2 2 2 2 2 2 2 2
left_child=1 3 -3 4 6 -6 -1 8 9 10 11 12 13 15 -15 18 -13 -11 19 -8 21 24 27 -24 26 -26 -21 -22 -29 -30
right_child=-2 2 -4 -5 5 -7 7 -9 -10 17 -12 16 -14 14 -16 -17 -18 -19 -20 20 22 -23 23 -25 25 -27 -28 28 29 -31
leaf_value=-0.014603952190846918 -0.034002343721790569 -0.01019688749421172 0.106645976633019 -0.047548099238324204 0.10474299869950886 -0.022466231749118853 -0.009144440004795135 -0.051780202177242322 -0.0303756612095527 0.0051327761176290206 0.05930505732726115 -0.057749519390429445 0.072414087037524416 0.029777357267491762 -0.047917210868437116 0.064947213150620936 0.0024262350492653697 -0.069657713099613688 -0.029037892609699481 0.0065801083902743644 -0.013125767222115392 0.081513055527408132 0.097215315790678811 0.00082583894981143368 0.015162841260968445 0.10409817277735114 0.064458630714926829 -0.004869535576004125 0.11505545877830704 -0.00037641618360927814
leaf_weight=2588 853 164 177 290 215 221 2146 191 480 160 264 344 170 198 509 190 280 210 415 6235 3128 217 194 336 322 194 211 1359 233 189
leaf_count=2588 853 164 177 290 215 221 2146 191 480 160 264 344 170 198 509 190 280 210 415 6235 3128 217 194 336 322 194 211 1359 233 189
internal_value=-0.000772168 0.000525212 0.0503827 -0.000264861 0.000380858 0.0402091 -0.000454358 0.00155916 0.00212696 0.0030196 0.00389062 0.00302204 0.00431912 0.00359756 -0.026125 0.00496639 -0.0307099 -0.0372523 0.00421404 0.00515031 0.00758334 0.0135796 -0.000326812 0.0361524 0.0114588 0.0486454 0.00847833 -0.00427009 0.0112701 0.0633015
internal_weight=22683 21830 341 21489 21199 436 20763 18175 17984 17504 17134 16870 16246 16076 707 15369 624 370 15179 14764 12618 7179 5439 530 6962 516 6446 4909 1781 422
internal_count=22683 21830 341 21489 21199 436 20763 18175 17984 17504 17134 16870 16246 16076 707 15369 624 370 15179 14764 12618 7179 5439 530 6962 516 6446 4909 1781 422
is_linear=0
shrinkage=0.0161


Tree=261
num_leaves=31
num_cat=0
split_feature=16 497 0 144 241 197 120 499 533 551 466 592 503 23 480 228 302 223 592 255 585 100 190 552 407 479 491 487 423 241
split_gain=2787.82 2774.22 8279.38 6141.92 9503.49 2960.49 3300.98 2615.87 6547.65 9643.87 3583.08 3576.52 4612.81 4473.24 3949.29 8336.34 2910.12 3357.8 2745.65 5150.07 3059.53 2917.93 3780.5 2854.2 2685.65 2555.74 2125.44 2074.23 2186.71 3273.57
threshold=102.50000000000001 227.50000000000003 35.500000000000007 10.500000000000002 16.500000000000004 10.500000000000002 6.5000000000000009 104.50000000000001 148.50000000000003 203.05000305175784 13.500000000000002 124.35000228881837 44.500000000000007 8.0000000000000018 86.500000000000014 5.5000000000000009 10.500000000000002 4.5000000000000009 240.75000000000003 10.500000000000002 185.15000152587893 20.000000000000004 16.500000000000004 140.84999847412112 16.500000000000004 8.0000000000000018 283.50000000000006 147.50000000000003 13.500000000000002 10.500000000000002
decision_type=2 2 2 2 2 2 2 2 2 8 2 10 2 2 2 2 2 2 10 2 8 2 2 10 2 2 2 2 2 2
left_child=1 7 3 4 5 6 -3 8 11 10 -10 12 -1 -14 16 -16 17 -15 20 -20 21 24 23 -23 27 -17 -5 -9 -29 -30
right_child=-2 2 -4 26 -6 -7 -8 18 9 -11 -12 -13 13 14 15 25 -18 -19 19 -21 -22 22 -24 -25 -26 -27 -28 28 29 -31
leaf_value=-0.0033767305816176834 -0.057177117251733599 -0.01216335377681812 0.12649883798847189 -0.0096806334907152576 0.12543413505282167 -0.036128715763725269 0.084205853194285279 -0.013240318993612618 -0.01791517737104319 0.14237929973009542 0.070753125104639006 -0.029708009441890469 6.9392359635504593e-05 0.0817540606531241 0.15451173608530303 0.073163097517083026 -0.011104227857850597 0.014780726553357016 -0.024027702294550413 0.10095173376251342 -0.025314737633867726 -0.035711416107471507 0.072144469000297293 0.035782712765911481 -0.036888542589654821 -0.0044629937217056425 -0.07417073357978482 -0.0010156360852537816 0.10182151519893021 0.00041166610894144656
leaf_weight=8504 213 188 173 560 236 259 180 1462 336 211 182 912 1937 290 197 192 521 590 178 164 2402 287 283 292 717 256 174 585 164 167
leaf_count=8504 213 188 173 560 236 259 180 1462 336 211 182 912 1937 290 197 192 521 590 178 164 2402 287 283 292 717 256 174 585 164 167
internal_value=0.000794126 0.00134156 0.0206926 0.00921602 0.0383452 0.0055278 0.0349098 -0.000301715 0.00362654 0.0506167 0.0131931 0.00106818 0.00331784 0.0176171 0.0342185 0.0671994 0.0190178 0.0368782 -0.00858733 0.0358351 -0.0109802 -0.00227276 0.0239168 0.000303694 -0.00957451 0.0287528 -0.0250005 -0.00132905 0.0176565 0.0507281
internal_weight=22812 22599 1770 1597 863 627 368 20829 14128 729 518 13399 12487 3983 2046 645 1401 880 6701 342 6359 3957 862 579 3095 448 734 2378 916 331
internal_count=22812 22599 1770 1597 863 627 368 20829 14128 729 518 13399 12487 3983 2046 645 1401 880 6701 342 6359 3957 862 579 3095 448 734 2378 916 331
is_linear=0
shrinkage=0.0161


Tree=262
num_leaves=31
num_cat=0
split_feature=6 42 66 177 337 398 164 291 1 337 277 164 111 553 113 528 569 513 449 216 261 594 271 462 515 496 590 280 174 526
split_gain=3338.56 6702.82 4675.84 4709.76 2761.36 2446.06 2383.12 2586.23 2597.48 2673.56 2859.08 2707.04 2750.21 4536.44 3935.46 2545.81 2387.01 4073.01 2477.75 2189.56 2190.59 2125.03 5791.13 5933.05 3027.9 5697.67 2886.36 2358.43 2390.08 3028.05
threshold=52.000000000000007 20.000000000000004 61.500000000000007 8.0000000000000018 87.000000000000014 87.000000000000014 87.000000000000014 43.500000000000007 87.000000000000014 24.500000000000004 2.5000000000000004 5.5000000000000009 35.500000000000007 220.15000152587893 16.500000000000004 246.50000000000003 231.15000152587893 269.50000000000006 61.500000000000007 43.500000000000007 13.500000000000002 200.34999847412112 16.500000000000004 10.500000000000002 146.50000000000003 178.50000000000003 182.25000000000003 8.0000000000000018 13.500000000000002 123.50000000000001
decision_type=2 2 2 2 2 2 2 2 2 2 2 2 2 8 2 2 10 2 2 2 2 8 2 2 2 2 8 2 2 2
left_child=4 2 3 -2 5 6 7 8 9 10 -1 15 16 14 -14 -12 17 18 21 20 -11 24 26 -24 25 -13 -23 28 29 -28
right_child=1 -3 -4 -5 -6 -7 -8 -9 -10 19 11 12 13 -15 -16 -17 -18 -19 -20 -21 -22 22 23 -25 -26 -27 27 -29 -30 -31
leaf_value=-0.015693543267779345 -0.01101801677426632 0.11203391162466693 -0.040968784737222236 0.10743162635557364 -0.056395269783030846 0.046659474717349825 -0.053410948871467585 -0.02751765841021173 0.051585133077753927 -0.010597197981929221 -0.0019184008507944095 0.0051204940847256178 0.027261947057230743 -0.030236896382462301 0.12394357216476246 -0.051394408461198096 -0.032142189057088107 0.08116554823425072 -0.046928700730069293 0.028846009288086633 -0.046035594675644477 0.073073074395534982 0.13016963867049797 0.0090993037380994752 -0.021693574518175711 0.086273112001706745 0.0088071352786808204 -0.023192140215802463 -0.029021291896728703 0.086088684331729656
leaf_weight=2204 181 201 300 167 237 274 229 925 250 1345 6162 4533 253 162 193 282 382 198 213 240 683 161 234 191 998 236 375 592 196 203
leaf_count=2204 181 201 300 167 237 274 229 925 250 1345 6162 4533 253 162 193 282 382 198 213 240 683 161 234 191 998 236 375 592 196 203
internal_value=-0.000522316 0.0308027 0.00556962 0.0457566 -0.00173495 -0.00113727 -0.0017492 -0.00119033 8.97718e-06 -0.000633392 0.00146659 0.00389813 0.00954297 0.0426316 0.0691523 -0.0040872 0.00717674 0.00902709 0.00722339 -0.0170955 -0.0225439 0.00872072 0.023243 0.0758146 0.00380119 0.00914137 0.00859563 0.000978933 0.0194968 0.03599
internal_weight=22800 849 648 348 21951 21714 21440 21211 20286 20036 17768 15564 9120 608 446 6444 8512 8130 7932 2268 2028 7719 1952 425 5767 4769 1527 1366 774 578
internal_count=22800 849 648 348 21951 21714 21440 21211 20286 20036 17768 15564 9120 608 446 6444 8512 8130 7932 2268 2028 7719 1952 425 5767 4769 1527 1366 774 578
is_linear=0
shrinkage=0.0161


Tree=263
num_leaves=31
num_cat=0
split_feature=539 540 187 336 568 505 480 286 513 578 498 16 369 545 570 531 275 492 536 47 55 589 531 36 264 411 530 504 250 390
split_gain=2937.61 3080.22 6302.13 3280.64 3028.25 3551.09 7267.14 3143.55 2755.48 3052.96 3600.61 6694.14 3080.55 2883.02 2752.53 2719.45 3047.48 2603.55 2545.68 5181.42 4440.62 2688.67 2352.99 5437.62 2331.93 3206.68 4679.74 7138.98 2910.74 2499.84
threshold=288.50000000000006 244.44999694824222 10.500000000000002 61.500000000000007 251.25000000000003 250.50000000000003 197.50000000000003 3.5000000000000004 283.50000000000006 200.34999847412112 242.50000000000003 8.0000000000000018 52.000000000000007 218.75000000000003 188.65000152587893 187.50000000000003 10.500000000000002 183.50000000000003 169.50000000000003 24.500000000000004 6.5000000000000009 156.94999694824222 148.50000000000003 10.500000000000002 10.500000000000002 20.000000000000004 99.500000000000014 78.500000000000014 16.500000000000004 10.500000000000002
decision_type=2 10 2 2 10 2 2 2 2 10 2 2 2 10 10 2 2 2 2 2 2 10 2 2 2 2 2 2 2 2
left_child=1 3 -3 4 5 7 -7 -1 9 10 12 -12 13 17 -8 -11 -17 18 21 20 -20 22 24 -24 -9 -26 27 28 29 -27
right_child=-2 2 -4 -5 -6 6 14 8 -10 15 11 -13 -14 -15 -16 16 -18 -19 19 -21 -22 -23 23 -25 25 26 -28 -29 -30 -31
leaf_value=-0.011884807964634085 -0.034440400796924141 -0.029414537024733095 0.091826203300626089 -0.042240183062430756 -0.057326592124254165 0.098410415761678485 0.042279378597371665 -0.0012801766671267742 0.057648492246687146 -0.053304814048367725 0.1315363991814876 -0.0074426436723439727 -0.036543814553326996 0.070861970584716841 -0.044425095565190996 -0.042293553961394975 0.054816068405267176 -0.022784864410449787 0.063437258358008605 0.11032565099139484 -0.015848309736344737 -0.028667702891078433 0.088515999781405938 -0.023586328322176636 0.0047456162547982695 -0.018980541648222757 -0.039614767536156573 0.14733869145926448 0.087213639984525373 0.051816497979255374
leaf_weight=4306 629 188 271 467 229 292 164 7396 241 461 162 201 489 168 225 165 170 896 289 174 499 635 265 194 2515 298 167 169 177 228
leaf_count=4306 629 188 271 467 229 292 164 7396 241 461 162 201 489 168 225 165 170 896 289 174 499 635 265 194 2515 298 167 169 177 228
internal_value=-0.000130809 0.000844585 0.0421164 -2.96514e-05 0.000900161 0.00153787 0.0377005 0.000321475 0.00361641 0.00278645 0.00442663 0.0545162 0.00317613 0.00455826 -0.00781052 -0.0279312 0.0069157 0.00375531 0.00558551 0.0307918 0.0131999 0.00357023 0.00536659 0.0410838 0.00386725 0.0145858 0.0383824 0.053347 0.030718 0.0116624
internal_weight=22730 22101 459 21642 21175 20946 681 20265 15959 15718 14922 363 14559 14070 389 796 335 13902 13006 962 788 12044 11409 459 10950 3554 1039 872 703 526
internal_count=22730 22101 459 21642 21175 20946 681 20265 15959 15718 14922 363 14559 14070 389 796 335 13902 13006 962 788 12044 11409 459 10950 3554 1039 872 703 526
is_linear=0
shrinkage=0.0161


Tree=264
num_leaves=31
num_cat=0
split_feature=489 502 586 488 420 494 251 26 472 380 295 559 541 206 560 455 395 111 207 450 120 110 271 536 233 388 67 486 119 105
split_gain=2479.01 2624.31 2691.7 4793.41 5940.12 4479.34 2381.76 1979.72 2511.56 2159.7 2227.17 1916.41 3098.84 2111.79 1882.46 1878.51 1958.09 5334.87 2180.55 1850.44 2270.02 2480.01 5490.07 5320.29 3202.31 3132.26 2968.92 4543.17 1945.45 2260.38
threshold=341.50000000000006 324.50000000000006 200.34999847412112 202.50000000000003 16.500000000000004 280.50000000000006 10.500000000000002 29.500000000000004 43.500000000000007 73.500000000000014 3.5000000000000004 213.05000305175784 218.75000000000003 2.5000000000000004 209.25000000000003 73.500000000000014 29.500000000000004 24.500000000000004 13.500000000000002 4.5000000000000009 10.500000000000002 16.500000000000004 6.5000000000000009 129.50000000000003 35.500000000000007 8.0000000000000018 4.5000000000000009 101.50000000000001 29.500000000000004 5.5000000000000009
decision_type=2 2 10 2 2 2 2 2 2 2 2 10 10 2 8 2 2 2 2 2 2 2 2 2 2 2 2 2 2 2
left_child=1 2 5 4 6 7 -4 9 -9 10 -1 12 13 -12 -5 16 19 18 -18 -15 21 24 -23 25 26 -24 27 -21 29 -22
right_child=-2 -3 3 14 -6 -7 -8 8 -10 -11 11 -13 -14 15 -16 -17 17 -19 -20 20 28 22 23 -25 -26 -27 -28 -29 -30 -31
leaf_value=-0.008268056119623524 0.058265317176090521 0.053117509556170076 0.0050997472113265257 -0.025017166076160564 0.064359105917561943 0.06505605045015396 -0.055222737381516104 -0.022084477904349118 0.03203483094836343 -0.041516316664054143 -0.012914582367030478 -0.037570869754983222 0.055730344505173245 -0.005010834378836055 -0.077046500762398037 -0.038717520365903015 -0.0046137239615920943 0.11193351266522322 0.053015400803818329 0.010037250029326029 -0.027702709720230655 -0.0060846125200974491 0.078642638223010555 0.14233399883206857 0.080511321759102056 0.0057425068733978268 -0.0028555895285184538 0.087131065533423549 0.035585870449592834 0.0046001712911009586
leaf_weight=4043 189 236 365 354 288 277 316 1764 254 297 1520 265 319 2835 371 226 566 170 243 789 834 490 292 170 160 322 2455 265 330 1716
leaf_count=4043 189 236 365 354 288 277 316 1764 254 297 1520 265 319 2835 371 226 566 170 243 789 834 490 292 170 160 322 2455 265 330 1716
internal_value=0.000198968 -0.000287052 -0.000853388 -0.0203624 0.00304071 0.000749598 -0.0228567 -0.000125647 -0.015261 0.00154145 0.00225282 0.00529996 0.00613081 0.00494678 -0.0516743 0.00723733 0.00813184 0.0299286 0.0126673 0.00612747 0.0101669 0.0167872 0.0361472 0.0625722 0.0100583 0.04045 0.00683917 0.0294428 -0.00118742 -0.00595554
internal_weight=22721 22532 22296 1694 969 20602 681 20325 2018 18307 18010 13967 13702 13383 725 11863 11637 979 809 10658 7823 4943 1274 784 3669 614 3509 1054 2880 2550
internal_count=22721 22532 22296 1694 969 20602 681 20325 2018 18307 18010 13967 13702 13383 725 11863 11637 979 809 10658 7823 4943 1274 784 3669 614 3509 1054 2880 2550
is_linear=0
shrinkage=0.0161


Tree=265
num_leaves=31
num_cat=0
split_feature=78 295 523 503 491 88 462 363 192 347 592 291 28 411 534 353 233 302 441 535 536 259 599 512 319 260 355 78 321 507
split_gain=2461.45 2547.01 2768.89 2936.15 2844.19 7346.13 2256.64 2117.11 5169.78 2062.32 4380.28 2217.35 2061.29 2301.14 4264.23 1795.41 2205.38 3587.4 2092.29 2009.1 5772.39 5734.46 3577.31 3050.94 3868.37 3084.87 3999.78 5556.99 3020.87 3394.23
threshold=87.000000000000014 3.5000000000000004 324.50000000000006 313.50000000000006 278.50000000000006 13.500000000000002 43.500000000000007 61.500000000000007 10.500000000000002 61.500000000000007 158.65000152587893 73.500000000000014 52.000000000000007 52.000000000000007 108.50000000000001 29.500000000000004 29.500000000000004 6.5000000000000009 20.000000000000004 170.50000000000003 195.50000000000003 16.500000000000004 138.55000305175784 101.50000000000001 5.5000000000000009 5.5000000000000009 10.500000000000002 10.500000000000002 5.5000000000000009 153.50000000000003
decision_type=2 2 2 2 2 2 2 2 2 2 8 2 2 2 2 2 2 2 2 2 2 2 10 2 2 2 2 2 2 2
left_child=1 6 3 4 7 -6 -1 9 -9 11 -11 12 13 15 -15 16 19 -18 -17 22 21 -21 23 -3 -25 -26 27 -27 29 -24
right_child=-2 2 -4 -5 5 -7 -8 8 -10 10 -12 -13 -14 14 -16 18 17 -19 -20 20 -22 -23 28 24 25 26 -28 -29 -30 -31
leaf_value=-0.011396394175572132 -0.04365926688451198 -0.0004106221267535331 -0.048316426284574047 0.058306792666783583 0.091479321397262475 -0.031867179643190066 0.048556734993530644 0.085110715719747015 -0.025664729847347068 -0.015680023702301257 0.092293425079895852 -0.049455593292690968 -0.027189897633331257 0.080733539395770479 -0.017723893585869732 -0.025139320218351666 0.081089542592893624 0.00088479189535929377 0.021347598322271108 0.028852719441358768 -0.002517499728363252 0.13789344295500866 -0.023870475918463054 -0.0082067252845401985 -0.0019510071853426297 0.034361776645529876 0.021464060667897238 0.16352364556622981 -0.039871492470800747 0.060394395916403353
leaf_weight=4307 314 7738 254 266 309 210 169 256 190 192 197 219 598 266 199 1131 248 348 322 510 1275 166 328 564 255 167 306 180 979 199
leaf_count=4307 314 7738 254 266 309 210 169 256 190 192 197 219 598 266 199 1131 248 348 322 510 1275 166 328 564 255 167 306 180 979 199
internal_value=0.00110166 0.00173162 0.00445258 0.00521469 0.00439945 0.041525 -0.00912749 0.00325339 0.0378666 0.0023099 0.0389401 0.00141774 0.00212531 0.00328163 0.0385474 0.00216569 0.00402842 0.0342981 -0.0148211 0.00260234 0.0176296 0.0556638 -0.000131396 0.00362797 0.024874 0.0454479 0.0639935 0.10143 -0.0231376 0.00790405
internal_weight=22662 22348 17872 17618 17352 519 4476 16833 446 16387 389 15998 15779 15181 465 14716 13263 596 1453 12667 1951 676 10716 9210 1472 908 653 347 1506 527
internal_count=22662 22348 17872 17618 17352 519 4476 16833 446 16387 389 15998 15779 15181 465 14716 13263 596 1453 12667 1951 676 10716 9210 1472 908 653 347 1506 527
is_linear=0
shrinkage=0.0161


Tree=266
num_leaves=31
num_cat=0
split_feature=55 407 226 39 481 111 490 553 537 599 226 473 419 577 505 142 562 271 181 64 443 5 490 362 68 229 588 350 548 231
split_gain=2426.84 4407.93 3266.1 5428.36 4703.34 3033.68 2536.94 2488.35 2361.12 3603.47 3061.74 2441.4 2335.68 2305.73 3161.83 2210.57 2064.64 1995.7 1941.51 2663.97 2189.77 2593.91 4204.45 4531.32 7263.31 2450.94 2264.92 1905.9 2531.93 2576.6
threshold=24.500000000000004 52.000000000000007 4.5000000000000009 8.0000000000000018 71.500000000000014 73.500000000000014 320.50000000000006 247.34999847412112 207.50000000000003 204.25000000000003 4.5000000000000009 61.500000000000007 43.500000000000007 187.55000305175784 244.50000000000003 8.0000000000000018 151.55000305175784 2.5000000000000004 10.500000000000002 52.000000000000007 4.5000000000000009 6.5000000000000009 41.500000000000007 10.500000000000002 6.5000000000000009 13.500000000000002 143.15000152587893 10.500000000000002 74.149997711181655 6.5000000000000009
decision_type=2 2 2 2 2 2 2 10 2 10 2 2 2 10 2 2 10 2 2 2 2 2 2 2 2 2 10 2 10 2
left_child=5 2 3 -2 -5 6 7 8 9 11 16 13 -4 14 17 -15 -10 -1 19 20 -19 22 -22 25 -25 -24 27 -23 -29 -30
right_child=1 -3 12 4 -6 -7 -8 -9 10 -11 -12 -13 -14 15 -16 -17 -18 18 -20 -21 21 26 23 24 -26 -27 -28 28 29 -31
leaf_value=-0.015858490699665894 -0.0047782797787273446 0.087558749987842979 -0.0058919720806535885 0.019624743298186417 0.12850180567976996 -0.051291377871393269 0.050771919734890654 0.046134173758567161 -0.02104894445869088 0.059120077910899439 -0.031413805252489518 -0.052378456644115737 0.052968332877454498 0.00057923581299205561 0.05553419430991028 -0.058023810100249949 0.056688165170394586 -0.007796717752340615 -0.0075581303381096979 0.052479651719350727 0.0018054933650316007 -0.0048420216866897634 0.0081193729899036865 0.16975199283900372 0.028344822331317902 0.065261082453759348 -0.034704307017387477 -0.0088988578343273707 -0.014758410710713699 0.058276282973879302
leaf_weight=1886 421 194 2175 195 219 315 243 279 161 259 1352 240 190 319 267 348 196 2734 4004 307 1494 1916 761 162 226 262 427 432 164 523
leaf_count=1886 421 194 2175 195 219 315 243 279 161 259 1352 240 190 319 267 348 196 2734 4004 307 1494 1916 761 162 226 262 427 432 164 523
internal_value=0.000473069 0.0130277 0.00850188 0.0358767 0.077276 -0.00173613 -0.000911672 -0.00158386 -0.00230712 -0.00046442 -0.0203332 -0.00140273 -0.00115329 -0.000647578 0.000607064 -0.029961 0.0215643 -0.000350055 0.00182899 0.00582661 0.0042503 0.009427 0.0206453 0.0405766 0.0874466 0.0227769 6.82006e-06 0.00489815 0.0215967 0.0408072
internal_weight=22671 3394 3200 835 414 19277 18962 18719 18440 16731 1709 16472 2365 16232 15565 667 357 15298 13412 9408 9101 6367 2905 1411 388 1023 3462 3035 1119 687
internal_count=22671 3394 3200 835 414 19277 18962 18719 18440 16731 1709 16472 2365 16232 15565 667 357 15298 13412 9408 9101 6367 2905 1411 388 1023 3462 3035 1119 687
is_linear=0
shrinkage=0.0161


Tree=267
num_leaves=31
num_cat=0
split_feature=523 455 163 347 216 369 139 171 537 476 110 505 251 306 68 46 509 499 233 270 152 5 411 78 217 530 527 102 518 7
split_gain=3110.87 2781.89 2776.1 3355.37 2655.16 2721.62 2647.48 2646.21 2565.01 2598.77 2562.52 4932.86 3791.01 2679.03 2994.55 3309.03 6524.03 3276.57 2900.4 3278.68 3517.83 5724.71 3882.17 2816.83 2622.68 2489.7 2714.2 3220.73 2662.87 3772.26
threshold=288.50000000000006 73.500000000000014 3.5000000000000004 87.000000000000014 3.5000000000000004 35.500000000000007 13.500000000000002 87.000000000000014 11.500000000000002 1.0000000180025095e-35 35.500000000000007 197.50000000000003 4.5000000000000009 73.500000000000014 5.5000000000000009 35.500000000000007 117.50000000000001 242.50000000000003 6.5000000000000009 24.500000000000004 10.500000000000002 8.0000000000000018 20.000000000000004 61.500000000000007 8.0000000000000018 251.50000000000003 226.50000000000003 61.500000000000007 143.50000000000003 4.5000000000000009
decision_type=2 2 2 2 2 2 2 2 2 2 2 2 2 2 2 2 2 2 2 2 2 2 2 2 2 2 2 2 2 2
left_child=1 2 -1 4 -4 7 -7 8 -6 -10 13 12 -12 14 17 23 -17 18 -11 20 22 -22 -20 25 -14 26 27 28 -16 -30
right_child=-2 -3 3 -5 5 6 -8 -9 9 10 11 -13 24 -15 15 16 -18 -19 19 -21 21 -23 -24 -25 -26 -27 -28 -29 29 -31
leaf_value=-0.0078890699145083305 -0.034310633136979671 -0.03879851091806074 -0.0076121180791686067 0.074334536153695563 -0.0077537770339781093 0.0028475544240006631 -0.048642278528916429 -0.050760809427218084 -0.033330169366488506 0.0042456166028238922 0.12398178004435494 -0.039342636250813134 0.00033735332228776519 0.075485745335371668 0.0091876669686355543 -0.0081186465809198576 0.10452591156186147 0.090384979045254388 0.01068868830002599 -0.028078836599851196 0.15603592210073858 0.029329438057871096 0.094335735152091357 -0.059900999230434293 0.07023890310585662 -0.03822020946992187 0.06246318193078744 0.072813845885268083 0.041196790033583161 -0.03081214546854372
leaf_weight=4657 617 418 3283 185 1555 728 401 179 288 1358 178 160 255 176 3744 286 249 189 676 174 172 201 183 182 308 334 220 174 230 1042
leaf_count=4657 617 418 3283 185 1555 728 401 179 288 1358 178 160 255 176 3744 286 249 189 676 174 172 201 183 182 308 334 220 174 230 1042
internal_value=0.00134581 0.00233854 0.00312959 0.00613002 0.00538312 0.0085122 -0.0154198 0.0106734 0.0115669 0.0143563 0.0156676 0.0416394 0.0591571 0.0132251 0.0120586 0.00591497 0.0442645 0.0254924 0.0210466 0.0372573 0.0465041 0.0878202 0.0285361 0.0024488 0.0386201 0.00442847 0.00706584 0.00471306 0.00234602 -0.0177732
internal_weight=22802 22185 21767 17110 16925 13642 1129 12513 12334 10779 10491 901 741 9590 9414 6461 535 2953 2764 1406 1232 373 859 5926 563 5744 5410 5190 5016 1272
internal_count=22802 22185 21767 17110 16925 13642 1129 12513 12334 10779 10491 901 741 9590 9414 6461 535 2953 2764 1406 1232 373 859 5926 563 5744 5410 5190 5016 1272
is_linear=0
shrinkage=0.0161


Tree=268
num_leaves=31
num_cat=0
split_feature=52 484 555 453 264 436 151 548 340 565 507 507 539 597 326 10 145 171 322 174 380 181 105 7 230 381 534 588 476 179
split_gain=3783.61 2634.15 2339.42 6417.04 7657.94 8330.21 4169.61 3244.93 2179.61 2206.66 2144.08 2536.41 7097.31 2735.23 2709.25 2189.42 1716.73 3779.61 3827.89 5257.45 3727.9 3069.67 2773.51 2315.44 2250.09 2259.16 2770.51 2028.28 1941.7 2574.91
threshold=87.000000000000014 334.50000000000006 221.94999694824222 6.5000000000000009 10.500000000000002 10.500000000000002 10.500000000000002 216.75000000000003 2.5000000000000004 260.05000305175787 232.50000000000003 208.50000000000003 150.50000000000003 209.25000000000003 61.500000000000007 5.5000000000000009 8.0000000000000018 35.500000000000007 5.5000000000000009 10.500000000000002 24.500000000000004 10.500000000000002 43.500000000000007 29.500000000000004 52.000000000000007 13.500000000000002 167.50000000000003 198.94999694824222 6.5000000000000009 2.5000000000000004
decision_type=2 2 10 2 2 2 2 8 2 10 2 2 2 8 2 2 2 2 2 2 2 2 2 2 2 2 2 10 2 2
left_child=1 2 8 7 5 -5 -6 -4 -1 10 11 14 -13 -14 16 -12 24 20 -19 -20 21 22 28 -23 25 27 -27 -10 -18 -30
right_child=-2 -3 3 4 6 -7 -8 -9 9 -11 15 12 13 -15 -16 -17 17 18 19 -21 -22 23 -24 -25 -26 26 -28 -29 29 -31
leaf_value=-0.015781204727414306 -0.059775052686268162 -0.055472369607329514 0.016882354523008167 0.028743043086059024 0.060652016351964995 0.18933033276847225 -0.048197295153690041 -0.08387601834451594 -0.0082014896425041291 0.056621240220376651 0.014743197205507151 0.1249959360739484 0.039178525168117706 -0.04236791305443733 -0.046497911165502274 -0.038472842986781705 0.0012775441549324779 -0.021678867289563156 0.0014317742324587552 0.10823225554402739 -0.024504554502174567 -0.014749015255875318 0.082260104365704398 0.036643663396529184 -0.061751600106215873 0.0049407093706630286 0.058197044634866767 0.04187193275119324 0.087296528175335286 0.019996126934895976
leaf_weight=2344 283 224 161 173 165 163 204 170 7027 181 281 162 221 206 315 694 1494 173 198 303 1037 1625 166 264 167 2222 286 216 163 1566
leaf_count=2344 283 224 161 173 165 163 204 170 7027 181 281 162 221 206 315 694 1494 173 198 303 1037 1625 166 264 167 2222 286 216 163 1566
internal_value=-0.00127099 -0.000536414 1.31949e-05 0.0236403 0.0511096 0.106717 0.000411376 -0.0347956 -0.0011343 0.000674572 0.000134283 0.00140812 0.0342615 -0.000107259 0.00028315 -0.0231116 0.00115614 0.00726866 0.0435125 0.0660707 0.00339663 0.008883 0.0180518 -0.0075541 -0.00314886 -0.00214279 0.0110232 -0.00670496 0.0147375 0.0263544
internal_weight=22854 22571 22347 1036 705 336 369 331 21311 18967 18786 17811 589 427 17222 975 16907 6989 674 501 6315 5278 3389 1889 9918 9751 2508 7243 3223 1729
internal_count=22854 22571 22347 1036 705 336 369 331 21311 18967 18786 17811 589 427 17222 975 16907 6989 674 501 6315 5278 3389 1889 9918 9751 2508 7243 3223 1729
is_linear=0
shrinkage=0.0161


Tree=269
num_leaves=31
num_cat=0
split_feature=377 172 391 471 155 273 271 155 371 173 548 359 27 255 506 110 366 346 534 69 506 305 87 273 537 313 373 585 528 569
split_gain=2959.18 3142.06 2499.8 2578.39 4133 4095.9 5046.68 7776.51 4662.17 2649.2 2638.3 2291.46 2434.98 2124.03 2373.53 2272.96 2117.15 4051.53 4975.49 4078.08 4298.06 3694.21 2549.63 2622.96 3812.83 4855.68 6113.27 2710.13 2555.5 2282.87
threshold=87.000000000000014 102.50000000000001 52.000000000000007 29.500000000000004 5.5000000000000009 29.500000000000004 10.500000000000002 13.500000000000002 16.500000000000004 20.000000000000004 271.25000000000006 87.000000000000014 52.000000000000007 2.5000000000000004 16.500000000000004 87.000000000000014 10.500000000000002 29.500000000000004 163.50000000000003 24.500000000000004 240.50000000000003 24.500000000000004 29.500000000000004 8.0000000000000018 38.500000000000007 10.500000000000002 20.000000000000004 141.55000305175784 18.500000000000004 107.54999923706056
decision_type=2 2 2 2 2 2 2 2 2 2 10 2 2 2 2 2 2 2 2 2 2 2 2 2 2 2 2 8 2 10
left_child=1 2 3 10 9 6 8 -8 -6 -5 11 12 13 -1 -15 16 29 19 -19 20 21 22 23 28 -25 27 -27 -26 -18 -16
right_child=-2 -3 -4 4 5 -7 7 -9 -10 -11 -12 -13 -14 14 15 -17 17 18 -20 -21 -22 -23 -24 24 25 26 -28 -29 -30 -31
leaf_value=-0.014532134102345667 -0.049965067999051455 -0.068347600664923097 -0.027030739270689396 -0.033109383485067992 -0.0079708479175211368 -0.033168815341522606 0.14576696436199882 0.020269768068507738 0.0846036998582613 0.033040843714675826 -0.060810799645879654 0.058791749449473268 -0.031009303126000587 -0.00887885334318151 0.0097655160481139418 -0.053969163119606443 0.06801944223505596 0.02329112408849171 0.12656161805153116 -0.024264888612675187 0.07485726058580823 -0.020358106219923396 -0.035314249926161015 -0.01231462676888192 0.065044199151872706 0.16313106002596389 0.03542843112467637 -0.0073842553667347096 -0.0011619628390478448 -0.0079512468174316193
leaf_weight=2107 314 174 833 512 515 201 259 254 194 226 186 171 651 3602 3974 162 160 389 176 758 303 734 195 260 248 199 191 290 1021 3586
leaf_count=2107 314 174 833 512 515 201 259 254 194 226 186 171 651 3602 3974 162 160 389 176 758 303 734 195 260 248 199 191 290 1021 3586
internal_value=-0.000880617 -0.000195514 0.000333847 0.00139398 0.0180743 0.0341134 0.0451995 0.0836758 0.0173266 -0.0128201 -0.00046641 0.00011765 -0.000409011 0.000675012 0.00264849 0.00593371 0.00671294 0.0149288 0.055502 0.00966441 0.016813 0.0114731 0.0205946 0.0252066 0.0421024 0.0573739 0.10065 0.0259591 0.00819069 0.00135866
internal_weight=22845 22531 22357 21524 2161 1423 1222 513 709 738 19363 19177 19006 18355 16248 12646 12484 4924 565 4359 3601 3298 2564 2369 1188 928 390 538 1181 7560
internal_count=22845 22531 22357 21524 2161 1423 1222 513 709 738 19363 19177 19006 18355 16248 12646 12484 4924 565 4359 3601 3298 2564 2369 1188 928 390 538 1181 7560
is_linear=0
shrinkage=0.0161


Tree=270
num_leaves=31
num_cat=0
split_feature=336 271 216 99 559 584 459 281 56 454 373 358 202 493 518 561 110 37 176 45 559 501 121 251 495 151 361 133 122 523
split_gain=2960.45 2734.4 2747.79 2585.12 2988.08 2935.88 2463.39 3172.54 2913.94 5271.55 2934.65 2870.5 3702.32 2972.11 2774.86 2573.13 3698.06 5417.85 2327.76 4293.89 2194.79 2190.58 2185.02 2888.33 2571.29 2350.21 2942.07 2523.53 3285.82 3375.35
threshold=61.500000000000007 52.000000000000007 3.5000000000000004 87.000000000000014 264.34999084472662 264.34999084472662 29.500000000000004 5.5000000000000009 24.500000000000004 29.500000000000004 35.500000000000007 6.5000000000000009 13.500000000000002 121.50000000000001 86.500000000000014 216.75000000000003 43.500000000000007 10.500000000000002 24.500000000000004 16.500000000000004 124.95000076293947 132.50000000000003 20.000000000000004 43.500000000000007 250.50000000000003 5.5000000000000009 2.5000000000000004 10.500000000000002 10.500000000000002 37.500000000000007
decision_type=2 2 2 2 10 10 2 2 2 2 2 2 2 2 2 10 2 2 2 2 8 2 2 2 2 2 2 2 2 2
left_child=1 2 -1 4 5 6 7 18 10 11 15 14 13 -13 -10 16 22 -18 -4 -20 -12 -3 23 24 25 -9 -27 -28 29 -29
right_child=-2 21 3 -5 -6 -7 -8 8 9 -11 20 12 -14 -15 -16 -17 17 -19 19 -21 -22 -23 -24 -25 -26 26 27 28 -30 -31
leaf_value=-0.0085837853772668029 -0.037679398123628673 -0.0051225063229898881 -0.0058614152259460345 0.060048343611665334 0.061628830577913213 -0.05849220554152619 -0.013694598129597987 -0.0025374655355833962 0.012642216308887261 0.1049338201371269 0.012483714196925557 0.010473874544518346 0.05159172780872659 -0.066755090003231196 0.09636193752347634 -0.03332638124430104 0.1250706187261322 -0.001647074536365759 0.00061592191797934018 0.093307979608576841 -0.05115004693868596 -0.063068231657705129 -0.01052265467628225 0.072861832687914019 0.0741547222246174 0.069555911008295113 0.0025465697177822935 0.0068094121438256371 -0.0067676320267134188 0.089951793096866614
leaf_weight=4582 512 395 5273 222 236 193 1698 2021 204 228 233 306 266 223 208 312 184 166 464 180 352 297 1012 217 171 283 1566 198 289 354
leaf_count=4582 512 395 5273 222 236 193 1698 2021 204 228 233 306 266 223 208 312 184 166 464 180 352 297 1012 217 171 283 1566 198 289 354
internal_value=0.000596768 0.00147533 0.00248372 0.00545781 0.00473662 0.00392642 0.00466206 0.0067826 0.0129165 0.0339093 0.00881912 0.0204734 0.00256858 -0.0220375 0.0549656 0.0118097 0.013993 0.064903 -0.0023287 0.0265602 -0.0257651 -0.0300263 0.0110733 0.0153641 0.0128035 0.0105716 0.0204292 0.0146435 0.0371407 0.0601716
internal_weight=22845 22333 21641 17059 16837 16601 16408 14710 8793 1435 7358 1207 795 529 412 6773 6461 350 5917 644 585 692 6111 5099 4882 4711 2690 2407 841 552
internal_count=22845 22333 21641 17059 16837 16601 16408 14710 8793 1435 7358 1207 795 529 412 6773 6461 350 5917 644 585 692 6111 5099 4882 4711 2690 2407 841 552
is_linear=0
shrinkage=0.0161


Tree=271
num_leaves=31
num_cat=0
split_feature=489 495 531 550 558 383 496 493 242 331 146 410 117 546 245 447 480 565 335 141 261 247 521 398 225 483 190 468 327 439
split_gain=3028.26 3909.87 2721.41 2992.26 3651.29 5452 2532.74 3063.12 2310.12 2617.87 2313.6 3278.79 4662.29 3808.91 4822.42 3149.61 2785.6 2313.66 2199.13 1994.71 3077.91 3099.48 2796.62 2791.58 2795.38 2071.49 2490.76 2460.02 2559.72 2872.21
threshold=341.50000000000006 317.50000000000006 327.50000000000006 240.75000000000003 240.75000000000003 10.500000000000002 275.50000000000006 280.50000000000006 87.000000000000014 35.500000000000007 4.5000000000000009 29.500000000000004 6.5000000000000009 108.14999771118165 6.5000000000000009 43.500000000000007 130.50000000000003 171.05000305175784 10.500000000000002 24.500000000000004 5.5000000000000009 52.000000000000007 118.50000000000001 20.000000000000004 43.500000000000007 14.500000000000002 16.500000000000004 2.5000000000000004 20.000000000000004 13.500000000000002
decision_type=2 2 2 10 10 2 2 2 2 2 2 2 2 10 2 2 2 8 2 2 2 2 2 2 2 2 2 2 2 2
left_child=1 2 3 4 6 -6 7 8 9 10 15 19 17 14 -14 -1 -15 -13 -5 20 22 23 -12 24 25 -22 27 -27 -29 -30
right_child=-2 -3 -4 18 5 -7 -8 -9 -10 -11 11 12 13 16 -16 -17 -18 -19 -20 -21 21 -23 -24 -25 -26 26 -28 28 29 -31
leaf_value=-0.0087134693610239136 0.067086431558968485 0.061615697504846807 -0.056350329148250021 -0.07992934828354796 0.12075735336005196 -0.0081788442964221483 -0.053587656707696094 0.070914073039171702 0.055862713052448498 -0.021237443747265702 0.0019262405536288592 0.014677727668523209 0.02073981076012231 -0.030312564617326176 0.11945286658576289 0.056693018595100224 0.051210086758520248 -0.054210005950825854 -0.0027569610033052862 -0.015322519117677402 -0.010156684452437368 0.07788958492021468 -0.028097496769177523 -0.013079199916751445 0.076502824706710965 0.078308942641342583 -0.0073333682237744337 0.01339533349422123 0.083183449125703315 0.0025639862382384007
leaf_weight=6028 179 269 221 206 163 177 223 161 193 1415 3409 355 222 201 306 197 236 196 180 1446 791 183 1052 1052 190 213 751 2065 318 180
leaf_count=6028 179 269 221 206 163 177 223 161 193 1415 3409 355 222 201 306 197 236 196 180 1446 791 183 1052 1052 190 213 751 2065 318 180
internal_value=0.00112488 0.000601379 -0.00013258 0.000428304 0.0012189 0.0535655 0.000385463 0.000955384 0.000417888 -9.52965e-05 0.00144627 0.00527123 0.0275452 0.048884 0.0779931 -0.0066398 0.0136595 -0.00978409 -0.0440032 0.00237072 0.00488032 0.0126747 -0.00514873 0.010524 0.0160373 0.0133713 0.0186546 0.0256937 0.0213119 0.0540911
internal_weight=22778 22599 22330 22109 21723 340 21383 21160 20999 20806 19391 13166 1516 965 528 6225 437 551 386 11650 10204 5743 4461 5560 4508 4318 3527 2776 2563 498
internal_count=22778 22599 22330 22109 21723 340 21383 21160 20999 20806 19391 13166 1516 965 528 6225 437 551 386 11650 10204 5743 4461 5560 4508 4318 3527 2776 2563 498
is_linear=0
shrinkage=0.0161


Tree=272
num_leaves=31
num_cat=0
split_feature=536 503 553 491 319 587 389 535 127 334 296 594 554 179 215 400 516 533 27 539 530 573 185 512 15 539 4 559 409 347
split_gain=3614.5 6912.86 4052.68 2544.18 2536.24 2200.09 2203.03 2412.3 4044.48 5227.52 6029.22 2808.87 3418.39 6070.51 3470.28 2711.79 2461.59 2781.5 5816.54 2090.89 2694.87 2069.01 1883.02 2423.35 2163.99 2097.27 2544.62 2032.16 2020.02 2603.51
threshold=227.50000000000003 310.50000000000006 251.25000000000003 299.50000000000006 29.500000000000004 244.44999694824222 4.5000000000000009 185.50000000000003 5.5000000000000009 10.500000000000002 8.0000000000000018 140.05000305175784 147.94999694824222 16.500000000000004 61.500000000000007 10.500000000000002 197.50000000000003 144.50000000000003 10.500000000000002 144.50000000000003 146.50000000000003 156.94999694824222 29.500000000000004 58.500000000000007 13.500000000000002 115.50000000000001 10.500000000000002 135.15000152587893 20.000000000000004 3.5000000000000004
decision_type=2 2 10 2 2 10 2 2 2 2 2 10 10 2 2 2 2 2 2 2 2 8 2 2 2 2 2 10 2 2
left_child=1 2 5 4 21 6 -1 11 -9 10 -10 12 14 15 16 -14 17 19 -19 20 22 -2 25 24 -24 27 -27 28 -8 -30
right_child=3 -3 -4 -5 -6 -7 7 8 9 -11 -12 -13 13 -15 -16 -17 -18 18 -20 -21 -22 -23 23 -25 -26 26 -28 -29 29 -31
leaf_value=-0.0084321727117124701 0.029198301238924949 0.093493514451058177 0.064684196067056388 -0.072141353786914553 0.041065387263790186 -0.048948549679477656 -0.001470335454014119 -0.022003555241556071 0.16114787388912727 0.0027448350046199786 0.029894087328778168 -0.015642475626025096 -0.016665706425598854 0.11324203745180222 0.073639122437085272 0.053236306962678677 -0.054721503559224546 -0.013168673715795868 0.11297471821406622 -0.036406279218929014 0.05782245866128722 -0.030255202888420644 0.028410545495834039 -0.063456624715968801 -0.044921277268075654 0.073789248005288743 -0.0095476030679089649 -0.044490618367136615 0.067022621166632837 0.0095030044540829629
leaf_weight=5966 173 207 248 236 182 243 6339 302 169 339 197 2110 363 201 173 238 202 206 175 385 218 1214 256 263 176 228 162 248 251 1097
leaf_count=5966 173 207 248 236 182 243 6339 302 169 339 197 2110 363 201 173 238 202 206 175 385 218 1214 256 263 176 228 162 248 251 1097
internal_value=-0.00096731 0.000914042 -8.16577e-06 -0.022829 -0.0153968 -0.000791666 -0.000213021 0.00321487 0.0272414 0.0483698 0.0905647 0.00139271 0.00460958 0.0366362 0.00213257 0.0109768 0.000918166 0.00204399 0.0447094 0.000352307 0.00188679 -0.0228226 0.000532303 -0.0249239 -0.0014109 0.00266031 0.0391121 0.00086576 0.00233212 0.0202307
internal_weight=22767 20962 20755 1805 1569 20507 20264 14298 1007 705 366 13291 11181 802 10379 601 10206 10004 381 9623 9238 1387 9020 695 432 8325 390 7935 7687 1348
internal_count=22767 20962 20755 1805 1569 20507 20264 14298 1007 705 366 13291 11181 802 10379 601 10206 10004 381 9623 9238 1387 9020 695 432 8325 390 7935 7687 1348
is_linear=0
shrinkage=0.0161


Tree=273
num_leaves=31
num_cat=0
split_feature=44 332 267 18 204 208 580 507 500 264 398 309 4 468 486 560 460 359 473 5 36 551 551 258 358 445 175 454 556 406
split_gain=2508.6 4304.03 3806 5734.39 3551.79 3143.72 2767.63 4236.07 6882.69 2551.17 3879.26 3527.6 2428.62 3885.83 2439.62 2458.02 2259 2204.14 3024.25 3149.51 2591.55 2153.52 3024.9 2574.01 3628.08 2330.12 2746.03 4502.59 2249.58 1833.08
threshold=10.500000000000002 16.500000000000004 29.500000000000004 6.5000000000000009 6.5000000000000009 35.500000000000007 238.25000000000003 218.50000000000003 230.50000000000003 20.000000000000004 20.000000000000004 13.500000000000002 61.500000000000007 8.0000000000000018 286.50000000000006 251.25000000000003 6.5000000000000009 16.500000000000004 4.5000000000000009 10.500000000000002 16.500000000000004 109.54999923706056 136.55000305175784 16.500000000000004 10.500000000000002 24.500000000000004 29.500000000000004 10.500000000000002 205.94999694824222 52.000000000000007
decision_type=2 2 2 2 2 2 10 2 2 2 2 2 2 2 2 10 2 2 2 2 2 10 10 2 2 2 2 2 8 2
left_child=12 2 6 -4 -5 17 7 9 -9 29 11 16 14 -14 15 21 -11 -3 -19 -20 -21 25 -23 28 -25 26 -1 -28 -24 -2
right_child=1 5 3 4 -6 -7 -8 8 -10 10 -12 -13 13 -15 -16 -17 -18 18 19 20 -22 22 23 24 -26 -27 27 -29 -30 -31
leaf_value=0.00080813661782208309 0.0011785398070539462 -0.017625913895710433 0.12148537138631577 -0.03837706258744996 0.054657210159188022 -0.062510548488471873 -0.04610478521717392 0.1028306143670895 -0.021584343713268964 -0.015654756970223678 -0.025567762257765195 0.10544560226162455 0.093774262880706116 -0.016464097163014089 -0.049005068286028935 0.057342554886971195 0.055917021386198945 0.077484852815252817 -0.044901690906053074 0.056191963049976194 -0.02092451799146482 -0.034046896580973852 -0.0051707026568198053 -0.011587310558538937 0.06598794456499936 -0.023247095198580484 2.1855078811572967e-05 0.1042198007002952 -0.048227124004103582 0.053427327446274514
leaf_weight=6938 4572 1344 204 174 273 273 221 313 182 192 224 216 168 163 315 169 281 164 253 284 187 1324 1770 338 290 969 268 180 383 181
leaf_count=6938 4572 1344 204 174 273 273 221 313 182 192 224 216 168 163 315 169 281 164 253 284 187 1324 1770 338 290 969 268 180 383 181
internal_value=0.00088505 0.0071844 0.0136405 0.0507325 0.0183899 -0.0109322 0.0098532 0.0118643 0.0570386 0.00791356 0.0325657 0.0514996 -0.00363922 0.0394166 -0.00474205 -0.00363615 0.0268149 -0.004613 0.0150557 0.000881812 0.0255246 -0.00446512 -0.0140142 -0.00446842 0.0241982 0.000223743 0.00330617 0.0419396 -0.012841 0.00317319
internal_weight=22813 9538 7033 651 447 2505 6382 6161 495 5666 913 689 13275 331 12944 12629 473 2232 888 724 471 12460 4105 2781 628 8355 7386 448 2153 4753
internal_count=22813 9538 7033 651 447 2505 6382 6161 495 5666 913 689 13275 331 12944 12629 473 2232 888 724 471 12460 4105 2781 628 8355 7386 448 2153 4753
is_linear=0
shrinkage=0.0161


Tree=274
num_leaves=31
num_cat=0
split_feature=123 507 293 559 271 559 462 69 391 507 182 55 471 597 57 502 458 110 553 53 233 259 419 365 278 76 110 490 588 144
split_gain=3138.8 5395.43 2052.38 2514.55 2071.76 2529.91 2201.65 9230.9 2574.71 2488.85 2361.87 2255.35 3739.71 3320.71 5035.75 2880.57 2315.3 2452.56 2141.02 2256.45 3164.48 4308.96 2056.46 4136.5 2875.83 2917.77 2216.61 2717.49 2824.36 2132.35
threshold=61.500000000000007 161.50000000000003 61.500000000000007 198.94999694824222 52.000000000000007 260.05000305175787 35.500000000000007 29.500000000000004 4.5000000000000009 191.50000000000003 8.0000000000000018 24.500000000000004 43.500000000000007 175.25000000000003 16.500000000000004 286.50000000000006 29.500000000000004 24.500000000000004 168.05000305175784 8.0000000000000018 5.5000000000000009 6.5000000000000009 24.500000000000004 29.500000000000004 10.500000000000002 6.5000000000000009 4.5000000000000009 288.50000000000006 144.05000305175784 24.500000000000004
decision_type=2 2 2 8 2 10 2 2 2 2 2 2 2 10 2 2 2 2 10 2 2 2 2 2 2 2 2 2 10 2
left_child=2 -2 4 -4 5 6 11 8 -8 10 -10 15 13 18 -15 16 22 -18 19 20 -13 -22 26 24 -24 -26 -1 28 29 -28
right_child=1 -3 3 -5 -6 -7 7 -9 9 -11 -12 12 -14 14 -16 -17 17 -19 -20 -21 21 -23 23 -25 25 -27 27 -29 -30 -31
leaf_value=-0.012827722776553545 0.0045147858431053133 0.11442444689071429 -0.006032711735531022 -0.08391966218959529 -0.028748464074008967 0.046556314128480047 0.043745145580655558 0.11855920010077105 0.028938570413856279 -0.062730827876091105 -0.025029004901658099 -0.0046507858033143119 0.071978291060848895 -0.0029403722512291847 0.1110895464205877 -0.055050966242857713 -0.01260880740463035 -0.067684936426935571 -0.05478995654342899 -0.014184826941390722 0.0031978708556141679 0.11293407523774374 -0.00961494172710637 0.076526708246822575 0.088980791496956049 0.0061918046642803577 0.0016230779140889275 0.066368931684169755 -0.018026002824136762 0.029636071444181279
leaf_weight=4102 379 167 297 169 639 307 309 207 429 185 412 503 247 223 182 278 1309 250 183 951 189 183 1021 248 182 282 6388 164 1763 792
leaf_count=4102 379 167 297 169 639 307 309 207 429 185 412 503 247 223 182 278 1309 250 183 951 189 183 1021 248 182 282 6388 164 1763 792
internal_value=3.39632e-05 0.038175 -0.000894921 -0.0343298 -0.000183312 0.00067298 5.12281e-07 0.0185191 0.00298967 -0.0092617 0.00247225 -0.00146719 0.0123011 0.00618524 0.0482446 -0.00365213 -0.00278476 -0.0214559 -0.0022819 0.00296751 0.0216366 0.0572443 -0.000835106 0.0156526 0.00547053 0.0387158 -0.00300004 0.00142398 0.000230364 0.00471637
internal_weight=22940 546 22394 466 21928 21289 20982 1542 1335 1026 841 19440 2661 2414 405 16779 16501 1559 2009 1826 875 372 14942 1733 1485 464 13209 9107 8943 7180
internal_count=22940 546 22394 466 21928 21289 20982 1542 1335 1026 841 19440 2661 2414 405 16779 16501 1559 2009 1826 875 372 14942 1733 1485 464 13209 9107 8943 7180
is_linear=0
shrinkage=0.0161


end of trees

feature_importances:
Column_172=75
Column_169=69
Column_110=65
Column_111=62
Column_410=62
Column_290=58
Column_540=58
Column_291=57
Column_171=55
Column_471=52
Column_230=51
Column_351=51
Column_347=50
Column_503=49
Column_170=48
Column_409=48
Column_496=48
Column_531=47
Column_535=47
Column_408=42
Column_112=40
Column_204=40
Column_289=40
Column_494=40
Column_533=40
Column_495=37
Column_229=36
Column_231=36
Column_469=36
Column_470=36
Column_24=34
Column_144=34
Column_443=34
Column_480=34
Column_555=34
Column_411=32
Column_505=32
Column_534=32
Column_599=32
Column_202=31
Column_491=31
Column_497=31
Column_530=31
Column_51=30
Column_498=30
Column_552=30
Column_84=29
Column_232=29
Column_419=29
Column_490=29
Column_493=29
Column_553=29
Column_49=28
Column_109=28
Column_239=28
Column_504=28
Column_588=28
Column_481=27
Column_492=27
Column_499=27
Column_523=27
Column_524=27
Column_541=27
Column_350=26
Column_412=26
Column_506=26
Column_507=26
Column_522=26
Column_532=26
Column_234=25
Column_299=25
Column_406=25
Column_502=25
Column_521=25
Column_526=25
Column_527=25
Column_536=25
Column_548=25
Column_23=24
Column_59=24
Column_215=24
Column_228=24
Column_233=24
Column_264=24
Column_349=24
Column_488=24
Column_6=23
Column_25=23
Column_64=23
Column_83=23
Column_216=23
Column_224=23
Column_365=23
Column_486=23
Column_500=23
Column_579=23
Column_5=22
Column_155=22
Column_203=22
Column_235=22
Column_472=22
Column_528=22
Column_550=22
Column_551=22
Column_48=21
Column_50=21
Column_121=21
Column_263=21
Column_293=21
Column_449=21
Column_489=21
Column_501=21
Column_545=21
Column_563=21
Column_585=21
Column_52=20
Column_181=20
Column_529=20
Column_537=20
Column_559=20
Column_572=20
Column_589=20
Column_591=20
Column_0=19
Column_238=19
Column_261=19
Column_271=19
Column_292=19
Column_484=19
Column_592=19
Column_113=18
Column_178=18
Column_223=18
Column_267=18
Column_383=18
Column_404=18
Column_418=18
Column_508=18
Column_519=18
Column_520=18
Column_546=18
Column_554=18
Column_18=17
Column_46=17
Column_55=17
Column_298=17
Column_366=17
Column_426=17
Column_468=17
Column_549=17
Column_590=17
Column_593=17
Column_594=17
Column_47=16
Column_145=16
Column_147=16
Column_173=16
Column_206=16
Column_207=16
Column_225=16
Column_352=16
Column_380=16
Column_427=16
Column_476=16
Column_516=16
Column_518=16
Column_538=16
Column_558=16
Column_560=16
Column_561=16
Column_580=16
Column_2=15
Column_4=15
Column_27=15
Column_66=15
Column_106=15
Column_114=15
Column_164=15
Column_265=15
Column_266=15
Column_326=15
Column_336=15
Column_483=15
Column_509=15
Column_513=15
Column_542=15
Column_547=15
Column_562=15
Column_564=15
Column_565=15
Column_587=15
Column_7=14
Column_82=14
Column_85=14
Column_120=14
Column_123=14
Column_143=14
Column_187=14
Column_277=14
Column_280=14
Column_294=14
Column_322=14
Column_335=14
Column_348=14
Column_353=14
Column_398=14
Column_473=14
Column_539=14
Column_557=14
Column_569=14
Column_570=14
Column_578=14
Column_584=14
Column_56=13
Column_58=13
Column_60=13
Column_107=13
Column_117=13
Column_146=13
Column_149=13
Column_156=13
Column_160=13
Column_163=13
Column_168=13
Column_245=13
Column_275=13
Column_276=13
Column_283=13
Column_295=13
Column_307=13
Column_367=13
Column_442=13
Column_477=13
Column_479=13
Column_482=13
Column_543=13
Column_556=13
Column_9=12
Column_26=12
Column_53=12
Column_54=12
Column_95=12
Column_99=12
Column_122=12
Column_127=12
Column_159=12
Column_250=12
Column_251=12
Column_285=12
Column_306=12
Column_323=12
Column_358=12
Column_364=12
Column_429=12
Column_431=12
Column_441=12
Column_446=12
Column_467=12
Column_487=12
Column_510=12
Column_515=12
Column_568=12
Column_582=12
Column_595=12
Column_15=11
Column_34=11
Column_62=11
Column_87=11
Column_89=11
Column_91=11
Column_102=11
Column_115=11
Column_124=11
Column_129=11
Column_161=11
Column_165=11
Column_167=11
Column_182=11
Column_188=11
Column_190=11
Column_222=11
Column_303=11
Column_305=11
Column_308=11
Column_310=11
Column_331=11
Column_363=11
Column_368=11
Column_389=11
Column_391=11
Column_392=11
Column_395=11
Column_407=11
Column_425=11
Column_445=11
Column_474=11
Column_475=11
Column_571=11
Column_586=11
Column_597=11
Column_1=10
Column_69=10
Column_88=10
Column_128=10
Column_148=10
Column_151=10
Column_180=10
Column_208=10
Column_241=10
Column_242=10
Column_274=10
Column_278=10
Column_281=10
Column_321=10
Column_324=10
Column_332=10
Column_361=10
Column_393=10
Column_454=10
Column_462=10
Column_464=10
Column_511=10
Column_517=10
Column_544=10
Column_577=10
Column_581=10
Column_583=10
Column_32=9
Column_42=9
Column_43=9
Column_57=9
Column_78=9
Column_92=9
Column_100=9
Column_108=9
Column_142=9
Column_162=9
Column_166=9
Column_179=9
Column_186=9
Column_198=9
Column_201=9
Column_205=9
Column_214=9
Column_218=9
Column_219=9
Column_226=9
Column_236=9
Column_240=9
Column_248=9
Column_254=9
Column_262=9
Column_279=9
Column_282=9
Column_288=9
Column_297=9
Column_302=9
Column_319=9
Column_344=9
Column_355=9
Column_359=9
Column_373=9
Column_394=9
Column_428=9
Column_459=9
Column_460=9
Column_461=9
Column_463=9
Column_485=9
Column_525=9
Column_19=8
Column_31=8
Column_36=8
Column_39=8
Column_44=8
Column_74=8
Column_76=8
Column_96=8
Column_116=8
Column_133=8
Column_136=8
Column_183=8
Column_197=8
Column_199=8
Column_210=8
Column_217=8
Column_237=8
Column_244=8
Column_253=8
Column_269=8
Column_309=8
Column_313=8
Column_318=8
Column_325=8
Column_329=8
Column_330=8
Column_333=8
Column_337=8
Column_354=8
Column_360=8
Column_377=8
Column_378=8
Column_384=8
Column_386=8
Column_388=8
Column_390=8
Column_405=8
Column_430=8
Column_432=8
Column_437=8
Column_444=8
Column_447=8
Column_455=8
Column_567=8
Column_576=8
Column_596=8
Column_598=8
Column_29=7
Column_30=7
Column_45=7
Column_80=7
Column_81=7
Column_86=7
Column_118=7
Column_132=7
Column_138=7
Column_152=7
Column_177=7
Column_189=7
Column_196=7
Column_213=7
Column_246=7
Column_247=7
Column_255=7
Column_259=7
Column_260=7
Column_314=7
Column_317=7
Column_340=7
Column_357=7
Column_369=7
Column_370=7
Column_371=7
Column_379=7
Column_413=7
Column_416=7
Column_417=7
Column_421=7
Column_424=7
Column_438=7
Column_440=7
Column_450=7
Column_456=7
Column_457=7
Column_466=7
Column_478=7
Column_512=7
Column_12=6
Column_17=6
Column_28=6
Column_37=6
Column_40=6
Column_65=6
Column_101=6
Column_104=6
Column_135=6
Column_150=6
Column_174=6
Column_184=6
Column_185=6
Column_192=6
Column_243=6
Column_257=6
Column_258=6
Column_270=6
Column_273=6
Column_286=6
Column_296=6
Column_300=6
Column_311=6
Column_315=6
Column_327=6
Column_334=6
Column_338=6
Column_342=6
Column_343=6
Column_346=6
Column_381=6
Column_382=6
Column_385=6
Column_396=6
Column_399=6
Column_403=6
Column_414=6
Column_423=6
Column_458=6
Column_465=6
Column_566=6
Column_574=6
Column_575=6
Column_8=5
Column_10=5
Column_13=5
Column_16=5
Column_38=5
Column_61=5
Column_68=5
Column_72=5
Column_79=5
Column_103=5
Column_105=5
Column_125=5
Column_137=5
Column_139=5
Column_154=5
Column_157=5
Column_175=5
Column_191=5
Column_194=5
Column_195=5
Column_211=5
Column_227=5
Column_256=5
Column_268=5
Column_284=5
Column_301=5
Column_320=5
Column_328=5
Column_341=5
Column_345=5
Column_372=5
Column_374=5
Column_400=5
Column_401=5
Column_420=5
Column_435=5
Column_453=5
Column_11=4
Column_20=4
Column_33=4
Column_35=4
Column_67=4
Column_73=4
Column_90=4
Column_93=4
Column_97=4
Column_98=4
Column_131=4
Column_141=4
Column_153=4
Column_158=4
Column_176=4
Column_209=4
Column_220=4
Column_249=4
Column_252=4
Column_272=4
Column_312=4
Column_316=4
Column_339=4
Column_387=4
Column_397=4
Column_415=4
Column_433=4
Column_451=4
Column_452=4
Column_573=4
Column_3=3
Column_41=3
Column_63=3
Column_94=3
Column_126=3
Column_140=3
Column_193=3
Column_212=3
Column_221=3
Column_287=3
Column_304=3
Column_376=3
Column_402=3
Column_422=3
Column_434=3
Column_439=3
Column_14=2
Column_22=2
Column_71=2
Column_130=2
Column_134=2
Column_200=2
Column_356=2
Column_362=2
Column_375=2
Column_436=2
Column_448=2
Column_514=2
Column_21=1
Column_70=1
Column_75=1
Column_77=1
Column_119=1

parameters:
[boosting: gbdt]
[objective: regression]
[metric: rmse,l2]
[tree_learner: serial]
[device_type: cpu]
[data_sample_strategy: bagging]
[data: ]
[valid: ]
[num_iterations: 3000]
[learning_rate: 0.0161]
[num_leaves: 31]
[num_threads: 10]
[seed: 11]
[deterministic: 0]
[force_col_wise: 0]
[force_row_wise: 0]
[histogram_pool_size: -1]
[max_depth: -1]
[min_data_in_leaf: 160]
[min_sum_hessian_in_leaf: 0.001]
[bagging_fraction: 0.694]
[pos_bagging_fraction: 1]
[neg_bagging_fraction: 1]
[bagging_freq: 1]
[bagging_seed: 27648]
[bagging_by_query: 0]
[feature_fraction: 0.725]
[feature_fraction_bynode: 1]
[feature_fraction_seed: 4989]
[extra_trees: 0]
[extra_seed: 22223]
[early_stopping_round: 0]
[early_stopping_min_delta: 0]
[first_metric_only: 0]
[max_delta_step: 0]
[lambda_l1: 1.4619]
[lambda_l2: 0]
[linear_lambda: 0]
[min_gain_to_split: 0]
[drop_rate: 0.1]
[max_drop: 50]
[skip_drop: 0.5]
[xgboost_dart_mode: 0]
[uniform_drop: 0]
[drop_seed: 21136]
[top_rate: 0.2]
[other_rate: 0.1]
[min_data_per_group: 100]
[max_cat_threshold: 32]
[cat_l2: 10]
[cat_smooth: 10]
[max_cat_to_onehot: 4]
[top_k: 20]
[monotone_constraints: ]
[monotone_constraints_method: basic]
[monotone_penalty: 0]
[feature_contri: ]
[forcedsplits_filename: ]
[refit_decay_rate: 0.9]
[cegb_tradeoff: 1]
[cegb_penalty_split: 0]
[cegb_penalty_feature_lazy: ]
[cegb_penalty_feature_coupled: ]
[path_smooth: 0]
[interaction_constraints: ]
[verbosity: -1]
[saved_feature_importance_type: 0]
[use_quantized_grad: 0]
[num_grad_quant_bins: 4]
[quant_train_renew_leaf: 0]
[stochastic_rounding: 1]
[linear_tree: 0]
[max_bin: 255]
[max_bin_by_feature: ]
[min_data_in_bin: 3]
[bin_construct_sample_cnt: 200000]
[data_random_seed: 74]
[is_enable_sparse: 1]
[enable_bundle: 1]
[use_missing: 1]
[zero_as_missing: 0]
[feature_pre_filter: 1]
[pre_partition: 0]
[two_round: 0]
[header: 0]
[label_column: ]
[weight_column: ]
[group_column: ]
[ignore_column: ]
[categorical_feature: ]
[forcedbins_filename: ]
[precise_float_parser: 0]
[parser_config_file: ]
[objective_seed: 24011]
[num_class: 1]
[is_unbalance: 0]
[scale_pos_weight: 1]
[sigmoid: 1]
[boost_from_average: 1]
[reg_sqrt: 0]
[alpha: 0.9]
[fair_c: 1]
[poisson_max_delta_step: 0.7]
[tweedie_variance_power: 1.5]
[lambdarank_truncation_level: 30]
[lambdarank_norm: 1]
[label_gain: ]
[lambdarank_position_bias_regularization: 0]
[eval_at: ]
[multi_error_top_k: 1]
[auc_mu_weights: ]
[num_machines: 1]
[local_listen_port: 12400]
[time_out: 120]
[machine_list_filename: ]
[machines: ]
[gpu_platform_id: -1]
[gpu_device_id: -1]
[gpu_device_id_list: ]
[gpu_use_dp: 0]
[num_gpu: 1]

end of parameters

pandas_categorical:null
