tree
version=v4
num_class=1
num_tree_per_iteration=1
label_index=0
max_feature_idx=599
objective=regression
feature_names=Column_0 Column_1 Column_2 Column_3 Column_4 Column_5 Column_6 Column_7 Column_8 Column_9 Column_10 Column_11 Column_12 Column_13 Column_14 Column_15 Column_16 Column_17 Column_18 Column_19 Column_20 Column_21 Column_22 Column_23 Column_24 Column_25 Column_26 Column_27 Column_28 Column_29 Column_30 Column_31 Column_32 Column_33 Column_34 Column_35 Column_36 Column_37 Column_38 Column_39 Column_40 Column_41 Column_42 Column_43 Column_44 Column_45 Column_46 Column_47 Column_48 Column_49 Column_50 Column_51 Column_52 Column_53 Column_54 Column_55 Column_56 Column_57 Column_58 Column_59 Column_60 Column_61 Column_62 Column_63 Column_64 Column_65 Column_66 Column_67 Column_68 Column_69 Column_70 Column_71 Column_72 Column_73 Column_74 Column_75 Column_76 Column_77 Column_78 Column_79 Column_80 Column_81 Column_82 Column_83 Column_84 Column_85 Column_86 Column_87 Column_88 Column_89 Column_90 Column_91 Column_92 Column_93 Column_94 Column_95 Column_96 Column_97 Column_98 Column_99 Column_100 Column_101 Column_102 Column_103 Column_104 Column_105 Column_106 Column_107 Column_108 Column_109 Column_110 Column_111 Column_112 Column_113 Column_114 Column_115 Column_116 Column_117 Column_118 Column_119 Column_120 Column_121 Column_122 Column_123 Column_124 Column_125 Column_126 Column_127 Column_128 Column_129 Column_130 Column_131 Column_132 Column_133 Column_134 Column_135 Column_136 Column_137 Column_138 Column_139 Column_140 Column_141 Column_142 Column_143 Column_144 Column_145 Column_146 Column_147 Column_148 Column_149 Column_150 Column_151 Column_152 Column_153 Column_154 Column_155 Column_156 Column_157 Column_158 Column_159 Column_160 Column_161 Column_162 Column_163 Column_164 Column_165 Column_166 Column_167 Column_168 Column_169 Column_170 Column_171 Column_172 Column_173 Column_174 Column_175 Column_176 Column_177 Column_178 Column_179 Column_180 Column_181 Column_182 Column_183 Column_184 Column_185 Column_186 Column_187 Column_188 Column_189 Column_190 Column_191 Column_192 Column_193 Column_194 Column_195 Column_196 Column_197 Column_198 Column_199 Column_200 Column_201 Column_202 Column_203 Column_204 Column_205 Column_206 Column_207 Column_208 Column_209 Column_210 Column_211 Column_212 Column_213 Column_214 Column_215 Column_216 Column_217 Column_218 Column_219 Column_220 Column_221 Column_222 Column_223 Column_224 Column_225 Column_226 Column_227 Column_228 Column_229 Column_230 Column_231 Column_232 Column_233 Column_234 Column_235 Column_236 Column_237 Column_238 Column_239 Column_240 Column_241 Column_242 Column_243 Column_244 Column_245 Column_246 Column_247 Column_248 Column_249 Column_250 Column_251 Column_252 Column_253 Column_254 Column_255 Column_256 Column_257 Column_258 Column_259 Column_260 Column_261 Column_262 Column_263 Column_264 Column_265 Column_266 Column_267 Column_268 Column_269 Column_270 Column_271 Column_272 Column_273 Column_274 Column_275 Column_276 Column_277 Column_278 Column_279 Column_280 Column_281 Column_282 Column_283 Column_284 Column_285 Column_286 Column_287 Column_288 Column_289 Column_290 Column_291 Column_292 Column_293 Column_294 Column_295 Column_296 Column_297 Column_298 Column_299 Column_300 Column_301 Column_302 Column_303 Column_304 Column_305 Column_306 Column_307 Column_308 Column_309 Column_310 Column_311 Column_312 Column_313 Column_314 Column_315 Column_316 Column_317 Column_318 Column_319 Column_320 Column_321 Column_322 Column_323 Column_324 Column_325 Column_326 Column_327 Column_328 Column_329 Column_330 Column_331 Column_332 Column_333 Column_334 Column_335 Column_336 Column_337 Column_338 Column_339 Column_340 Column_341 Column_342 Column_343 Column_344 Column_345 Column_346 Column_347 Column_348 Column_349 Column_350 Column_351 Column_352 Column_353 Column_354 Column_355 Column_356 Column_357 Column_358 Column_359 Column_360 Column_361 Column_362 Column_363 Column_364 Column_365 Column_366 Column_367 Column_368 Column_369 Column_370 Column_371 Column_372 Column_373 Column_374 Column_375 Column_376 Column_377 Column_378 Column_379 Column_380 Column_381 Column_382 Column_383 Column_384 Column_385 Column_386 Column_387 Column_388 Column_389 Column_390 Column_391 Column_392 Column_393 Column_394 Column_395 Column_396 Column_397 Column_398 Column_399 Column_400 Column_401 Column_402 Column_403 Column_404 Column_405 Column_406 Column_407 Column_408 Column_409 Column_410 Column_411 Column_412 Column_413 Column_414 Column_415 Column_416 Column_417 Column_418 Column_419 Column_420 Column_421 Column_422 Column_423 Column_424 Column_425 Column_426 Column_427 Column_428 Column_429 Column_430 Column_431 Column_432 Column_433 Column_434 Column_435 Column_436 Column_437 Column_438 Column_439 Column_440 Column_441 Column_442 Column_443 Column_444 Column_445 Column_446 Column_447 Column_448 Column_449 Column_450 Column_451 Column_452 Column_453 Column_454 Column_455 Column_456 Column_457 Column_458 Column_459 Column_460 Column_461 Column_462 Column_463 Column_464 Column_465 Column_466 Column_467 Column_468 Column_469 Column_470 Column_471 Column_472 Column_473 Column_474 Column_475 Column_476 Column_477 Column_478 Column_479 Column_480 Column_481 Column_482 Column_483 Column_484 Column_485 Column_486 Column_487 Column_488 Column_489 Column_490 Column_491 Column_492 Column_493 Column_494 Column_495 Column_496 Column_497 Column_498 Column_499 Column_500 Column_501 Column_502 Column_503 Column_504 Column_505 Column_506 Column_507 Column_508 Column_509 Column_510 Column_511 Column_512 Column_513 Column_514 Column_515 Column_516 Column_517 Column_518 Column_519 Column_520 Column_521 Column_522 Column_523 Column_524 Column_525 Column_526 Column_527 Column_528 Column_529 Column_530 Column_531 Column_532 Column_533 Column_534 Column_535 Column_536 Column_537 Column_538 Column_539 Column_540 Column_541 Column_542 Column_543 Column_544 Column_545 Column_546 Column_547 Column_548 Column_549 Column_550 Column_551 Column_552 Column_553 Column_554 Column_555 Column_556 Column_557 Column_558 Column_559 Column_560 Column_561 Column_562 Column_563 Column_564 Column_565 Column_566 Column_567 Column_568 Column_569 Column_570 Column_571 Column_572 Column_573 Column_574 Column_575 Column_576 Column_577 Column_578 Column_579 Column_580 Column_581 Column_582 Column_583 Column_584 Column_585 Column_586 Column_587 Column_588 Column_589 Column_590 Column_591 Column_592 Column_593 Column_594 Column_595 Column_596 Column_597 Column_598 Column_599
feature_infos=[0:400] [0:400] [0:400] [0:400] [0:400] [0:400] [0:400] [0:400] [0:400] [0:400] [0:400] [0:400] [0:400] [0:400] [0:400] [0:400] [0:400] [0:400] [0:400] [0:400] [0:400] [0:400] [0:400] [0:400] [0:400] [0:400] [0:400] [0:400] [0:400] [0:400] [0:400] [0:400] [0:400] [0:400] [0:400] [0:400] [0:400] [0:400] [0:400] [0:400] [0:400] [0:400] [0:400] [0:400] [0:400] [0:400] [0:400] [0:400] [0:400] [0:400] [0:400] [0:400] [0:400] [0:400] [0:400] [0:400] [0:400] [0:400] [0:400] [0:400] [0:400] [0:400] [0:400] [0:400] [0:400] [0:400] [0:400] [0:400] [0:400] [0:400] [0:400] [0:400] [0:400] [0:400] [0:400] [0:400] [0:400] [0:400] [0:400] [0:400] [0:400] [0:400] [0:400] [0:400] [0:400] [0:400] [0:400] [0:400] [0:400] [0:400] [0:400] [0:400] [0:400] [0:400] [0:400] [0:400] [0:400] [0:400] [0:400] [0:400] [0:400] [0:400] [0:400] [0:400] [0:400] [0:400] [0:400] [0:400] [0:400] [0:400] [0:400] [0:400] [0:400] [0:400] [0:400] [0:400] [0:400] [0:400] [0:400] [0:400] [0:400] [0:400] [0:400] [0:400] [0:400] [0:400] [0:400] [0:400] [0:400] [0:400] [0:400] [0:400] [0:400] [0:400] [0:400] [0:400] [0:400] [0:400] [0:400] [0:400] [0:400] [0:400] [0:400] [0:400] [0:400] [0:400] [0:400] [0:400] [0:400] [0:400] [0:400] [0:400] [0:400] [0:400] [0:400] [0:400] [0:400] [0:400] [0:400] [0:400] [0:400] [0:400] [0:400] [0:400] [0:400] [0:400] [0:400] [0:400] [0:400] [0:400] [0:400] [0:400] [0:400] [0:400] [0:400] [0:400] [0:400] [0:400] [0:400] [0:400] [0:400] [0:400] [0:400] [0:400] [0:400] [0:400] [0:400] [0:400] [0:400] [0:400] [0:400] [0:400] [0:400] [0:400] [0:400] [0:400] [0:400] [0:400] [0:400] [0:400] [0:400] [0:400] [0:400] [0:400] [0:400] [0:400] [0:400] [0:400] [0:400] [0:400] [0:400] [0:400] [0:400] [0:400] [0:400] [0:400] [0:400] [0:400] [0:400] [0:400] [0:400] [0:400] [0:400] [0:400] [0:400] [0:400] [0:400] [0:400] [0:400] [0:400] [0:400] [0:400] [0:400] [0:400] [0:400] [0:400] [0:400] [0:400] [0:400] [0:400] [0:400] [0:400] [0:400] [0:400] [0:400] [0:400] [0:400] [0:400] [0:400] [0:400] [0:400] [0:400] [0:400] [0:400] [0:400] [0:400] [0:400] [0:400] [0:400] [0:400] [0:400] [0:400] [0:400] [0:400] [0:400] [0:400] [0:400] [0:400] [0:400] [0:400] [0:400] [0:400] [0:400] [0:400] [0:400] [0:400] [0:400] [0:400] [0:400] [0:400] [0:400] [0:400] [0:400] [0:400] [0:400] [0:400] [0:400] [0:400] [0:400] [0:400] [0:400] [0:400] [0:400] [0:400] [0:400] [0:400] [0:400] [0:400] [0:400] [0:400] [0:400] [0:400] [0:400] [0:400] [0:400] [0:400] [0:400] [0:400] [0:400] [0:400] [0:400] [0:400] [0:400] [0:400] [0:400] [0:400] [0:400] [0:400] [0:400] [0:400] [0:400] [0:400] [0:400] [0:400] [0:400] [0:400] [0:400] [0:400] [0:400] [0:400] [0:400] [0:400] [0:400] [0:400] [0:400] [0:400] [0:400] [0:400] [0:400] [0:400] [0:400] [0:400] [0:400] [0:400] [0:400] [0:400] [0:400] [0:400] [0:400] [0:400] [0:400] [0:400] [0:400] [0:400] [0:400] [0:400] [0:400] [0:400] [0:400] [0:400] [0:400] [0:400] [0:400] [0:400] [0:400] [0:400] [0:400] [0:400] [0:400] [0:400] [0:400] [0:400] [0:400] [0:400] [0:400] [0:400] [0:400] [0:400] [0:400] [0:400] [0:400] [0:400] [0:400] [0:400] [0:400] [0:400] [0:400] [0:400] [0:400] [0:400] [0:400] [0:400] [0:400] [0:400] [0:400] [0:400] [0:400] [0:400] [0:400] [0:400] [0:400] [0:400] [0:400] [0:400] [0:400] [0:400] [0:400] [0:400] [0:400] [0:400] [0:400] [0:400] [0:400] [0:400] [0:400] [0:400] [0:400] [0:400] [0:400] [0:400] [0:400] [0:400] [0:400] [0:400] [0:400] [0:400] [0:400] [0:400] [0:400] [0:400] [0:400] [0:400] [0:400] [0:400] [0:400] [0:400] [0:400] [0:400] [0:400] [0:400] [0:400] [0:400] [0:400] [0:400] [0:400] [0:400] [0:400] [0:400] [0:400] [0:400] [0:400] [0:400] [0:400] [0:400] [0:400] [0:400] [0:400] [0:400] [0:400] [0:400] [0:400] [0:400] [0:400] [0:400] [0:400] [0:400] [0:400] [0:400] [0:400] [0:400] [0:400] [0:400] [0:400] [0:400] [0:400] [0:400] [0:400] [0:400] [0:400] [0:400] [0:503] [0:503] [0:503] [0:503] [0:503] [0:503] [0:503] [0:503] [0:503] [0:503] [0:503] [0:503] [0:503] [0:503] [0:503] [0:503] [0:503] [0:503] [0:503] [0:503] [0:503] [0:503] [0:503] [0:503] [0:503] [0:503] [0:503] [0:503] [0:503] [0:503] [0:503] [0:503] [0:503] [0:503] [0:503] [0:503] [0:503] [0:503] [0:503] [0:503] [0:503] [0:503] [0:503] [0:503] [0:503] [0:503] [0:503] [0:503] [0:503] [0:503] [0:503] [0:503] [0:503] [0:503] [0:503] [0:503] [0:503] [0:503] [0:503] [0:503] [53.5:938.5999755859375] [53.5:938.5999755859375] [53.5:938.5999755859375] [53.5:938.5999755859375] [53.5:938.5999755859375] [53.5:938.5999755859375] [53.5:938.5999755859375] [53.5:938.5999755859375] [53.5:938.5999755859375] [53.5:938.5999755859375] [53.5:938.5999755859375] [53.5:938.5999755859375] [53.5:938.5999755859375] [53.5:938.5999755859375] [53.5:938.5999755859375] [53.5:938.5999755859375] [53.5:938.5999755859375] [53.5:938.5999755859375] [53.5:938.5999755859375] [53.5:938.5999755859375] [53.5:938.5999755859375] [53.5:938.5999755859375] [53.5:938.5999755859375] [53.5:938.5999755859375] [53.5:938.5999755859375] [53.5:938.5999755859375] [53.5:938.5999755859375] [53.5:938.5999755859375] [53.5:938.5999755859375] [53.5:938.5999755859375] [53.5:938.5999755859375] [53.5:938.5999755859375] [53.5:938.5999755859375] [53.5:938.5999755859375] [53.5:938.5999755859375] [53.5:938.5999755859375] [53.5:938.5999755859375] [53.5:938.5999755859375] [53.5:938.5999755859375] [53.5:938.5999755859375] [53.5:938.5999755859375] [53.5:938.5999755859375] [53.5:938.5999755859375] [53.5:938.5999755859375] [53.5:938.5999755859375] [53.5:938.5999755859375] [53.5:938.5999755859375] [53.5:938.5999755859375] [53.5:938.5999755859375] [53.5:938.5999755859375] [53.5:938.5999755859375] [53.5:938.5999755859375] [53.5:938.5999755859375] [53.5:938.5999755859375] [53.5:938.5999755859375] [53.5:938.5999755859375] [53.5:938.5999755859375] [53.5:938.5999755859375] [53.5:938.5999755859375] [53.5:938.5999755859375]
tree_sizes=2751 2891 2899 2886 2902 2893 2884 2896 2874 2888 2885 2898 2889 2907 2903 2895 2899 2902 2896 2903 2899 2907 2911 2891 2904 2910 2892 2909 2899 2916 2902 2896 2895 2890 2896 2902 2902 2900 2896 2909 2898 2915 2886 2887 2898 2894 2900 2894 2910 2889 2910 2907 2914 2885 2900 2903 2895 2903 2907 2905 2910 2911 2914 2894 2903 2905 2898 2895 2903 2911 2894 2907 2919 2916 2907 2911 2912 2906 2897 2897 2918 2913 2911 2901 2907 2919 2905 2919 2918 2914 2882 2912 2902 2907 2915 2913 2909 2910 2915 2901 2906 2905 2898 2906 2921 2913 2916 2912 2921 2924 2928 2901 2910 2919 2911 2933 2918 2936 2918 2916 2903 2894 2929 2915 2909 2913 2936 2917 2909 2922 2913 2926 2901 2915 2914 2924 2938 2909 2923 2922 2900 2923 2906 2934 2919 2913 2923 2931 2935 2919 2932 2926 2939 2902 2921 2925 2927 2920 2931 2931 2946 2921 2913 2931 2926 2932 2935 2924 2914 2939 2913 2920 2911 2945 2925 2938 2927 2902 2940 2931 2934 2930 2922 2946 2923 2914 2940 2944 2934 2934 2949 2917 2944 2930 2930 2921 2945 2944 2929 2926 2904 2938 2961 2927 2947 2940 2951 2938

Tree=0
num_leaves=31
num_cat=0
split_feature=162 487 343 221 223 400 164 164 283 462 501 16 543 487 341 97 339 462 79 375 38 173 283 465 298 134 68 171 143 476
split_gain=225253 85115.4 70269.5 42655.2 25381.8 21790.9 18185.2 16308.7 13584 10179.5 9898.1 9821.17 9729.04 9534.74 8910.75 8664.41 7972.68 7941.6 7662.72 7244.03 7176.06 6496.62 7363.69 5774.17 5712.31 5669.53 5343.41 5230.62 5171.24 8060.48
threshold=10.500000000000002 71.500000000000014 10.500000000000002 13.500000000000002 4.5000000000000009 24.500000000000004 10.500000000000002 20.000000000000004 5.5000000000000009 5.5000000000000009 177.50000000000003 35.500000000000007 216.75000000000003 257.50000000000006 8.0000000000000018 16.500000000000004 16.500000000000004 16.500000000000004 13.500000000000002 8.0000000000000018 24.500000000000004 10.500000000000002 13.500000000000002 13.500000000000002 5.5000000000000009 6.5000000000000009 10.500000000000002 16.500000000000004 8.0000000000000018 16.500000000000004
decision_type=2 2 2 2 2 2 2 2 2 2 2 2 10 2 2 2 2 2 2 2 2 2 2 2 2 2 2 2 2 2
left_child=1 4 8 19 -1 11 9 20 25 24 28 -5 17 15 -6 -11 -17 -10 -9 -4 -7 -12 -23 -21 -3 -2 -19 -26 -8 -30
right_child=2 6 3 5 14 7 10 18 12 13 21 -13 -14 -15 -16 16 -18 26 -20 23 -22 22 -24 -25 27 -27 -28 -29 29 -31
leaf_value=13.296268287724937 13.347860260867137 13.325091400080485 13.421379329464976 13.500092213682994 13.337859900889512 13.530251804406763 13.39014370315711 13.631905575042955 13.41000042727851 13.378920420032568 13.444735159847783 13.62628783829247 13.564223127768894 13.510569127220995 13.388030930670146 13.413147359350999 13.54609373986313 13.435998037440822 13.782054942656192 13.453725065874664 13.653736084593731 13.613590859376149 13.464991397995888 13.525896480343871 13.361917721045687 13.409311835834465 13.523095901440644 13.439052293750471 13.411511922084186 13.527986646926953
leaf_weight=3808 715 799 794 1084 2973 398 825 177 1310 1653 401 188 160 212 1329 403 165 398 178 680 177 175 172 500 966 853 339 298 472 229
leaf_count=3808 715 799 794 1084 2973 398 825 177 1310 1653 401 188 160 212 1329 403 165 398 178 680 177 175 172 500 966 853 339 298 472 229
internal_value=13.3987 13.3617 13.4679 13.5134 13.3265 13.5621 13.4039 13.6214 13.4175 13.3851 13.441 13.5188 13.4433 13.4074 13.3534 13.3976 13.4518 13.4338 13.7073 13.459 13.5683 13.489 13.54 13.4843 13.3588 13.3813 13.4761 13.3801 13.4174 13.4496
internal_weight=22831 14880 7951 4176 8110 2202 6770 930 3775 4496 2274 1272 2207 2433 4302 2221 568 2047 355 1974 575 748 347 1180 2063 1568 737 1264 1526 701
internal_count=22831 14880 7951 4176 8110 2202 6770 930 3775 4496 2274 1272 2207 2433 4302 2221 568 2047 355 1974 575 748 347 1180 2063 1568 737 1264 1526 701
is_linear=0
shrinkage=1


Tree=1
num_leaves=31
num_cat=0
split_feature=162 488 343 221 223 374 463 486 488 230 346 266 281 182 164 337 223 282 450 256 546 195 460 47 320 488 387 404 256 17
split_gain=204374 83442.9 59842.5 39007.1 23091.9 23036 23685.9 15847.2 15080.4 14316 14000.8 10157.7 9802.77 9760.63 9677.78 9219.89 8422.47 8033.31 7568.12 7337.21 6960.59 6811.22 6484.8 6451.72 5908.21 5825.02 5677.85 5673.61 5308.16 5281.31
threshold=10.500000000000002 73.500000000000014 10.500000000000002 13.500000000000002 4.5000000000000009 13.500000000000002 29.500000000000004 81.500000000000014 222.50000000000003 10.500000000000002 13.500000000000002 13.500000000000002 4.5000000000000009 16.500000000000004 4.5000000000000009 29.500000000000004 6.5000000000000009 16.500000000000004 6.5000000000000009 10.500000000000002 210.94999694824222 5.5000000000000009 20.000000000000004 16.500000000000004 6.5000000000000009 53.500000000000007 16.500000000000004 13.500000000000002 13.500000000000002 3.5000000000000004
decision_type=2 2 2 2 2 2 2 2 2 2 2 2 2 2 2 2 2 2 2 2 8 2 2 2 2 2 2 2 2 2
left_child=1 4 7 21 -1 28 17 16 9 14 -8 22 -6 20 -3 23 -2 -7 -13 -14 -10 -4 -9 -11 -22 -21 -23 -28 -5 -16
right_child=2 8 3 5 12 6 10 11 13 15 -12 18 19 -15 29 -17 -18 -19 -20 25 24 26 -24 -25 -26 -27 27 -29 -30 -31
leaf_value=-0.096751846976383699 -0.044998155550339314 -0.05845023551208571 0.011688295870319568 0.066964897993182573 -0.071897330956388741 0.083032707465722097 0.20360631260749137 0.0070996642115703787 -0.034213220009867325 0.0013554681822386745 0.40058951092209488 0.18737826633983667 -0.04049795404816782 0.14787602536406949 -0.055491972285371054 0.13734144717478106 0.02485691243635433 0.18987628299234902 0.067850280835269797 -0.0038396827488088605 0.13335063918057016 0.057217015734776284 0.089267708300989984 0.066149989109681409 0.025422777409116169 0.10467277995695046 0.070373937361443845 0.19180716835016645 0.1458640889704747 0.0083149775462489743
leaf_weight=3748 958 1180 565 570 1758 265 174 956 250 1284 204 207 1853 272 403 197 839 592 411 644 218 984 337 578 333 160 207 194 363 2029
leaf_count=3748 958 1180 565 570 1758 265 174 956 250 1284 204 207 1853 272 403 197 839 592 411 644 218 984 337 578 333 160 207 194 363 2029
internal_value=0.00224188 -0.0327342 0.0688675 0.111115 -0.0673571 0.158116 0.203748 0.0219422 0.00917019 -0.00129809 0.309977 0.0542202 -0.0423979 0.0645189 -0.0206156 0.0325782 -0.0123705 0.156866 0.107924 -0.0228708 0.0361834 0.0588482 0.0285337 0.0214816 0.0681665 0.0177256 0.0780698 0.129181 0.0976872 -0.00224862
internal_weight=22733 14907 7826 4118 8163 2168 1235 3708 6744 5671 378 1911 4415 1073 3612 2059 1797 857 618 2657 801 1950 1293 1862 551 804 1385 401 933 2432
internal_count=22733 14907 7826 4118 8163 2168 1235 3708 6744 5671 378 1911 4415 1073 3612 2059 1797 857 618 2657 801 1950 1293 1862 551 804 1385 401 933 2432
is_linear=0
shrinkage=0.0161


Tree=2
num_leaves=31
num_cat=0
split_feature=282 487 461 136 284 403 222 492 103 221 400 515 233 224 339 176 384 148 268 282 50 587 341 173 498 101 403 180 60 129
split_gain=209841 62712.9 59140 40225.3 25531.7 20850.2 14710.2 13507.6 13447.6 10095.1 10014.3 9745.01 8135.75 8068.79 7207.16 7176.27 8120.04 6817.54 8076.6 5772.59 5489.96 5447.83 5419.99 5399.46 4952.99 4736.96 4677.36 4646.63 4472.36 5446.76
threshold=8.0000000000000018 60.500000000000007 16.500000000000004 8.0000000000000018 20.000000000000004 10.500000000000002 5.5000000000000009 218.50000000000003 29.500000000000004 4.5000000000000009 20.000000000000004 101.50000000000001 10.500000000000002 6.5000000000000009 20.000000000000004 20.000000000000004 8.0000000000000018 8.0000000000000018 13.500000000000002 20.000000000000004 10.500000000000002 71.250000000000014 10.500000000000002 24.500000000000004 204.50000000000003 20.000000000000004 13.500000000000002 16.500000000000004 10.500000000000002 5.5000000000000009
decision_type=2 2 2 2 2 2 2 2 2 2 2 2 2 2 2 2 2 2 2 2 2 8 2 2 2 2 2 2 2 2
left_child=1 6 5 14 10 11 21 13 20 -7 23 22 -12 24 26 27 -17 -9 -19 -16 -6 -1 -2 -5 -3 -8 -4 -11 -13 -30
right_child=2 7 3 4 8 9 25 17 -10 15 12 28 -14 -15 19 16 -18 18 -20 -21 -22 -23 -24 -25 -26 -27 -28 -29 29 -31
leaf_value=-0.12391155055030972 -0.051535753974147391 -0.0427902206148814 -0.0065461525556590764 0.063046827664772778 0.097108715638149087 -0.00010930297722269883 -0.053047328351854654 0.0025359710419382113 0.30272303028717612 0.040454140237334436 0.10630825381347829 -0.00076987241418302133 0.21612627790116526 0.0048930566882369438 0.042150166526772705 0.055252711270365379 0.19474554420296897 0.16492008293850863 0.03371266381566107 0.16916480590661126 0.21465655198049163 -0.083768891576789559 0.0093838363706598409 0.16361036536868787 0.023732929261255076 0.012223744496628908 0.058241435156575268 0.10471080831492992 -0.010883208840102125 0.092744323225869882
leaf_weight=1173 1196 2543 743 933 187 670 1662 428 307 1205 390 745 319 2378 207 203 233 214 283 169 232 3508 553 163 327 348 472 386 196 397
leaf_count=1173 1196 2543 743 933 187 670 1662 428 307 1205 390 745 319 2378 207 203 233 214 283 169 232 3508 553 163 327 348 472 386 196 397
internal_value=-0.00115107 -0.0440415 0.0545444 0.101145 0.141024 0.0213301 -0.0781862 -0.00702778 0.221684 0.0540347 0.108569 -0.00723507 0.155752 -0.0170297 0.0376893 0.0719429 0.129852 0.049693 0.0902558 0.0993018 0.162251 -0.0938332 -0.0322607 0.0780244 -0.0352026 -0.041735 0.018603 0.0560585 0.0254602 0.0584534
internal_weight=22770 12864 9906 4122 2531 5784 6691 6173 726 2697 1805 3087 709 5248 1591 2027 436 925 497 376 419 4681 1749 1096 2870 2010 1215 1591 1338 593
internal_count=22770 12864 9906 4122 2531 5784 6691 6173 726 2697 1805 3087 709 5248 1591 2027 436 925 497 376 419 4681 1749 1096 2870 2010 1215 1591 1338 593
is_linear=0
shrinkage=0.0161


Tree=3
num_leaves=31
num_cat=0
split_feature=222 486 343 101 163 463 255 256 225 482 484 289 447 281 281 152 75 387 423 545 312 382 233 321 389 404 433 540 286 16
split_gain=211149 73869.6 50327.8 31989.6 24802.1 23713.1 16076 14356.7 12622.8 10850.7 10847 10675.7 10059.4 8822.1 8741.05 8165.88 7122.34 7115.84 6620.67 6603.1 6410.04 6080.25 5778.43 5587.07 5182.75 6742.25 5053.04 6059.92 5034.27 5012.88
threshold=10.500000000000002 82.500000000000014 10.500000000000002 16.500000000000004 5.5000000000000009 24.500000000000004 13.500000000000002 6.5000000000000009 16.500000000000004 187.50000000000003 272.50000000000006 16.500000000000004 16.500000000000004 10.500000000000002 5.5000000000000009 4.5000000000000009 35.500000000000007 29.500000000000004 6.5000000000000009 71.750000000000014 13.500000000000002 6.5000000000000009 3.5000000000000004 24.500000000000004 8.0000000000000018 16.500000000000004 4.5000000000000009 240.75000000000003 13.500000000000002 8.0000000000000018
decision_type=2 2 2 2 2 2 2 2 2 2 2 2 2 2 2 2 2 2 2 8 2 2 2 2 2 2 2 8 2 2
left_child=1 4 9 11 19 16 -7 10 -8 13 22 24 -13 -2 -6 -9 23 21 -11 -1 -20 -17 -3 -5 -4 -26 -23 28 -28 -15
right_child=2 7 3 5 14 6 8 15 -10 18 -12 12 -14 29 -16 17 -18 -19 20 -21 -22 26 -24 -25 25 -27 27 -29 -30 -31
leaf_value=-0.12084296264139982 -0.019768550084871359 -0.076140001349170608 0.015373465216985977 0.073138806449365643 -0.061033552474359952 0.13560304788892152 0.1919094997414301 -0.014350249105743932 0.3661711953698264 0.011731925957041162 0.10826454128215215 0.075295953306615662 0.2133701397241593 0.00092215776982322931 -0.012371189251860135 -0.0012680366317726125 0.19699364613187695 0.11570618878035159 0.068066703748054916 -0.078138372507369755 0.19921536118762198 -0.0068782054052324293 -0.015829502210297584 0.17558495379651257 0.036895169227078702 0.1309383131629733 0.02150073721569087 0.14343477156882373 0.10139029381686775 0.061439520763775485
leaf_weight=1243 1392 510 839 808 1753 308 197 821 240 215 162 402 208 600 2110 808 197 315 233 3870 166 280 2148 167 533 315 566 229 321 871
leaf_count=1243 1392 510 839 808 1753 308 197 821 240 215 162 402 208 600 2110 808 197 315 233 3870 166 280 2148 167 533 315 566 229 321 871
internal_value=-0.000888991 -0.0357945 0.0678025 0.105215 -0.0652595 0.153781 0.224832 0.00713634 0.287668 0.0224537 -0.0196079 0.0646727 0.122416 0.00927324 -0.0344599 0.0297239 0.108595 0.044098 0.0838742 -0.0885247 0.122689 0.0338529 -0.0274103 0.0907101 0.0437796 0.0718564 0.0541976 0.0695424 0.0504388 0.0367713
internal_weight=22827 15136 7691 4214 8976 1917 745 6160 437 3477 2820 2297 610 2863 3863 3340 1172 2519 614 5113 399 2204 2658 975 1687 848 1396 1116 887 1471
internal_count=22827 15136 7691 4214 8976 1917 745 6160 437 3477 2820 2297 610 2863 3863 3340 1172 2519 614 5113 399 2204 2658 975 1687 848 1396 1116 887 1471
is_linear=0
shrinkage=0.0161


Tree=4
num_leaves=31
num_cat=0
split_feature=282 495 221 104 223 103 463 524 495 223 161 400 562 240 51 504 130 401 136 115 161 401 220 397 273 403 76 221 546 168
split_gain=195638 78530.4 50723.5 34226.3 22765.8 21467.3 14200.1 14995 13602.5 11874.2 8329.82 8070.92 7885.03 7860.4 9551.84 7585.25 7878.24 7310.85 7221.4 6973.75 6971.1 6459.87 6421.04 6327.31 5891.84 5700.15 5223.32 5151.92 5021.36 4873.03
threshold=13.500000000000002 51.500000000000007 13.500000000000002 16.500000000000004 6.5000000000000009 8.0000000000000018 29.500000000000004 58.500000000000007 181.50000000000003 10.500000000000002 6.5000000000000009 35.500000000000007 201.75000000000003 10.500000000000002 29.500000000000004 50.500000000000007 8.0000000000000018 4.5000000000000009 8.0000000000000018 20.000000000000004 8.0000000000000018 8.0000000000000018 13.500000000000002 13.500000000000002 5.5000000000000009 6.5000000000000009 29.500000000000004 10.500000000000002 280.05000305175787 13.500000000000002
decision_type=2 2 2 2 2 2 2 2 2 2 2 2 10 2 2 2 2 2 2 2 2 2 2 2 2 2 2 2 8 2
left_child=1 5 9 11 8 20 22 -8 12 15 -7 26 27 24 17 -2 -17 -15 -11 -20 -1 -18 -5 -13 -6 -12 -4 -3 -26 -24
right_child=2 4 3 6 13 10 7 -9 -10 18 25 23 -14 14 -16 16 21 -19 19 -21 -22 -23 29 -25 28 -27 -28 -29 -30 -31
leaf_value=-0.099304331873789023 -0.045124237806712451 -0.051825940658224622 0.044743466978125389 0.087579303603828609 -0.025140339410205801 -0.05873745230102978 0.37478441200549312 0.18928402096993252 0.027296024980216726 0.019819827581496845 -0.04496441379601776 0.08579498878473299 0.071882780351865988 -0.022847811698003408 0.15209296317467161 -0.013862578461264667 0.01292404817392661 0.062441944506467395 0.062799885844057837 0.15708090158632365 -0.055603158381303232 0.13603112801622719 0.13926009362899136 0.21827069959069673 0.015150802738285157 0.028819057048289055 0.13225789700343821 -0.0063408165857702491 0.087193320733340823 0.24943704883648268
leaf_weight=3727 605 2772 1162 322 771 1229 172 332 1136 714 432 223 167 346 236 542 211 1050 851 268 1272 233 268 162 1320 730 209 843 310 172
leaf_count=3727 605 2772 1162 322 771 1229 172 332 1136 714 432 223 167 346 236 542 211 1050 851 268 1272 233 268 162 1320 730 209 843 310 172
internal_value=-0.000735766 -0.0303657 0.0743741 0.12245 0.00170125 -0.0692093 0.186275 0.252636 -0.0215475 0.0319356 -0.029517 0.0764217 -0.0362249 0.0300575 0.0573239 -0.000231249 0.0272908 0.0412859 0.0598684 0.0854012 -0.0881892 0.0775805 0.142352 0.141599 0.0115143 0.00136811 0.0581016 -0.0412255 0.0288666 0.182383
internal_weight=22787 16341 6446 3022 8951 7390 1266 504 4918 3424 2391 1756 3782 4033 1632 1591 986 1396 1833 1119 4999 444 762 385 2401 1162 1371 3615 1630 440
internal_count=22787 16341 6446 3022 8951 7390 1266 504 4918 3424 2391 1756 3782 4033 1632 1591 986 1396 1833 1119 4999 444 762 385 2401 1162 1371 3615 1630 440
is_linear=0
shrinkage=0.0161


Tree=5
num_leaves=31
num_cat=0
split_feature=222 495 283 400 499 283 463 103 462 196 461 317 502 50 306 282 526 314 225 373 195 208 213 161 116 436 16 161 401 291
split_gain=194338 70229.8 57833.8 35212.3 21850.6 17931.2 17573.1 15672.1 14643.6 13490.1 12538.7 9212.8 8944.8 7953.86 7847.48 9469.49 7775.49 7769.5 7380.01 6831.33 6829.97 6257.44 5889.93 5836.12 5603.19 5478.64 5328.64 5110.79 4843.06 4676.16
threshold=10.500000000000002 44.500000000000007 8.0000000000000018 24.500000000000004 207.50000000000003 4.5000000000000009 24.500000000000004 8.0000000000000018 35.500000000000007 5.5000000000000009 35.500000000000007 10.500000000000002 171.50000000000003 6.5000000000000009 16.500000000000004 6.5000000000000009 41.500000000000007 8.0000000000000018 8.0000000000000018 20.000000000000004 8.0000000000000018 8.0000000000000018 20.000000000000004 4.5000000000000009 13.500000000000002 16.500000000000004 20.000000000000004 10.500000000000002 3.5000000000000004 13.500000000000002
decision_type=2 2 2 2 2 2 2 2 2 2 2 2 2 2 2 2 2 2 2 2 2 2 2 2 2 2 2 2 2 2
left_child=1 7 16 9 5 29 17 28 -8 -4 18 20 -6 -12 -13 -16 -2 -5 -11 -14 -7 -20 -22 -9 -19 -23 -15 -18 -1 -3
right_child=2 4 3 6 12 11 8 23 -10 10 13 14 19 26 15 -17 27 24 21 -21 22 25 -24 -25 -26 -27 -28 -29 -30 -31
leaf_value=-0.1139712017761897 -0.03225743213962836 -0.063962447497038333 0.013497084195796236 0.049742548340087005 0.16650497700124667 -0.034107121044711509 0.17694555387197944 -0.071773846582606826 0.36225730883302704 0.03891163729880015 0.06988502534518283 0.011433143259140148 0.020588017534847292 0.14122219622251531 0.021791194099559173 0.16505479291869946 -0.00036769191075138247 0.1152478829287789 0.060754303059344004 0.11372275757913397 4.5580940899784809e-05 0.086641043092869935 0.099159780455699426 -0.015353786607612479 0.2140289878120577 0.17927217255030298 0.26694315649072675 0.053606128397619718 -0.078509161052066928 -0.013078444105717405
leaf_weight=1497 891 1795 771 241 162 1801 279 759 184 944 169 1348 1013 175 263 220 937 347 602 256 948 336 186 1275 263 329 177 882 3027 635
leaf_count=1497 891 1795 771 241 162 1801 279 759 184 944 169 1348 1013 175 263 220 937 347 602 256 948 336 186 1275 263 329 177 882 3027 635
internal_value=-0.000685991 -0.0338444 0.0662048 0.0996787 -0.00365349 -0.0150822 0.170766 -0.0735567 0.250641 0.0730069 0.0897925 0.00306035 0.0538012 0.160884 0.0314047 0.0870946 0.00669654 0.12728 0.07303 0.039395 -0.0146143 0.0984318 0.0163232 -0.0364189 0.157876 0.132504 0.204507 0.0257903 -0.0902488 -0.0506753
internal_weight=22712 15185 7527 4817 8627 7196 1314 6558 463 3503 2732 4766 1431 521 1831 483 2710 851 2211 1269 2935 1267 1134 2034 610 665 352 1819 4524 2430
internal_count=22712 15185 7527 4817 8627 7196 1314 6558 463 3503 2732 4766 1431 521 1831 483 2710 851 2211 1269 2935 1267 1134 2034 610 665 352 1819 4524 2430
is_linear=0
shrinkage=0.0161


Tree=6
num_leaves=31
num_cat=0
split_feature=222 343 485 221 464 163 163 488 193 298 282 161 138 315 77 410 174 136 577 540 75 342 342 41 17 478 203 1 160 422
split_gain=191403 69128.6 57294.3 26794.3 18455 16930.8 14566.7 14174.9 14127.7 12192.4 11166.1 10295.2 8576.05 7913.1 7657.44 8809.51 7157.93 6857.76 6480.68 7990.37 6466.75 6095.83 5991.59 5869.06 5368.92 5283.76 7024.57 7749.44 5523.16 5266.19
threshold=8.0000000000000018 13.500000000000002 61.500000000000007 13.500000000000002 13.500000000000002 5.5000000000000009 10.500000000000002 242.50000000000003 29.500000000000004 8.0000000000000018 16.500000000000004 10.500000000000002 5.5000000000000009 10.500000000000002 13.500000000000002 16.500000000000004 24.500000000000004 8.0000000000000018 218.75000000000003 186.44999694824222 29.500000000000004 13.500000000000002 35.500000000000007 8.0000000000000018 4.5000000000000009 10.500000000000002 6.5000000000000009 10.500000000000002 13.500000000000002 13.500000000000002
decision_type=2 2 2 2 2 2 2 2 2 2 2 2 2 2 2 2 2 2 10 8 2 2 2 2 2 2 2 2 2 2
left_child=2 6 5 14 20 -1 11 9 10 17 -6 -2 -11 -12 -3 29 -13 -4 19 -9 -5 -14 -15 -7 -8 28 -27 -28 -26 -16
right_child=1 3 7 4 8 23 24 18 -10 12 13 16 21 22 15 -17 -18 -19 -20 -21 -22 -23 -24 -25 25 26 27 -29 -30 -31
leaf_value=-0.092193657861244713 -0.027818551131728545 0.034944461416018369 -0.052402840895292041 0.073679372798092627 0.070758333604870563 -0.060866910404606234 -0.0013785443359338894 0.009834839838556422 0.30203841691204059 -0.02573967624908325 0.11119090346283324 0.013394147751773399 0.022215859152594455 0.18871087651048635 0.027594560908885554 0.17626987048856221 0.10886522666799316 -0.0027912506805741555 -0.0113143364016818 0.15188361921452465 0.17983048926243109 0.11090001818950464 0.31516082133761769 -0.013496062368769039 0.0097634562992299622 0.03540133979172163 0.070104048896582144 0.21035357604529914 0.093477850433940066 0.12283197243627018
leaf_weight=4191 1883 1090 1997 753 249 1615 382 161 238 959 183 1347 1431 247 378 266 240 1133 191 285 186 234 162 1171 567 267 201 209 320 251
leaf_count=4191 1883 1090 1997 753 249 1615 382 161 238 959 183 1347 1431 247 378 266 240 1133 191 285 186 234 162 1171 567 267 201 209 320 251
internal_value=-0.000671386 0.0549163 -0.0398399 0.105651 0.146972 -0.0717407 0.0174133 -0.00501034 0.192413 -0.0129916 0.161361 -0.00235322 0.012598 0.19943 0.063632 0.0985435 0.0278469 -0.0344519 0.0670474 0.100659 0.0947312 0.0346937 0.238854 -0.0409646 0.052672 0.0658887 0.0997844 0.141655 0.0399914 0.0656361
internal_weight=22787 9419 13368 4003 2018 6977 5416 6391 1079 5754 841 3470 2624 592 1985 895 1587 3130 637 446 939 1665 409 2786 1946 1564 677 410 887 629
internal_count=22787 9419 13368 4003 2018 6977 5416 6391 1079 5754 841 3470 2624 592 1985 895 1587 3130 637 446 939 1665 409 2786 1946 1564 677 410 887 629
is_linear=0
shrinkage=0.0161


Tree=7
num_leaves=31
num_cat=0
split_feature=222 485 223 41 163 547 315 283 283 280 461 345 404 433 347 383 56 41 19 282 104 160 282 358 524 161 401 400 326 85
split_gain=181187 66742.5 50381.5 29257.2 18655.6 17511.4 17381.6 16921.9 16529.6 11713.1 11668.8 9849.53 9688.93 9162.78 8235.25 8176.12 9366.61 8068.77 7628.3 7591 6869.6 6559.57 5949.78 5402.3 5377.8 4892.88 4707.46 4668.15 4652.65 4584.49
threshold=10.500000000000002 56.500000000000007 16.500000000000004 29.500000000000004 5.5000000000000009 216.75000000000003 13.500000000000002 5.5000000000000009 6.5000000000000009 6.5000000000000009 35.500000000000007 8.0000000000000018 16.500000000000004 13.500000000000002 8.0000000000000018 13.500000000000002 20.000000000000004 8.0000000000000018 20.000000000000004 6.5000000000000009 24.500000000000004 24.500000000000004 5.5000000000000009 24.500000000000004 58.500000000000007 4.5000000000000009 20.000000000000004 20.000000000000004 10.500000000000002 20.000000000000004
decision_type=2 2 2 2 2 10 2 2 2 2 2 2 2 2 2 2 2 2 2 2 2 2 2 2 2 2 2 2 2 2
left_child=1 4 8 10 25 7 -5 29 24 -10 11 -4 -8 22 -7 27 -17 -6 -13 -16 -12 23 -9 -15 -2 -1 -24 -11 -26 -3
right_child=2 5 3 6 17 14 12 13 9 15 20 18 -14 21 19 16 -18 -19 -20 -21 -22 -23 26 -25 28 -27 -28 -29 -30 -31
leaf_value=-0.10654765295262317 -0.035357011076671142 -0.044532500997659194 0.022100212433946186 0.097757777842747362 -0.059291270194483971 0.019255303546525479 0.17890521570088264 -0.027113093650489188 0.012651470381952509 0.028170614027557432 0.1085099849736279 0.072345464544820035 0.33028385109991831 0.020368537800017104 0.063246699646626436 0.088200878210515102 0.222684075342897 -0.0068861112682367213 0.16807425922821037 0.20929324026896648 0.23775216757514409 0.1403571750489607 0.0086658137410520267 0.11993041453178625 -0.0089663980200973738 -0.071915785577752522 0.091316158126435468 0.092459787961238937 0.056249903275569169 0.0067693225035078486
leaf_weight=2065 815 2523 689 241 1780 339 189 1279 1011 689 258 732 264 924 206 480 187 1333 307 168 183 181 1272 167 670 2182 208 511 491 549
leaf_count=2065 815 2523 689 241 1780 339 189 1279 1011 689 258 732 264 924 206 480 187 1333 307 168 183 181 1272 167 670 2182 208 511 491 549
internal_value=0.000280309 -0.0320172 0.0637987 0.117366 -0.0668111 0.000743641 0.208379 -0.00688848 0.0321985 0.0568171 0.0882347 0.0693459 0.267178 0.0148011 0.0768088 0.0807207 0.12594 -0.0368587 0.100654 0.128913 0.162194 0.0505508 -0.00167231 0.0356301 -0.00364613 -0.0887602 0.0202974 0.0555667 0.018594 -0.0353566
internal_weight=22893 15176 7717 2863 7360 7816 694 7103 4854 2878 2169 1728 453 4031 713 1867 667 3113 1039 374 441 1272 2759 1091 1976 4247 1480 1200 1161 3072
internal_count=22893 15176 7717 2863 7360 7816 694 7103 4854 2878 2169 1728 453 4031 713 1867 667 3113 1039 374 441 1272 2759 1091 1976 4247 1480 1200 1161 3072
is_linear=0
shrinkage=0.0161


Tree=8
num_leaves=31
num_cat=0
split_feature=222 487 343 163 257 400 103 101 246 401 173 386 285 195 291 372 201 222 76 401 223 526 221 105 163 534 411 325 316 499
split_gain=177356 78208.5 43250.8 30344.1 25447.2 16038 15477 12885.1 12620 10116.1 10029 10589 9002.21 8823.18 8110.03 8004.38 9298.91 7998.57 7850 9530.26 7699.86 7213.94 6732.6 6610.16 8622.89 6447.14 6203.4 5904.57 5867.74 5776.08
threshold=13.500000000000002 79.500000000000014 10.500000000000002 6.5000000000000009 13.500000000000002 35.500000000000007 5.5000000000000009 13.500000000000002 8.0000000000000018 6.5000000000000009 13.500000000000002 20.000000000000004 8.0000000000000018 5.5000000000000009 8.0000000000000018 10.500000000000002 8.0000000000000018 4.5000000000000009 10.500000000000002 20.000000000000004 13.500000000000002 141.50000000000003 13.500000000000002 10.500000000000002 6.5000000000000009 150.50000000000003 16.500000000000004 10.500000000000002 10.500000000000002 204.50000000000003
decision_type=2 2 2 2 2 2 2 2 2 2 2 2 2 2 2 2 2 2 2 2 2 2 2 2 2 2 2 2 2 2
left_child=1 3 13 17 7 12 14 -4 22 -5 25 21 -6 -2 -3 -14 -17 -1 -9 -20 -11 -12 -8 -15 -25 -10 -26 -23 -22 -16
right_child=2 6 4 9 5 -7 8 18 10 20 11 -13 15 23 29 16 -18 -19 19 -21 28 27 -24 24 26 -27 -28 -29 -30 -31
leaf_value=-0.094893404527145939 -0.02066217381487883 -0.041225621408309328 0.028872179197949526 -0.046554356045408724 0.068162895174679619 0.26258036337705309 -0.012805231865943215 0.059929015582560939 0.0015492324676124655 -0.017003800857141562 -0.0018561648087060151 0.19729985826358176 0.11467032443567395 0.018108894328381225 -0.0058325648590881853 0.12785499700337927 0.2777785570522765 -0.057808572413553791 0.065786045666238829 0.20295719110873456 0.0053035809032673468 0.047325679925458115 0.051165259468258589 0.0032002296103564865 0.080041478101832264 0.069800276213032739 0.20179869287568092 0.18439785482748303 0.10390073991207345 0.073643042984136084
leaf_weight=3437 781 1546 931 1685 382 312 1595 423 766 1079 230 229 460 1051 975 194 242 2694 210 353 318 164 582 248 336 676 161 163 309 313
leaf_count=3437 781 1546 931 1685 382 312 1595 423 766 1079 230 229 460 1051 975 194 242 2694 210 353 318 164 582 248 336 676 161 163 309 313
internal_value=0.00012365 -0.0269023 0.0745822 -0.0572262 0.111382 0.159014 0.0129817 0.071862 0.0318659 -0.0185715 0.058804 0.105085 0.133712 0.0244934 -0.0163625 0.161631 0.211123 -0.0786019 0.11243 0.151834 0.0090532 0.0671299 0.00428585 0.0441427 0.0808379 0.0335612 0.119531 0.115724 0.0539321 0.0134627
internal_weight=22845 16761 6084 9522 3507 1590 7239 1917 4405 3391 2228 786 1278 2577 2834 896 436 6131 986 563 1706 557 2177 1796 745 1442 497 327 627 1288
internal_count=22845 16761 6084 9522 3507 1590 7239 1917 4405 3391 2228 786 1278 2577 2834 896 436 6131 986 563 1706 557 2177 1796 745 1442 497 327 627 1288
is_linear=0
shrinkage=0.0161


Tree=9
num_leaves=31
num_cat=0
split_feature=163 401 495 282 284 546 222 490 504 199 40 375 138 400 412 402 558 517 256 339 475 222 174 164 343 420 13 75 484 99
split_gain=176140 58554.9 49038.4 30709 17200.5 15160 12165.8 12113.8 10996.5 12696.1 8459.4 8439.39 8218.61 7076.59 6801.83 6789.86 6747.67 8679.47 6880.64 6305.8 5841.97 5770.12 5337.2 5234.85 4912.8 4842.97 4841.84 4598.74 4396.77 4372.52
threshold=8.0000000000000018 10.500000000000002 43.500000000000007 16.500000000000004 20.000000000000004 91.649997711181655 6.5000000000000009 180.50000000000003 161.50000000000003 13.500000000000002 24.500000000000004 16.500000000000004 5.5000000000000009 13.500000000000002 10.500000000000002 5.5000000000000009 177.15000152587893 211.50000000000003 8.0000000000000018 5.5000000000000009 20.000000000000004 13.500000000000002 10.500000000000002 10.500000000000002 10.500000000000002 13.500000000000002 4.5000000000000009 10.500000000000002 72.500000000000014 20.000000000000004
decision_type=2 2 2 2 2 8 2 2 2 2 2 2 2 2 2 2 10 2 2 2 2 2 2 2 2 2 2 2 2 2
left_child=2 5 6 16 11 21 -1 10 9 -6 15 13 26 -5 25 28 18 -18 -3 -16 -13 -2 -12 -9 -17 29 -7 -15 -4 -14
right_child=1 3 7 4 8 12 -8 23 -10 -11 22 20 14 27 19 24 17 -19 -20 -21 -22 -23 -24 -25 -26 -27 -28 -29 -30 -31
leaf_value=-0.090956496815205901 -0.051705738481303595 0.0054959938816214219 -0.077734911784385588 0.023807628460741307 0.15844440481576746 -0.065975179080544996 -0.038208941037538087 0.0061424710770128128 0.10127713684476856 0.31470172630706139 -0.011543758529013851 0.11619150946183085 -0.016933074243048726 0.059682691413481273 0.13832286192882204 -0.025544943875650095 0.166506529953972 0.02437275247467376 0.065482018953855359 0.05039512123320368 0.22279452573824601 0.026792242445888549 0.072898560233193563 0.067347139978890108 0.028120845285305607 0.06493788984173561 0.012406275832798068 0.15861828733373959 -0.033722706034777263 0.075325707737344261
leaf_weight=3994 1076 943 962 453 283 274 1585 1219 236 259 451 522 708 231 313 1910 261 195 1047 656 180 313 340 516 575 461 802 260 1523 164
leaf_count=3994 1076 943 962 453 283 274 1585 1219 236 259 451 522 708 231 313 1910 261 195 1047 656 180 313 340 516 575 461 802 260 1523 164
internal_value=-0.00133884 0.0508849 -0.0398324 0.0901496 0.130768 0.0107669 -0.0759751 -0.0129296 0.193183 0.233157 -0.0241636 0.101252 0.0291815 0.0697663 0.0463521 -0.0319488 0.0498871 0.105777 0.0370683 0.0788213 0.143559 -0.0339999 0.0247228 0.0243587 -0.0131178 0.0227316 -0.00753144 0.11212 -0.0507703 0.000391357
internal_weight=22712 9637 13075 4870 2424 4767 5579 7496 778 542 5761 1646 3378 944 2302 4970 2446 456 1990 969 702 1389 791 1735 2485 1333 1076 491 2485 872
internal_count=22712 9637 13075 4870 2424 4767 5579 7496 778 542 5761 1646 3378 944 2302 4970 2446 456 1990 969 702 1389 791 1735 2485 1333 1076 491 2485 872
is_linear=0
shrinkage=0.0161


Tree=10
num_leaves=31
num_cat=0
split_feature=222 518 163 41 488 163 463 285 182 162 42 161 501 558 174 460 102 231 376 548 44 163 206 237 163 256 163 302 299 81
split_gain=167168 59349.4 48737.3 28087.6 22542.5 19751.3 16408.1 12703 11378 10120.4 9975.4 9850.68 9228.2 13300.5 7732.37 7240.63 6592.23 6544.19 6428.05 6377.82 5815.11 5358.04 5937.7 5320.94 6064.78 5399.51 4883.02 4855.69 4783.43 4771.47
threshold=10.500000000000002 72.500000000000014 10.500000000000002 24.500000000000004 226.50000000000003 6.5000000000000009 24.500000000000004 13.500000000000002 8.0000000000000018 4.5000000000000009 29.500000000000004 10.500000000000002 160.50000000000003 205.94999694824222 10.500000000000002 20.000000000000004 10.500000000000002 24.500000000000004 24.500000000000004 71.750000000000014 5.5000000000000009 4.5000000000000009 20.000000000000004 8.0000000000000018 29.500000000000004 8.0000000000000018 8.0000000000000018 10.500000000000002 13.500000000000002 13.500000000000002
decision_type=2 2 2 2 2 2 2 2 2 2 2 2 2 10 2 2 2 2 2 8 2 2 2 2 2 2 2 2 2 2
left_child=1 5 11 7 9 19 -5 20 -6 -3 -8 -2 -10 -14 26 21 -7 23 -13 -1 -4 -16 29 24 -9 -25 -11 -22 -29 -23
right_child=2 4 3 6 8 16 10 17 12 14 -12 18 13 -15 15 -17 -18 -19 -20 -21 27 22 -24 25 -26 -27 -28 28 -30 -31
leaf_value=-0.10816951660182801 -0.015663549340753986 -0.034498318821243316 -0.021507371553719849 0.11521454848022816 0.020082353075949709 -0.041706367437473524 0.15656570658378877 0.012532411262804261 0.031663126231492061 -0.028978883663429933 0.30582675212834881 0.0281807574380155 0.275646105466269 0.072113145289838324 -0.039291055940084467 0.11588668269458323 0.01214160732768854 0.19373288534699629 0.12368492919069671 -0.068083665383474282 0.032970614648266089 -0.018726028829202802 0.12137602142878176 0.050145873157648943 0.13201955422878409 0.16232611674752051 0.020159123199699858 0.055727793484862176 0.14525121039422478 0.079307066549096389
leaf_weight=1372 1603 2340 300 843 515 1970 224 314 172 1327 243 1332 172 162 279 261 840 202 212 4150 997 354 189 160 170 370 866 415 248 202
leaf_count=1372 1603 2340 300 843 515 1970 224 314 172 1327 243 1332 172 162 279 261 840 202 212 4150 997 354 189 160 170 370 866 415 248 202
internal_value=-0.000591463 -0.0315123 0.0608624 0.0949375 0.00363278 -0.0603627 0.157679 0.0690512 0.0734109 -0.00860853 0.234283 0.0122813 0.127641 0.176997 0.00880337 0.0401675 -0.0256011 0.109943 0.0413093 -0.0780477 0.0436696 0.0208451 0.0433974 0.0932279 0.0545497 0.128505 -0.0095639 0.0554627 0.0892502 0.016848
internal_weight=22804 15171 7633 4486 6839 8332 1310 3176 1021 5818 467 3147 506 334 3478 1285 2810 1216 1544 5522 1960 1024 745 1014 484 530 2193 1660 663 556
internal_count=22804 15171 7633 4486 6839 8332 1310 3176 1021 5818 467 3147 506 334 3478 1285 2810 1216 1544 5522 1960 1024 745 1014 484 530 2193 1660 663 556
is_linear=0
shrinkage=0.0161


Tree=11
num_leaves=31
num_cat=0
split_feature=162 485 343 401 76 103 164 283 164 462 162 137 484 435 232 547 147 421 524 112 551 161 494 366 460 144 221 463 492 123
split_gain=165083 59029.3 50420.5 21832.2 19523.2 17298.3 15110 12711.9 11262.7 9675.88 9513.94 7652.93 7587.28 7448.79 8100.61 7426.28 7147.93 6746.95 6581.44 6985.15 7882.22 6275.37 5968.15 5882.68 5633.75 5783.56 5599.82 5581 5554.83 5303.87
threshold=10.500000000000002 61.500000000000007 13.500000000000002 16.500000000000004 29.500000000000004 8.0000000000000018 10.500000000000002 5.5000000000000009 8.0000000000000018 5.5000000000000009 35.500000000000007 6.5000000000000009 31.500000000000004 5.5000000000000009 4.5000000000000009 216.75000000000003 29.500000000000004 10.500000000000002 150.50000000000003 16.500000000000004 209.25000000000003 8.0000000000000018 137.50000000000003 35.500000000000007 43.500000000000007 6.5000000000000009 10.500000000000002 10.500000000000002 13.500000000000002 6.5000000000000009
decision_type=2 2 2 2 2 2 2 2 2 2 2 2 2 2 2 10 2 2 2 2 8 2 2 2 2 2 2 2 2 2
left_child=1 5 7 11 8 28 9 26 -5 -3 -6 -4 -9 -10 -15 29 23 -13 -8 -20 -21 -7 -19 -14 25 -16 -2 -23 -1 -11
right_child=2 6 3 4 10 21 18 12 13 15 -12 17 16 14 24 -17 -18 22 19 20 -22 27 -24 -25 -26 -27 -28 -29 -30 -31
leaf_value=-0.10073330024340768 -0.040456150505441886 -0.040424122897313834 0.00601903275730862 0.030684877661237918 0.1708547674102642 -0.04745431922711621 0.0094895627743343293 -0.0023855667862932861 0.042005213668843903 -0.028891730052838595 0.32240622310242056 0.044594254985252622 0.038756377874801171 0.06698453941842035 0.091937815310585619 0.088627808238752784 0.14037339940200533 0.085984306818720449 0.034518122319257341 0.049236275673630328 0.20359834953795103 -0.032974137183068526 0.19714439916226428 0.13714929673836715 0.26329332553080198 0.19713296945509606 0.020081985394730776 0.049787719610141348 -0.066395366871529415 0.018620629543316253
leaf_weight=2125 884 2274 467 332 253 1604 1395 700 179 1155 188 577 1688 210 222 248 246 379 744 182 163 440 188 174 166 352 717 406 2889 1288
leaf_count=2125 884 2274 467 332 253 1604 1395 700 179 1155 188 577 1688 210 222 248 246 379 744 182 163 440 188 174 166 352 717 406 2889 1288
internal_value=-0.000266223 -0.0318181 0.0591266 0.104632 0.141579 -0.0638174 0.000242479 0.0228636 0.113209 -0.0159734 0.235515 0.0609954 0.0435079 0.137456 0.155416 0.00467972 0.0587589 0.0834171 0.0326641 0.0623288 0.122235 -0.0287394 0.122883 0.0479636 0.180479 0.156489 -0.0133297 0.00671591 -0.0809529 -0.0038326
internal_weight=22835 14913 7922 3513 1902 7464 7449 4409 1461 4965 441 1611 2808 1129 950 2691 2108 1144 2484 1089 345 2450 567 1862 740 574 1601 846 5014 2443
internal_count=22835 14913 7922 3513 1902 7464 7449 4409 1461 4965 441 1611 2808 1129 950 2691 2108 1144 2484 1089 345 2450 567 1862 740 574 1601 846 5014 2443
is_linear=0
shrinkage=0.0161


Tree=12
num_leaves=31
num_cat=0
split_feature=222 481 343 315 41 283 463 299 175 402 221 291 208 484 226 190 373 283 161 252 184 222 402 400 573 106 83 19 105 77
split_gain=160294 55528.8 47585.9 25848.9 22183.8 19236.4 14167.7 12330.4 10215.4 8932.93 7992.56 7909.24 7827.86 7420.22 6966.39 6860.6 6509.33 6496.76 6248.11 6244.44 5860.17 5572.42 5402.1 5245.75 5393.25 4663.53 4457.41 4398.65 4324.71 4281.41
threshold=10.500000000000002 68.500000000000014 10.500000000000002 10.500000000000002 29.500000000000004 5.5000000000000009 24.500000000000004 10.500000000000002 24.500000000000004 10.500000000000002 13.500000000000002 20.000000000000004 13.500000000000002 146.50000000000003 13.500000000000002 13.500000000000002 16.500000000000004 8.0000000000000018 6.5000000000000009 10.500000000000002 5.5000000000000009 6.5000000000000009 4.5000000000000009 16.500000000000004 205.94999694824222 13.500000000000002 16.500000000000004 10.500000000000002 4.5000000000000009 8.0000000000000018
decision_type=2 2 2 2 2 2 2 2 2 2 2 2 2 2 2 2 2 2 2 2 2 2 2 2 8 2 2 2 2 2
left_child=1 5 13 15 8 22 25 10 18 -7 14 16 -13 17 -3 -4 -9 -2 -5 -18 -17 -16 -1 -15 -25 -6 -19 -20 -12 -11
right_child=2 7 3 4 6 9 -8 11 -10 29 28 12 -14 23 21 20 19 26 27 -21 -22 -23 -24 24 -26 -27 -28 -29 -30 -31
leaf_value=-0.099356427663295388 -0.017437504756274057 -0.037644783013844926 0.026678072619098152 0.034876726266024088 0.097531558838781701 -0.048822310412455133 0.29812720852761576 -0.000422993627113773 0.18385158997725565 -0.027646918883586613 -0.038909109588370759 0.037598778105902377 0.16109473628624676 0.027427477833600205 -0.0087888819426514015 0.17828223419377268 -0.0037134567668365179 0.014715049540308205 0.06969905639722565 0.11452166534371293 0.060901325504084183 0.085019106488552709 -0.063320651728686186 0.17061608648132004 0.041559095468929046 0.20944311254438899 0.095999060954921334 0.1384933583567203 0.051086819126409388 0.036239056824744681
leaf_weight=2319 1626 2675 1159 478 218 2578 276 1616 315 514 177 368 209 679 654 160 193 648 458 288 358 219 2026 166 171 175 240 513 631 577
leaf_count=2319 1626 2675 1159 478 218 2578 276 1616 315 514 177 368 209 679 654 160 193 648 458 288 358 219 2026 166 171 175 240 513 631 577
internal_value=-0.000162981 -0.0306633 0.0598925 0.0971315 0.130659 -0.059634 0.209633 0.00235902 0.100694 -0.0324787 -0.0143434 0.0295763 0.0823721 0.0165282 -0.0247544 0.0484763 0.0150381 0.00167929 0.0826 0.0670312 0.0972034 0.0147167 -0.082559 0.0532473 0.1052 0.147425 0.0367102 0.106069 0.0313432 0.00611905
internal_weight=22684 15044 7640 4110 2433 8014 669 7030 1764 3669 4356 2674 577 3530 3548 1677 2097 2514 1449 481 518 873 4345 1016 337 393 888 971 808 1091
internal_count=22684 15044 7640 4110 2433 8014 669 7030 1764 3669 4356 2674 577 3530 3548 1677 2097 2514 1449 481 518 873 4345 1016 337 393 888 971 808 1091
is_linear=0
shrinkage=0.0161


Tree=13
num_leaves=31
num_cat=0
split_feature=282 283 496 340 281 499 259 225 196 530 400 402 135 283 287 160 463 61 250 478 561 423 101 403 342 281 76 442 342 254
split_gain=150667 48605.1 41927.1 36427.4 13239.8 13102.9 12849.5 12586.7 12527.6 10692.3 10374.9 9804.97 9576.75 9367.49 8130.42 7209.27 6809.9 6788.19 6269.62 6227.59 5940.41 7064.75 5769.12 5478.58 4909.17 4781.3 4632.73 4590.18 4580.49 4565.45
threshold=8.0000000000000018 8.0000000000000018 43.500000000000007 20.000000000000004 16.500000000000004 191.50000000000003 16.500000000000004 16.500000000000004 6.5000000000000009 116.50000000000001 35.500000000000007 10.500000000000002 10.500000000000002 8.0000000000000018 20.000000000000004 20.000000000000004 20.000000000000004 16.500000000000004 13.500000000000002 43.500000000000007 149.65000152587893 10.500000000000002 8.0000000000000018 8.0000000000000018 13.500000000000002 6.5000000000000009 13.500000000000002 24.500000000000004 5.5000000000000009 6.5000000000000009
decision_type=2 2 2 2 2 2 2 2 2 2 2 2 2 2 2 2 2 2 2 2 10 2 2 2 2 2 2 2 2 2
left_child=2 9 13 7 -5 11 12 17 -9 23 -8 19 -6 25 -7 27 -10 22 -19 29 21 -18 -3 -2 -24 -1 -13 -11 -15 -4
right_child=1 3 5 4 6 14 10 8 16 15 -12 26 -14 28 -16 -17 20 18 -20 -21 -22 -23 24 -25 -26 -27 -28 -29 -30 -31
leaf_value=-0.09346299527597067 -0.037256036209751021 -0.0091388254119094594 -0.051842635430053213 0.077003938931828622 0.058718366239410437 0.012740079458499642 0.16180768728018941 0.0073773847979826121 0.076254761323759204 0.0017567313617277576 0.34088435918473242 -0.0029506674932274954 0.17590119061467749 -0.059390172318527334 0.1088383708051346 0.10513069661812977 0.12793694023877256 0.039128702812305953 0.13117086155535546 0.047984165329619188 0.083673616698709721 0.27776997285430555 -0.0057808205509976103 0.01363608338667187 0.066929760391390092 -0.056592587848073889 0.068095761027563317 0.088684969003429606 0.00040487012522862466 -0.01912123853451983
leaf_weight=2962 1569 1110 2387 626 283 1118 166 332 434 900 171 668 504 764 287 309 163 574 289 237 161 165 358 842 731 1323 369 191 586 2064
leaf_count=2962 1569 1110 2387 626 283 1118 166 332 434 900 171 668 504 764 287 309 163 574 289 237 161 165 358 842 731 1323 369 191 586 2064
internal_value=-0.00107238 0.0461376 -0.0376069 0.0744427 0.136412 -0.0116633 0.169478 0.0493164 0.0922671 0.00107038 0.252744 -0.0224779 0.133793 -0.0704294 0.0323869 0.036466 0.122776 0.0317049 0.0699789 -0.0323896 0.164017 0.203382 0.0166735 -0.0194731 0.0430051 -0.0820847 0.0223074 0.0169967 -0.0334173 -0.0366745
internal_weight=22643 9878 12765 6067 1750 7130 1124 4317 1255 3811 337 5725 787 5635 1405 1400 923 3062 863 4688 489 328 2199 2411 1089 4285 1037 1091 1350 4451
internal_count=22643 9878 12765 6067 1750 7130 1124 4317 1255 3811 337 5725 787 5635 1405 1400 923 3062 863 4688 489 328 2199 2411 1089 4285 1037 1091 1350 4451
is_linear=0
shrinkage=0.0161


Tree=14
num_leaves=31
num_cat=0
split_feature=282 528 460 15 226 223 162 223 489 76 283 211 172 167 221 388 292 175 136 586 27 515 549 312 592 318 386 195 104 384
split_gain=150362 54439.9 41432.1 21050.4 17927.1 17860 16638.6 16121.5 11578.5 10275.7 9732.35 8169.53 7847.05 7404.09 7089.84 6842.91 6348.36 5703.1 5591.33 9006.21 5956.66 5529.12 5453.03 5440.89 5404.72 5076.23 6399.52 4665.25 4566.67 4346.49
threshold=13.500000000000002 57.500000000000007 16.500000000000004 24.500000000000004 16.500000000000004 10.500000000000002 5.5000000000000009 10.500000000000002 222.50000000000003 29.500000000000004 8.0000000000000018 6.5000000000000009 5.5000000000000009 20.000000000000004 16.500000000000004 10.500000000000002 8.0000000000000018 24.500000000000004 6.5000000000000009 255.05000305175784 29.500000000000004 35.500000000000007 198.94999694824222 20.000000000000004 189.94999694824222 16.500000000000004 8.0000000000000018 4.5000000000000009 8.0000000000000018 20.000000000000004
decision_type=2 2 2 2 2 2 2 2 2 2 2 2 2 2 2 2 2 2 2 8 2 2 10 2 10 2 2 2 2 2
left_child=1 6 7 10 23 8 21 24 11 16 -4 -3 -7 -10 28 -11 -9 -18 20 -20 -13 -1 27 -5 -2 29 -27 -12 -8 -14
right_child=2 5 3 4 -6 12 14 9 13 15 22 18 25 -15 -16 -17 17 -19 19 -21 -22 -23 -24 -25 -26 26 -28 -29 -30 -31
leaf_value=-0.087726023268788561 -0.01170596787913324 -0.040304992506250144 0.025395778781691691 0.091397608294150709 0.29676635106076987 -0.0017706381763616112 -0.057138990628217257 0.016067492120501677 0.020560614527559296 0.075448565268286555 0.021613607833208301 -0.034985165263338648 0.024763067719663204 0.14146392528450083 0.021104996966744623 0.20872125988172868 0.056695367590815483 0.15532765580655927 0.0029584601487933062 0.11063576871220782 0.068500239781536312 -0.048364959930650417 0.19560947658823719 0.20103763843732153 0.074228943099313743 0.17460858199990265 0.053215569723228176 0.1137432888306258 -0.013656930991606517 0.10041070853028213
leaf_weight=3205 1558 2645 474 313 264 745 1584 875 662 216 174 1241 827 164 607 187 785 189 1073 248 163 1305 173 189 216 202 256 803 1038 259
leaf_count=3205 1558 2645 474 313 264 745 1584 875 662 216 174 1241 827 164 607 187 785 189 1073 248 163 1305 173 189 216 202 256 803 1038 259
internal_value=0.000608379 -0.0254827 0.066588 0.119693 0.189291 0.00268045 -0.0563637 0.035057 -0.0115139 0.0636518 0.0868505 -0.0201487 0.0411129 0.0445941 -0.0284526 0.137348 0.0475765 0.0758587 -0.000575539 0.0231912 -0.0229541 -0.0763418 0.11216 0.132723 -0.00122937 0.0618201 0.106807 0.0973594 -0.0399342 0.0428259
internal_weight=22640 16224 6416 2390 766 8485 7739 4026 6196 2252 1624 5370 2289 826 3229 403 1849 974 2725 1321 1404 4510 1150 502 1774 1544 458 977 2622 1086
internal_count=22640 16224 6416 2390 766 8485 7739 4026 6196 2252 1624 5370 2289 826 3229 403 1849 974 2725 1321 1404 4510 1150 502 1774 1544 458 977 2622 1086
is_linear=0
shrinkage=0.0161


Tree=15
num_leaves=31
num_cat=0
split_feature=163 162 488 105 521 221 402 488 462 434 224 221 302 102 102 246 298 460 283 204 74 400 305 412 417 16 101 4 423 216
split_gain=149686 59898.5 40206.9 21294.2 18237.5 17077 13364.7 12751.2 12057.3 10834.3 9547.9 8553.13 7764.73 7275.75 7093.72 6388.51 6265.85 6227.74 6001.37 5490.03 5386.54 5294.14 6708.68 5194.09 5104.39 4799.63 4734.28 4615.94 4341.57 4329.85
threshold=8.0000000000000018 13.500000000000002 73.500000000000014 10.500000000000002 157.50000000000003 13.500000000000002 5.5000000000000009 246.50000000000003 20.000000000000004 29.500000000000004 6.5000000000000009 10.500000000000002 16.500000000000004 6.5000000000000009 13.500000000000002 13.500000000000002 6.5000000000000009 29.500000000000004 8.0000000000000018 8.0000000000000018 6.5000000000000009 13.500000000000002 10.500000000000002 10.500000000000002 20.000000000000004 8.0000000000000018 16.500000000000004 20.000000000000004 10.500000000000002 16.500000000000004
decision_type=2 2 2 2 2 2 2 2 2 2 2 2 2 2 2 2 2 2 2 2 2 2 2 2 2 2 2 2 2 2
left_child=2 4 6 18 10 15 -1 11 28 21 -2 16 -9 29 -8 -5 -4 24 -3 -18 -20 -10 -23 -17 -6 -22 -15 -13 -7 -12
right_child=1 3 7 5 17 8 14 12 9 -11 13 27 -14 26 -16 23 19 -19 20 -21 25 22 -24 -25 -26 -27 -28 -29 -30 -31
leaf_value=-0.081034596564421399 -0.035657732959357528 0.0048869178326047596 -0.049956825200613418 0.04378259669187147 0.031473872978185373 0.063490797633026258 -0.052438590979241216 0.030199528157803881 0.088751297103722482 0.28316504642682794 -0.030043790449688256 0.0044910370751236528 0.15903210649821634 0.019374017051204329 0.00054301192594561622 0.069994953796799847 -0.030711037656225775 0.15405492694463413 0.020895141020275843 0.023959130936987354 0.03152391649402167 0.26058614524724777 0.12143143938926385 0.19108531606502971 0.11029221189971983 0.11319044532470357 0.085293345506274834 0.07345183962009906 0.15198173981820731 0.048940287745197139
leaf_weight=4059 1634 525 1625 665 940 317 2220 468 187 271 928 1195 164 862 928 195 1102 168 417 838 259 190 172 175 276 675 421 319 265 223
leaf_count=4059 1634 525 1625 665 940 317 2220 468 187 271 928 1195 164 862 928 195 1102 168 417 838 259 190 172 175 276 675 421 319 265 223
internal_value=-0.000477095 0.0470913 -0.0364369 0.0919238 0.0116205 0.123318 -0.0617218 -0.00452442 0.159951 0.199759 -0.00554959 -0.0130145 0.063668 0.014653 -0.0368126 0.0736729 -0.0266327 0.0621058 0.0511289 -0.00708365 0.0690811 0.158545 0.194533 0.127331 0.0493829 0.0905694 0.0410229 0.0190366 0.103824 -0.0147206
internal_weight=22683 9765 12918 4313 5452 2437 7207 5711 1402 820 4068 5079 632 2434 3148 1035 3565 1384 1876 1940 1351 549 362 370 1216 934 1283 1514 582 1151
internal_count=22683 9765 12918 4313 5452 2437 7207 5711 1402 820 4068 5079 632 2434 3148 1035 3565 1384 1876 1940 1351 549 362 370 1216 934 1283 1514 582 1151
is_linear=0
shrinkage=0.0161


Tree=16
num_leaves=31
num_cat=0
split_feature=163 401 487 342 136 165 298 489 102 135 400 291 102 164 221 314 20 577 532 164 483 489 56 586 469 73 435 593 382 527
split_gain=142781 52998.1 46425.2 24681 20520.3 14886.9 14145.7 13253.9 12251.3 11835.2 11278.7 7602.03 7559.59 6955.03 6854.62 6777.33 6693.57 6544.52 6449.48 5903.11 5865.76 6596.57 5583.48 6674.72 5574.38 5138.15 4950.95 4876.15 4742.48 4550.46
threshold=8.0000000000000018 10.500000000000002 73.500000000000014 10.500000000000002 8.0000000000000018 16.500000000000004 8.0000000000000018 215.50000000000003 10.500000000000002 10.500000000000002 20.000000000000004 8.0000000000000018 29.500000000000004 4.5000000000000009 13.500000000000002 29.500000000000004 10.500000000000002 142.34999847412112 43.500000000000007 3.5000000000000004 48.500000000000007 83.500000000000014 10.500000000000002 158.65000152587893 35.500000000000007 16.500000000000004 8.0000000000000018 198.94999694824222 8.0000000000000018 9.5000000000000018
decision_type=2 2 2 2 2 2 2 2 2 2 2 2 2 2 2 2 2 8 2 2 2 2 2 8 2 2 2 10 2 2
left_child=2 9 8 -3 25 14 19 15 29 18 17 -9 -12 -11 -6 24 -13 -7 -2 -4 -15 -22 -16 -24 -8 -5 -21 -23 -27 -1
right_child=1 3 6 4 5 10 7 11 -10 13 12 16 -14 20 22 -17 -18 -19 -20 26 21 27 23 -25 -26 28 -28 -29 -30 -31
leaf_value=-0.096350242268981492 -0.041140624901800642 0.028081381158346051 -0.062049253548439882 0.027586185169792589 0.053263295852572612 0.20031025361992569 -0.0089393056228097012 0.021885105049152101 -0.025094354983388821 -0.037183811404335583 0.17642743230378546 0.21804394394842738 0.32006027475173637 0.0092996606583838522 0.088917725825897381 0.097478063570956355 0.072517433689766417 0.078025627078855159 0.0071742924612968615 -0.034167632347618299 0.15034036588269267 0.032657584309517734 0.11171124730278033 0.23032547627882197 0.088422410670033688 0.0425909529780839 0.014805215096269564 0.13022455053303753 0.15888337173579301 -0.064367526910770287
leaf_weight=1640 1132 1459 822 772 474 212 1864 215 1765 249 179 164 205 500 485 199 165 246 1948 1146 241 612 271 227 166 182 1003 170 183 3923
leaf_count=1640 1132 1459 822 772 474 212 1864 215 1765 249 179 164 205 500 485 199 165 246 1948 1146 241 612 271 227 166 182 1003 170 183 3923
internal_value=-0.000433054 0.0462048 -0.0352099 0.0835824 0.107142 0.134818 -0.000935506 0.0252124 -0.0620724 0.00849116 0.188745 0.096465 0.253168 0.0416449 0.103638 0.0078122 0.145131 0.13468 -0.0105754 -0.0253487 0.0545483 0.076641 0.127904 0.165826 -0.000966113 0.0511617 -0.0112996 0.0538979 0.100961 -0.0738004
internal_weight=22819 9747 13072 4895 3436 2299 5744 2773 7328 4852 842 544 384 1772 1457 2229 329 458 3080 2971 1523 1023 983 498 2030 1137 2149 782 365 5563
internal_count=22819 9747 13072 4895 3436 2299 5744 2773 7328 4852 842 544 384 1772 1457 2229 329 458 3080 2971 1523 1023 983 498 2030 1137 2149 782 365 5563
is_linear=0
shrinkage=0.0161


Tree=17
num_leaves=31
num_cat=0
split_feature=222 487 223 341 463 223 162 488 134 299 215 483 280 49 254 436 223 45 497 44 552 118 23 478 371 6 341 382 41 196
split_gain=134873 52286.2 43370.6 21687.1 15401.8 14714 14556.1 13842.9 10986.1 10468 9829.92 8803.93 8922.43 8121.95 9205.34 7990.31 6941.15 6679.94 6493.94 6228.71 5533.13 5419.51 5265.77 5225.31 5094.42 4845.08 4738.5 5334.49 4469.9 4404.05
threshold=10.500000000000002 68.500000000000014 16.500000000000004 35.500000000000007 24.500000000000004 5.5000000000000009 5.5000000000000009 242.50000000000003 35.500000000000007 10.500000000000002 16.500000000000004 219.50000000000003 6.5000000000000009 20.000000000000004 13.500000000000002 8.0000000000000018 10.500000000000002 16.500000000000004 246.50000000000003 16.500000000000004 151.55000305175784 13.500000000000002 29.500000000000004 43.500000000000007 13.500000000000002 13.500000000000002 10.500000000000002 16.500000000000004 8.0000000000000018 4.5000000000000009
decision_type=2 2 2 2 2 2 2 2 2 2 2 2 2 2 2 2 2 2 2 2 10 2 2 2 2 2 2 2 2 2
left_child=1 6 5 8 -5 20 29 9 15 19 25 12 -7 18 -15 -4 -8 28 23 26 -2 -19 -14 -11 -13 -9 -3 -28 -17 -1
right_child=2 7 3 4 -6 11 16 10 -10 13 -12 24 22 14 -16 17 -18 21 -20 -21 -22 -23 -24 -25 -26 -27 27 -29 -30 -31
leaf_value=-0.088989156811336317 -0.037603003228205763 -0.043491194088998875 0.023726727245412089 0.11085491255225566 0.27573954814824408 -0.004505926216160098 -0.042546756025419817 -0.00022173672854542954 0.17977571913490506 -0.014400902172340904 0.16605698517310777 0.064823614542208544 0.044015381050954802 0.031464132111917655 0.17332193626440856 0.0082188053335295486 0.014047542401061104 0.087311321246276136 0.10357113759912935 0.017191902115890782 0.038346332982809456 0.18323205697083358 0.12610188093854671 0.075425841752460615 0.17916989544695439 0.092520141514751519 -0.020412593663356661 0.081040102357120697 0.09154459797428631 -0.058607455836989758
leaf_weight=2446 1045 2252 675 301 288 1047 2365 387 262 1439 194 245 1671 374 174 283 736 342 160 866 326 278 231 190 173 234 578 175 409 2517
leaf_count=2446 1045 2252 675 301 288 1047 2365 387 262 1439 194 245 1671 374 174 283 736 342 160 866 326 278 231 190 173 234 578 175 409 2517
internal_value=-0.000680152 -0.0285134 0.0547445 0.10452 0.191518 0.0249246 -0.0564844 0.00360019 0.0817257 -0.00458623 0.0659864 0.0430314 0.0332186 0.0223158 0.0765495 0.0687853 -0.0291069 0.0919491 0.00568999 -0.0208336 -0.0195264 0.130359 0.0539973 -0.00390942 0.112205 0.0346866 -0.0317999 0.00313413 0.0575017 -0.0735857
internal_weight=22663 15087 7576 2838 589 4738 8064 7023 2249 6208 815 3367 2949 2337 548 1987 3101 1312 1789 3871 1371 620 1902 1629 418 621 3005 753 692 4963
internal_count=22663 15087 7576 2838 589 4738 8064 7023 2249 6208 815 3367 2949 2337 548 1987 3101 1312 1789 3871 1371 620 1902 1629 418 621 3005 753 692 4963
is_linear=0
shrinkage=0.0161


Tree=18
num_leaves=31
num_cat=0
split_feature=222 488 343 401 163 488 196 284 358 401 444 344 141 51 161 50 242 240 221 76 487 102 479 223 233 549 141 377 548 530
split_gain=128624 53854.4 43175.1 20765.9 19614.3 13805.2 13479 10139.1 9000.63 8959.96 8241.22 7922.45 7756.32 8472.65 7955.06 7335.54 9502.2 7466.88 6720.58 6949.65 6474.06 6385.44 5940.3 5826.17 5310.22 5130.54 6922.13 4312.91 4218.44 4109.89
threshold=10.500000000000002 72.500000000000014 10.500000000000002 20.000000000000004 5.5000000000000009 226.50000000000003 16.500000000000004 16.500000000000004 4.5000000000000009 43.500000000000007 20.000000000000004 8.0000000000000018 4.5000000000000009 29.500000000000004 8.0000000000000018 10.500000000000002 6.5000000000000009 10.500000000000002 10.500000000000002 10.500000000000002 215.50000000000003 10.500000000000002 6.5000000000000009 29.500000000000004 16.500000000000004 247.34999847412112 8.0000000000000018 8.0000000000000018 71.049999237060561 39.500000000000007
decision_type=2 2 2 2 2 2 2 2 2 2 2 2 2 2 2 2 2 2 2 2 2 2 2 2 2 8 2 2 8 2
left_child=1 4 18 11 28 8 22 -8 -3 -9 25 -4 -10 23 -15 -13 -17 -18 20 -20 -2 29 -5 -14 -21 -7 -27 -24 -1 -6
right_child=2 5 3 6 21 10 7 9 12 -11 -12 15 13 14 -16 16 17 -19 19 24 -22 -23 27 -25 -26 26 -28 -29 -30 -31
leaf_value=-0.10423367413858696 -0.020897535140270023 -0.036701332622861002 0.01476301010707186 0.038417611582700004 -0.054578971352082187 0.00069698784236597888 0.11671044470879245 0.16794819971531547 -0.027187734035920879 0.31557369050979739 0.14372927493902285 0.045143058918158001 0.0056602845319981112 0.028267974856633925 0.17438456562859153 0.042111824259144677 0.095808383542716188 0.22594189381761182 0.0043951453799387615 0.045099260730205905 0.079819176048355325 0.0076302836976182148 0.072379530233193878 0.10223925917189643 0.14086777495815184 0.15437589396817814 0.011019400359315992 0.15686091276077882 -0.067774950877069015 -0.011890288380350569
leaf_weight=1063 1560 1534 760 360 1680 465 364 247 1136 189 237 832 2540 223 171 288 232 227 904 581 185 1034 278 173 203 174 176 363 3691 899
leaf_count=1063 1560 1534 760 360 1680 465 364 247 1136 189 237 832 2540 223 171 288 232 227 904 581 185 1034 278 173 203 174 176 363 3691 899
internal_value=-4.26556e-05 -0.0270574 0.0541621 0.0891692 -0.0544397 0.00648841 0.130272 0.17957 -0.00327618 0.231996 0.0601325 0.0575107 0.0088027 0.0219693 0.0917438 0.0780711 0.114714 0.160218 0.0119387 0.0348454 -0.0102063 -0.0261534 0.0908486 0.0118275 0.0699265 0.0357939 0.0823553 0.120258 -0.0759321 -0.0397075
internal_weight=22769 15196 7573 4140 8367 6829 1801 800 5777 436 1052 2339 4243 3107 394 1579 747 459 3433 1688 1745 3613 1001 2713 784 815 350 641 4754 2579
internal_count=22769 15196 7573 4140 8367 6829 1801 800 5777 436 1052 2339 4243 3107 394 1579 747 459 3433 1688 1745 3613 1001 2713 784 815 350 641 4754 2579
is_linear=0
shrinkage=0.0161


Tree=19
num_leaves=31
num_cat=0
split_feature=163 487 281 162 135 104 222 500 221 257 196 162 104 496 411 385 161 194 109 221 409 342 231 488 299 261 579 104 224 194
split_gain=124210 49317.4 42489.1 17259.4 15211 14618.9 12923.6 11795.3 10924.8 8893.45 8725.21 8414.17 8283.12 7444.13 6792.83 6673.2 6485.61 5920.59 5956.74 5611.04 5071.07 4852.03 5229.72 4834.04 4798.12 4612.23 4581.16 4572.6 4555.18 4984.1
threshold=10.500000000000002 71.500000000000014 16.500000000000004 6.5000000000000009 13.500000000000002 29.500000000000004 8.0000000000000018 177.50000000000003 16.500000000000004 6.5000000000000009 6.5000000000000009 29.500000000000004 4.5000000000000009 93.500000000000014 24.500000000000004 24.500000000000004 8.0000000000000018 13.500000000000002 16.500000000000004 3.5000000000000004 8.0000000000000018 10.500000000000002 10.500000000000002 255.50000000000003 29.500000000000004 13.500000000000002 70.850002288818374 5.5000000000000009 8.0000000000000018 10.500000000000002
decision_type=2 2 2 2 2 2 2 2 2 2 2 2 2 2 2 2 2 2 2 2 2 2 2 2 2 2 8 2 2 2
left_child=1 3 6 26 21 28 7 24 12 -8 -10 -7 15 -12 16 -3 -11 23 -19 -5 -9 -4 -23 -14 -2 -18 -1 -21 -6 -30
right_child=2 8 4 19 5 11 9 20 10 14 13 -13 17 -15 -16 -17 25 18 -20 27 -22 22 -24 -25 -26 -27 -28 -29 29 -31
leaf_value=-0.10170195908466671 -0.026797073699762544 -0.045518463024807158 0.011506170501060359 -0.077223095073186754 0.063686559589982039 0.14723229334552773 0.0087914134439391022 0.014220665136946215 -0.0027488518551310047 0.022920301516199979 0.17895100505179984 0.30756929766737062 -0.010614657712616687 0.055589888932605878 0.13635772830972226 0.045736455228637403 0.062288611038076598 0.016401621884538933 0.10309446881758574 -0.040598634375978548 0.13129847935414549 0.049991024522562544 0.12735284908872876 0.064110611483052984 0.059264490181897639 0.15000314670115489 -0.064458629074820667 0.0045857268238345267 0.066666345367420457 0.16130224391063777
leaf_weight=1091 1805 1576 344 420 358 162 984 176 523 801 164 180 2449 564 319 239 508 685 294 966 212 544 390 247 185 225 4030 1453 203 507
leaf_count=1091 1805 1576 344 420 358 162 984 176 523 801 164 180 2449 564 319 239 508 685 294 966 212 544 390 247 185 225 4030 1453 203 507
internal_value=6.37164e-05 -0.0276069 0.051539 -0.0547439 0.103539 0.140015 0.0247317 -0.00294199 0.0044339 0.0479364 0.0473725 0.231689 -0.00534619 0.0834124 0.0687109 -0.033489 0.0546281 0.00854652 0.0424601 -0.0228915 0.0782517 0.0632769 0.0823193 -0.00375981 -0.0187845 0.0892454 -0.0723977 -0.0134484 0.110637 0.134278
internal_weight=22604 14701 7903 7960 2688 1410 5215 2378 6741 2837 1251 342 5490 728 1853 1815 1534 3675 979 2839 388 1278 934 2696 1990 733 5121 2419 1068 710
internal_count=22604 14701 7903 7960 2688 1410 5215 2378 6741 2837 1251 342 5490 728 1853 1815 1534 3675 979 2839 388 1278 934 2696 1990 733 5121 2419 1068 710
is_linear=0
shrinkage=0.0161


Tree=20
num_leaves=31
num_cat=0
split_feature=163 461 487 255 501 103 226 222 104 415 463 479 280 523 398 291 396 341 509 503 181 297 461 341 102 136 207 463 315 224
split_gain=125041 43450.3 39777.9 18530.7 16570 16329.2 12121.1 10081.3 9323.54 9318.46 9278.9 8992.53 8121.15 7835.57 6631.24 6179.5 7890.97 5856.02 6391.55 5475.56 5391.54 7450.41 5371.71 5227.87 5115.97 4948.85 4934.23 4926.02 4893.44 4617.3
threshold=8.0000000000000018 16.500000000000004 71.500000000000014 16.500000000000004 46.500000000000007 20.000000000000004 20.000000000000004 5.5000000000000009 20.000000000000004 16.500000000000004 8.0000000000000018 29.500000000000004 16.500000000000004 174.50000000000003 24.500000000000004 10.500000000000002 20.000000000000004 8.0000000000000018 160.50000000000003 144.50000000000003 16.500000000000004 13.500000000000002 10.500000000000002 4.5000000000000009 20.000000000000004 13.500000000000002 6.5000000000000009 6.5000000000000009 13.500000000000002 16.500000000000004
decision_type=2 2 2 2 2 2 2 2 2 2 2 2 2 2 2 2 2 2 2 2 2 2 2 2 2 2 2 2 2 2
left_child=2 4 7 12 8 -5 19 -1 -2 20 15 17 26 23 -14 24 -17 -11 -19 29 21 -6 -22 -12 -4 -15 -3 -28 -25 -7
right_child=1 3 10 5 9 6 -8 -9 -10 11 13 -13 14 25 -16 16 -18 18 -20 -21 22 -23 -24 28 -26 -27 27 -29 -30 -31
leaf_value=-0.07451970074678331 -0.038996013970306061 -0.0014129266553320227 -0.042035764343448891 0.068775350197319382 -0.010274738104375243 0.12034576978647138 0.27572886423229837 -0.035111014551025242 0.040226471995700015 0.020741307727819697 -0.044789340464252252 0.18485816558961926 0.068093991064856488 0.039427378843684212 0.17159377219557267 -0.009972749901606532 0.086748110338513873 0.1442217780693541 0.021080371772976111 0.061549759620119084 0.031364112518693428 0.054427469067781328 0.13146056343542001 -0.0013229139848115368 0.035418792690201942 0.13243301140899841 -0.01651160015574429 0.083564303940307366 0.073247222572980872 0.22615998424874931
leaf_weight=4310 1579 592 2080 609 1588 229 238 2765 509 552 419 164 541 463 229 1097 273 293 175 168 481 650 196 713 247 219 164 567 335 203
leaf_count=4310 1579 592 2080 609 1588 229 238 2765 509 552 419 164 541 463 229 1097 273 293 175 168 481 650 196 713 247 219 164 567 335 203
internal_value=-0.000619174 0.0429807 -0.0334432 0.0879677 0.0172368 0.132282 0.178406 -0.0591216 -0.0196724 0.0360438 -0.0023625 0.0741407 0.0573198 0.0242371 0.0989057 -0.0178308 0.00928364 0.056316 0.0982256 0.139762 0.0205618 0.00850672 0.0603781 0.00325888 -0.0338042 0.0693273 0.0330987 0.0610801 0.0224915 0.170123
internal_weight=22648 9727 12921 3540 6187 1447 838 7075 2088 4099 5846 1184 2093 2149 770 3697 1370 1020 468 600 2915 2238 677 1467 2327 682 1323 731 1048 432
internal_count=22648 9727 12921 3540 6187 1447 838 7075 2088 4099 5846 1184 2093 2149 770 3697 1370 1020 468 600 2915 2238 677 1467 2327 682 1323 731 1048 432
is_linear=0
shrinkage=0.0161


Tree=21
num_leaves=31
num_cat=0
split_feature=282 480 283 400 139 316 462 163 482 294 163 195 349 523 44 124 281 135 400 423 578 222 406 477 547 513 172 531 258 386
split_gain=126630 40605.5 39968.2 31367.6 13285.6 13148.3 10391.6 10276.1 9753.58 8991.65 8362.1 8226.77 7165.81 7075.11 7399.34 6935.55 6523.49 6263.31 5849.43 5609.43 5464.08 5381.48 4836.36 4564.33 4516.25 4466.92 4447.08 4338.82 4335.47 4038.97
threshold=8.0000000000000018 70.500000000000014 8.0000000000000018 24.500000000000004 20.000000000000004 10.500000000000002 8.0000000000000018 5.5000000000000009 102.50000000000001 13.500000000000002 13.500000000000002 8.0000000000000018 16.500000000000004 188.50000000000003 13.500000000000002 16.500000000000004 13.500000000000002 10.500000000000002 8.0000000000000018 4.5000000000000009 144.05000305175784 35.500000000000007 10.500000000000002 10.500000000000002 221.94999694824222 102.50000000000001 16.500000000000004 28.500000000000004 8.0000000000000018 29.500000000000004
decision_type=2 2 2 2 2 2 2 2 2 2 2 2 2 2 2 2 2 2 2 2 8 2 2 2 8 2 2 2 2 2
left_child=1 7 8 5 9 18 13 29 16 17 -7 26 21 28 -15 24 -2 -5 -4 -10 -19 -12 -20 -11 -13 -24 -8 -9 -3 -1
right_child=2 6 3 4 -6 10 11 27 19 23 12 15 -14 14 -16 -17 -18 20 22 -21 -22 -23 25 -25 -26 -27 -28 -29 -30 -31
leaf_value=-0.07819571869104798 -0.036827046552275977 -0.044003018519088784 -0.0026717258692545392 0.017113706189560381 0.22692452583645845 0.033422818192234159 -0.019235012356839092 -0.052627698830209818 -0.022306189130339396 0.10686963766701452 0.056116744893205228 0.012600440224165945 0.1522107536225667 -0.0048960508376089933 0.096041793421384206 0.14518279409593618 0.021013787411014742 0.16617902431384288 0.019642926303409265 0.050952976441798657 0.048000180254448098 0.14132088602381637 0.034327862065726529 0.21183747950869533 0.11271248820978165 0.14039403606401157 0.062577660799068319 -0.012465251526018385 -0.0049826008073497897 -0.012490534695440175
leaf_weight=4018 1535 1737 1225 297 317 805 745 1557 349 191 851 428 443 674 261 225 753 231 576 1205 182 249 191 249 161 225 224 1266 1286 259
leaf_count=4018 1535 1737 1225 297 317 805 745 1557 349 191 851 428 443 674 261 225 753 231 576 1205 182 249 191 249 161 225 224 1266 1286 259
internal_value=0.000595804 -0.032737 0.043947 0.0697987 0.134573 0.0489777 -0.000894214 -0.0584815 0.00335341 0.109096 0.0755322 0.0313742 0.0974859 -0.0154364 0.023255 0.0691068 -0.0177809 0.0735961 0.0208436 0.0344852 0.114157 0.0754253 0.0499059 0.166325 0.0400055 0.091752 -0.000298402 -0.0346248 -0.0274113 -0.0742223
internal_weight=22715 12841 9874 6032 1467 4565 5741 7100 3842 1150 2348 1783 1543 3958 935 814 2288 710 2217 1554 413 1100 992 440 589 416 969 2823 3023 4277
internal_count=22715 12841 9874 6032 1467 4565 5741 7100 3842 1150 2348 1783 1543 3958 935 814 2288 710 2217 1554 413 1100 992 440 589 416 969 2823 3023 4277
is_linear=0
shrinkage=0.0161


Tree=22
num_leaves=31
num_cat=0
split_feature=222 481 343 161 256 163 104 461 207 547 378 329 484 161 158 281 168 42 539 60 196 256 77 461 273 50 341 397 194 496
split_gain=114233 48805.3 38698.1 22050.4 14871.7 14151.2 12594.8 11810.4 14977.3 11410.9 9545.95 9284.7 8688.04 7199.8 7128.06 6272.59 6100.15 5989.43 5786.62 5632.85 5540.25 5538.56 5370.77 4614.4 4295.73 4103.65 4059.49 4055.07 4037.86 4388.02
threshold=10.500000000000002 68.500000000000014 10.500000000000002 8.0000000000000018 13.500000000000002 6.5000000000000009 4.5000000000000009 29.500000000000004 16.500000000000004 221.94999694824222 4.5000000000000009 8.0000000000000018 232.50000000000003 8.0000000000000018 35.500000000000007 5.5000000000000009 10.500000000000002 6.5000000000000009 232.50000000000003 35.500000000000007 6.5000000000000009 8.0000000000000018 8.0000000000000018 16.500000000000004 20.000000000000004 10.500000000000002 20.000000000000004 20.000000000000004 10.500000000000002 108.50000000000001
decision_type=2 2 2 2 2 2 2 2 2 10 2 2 2 2 2 2 2 2 2 2 2 2 2 2 2 2 2 2 2 2
left_child=1 5 12 22 14 17 18 -6 16 10 27 -11 13 -2 23 -7 -9 -1 -3 21 -15 -12 -4 -5 -17 -24 28 -8 -23 -30
right_child=2 6 3 4 7 15 9 8 -10 11 19 -13 -14 20 -16 24 -18 -19 -20 -21 -22 26 25 -25 -26 -27 -28 -29 29 -31
leaf_value=-0.081180562761183211 -0.026072752396148462 -0.039370146658789344 -0.0090548978282592174 0.019202451261600476 0.10702749806558451 -0.048847541515779573 -0.046944795392681885 0.082568246975478043 0.32091764422365537 0.0097944155324296064 -0.004304193756013491 0.15573386516042351 0.090721415131167341 -0.0093272764462716418 0.16650962151433993 -0.011145899722509536 0.21070693853709938 -0.046057477113016609 0.044932082700594775 0.087573866561434302 0.04743725285813781 0.0062606644057501219 0.024503379604828113 0.084085642811912817 0.069414179452994176 0.093660760051788985 0.10620176955417221 0.035316075883351714 0.12441765730402576 0.028706177241275888
leaf_weight=3446 1344 1791 527 481 795 1290 865 197 188 196 1623 268 316 780 180 1207 190 1989 239 319 1038 850 496 698 200 405 198 189 192 354
leaf_count=3446 1344 1791 527 481 795 1290 865 197 188 196 1623 268 316 780 180 1207 190 1989 239 319 1038 850 496 698 200 405 198 189 192 354
internal_value=-0.000955419 -0.0264554 0.0498611 0.0830163 0.109843 -0.0533678 0.00443513 0.147292 0.202921 0.0180435 0.010346 0.0941378 0.0102263 0.00217449 0.0720728 -0.0232049 0.14554 -0.0683312 -0.0294333 0.0230262 0.0230699 0.0166183 0.0317327 0.057635 0.000288698 0.0556158 0.0379362 -0.0321717 0.028237 0.0624061
internal_weight=22851 15216 7635 4157 2729 8132 7084 1370 575 5054 4590 464 3478 3162 1359 2697 387 5435 2030 3536 1818 3217 1428 1179 1407 901 1594 1054 1396 546
internal_count=22851 15216 7635 4157 2729 8132 7084 1370 575 5054 4590 464 3478 3162 1359 2697 387 5435 2030 3536 1818 3217 1428 1179 1407 901 1594 1054 1396 546
is_linear=0
shrinkage=0.0161


Tree=23
num_leaves=31
num_cat=0
split_feature=282 163 496 400 401 223 541 465 488 226 15 492 375 342 163 411 256 27 586 340 325 164 49 316 479 376 375 519 507 285
split_gain=122447 44382 34078.5 28425.3 12790.1 12760.8 11658.9 11276.2 10461.4 8758.19 9112.95 8558.62 7027.99 6935.64 6501.72 6480.91 6410.03 6377.07 7985.5 5768.21 5741.38 5719.8 5129.11 4987.54 4974.14 4909.08 4896.17 4485.65 4133 4048.71
threshold=8.0000000000000018 10.500000000000002 83.500000000000014 13.500000000000002 10.500000000000002 4.5000000000000009 213.05000305175784 13.500000000000002 240.50000000000003 6.5000000000000009 29.500000000000004 212.50000000000003 24.500000000000004 20.000000000000004 16.500000000000004 10.500000000000002 10.500000000000002 10.500000000000002 186.44999694824222 10.500000000000002 20.000000000000004 20.000000000000004 20.000000000000004 16.500000000000004 5.5000000000000009 10.500000000000002 8.0000000000000018 163.50000000000003 68.500000000000014 20.000000000000004
decision_type=2 2 2 2 2 2 10 2 2 2 2 2 2 2 2 2 2 2 10 2 2 2 2 2 2 2 2 2 2 2
left_child=2 4 5 7 19 -1 9 29 12 -5 20 14 -6 25 24 -16 -7 -13 -19 -2 27 -12 -18 -14 -4 -9 -15 28 -11 -3
right_child=1 3 11 6 8 16 -8 13 -10 10 21 17 23 26 15 -17 22 18 -20 -21 -22 -23 -24 -25 -26 -27 -28 -29 -30 -31
leaf_value=-0.07508669895826775 -0.039162080130024333 0.0090850059216119744 -0.045113460455703074 0.059697246477503081 0.0096922496100711134 -0.046779206482838273 0.21823675078338073 -0.017994663378597352 0.15399834077807778 0.063107903788607492 0.13268178344288062 0.0016217372690996419 0.0320779865007048 0.051689106373138782 -0.0057759494214478782 0.10903020799561351 -0.018388396414461813 0.1465222166445824 0.018599558255374501 0.014989773662038143 0.16801477663035302 0.2678138510200137 0.067847736955051308 0.15416411980228348 -0.0048732661422965376 0.082041501184409782 0.14835850287032296 0.018809059569999662 0.15281995062972806 0.091950611484517844
leaf_weight=3807 1542 1707 1220 774 1775 2845 255 231 170 280 160 525 188 202 306 218 918 250 257 761 268 167 222 162 2297 282 420 215 256 168
leaf_count=3807 1542 1707 1220 774 1775 2845 255 231 170 280 160 525 188 202 306 218 918 250 257 761 268 167 222 162 2297 282 420 215 256 168
internal_value=-2.55692e-05 0.042284 -0.0328589 0.0736526 0.00554124 -0.054002 0.115301 0.0407831 0.0324441 0.102908 0.127738 -0.000378877 0.0227087 0.0808407 -0.0109514 0.041942 -0.0338532 0.0409972 0.0817242 -0.021258 0.103959 0.201766 -0.0015744 0.0886537 -0.0188387 0.0369501 0.117002 0.0810694 0.105999 0.0165223
internal_weight=22848 9983 12865 5385 4598 7792 2375 3010 2295 2120 1346 5073 2125 1135 4041 524 3985 1032 507 2303 1019 327 1140 350 3517 513 622 751 536 1875
internal_count=22848 9983 12865 5385 4598 7792 2375 3010 2295 2120 1346 5073 2125 1135 4041 524 3985 1032 507 2303 1019 327 1140 350 3517 513 622 751 536 1875
is_linear=0
shrinkage=0.0161


Tree=24
num_leaves=31
num_cat=0
split_feature=402 485 164 341 282 162 162 196 436 479 460 343 50 226 319 43 374 252 297 434 125 572 508 305 527 223 220 111 270 547
split_gain=111221 37434.2 36856.3 19853 13316.9 10958.2 10689.5 10408 9619.76 8918.22 8682.1 8304.17 8323.37 7620.85 6176.29 6166.04 5853.08 5651.23 5121.9 5110.72 4905.51 4867.75 9478.41 5243.61 4509.89 4488.06 4322.14 4230.37 4122.09 4074.5
threshold=10.500000000000002 57.500000000000007 8.0000000000000018 20.000000000000004 20.000000000000004 6.5000000000000009 8.0000000000000018 24.500000000000004 8.0000000000000018 6.5000000000000009 16.500000000000004 10.500000000000002 13.500000000000002 16.500000000000004 4.5000000000000009 6.5000000000000009 10.500000000000002 5.5000000000000009 8.0000000000000018 20.000000000000004 13.500000000000002 111.64999771118165 113.50000000000001 10.500000000000002 31.500000000000004 5.5000000000000009 16.500000000000004 10.500000000000002 10.500000000000002 184.15000152587893
decision_type=2 2 2 2 2 2 2 2 2 2 2 2 2 2 2 2 2 2 2 2 2 8 2 2 2 2 2 2 2 8
left_child=1 5 10 8 29 24 9 16 26 -3 18 -10 20 28 -11 -8 -6 -16 -2 25 -13 -19 -23 -24 -1 -17 -4 -25 -14 -5
right_child=2 6 3 4 7 -7 15 -9 11 14 -12 12 13 -15 17 19 -18 21 -20 -21 -22 22 23 27 -26 -27 -28 -29 -30 -31
leaf_value=-0.079462307339886365 -0.030405212464561154 -0.041102050541306487 -0.0017696079725805071 0.092801633838264716 0.061943559717840747 -0.024731110970222465 -0.0041258891067592045 0.23966517344573396 0.020677681224192893 -0.037994809192291742 0.044045505405892499 0.032264817704993655 0.042812208753631259 0.21902830721019453 -0.020226431215413995 -0.022922746810103305 0.15771052240731581 -0.038974140994704663 0.01594164979403688 0.11206052323166359 0.11391433822342592 0.12902373662266803 -0.017440792267061089 0.015661562197720972 -0.046268188199372583 0.052722673827211776 0.070318225752883601 0.11481878469213598 0.15037206401868175 0.011418016548311882
leaf_weight=3240 1435 2128 946 457 258 2134 1015 278 582 719 1084 550 186 205 705 276 466 193 1085 264 293 285 437 246 1584 768 279 205 185 246
leaf_count=3240 1435 2128 946 457 258 2134 1015 278 582 719 1084 550 186 205 705 276 466 193 1085 264 293 285 437 246 1584 768 279 205 185 246
internal_value=-0.000848193 -0.0284584 0.045082 0.0736849 0.118132 -0.0551265 -0.00282935 0.155837 0.0501866 -0.0162765 0.00594077 0.0719427 0.0929524 0.140156 0.00265009 0.0256294 0.123616 0.0167724 -0.010441 0.0487372 0.0606715 0.0358849 0.0482219 0.0222624 -0.0685676 0.0327019 0.0146296 0.0607852 0.0965106 0.0643566
internal_weight=22734 14199 8535 4931 1705 6958 7241 1002 3226 4918 3604 2001 1419 576 2790 2323 724 2071 2520 1308 843 1366 1173 888 4824 1044 1225 451 371 703
internal_count=22734 14199 8535 4931 1705 6958 7241 1002 3226 4918 3604 2001 1419 576 2790 2323 724 2071 2520 1308 843 1366 1173 888 4824 1044 1225 451 371 703
is_linear=0
shrinkage=0.0161


Tree=25
num_leaves=31
num_cat=0
split_feature=162 525 223 255 463 164 163 592 559 545 194 174 196 219 120 288 298 547 4 406 341 247 221 240 164 341 32 103 546 360
split_gain=108009 42280.6 34251.7 16117.7 13763.8 12469.1 11288.5 10351.8 9198.71 8177.82 8134.38 7425.08 7397.46 6992.61 6790.64 6690.55 5962.89 5786.74 9035.37 5780.28 5260.67 5041.54 5017.75 4927.04 4855.79 4821.6 4606.14 4557.31 5582.77 4378.19
threshold=10.500000000000002 62.500000000000007 10.500000000000002 16.500000000000004 35.500000000000007 10.500000000000002 4.5000000000000009 189.94999694824222 159.44999694824222 240.75000000000003 8.0000000000000018 16.500000000000004 10.500000000000002 16.500000000000004 5.5000000000000009 13.500000000000002 4.5000000000000009 216.75000000000003 8.0000000000000018 10.500000000000002 24.500000000000004 13.500000000000002 8.0000000000000018 13.500000000000002 5.5000000000000009 20.000000000000004 13.500000000000002 5.5000000000000009 215.15000152587893 20.000000000000004
decision_type=2 2 2 2 2 2 2 10 8 10 2 2 2 2 2 2 2 8 2 2 2 2 2 2 2 2 2 2 8 2
left_child=1 6 7 13 11 9 -1 10 -6 16 24 -5 22 21 26 -9 -3 29 -19 -18 -15 -4 -8 -13 -2 -12 -7 -21 -29 -16
right_child=2 5 3 4 8 14 12 15 -10 -11 25 23 -14 20 17 -17 19 18 -20 27 -22 -23 -24 -25 -26 -27 -28 28 -30 -31
leaf_value=-0.074057237648399207 -0.050802514470558245 -0.045639219244693774 0.01835111876360588 0.071390763299499463 0.29329727140885681 -0.033692272232276679 -0.061155094470784162 0.033587858631909759 0.12334041503738298 0.090786129214657299 0.0083871686368592342 0.098332515401642798 0.0010934866068864936 0.064906419524761477 0.010695392083590707 0.15809861613270323 -0.022225588276280375 0.18748816086796177 0.041524777228674488 -0.012783738799165082 0.15738419657588909 0.077476270146447659 -0.014625107921263401 0.21570882658334986 0.0032651002619154272 0.067885012052847887 0.04592582764911067 0.023608889215817139 0.13066726075027491 0.080919690441835751
leaf_weight=3480 794 1365 1220 947 172 537 2097 280 160 189 1009 189 1101 472 786 187 2130 182 279 582 242 540 844 184 939 544 290 564 163 326
leaf_count=3480 794 1365 1220 947 172 537 2097 280 160 189 1009 189 1101 472 786 187 2130 182 279 582 242 540 844 184 939 544 290 564 163 326
internal_value=-0.00044781 -0.0259213 0.0477706 0.0797869 0.11874 0.00141831 -0.0527951 0.0125661 0.211461 -0.0130747 0.00247851 0.0954011 -0.0344834 0.0537668 0.0315796 0.0834959 -0.0171657 0.0512176 0.0992013 -0.0058572 0.0962834 0.0365052 -0.0478101 0.156297 -0.0214932 0.0292438 -0.00574453 0.0207594 0.0476447 0.0313039
internal_weight=22794 14915 7879 4126 1652 7393 7522 3753 332 4993 3286 1320 4042 2474 2400 467 4804 1573 461 3439 714 1760 2941 373 1733 1553 827 1309 727 1112
internal_count=22794 14915 7879 4126 1652 7393 7522 3753 332 4993 3286 1320 4042 2474 2400 467 4804 1573 461 3439 714 1760 2941 373 1733 1553 827 1309 727 1112
is_linear=0
shrinkage=0.0161


Tree=26
num_leaves=31
num_cat=0
split_feature=162 481 223 41 344 223 163 136 163 541 599 316 297 16 470 46 327 198 390 340 43 234 273 134 281 550 513 468 525 340
split_gain=109549 39154.5 36012 18877.2 12433.9 12227.4 10811.5 10009.5 9034.98 8653.84 8461.61 8181.39 7465.15 7187.53 6313.23 6271.89 6162.43 6149.4 5547.6 5013.09 4706.99 4689.55 4286.4 4198.88 4150.3 4123.2 6221.31 9099.97 7572.82 4055.85
threshold=10.500000000000002 44.500000000000007 16.500000000000004 24.500000000000004 24.500000000000004 4.5000000000000009 10.500000000000002 6.5000000000000009 6.5000000000000009 201.75000000000003 183.15000152587893 10.500000000000002 13.500000000000002 13.500000000000002 43.500000000000007 20.000000000000004 10.500000000000002 5.5000000000000009 16.500000000000004 29.500000000000004 29.500000000000004 16.500000000000004 10.500000000000002 20.000000000000004 4.5000000000000009 138.55000305175784 110.50000000000001 6.5000000000000009 109.50000000000001 8.0000000000000018
decision_type=2 2 2 2 2 2 2 2 2 10 10 2 2 2 2 2 2 2 2 2 2 2 2 2 2 8 2 2 2 2
left_child=1 8 5 11 13 23 10 -7 -1 14 17 -4 29 -5 19 21 -14 -3 -12 -9 -17 -13 -18 -2 -10 -19 27 -27 -29 -8
right_child=2 6 3 4 -6 7 12 9 24 -11 18 15 16 -15 -16 20 22 25 -20 -21 -22 -23 -24 -25 -26 26 -28 28 -30 -31
leaf_value=-0.06987846566542591 -0.03947530408585679 -0.043183087179136312 0.026145511245363882 0.044179868239385724 0.24187351361113482 0.0034385201205511797 -0.019560548547416724 0.025678310535931521 -0.05771769334835497 0.13509454593893302 0.004890638643001966 0.047039998199814768 0.023477283154816408 0.15820030399303042 0.14092332440239005 0.092315581932616839 0.054609612219340825 -0.02812326910210328 0.088489332597112322 0.093340972352085022 0.21579275626349212 0.14117796663616816 0.16257235996782021 0.042220519528404415 -0.011916767728306571 -0.027042272410343061 -0.013305716101140414 0.027172607684306044 0.18030215146141321 0.033493907379240073
leaf_weight=4199 898 2209 783 235 293 1537 803 1732 831 311 771 583 426 370 163 161 179 1379 281 340 161 180 206 199 1344 220 1043 163 173 698
leaf_count=4199 898 2209 783 235 293 1537 803 1732 831 311 771 583 426 370 163 161 179 1379 281 340 161 180 206 199 1344 220 1043 163 173 698
internal_value=-0.000163611 -0.0258748 0.0481268 0.0950339 0.155715 0.0230749 -0.0033576 0.0358988 -0.0560788 0.0554856 -0.0143804 0.06585 0.0263776 0.11395 0.0443975 0.0944815 0.0657379 -0.0228268 0.0272431 0.0367926 0.154127 0.069279 0.112438 -0.0246339 -0.0294267 -0.00771919 0.00986286 0.0533671 0.106086 0.00509533
internal_weight=22871 14925 7946 2766 898 5180 8551 4083 6374 2546 6239 1868 2312 605 2235 1085 811 5187 1052 2072 322 763 385 1097 2175 2978 1599 556 336 1501
internal_count=22871 14925 7946 2766 898 5180 8551 4083 6374 2546 6239 1868 2312 605 2235 1085 811 5187 1052 2072 322 763 385 1097 2175 2978 1599 556 336 1501
is_linear=0
shrinkage=0.0161


Tree=27
num_leaves=31
num_cat=0
split_feature=162 495 221 463 345 462 402 223 163 196 230 226 499 378 442 257 367 94 521 32 278 344 240 418 193 433 269 141 136 298
split_gain=100826 37574.1 32925.1 25973 13167.6 13878.6 11977.6 10643.5 8339.68 7911.07 7465.81 6150.62 6428.71 6003.77 5611.17 5688.2 5431.91 5101.42 5044.99 4744.87 5643.11 4598.65 4956.04 5186.4 4249.32 4008.85 3896.74 5025.61 3821.44 3729.88
threshold=10.500000000000002 44.500000000000007 13.500000000000002 24.500000000000004 13.500000000000002 35.500000000000007 4.5000000000000009 10.500000000000002 5.5000000000000009 6.5000000000000009 10.500000000000002 8.0000000000000018 197.50000000000003 5.5000000000000009 6.5000000000000009 13.500000000000002 13.500000000000002 35.500000000000007 153.50000000000003 4.5000000000000009 10.500000000000002 8.0000000000000018 16.500000000000004 10.500000000000002 8.0000000000000018 8.0000000000000018 6.5000000000000009 10.500000000000002 6.5000000000000009 8.0000000000000018
decision_type=2 2 2 2 2 2 2 2 2 2 2 2 2 2 2 2 2 2 2 2 2 2 2 2 2 2 2 2 2 2
left_child=1 8 7 9 -5 -6 21 18 -1 25 13 29 26 -8 -9 24 -17 -15 -2 20 -11 -3 23 -23 -16 -4 -13 -28 -10 -12
right_child=2 6 3 4 5 -7 10 14 28 19 11 12 -14 17 15 16 -18 -19 -20 -21 -22 22 -24 -25 -26 -27 27 -29 -30 -31
leaf_value=-0.070294901676347069 -0.022050559430145594 -0.045067471345509334 -0.016624020803397425 0.082912400928403379 0.14051581087051143 0.30839407116229289 -0.031867858536785275 0.008028245071717394 -0.051099534769360598 0.075296033622025291 -0.020356360655204808 -0.0098484758315672532 0.1321846327891554 0.0052179469059261737 -0.0032133971342035556 0.063537980592898585 0.17339924631754142 0.095817938178570469 0.034298207936972497 0.062528190767787456 0.19786739285878713 -0.05215934647469099 0.057352011907174691 0.031514683759979692 0.075296157228828167 0.049565027091217163 0.11724856467896871 0.015142719102365398 -0.012479579200888271 0.039424875884914314
leaf_weight=3673 1713 1803 439 379 323 212 1239 743 1409 242 567 268 261 2039 364 300 192 175 542 1455 164 542 265 297 350 515 250 251 1260 517
leaf_count=3673 1713 1803 439 379 323 212 1239 743 1409 242 567 268 261 2039 364 300 192 175 542 1455 164 542 265 297 350 515 250 251 1260 517
internal_value=-0.000110956 -0.0249139 0.0462091 0.0810368 0.15562 0.207084 -0.00273036 0.0153109 -0.0545512 0.0568119 0.0110984 0.0349281 0.0631042 -0.00348383 0.0428682 0.0643131 0.106459 0.0123898 -0.00849643 0.0761405 0.124866 -0.029221 -0.00331988 -0.0225113 0.0352387 0.0190823 0.0396275 0.0661407 -0.0328764 0.00813383
internal_weight=22749 14816 7933 3729 914 535 8474 4204 6342 2815 5567 2114 1030 3453 1949 1206 492 2214 2255 1861 406 2907 1104 839 714 954 769 501 2669 1084
internal_count=22749 14816 7933 3729 914 535 8474 4204 6342 2815 5567 2114 1030 3453 1949 1206 492 2214 2255 1861 406 2907 1104 839 714 954 769 501 2669 1084
is_linear=0
shrinkage=0.0161


Tree=28
num_leaves=31
num_cat=0
split_feature=282 281 480 103 350 379 557 340 255 222 254 338 495 435 354 343 19 231 31 362 215 102 379 460 163 50 340 525 216 135
split_gain=108122 39356.7 34982.6 22041.6 15944.1 12712.2 11704.7 11252.2 9708.46 8283.71 7929.94 7199.24 6857.43 6742.2 6696.87 6647.67 6588.29 8395.28 6308.67 5728.45 5341.73 5207.06 5152.79 5058.14 5034.48 4970.73 4970.28 5246.12 4450.08 4425.62
threshold=8.0000000000000018 16.500000000000004 56.500000000000007 20.000000000000004 52.000000000000007 6.5000000000000009 233.25000000000003 35.500000000000007 16.500000000000004 4.5000000000000009 8.0000000000000018 24.500000000000004 194.50000000000003 10.500000000000002 20.000000000000004 6.5000000000000009 10.500000000000002 24.500000000000004 10.500000000000002 8.0000000000000018 8.0000000000000018 13.500000000000002 6.5000000000000009 16.500000000000004 5.5000000000000009 8.0000000000000018 6.5000000000000009 115.50000000000001 5.5000000000000009 5.5000000000000009
decision_type=2 2 2 2 2 2 10 2 2 2 2 2 2 2 2 2 2 2 2 2 2 2 2 2 2 2 2 2 2 2
left_child=2 4 15 10 6 13 8 18 11 12 -3 24 29 -5 23 -1 -11 22 19 -7 -14 28 -18 -12 -2 -23 -13 -28 -10 -4
right_child=1 3 9 5 -6 7 -8 -9 21 16 14 26 20 -15 -16 -17 17 -19 -20 -21 -22 25 -24 -25 -26 -27 27 -29 -30 -31
leaf_value=-0.068522411051599397 -0.042622939770792304 0.010339747705678472 -0.056264028587682882 -0.017270583888610403 0.1519652588905043 0.11680575353885646 0.11394436008039639 0.25666762644084445 -0.037711758271779222 -0.0062861174884889645 0.016304888764663229 -0.024653157900178323 -0.018694674285913416 0.10970747257534888 0.1400344487473508 -0.033722671815706921 0.080557077905138635 0.13381821238792252 0.084128465488321841 0.25037233113019491 0.082972595676688327 0.030923364739309019 0.0054005630611410598 0.087807508104069426 -0.0014225225544920203 0.11518402474595953 0.030917170611959123 0.1471293129734593 0.044794805834096771 -0.012580344350510192
leaf_weight=4254 1061 791 1239 168 218 171 278 262 279 1942 477 175 288 304 312 2143 311 207 347 164 250 359 990 557 2796 369 253 168 431 1171
leaf_count=4254 1061 791 1239 168 218 171 278 262 279 1942 477 175 288 304 312 2143 311 207 347 164 250 359 990 557 2796 369 253 168 431 1171
internal_value=0.000700872 0.0405367 -0.0302444 0.0834913 0.0166379 0.132765 0.0118519 0.166891 0.00703014 -0.00362106 0.0508312 -0.00471027 -0.0234421 0.064462 0.0746092 -0.0568682 0.013309 0.0385592 0.132367 0.182264 0.0285047 0.0434026 0.0233846 0.054845 -0.0127622 0.0736647 0.0473582 0.0773475 0.0123401 -0.0350482
internal_weight=22735 9940 12795 3553 6387 1416 6169 944 5891 6398 2137 4453 2948 472 1346 6397 3450 1508 682 335 538 1438 1301 1034 3857 728 596 421 710 2410
internal_count=22735 9940 12795 3553 6387 1416 6169 944 5891 6398 2137 4453 2948 472 1346 6397 3450 1508 682 335 538 1438 1301 1034 3857 728 596 421 710 2410
is_linear=0
shrinkage=0.0161


Tree=29
num_leaves=31
num_cat=0
split_feature=223 496 402 285 401 193 281 490 137 340 167 161 152 161 298 523 565 103 251 52 283 115 254 53 484 397 254 468 486 387
split_gain=98773.8 37637.7 31183.9 19483.3 15523.9 14231 10591.1 10420.3 9665.71 9397.61 7413.76 7256.81 7109.67 6783.72 6057.34 5956.35 6723.26 5733.52 7164.81 5535.22 5036.63 4728.99 4676.35 4111.17 3973.15 4061.3 3902.51 3825.7 5651.44 3525.77
threshold=10.500000000000002 53.500000000000007 13.500000000000002 10.500000000000002 10.500000000000002 20.000000000000004 8.0000000000000018 262.50000000000006 6.5000000000000009 35.500000000000007 20.000000000000004 10.500000000000002 29.500000000000004 8.0000000000000018 6.5000000000000009 129.50000000000003 127.25000000000001 29.500000000000004 6.5000000000000009 10.500000000000002 3.5000000000000004 20.000000000000004 6.5000000000000009 6.5000000000000009 73.500000000000014 35.500000000000007 6.5000000000000009 8.0000000000000018 126.50000000000001 24.500000000000004
decision_type=2 2 2 2 2 2 2 2 2 2 2 2 2 2 2 2 10 2 2 2 2 2 2 2 2 2 2 2 2 2
left_child=1 6 13 9 14 8 20 11 -5 22 19 29 23 15 21 -2 -17 -10 -19 -7 -1 -3 -4 -13 -16 -26 -23 -25 -29 -6
right_child=2 4 3 5 7 10 -8 -9 17 -11 -12 12 -14 -15 24 16 -18 18 -20 -21 -22 26 -24 27 25 -27 -28 28 -30 -31
leaf_value=-0.08358189500439224 -0.030803860327384209 -0.045738592088132315 -0.0064638957373878972 0.017405116100665294 -0.020573241285696736 0.076822941692027344 -0.020807782679255829 0.13345602555305194 0.077355514471053766 0.13444132890186417 0.26630862309084924 -0.003847696288767946 0.14369688362182231 0.035296100975472505 -0.035652525108767111 0.12016706660416593 -0.00054960942349716263 0.074668172584957532 0.19836612729262093 0.1989488523735202 -0.050770759448476428 -0.041164498569561975 0.047353385145700165 0.018792044228984315 0.0028705864443329789 0.082809777367397835 0.063810044865211427 0.14478604563270978 0.023027524653601236 0.057848170127425581
leaf_weight=1999 1233 2011 653 406 1015 187 2121 230 663 244 176 510 166 1560 657 160 472 202 307 200 3101 166 1162 390 1953 180 205 219 181 174
leaf_count=1999 1233 2011 653 406 1015 187 2121 230 663 244 176 510 166 1560 657 160 472 202 307 200 3101 166 1162 390 1953 180 205 219 181 174
internal_value=-0.000745383 -0.0243668 0.0465811 0.075984 -0.000440804 0.109996 -0.0510595 0.0294786 0.0851744 0.0406058 0.179526 0.0204622 0.0444362 0.0105181 -0.0171347 -0.0101951 0.0299743 0.108631 0.149322 0.139998 -0.0636361 -0.0359918 0.0279781 0.0317433 -0.00102675 0.00962754 0.0167769 0.0547495 0.0897492 -0.00907714
internal_weight=22903 15278 7625 4200 8057 2141 7221 2885 1578 2059 563 2655 1466 3425 5172 1865 632 1172 509 387 5100 2382 1815 1300 2790 2133 371 790 400 1189
internal_count=22903 15278 7625 4200 8057 2141 7221 2885 1578 2059 563 2655 1466 3425 5172 1865 632 1172 509 387 5100 2382 1815 1300 2790 2133 371 790 400 1189
is_linear=0
shrinkage=0.0161


Tree=30
num_leaves=31
num_cat=0
split_feature=163 281 484 104 222 461 528 402 339 519 526 399 402 269 257 16 15 493 409 455 222 397 225 41 385 439 286 223 581 82
split_gain=92766.6 33230.1 32856 13955.1 11694.1 11482.5 10824.6 9195.38 8126.41 8510 8057.11 7975.78 7484.49 7159.81 7626.76 7032.31 6650.63 6294.71 5626.36 6690.63 5479.83 5441.56 5170.16 4984.98 4859.97 4819.62 4476.44 4438.77 5652.02 4273.77
threshold=10.500000000000002 16.500000000000004 38.500000000000007 29.500000000000004 4.5000000000000009 29.500000000000004 59.500000000000007 6.5000000000000009 20.000000000000004 177.50000000000003 200.50000000000003 35.500000000000007 13.500000000000002 6.5000000000000009 5.5000000000000009 29.500000000000004 10.500000000000002 197.50000000000003 16.500000000000004 10.500000000000002 13.500000000000002 16.500000000000004 6.5000000000000009 6.5000000000000009 43.500000000000007 8.0000000000000018 20.000000000000004 16.500000000000004 121.64999771118165 20.000000000000004
decision_type=2 2 2 2 2 2 2 2 2 2 2 2 2 2 2 2 2 2 2 2 2 2 2 2 2 2 2 2 10 2
left_child=2 6 7 11 17 -5 12 -1 15 29 -11 20 -2 26 16 24 -15 -4 27 -20 -3 -13 -14 -9 -6 -19 -8 -16 -29 -10
right_child=1 3 4 5 8 -7 13 23 9 10 -12 21 22 14 18 -17 -18 25 19 -21 -22 -23 -24 -25 -26 -27 -28 28 -30 -31
leaf_value=-0.069434726544118572 -0.036739241913846393 0.017015593569335619 -0.040819430660290687 0.087457226590551648 -0.01262789848036459 0.23411279812976571 -0.0071562125928435558 -0.056962492923968884 -0.0028017099790802196 0.19234456244232193 0.034459756058786102 0.081979953629217242 -0.019994461004426617 -0.054622905692350537 0.017111283925156862 0.057729806000385839 0.070444089066356366 0.08367246631879724 0.19376596988167843 0.065074712158460002 0.07714679075007061 0.20876590448147966 0.055153452247171518 -0.0055853534930918186 0.058903653588029591 -0.023951482839729633 0.069050049240494904 0.15425702313997322 0.046402950228685652 0.084218563593266071
leaf_weight=3846 1130 600 2624 275 4062 280 963 839 623 169 167 192 404 247 423 463 199 199 202 219 1144 163 574 1178 262 235 252 202 337 191
leaf_count=3846 1130 600 2624 275 4062 280 963 839 623 169 167 192 404 247 423 463 199 199 202 219 1144 163 574 1178 262 235 252 202 337 191
internal_value=-0.00156354 0.0433739 -0.0251741 0.0896587 -0.00584202 0.161488 0.0195262 -0.0548293 0.00732954 0.0457607 0.113942 0.070655 -0.00850808 0.038948 0.0590752 -0.00189801 0.00112776 -0.0314218 0.0777455 0.126878 0.0564729 0.140261 0.0240867 -0.0269681 -0.00828821 0.0253426 0.00863016 0.0562192 0.0868669 0.0175881
internal_weight=22664 7806 14858 2654 8995 555 5152 5863 5937 1150 336 2099 2108 3044 1829 4787 446 3058 1383 421 1744 355 978 2017 4324 434 1215 962 539 814
internal_count=22664 7806 14858 2654 8995 555 5152 5863 5937 1150 336 2099 2108 3044 1829 4787 446 3058 1383 421 1744 355 978 2017 4324 434 1215 962 539 814
is_linear=0
shrinkage=0.0161


Tree=31
num_leaves=31
num_cat=0
split_feature=222 343 487 221 139 205 121 402 540 581 240 68 435 463 461 351 170 120 256 435 85 222 283 285 370 582 371 295 479 146
split_gain=100128 34479.5 30656.5 23732.7 16527.3 10019.3 9944.03 9895.12 9733.76 8895.78 8248.87 9165.67 8204.64 8357.13 7293.16 6702.88 6238.54 6630.34 6180.19 6042.99 9338.28 5312.8 4826.53 4458.8 4431.56 6057.21 4283.91 4124.55 4041.76 5562.37
threshold=8.0000000000000018 10.500000000000002 70.500000000000014 13.500000000000002 20.000000000000004 8.0000000000000018 6.5000000000000009 4.5000000000000009 143.15000152587893 170.05000305175784 20.000000000000004 13.500000000000002 10.500000000000002 20.000000000000004 35.500000000000007 24.500000000000004 6.5000000000000009 5.5000000000000009 10.500000000000002 8.0000000000000018 8.0000000000000018 16.500000000000004 8.0000000000000018 4.5000000000000009 16.500000000000004 221.94999694824222 16.500000000000004 20.000000000000004 16.500000000000004 8.0000000000000018
decision_type=2 2 2 2 2 2 2 2 8 8 2 2 2 2 2 2 2 2 2 2 2 2 2 2 2 8 2 2 2 2
left_child=2 8 7 16 12 18 -6 -1 22 -8 24 -12 -5 -14 -15 26 -3 -18 -4 -19 -21 -17 -2 -9 -7 -26 -10 -25 29 -28
right_child=1 3 5 4 6 10 9 23 15 -11 11 -13 13 14 -16 21 17 19 -20 20 -22 -23 -24 27 25 -27 28 -29 -30 -31
leaf_value=-0.069633257107047736 -0.027989378477033405 0.0056215187945668627 -0.033339865304109255 0.041962300421121 0.083393976999567979 -0.0047948291560323646 0.16165785154402015 -0.053921161066051174 0.0060515071652537953 0.32033854255060956 0.022353420853602136 0.16123124591312782 0.071480118699318224 0.11116074937506647 0.23575889618287649 0.035101440180343606 0.0078776962178778911 0.026611176237583824 0.013393133459867704 0.19032328481799085 0.06019144338247593 0.16300143290549052 0.021238262351822804 -0.026547086320365836 0.012409994164235782 0.12821484452343704 0.032289084901117454 0.036589026051212024 -0.0083050532703199346 0.15326504132626609
leaf_weight=3396 1654 1030 2296 725 171 1496 208 1494 1288 165 286 217 621 317 199 166 455 319 1077 243 349 172 750 2109 373 171 219 307 162 180
leaf_count=3396 1654 1030 2296 725 171 1496 208 1494 1288 165 286 217 621 317 199 166 455 319 1077 243 349 172 750 2109 373 171 219 307 162 180
internal_value=0.00109029 0.0412844 -0.0274621 0.0714462 0.107169 -0.000214489 0.185272 -0.0495225 0.00973119 0.231915 0.0239119 0.0823137 0.0843375 0.111337 0.159259 0.0343126 0.0355647 0.0581254 -0.018411 0.0831958 0.113647 0.100256 -0.0126215 -0.0320494 0.0095003 0.0488552 0.0222453 -0.0185147 0.0593825 0.0869237
internal_weight=22615 9393 13222 4802 2406 5916 544 7306 4591 373 2543 503 1862 1137 516 2187 2396 1366 3373 911 592 338 2404 3910 2040 544 1849 2416 561 399
internal_count=22615 9393 13222 4802 2406 5916 544 7306 4591 373 2543 503 1862 1137 516 2187 2396 1366 3373 911 592 338 2404 3910 2040 544 1849 2416 561 399
is_linear=0
shrinkage=0.0161


Tree=32
num_leaves=31
num_cat=0
split_feature=163 281 510 282 556 350 463 400 381 163 162 255 136 480 373 180 206 544 60 97 497 52 484 9 47 598 193 473 48 485
split_gain=90960.3 38033.4 29578.2 17065.2 13668.8 12057.7 11395.8 9247.03 9211.88 8971.5 8739.29 8125.95 8083.29 6883.37 6182.52 6052.96 5531.48 5528.55 9623.22 6908.64 5345.09 5237.25 5110.01 4847.82 5419.93 5095.89 4392.5 3979.96 3912.13 3857.12
threshold=8.0000000000000018 16.500000000000004 85.500000000000014 16.500000000000004 228.75000000000003 52.000000000000007 24.500000000000004 35.500000000000007 8.0000000000000018 4.5000000000000009 10.500000000000002 13.500000000000002 6.5000000000000009 218.50000000000003 8.0000000000000018 24.500000000000004 6.5000000000000009 187.55000305175784 4.5000000000000009 20.000000000000004 48.500000000000007 5.5000000000000009 41.500000000000007 3.5000000000000004 24.500000000000004 183.15000152587893 10.500000000000002 20.000000000000004 16.500000000000004 185.50000000000003
decision_type=2 2 2 2 10 2 2 2 2 2 2 2 2 2 2 2 2 8 2 2 2 2 2 2 2 10 2 2 2 2
left_child=2 4 9 21 5 10 14 8 -8 -1 20 -11 16 -6 -5 -12 -4 26 -19 -20 -2 -3 -13 -18 25 -25 -14 -16 -28 -23
right_child=1 3 12 6 13 -7 7 -9 -10 11 15 22 17 -15 27 -17 23 18 19 -21 -22 29 -24 24 -26 -27 28 -29 -30 -31
leaf_value=-0.061967540132291742 -0.034220255505415062 -0.0097955166921016232 -0.041010257295318278 0.037197998330087301 0.19079654525411865 0.12003144755514075 0.039679637075708013 0.26335028780705433 0.19217334315715937 -0.039875292456578504 0.018723740024249483 -0.014148724214440562 -0.020534353556541044 0.045337954908278216 0.091411533051199312 0.09252273663474736 -0.068184418214273415 0.13280832149820299 -0.002166868497549929 0.10323780664440549 0.0057732230366107059 0.042946448070912253 0.076343573364900802 -0.020317700397238514 0.0974450723744585 0.065289928944656336 0.0087295962316769875 0.17382048521522497 0.10144028576365732 0.12107699906050153
leaf_weight=4560 1472 394 1335 432 162 248 176 194 248 2589 2192 392 915 177 582 332 196 268 681 211 2103 767 275 674 188 246 393 207 169 209
leaf_count=4560 1472 394 1335 432 162 248 176 194 248 2589 2192 392 915 177 582 332 196 268 681 211 2103 767 275 674 188 246 393 207 169 209
internal_value=0.000336468 0.0371763 -0.0275055 0.0827396 0.0153043 0.00998011 0.114792 0.171164 0.12893 -0.047388 0.00550129 -0.0269622 0.00194454 0.114919 0.0862399 0.0284404 -0.0179712 0.0218843 0.0481898 0.0227399 -0.0106874 0.0396975 0.0231254 0.00559753 0.0186705 0.00254745 0.00120867 0.113062 0.0366507 0.0597014
internal_weight=22987 9895 13092 3209 6686 6347 1839 618 424 7816 6099 3256 5276 339 1221 2524 2639 2637 1160 892 3575 1370 667 1304 1108 920 1477 789 562 976
internal_count=22987 9895 13092 3209 6686 6347 1839 618 424 7816 6099 3256 5276 339 1221 2524 2639 2637 1160 892 3575 1370 667 1304 1108 920 1477 789 562 976
is_linear=0
shrinkage=0.0161


Tree=33
num_leaves=31
num_cat=0
split_feature=162 487 223 135 285 462 162 76 488 470 515 103 346 463 207 343 252 419 468 206 437 476 586 491 283 97 380 468 286 240
split_gain=91440.4 32172.6 29648.2 15250.3 12821.1 12715.4 11301 8991.86 7624.23 7344.41 7261.85 6884.05 8535.17 6774.02 6535.17 6451 6420.58 5380.11 7806.07 5368.24 4961.55 5465.37 4984.13 4954.67 4907.2 4577.05 5155.07 4305.39 4201.15 3843.91
threshold=10.500000000000002 71.500000000000014 10.500000000000002 13.500000000000002 13.500000000000002 43.500000000000007 5.5000000000000009 6.5000000000000009 224.50000000000003 10.500000000000002 250.50000000000003 5.5000000000000009 10.500000000000002 5.5000000000000009 16.500000000000004 10.500000000000002 4.5000000000000009 20.000000000000004 6.5000000000000009 6.5000000000000009 6.5000000000000009 16.500000000000004 163.25000000000003 138.50000000000003 5.5000000000000009 16.500000000000004 6.5000000000000009 29.500000000000004 16.500000000000004 20.000000000000004
decision_type=2 2 2 2 2 2 2 2 2 2 2 2 2 2 2 2 2 2 2 2 2 2 8 2 2 2 2 2 2 2
left_child=1 6 7 16 14 9 -1 -2 13 -6 11 -10 -13 25 23 -8 -4 -15 -19 -20 -18 -22 -23 -5 -9 -3 -27 29 -11 -26
right_child=2 8 3 4 5 -7 15 24 10 28 -12 12 -14 17 -16 -17 20 18 19 -21 21 22 -24 -25 27 26 -28 -29 -30 -31
leaf_value=-0.060146633434033252 -0.02094446131992974 -0.042309238110091449 -0.0076926037303854892 0.067151991861035973 0.064357988952505329 0.25162505385756923 -0.035686407995073402 0.00018203620619879185 0.0011251119497893145 0.11138690618342773 -0.019383459491736747 0.048958926822463861 0.1885806838543162 -0.0027398184765430539 0.13152129344681454 0.018205683235036702 0.020086104306702372 -0.022845739333381777 0.017043651603633313 0.12830857681297683 0.053536650436989922 0.073291039601066865 0.19564365451385715 -0.023183109832795441 0.02417575709404518 -0.044356051339211 0.059371390315332381 0.1227276060872133 0.22335023718666128 0.094516407569084152
leaf_weight=5290 1460 1600 500 550 374 230 1999 899 246 176 348 277 193 2812 286 808 583 272 184 291 739 184 164 220 1045 223 280 176 174 250
leaf_count=5290 1460 1600 500 550 374 230 1999 899 246 176 348 277 193 2812 286 808 583 272 184 291 739 184 164 220 1045 223 280 176 174 250
internal_value=-0.000985534 -0.0246709 0.0428428 0.0724934 0.104454 0.147255 -0.0462891 0.0104764 0.00135032 0.114066 0.0408953 0.0702256 0.106343 -0.00607679 0.0657655 -0.0201651 0.0428782 0.00745487 0.0458632 0.0852576 0.0580332 0.0783641 0.131019 0.0413114 0.0298427 -0.0289882 0.0133381 0.0479537 0.167116 0.0377732
internal_weight=22833 14823 8010 4180 2010 954 8097 3830 6726 724 1064 716 470 5662 1056 2807 2170 3559 747 475 1670 1087 348 770 2370 2103 503 1471 350 1295
internal_count=22833 14823 8010 4180 2010 954 8097 3830 6726 724 1064 716 470 5662 1056 2807 2170 3559 747 475 1670 1087 348 770 2370 2103 503 1471 350 1295
is_linear=0
shrinkage=0.0161


Tree=34
num_leaves=31
num_cat=0
split_feature=282 487 401 222 285 488 164 196 544 163 163 421 147 402 16 554 194 541 554 285 357 309 93 515 97 314 468 223 468 269
split_gain=87918.5 31875.9 23060.5 13896.3 12270.8 12063.7 10076.9 9416.07 8394.78 8346.64 7455.18 6781.58 6722.61 6297.97 5964.74 5759.34 5707.96 5395.21 8367.71 5318.7 5039.61 4867.78 4768.1 4723.25 4640.99 4368.03 4276.65 4209.19 4162.38 4050
threshold=13.500000000000002 64.500000000000014 16.500000000000004 5.5000000000000009 8.0000000000000018 242.50000000000003 10.500000000000002 16.500000000000004 210.94999694824222 29.500000000000004 10.500000000000002 10.500000000000002 6.5000000000000009 4.5000000000000009 8.0000000000000018 210.94999694824222 10.500000000000002 198.94999694824222 203.05000305175784 20.000000000000004 13.500000000000002 8.0000000000000018 3.5000000000000004 227.50000000000003 20.000000000000004 5.5000000000000009 29.500000000000004 4.5000000000000009 8.0000000000000018 13.500000000000002
decision_type=2 2 2 2 2 2 2 2 10 2 2 2 2 2 2 10 2 8 8 2 2 2 2 2 2 2 2 2 2 2
left_child=1 3 8 27 16 6 13 25 10 12 -2 -12 -9 26 -5 -8 -4 -7 -19 20 -13 -15 -23 -20 -24 -6 -3 -1 -18 -27
right_child=2 5 4 14 7 17 15 9 -10 -11 11 19 -14 21 -16 -17 28 18 23 -21 -22 22 24 -25 -26 29 -28 -29 -30 -31
leaf_value=-0.071240658723018629 -0.010776661164009448 -0.048508065580876121 0.0088340999099107871 -0.03572063783263249 0.016692546748611571 0.0067790466418075068 0.017239122291160914 0.039170197664462426 0.10537146413000631 0.22685173582879314 0.0099091746558037357 0.015329586585375938 0.16362158713156735 -0.021682168025012841 0.0077384873592023472 0.11622417177901319 0.0389524370277083 0.18580130127161243 0.11180690993394549 0.14838733647754018 0.1106091422135505 -0.051792665677151566 0.012865585273178605 0.002747192341265573 0.084696719078720978 0.12863292784357813 0.03745725023683872 -0.041548739318055521 0.12231156162410016 0.050441213127878422
leaf_weight=2781 1462 1620 575 1751 223 331 2171 186 299 272 991 395 287 1622 1536 164 323 164 182 186 227 211 927 238 312 444 165 2240 301 282
leaf_count=2781 1462 1620 575 1751 223 331 2171 186 299 272 991 395 287 1622 1536 164 323 164 182 186 227 211 927 238 312 444 165 2240 301 282
internal_value=0.000804776 -0.0189872 0.0511548 -0.0411499 0.0849201 0.00372209 -0.00328004 0.112825 0.0237092 0.155699 0.0162144 0.0381624 0.114733 -0.0164966 -0.0154052 0.0242015 0.0454746 0.0587853 0.0882212 0.0727854 0.0501399 -0.00251348 0.0189128 0.0500624 0.0309728 0.0791433 -0.0405485 -0.057999 0.0792002 0.0982934
internal_weight=22868 16415 6453 8308 2893 8107 7192 1694 3560 745 3261 1799 473 4857 3287 2335 1199 915 584 808 622 3072 1450 420 1239 949 1785 5021 624 726
internal_count=22868 16415 6453 8308 2893 8107 7192 1694 3560 745 3261 1799 473 4857 3287 2335 1199 915 584 808 622 3072 1450 420 1239 949 1785 5021 624 726
is_linear=0
shrinkage=0.0161


Tree=35
num_leaves=31
num_cat=0
split_feature=163 539 101 342 20 490 42 16 314 226 55 522 162 35 447 590 539 47 136 252 135 164 282 476 537 410 164 54 281 108
split_gain=78406.7 33316.9 29935.4 11852.6 11223.7 10248.7 10248.4 9990.57 10971.1 9407.53 11329.1 9040.54 9739.38 8503.32 8268.27 8696.87 5888 5886.14 6058.85 5330.69 4972.52 4848.92 4523.66 4442.64 4971.28 3984.23 3983.66 3961.55 3883.82 3781.3
threshold=10.500000000000002 59.500000000000007 16.500000000000004 24.500000000000004 5.5000000000000009 244.50000000000003 6.5000000000000009 29.500000000000004 13.500000000000002 6.5000000000000009 24.500000000000004 106.50000000000001 35.500000000000007 13.500000000000002 8.0000000000000018 191.15000152587893 272.50000000000006 43.500000000000007 6.5000000000000009 6.5000000000000009 10.500000000000002 4.5000000000000009 24.500000000000004 16.500000000000004 122.50000000000001 10.500000000000002 5.5000000000000009 4.5000000000000009 10.500000000000002 29.500000000000004
decision_type=2 2 2 2 2 2 2 2 2 2 2 2 2 2 2 10 2 2 2 2 2 2 2 2 2 2 2 2 2 2
left_child=1 6 9 19 -5 7 -1 16 -9 20 21 12 -6 -12 -7 -16 17 18 -3 -4 -2 -11 29 -21 -25 28 -8 -27 -23 -20
right_child=2 5 3 4 11 14 26 8 -10 10 13 -13 -14 -15 15 -17 -18 -19 22 23 -22 25 -24 24 -26 27 -28 -29 -30 -31
leaf_value=-0.06354749435456987 -0.025778380557079036 -0.032272191525504708 0.018790522496234561 0.036133444668431845 0.14570737046827151 -0.0010363415432465661 -0.041796732694872545 -0.00064532436093362529 0.13640704641612519 -0.038965391885326037 0.049434847081445688 0.091967136495518367 0.29937732316463012 0.18375668713732832 0.040235542634321407 0.18571444263000031 0.06541233803397796 0.053979639097698838 -0.011544210726382566 0.055259745499780771 0.024271652291462265 -0.0093831904810410347 0.079014945286154561 0.069105389972728123 0.18458876425079807 0.12260202611635594 -0.0069482445635028148 0.039187407929815697 0.053274654442974051 0.058139102202701527
leaf_weight=3947 1386 3128 605 271 291 346 1814 356 263 293 288 331 170 213 242 191 255 316 2037 768 818 783 181 212 179 185 1604 739 381 224
leaf_count=3947 1386 3128 605 271 291 346 1814 356 263 293 288 331 170 213 242 191 255 316 2037 768 818 783 181 212 179 185 1604 739 381 224
internal_value=0.000230053 -0.0215156 0.0411905 0.0831951 0.125681 0.00227376 -0.0458701 -0.00409534 0.0575473 0.0178381 0.0369879 0.156292 0.202426 0.106589 0.0575737 0.104462 -0.0103126 -0.0135973 -0.0174353 0.0575794 -0.00719196 0.0223329 0.00155991 0.077807 0.122034 0.0309459 -0.0254499 0.0559139 0.0111057 -0.00463019
internal_weight=22817 14904 7913 2827 1063 7539 7365 6760 619 5086 2882 792 461 501 779 433 6141 5886 5570 1764 2204 2381 2442 1159 391 2088 3418 924 1164 2261
internal_count=22817 14904 7913 2827 1063 7539 7365 6760 619 5086 2882 792 461 501 779 433 6141 5886 5570 1764 2204 2381 2442 1159 391 2088 3418 924 1164 2261
is_linear=0
shrinkage=0.0161


Tree=36
num_leaves=31
num_cat=0
split_feature=342 480 281 343 15 291 556 226 161 194 543 239 267 149 343 283 470 30 577 294 314 400 560 551 166 62 433 51 102 105
split_gain=83083.8 32588.3 30130.1 13767.4 13613.1 10829 9854.93 9662.26 9513.35 7286.83 7045.42 6814.8 8445.29 7970.37 6777.12 6689.61 5964.05 5854.82 5537.64 4971.1 4875.61 7474.46 4567.46 4558.59 4312.93 4762.86 4670.73 4310.14 4124.67 4061.3
threshold=10.500000000000002 67.500000000000014 16.500000000000004 10.500000000000002 24.500000000000004 20.000000000000004 224.44999694824222 20.000000000000004 3.5000000000000004 10.500000000000002 221.94999694824222 6.5000000000000009 10.500000000000002 13.500000000000002 20.000000000000004 6.5000000000000009 35.500000000000007 6.5000000000000009 105.54999923706056 16.500000000000004 6.5000000000000009 43.500000000000007 169.15000152587893 189.94999694824222 4.5000000000000009 20.000000000000004 8.0000000000000018 8.0000000000000018 16.500000000000004 5.5000000000000009
decision_type=2 2 2 2 2 2 10 2 2 2 10 2 2 2 2 2 2 2 8 2 2 2 8 8 2 2 2 2 2 2
left_child=1 8 3 16 10 9 17 18 -1 22 20 -7 -13 -14 19 -10 -2 -5 -6 28 -4 -22 -3 -21 -19 27 -27 -26 -11 -24
right_child=2 5 4 6 7 11 -8 -9 15 14 -12 12 13 -15 -16 -17 -18 24 -20 23 21 -23 29 -25 25 26 -28 -29 -30 -31
leaf_value=-0.071340487902385716 -0.015492631160022158 -0.034637558167232206 0.01757770161334074 0.0038613632850785693 0.16081703322963536 0.0012407473562441001 0.16504135531935005 0.22827801291423841 -0.046531407270005133 -0.02231398709775579 0.16267613547252407 0.02133640481779971 0.19464287754515713 0.045291785485252076 0.098425705028934996 -0.0090955300694874359 0.076640756336493032 -0.0049802524700322719 0.06618537657398893 0.0060729463533254315 0.053789371580257941 0.16090859224197093 -0.031075678779426425 0.12448342132598779 0.010339198828071154 0.18125377341230306 0.063317811569343366 0.08026416900244375 0.057164436729645926 0.021030051207615256
leaf_weight=2436 2403 2115 711 931 269 518 163 216 3412 947 160 358 216 163 250 1944 197 257 400 179 1127 199 627 160 426 162 190 495 206 1016
leaf_count=2436 2403 2115 711 931 269 518 163 216 3412 947 160 358 216 163 250 1944 197 257 400 179 1127 199 627 160 426 162 190 495 206 1016
internal_value=0.000678557 -0.0225168 0.0413055 0.0177468 0.0812299 0.00336095 0.0437651 0.134564 -0.0449537 -0.0063728 0.0597351 0.0460376 0.0774911 0.130472 0.0208395 -0.0329482 -0.0085027 0.035723 0.104271 0.00782337 0.0516378 0.0698831 -0.0189932 0.0620293 0.0550954 0.0672422 0.117662 0.0479466 -0.00809361 0.00113119
internal_weight=22853 14547 8306 5224 3082 6755 2624 885 7792 5500 2197 1255 737 379 1742 5356 2600 2461 669 1492 2037 1326 3758 339 1530 1273 352 921 1153 1643
internal_count=22853 14547 8306 5224 3082 6755 2624 885 7792 5500 2197 1255 737 379 1742 5356 2600 2461 669 1492 2037 1326 3758 339 1530 1273 352 921 1153 1643
is_linear=0
shrinkage=0.0161


Tree=37
num_leaves=31
num_cat=0
split_feature=282 482 161 463 255 402 524 91 553 571 254 223 282 547 164 75 45 255 496 521 444 207 102 246 66 336 36 136 180 451
split_gain=77973.4 31221 21657.6 16677.3 12555.9 11216.4 9520.53 8718.37 9106.23 13292.3 8455.97 8169.39 6922.9 6699.65 6630.8 6604.62 6282.15 5570.01 8203.43 5568.99 5021.54 7141.65 4606.26 4492.22 4956.53 5404.16 4241.69 4241.35 3903.32 3881.75
threshold=13.500000000000002 85.500000000000014 10.500000000000002 29.500000000000004 13.500000000000002 4.5000000000000009 60.500000000000007 24.500000000000004 184.15000152587893 197.65000152587893 20.000000000000004 16.500000000000004 5.5000000000000009 221.94999694824222 6.5000000000000009 10.500000000000002 20.000000000000004 13.500000000000002 107.50000000000001 101.50000000000001 13.500000000000002 16.500000000000004 10.500000000000002 4.5000000000000009 16.500000000000004 8.0000000000000018 10.500000000000002 10.500000000000002 13.500000000000002 8.0000000000000018
decision_type=2 2 2 2 2 2 2 2 8 8 2 2 2 10 2 2 2 2 2 2 2 2 2 2 2 2 2 2 2 2
left_child=1 5 11 10 -5 19 -6 12 -9 -10 27 20 26 17 -7 -13 -17 -14 -19 -1 -2 -22 -16 -12 25 -25 -3 -4 -24 -21
right_child=2 7 3 4 6 14 -8 8 9 -11 23 15 13 -15 22 16 -18 18 -20 29 21 -23 28 24 -26 -27 -28 -29 -30 -31
leaf_value=-0.064698847562260478 -0.022776112218452792 -0.035885843613784281 0.015397274905060491 0.062644929213324499 0.29352306416883966 -0.038848119646504919 0.13515177511400808 0.0058878195477967635 0.22021569726934093 0.041106507505616931 0.028599542030471454 0.0094087316235866147 -0.0077736717753362199 0.08640480947217663 -0.02081918609964559 0.048244307703857202 0.15973636111786771 0.12406271694643019 0.011018057368892409 -0.04835238942555254 -0.00044438594032893055 0.12437481047015304 0.0032558459288463053 0.0891669565304819 0.061202026270848309 0.20530207663138828 0.0053919243264649325 0.06348488342542348 0.07544222227943212 0.057247601947625494
leaf_weight=3623 1315 1611 1035 283 172 3188 232 561 162 320 188 546 1821 316 1559 372 203 231 597 191 437 163 669 194 252 226 1075 882 274 171
leaf_count=3623 1315 1611 1035 283 172 3188 232 561 162 320 188 546 1821 316 1559 372 203 231 597 191 437 163 669 194 252 226 1075 882 274 171
internal_value=-0.000734338 -0.0194689 0.0464415 0.0739562 0.145003 -0.0379644 0.202635 0.00725946 0.050028 0.101354 0.0563716 0.0150403 -0.000630125 0.0163264 -0.0234503 0.0495608 0.0876468 0.00795788 0.0425843 -0.0586825 -0.00515493 0.0334256 -0.00382123 0.0983336 0.117808 0.151715 -0.0193568 0.0375344 0.0242554 0.00146546
internal_weight=22869 16369 6500 3464 687 9675 404 6694 1043 482 2777 3036 5651 2965 5690 1121 575 2649 828 3985 1915 600 2502 860 672 420 2686 1917 943 362
internal_count=22869 16369 6500 3464 687 9675 404 6694 1043 482 2777 3036 5651 2965 5690 1121 575 2649 828 3985 1915 600 2502 860 672 420 2686 1917 943 362
is_linear=0
shrinkage=0.0161


Tree=38
num_leaves=31
num_cat=0
split_feature=163 461 496 488 77 541 222 136 404 491 137 402 148 289 235 174 433 488 102 300 282 572 17 315 31 555 258 410 516 104
split_gain=77881.1 35503.2 26986.2 11863.9 11800.2 11253.6 11043.2 10512 8603.58 8567.05 9929.94 7616.32 6966.02 6867.24 9474.25 6506.6 8170.55 6362.22 6290.95 6629.29 5681.47 5673.35 5596.71 5299.81 5569.09 5133.02 4672.09 4100.54 3855.12 3811.31
threshold=8.0000000000000018 29.500000000000004 37.500000000000007 269.50000000000006 6.5000000000000009 210.94999694824222 10.500000000000002 6.5000000000000009 6.5000000000000009 145.50000000000003 29.500000000000004 4.5000000000000009 13.500000000000002 5.5000000000000009 10.500000000000002 10.500000000000002 24.500000000000004 242.50000000000003 16.500000000000004 20.000000000000004 4.5000000000000009 118.54999923706056 6.5000000000000009 8.0000000000000018 6.5000000000000009 165.25000000000003 13.500000000000002 24.500000000000004 105.50000000000001 6.5000000000000009
decision_type=2 2 2 2 2 10 2 2 2 2 2 2 2 2 2 2 2 2 2 2 2 10 2 2 2 10 2 2 2 2
left_child=2 4 20 11 17 7 12 -3 -8 10 13 -4 -6 -9 -15 29 -17 26 27 23 -1 -14 -5 -20 -25 -23 -2 -10 -28 -13
right_child=1 5 3 22 6 -7 8 9 18 -11 -12 15 21 14 -16 16 -18 -19 19 -21 -22 25 -24 24 -26 -27 28 -29 -30 -31
leaf_value=-0.070528550236670193 -0.024300330782142797 0.016046413091833554 -0.032059717527597134 -0.00036604630217573048 -0.0040487673508423595 0.22947681125008476 0.0095152276189329286 0.035594953808600345 0.02926446407901161 0.032677433760532837 0.24720805560512132 -0.031206987034582707 0.01475423689709033 0.086144862517889303 0.23127371155171564 0.010934880039993784 0.10571388714048016 0.076016926873886656 0.010858083411879042 0.17946900938024249 -0.036955119379287131 0.16660663109927878 0.11900940703002945 0.17666832595567414 0.069598594058132401 0.044810471762819909 -0.011160061898536662 0.11830383228689578 0.073991825860242985 0.0056147255107190991
leaf_weight=2532 2012 387 2768 160 1915 163 663 219 723 264 172 1498 472 292 195 1527 279 227 202 236 2709 163 278 195 359 201 295 165 258 1417
leaf_count=2532 2012 387 2768 160 1915 163 663 219 723 264 172 1498 472 292 195 1527 279 227 202 236 2709 163 278 195 359 201 295 165 258 1417
internal_value=0.000725198 0.0351472 -0.0248333 -0.00608912 0.02111 0.102217 0.035235 0.0886346 0.0594229 0.113213 0.137401 -0.0108552 0.0128673 0.110616 0.144304 0.00157239 0.0255899 -0.00566447 0.0770108 0.104894 -0.0531794 0.0516446 0.0753482 0.0815828 0.107328 0.0994157 -0.0129024 0.0458354 0.0285247 -0.0132996
internal_weight=22946 9778 13168 7927 8086 1692 5294 1529 2543 1142 878 7489 2751 706 487 4721 1806 2792 1880 992 5241 836 438 756 554 364 2565 888 553 2915
internal_count=22946 9778 13168 7927 8086 1692 5294 1529 2543 1142 878 7489 2751 706 487 4721 1806 2792 1880 992 5241 836 438 756 554 364 2565 888 553 2915
is_linear=0
shrinkage=0.0161


Tree=39
num_leaves=31
num_cat=0
split_feature=162 495 343 221 164 199 103 398 193 557 341 198 341 196 460 170 256 250 292 461 311 533 344 110 553 23 435 328 340 374
split_gain=72584.3 30278.3 27720.3 18079.4 12532.3 10674.5 10606.8 8835.82 8790.85 7618.56 7459.12 7341.03 7085.27 6938.7 6825.6 6550.24 6391.38 6073.64 6052.55 5511.45 5080.72 4966.55 4943.71 4847.14 4485.39 4479.45 3991.94 3888.43 4011.75 4186.8
threshold=10.500000000000002 44.500000000000007 13.500000000000002 13.500000000000002 8.0000000000000018 13.500000000000002 4.5000000000000009 35.500000000000007 24.500000000000004 137.05000305175784 29.500000000000004 5.5000000000000009 4.5000000000000009 6.5000000000000009 35.500000000000007 13.500000000000002 5.5000000000000009 10.500000000000002 20.000000000000004 16.500000000000004 10.500000000000002 83.500000000000014 6.5000000000000009 20.000000000000004 228.75000000000003 20.000000000000004 16.500000000000004 4.5000000000000009 10.500000000000002 8.0000000000000018
decision_type=2 2 2 2 2 2 2 2 2 10 2 2 2 2 2 2 2 2 2 2 2 2 2 2 8 2 2 2 2 2
left_child=1 12 7 17 -5 13 20 16 10 -9 -7 -8 -1 -6 -15 27 -2 -4 24 -18 -3 -19 -14 -22 -17 -21 -24 -13 -29 -30
right_child=2 6 3 4 5 8 11 9 -10 -11 -12 15 22 14 -16 18 19 21 -20 25 23 -23 26 -25 -26 -27 -28 28 29 -31
leaf_value=-0.065472290275163339 -0.022745268014823919 -0.042973252737465037 0.0091117970081504331 0.026840515791458006 0.009844568440960719 0.072760521053811714 -0.012025283523832316 0.029069245923139867 0.27462625505558214 0.16846338230208271 0.21660133465752143 -0.025502221104552251 -0.047187472480961667 0.08671304345985649 0.19631676476227525 0.012507531844542218 -0.00098947440597043192 0.12904909420919516 0.11646354728695374 0.029462684591969691 -0.015002929462075246 0.037228030139678119 -0.023283133998083284 0.075364525418081807 0.093935936328562591 0.10518965124608753 0.040485800310737244 0.0031158885490374668 0.0094496817491664994 0.087173694239241428
leaf_weight=2914 1350 1765 973 390 194 202 2129 266 188 165 175 591 2050 510 208 647 1436 250 319 949 774 395 1047 192 241 258 336 1149 333 392
leaf_count=2914 1350 1765 973 390 194 202 2129 266 188 165 175 591 2050 510 208 647 1436 250 319 949 774 395 1047 192 241 258 336 1149 333 392
internal_value=0.000575195 -0.020373 0.0399874 0.0739491 0.108093 0.129531 -0.000561155 0.0132289 0.184566 0.0824882 0.139593 0.0117529 -0.0470015 0.0954106 0.118497 0.0255458 0.00574718 0.0345366 0.0562799 0.0203095 -0.0267265 0.0728541 -0.0313162 0.00293394 0.0346334 0.0456691 -0.00777345 0.0104871 0.0218496 0.0515067
internal_weight=22788 14879 7909 3485 1867 1477 8532 4424 565 431 377 5801 6347 912 718 3672 3993 1618 1207 2643 2731 645 3433 966 888 1207 1383 2465 1874 725
internal_count=22788 14879 7909 3485 1867 1477 8532 4424 565 431 377 5801 6347 912 718 3672 3993 1618 1207 2643 2731 645 3433 966 888 1207 1383 2465 1874 725
is_linear=0
shrinkage=0.0161


Tree=40
num_leaves=31
num_cat=0
split_feature=282 480 400 463 281 291 554 256 282 343 342 75 256 485 226 495 161 480 591 255 101 443 539 407 75 182 217 432 164 176
split_gain=74233.2 30577.3 21296 14460.6 12791.5 11799.4 9740.95 9767.97 9349.39 7991.76 7805.31 7775.07 7509.42 6468.68 6414.5 5947.49 5879.9 5312.94 5273.77 5066.47 6462.74 4874.59 4526.9 4351.57 4072.77 4012.35 3972.13 4311.95 3856.32 3819.47
threshold=16.500000000000004 67.500000000000014 20.000000000000004 29.500000000000004 5.5000000000000009 20.000000000000004 188.65000152587893 10.500000000000002 5.5000000000000009 10.500000000000002 35.500000000000007 13.500000000000002 5.5000000000000009 60.500000000000007 6.5000000000000009 305.50000000000006 20.000000000000004 119.50000000000001 228.75000000000003 5.5000000000000009 35.500000000000007 13.500000000000002 34.500000000000007 6.5000000000000009 16.500000000000004 13.500000000000002 5.5000000000000009 5.5000000000000009 13.500000000000002 16.500000000000004
decision_type=2 2 2 2 2 2 10 2 2 2 2 2 2 2 2 2 2 2 8 2 2 2 2 2 2 2 2 2 2 2
left_child=1 4 12 11 22 8 21 -8 24 -6 -5 -4 -2 -11 -13 16 25 -16 -18 -14 29 23 -1 -7 -3 -10 -27 -28 -24 -21
right_child=2 5 3 10 9 6 7 -9 15 13 -12 14 19 -15 17 -17 18 -19 -20 20 -22 -23 28 -25 -26 26 27 -29 -30 -31
leaf_value=-0.06656650452066705 -0.0086945054416629596 -0.033003280376671572 0.031945902904681613 0.12470095335351933 -0.030195779491778169 -0.052037833482009972 0.20149467762892848 0.030147051842848143 -0.012206875592609622 0.0009433538241615209 0.27874819456036148 0.046283835236938818 0.00069576939167973015 0.098420796600295152 0.10558805056030295 0.10765036921821189 0.023352528756904627 0.2236573156078924 0.12010736940525153 0.034240871778992453 0.14447590305411084 0.0615437599396624 -0.045104849282400036 0.029480225268254664 0.012194089952516191 -0.022129612267006011 0.11884268307378441 0.024039297628200597 0.019906524559055287 0.0852369509555118
leaf_weight=3067 857 2494 524 183 3279 283 184 163 2155 1009 161 224 514 214 245 167 517 167 204 1411 199 527 1217 424 651 274 176 427 293 523
leaf_count=3067 857 2494 524 183 3279 283 184 163 2155 1009 161 224 514 214 245 167 517 167 204 1411 199 527 1217 424 651 274 176 427 293 523
internal_value=-0.000267322 -0.0157328 0.0544657 0.105149 -0.036369 0.00593406 0.0456942 0.121074 -0.00296011 -0.0170926 0.196867 0.077929 0.0327046 0.0180192 0.115778 0.0136254 0.00943524 0.153503 0.050761 0.046117 0.0570514 0.0244785 -0.0553243 -0.00311677 -0.0236402 -0.000384136 0.0286403 0.051749 -0.0324745 0.0480436
internal_weight=22733 17725 5008 1504 9079 8646 1581 347 7065 4502 344 1160 3504 1223 636 3920 3753 412 721 2647 2133 1234 4577 707 3145 3032 877 603 1510 1934
internal_count=22733 17725 5008 1504 9079 8646 1581 347 7065 4502 344 1160 3504 1223 636 3920 3753 412 721 2647 2133 1234 4577 707 3145 3032 877 603 1510 1934
is_linear=0
shrinkage=0.0161


Tree=41
num_leaves=31
num_cat=0
split_feature=342 513 164 221 254 102 199 104 178 491 529 221 482 434 360 160 231 94 292 433 175 161 216 39 445 349 38 175 329 195
split_gain=68516 27829.2 25860.2 16993.6 11337.5 11483.7 14885.6 11285.5 8341.68 7287.58 6651.81 6474.65 5744.31 5739.36 5585.64 5501.49 7142.68 7001.02 5328.97 5009.67 4761.38 4136.97 4010.21 3717.97 3852.46 3684.35 3623.3 3567.52 3865.65 3222.93
threshold=10.500000000000002 42.500000000000007 8.0000000000000018 13.500000000000002 5.5000000000000009 43.500000000000007 13.500000000000002 4.5000000000000009 43.500000000000007 261.50000000000006 142.50000000000003 8.0000000000000018 201.50000000000003 35.500000000000007 24.500000000000004 10.500000000000002 20.000000000000004 13.500000000000002 10.500000000000002 8.0000000000000018 13.500000000000002 4.5000000000000009 16.500000000000004 13.500000000000002 16.500000000000004 24.500000000000004 16.500000000000004 5.5000000000000009 5.5000000000000009 4.5000000000000009
decision_type=2 2 2 2 2 2 2 2 2 2 2 2 2 2 2 2 2 2 2 2 2 2 2 2 2 2 2 2 2 2
left_child=1 11 8 14 -5 10 -7 12 18 15 13 -1 23 -6 22 -9 27 -18 29 -11 -16 -20 25 -3 -25 -4 -12 -17 -29 -2
right_child=2 7 3 4 5 6 -8 9 -10 19 26 -13 -14 -15 20 16 17 -19 21 -21 -22 -23 -24 24 -26 -27 -28 28 -30 -31
leaf_value=-0.05737257942974662 -0.053212759052697914 -0.054957170083993347 -0.00098054059940386878 0.011270127969140424 0.092863013553175736 0.097031777895798477 0.29497907806259183 -0.0070258950320037363 0.11037458850498333 0.012895786156636535 0.0065888241939302712 -0.018750422701901356 0.025768129447672091 0.18868390690579551 0.039800627707614986 -0.021593730355035274 0.14888188956068776 0.0097149332377509841 -0.035819620362062751 0.12603206684383778 0.14682853883876923 0.038643240074476753 0.061843592458290145 -0.032375601303642441 0.055582853511215634 0.066787628391705378 0.094900221088990822 0.078154751633156147 0.0088603863510967416 -0.0068175933328019304
leaf_weight=4526 523 1506 1371 367 772 220 179 3552 178 185 309 1500 395 206 260 550 218 165 241 226 185 974 491 491 175 245 198 297 705 1511
leaf_count=4526 523 1506 1371 367 772 220 179 3552 178 185 309 1500 395 206 260 550 218 165 241 226 185 974 491 491 175 245 198 297 705 1511
internal_value=-0.000247692 -0.0213184 0.0368499 0.0609571 0.0932079 0.109157 0.185894 -0.0024908 0.0030563 0.00977023 0.0885225 -0.0477626 -0.0306712 0.11307 0.0325009 0.00486764 0.0267123 0.0889889 -0.00281601 0.0751642 0.0843483 0.0238539 0.0215396 -0.0409461 -0.00922805 0.00927915 0.0411237 0.0113286 0.0294232 -0.0187587
internal_weight=22721 14491 8230 4803 2251 1884 399 8465 3427 5898 1485 6026 2567 978 2552 5487 1935 383 3249 411 445 1215 2107 2172 666 1616 507 1552 1002 2034
internal_count=22721 14491 8230 4803 2251 1884 399 8465 3427 5898 1485 6026 2567 978 2552 5487 1935 383 3249 411 445 1215 2107 2172 666 1616 507 1552 1002 2034
is_linear=0
shrinkage=0.0161


Tree=42
num_leaves=31
num_cat=0
split_feature=222 480 223 102 291 558 400 196 41 343 176 341 290 386 242 459 227 353 192 76 126 485 85 598 192 106 58 530 196 483
split_gain=74157 29320 26210.2 17660 11206.8 11982.9 11069 8584.03 8764.08 8179.99 8179.47 8907.27 7355.67 7893.68 7286.4 8179.2 6694.24 6341.54 6278.77 5726.63 5568.43 6466.78 5105.62 4859.85 5896.16 4790.72 5021.02 9302.25 4464.66 4312.19
threshold=8.0000000000000018 67.500000000000014 16.500000000000004 35.500000000000007 35.500000000000007 158.65000152587893 10.500000000000002 16.500000000000004 24.500000000000004 10.500000000000002 24.500000000000004 35.500000000000007 8.0000000000000018 24.500000000000004 5.5000000000000009 20.000000000000004 16.500000000000004 8.0000000000000018 8.0000000000000018 6.5000000000000009 5.5000000000000009 62.500000000000007 13.500000000000002 195.05000305175784 8.0000000000000018 8.0000000000000018 13.500000000000002 117.50000000000001 5.5000000000000009 34.500000000000007
decision_type=2 2 2 2 2 10 2 2 2 2 2 2 2 2 2 2 2 2 2 2 2 2 2 10 2 2 2 2 2 2
left_child=1 9 6 10 14 -6 19 22 -9 -1 11 28 -8 25 -3 23 17 -17 -12 -2 -11 -22 -5 -16 -25 -14 27 -27 -4 -21
right_child=2 4 3 7 5 -7 12 8 -10 20 18 -13 13 -15 15 16 -18 -19 -20 29 21 -23 -24 24 -26 26 -28 -29 -30 -31
leaf_value=-0.052789064572332026 -0.029264348241370464 -0.027074916227656426 -0.023726194792537503 0.13495148577649876 0.017244367995559159 0.19099766054309417 0.015096774227503522 0.12187713077756382 0.27460096229770925 -0.045984658328153447 0.045226096187133316 0.12618286014806643 0.011692029658024884 0.14296802774031311 -0.0090097396305010586 -0.024087811361541485 0.15309695239451573 0.090762242252392586 0.17831793797836171 -0.023938994770823743 -0.0055992508267326555 0.10559195879625223 0.021665478448392339 0.095586810952715318 -0.012093623515206797 0.047010613422187132 0.021950560520367396 0.20574417929942074 0.039296798787849453 0.02930068246477717
leaf_weight=5724 1292 2008 369 253 277 164 1516 210 183 677 162 265 533 278 2605 249 160 249 214 547 719 167 175 278 250 231 262 164 1378 1410
leaf_count=5724 1292 2008 369 253 277 164 1516 210 183 677 162 265 533 278 2605 249 160 249 214 547 719 167 175 278 250 231 262 164 1378 1410
internal_value=0.00222845 -0.0219396 0.0368552 0.074242 0.00367158 0.0819135 0.0176031 0.138674 0.193053 -0.0438743 0.0520805 0.0391821 0.0399913 0.0656837 -0.00227447 0.0108555 0.0624581 0.03329 0.121038 -0.00295174 -0.0112115 0.0153323 0.0886863 1.03041e-05 0.0445572 0.0476092 0.0767117 0.112975 0.0259717 0.0144077
internal_weight=22969 13527 9442 3209 6240 441 6233 821 393 7287 2388 2012 2984 1468 5799 3791 658 498 376 3249 1563 886 428 3133 528 1190 657 395 1747 1957
internal_count=22969 13527 9442 3209 6240 441 6233 821 393 7287 2388 2012 2984 1468 5799 3791 658 498 376 3249 1563 886 428 3133 528 1190 657 395 1747 1957
is_linear=0
shrinkage=0.0161


Tree=43
num_leaves=31
num_cat=0
split_feature=402 485 223 461 75 101 172 401 164 220 197 291 209 195 538 38 237 290 585 403 588 190 212 264 12 281 44 405 444 359
split_gain=69229.6 27481.5 25964.3 14490.6 10429.8 10311.9 9465.05 9294.2 8493.71 7575.23 6891.6 5939.88 5901.82 5554.98 5551.39 7602.6 5373.05 5202.77 6395.55 5188.34 4979.12 4757.2 4576.57 4571.56 6153.61 4536.6 5520.07 4531.29 4348.78 4260.44
threshold=13.500000000000002 61.500000000000007 16.500000000000004 35.500000000000007 16.500000000000004 20.000000000000004 3.5000000000000004 6.5000000000000009 4.5000000000000009 24.500000000000004 4.5000000000000009 52.000000000000007 8.0000000000000018 4.5000000000000009 104.50000000000001 16.500000000000004 8.0000000000000018 13.500000000000002 166.15000152587893 6.5000000000000009 260.05000305175787 16.500000000000004 10.500000000000002 10.500000000000002 10.500000000000002 5.5000000000000009 3.5000000000000004 13.500000000000002 8.0000000000000018 13.500000000000002
decision_type=2 2 2 2 2 2 2 2 2 2 2 2 2 2 2 2 2 2 10 2 8 2 2 2 2 2 2 2 2 2
left_child=1 7 5 9 -5 17 -3 -1 29 10 -4 21 -6 -7 -15 -16 -12 -2 -19 -9 22 25 -18 -23 -25 -10 -27 -24 -11 -8
right_child=2 6 3 4 12 13 8 19 11 28 16 -13 -14 14 15 -17 20 18 -20 -21 -22 23 27 24 -26 26 -28 -29 -30 -31
leaf_value=-0.052389390175891504 -0.011604438473578345 -0.033305229116957068 -0.025692800760679813 0.074004025057206088 0.13089776086914298 -0.026607242804766038 -0.030930208280606927 -0.035667434756504787 -0.014456319128852148 0.062642856005923592 0.029872855963857772 0.10965012619554602 0.26127605732307313 0.039084518723071955 0.058372022095547114 0.19529613923512734 0.027841300377358123 0.011960836488043542 0.11791220178487199 0.0056224541420072981 0.16784382471449952 0.017032797923641797 0.052582342012878841 0.1528327505218455 0.041038825596036346 -0.058064061843770692 0.033071129816854145 0.17290354636349392 0.16991744914062934 0.022461729670033705
leaf_weight=4695 2094 1414 280 282 161 165 1374 1718 1180 170 760 203 207 521 245 185 339 666 190 1457 167 562 164 203 346 189 1929 162 234 539
leaf_count=4695 2094 1414 280 282 161 165 1374 1718 1180 170 760 203 207 521 245 185 339 666 190 1457 167 562 164 203 346 189 1929 162 234 539
internal_value=0.00197731 -0.0166787 0.0441621 0.0807373 0.147808 0.0178358 0.00445349 -0.0379991 0.0126396 0.0615725 0.047907 0.0244719 0.2043 0.0595227 0.0744911 0.117336 0.0608665 0.00205747 0.0355056 -0.0167122 0.0891498 0.0205448 0.0693521 0.0493645 0.082419 0.0108292 0.0249276 0.112446 0.124835 -0.0158744
internal_weight=22801 15809 6992 2926 650 4066 7939 7870 6525 2276 1872 4612 368 1116 951 430 1592 2950 856 3175 832 4409 665 1111 549 3298 2118 326 404 1913
internal_count=22801 15809 6992 2926 650 4066 7939 7870 6525 2276 1872 4612 368 1116 951 430 1592 2950 856 3175 832 4409 665 1111 549 3298 2118 326 404 1913
is_linear=0
shrinkage=0.0161


Tree=44
num_leaves=31
num_cat=0
split_feature=282 221 164 539 486 103 528 403 163 76 555 27 309 22 92 543 402 350 193 328 499 430 400 529 321 458 113 145 539 423
split_gain=65008.3 27357.4 22562.2 21144.1 9478.63 8654.03 8644.58 9292.45 7292.71 7081.51 6757.47 6645.09 7170.99 6355.36 7418.73 6323.25 5886.99 5601.62 5540.4 4752.63 6548.98 4611.57 5637.68 7017.73 4572.6 4019.05 3958.11 4703.69 3891.49 3472.71
threshold=8.0000000000000018 13.500000000000002 13.500000000000002 38.500000000000007 272.50000000000006 4.5000000000000009 129.50000000000003 29.500000000000004 5.5000000000000009 6.5000000000000009 231.15000152587893 6.5000000000000009 8.0000000000000018 6.5000000000000009 16.500000000000004 210.94999694824222 4.5000000000000009 52.000000000000007 16.500000000000004 8.0000000000000018 69.500000000000014 8.0000000000000018 16.500000000000004 115.50000000000001 4.5000000000000009 13.500000000000002 13.500000000000002 24.500000000000004 195.50000000000003 6.5000000000000009
decision_type=2 2 2 2 2 2 2 2 2 2 10 2 2 2 2 10 2 2 2 2 2 2 2 2 2 2 2 2 2 2
left_child=3 4 9 16 8 24 7 19 -2 -3 17 -7 25 -14 29 -8 -1 26 -9 -4 -21 -11 -23 -24 -5 -13 -10 -28 -26 -15
right_child=1 2 6 5 -6 11 15 18 10 21 -12 12 13 14 -16 -17 -18 -19 -20 20 -22 22 23 -25 28 -27 27 -29 -30 -31
leaf_value=-0.065414322475646464 -0.029294390763704187 -0.011537584135943756 0.058083554921451973 -0.05823519651532913 0.10733958038512932 -0.015930095684875797 0.033404385124413245 0.13369886341388232 -0.0054632360354582125 0.019484850302415493 0.10918177731500987 -0.021302023916184326 0.0050280175688983322 0.094900574391171999 0.14976710024242837 0.14956907116984169 -0.031611295072069251 0.10093007047155783 0.26076876154960371 0.08327204872225992 0.2189277760859108 0.026215468676213632 0.05809168728005585 0.1819776435009966 -0.025068023434007977 0.038561421795344213 0.014000169953173157 0.090941552531169409 0.034859291764022804 0.015196427355137588
leaf_weight=2636 1280 724 343 912 242 1910 508 167 2562 725 187 949 527 229 251 160 2715 169 193 218 161 357 281 206 1587 419 1077 255 341 374
leaf_count=2636 1280 724 343 912 242 1910 508 167 2562 725 187 949 527 229 251 160 2715 169 193 218 161 357 281 206 1587 419 1077 255 341 374
internal_value=1.05716e-05 0.0312105 0.063328 -0.0238185 0.00870965 -0.00636934 0.106869 0.135003 0.00438921 0.0300874 0.0145395 0.00713012 0.0231609 0.0490424 0.076176 0.0612635 -0.0482677 0.0101777 0.201888 0.101621 0.140961 0.0493099 0.0749018 0.110544 -0.0285234 -0.00294945 0.00623304 0.0287476 -0.0144566 0.0455045
internal_weight=22665 9815 4043 12850 5772 7499 1750 1082 5530 2293 4250 4659 2749 1381 854 668 5351 4063 360 722 379 1569 844 487 2840 1368 3894 1332 1928 603
internal_count=22665 9815 4043 12850 5772 7499 1750 1082 5530 2293 4250 4659 2749 1381 854 668 5351 4063 360 722 379 1569 844 487 2840 1368 3894 1332 1928 603
is_linear=0
shrinkage=0.0161


Tree=45
num_leaves=31
num_cat=0
split_feature=162 523 400 283 103 299 13 544 223 286 285 164 23 543 6 173 201 425 493 503 45 491 519 76 237 387 550 118 196 283
split_gain=60753.3 27566.3 22589.5 12479.9 10832.8 9558.75 9705.49 9450.41 8522.67 7690.07 6879.59 6051.24 5274.72 5682.19 5184.49 6226.15 7345.29 4932.52 5719.6 5526.17 5910.94 4868.82 4854.66 4775.47 4610.24 3986.43 3867.52 3797.95 3840.17 3781.08
threshold=8.0000000000000018 79.500000000000014 13.500000000000002 20.000000000000004 13.500000000000002 13.500000000000002 29.500000000000004 226.84999847412112 4.5000000000000009 24.500000000000004 8.0000000000000018 10.500000000000002 20.000000000000004 137.05000305175784 5.5000000000000009 13.500000000000002 10.500000000000002 8.0000000000000018 181.50000000000003 48.500000000000007 16.500000000000004 135.50000000000003 88.500000000000014 13.500000000000002 6.5000000000000009 13.500000000000002 183.15000152587893 6.5000000000000009 6.5000000000000009 6.5000000000000009
decision_type=2 2 2 2 2 2 2 10 2 2 2 2 2 10 2 2 2 2 2 2 2 2 2 2 2 2 10 2 2 2
left_child=1 8 4 7 21 11 14 12 -1 22 -6 -3 29 -14 -7 25 -17 -12 19 -19 -21 -2 -5 -10 -13 -16 -24 -26 -29 -4
right_child=2 5 3 9 10 6 -8 -9 23 -11 17 24 13 -15 15 16 -18 18 -20 20 -22 -23 26 -25 27 -27 -28 28 -30 -31
leaf_value=-0.059174123234664623 -0.023345656978040776 -0.022923213786231248 -0.0043310864459972865 0.12495896898005986 0.0051230856602477153 -0.022153616754987893 0.15531122874455031 0.14865599622556994 -0.03595688026030619 0.18719835991856371 0.026733490249513225 -0.012588176478476017 0.041906568542648917 0.14313395765127951 -0.011087932441630763 0.15469384921278334 0.016762599890985067 0.0430485362408203 0.006024866652251549 0.079123891346296354 0.20962391332154132 0.020407701669268394 0.015777774926671737 0.0038726302442534748 0.10689247449682067 0.068351381767079181 0.11023262541274864 -0.036489001947498163 0.06149610001826996 0.039311803631449239
leaf_weight=3707 2167 2564 823 404 1104 445 162 203 2879 235 647 570 441 214 501 225 181 193 170 167 197 947 316 1069 208 243 175 170 265 1369
leaf_count=3707 2167 2564 823 404 1104 445 162 203 2879 235 647 570 441 214 501 225 181 193 170 167 197 947 316 1069 208 243 175 170 265 1369
internal_value=0.000694278 -0.0218471 0.0311202 0.0594342 0.00995143 0.0055246 0.036551 0.0424882 -0.0416379 0.105152 0.0350736 -0.00890215 0.0349099 0.0750153 0.0244741 0.0425374 0.0932603 0.0591215 0.0879131 0.112864 0.149816 -0.0100322 0.0835832 -0.0251663 0.0207157 0.0148263 0.0494909 0.0502752 0.023149 0.0229151
internal_weight=22961 13189 9772 4180 5592 5534 1757 3050 7655 1130 2478 3777 2847 655 1595 1150 406 1374 727 557 364 3114 895 3948 1213 744 491 643 435 2192
internal_count=22961 13189 9772 4180 5592 5534 1757 3050 7655 1130 2478 3777 2847 655 1595 1150 406 1374 727 557 364 3114 895 3948 1213 744 491 643 435 2192
is_linear=0
shrinkage=0.0161


Tree=46
num_leaves=31
num_cat=0
split_feature=163 401 486 161 38 482 282 404 502 257 474 70 255 30 245 310 221 137 102 537 462 302 128 342 489 231 123 530 252 144
split_gain=60391.1 28551.1 21610.8 12844.8 9250.32 9075.75 8063.77 7753.9 7742.56 7086.92 8499.28 7075.43 6824.4 6533.66 5914.46 7799.59 5750.54 5453.99 5198.47 4698.48 4271.95 5450.47 4747.33 4017.6 3735.2 3626.17 3581.73 3411.12 3363.53 4269.15
threshold=8.0000000000000018 10.500000000000002 52.500000000000007 13.500000000000002 16.500000000000004 198.50000000000003 16.500000000000004 20.000000000000004 127.50000000000001 6.5000000000000009 29.500000000000004 16.500000000000004 13.500000000000002 13.500000000000002 8.0000000000000018 16.500000000000004 3.5000000000000004 6.5000000000000009 20.000000000000004 149.50000000000003 16.500000000000004 8.0000000000000018 8.0000000000000018 13.500000000000002 238.50000000000003 6.5000000000000009 6.5000000000000009 42.500000000000007 5.5000000000000009 5.5000000000000009
decision_type=2 2 2 2 2 2 2 2 2 2 2 2 2 2 2 2 2 2 2 2 2 2 2 2 2 2 2 2 2 2
left_child=2 9 16 17 7 12 19 -5 -9 -2 23 -8 25 -12 -7 24 -1 -3 -14 -6 -19 -22 -23 27 -16 -4 -25 -11 -27 -30
right_child=1 3 5 4 6 14 11 8 -10 10 13 -13 18 -15 15 -17 -18 20 -20 -21 21 22 -24 26 -26 28 -28 -29 29 -31
leaf_value=-0.068032763619688227 -0.022479279614623669 -0.0073345962300119857 -0.037561932828445839 0.034788457085598905 0.031388589662353875 -0.0045937625298219931 0.20924279501301063 0.1576286810222812 0.029448823699427841 -0.043686848766172806 0.02451572016534426 0.099354950103988524 0.0044428338139180512 0.16408590272039583 0.0024756702523641891 0.14596012747291098 -0.034497550740895909 0.01606051347656064 0.088048368703680505 0.1379376706324047 0.02595079921283187 0.1798678108491106 0.062015286895523061 0.066739746728932722 0.095399888609245434 -0.035234183204839925 0.0052508867671788341 0.0075920184839660615 -0.036369288625108964 0.026716759134034315
leaf_weight=1946 1883 775 2113 1261 324 566 308 321 198 495 180 302 1121 169 366 216 4175 618 233 161 316 169 188 443 162 731 553 1047 397 927
leaf_count=1946 1883 775 2113 1261 324 566 308 321 198 495 180 302 1121 169 366 216 4175 618 233 161 316 169 188 443 162 731 553 1047 397 927
internal_value=-0.00043542 0.0299162 -0.0231922 0.0570406 0.0790501 -0.00350443 0.115891 0.0563736 0.108773 0.00181452 0.0176679 0.154878 -0.0125457 0.0921687 0.0345891 0.0644292 -0.045163 0.0264013 0.0188473 0.066807 0.0466716 0.074746 0.117871 0.00741404 0.0310311 -0.0227496 0.0326235 -0.00885383 -0.00750772 0.0077827
internal_weight=22664 9711 12953 4941 2875 6832 1095 1780 519 4770 2887 610 5522 349 1310 744 6121 2066 1354 485 1291 673 357 2538 528 4168 996 1542 2055 1324
internal_count=22664 9711 12953 4941 2875 6832 1095 1780 519 4770 2887 610 5522 349 1310 744 6121 2066 1354 485 1291 673 357 2538 528 4168 996 1542 2055 1324
is_linear=0
shrinkage=0.0161


Tree=47
num_leaves=31
num_cat=0
split_feature=401 164 486 194 400 319 543 163 282 283 104 599 407 26 257 267 565 401 536 103 407 132 287 221 574 436 446 274 176 427
split_gain=64924.3 27241.8 23238 14099.1 12643.4 10920.9 10381.4 8804.33 7970.73 6883.78 6273.42 5848.91 5838.85 5792.11 5812.93 5697.13 5905.41 5381.52 7651.1 5377.43 5356.3 6543.91 4764.68 4638.36 4543.09 4447.8 6469.69 5243.35 4386.69 4860.82
threshold=10.500000000000002 10.500000000000002 49.500000000000007 8.0000000000000018 29.500000000000004 16.500000000000004 226.84999847412112 5.5000000000000009 16.500000000000004 6.5000000000000009 8.0000000000000018 203.05000305175784 29.500000000000004 20.000000000000004 8.0000000000000018 16.500000000000004 143.15000152587893 3.5000000000000004 74.500000000000014 20.000000000000004 6.5000000000000009 8.0000000000000018 24.500000000000004 10.500000000000002 185.15000152587893 16.500000000000004 5.5000000000000009 13.500000000000002 10.500000000000002 16.500000000000004
decision_type=2 2 2 2 2 2 10 2 2 2 2 8 2 2 2 2 8 2 2 2 2 2 2 2 10 2 2 2 2 2
left_child=2 6 10 19 12 8 9 11 -6 23 -1 -4 15 14 -9 -5 -17 -15 -19 -3 -13 -22 -11 -2 -20 -16 -27 -28 -12 -30
right_child=1 3 7 4 5 -7 -8 13 -10 22 28 20 -14 17 25 16 -18 18 24 -21 21 -23 -24 -25 -26 26 27 -29 29 -31
leaf_value=-0.055596129147395569 -0.037068310952866008 0.0058031783015060935 -0.035082788725652521 0.034961299816034561 0.023163621744260208 0.24734654481834106 0.11973687878030084 -0.017367156618721284 0.16214530248631923 0.01543197105524812 -0.036479056133262286 -0.02911088854546124 0.1423482048978853 -0.024807628499188741 0.0026855772428668531 0.17044963747932301 0.046939202177736297 0.15808947741743309 0.011337522077860882 0.069489238043321938 -0.0030742852181355955 0.11183978623354397 0.081122732899723493 0.00899086467724056 0.10932995813404139 0.12616077020955385 -0.020278829887702226 0.092713813538501555 -0.012204304360261613 0.08863266998181131
leaf_weight=4006 1161 927 2384 968 177 214 216 1755 272 2089 1628 446 240 212 989 196 207 182 436 547 295 227 332 1106 171 228 290 168 506 164
leaf_count=4006 1161 927 2384 968 177 214 216 1755 272 2089 1628 446 240 212 989 196 207 182 436 547 295 227 332 1106 171 228 290 168 506 164
internal_value=0.000867893 0.0355821 -0.0204513 0.0682617 0.093407 0.152613 0.0106011 -0.00183798 0.10741 0.00556767 -0.0434278 -0.0215285 0.0690262 0.0130524 0.00310099 0.0561737 0.107067 0.0471281 0.0664866 0.029453 0.0118287 0.0468528 0.0244501 -0.0145871 0.0389821 0.0245608 0.0560637 0.0211169 -0.0222052 0.012443
internal_weight=22739 8652 14087 3748 2274 663 4904 7783 449 4688 6304 3352 1611 4431 3430 1371 403 1001 789 1474 968 522 2421 2267 607 1675 686 458 2298 670
internal_count=22739 8652 14087 3748 2274 663 4904 7783 449 4688 6304 3352 1611 4431 3430 1371 403 1001 789 1474 968 522 2421 2267 607 1675 686 458 2298 670
is_linear=0
shrinkage=0.0161


Tree=48
num_leaves=31
num_cat=0
split_feature=222 482 225 136 221 402 547 408 104 340 255 518 245 386 182 498 422 224 79 31 237 17 586 395 289 132 49 468 102 297
split_gain=60449.6 25803.6 19105.6 15632 12426.1 11510.9 8910.65 9058.04 7829.83 6853.7 6804.93 6388.17 6176.35 5983.73 5600.75 5550.37 5432.74 5098.94 4960.31 4607.44 4579.61 4219.82 4730.38 3940.49 3927.09 3877.43 4545.38 3664.33 3446.89 3293.36
threshold=13.500000000000002 85.500000000000014 8.0000000000000018 8.0000000000000018 13.500000000000002 10.500000000000002 216.75000000000003 20.000000000000004 29.500000000000004 8.0000000000000018 16.500000000000004 125.50000000000001 8.0000000000000018 20.000000000000004 8.0000000000000018 13.500000000000002 8.0000000000000018 6.5000000000000009 16.500000000000004 13.500000000000002 16.500000000000004 3.5000000000000004 247.34999847412112 16.500000000000004 13.500000000000002 8.0000000000000018 4.5000000000000009 24.500000000000004 10.500000000000002 10.500000000000002
decision_type=2 2 2 2 2 2 10 2 2 2 2 2 2 2 2 2 2 2 2 2 2 2 8 2 2 2 2 2 2 2
left_child=1 5 9 -4 23 15 10 19 20 24 12 16 29 25 -15 -1 -12 -7 -10 -8 -6 -11 -23 -5 -2 -14 -27 -19 -17 -3
right_child=2 6 3 4 8 17 7 -9 18 21 11 -13 13 14 -16 28 -18 27 -20 -21 -22 22 -24 -25 -26 26 -28 -29 -30 -31
leaf_value=-0.059965199361624484 -0.032354492204547239 -0.037759251952888422 0.021526017150334 0.030050703088262444 0.081713403331308013 -0.025374283380960188 -0.0069066145181183123 0.15280641408699377 0.13502321150307098 -0.031686080843960046 0.023973682580687307 0.0057851356787471369 -0.023139333716638802 -0.0003867247219248861 0.11501318810551238 -0.038344163665909502 0.13108655811348094 0.011511456686367556 0.26069738269320214 0.084051997307013016 0.16408408223084139 0.030322754420243667 0.10392922000616744 0.10679041425625292 0.030457286590636241 0.096562212177815243 0.0044593840474477656 0.093215868973452368 -0.0046638540087975289 0.0010963126737330729
leaf_weight=2809 915 1690 1101 645 621 1075 381 198 165 207 237 792 959 192 251 3916 256 969 163 232 245 1039 290 238 359 178 635 167 988 848
leaf_count=2809 915 1690 1101 645 621 1075 381 198 165 207 237 792 959 192 251 3916 256 969 163 232 245 1039 290 238 359 178 635 167 988 848
internal_value=-0.000358579 -0.0160366 0.0435532 0.070597 0.0965978 -0.0326265 0.00799824 0.0581064 0.130475 0.0129593 0.00126401 0.0341392 -0.00761901 0.0120195 0.0649447 -0.0419101 0.0796419 -0.000230045 0.197549 0.0274798 0.105044 0.0358631 0.0464021 0.0507614 -0.0146363 -0.00119851 0.0246535 0.0235433 -0.0315635 -0.0247675
internal_weight=22761 16773 5988 3178 2077 9924 6849 811 1194 2810 6038 1285 4753 2215 443 7713 493 2211 328 613 866 1536 1329 883 1274 1772 813 1136 4904 2538
internal_count=22761 16773 5988 3178 2077 9924 6849 811 1194 2810 6038 1285 4753 2215 443 7713 493 2211 328 613 866 1536 1329 883 1274 1772 813 1136 4904 2538
is_linear=0
shrinkage=0.0161


Tree=49
num_leaves=31
num_cat=0
split_feature=163 460 496 461 239 481 256 420 299 351 386 463 413 543 559 282 221 108 161 281 137 275 488 555 135 240 460 459 590 135
split_gain=51648.9 21795.2 20305.3 9559.76 9472.27 9063.17 8976.26 7924.52 7822.23 7095.04 6790.44 6712.33 5722.28 6641.67 4812.45 4744.7 4444.44 4423.11 4408.68 4353.79 4335.25 4916.91 4323.14 8221.75 4322.69 4156.27 6026.22 3859.33 3694.53 3647.68
threshold=8.0000000000000018 16.500000000000004 37.500000000000007 29.500000000000004 6.5000000000000009 200.50000000000003 5.5000000000000009 10.500000000000002 35.500000000000007 35.500000000000007 16.500000000000004 29.500000000000004 8.0000000000000018 197.65000152587893 174.34999847412112 6.5000000000000009 16.500000000000004 3.5000000000000004 8.0000000000000018 6.5000000000000009 24.500000000000004 10.500000000000002 108.50000000000001 79.049999237060561 24.500000000000004 6.5000000000000009 6.5000000000000009 13.500000000000002 159.44999694824222 6.5000000000000009
decision_type=2 2 2 2 2 2 2 2 2 2 2 2 2 8 8 2 2 2 2 2 2 2 2 10 2 2 2 2 10 2
left_child=2 6 19 9 16 11 14 20 18 15 24 -5 -12 27 -2 -3 -4 -17 -9 -1 29 -22 23 -20 -6 -16 -27 -14 -18 -8
right_child=1 3 4 5 10 -7 7 8 -10 -11 12 -13 13 -15 25 17 28 -19 22 -21 21 -23 -24 -25 -26 26 -28 -29 -30 -31
leaf_value=-0.056077783078623301 -0.03635485445285197 -0.010646881815881632 -0.029447670577361567 0.052225905759237821 -0.0063646419404892705 0.21659382687540835 -0.030872274348197965 0.01676604096808864 0.15442420739329174 0.13964764522464698 0 0.15567453505947268 0.0030798926034167075 0.15074899667236771 -0.030722907573521037 -0.015571825484580576 -0.0070934003019175983 0.059866639271999832 0.029572798330663289 -0.025008563440090021 0.0033031653767800801 0.10518467752057321 0.029266179252118149 0.1753900834330783 0.057375410251641917 0.11315703419201834 -0.017268622881626925 0.098337670857712972 0.085415661613113827 0.011787355328397765
leaf_weight=3389 1252 439 3280 542 2637 160 833 1077 163 188 409 233 272 213 263 235 371 1392 197 1790 279 220 403 205 308 199 170 186 160 1380
leaf_count=3389 1252 439 3280 542 2637 160 833 1077 163 188 409 233 272 213 263 235 371 1392 197 1790 279 220 403 205 308 199 170 186 160 1380
internal_value=0.000430143 0.0282863 -0.0206073 0.0628835 -0.0042553 0.106183 0.0116693 0.023451 0.0473826 0.0449118 0.0129653 0.0833576 0.0474975 0.0764309 -0.0180665 0.0362797 -0.0224491 0.048956 0.0380992 -0.045344 0.00539664 0.048268 0.0666114 0.103991 0.000293558 0.0181256 0.0530055 0.0418168 0.0207369 -0.00425961
internal_weight=22845 9830 13015 3189 7836 935 6641 4757 2045 2254 4025 775 1080 671 1884 2066 3811 1627 1882 5179 2712 499 805 402 2945 632 369 458 531 2213
internal_count=22845 9830 13015 3189 7836 935 6641 4757 2045 2254 4025 775 1080 671 1884 2066 3811 1627 1882 5179 2712 499 805 402 2945 632 369 458 531 2213
is_linear=0
shrinkage=0.0161


Tree=50
num_leaves=31
num_cat=0
split_feature=342 164 481 221 545 435 461 221 284 461 491 475 173 220 573 452 195 139 254 76 38 102 187 19 411 535 561 599 491 61
split_gain=58713 21634.3 20510.6 13869.6 10984.7 10111.4 7610.08 7217.02 6589.31 6004.98 5946.02 5544.08 5426.96 5224.07 4922.12 4811.3 4734.96 4356.65 4352.06 4419.02 4765.01 3988.71 3831.75 3679.76 3570.28 3545.99 5604.06 3941.79 4675.31 3363.14
threshold=10.500000000000002 13.500000000000002 70.500000000000014 13.500000000000002 231.15000152587893 10.500000000000002 29.500000000000004 6.5000000000000009 16.500000000000004 5.5000000000000009 278.50000000000006 16.500000000000004 10.500000000000002 16.500000000000004 135.15000152587893 13.500000000000002 5.5000000000000009 3.5000000000000004 6.5000000000000009 35.500000000000007 24.500000000000004 20.000000000000004 8.0000000000000018 13.500000000000002 24.500000000000004 48.500000000000007 95.250000000000014 180.15000152587893 99.500000000000014 20.000000000000004
decision_type=2 2 2 2 10 2 2 2 2 2 2 2 2 2 8 2 2 2 2 2 2 2 2 2 2 2 10 8 2 2
left_child=2 4 9 11 7 16 -7 15 -8 -1 13 24 -12 17 -10 -2 -5 -4 -9 20 -20 -15 -22 -17 -3 26 -19 -27 -29 -13
right_child=1 3 10 5 -6 6 8 18 14 -11 12 29 -14 21 -16 23 -18 25 19 -21 22 -23 -24 -25 -26 27 -28 28 -30 -31
leaf_value=-0.052190284697962129 -0.036516933236293736 0.0039483060567908537 -0.041776467415813943 -0.025591616060073943 0.1200743583698012 0.088482996647284359 0.091620551629623861 -0.0058721590080135187 0.28179212429135725 -0.024081470144626225 0.0087434186482065416 0.049598372496368656 0.12541183960205335 0.01411014170874849 0.15499770778964889 -0.011005009541925743 0.075900391761604555 -0.011687254773570934 0.013493572467225899 0.10414581992733922 0.024673529819501806 0.09622763214464175 0.12519956507752311 0.077894804018382086 0.083100399154021592 -0.022450971354938492 0.11527766080307722 0.071745607350453919 -0.0016152151281101576 0.13922669660573353
leaf_weight=3907 1231 1052 958 174 233 553 160 989 160 3983 242 333 181 1043 160 324 376 204 1440 216 191 180 204 192 172 2160 161 272 1305 162
leaf_count=3907 1231 1052 958 174 233 553 160 989 160 3983 242 333 181 1043 160 324 376 204 1440 216 191 180 204 192 172 2160 161 272 1305 162
internal_value=-0.000949222 0.0331775 -0.0204084 0.0651862 0.0121184 0.0995786 0.129281 0.00685887 0.176235 -0.0380035 0.000289791 0.0335012 0.058721 -0.00364032 0.218468 -0.0192113 0.0437492 -0.0108611 0.0218484 0.0352268 0.0271015 0.0262154 0.0766504 0.0220284 0.0150902 -0.00363521 0.044252 -0.00831874 0.0110231 0.0789788
internal_weight=22918 8322 14596 3302 5020 1583 1033 4787 480 7890 6706 1719 423 6283 320 1747 550 5060 3040 2051 1835 1223 395 516 1224 4102 365 3737 1577 495
internal_count=22918 8322 14596 3302 5020 1583 1033 4787 480 7890 6706 1719 423 6283 320 1747 550 5060 3040 2051 1835 1223 395 516 1224 4102 365 3737 1577 495
is_linear=0
shrinkage=0.0161


Tree=51
num_leaves=31
num_cat=0
split_feature=342 164 538 221 75 284 399 402 134 227 435 208 106 236 358 237 377 205 164 274 480 351 40 206 341 1 46 155 205 83
split_gain=54808.8 20207.1 17871.4 12790.1 10803.4 9226.19 8939.64 7597.3 6969.16 6651.06 6823.83 5781.24 5169.52 5073.64 4744.3 4738.12 5606.85 5659.22 4369.68 5224.91 4982.05 4277.75 4016.18 5110.96 5891.56 6768.87 3598 4177.77 3411.99 4353.45
threshold=10.500000000000002 8.0000000000000018 60.500000000000007 13.500000000000002 29.500000000000004 24.500000000000004 52.000000000000007 4.5000000000000009 6.5000000000000009 35.500000000000007 6.5000000000000009 3.5000000000000004 43.500000000000007 4.5000000000000009 35.500000000000007 8.0000000000000018 6.5000000000000009 6.5000000000000009 6.5000000000000009 8.0000000000000018 55.500000000000007 24.500000000000004 8.0000000000000018 8.0000000000000018 8.0000000000000018 13.500000000000002 13.500000000000002 13.500000000000002 6.5000000000000009 3.5000000000000004
decision_type=2 2 2 2 2 2 2 2 2 2 2 2 2 2 2 2 2 2 2 2 2 2 2 2 2 2 2 2 2 2
left_child=2 9 7 13 6 -6 11 -1 28 10 -2 -5 22 -3 -12 -13 -17 -18 -9 -20 -21 26 -10 -24 -25 -26 -15 -28 -4 -30
right_child=1 3 8 4 5 -7 -8 18 12 -11 14 15 -14 21 -16 16 17 -19 19 20 -22 -23 23 24 25 -27 27 -29 29 -31
leaf_value=-0.055434314789660696 -0.0328128519305875 -0.01088567921981793 -0.033345314605564842 -0.035656237227543054 0.096834925550574519 0.23634484600664526 0.1751955431895631 -0.036220607137473958 -0.010350483485771311 0.089491083837658664 0.0075953898301550282 0.028768187333314273 0.08290507224371528 0.0090918228767391043 0.093967750674837383 0.021230618122890507 0.19237945703497669 0.079709414565260692 -0.02586260017334472 0.0074693706671402089 0.11050906070869153 0.097073052440145219 -0.0018238138808300667 0.0091334388071337962 0.034285355860152154 0.15617030146119898 0.030353824681940721 0.11261261082355697 -0.058384342945306478 0.0099367974066560689
leaf_weight=3315 1224 624 1800 181 369 185 163 2289 1573 216 1859 637 261 861 181 224 175 344 907 465 165 307 935 440 255 221 480 241 291 1428
leaf_count=3315 1224 624 1800 181 369 185 163 2289 1573 216 1859 637 261 861 181 224 175 344 907 465 165 307 935 440 255 221 480 241 291 1428
internal_value=-0.000507095 0.0324995 -0.0195396 0.0539472 0.0815821 0.143465 0.0616828 -0.0375891 -0.00164462 0.00296514 -0.00275364 0.0498147 0.0138264 0.0288871 0.0152704 0.0610421 0.0886799 0.117746 -0.0221212 -0.00110804 0.0344933 0.0420379 0.0085539 0.0246318 0.0516618 0.0909242 0.031343 0.0578821 -0.0178521 -0.00161522
internal_weight=22616 8271 14345 4791 2278 554 1724 7141 7204 3480 3264 1561 3685 2513 2040 1380 743 519 3826 1537 630 1889 3424 1851 916 476 1582 721 3519 1719
internal_count=22616 8271 14345 4791 2278 554 1724 7141 7204 3480 3264 1561 3685 2513 2040 1380 743 519 3826 1537 630 1889 3424 1851 916 476 1582 721 3519 1719
is_linear=0
shrinkage=0.0161


Tree=52
num_leaves=31
num_cat=0
split_feature=282 164 525 221 540 75 411 237 164 435 101 214 165 459 466 434 34 437 223 403 219 407 547 128 145 221 461 283 43 432
split_gain=49910.4 20861.9 18122 13532 9845.8 9132.35 7548.98 7244.94 6791.77 6346.84 5226.3 5184.59 5310.37 5871.98 5182.28 5016.11 4968.09 4837.02 4811.85 4722.16 4647.92 4437.2 5344.06 8381.77 4316.57 5203.49 4292.79 3812.37 3802.76 3669.6
threshold=8.0000000000000018 8.0000000000000018 62.500000000000007 13.500000000000002 198.94999694824222 43.500000000000007 10.500000000000002 8.0000000000000018 10.500000000000002 5.5000000000000009 10.500000000000002 20.000000000000004 8.0000000000000018 10.500000000000002 20.000000000000004 20.000000000000004 4.5000000000000009 10.500000000000002 6.5000000000000009 10.500000000000002 20.000000000000004 5.5000000000000009 216.75000000000003 8.0000000000000018 13.500000000000002 24.500000000000004 10.500000000000002 10.500000000000002 13.500000000000002 6.5000000000000009
decision_type=2 2 2 2 10 2 2 2 2 2 2 2 2 2 2 2 2 2 2 2 2 2 8 2 2 2 2 2 2 2
left_child=2 4 9 11 18 7 -6 20 16 -1 -11 14 -13 -14 -3 -10 -4 -17 -2 -9 -5 -18 27 -24 25 -21 -20 -23 -12 -16
right_child=1 3 8 5 6 -7 -8 19 15 10 28 12 13 -15 29 17 21 -19 26 24 -22 22 23 -25 -26 -27 -28 -29 -30 -31
leaf_value=-0.055326690584383727 -0.02571992929842868 0.0015651559833105614 -0.041584581436810035 0.011380869104112583 0.0069525382680209078 0.15799984277421042 0.1437527533504101 0.037947168277911447 0.011886743231791638 -0.036862039132679228 -0.012687757416264179 -0.0026606704254627089 0.17007678586151895 0.037274964251618671 0.007997176491043291 0.1446216759065414 -0.027446123119131468 0.024724871117005248 -0.017153791696800504 0.18920260148513307 0.085683497214296661 -0.016275066034187952 -0.0099428220677699082 0.12047659176974737 0.065653285554414187 0.089505108831380853 0.028815853523132134 0.049578163735409249 0.056351562648453833 0.092751870805187819
leaf_weight=3256 1864 1881 1106 758 210 301 209 330 1557 2476 760 172 181 166 226 160 1106 193 905 264 307 1136 246 265 358 282 1258 285 284 322
leaf_count=3256 1864 1881 1106 758 210 301 209 330 1557 2476 760 172 181 166 226 160 1106 193 905 264 307 1136 246 265 358 282 1258 285 284 322
internal_value=-1.9801e-05 0.0269546 -0.0210335 0.0477781 0.000964591 0.0745566 0.0752456 0.0636214 -0.000786289 -0.0391199 -0.0241219 0.0241527 0.0703543 0.106614 0.0142711 0.0243278 -0.0123672 0.0791357 -0.00675833 0.0901839 0.0328217 -0.00172276 0.0129907 0.0576455 0.109227 0.137754 0.00957126 -0.00305078 0.00607051 0.0578412
internal_weight=22824 9994 12830 5548 4446 2600 419 2299 6054 6776 3520 2948 519 347 2429 1910 4144 353 4027 1234 1065 3038 1932 511 904 546 2163 1421 1044 548
internal_count=22824 9994 12830 5548 4446 2600 419 2299 6054 6776 3520 2948 519 347 2429 1910 4144 353 4027 1234 1065 3038 1932 511 904 546 2163 1421 1044 548
is_linear=0
shrinkage=0.0161


Tree=53
num_leaves=31
num_cat=0
split_feature=223 162 522 41 463 344 522 175 507 559 4 49 101 231 285 212 349 43 11 17 374 91 402 314 80 403 167 55 39 420
split_gain=53764.6 23654.9 16408 12604.8 9237.9 9003.99 8961.85 7284.4 7272.61 6692.88 7832.73 9855.97 8679.27 5269.93 8287.69 6055.26 5049.41 4685.46 4553.75 4433.16 4391.14 5311.26 4116.16 3730.15 3418.52 3449.98 3393.68 3365.34 3323.22 3220.8
threshold=6.5000000000000009 8.0000000000000018 56.500000000000007 24.500000000000004 29.500000000000004 24.500000000000004 132.50000000000003 20.000000000000004 85.500000000000014 161.34999847412112 10.500000000000002 24.500000000000004 20.000000000000004 10.500000000000002 13.500000000000002 5.5000000000000009 20.000000000000004 8.0000000000000018 16.500000000000004 13.500000000000002 6.5000000000000009 24.500000000000004 4.5000000000000009 8.0000000000000018 13.500000000000002 10.500000000000002 13.500000000000002 20.000000000000004 8.0000000000000018 4.5000000000000009
decision_type=2 2 2 2 2 2 2 2 2 8 2 2 2 2 2 2 2 2 2 2 2 2 2 2 2 2 2 2 2 2
left_child=2 6 22 7 17 -6 29 13 -8 24 -11 12 18 -3 28 -16 19 -5 -12 -9 -10 -22 -1 -19 -4 -26 -17 -25 -15 -2
right_child=1 3 9 4 5 -7 8 16 20 10 11 -13 -14 14 15 26 -18 23 -20 -21 21 -23 -24 27 25 -27 -28 -29 -30 -31
leaf_value=-0.057561296355548991 -0.042610213776386997 0.0069186002140921021 -0.03268311198853488 -0.0065079229468533329 0.078751665364424878 0.22722642838323065 0.13117925548465026 0.014340884945137983 -0.016810519124210926 -0.0099307635722400475 -0.023206974315409409 0.14942435530839224 0.12650928041166204 -0.019137315017747455 0.17732713521995666 0.11094503832632614 0.13713828561237171 0.028987531218815466 0.064595692411514694 0.092477217507540677 0.021530971686363486 0.1239707321644902 -0.030311434229484614 0.074440446503364288 -0.010674054676469284 0.069571279009938258 0.01573284748338924 0.15181032999195282 0.044470806431607821 -0.0069220009079868534
leaf_weight=2737 918 2355 2053 219 229 198 164 405 567 1527 558 197 175 398 163 183 229 323 211 353 695 162 3037 571 687 174 208 197 457 2300
leaf_count=2737 918 2355 2053 219 229 198 164 405 567 1527 558 197 175 398 163 183 229 323 211 353 695 162 3037 571 687 174 208 197 457 2300
internal_value=0.0005323 0.0254063 -0.0242039 0.0454604 0.0825823 0.147655 -0.00166128 0.0318834 0.0296301 -0.00451647 0.0139024 0.045819 0.024173 0.0216658 0.0462976 0.0948137 0.070825 0.0613537 0.000853918 0.05076 0.0179183 0.0409228 -0.0432325 0.0749974 -0.0213885 0.00551544 0.0603553 0.0943173 0.0148339 -0.0171101
internal_weight=22650 11294 11356 6488 1737 427 4806 4751 1588 5582 2668 1141 944 3764 1409 554 987 1310 769 758 1424 857 5774 1091 2914 861 391 768 855 3218
internal_count=22650 11294 11356 6488 1737 427 4806 4751 1588 5582 2668 1141 944 3764 1409 554 987 1310 769 758 1424 857 5774 1091 2914 861 391 768 855 3218
is_linear=0
shrinkage=0.0161


Tree=54
num_leaves=31
num_cat=0
split_feature=401 164 495 281 163 18 463 75 291 580 583 252 35 339 471 224 538 251 557 101 597 113 37 406 409 250 283 341 147 37
split_gain=56904.6 22587.8 17083.8 12883.2 10359 8996.34 8798.7 8078.74 6580.21 6228.13 6184.11 5041.31 4959.82 5032.53 5915.07 4836.22 4464.26 4270.59 6381.82 4148.44 3992.19 3791.99 3874.18 4775.23 3713.2 3572.07 3565.29 3430.82 3326.75 3549.16
threshold=10.500000000000002 8.0000000000000018 43.500000000000007 16.500000000000004 6.5000000000000009 10.500000000000002 29.500000000000004 35.500000000000007 20.000000000000004 99.950000762939467 144.84999847412112 16.500000000000004 16.500000000000004 5.5000000000000009 10.500000000000002 6.5000000000000009 201.50000000000003 10.500000000000002 220.15000152587893 4.5000000000000009 247.34999847412112 16.500000000000004 13.500000000000002 10.500000000000002 24.500000000000004 13.500000000000002 35.500000000000007 24.500000000000004 29.500000000000004 16.500000000000004
decision_type=2 2 2 2 2 2 2 2 2 10 10 2 2 2 2 2 2 2 8 2 8 2 2 2 2 2 2 2 2 2
left_child=2 8 15 17 16 11 7 -7 19 -8 -10 27 21 14 -14 -1 25 -3 -19 -2 -18 -6 23 -23 -15 -4 -17 -5 29 -21
right_child=1 3 4 5 12 6 9 -9 10 -11 -12 -13 13 24 -16 26 20 18 -20 28 -22 22 -24 -25 -26 -27 -28 -29 -30 -31
leaf_value=-0.052182825336921458 -0.048098223435008233 0.007965623597681562 -0.039287667421786132 0.062846178110825365 -0.009526582727233314 0.058572839599088801 0.22874104548049232 0.17704921802814477 0.016628331014876031 0.1067304591221287 0.11932304793316396 0.097723131768728808 0.031518996420042841 0.00064727653364157094 0.16539196343000898 -0.02792946430544015 0.043082004304332511 0.029065572559375818 0.12620119109395403 -0.014313229935030949 -0.03767084645012829 0.013967643500576148 -0.018963603129047216 0.1160284410711389 0.086385793477701839 -0.0029628215418446473 0.050354549167498694 -0.010713796999603842 0.055063222622990848 0.027507200104530189
leaf_weight=3830 488 1214 2661 283 1954 778 221 185 475 215 224 321 185 596 160 1985 453 686 236 1944 244 264 241 217 168 955 163 391 283 721
leaf_count=3830 488 1214 2661 283 1954 778 221 185 475 215 224 321 185 596 160 1985 453 686 236 1944 244 264 241 217 168 955 163 391 283 721
internal_value=-0.000706228 0.0317528 -0.0206893 0.0565884 -0.00544655 0.0822399 0.108573 0.0813575 0.00453908 0.168629 0.0495713 0.0451915 0.0139877 0.0426176 0.0936732 -0.0413336 -0.0225071 0.0278276 0.0539544 -0.00461517 0.0147789 0.00211395 0.0336501 0.0600606 0.0195316 -0.0297006 -0.021978 0.0201377 0.00257485 -0.00299013
internal_weight=22741 8665 14076 4530 8098 2394 1399 963 4135 436 699 995 3785 1109 345 5978 4313 2136 922 3436 697 2676 722 481 764 3616 2148 674 2948 2665
internal_count=22741 8665 14076 4530 8098 2394 1399 963 4135 436 699 995 3785 1109 345 5978 4313 2136 922 3436 697 2676 722 481 764 3616 2148 674 2948 2665
is_linear=0
shrinkage=0.0161


Tree=55
num_leaves=31
num_cat=0
split_feature=342 136 487 221 284 430 47 282 259 103 544 599 101 580 56 192 161 470 480 251 568 524 314 350 384 148 521 484 126 463
split_gain=48397.3 19803.9 17989.8 16044 13209.7 8253.31 8879.47 7069.82 6897.77 6412.48 7546.99 6099.36 5006.9 5750.78 4950.07 4993.49 4776.6 4726.09 4639.27 5691.05 6820.03 4535.15 4049.96 4001.28 3970.78 3860.95 3583.56 4467.08 4511.12 3559.02
threshold=8.0000000000000018 6.5000000000000009 69.500000000000014 13.500000000000002 13.500000000000002 8.0000000000000018 43.500000000000007 20.000000000000004 16.500000000000004 13.500000000000002 213.05000305175784 184.15000152587893 20.000000000000004 204.25000000000003 16.500000000000004 16.500000000000004 4.5000000000000009 13.500000000000002 244.50000000000003 10.500000000000002 70.450000762939467 70.500000000000014 8.0000000000000018 29.500000000000004 16.500000000000004 8.0000000000000018 129.50000000000003 38.500000000000007 13.500000000000002 10.500000000000002
decision_type=2 2 2 2 2 2 2 2 2 2 10 10 2 8 2 2 2 2 2 2 10 2 2 2 2 2 2 2 2 2
left_child=2 11 16 9 12 24 18 22 21 29 23 14 -5 -14 -2 -16 -1 -13 19 -7 -21 -9 -6 26 -4 -24 27 -11 -29 -3
right_child=1 3 5 4 7 6 -8 8 -10 10 -12 17 13 -15 15 -17 -18 -19 -20 20 -22 -23 25 -25 -26 -27 -28 28 -30 -31
leaf_value=-0.05330045044687079 -0.023759598667461631 -0.022539240935094421 -0.029044934649853228 0.0060954592283712031 0.00057851945849731043 -0.022680374959507962 0.12563185252910411 0.15937132356719735 0.20017120294125915 0.0021087834969250436 0.14643393072362673 0.011693399294372252 0.037577528623550113 0.13077456928834419 0.00023663272740978664 0.094061483338037988 -0.026445295122872768 0.11369001435173065 0.070468561372250035 0.10399364340269239 0.0090738468277602978 0.057066789800762803 0.030073055704319031 0.10338857565862447 0.015830183499553001 0.12989442143719257 -0.015843166345550518 0.039021556586388215 0.13520775951340452 0.026246005216668079
leaf_weight=3060 2331 971 2234 672 172 1079 192 198 304 496 160 332 577 245 630 192 3924 183 312 245 989 262 160 177 662 273 448 434 179 645
leaf_count=3060 2331 971 2234 672 172 1079 192 198 304 496 160 332 577 245 630 192 3924 183 312 245 989 262 160 177 662 273 448 434 179 645
internal_value=4.71879e-06 0.026419 -0.0208823 0.0435729 0.0718609 0.000302491 0.0199272 0.107998 0.140584 0.0204925 0.0405943 -0.00337871 0.0387317 0.0653839 -0.0117753 0.0221806 -0.0382151 0.0479826 0.0121867 0.0043149 0.0279384 0.101153 0.066809 0.0308147 -0.0187788 0.0930633 0.0225493 0.0380799 0.067147 -0.00305284
internal_weight=22738 10041 12697 6373 2863 5713 2817 1369 764 3510 1894 3668 1494 822 3153 822 6984 515 2625 2313 1234 460 605 1734 2896 433 1557 1109 613 1616
internal_count=22738 10041 12697 6373 2863 5713 2817 1369 764 3510 1894 3668 1494 822 3153 822 6984 515 2625 2313 1234 460 605 1734 2896 433 1557 1109 613 1616
is_linear=0
shrinkage=0.0161


Tree=56
num_leaves=31
num_cat=0
split_feature=283 401 282 194 484 400 126 181 56 550 382 60 374 134 205 427 101 16 15 165 35 281 207 207 62 597 144 594 162 133
split_gain=54278.4 29184.7 14180 13872.2 12424.7 10086.1 7936.25 6481.11 6123.26 5707.01 5599.16 6243.89 4917.67 4882.32 4863.6 4689.94 4488.57 4452.77 4338.52 5403.01 4910.53 4283.52 4258.87 3958.79 4814.89 3580.92 3463.58 3380.95 3332.21 3255.28
threshold=6.5000000000000009 10.500000000000002 16.500000000000004 8.0000000000000018 35.500000000000007 43.500000000000007 5.5000000000000009 13.500000000000002 10.500000000000002 247.34999847412112 4.5000000000000009 29.500000000000004 29.500000000000004 13.500000000000002 6.5000000000000009 24.500000000000004 8.0000000000000018 29.500000000000004 6.5000000000000009 6.5000000000000009 24.500000000000004 4.5000000000000009 10.500000000000002 13.500000000000002 16.500000000000004 205.94999694824222 10.500000000000002 155.05000305175784 6.5000000000000009 3.5000000000000004
decision_type=2 2 2 2 2 2 2 2 2 10 2 2 2 2 2 2 2 2 2 2 2 2 2 2 2 10 2 8 2 2
left_child=4 6 10 22 28 8 25 18 -5 14 -3 16 13 -10 17 23 -12 -6 -8 -20 -21 -16 -4 -9 -25 -2 -7 -24 -1 -18
right_child=1 2 3 5 9 26 7 15 12 -11 11 -13 -14 -15 21 -17 29 -19 19 20 -22 -23 27 24 -26 -27 -28 -29 -30 -31
leaf_value=-0.055463708246003461 -0.026923267399044399 -0.011806724067722037 0.0019370867156350345 0.050388351403997431 -0.032887515047104271 0.13459448879771085 -0.022372686741141644 0.0026200280886342102 0.15935384244570241 0.082636276596020783 -0.0075949311752690355 0.11225493878652652 0.18339291828891238 0.056351925925532724 -0.028362792154193062 0.10699274571025623 0.10965811257659092 0.038068406255343724 -0.016999248329730727 0.026754251329341436 0.12429146181618624 0.01389568605787906 0.022963851927084125 0.12990403125662059 0.012950354627001627 0.050498498827085812 0.24072045086701438 0.11919607834364 -0.025194567430165623 0.036159023417821047
leaf_weight=2980 2269 714 577 634 2850 162 1129 556 183 166 583 272 216 346 878 262 179 249 626 733 164 2130 189 181 185 166 160 191 1384 1251
leaf_count=2980 2269 714 577 634 2850 162 1129 556 183 166 583 272 216 346 878 262 179 249 626 733 164 2130 189 181 185 166 160 191 1384 1251
internal_value=0.00143501 0.0250162 0.0515315 0.078612 -0.025006 0.106206 0.00109331 0.0155272 0.0872293 -0.0104879 0.0275223 0.0398218 0.11855 0.0920285 -0.013023 0.0468479 0.0300228 -0.0271787 0.00153501 0.0192732 0.0446134 0.00155311 0.0295417 0.0297313 0.0708524 -0.0216356 0.187401 0.0713951 -0.0458695 0.0453757
internal_weight=22565 11928 5657 2658 10637 1701 6271 3836 1379 6273 2999 2285 745 529 6107 1184 2013 3099 2652 1523 897 3008 957 922 366 2435 322 380 4364 1430
internal_count=22565 11928 5657 2658 10637 1701 6271 3836 1379 6273 2999 2285 745 529 6107 1184 2013 3099 2652 1523 897 3008 957 922 366 2435 322 380 4364 1430
is_linear=0
shrinkage=0.0161


Tree=57
num_leaves=31
num_cat=0
split_feature=163 135 481 102 103 225 498 465 161 339 217 106 172 90 402 482 492 268 558 423 489 88 536 488 539 118 104 256 42 305
split_gain=54383.6 20656.5 16176.2 9626.9 10191.9 8952.73 8666.48 7802.93 6509.51 6467.97 6569.06 5944.83 5411.97 5231.57 5139.7 4770.09 5272.56 4693.55 4523.08 5158.03 7261.62 5142.59 4149.86 6260.36 3999.26 3970.19 3610 4064.94 3913.45 6071.37
threshold=10.500000000000002 10.500000000000002 38.500000000000007 16.500000000000004 20.000000000000004 4.5000000000000009 183.50000000000003 29.500000000000004 6.5000000000000009 29.500000000000004 13.500000000000002 52.000000000000007 43.500000000000007 35.500000000000007 6.5000000000000009 53.500000000000007 76.500000000000014 4.5000000000000009 178.05000305175784 6.5000000000000009 230.50000000000003 24.500000000000004 38.500000000000007 102.50000000000001 184.50000000000003 24.500000000000004 4.5000000000000009 4.5000000000000009 4.5000000000000009 16.500000000000004
decision_type=2 2 2 2 2 2 2 2 2 2 2 2 2 2 2 2 2 2 8 2 2 2 2 2 2 2 2 2 2 2
left_child=2 5 14 15 -5 -2 7 17 11 13 -11 26 18 25 -1 -3 -17 -6 -10 -20 21 -21 -19 -24 -18 -7 -4 -28 -29 -30
right_child=1 3 8 4 6 9 -8 -9 12 10 -12 -13 -14 -15 -16 16 24 22 19 20 -22 -23 23 -25 -26 -27 27 28 29 -31
leaf_value=-0.049267031224060807 -0.034042988400590599 -0.001948037241211239 -0.041189203962007717 0.041383805377484137 0.040917442065638694 -0.0012624427016379685 0.024726676270749606 0.22691820241176366 -0.0079462579145398744 0.022372780606545756 0.16017565473844853 0.071902627543824441 0.083513605403539248 0.081099238029622642 -0.017563577173756156 0.12076739278627743 0.012152290713224033 0.077361048922775316 -0.010801377324216528 0.0046179062991343472 0.12405776398493158 0.10610203323322297 0.22688591204779518 0.09590020196262139 0.07957521856735808 0.054873959451457267 -0.040683212715406342 -0.027895897578277477 -0.001154497453566726 0.080409357322128908
leaf_weight=3813 929 595 1528 774 177 2147 218 200 2532 192 169 185 245 276 2036 243 622 207 622 663 247 161 208 175 361 385 817 725 957 314
leaf_count=3813 929 595 1528 774 177 2147 218 200 2532 192 169 185 245 276 2036 243 622 207 622 663 247 161 208 175 361 385 817 725 957 314
internal_value=0.00075148 0.0349432 -0.0173919 0.0620892 0.0868695 0.00989806 0.116559 0.137238 -0.00383746 0.0227869 0.0869496 -0.0174498 0.00994012 0.0145297 -0.0382353 0.0354181 0.0535717 0.113822 0.00566816 0.0260434 0.0474635 0.0244753 0.135654 0.167097 0.0369368 0.00726401 -0.0212631 -0.0104311 0.00193992 0.0189773
internal_weight=22723 7878 14845 3780 1959 4098 1185 967 8996 3169 361 4526 4470 2808 5849 1821 1226 767 4225 1693 1071 824 590 383 983 2532 4341 2813 1996 1271
internal_count=22723 7878 14845 3780 1959 4098 1185 967 8996 3169 361 4526 4470 2808 5849 1821 1226 767 4225 1693 1071 824 590 383 983 2532 4341 2813 1996 1271
is_linear=0
shrinkage=0.0161


Tree=58
num_leaves=31
num_cat=0
split_feature=163 42 539 104 220 190 478 314 386 413 276 300 42 75 554 44 164 138 104 68 175 230 221 497 584 380 535 147 583 492
split_gain=45057.1 21119.7 15823.8 11203.9 11077.9 9348.41 7088.78 6712.22 5789.71 7927.68 9989.27 5616.89 5476.73 5133.97 5125.77 6003.11 5045.21 5022.55 5036.38 5007.96 4239.7 4107.8 4065.04 3909.42 3853.55 3845.35 3812.31 5250.48 3659.38 3633.59
threshold=8.0000000000000018 29.500000000000004 60.500000000000007 29.500000000000004 16.500000000000004 13.500000000000002 6.5000000000000009 5.5000000000000009 16.500000000000004 13.500000000000002 6.5000000000000009 20.000000000000004 5.5000000000000009 13.500000000000002 191.15000152587893 6.5000000000000009 10.500000000000002 8.0000000000000018 5.5000000000000009 4.5000000000000009 16.500000000000004 13.500000000000002 13.500000000000002 11.500000000000002 145.55000305175784 5.5000000000000009 150.50000000000003 10.500000000000002 108.85000228881837 228.50000000000003
decision_type=2 2 2 2 2 2 2 2 2 2 2 2 2 2 10 2 2 2 2 2 2 2 2 2 10 2 2 2 10 2
left_child=2 4 12 13 11 -5 22 -6 17 -10 -11 16 -1 -3 15 -9 -2 29 -19 -20 -18 -22 -4 -14 28 -24 27 -15 -17 -8
right_child=1 3 6 5 7 -7 8 14 9 10 -12 -13 23 26 -16 24 20 18 19 -21 21 -23 25 -25 -26 -27 -28 -29 -30 -31
leaf_value=-0.052753299423654129 -0.018501168909762458 0.018245617262531311 -0.031199995927838911 0.085979905523783581 -0.0091911174051852226 0.23750287031035527 -0.025713679710972746 -0.014739650192248009 0.0051340995448979918 0.19578881615536678 0.037272790318523014 0.036650731995086595 -0.049579481072201621 0.061155438830219143 0.12382083740442011 0.069269963667964313 0.002487418632156129 -0.016802306590327786 0.13064403165930036 0.029505857364642028 0.021946633252269376 0.11790014789937737 0.07751416986353063 -0.012013196944814914 0.1282069635047258 -0.013310972060763092 0.02168145248461192 0.16584522193595605 -0.011792500167677187 0.054660970039579808
leaf_weight=3056 2588 583 2167 259 428 179 1445 297 541 166 273 1135 1021 291 290 662 1761 443 163 578 336 177 186 2429 214 344 192 218 184 162
leaf_count=3056 2588 583 2167 259 428 179 1445 297 541 166 273 1135 1021 291 290 662 1761 443 163 578 336 177 186 2429 214 344 192 218 184 162
internal_value=0.000353693 0.0264224 -0.0193236 0.0776133 0.0154989 0.147957 -0.00148715 0.0475644 0.012763 0.0464296 0.0972664 0.00440009 -0.0370522 0.053599 0.0623276 0.0491687 -0.00312375 0.000933268 0.026103 0.0517853 0.0143667 0.0550993 -0.0214207 -0.0231375 0.0670973 0.0185191 0.0829678 0.106039 0.0516115 -0.0175965
internal_weight=22768 9794 12974 1722 8072 438 6468 2075 3771 980 439 5997 6506 1284 1647 1357 4862 2791 1184 741 2274 513 2697 3450 1060 530 701 509 846 1607
internal_count=22768 9794 12974 1722 8072 438 6468 2075 3771 980 439 5997 6506 1284 1647 1357 4862 2791 1184 741 2274 513 2697 3450 1060 530 701 509 846 1607
is_linear=0
shrinkage=0.0161


Tree=59
num_leaves=31
num_cat=0
split_feature=162 523 401 15 106 47 548 599 488 543 342 71 567 256 224 163 334 178 435 170 165 243 493 591 210 52 95 548 155 462
split_gain=45530.2 20566.6 15300.9 10851.3 9667.3 7957.89 7730.43 6830.04 6214.27 7024.79 6151.17 6120.53 7746.4 6026.34 5918.31 5712.2 4609.32 4411.86 4407.41 4403.89 4801.39 4125.34 4023.92 4062.3 3789.5 3587.58 4172.92 6190.42 3401.6 3321.3
threshold=10.500000000000002 74.500000000000014 13.500000000000002 24.500000000000004 24.500000000000004 24.500000000000004 224.44999694824222 240.75000000000003 242.50000000000003 231.15000152587893 13.500000000000002 13.500000000000002 139.25000000000003 4.5000000000000009 6.5000000000000009 6.5000000000000009 35.500000000000007 16.500000000000004 3.5000000000000004 20.000000000000004 10.500000000000002 10.500000000000002 154.50000000000003 74.549999237060561 10.500000000000002 4.5000000000000009 5.5000000000000009 92.149997711181655 10.500000000000002 5.5000000000000009
decision_type=2 2 2 2 2 2 10 10 2 8 2 2 10 2 2 2 2 2 2 2 2 2 2 8 2 2 2 10 2 2
left_child=1 14 15 6 10 7 13 8 24 -10 -5 21 -13 -4 -1 -2 19 -12 -16 -17 -21 -7 23 -15 -3 -25 27 -27 -28 -20
right_child=2 5 3 4 -6 11 -8 -9 9 -11 17 12 -14 22 18 16 -18 -19 29 20 -22 -23 -24 25 -26 26 28 -29 -30 -31
leaf_value=-0.043909757129896858 -0.022772944704504423 -0.023403286453951986 -0.01460077424818401 -0.00090496320710350834 0.1763428830128996 -0.018103246718676365 0.13288071702137078 0.076472545001441045 -0.0084353930656914516 0.10671738760100979 0.066618620817849694 0.17902107022229258 0.030481754703523024 -0.0064209677632685105 -0.056434582266508215 0.0025912128439499827 0.092284246483574417 0.15936581486430781 -0.02990024365039293 0.010686834175891386 0.1264933773982391 0.060526917074486146 0.0056780511589304781 0.017365207353710159 0.00661437109874381 0.051101980504033431 0.021868302252242629 0.18458086340554147 0.087202567660033509 0.0089371973612492363
leaf_weight=5206 1171 3141 629 246 278 389 201 266 301 252 460 167 201 251 552 1702 213 188 927 204 171 311 612 343 1668 170 390 193 442 1484
leaf_count=5206 1171 3141 629 246 278 389 201 266 301 252 460 167 201 251 552 1702 213 188 927 204 171 311 612 343 1668 170 390 193 442 1484
internal_value=0.000149703 -0.0164232 0.0314797 0.0513912 0.0933699 0.00449083 0.0361568 -0.00315111 -0.0071055 0.0439967 0.0675422 0.0447833 0.0979535 0.0297326 -0.0335689 0.00614193 0.0209379 0.0935631 -0.015392 0.0136099 0.0635574 0.0167974 0.0413567 0.0535488 -0.0129868 0.0633511 0.0765307 0.122135 0.0566054 -0.00598556
internal_weight=22729 14865 7864 4403 1172 6696 3231 5628 5362 553 894 1068 368 3030 8169 3461 2290 648 2963 2077 375 700 2401 1789 4809 1538 1195 363 832 2411
internal_count=22729 14865 7864 4403 1172 6696 3231 5628 5362 553 894 1068 368 3030 8169 3461 2290 648 2963 2077 375 700 2401 1789 4809 1538 1195 363 832 2411
is_linear=0
shrinkage=0.0161


Tree=60
num_leaves=31
num_cat=0
split_feature=222 485 343 291 400 314 148 267 402 478 487 164 583 139 113 540 400 487 404 431 164 103 497 77 459 515 195 348 112 35
split_gain=47600.3 18257.4 17753.4 11693.2 10580.8 7944.75 8140.25 7095.82 6621.89 6049.71 5656.81 5759.16 5251.42 4903.01 4728.76 5077.27 4657.79 6009.78 4513.88 4943.09 4431.58 4382.68 4081.87 4029.68 3822.89 3594.56 3466.76 3413.15 3400.35 3376.9
threshold=8.0000000000000018 110.50000000000001 10.500000000000002 52.000000000000007 24.500000000000004 10.500000000000002 13.500000000000002 10.500000000000002 4.5000000000000009 43.500000000000007 257.50000000000006 10.500000000000002 186.44999694824222 10.500000000000002 10.500000000000002 187.55000305175784 16.500000000000004 252.50000000000003 5.5000000000000009 13.500000000000002 4.5000000000000009 4.5000000000000009 75.500000000000014 16.500000000000004 24.500000000000004 127.50000000000001 20.000000000000004 6.5000000000000009 6.5000000000000009 20.000000000000004
decision_type=2 2 2 2 2 2 2 2 2 2 2 2 10 2 2 8 2 2 2 2 2 2 2 2 2 2 2 2 2 2
left_child=1 8 16 9 7 13 24 -4 -1 10 11 21 -12 -6 27 -16 17 29 -9 25 -10 -3 -21 -8 -7 28 -23 -13 -20 -2
right_child=2 3 4 -5 5 6 23 18 20 -11 12 14 -14 -15 15 -17 -18 -19 19 22 -22 26 -24 -25 -26 -27 -28 -29 -30 -31
leaf_value=-0.046904104958544808 -0.019763092484040831 -0.0521517529470652 0.015312665514081487 0.14377933866140119 -0.010095508826972252 0.033747590082954602 0.12296979193379086 -0.00064261507640577789 -0.038960185599731773 0.083862260343436093 0.11108608378764519 -0.055298654696650566 -0.00019357955291068914 0.10278447288281203 0.011139084901934817 0.11733767591887093 0.029843198687446351 0.081562565862218814 0.018508408479836511 0.049599571886984113 -0.0082436378688909972 -0.015368815624414467 0.14989165415871669 0.23235883822855305 0.12401377315541533 0.0063134889079089779 0.063047916761233974 0.02293769786829996 0.10968987982142549 0.022434633724972345
leaf_weight=4201 2396 861 2012 160 264 264 178 250 1945 228 209 240 231 160 255 216 1381 193 165 161 3262 1167 308 174 227 307 167 363 300 618
leaf_count=4201 2396 861 2012 160 264 264 178 250 1945 228 209 240 231 160 255 216 1381 193 165 161 3262 1167 308 174 227 307 167 363 300 618
internal_value=-0.00016947 -0.0195084 0.0277369 0.00885421 0.0494859 0.089369 0.117972 0.0350539 -0.0318622 0.00336486 -0.00157714 -0.00887791 0.0526108 0.0324452 0.0216608 0.0598916 0.00512005 -0.0055189 0.0616775 0.0742509 -0.0197219 -0.023831 0.115513 0.17711 0.0755275 0.0491531 -0.00553438 -0.00816212 0.0773858 -0.0111029
internal_weight=22863 13505 9358 4097 4770 1267 843 3503 9408 3937 3709 3269 440 424 1074 471 4588 3207 1491 1241 5207 2195 469 352 491 772 1334 603 465 3014
internal_count=22863 13505 9358 4097 4770 1267 843 3503 9408 3937 3709 3269 440 424 1074 471 4588 3207 1491 1241 5207 2195 469 352 491 772 1334 603 465 3014
is_linear=0
shrinkage=0.0161


Tree=61
num_leaves=31
num_cat=0
split_feature=222 517 136 401 224 232 342 31 223 593 96 187 172 400 192 404 225 3 440 483 256 197 594 280 84 51 540 239 100 97
split_gain=39934.2 16886.4 15377.4 14022 11791.7 7953.95 7128.11 6830.91 6414.91 5396.95 5360.85 6336.45 5345.42 6188.58 4994.3 4601.78 4553.93 4189.2 4083.5 4031.47 3957.86 3804.93 3966.39 3801.22 6600.24 3718.38 4174.02 3581.98 3501.88 3312.31
threshold=8.0000000000000018 92.500000000000014 6.5000000000000009 13.500000000000002 16.500000000000004 10.500000000000002 29.500000000000004 35.500000000000007 4.5000000000000009 187.55000305175784 6.5000000000000009 29.500000000000004 8.0000000000000018 35.500000000000007 20.000000000000004 29.500000000000004 24.500000000000004 10.500000000000002 13.500000000000002 31.500000000000004 8.0000000000000018 6.5000000000000009 188.65000152587893 13.500000000000002 13.500000000000002 35.500000000000007 98.750000000000014 8.0000000000000018 24.500000000000004 16.500000000000004
decision_type=2 2 2 2 2 2 2 2 2 10 2 2 2 2 2 2 2 2 2 2 2 2 10 2 2 2 8 2 2 2
left_child=1 8 14 19 12 10 18 9 -1 16 -3 28 -5 23 21 -8 29 -11 -6 -4 -10 -2 -23 24 -14 26 -21 -16 -12 -7
right_child=2 5 3 4 6 7 15 -9 20 17 11 -13 13 -15 27 -17 -18 -19 -20 25 -22 22 -24 -25 -26 -27 -28 -29 -30 -31
leaf_value=-0.045331050583542795 -0.025575142074302139 -0.032908984308178429 -0.021598383281296613 0.015315204055212979 0.041800530273380473 -0.025306174980787612 0.10891086368294822 0.13222836744875219 -0.028974185469530411 0.023459835269579357 -0.0095009205876087233 0.099790352174130598 0.020058024128560333 0.14928315699926781 0.0049614420815459912 0.20931077706889703 0.084073646766462173 0.12202178021932449 0.12025562718346348 0.077385680564052942 0.0024431435063056793 -4.1761341545550484e-05 0.084156807955408142 0.010282555742435672 0.14223558586660781 0.095286764130601193 0.0086096530509770629 0.08855079194962065 0.06179975031154239 0.04059201018656676
leaf_weight=4085 1666 1355 623 1065 452 730 282 166 2820 232 1431 181 238 192 289 206 164 217 279 267 1644 951 171 382 222 179 1605 247 204 271
leaf_count=4085 1666 1355 623 1065 452 730 282 166 2820 232 1431 181 238 192 289 206 164 217 279 267 1644 951 171 382 222 179 1605 247 204 271
internal_value=0.000648076 -0.0170449 0.0262898 0.0416962 0.0638081 0.00661253 0.103648 0.0338522 -0.0307484 0.0237196 -0.00867069 0.00940164 0.04066 0.0667418 -0.00147536 0.151341 0.00542061 0.0711469 0.0717766 0.01425 -0.0173986 -0.0101353 0.0127697 0.0478921 0.0790731 0.0251506 0.0184316 0.0435251 -0.000590295 -0.00744209
internal_weight=22816 13500 9316 5992 3318 4951 1219 1780 8549 1614 3171 1816 2099 1034 3324 488 1165 449 731 2674 4464 2788 1122 842 460 2051 1872 536 1635 1001
internal_count=22816 13500 9316 5992 3318 4951 1219 1780 8549 1614 3171 1816 2099 1034 3324 488 1165 449 731 2674 4464 2788 1122 842 460 2051 1872 536 1635 1001
is_linear=0
shrinkage=0.0161


Tree=62
num_leaves=31
num_cat=0
split_feature=162 539 163 254 400 217 239 267 539 291 149 283 238 181 591 571 101 537 55 468 194 510 541 48 318 224 224 240 55 445
split_gain=39629.4 17991.3 17857.2 11495.2 8971.33 8460.98 6593.25 7979.17 6231.88 6030.65 7402.15 5791.29 5678.28 5629.74 5125.24 7346.37 4994.56 4727.62 4706.02 4363.02 4331.4 3904.68 3887.02 3809.92 3972.45 3785.78 3777.05 3768.34 3570.31 4517.96
threshold=8.0000000000000018 41.500000000000007 8.0000000000000018 6.5000000000000009 24.500000000000004 20.000000000000004 6.5000000000000009 10.500000000000002 212.50000000000003 20.000000000000004 10.500000000000002 20.000000000000004 10.500000000000002 29.500000000000004 183.15000152587893 189.94999694824222 13.500000000000002 235.50000000000003 8.0000000000000018 24.500000000000004 10.500000000000002 141.50000000000003 134.44999694824222 29.500000000000004 4.5000000000000009 3.5000000000000004 20.000000000000004 20.000000000000004 6.5000000000000009 8.0000000000000018
decision_type=2 2 2 2 2 2 2 2 2 2 2 2 2 2 10 10 2 2 2 2 2 2 10 2 2 2 2 2 2 2
left_child=1 25 8 23 13 11 18 14 20 16 -11 -6 -7 19 -8 -16 27 -10 -3 21 -2 22 -5 24 -4 -1 -13 -9 -22 -30
right_child=2 6 3 4 5 12 7 9 17 10 -12 26 -14 -15 15 -17 -18 -19 -20 -21 28 -23 -24 -25 -26 -27 -28 -29 29 -31
leaf_value=-0.060241105985002576 -0.024406872026803004 -0.035546718195102543 -0.042986645525268777 0.027197644583420662 0.032650147826996892 0.21959485001850415 -0.018046259072251537 -0.012584730507566096 0.12328245818168702 0.17411477202314504 0.024781923240127436 0.067246688003438207 0.089524555079856599 0.10798100874257252 0.11439534535266357 -0.018910025389153571 0.080660932949519565 0.011806542599893794 0.0010163221143050655 0.078036642441117354 -0.020869945729395566 -0.0070922860546325196 0.099124365411734874 0.072366473201631809 0.014571580281177667 -0.031660774974172239 0.17460254009007423 0.066380372843859059 -0.01098156078935753 0.068575252511778595
leaf_weight=1820 2123 1947 418 1174 528 190 1952 722 163 172 173 182 162 293 201 229 295 251 1715 467 480 711 234 212 1212 3555 161 200 318 441
leaf_count=1820 2123 1947 418 1174 528 190 1952 722 163 172 173 182 162 293 201 229 295 251 1715 467 480 711 234 212 1212 3555 161 200 318 441
internal_value=-0.000386739 -0.0187951 0.0241951 0.0415884 0.0565929 0.0931393 -0.00285816 0.0115822 -0.00317844 0.0398636 0.0993001 0.0661725 0.1598 0.0410598 -0.0069535 0.0433477 0.022995 0.0557537 -0.018417 0.0334684 -0.0104424 0.023635 0.0391681 0.0081618 -0.00017431 -0.0413426 0.117707 0.00451883 0.0134664 0.0352121
internal_weight=22701 12981 9720 5944 4102 1223 7606 3944 3776 1562 345 871 352 2879 2382 430 1217 414 3662 2586 3362 2119 1408 1842 1630 5375 343 922 1239 759
internal_count=22701 12981 9720 5944 4102 1223 7606 3944 3776 1562 345 871 352 2879 2382 430 1217 414 3662 2586 3362 2119 1408 1842 1630 5375 343 922 1239 759
is_linear=0
shrinkage=0.0161


Tree=63
num_leaves=31
num_cat=0
split_feature=222 483 76 401 344 236 112 219 96 48 164 586 401 163 78 194 51 19 50 445 19 544 273 60 555 582 529 259 157 380
split_gain=42687.6 20440.3 14279.5 12447.2 10613.8 9114.1 8205.86 7543.6 6559.78 6199.54 5426.75 11022.5 5227.69 4660.48 4638.87 4525.93 4648.91 4175.73 4117.07 4080.85 3888.77 4181.31 5547.61 3852.03 3784.51 3471.1 3918.38 4384.29 3402.79 5194.98
threshold=13.500000000000002 41.500000000000007 8.0000000000000018 10.500000000000002 10.500000000000002 10.500000000000002 20.000000000000004 43.500000000000007 8.0000000000000018 24.500000000000004 10.500000000000002 161.34999847412112 6.5000000000000009 6.5000000000000009 4.5000000000000009 10.500000000000002 10.500000000000002 10.500000000000002 16.500000000000004 8.0000000000000018 3.5000000000000004 200.34999847412112 8.0000000000000018 16.500000000000004 198.94999694824222 110.25000000000001 31.500000000000004 8.0000000000000018 24.500000000000004 8.0000000000000018
decision_type=2 2 2 2 2 2 2 2 2 2 2 8 2 2 2 2 2 2 2 2 2 8 2 2 10 10 2 2 2 2
left_child=1 12 20 25 -5 8 13 9 24 17 23 -12 -1 -7 -10 -15 -17 -6 19 -19 -2 -22 -23 -8 -3 26 -4 -28 -16 -30
right_child=2 5 3 4 7 6 10 -9 14 -11 11 -13 -14 15 28 16 -18 18 -20 -21 21 22 -24 -25 -26 -27 27 -29 29 -31
leaf_value=-0.046388792790084579 -0.03891384457661233 -0.031335359386975944 -0.0088217270018611585 0.036486568685373331 0.034850729813209698 -0.012226610523419917 -0.00038573491484930118 0.20254346815639301 -0.027194905503993946 0.15282273109774414 0.020034317154685618 0.20258793914783255 -0.01720982597740655 0.0059019226312433297 0.009456237899717496 0.026132409226369165 0.1272506814871831 0.016650537574680539 0.16396322212934714 0.11806714649307797 -0.0024668460773909534 0.098387876926795653 0.00071805877605379798 0.090710750875764759 0.0267380936371466 -0.019432468757345677 0.010946039197736004 0.11962491026959284 0.12887475807233112 0.0095726697774425433
leaf_weight=4178 440 3059 291 1122 473 1409 336 171 777 307 166 178 2576 755 1887 279 205 192 178 223 1250 299 305 187 321 522 180 208 169 216
leaf_count=4178 440 3059 291 1122 473 1409 336 171 777 307 166 178 2576 755 1887 279 205 192 178 223 1250 299 305 187 321 522 180 208 169 216
internal_value=-0.000283907 -0.0136491 0.0359356 0.0548145 0.0742034 0.001029 0.0218766 0.101596 -0.0103656 0.0890069 0.064871 0.114564 -0.0352633 0.00779061 0.00675125 0.0305733 0.0690101 0.0706063 0.0990867 0.0712034 0.00410105 0.0143222 0.0491068 0.032141 -0.0258131 0.0117551 0.035766 0.0692675 0.0183708 0.0620028
internal_weight=22859 16698 6161 3867 2666 9944 3515 1544 6429 1373 867 344 6754 2648 3049 1239 484 1066 593 415 2294 1854 604 523 3380 1201 679 388 2272 385
internal_count=22859 16698 6161 3867 2666 9944 3515 1544 6429 1373 867 344 6754 2648 3049 1239 484 1066 593 415 2294 1854 604 523 3380 1201 679 388 2272 385
is_linear=0
shrinkage=0.0161


Tree=64
num_leaves=31
num_cat=0
split_feature=162 164 525 101 484 76 238 196 268 162 81 479 409 516 583 176 414 103 216 39 550 547 175 350 13 350 175 434 100 537
split_gain=37577.1 16591.9 14321.8 8641.08 7837.87 7604.25 6376.31 5682.46 5344.19 5028.2 4630.98 4805.96 4707.44 4657.63 4216.86 4081.67 4068.4 3856.52 3829.95 3540.7 4590.17 8146.11 3496.71 3451.29 3422.7 3271.66 5403.46 3234.28 3762.71 3175.5
threshold=8.0000000000000018 10.500000000000002 57.500000000000007 16.500000000000004 259.50000000000006 10.500000000000002 6.5000000000000009 6.5000000000000009 5.5000000000000009 35.500000000000007 2.5000000000000004 35.500000000000007 43.500000000000007 36.500000000000007 184.15000152587893 20.000000000000004 10.500000000000002 13.500000000000002 13.500000000000002 8.0000000000000018 153.34999847412112 98.750000000000014 8.0000000000000018 29.500000000000004 10.500000000000002 4.5000000000000009 24.500000000000004 20.000000000000004 10.500000000000002 80.500000000000014
decision_type=2 2 2 2 2 2 2 2 2 2 2 2 2 2 10 2 2 2 2 2 8 10 2 2 2 2 2 2 2 2
left_child=2 4 22 16 7 14 27 -2 -7 15 -8 12 13 -12 18 -10 -3 -9 -5 -19 21 -21 -1 -15 -13 -18 29 -4 -29 -27
right_child=1 3 6 5 -6 8 10 17 9 -11 11 24 -14 23 -16 -17 25 19 -20 20 -22 -23 -24 -25 -26 26 -28 28 -30 -31
leaf_value=-0.045858475559267878 -0.020092821694467879 0.0059244821115190362 -0.027265865847451626 0.015619533057288068 0.089438800142166514 0.039116303766294269 -0.045133194049260576 -0.0018643199184175481 0.0647109424994744 0.17471622534534204 0.088854844303940833 0.023606826697715206 0.087634364962344308 -0.0067758705220385042 -0.045301316200130733 0.15359277157402829 -0.0062314325881067251 0.004455547714404191 0.10586688067733445 0.030099942877570601 0.012034932409394739 0.18456870992682725 -0.020574767813718912 0.058771766560044701 0.12896529191764949 0.084856405844873167 0.13331750916100379 -0.014132515553169007 0.079428927829172338 0.0087122897511216248
leaf_weight=4327 2374 1350 2684 330 256 339 339 1631 466 256 161 160 192 2198 160 189 222 490 194 196 270 162 2115 230 161 234 212 330 168 363
leaf_count=4327 2374 1350 2684 330 256 339 339 1631 466 256 161 160 192 2198 160 189 222 490 194 196 270 162 2115 230 161 234 212 330 168 363
internal_value=-0.00264805 0.0213675 -0.020469 0.0448849 0.00249762 0.070171 -0.00384036 -0.0018423 0.0937942 0.114115 0.0113464 0.0175263 0.0107081 0.00499412 0.0269655 0.0903937 0.024336 0.0139101 0.0490766 0.0369436 0.0622551 0.100065 -0.0375611 -0.000556969 0.0765235 0.0484214 0.0634479 -0.0202707 0.0173831 0.0385971
internal_weight=22759 9694 13065 4315 5379 1934 6623 5123 1250 911 3441 3102 2781 2589 684 655 2381 2749 524 1118 628 358 6442 2428 321 1031 809 3182 498 597
internal_count=22759 9694 13065 4315 5379 1934 6623 5123 1250 911 3441 3102 2781 2589 684 655 2381 2749 524 1118 628 358 6442 2428 321 1031 809 3182 498 597
is_linear=0
shrinkage=0.0161


Tree=65
num_leaves=31
num_cat=0
split_feature=401 164 527 194 463 279 48 126 484 43 161 18 358 465 221 10 231 148 249 268 285 501 18 513 327 83 74 232 255 300
split_gain=41424.3 18095.7 15566.7 11245 8642.02 8285.46 8055.67 6028.64 5624.82 5621.5 5470.97 5061.1 5449.01 4761.48 4701.87 4329.95 4654.28 3948.5 4518.56 3944.63 3815.08 4827.45 3869.47 3706.26 3633.19 5188.53 4066.69 3621.85 3563.72 3561.36
threshold=10.500000000000002 8.0000000000000018 26.500000000000004 8.0000000000000018 8.0000000000000018 52.000000000000007 29.500000000000004 5.5000000000000009 259.50000000000006 20.000000000000004 10.500000000000002 10.500000000000002 29.500000000000004 13.500000000000002 13.500000000000002 16.500000000000004 8.0000000000000018 6.5000000000000009 4.5000000000000009 4.5000000000000009 5.5000000000000009 184.50000000000003 16.500000000000004 173.50000000000003 8.0000000000000018 16.500000000000004 8.0000000000000018 5.5000000000000009 13.500000000000002 20.000000000000004
decision_type=2 2 2 2 2 2 2 2 2 2 2 2 2 2 2 2 2 2 2 2 2 2 2 2 2 2 2 2 2 2
left_child=2 8 -1 17 13 6 14 -6 10 -8 -2 -9 24 27 -5 -15 -17 -3 -19 -16 -21 22 -22 -20 28 26 -26 -4 -13 -12
right_child=1 3 4 5 7 -7 9 11 -10 -11 29 12 -14 15 19 16 -18 18 23 20 21 -23 -24 -25 25 -27 -28 -29 -30 -31
leaf_value=-0.041110297421292658 -0.020549807085850871 -0.0078775789878170258 -0.045390238952592935 0.022512742955523742 -0.013605531245757717 0.18471225855743895 0.076458013701967087 0.0042971620603202143 0.089783533475788505 0.203003970764915 0.0071599275864844183 -0.020205414238862573 0.13241171365863208 -0.010481237649948027 0.015196874139485079 -0.00073220684509295168 0.11050995407224393 -0.024628020689129813 0.03719542762855902 0.14877814536599085 0.058084675891990928 0.0035015206802184529 0.13863460073484532 0.11457991420616156 0.14370250695481734 2.4025636657938394e-07 0.041906773367440621 -0.013944633306067994 0.062568210577002528 0.05939506104191436
leaf_weight=4467 1798 755 1702 812 1515 160 199 1375 190 169 1682 401 173 1059 256 204 186 219 614 202 360 209 273 218 221 222 190 2154 203 424
leaf_count=4467 1798 755 1702 812 1515 160 199 1375 190 169 1682 401 173 1059 256 204 186 219 614 202 360 209 273 218 221 222 190 2154 203 424
internal_value=0.000695913 0.0286695 -0.016279 0.0511592 -0.00472827 0.0723404 0.0650811 0.0122311 0.00424044 0.134637 7.11965e-05 0.0262943 0.0477287 -0.0184792 0.0529504 0.00638977 0.0522614 0.0201837 0.0403643 0.0719441 0.0858365 0.0707086 0.0928614 0.0574999 0.0358663 0.0628241 0.0967009 -0.0278305 0.00757523 0.0176876
internal_weight=22612 8540 14072 4446 9605 2640 2480 4300 4094 368 3904 2785 1410 5305 2112 1449 390 1806 1051 1300 1044 842 633 832 1237 633 411 3856 604 2106
internal_count=22612 8540 14072 4446 9605 2640 2480 4300 4094 368 3904 2785 1410 5305 2112 1449 390 1806 1051 1300 1044 842 633 832 1237 633 411 3856 604 2106
is_linear=0
shrinkage=0.0161


Tree=66
num_leaves=31
num_cat=0
split_feature=103 101 496 546 148 76 342 52 15 47 136 199 443 519 252 74 280 77 297 374 189 377 489 171 475 568 293 477 177 443
split_gain=40291.9 17778.7 15719.2 9875.45 8567.33 7955.13 7775.14 7252.65 7015.61 8491.97 6484.46 6092.96 7276.68 5564.35 4930.43 4924.31 4703.43 3986.09 4680.57 4892.67 3953.08 5278.95 3938.88 3811.28 3774.56 3450.45 3424.08 3790.43 3214 3212.16
threshold=8.0000000000000018 20.000000000000004 54.500000000000007 221.94999694824222 10.500000000000002 10.500000000000002 20.000000000000004 8.0000000000000018 20.000000000000004 20.000000000000004 5.5000000000000009 13.500000000000002 10.500000000000002 129.50000000000003 10.500000000000002 4.5000000000000009 13.500000000000002 8.0000000000000018 8.0000000000000018 6.5000000000000009 16.500000000000004 6.5000000000000009 244.50000000000003 24.500000000000004 20.000000000000004 177.15000152587893 16.500000000000004 13.500000000000002 6.5000000000000009 16.500000000000004
decision_type=2 2 2 10 2 2 2 2 2 2 2 2 2 2 2 2 2 2 2 2 2 2 2 2 2 8 2 2 2 2
left_child=2 3 26 4 16 14 -7 -5 17 28 22 13 -13 -8 -3 -12 29 -6 -19 -20 23 -22 -4 -17 -18 -16 -1 -28 -10 -2
right_child=1 5 10 7 8 6 11 -9 9 -11 15 12 -14 -15 25 20 24 18 19 -21 21 -23 -24 -25 -26 -27 27 -29 -30 -31
leaf_value=-0.044803482752692442 -0.023311539756405465 -0.0050920501796193132 -0.027147146780384927 0.0086876419076838476 -0.0098989552041737379 0.042404738271805506 0.11234850541205194 0.14139158198369242 -0.018181410146962691 0.17033486404203754 -0.022847311079868107 0.23522812271818927 0.090366806263014368 0.0001054581401203778 0.027205923728576421 0.0018179931206836028 0.0081371610723106145 -0.0026417228853276515 0.11503106048396994 0.023588223521534574 0.11391354191611826 0.02254603806313768 0.051503671218149971 0.068456750873445202 0.084301057996175266 0.1087920958086694 -0.032594455240853727 0.042150924703683486 0.069191155533419729 0.012492438842766591
leaf_weight=4863 2937 645 2409 187 952 784 367 250 164 176 812 181 180 167 334 1705 936 477 275 340 253 468 177 256 206 226 561 256 324 833
leaf_count=4863 2937 645 2409 187 952 784 367 250 164 176 812 181 180 167 334 1705 936 477 275 340 253 468 177 256 206 226 561 256 324 833
internal_value=0.000267724 0.0225063 -0.0204201 0.0102239 0.00595203 0.0568115 0.0794707 0.0846591 0.0289456 0.0744204 -0.00242482 0.111913 0.163063 0.0772904 0.0252194 0.011875 -0.00671962 0.0141615 0.0351588 0.0645156 0.0223963 0.0546397 -0.0217548 0.0105294 0.0218966 0.0601738 -0.0396786 -0.00914482 0.03978 -0.0153942
internal_weight=22701 10941 11760 8057 7620 2884 1679 437 2708 664 6080 895 361 534 1205 3494 4912 2044 1092 615 2682 721 2586 1961 1142 560 5680 817 488 3770
internal_count=22701 10941 11760 8057 7620 2884 1679 437 2708 664 6080 895 361 534 1205 3494 4912 2044 1092 615 2682 721 2586 1961 1142 560 5680 817 488 3770
is_linear=0
shrinkage=0.0161


Tree=67
num_leaves=31
num_cat=0
split_feature=282 161 164 403 255 230 350 194 448 341 396 301 188 413 496 463 164 75 250 97 371 592 411 248 270 176 307 396 325 599
split_gain=37009.5 13900.3 12241.8 9001.66 8599.76 7079.69 6739.7 6682.88 6280.26 6603.61 5498.36 5148.34 5140.25 5019.6 4938.84 4490.06 4033.76 3996.42 3955.66 5380.3 3824.3 4361.57 3776.52 3855.67 3750.01 9998.88 5175.05 3503.86 3427.19 3202.02
threshold=8.0000000000000018 10.500000000000002 10.500000000000002 10.500000000000002 5.5000000000000009 4.5000000000000009 52.000000000000007 8.0000000000000018 5.5000000000000009 35.500000000000007 35.500000000000007 10.500000000000002 35.500000000000007 35.500000000000007 180.50000000000003 24.500000000000004 5.5000000000000009 13.500000000000002 10.500000000000002 16.500000000000004 6.5000000000000009 170.05000305175784 16.500000000000004 8.0000000000000018 16.500000000000004 20.000000000000004 13.500000000000002 52.000000000000007 6.5000000000000009 216.75000000000003
decision_type=2 2 2 2 2 2 2 2 2 2 2 2 2 2 2 2 2 2 2 2 2 8 2 2 2 2 2 2 2 10
left_child=2 6 5 20 -5 -1 11 -4 -6 24 12 -2 29 16 17 -11 -13 -9 -18 -20 -3 -22 23 -23 25 26 -10 -12 -19 -7
right_child=1 3 7 4 8 10 -8 14 9 15 27 13 -14 -15 -16 -17 18 28 19 -21 21 22 -24 -25 -26 -27 -28 -29 -30 -31
leaf_value=-0.045839749436920298 -0.012114460435655887 -0.0097633066733413335 -0.0092240636921123928 -0.0014422360599949322 0.0297317768048437 -0.027176952151061709 0.098738835824478316 -0.010277050264235957 0.025953301884507608 0.09807602112776645 0.092790403343244079 -0.026611702624142974 0.045480655121458852 0.10389954183569146 0.10087471650594555 0.19868399159862304 0.0051730393473839904 0.1021085547860122 0.023351731170177421 0.13480144540412312 0.010186235013463114 -0.012707343894928671 0.13460659235310182 0.093618854211958952 0.030876020619887538 0.19344626680968666 0.12178930594292678 -0.0060552027668095915 0.015910990688915976 0.033961463171975313
leaf_weight=3454 2979 809 2072 462 600 5014 190 501 412 267 185 468 287 176 257 204 721 217 303 179 751 174 165 179 410 189 227 186 268 232
leaf_count=3454 2979 809 2072 462 600 5014 190 501 412 267 185 468 287 176 257 204 721 217 303 179 751 174 165 179 410 189 227 186 268 232
internal_value=9.28849e-05 0.0234778 -0.0181087 0.0429159 0.0619155 -0.0275273 0.00468208 0.00847223 0.0746027 0.0903423 -0.01681 0.000974181 -0.0208361 0.0220974 0.0379897 0.141701 0.0134674 0.0215749 0.0290789 0.0647896 0.0175689 0.035012 0.070959 0.0411421 0.0707836 0.0905161 0.0600352 0.0431709 0.0545263 -0.0244687
internal_weight=22538 9865 12673 4849 2771 9358 5016 3315 2309 1709 5904 4826 5533 1847 1243 471 1671 986 1203 482 2078 1269 518 353 1238 828 639 371 485 5246
internal_count=22538 9865 12673 4849 2771 9358 5016 3315 2309 1709 5904 4826 5533 1847 1243 471 1671 986 1203 482 2078 1269 518 353 1238 828 639 371 485 5246
is_linear=0
shrinkage=0.0161


Tree=68
num_leaves=31
num_cat=0
split_feature=343 461 483 316 372 224 231 386 493 524 39 49 196 61 435 282 198 225 484 175 41 196 282 545 164 342 421 156 112 220
split_gain=36215.8 16987.2 15327 10919.3 7138.4 7129.06 6461.58 6945.22 7135.79 6432.79 6359.01 6042.08 5079.66 5503.44 4768.31 4711.75 5037.57 4661.79 4295.79 4699.26 4052.4 4034.79 3693.23 3669.48 3631.03 3404.46 4651.84 4431.57 3328.47 3292.08
threshold=10.500000000000002 16.500000000000004 41.500000000000007 8.0000000000000018 8.0000000000000018 20.000000000000004 10.500000000000002 20.000000000000004 204.50000000000003 71.500000000000014 43.500000000000007 20.000000000000004 6.5000000000000009 4.5000000000000009 8.0000000000000018 5.5000000000000009 4.5000000000000009 4.5000000000000009 148.50000000000003 13.500000000000002 35.500000000000007 3.5000000000000004 16.500000000000004 120.04999923706056 10.500000000000002 8.0000000000000018 10.500000000000002 13.500000000000002 10.500000000000002 8.0000000000000018
decision_type=2 2 2 2 2 2 2 2 2 2 2 2 2 2 2 2 2 2 2 2 2 2 2 10 2 2 2 2 2 2
left_child=2 10 29 14 18 20 15 12 11 -7 17 -9 -8 -14 -3 -4 -17 23 19 -5 -6 -19 -16 -2 -15 -23 -27 28 -28 -1
right_child=1 3 6 4 5 9 7 8 -10 -11 -12 -13 13 24 22 16 -18 21 -20 -21 -22 25 -24 -25 -26 26 27 -29 -30 -31
leaf_value=-0.043536397942379415 -0.045066261834409649 -0.022553541623641829 -0.029960121837891443 0.033706555146903482 0.054074521457211686 0.2305795415954113 -0.022287169757501328 -0.0029391363578698051 0.153166044770431 0.10312311021866641 0.08388736110801856 0.11417877895871519 0.089516994573022618 -0.013119613637715835 0.0025754596135649393 -0.032118513541878051 0.013657468053385285 -0.029855314536942078 -0.017377967192423162 0.13579766725924663 0.14391753922371958 0.00075163545270250359 0.091863810894206893 0.02039190837886096 0.054954446501010772 0.0095944548762946884 -0.00019094076909882205 0.10852999969486928 0.076578403581437152 -0.016987725950816383
leaf_weight=4345 743 490 2393 377 586 178 1102 380 165 245 276 163 270 677 233 880 2135 509 230 170 168 1541 249 316 290 1044 332 313 261 1683
leaf_count=4345 743 490 2393 377 586 178 1102 380 165 245 276 163 270 677 233 880 2135 509 230 170 168 1541 249 316 290 1044 332 313 261 1683
internal_value=-0.00116776 0.0257313 -0.0165124 0.0569073 0.0788456 0.103861 -0.00252466 0.0162227 0.0604049 0.156813 0.00862823 0.0321745 0.00283899 0.025242 0.0127808 -0.0130917 0.000288844 0.00451772 0.0409215 0.0654781 0.0741238 0.0124739 0.0487504 -0.0255117 0.00727122 0.0186524 0.0327865 0.0594851 0.0335582 -0.036128
internal_weight=22744 8261 14483 2926 1954 1177 8455 3047 708 423 5335 543 2339 1237 972 5408 3015 5059 777 547 754 4000 482 1059 967 3491 1950 906 593 6028
internal_count=22744 8261 14483 2926 1954 1177 8455 3047 708 423 5335 543 2339 1237 972 5408 3015 5059 777 547 754 4000 482 1059 967 3491 1950 906 593 6028
is_linear=0
shrinkage=0.0161


Tree=69
num_leaves=31
num_cat=0
split_feature=221 284 283 435 493 333 283 474 434 56 532 214 587 431 472 405 338 233 547 551 106 411 307 222 248 453 170 165 337 578
split_gain=34115.5 14531.9 14463.5 10012.9 9257.17 8774.6 8061.84 7881.59 7689.57 6217.63 5638.92 5035.56 4675.84 4458.37 4673.41 4715.2 4668.53 4363.16 4357.46 4352.89 4345.79 4148.71 3760.29 3750.64 4042.99 3551.43 3579.21 3509.83 3908.36 3822.02
threshold=13.500000000000002 10.500000000000002 5.5000000000000009 13.500000000000002 215.50000000000003 8.0000000000000018 16.500000000000004 29.500000000000004 16.500000000000004 16.500000000000004 193.50000000000003 16.500000000000004 200.34999847412112 10.500000000000002 10.500000000000002 5.5000000000000009 13.500000000000002 8.0000000000000018 231.15000152587893 201.75000000000003 13.500000000000002 24.500000000000004 16.500000000000004 10.500000000000002 6.5000000000000009 13.500000000000002 16.500000000000004 4.5000000000000009 13.500000000000002 66.450000762939467
decision_type=2 2 2 2 2 2 2 2 2 2 2 2 10 2 2 2 2 2 10 10 2 2 2 2 2 2 2 2 2 10
left_child=2 18 4 19 12 13 -5 20 -8 -10 -6 -9 17 -4 23 -16 -17 -1 27 25 -7 22 -22 -15 -25 26 -3 -2 -29 -30
right_child=1 3 5 6 10 7 8 11 9 -11 -12 -13 -14 14 15 16 -18 -19 -20 -21 21 -23 -24 24 -26 -27 -28 28 29 -31
leaf_value=-0.044571701436072184 -0.017032504899274641 -0.022485503493102275 -0.023981347257491355 0.048236000263309577 0.093368413785804114 -0.0026821593537850203 0.060981454916618182 0.039170003990852159 0.1218741681953165 0.24508167179415447 -0.024082203167496024 0.14324394436882251 0.046708689332386255 -0.034812283636363017 -0.019152265169183051 0.026567457960326672 0.1264428524544558 -0.016965288610946726 0.091930903098976183 0.1047960794990261 -0.0014648482662701198 0.089981501042571257 0.063637886966887242 0.087658802835288818 -0.024813310685196467 0.056524006617011964 0.054509535221842854 0.0023164869970194991 0.11683999541738641 0.02846239517698804
leaf_weight=4521 1110 568 3296 605 249 2392 278 332 281 172 184 190 184 730 251 308 201 2214 161 176 722 270 337 163 168 425 216 1355 165 554
leaf_count=4521 1110 568 3296 605 249 2392 278 332 281 172 184 190 184 730 251 308 201 2214 161 176 722 270 337 163 168 425 216 1355 165 554
internal_value=-1.72695e-05 0.0326861 -0.0118891 0.0603172 -0.0287891 0.00138283 0.0917716 0.0185039 0.127771 0.168707 0.0434043 0.0770964 -0.0333105 -0.0128093 0.00739913 0.0378823 0.0660537 -0.0355001 0.0102025 0.0299586 0.0102779 0.0336218 0.0192302 -0.014414 0.0305022 0.0190447 -0.00124256 0.00606252 0.0184343 0.0487765
internal_weight=22778 6066 16712 2721 7352 9360 1336 4243 731 453 433 522 6919 5117 1821 760 509 6735 3345 1385 3721 1329 1059 1061 331 1209 784 3184 2074 719
internal_count=22778 6066 16712 2721 7352 9360 1336 4243 731 453 433 522 6919 5117 1821 760 509 6735 3345 1385 3721 1329 1059 1061 331 1209 784 3184 2074 719
is_linear=0
shrinkage=0.0161


Tree=70
num_leaves=31
num_cat=0
split_feature=343 461 483 15 414 400 556 72 225 402 163 312 38 349 310 364 114 102 307 300 401 591 487 445 102 554 106 457 201 37
split_gain=39125.2 17194.4 14559.8 9794.6 8317.11 7464.99 7454.52 6367.4 5785.89 5708.82 5588.48 5153.49 5365.49 5148.85 4994.87 5883.4 5332.79 4628.15 5021.2 4750.1 4379.97 4287.84 4257.19 3988.35 4539.06 3666.9 4555.53 3559.82 3236.65 3174.87
threshold=10.500000000000002 16.500000000000004 41.500000000000007 24.500000000000004 13.500000000000002 10.500000000000002 235.84999847412112 10.500000000000002 6.5000000000000009 5.5000000000000009 8.0000000000000018 6.5000000000000009 16.500000000000004 35.500000000000007 6.5000000000000009 10.500000000000002 10.500000000000002 8.0000000000000018 4.5000000000000009 20.000000000000004 13.500000000000002 168.05000305175784 262.50000000000006 10.500000000000002 16.500000000000004 180.15000152587893 13.500000000000002 5.5000000000000009 4.5000000000000009 8.0000000000000018
decision_type=2 2 2 2 2 2 10 2 2 2 2 2 2 2 2 2 2 2 2 2 2 8 2 2 2 8 2 2 2 2
left_child=2 6 20 11 25 22 8 -6 -2 -10 23 -3 27 17 -12 -16 -17 -11 -19 29 -1 -14 28 -7 -25 26 -5 -13 -4 -20
right_child=1 3 5 4 7 10 -8 -9 9 13 14 12 21 -15 15 16 -18 18 19 -21 -22 -23 -24 24 -26 -27 -28 -29 -30 -31
leaf_value=-0.039706730474907491 -0.01232451190865101 0.0099838770422468227 -0.03555940120302873 0.035553546504525371 0.24129941244418682 -0.015953745586929736 0.10302223068067805 0.10464178712562865 -0.013719335544271391 0.0026466814281135924 0.0068089098347877165 0.081704576681001076 0.060588631809070419 0.11492154008921891 0.029829909138317193 0.060273663151695113 0.18983928969684005 -0.0089450663910239127 0.091763967775507438 0.14278162514379428 -0.0043814984109578356 0.15902339624162229 0.045487187972438024 0.0099888933536150786 0.097989193618442411 0.0024837501254827902 0.14820134238196478 0.0089282340608167043 -0.0072966433087223014 0.019121423622176871
leaf_weight=4846 2009 794 1511 181 161 1231 228 198 813 959 486 278 251 196 370 170 161 271 272 185 1122 213 311 732 192 165 193 469 3455 368
leaf_count=4846 2009 794 1511 181 161 1231 228 198 813 959 486 278 251 196 370 170 161 271 272 185 1122 213 311 732 192 165 193 469 3455 368
internal_value=0.0020795 0.0302087 -0.0137392 0.0617072 0.105913 -0.000351825 0.0129546 0.165994 0.00890194 0.0228274 0.0184733 0.0418964 0.0628006 0.0360375 0.0465269 0.0740297 0.123366 0.0285023 0.0511045 0.0708584 -0.0330694 0.105826 -0.0122785 0.00301009 0.0283001 0.0658533 0.0937476 0.0360438 -0.0159009 0.0500313
internal_weight=22791 8204 14587 2903 898 8619 5301 359 5073 3064 3342 2005 1211 2251 1187 701 331 2055 1096 825 5968 464 5277 2155 924 539 374 747 4966 640
internal_count=22791 8204 14587 2903 898 8619 5301 359 5073 3064 3342 2005 1211 2251 1187 701 331 2055 1096 825 5968 464 5277 2155 924 539 374 747 4966 640
is_linear=0
shrinkage=0.0161


Tree=71
num_leaves=31
num_cat=0
split_feature=163 496 340 404 165 179 463 436 593 221 502 163 18 51 411 518 267 509 492 468 536 505 189 403 549 223 524 376 285 116
split_gain=34652.6 12969.2 12277.1 8556.61 7511.66 6211.52 6182.86 6136.01 5859.49 6768.01 6075.4 6345.34 4929.32 4821.86 4631.3 6164.24 4414.2 4195.6 4998.27 4273.19 5954.64 7692.75 4160.59 3990.51 4253.32 3857.21 3801.64 4916.07 3578.05 3341.52
threshold=10.500000000000002 35.500000000000007 35.500000000000007 10.500000000000002 10.500000000000002 5.5000000000000009 24.500000000000004 5.5000000000000009 209.25000000000003 13.500000000000002 123.50000000000001 29.500000000000004 8.0000000000000018 8.0000000000000018 24.500000000000004 180.50000000000003 8.0000000000000018 191.50000000000003 226.50000000000003 8.0000000000000018 126.50000000000001 122.50000000000001 20.000000000000004 10.500000000000002 198.94999694824222 4.5000000000000009 105.50000000000001 13.500000000000002 16.500000000000004 10.500000000000002
decision_type=2 2 2 2 2 2 2 2 10 2 2 2 2 2 2 2 2 2 2 2 2 2 2 2 8 2 2 2 2 2
left_child=1 25 3 16 -4 23 -6 -7 9 13 11 12 -11 -5 17 -16 -2 18 19 -9 21 29 26 -3 -25 -1 27 -15 -18 -21
right_child=2 5 4 8 6 7 -8 14 -10 10 -12 -13 -14 22 15 -17 28 -19 -20 20 -22 -23 -24 24 -26 -27 -28 -29 -30 -31
leaf_value=-0.046103893526582333 -0.015189249939955256 -0.028662121449636129 0.027989574200664571 -0.012393210448230206 0.072261030345576488 -0.014939175756423633 0.18246540240962864 -0.0078433195984942278 0.10362748238128763 0.12425434838651864 0.010945210889118573 0.15357380325605827 0.023437591843187972 -0.0013101759225468853 0.025883713148805238 0.13514871606530179 0.011033572001371039 -0.023056391708447893 0.096071183573250341 -0.00051563567452796145 -0.016160303786570764 0.16213262327432668 0.10353164258321426 -0.011045910352691504 0.072606113262348643 -0.019274642031703221 -0.018312487271242506 0.096356516729679126 0.077886118697627224 0.077040545185931175
leaf_weight=3018 1849 2751 383 1000 297 2037 239 1103 314 187 424 251 386 258 434 194 1336 697 214 306 365 160 197 554 220 2581 364 276 246 271
leaf_count=3018 1849 2751 383 1000 297 2037 239 1103 314 187 424 251 386 258 434 194 1336 697 214 306 365 160 197 554 220 2581 364 276 246 271
internal_value=0.000132691 -0.0143784 0.027148 0.0199651 0.0825221 -0.00272659 0.121445 0.00754167 0.0370996 0.0308437 0.0605295 0.0860153 0.0563805 0.0131485 0.0197791 0.059675 0.00169511 0.0117309 0.0217641 0.0145418 0.0369686 0.0633126 0.0364957 -0.0195732 0.0127007 -0.0337405 0.0217634 0.0491252 0.021444 0.0358694
internal_weight=22912 14905 8007 7088 919 9306 536 5781 3657 3343 1248 824 573 2095 3744 628 3431 3116 2419 2205 1102 737 1095 3525 774 5599 898 534 1582 577
internal_count=22912 14905 8007 7088 919 9306 536 5781 3657 3343 1248 824 573 2095 3744 628 3431 3116 2419 2205 1102 737 1095 3525 774 5599 898 534 1582 577
is_linear=0
shrinkage=0.0161


Tree=72
num_leaves=31
num_cat=0
split_feature=162 525 163 101 463 225 227 238 164 231 488 528 540 267 305 293 85 511 535 544 236 13 372 179 599 531 297 385 221 402
split_gain=34412.2 15010.8 14308.1 8223.79 9280.81 8330.51 7908 6640.31 6758.38 5523.94 5429.01 5267.65 8288.61 5139.82 7570.98 6172.06 5797.09 4956.54 5359.71 4584.99 4233.01 4782.82 8033.94 4323.05 4063.07 5405.47 3654.33 4323.99 3296.85 3262.39
threshold=8.0000000000000018 57.500000000000007 8.0000000000000018 16.500000000000004 35.500000000000007 16.500000000000004 61.500000000000007 6.5000000000000009 6.5000000000000009 35.500000000000007 253.50000000000003 226.50000000000003 201.75000000000003 10.500000000000002 10.500000000000002 8.0000000000000018 13.500000000000002 191.50000000000003 135.50000000000003 136.55000305175784 10.500000000000002 20.000000000000004 10.500000000000002 13.500000000000002 216.75000000000003 174.50000000000003 20.000000000000004 16.500000000000004 8.0000000000000018 6.5000000000000009
decision_type=2 2 2 2 2 2 2 2 2 2 2 2 10 2 2 2 2 2 2 10 2 2 2 2 8 2 2 2 2 2
left_child=1 19 10 9 11 -6 7 -3 24 20 26 12 17 -10 15 -15 -16 18 -5 29 -4 22 23 -22 -9 -26 28 -28 -2 -1
right_child=2 6 3 4 5 -7 -8 8 13 -11 -12 -13 -14 14 16 -17 -18 -19 -20 -21 21 -23 -24 -25 25 -27 27 -29 -30 -31
leaf_value=-0.044299176995485308 -0.030242411195455201 -0.019195071173380651 0.0023019856294664237 0.041487959538251205 0.04874872034719395 0.19325084738814519 0.11237704246369808 -0.026241245508040748 0.012066493573281004 0.096728400008421603 0.078717909027652716 -0.028010672459319867 0.16662695297575009 0.094202689526195441 0.18999116069940167 -0.036277014568547435 0.055519791037199881 -0.032287958627402406 0.11970896829749565 0.050898601510388893 -0.0064763829568309306 -0.018171957942720158 0.13283567307915337 0.080643451693806545 0.078696881883512107 -0.033381232314491208 0.0043811284835579729 0.10229319628286122 0.0034481235838965357 -0.019204765780626954
leaf_weight=4236 1443 3087 1966 1340 185 236 160 1146 982 241 210 217 160 165 172 218 162 189 274 160 380 270 268 241 260 195 429 161 1572 1972
leaf_count=4236 1443 3087 1966 1340 185 236 160 1146 982 241 210 217 160 165 172 218 162 189 274 160 380 270 268 241 260 195 429 161 1572 1972
internal_value=0.000715287 -0.0165366 0.0234951 0.0390646 0.0605715 0.129808 0.000578142 -0.00221883 0.0136545 0.0224386 -0.000850782 0.0471898 0.0555148 0.0360236 0.0688023 0.0198734 0.124839 0.0456415 0.0547817 -0.0341362 0.0167019 0.0411079 0.0591384 0.0272955 -0.0100691 0.0306117 -0.00549238 0.0311394 -0.0126686 -0.0363316
internal_weight=22697 12915 9782 5967 2601 421 6547 6387 3300 3366 3815 2180 1963 1699 717 383 334 1803 1614 6368 3125 1159 889 621 1601 455 3605 590 3015 6208
internal_count=22697 12915 9782 5967 2601 421 6547 6387 3300 3366 3815 2180 1963 1699 717 383 334 1803 1614 6368 3125 1159 889 621 1601 455 3605 590 3015 6208
is_linear=0
shrinkage=0.0161


Tree=73
num_leaves=31
num_cat=0
split_feature=223 162 523 171 165 398 598 569 154 557 163 180 403 429 256 539 79 195 351 182 478 341 161 400 0 278 525 345 217 566
split_gain=34342.6 15506.9 10729.9 7404.69 9004.38 6808.42 8025.27 7957.37 8890.61 5893.66 5716 7739.08 4962.56 5027.98 4771.67 4320.58 5743.6 4027.23 3916.86 6391.46 3712.41 3533.31 3407.64 3366.14 3113.44 3065.09 3406.34 2969.02 3264.31 2937.26
threshold=6.5000000000000009 13.500000000000002 57.500000000000007 5.5000000000000009 10.500000000000002 24.500000000000004 145.55000305175784 102.64999771118165 6.5000000000000009 247.34999847412112 5.5000000000000009 29.500000000000004 10.500000000000002 10.500000000000002 3.5000000000000004 214.50000000000003 10.500000000000002 4.5000000000000009 29.500000000000004 16.500000000000004 10.500000000000002 24.500000000000004 5.5000000000000009 4.5000000000000009 8.0000000000000018 6.5000000000000009 178.50000000000003 10.500000000000002 6.5000000000000009 119.25000000000001
decision_type=2 2 2 2 2 2 10 10 2 10 2 2 2 2 2 2 2 2 2 2 2 2 2 2 2 2 2 2 2 10
left_child=2 9 22 17 -5 7 -7 8 -6 14 15 12 27 -14 -2 29 -17 -3 23 20 -20 -19 -1 -16 -23 -9 -27 -12 -29 -4
right_child=1 3 10 4 5 6 -8 25 -10 -11 11 -13 13 -15 18 16 -18 21 19 -21 -22 24 -24 -25 -26 26 -28 28 -30 -31
leaf_value=-0.045961589214653258 -0.030974933896814487 -0.045690997886255219 -0.0073322684829441077 0.027916841571933849 0.030908926059009398 0.081259305074543944 0.22528554772419646 0.070345703935437875 0.16365055113809271 0.090318077310446887 -0.026865183778797354 0.11531126051043222 0.0050673548883890642 0.10894214902536353 -0.018398874685776584 0.076463080640473344 -0.034571246717294571 0.0059731757656927903 -0.032460066956791045 0.12610235680804943 0.065065253615189292 0.015096253255462893 -0.021607674126050198 0.010953032790746149 0.10542620623531231 0.040087055862988857 -0.053079540706972787 -0.023037137849457198 0.066054701485492279 -0.038691682038671252
leaf_weight=3249 1001 253 1576 1494 223 253 167 248 318 199 829 193 272 218 1419 280 212 839 226 181 183 183 2759 3536 217 229 183 196 233 1526
leaf_count=3249 1001 253 1576 1494 223 253 167 248 318 199 829 193 272 218 1419 280 212 839 226 181 183 183 2759 3536 217 229 183 196 233 1526
internal_value=-0.000326568 0.019556 -0.0198822 0.042325 0.0564534 0.0827397 0.138583 0.0631913 0.108978 0.00400071 -0.00370516 0.0185526 0.0078558 0.0513291 0.00137305 -0.0157324 0.0285712 0.0128119 0.00721685 0.046433 0.0111184 0.024777 -0.0347817 0.00254256 0.0641591 0.0256244 -0.00123807 -0.00905864 0.0252959 -0.0227668
internal_weight=22895 11352 11543 4607 3115 1621 420 1201 541 6745 5535 1941 1748 490 6546 3594 492 1492 5545 590 409 1239 6008 4955 400 660 412 1258 429 3102
internal_count=22895 11352 11543 4607 3115 1621 420 1201 541 6745 5535 1941 1748 490 6546 3594 492 1492 5545 590 409 1239 6008 4955 400 660 412 1258 429 3102
is_linear=0
shrinkage=0.0161


Tree=74
num_leaves=31
num_cat=0
split_feature=103 400 137 487 489 411 102 343 402 41 530 88 426 577 291 428 333 435 355 468 61 571 496 456 275 249 499 486 486 165
split_gain=27652 13951.3 10244 8789.35 7013.2 8854.22 7330.82 6685.6 6350.11 6011.57 4644.21 4924.5 5345.2 4634.99 4427.18 4346.88 4179.49 4123.26 3852.06 4549.04 3575.72 3615.81 3569.03 3211.44 3762.84 4224.58 3203.76 3063.31 3024.43 2955.96
threshold=5.5000000000000009 10.500000000000002 5.5000000000000009 64.500000000000014 227.50000000000003 6.5000000000000009 29.500000000000004 24.500000000000004 13.500000000000002 29.500000000000004 201.50000000000003 20.000000000000004 13.500000000000002 191.15000152587893 35.500000000000007 43.500000000000007 8.0000000000000018 5.5000000000000009 5.5000000000000009 43.500000000000007 20.000000000000004 115.14999771118165 142.50000000000003 8.0000000000000018 4.5000000000000009 5.5000000000000009 68.500000000000014 218.50000000000003 67.500000000000014 10.500000000000002
decision_type=2 2 2 2 2 2 2 2 2 2 2 2 2 10 2 2 2 2 2 2 2 10 2 2 2 2 2 2 2 2
left_child=3 2 20 -1 6 -6 17 22 16 -9 11 29 -13 -7 15 28 -4 -3 -19 -20 27 -22 26 24 -18 -26 -8 -2 -5 -10
right_child=1 4 8 14 5 13 7 9 10 -11 -12 12 -14 -15 -16 -17 23 18 19 -21 21 -23 -24 -25 25 -27 -28 -29 -30 -31
leaf_value=-0.040068052369143702 -0.036982263531143325 -0.010204007585517899 -0.020502945866588799 0.042928749324521745 0.16652640906565008 0.10723961901152881 0.021150621913952183 0.057226469425365134 0.0091719152981646918 0.18505182000105352 -0.024460239858522595 0.041351273154533998 0.16304072985776272 -0.00067293602916018627 0.060405985255807398 0.060301580498866497 -0.019560664371353391 0.00049592440225110679 0.030346249722853928 0.11786145537404646 -0.018871992481393669 0.074878078442439766 -0.022934786493417909 -0.0052569906055981927 0.12681396577628759 0.028888459674342278 0.10628761028660716 0.034064156730210605 -0.019631878203883502 0.054643662519627594
leaf_weight=4383 2400 1171 1618 214 210 164 274 207 831 178 311 216 166 277 240 208 180 1144 2166 166 280 172 209 760 186 298 198 168 3085 671
leaf_count=4383 2400 1171 1618 214 210 164 274 207 831 178 311 216 166 277 240 208 180 1144 2166 166 280 172 209 760 186 298 198 168 3085 671
internal_value=-0.000785015 0.0124496 -0.0013547 -0.024589 0.0303637 0.0804477 0.0246525 0.0627383 0.0122603 0.116386 0.0331318 0.0426513 0.0942936 0.0394044 -0.00647633 -0.0110601 -0.00279219 0.0159107 0.024715 0.036586 -0.0249723 0.0167507 0.0323742 0.0173149 0.0431856 0.0665696 0.0569147 -0.0323252 -0.0155666 0.0295015
internal_weight=22751 14621 8257 8130 6364 651 5713 1066 5237 385 2195 1884 382 441 3747 3507 3042 4647 3476 2332 3020 452 681 1424 664 484 472 2568 3299 1502
internal_count=22751 14621 8257 8130 6364 651 5713 1066 5237 385 2195 1884 382 441 3747 3507 3042 4647 3476 2332 3020 452 681 1424 664 484 472 2568 3299 1502
is_linear=0
shrinkage=0.0161


Tree=75
num_leaves=31
num_cat=0
split_feature=401 164 483 194 163 48 279 483 43 318 214 195 250 198 240 559 360 582 47 499 44 287 157 254 138 551 337 243 551 518
split_gain=35959.4 16390.4 12330.1 10713.1 8441.95 7248.01 7104.97 6787.89 6707 6593.63 7036.88 4822.02 4815.45 4435.24 4184.48 4252.74 4176.55 4736.27 4131.92 3882.57 3504.89 3400.57 3614.08 3363.33 4255.63 7452.24 3722.51 3203.84 3990.25 3744.75
threshold=10.500000000000002 10.500000000000002 47.500000000000007 8.0000000000000018 10.500000000000002 29.500000000000004 43.500000000000007 278.50000000000006 20.000000000000004 4.5000000000000009 24.500000000000004 13.500000000000002 6.5000000000000009 10.500000000000002 13.500000000000002 172.25000000000003 20.000000000000004 106.85000228881837 13.500000000000002 63.500000000000007 10.500000000000002 3.5000000000000004 3.5000000000000004 10.500000000000002 8.0000000000000018 164.05000305175784 35.500000000000007 6.5000000000000009 122.54999923706056 72.500000000000014
decision_type=2 2 2 2 2 2 2 2 2 2 2 2 2 2 2 10 2 10 2 2 2 2 2 2 2 8 2 2 10 2
left_child=2 7 20 27 21 6 16 12 -7 -6 11 -11 -2 -13 -14 -16 17 19 -18 -5 -1 -4 -23 26 25 -25 -24 -3 29 -29
right_child=1 3 4 5 9 8 -8 -9 -10 10 -12 13 14 -15 15 -17 18 -19 -20 -21 -22 22 23 24 -26 -27 -28 28 -30 -31
leaf_value=-0.041166277969625624 -0.014841432920986044 -0.0095258519185229765 -0.039997663956517146 0.038307302499681527 -0.026543847973875382 0.069678751636232994 0.15244450172481019 0.10557423071242535 0.2093176917064907 0.0050673673900638212 0.11614264646462703 0.1226723708853083 0.0032783615586330279 0.027667145527605064 0.029479202408342016 0.12122219588692323 0.051639414161318557 0.0015367374683825511 0.15162783961879364 0.12256504817567158 -0.015274969241511699 -0.037839440430550521 -0.016976250883433439 -0.0065241468556473227 -0.010119537957436017 0.10545157335107115 0.062278101880294465 0.032342992757038704 0.00014354917291739013 0.12610419551065741
leaf_weight=4204 2157 637 1029 459 551 178 197 173 180 1094 251 206 1715 336 691 162 263 583 182 206 2005 824 2209 299 564 317 165 274 388 186
leaf_count=4204 2157 637 1029 459 551 178 197 173 180 1094 251 206 1715 336 691 162 263 583 182 206 2005 824 2209 299 564 317 165 274 388 186
internal_value=2.61822e-05 0.0258934 -0.015858 0.0513081 -0.00243874 0.0734791 0.0608752 0.00651877 0.139954 0.0224297 0.0367423 0.0245461 0.002887 0.0638196 0.0177872 0.0469304 0.0502061 0.0350757 0.0925864 0.0644436 -0.0328093 -0.0136562 -0.00745954 -0.000409297 0.0217991 0.0510615 -0.0114579 0.0177297 0.0382313 0.0703063
internal_weight=22685 8631 14054 3733 7845 2248 1890 4898 358 2438 1887 1636 4725 542 2568 853 1693 1248 445 665 6209 5407 4378 3554 1180 616 2374 1485 848 460
internal_count=22685 8631 14054 3733 7845 2248 1890 4898 358 2438 1887 1636 4725 542 2568 853 1693 1248 445 665 6209 5407 4378 3554 1180 616 2374 1485 848 460
is_linear=0
shrinkage=0.0161


Tree=76
num_leaves=31
num_cat=0
split_feature=402 137 524 163 519 463 101 411 501 555 192 220 462 286 341 490 226 52 102 366 526 334 371 570 539 86 3 92 207 229
split_gain=28917.7 12011.1 11990.3 7834.78 8248.7 7225.41 6136.71 5192.84 7078.94 4803.14 4802.77 4613.65 4287.38 4182.62 4290.7 3884.42 3831.94 3715.43 4962.05 3634.89 3575.61 3274.91 4151.94 3167.91 5649.81 3152.31 3113.99 3892.54 2997.75 2955.66
threshold=10.500000000000002 6.5000000000000009 152.50000000000003 20.000000000000004 108.50000000000001 35.500000000000007 4.5000000000000009 24.500000000000004 193.50000000000003 231.15000152587893 24.500000000000004 16.500000000000004 13.500000000000002 4.5000000000000009 16.500000000000004 226.50000000000003 29.500000000000004 20.000000000000004 16.500000000000004 8.0000000000000018 194.50000000000003 16.500000000000004 6.5000000000000009 209.25000000000003 251.50000000000003 20.000000000000004 5.5000000000000009 5.5000000000000009 10.500000000000002 5.5000000000000009
decision_type=2 2 2 2 2 2 2 2 2 10 2 2 2 2 2 2 2 2 2 2 2 2 2 10 2 2 2 2 2 2
left_child=2 11 6 9 5 26 16 13 -9 17 -6 15 28 -4 23 -2 -1 20 -19 -16 21 -3 -23 24 25 -15 -5 -28 -8 -13
right_child=1 3 7 4 10 -7 12 8 -10 -11 -12 29 -14 14 19 -17 -18 18 -20 -21 -22 22 -24 -25 -26 -27 27 -29 -30 -31
leaf_value=-0.043122668032053245 -0.019936724446350071 0.0027610480201312611 -0.036803361290375897 0.020306626707821532 0.0056033675104737325 0.16105928572725445 -0.026098695077963852 0.11330882405595925 -0.0041388452938823919 0.10114917832696281 0.10040449517823809 -0.010589677719621434 0.020301474432678494 -0.014557132244083016 0.010823559304790037 0.055308151180228901 0.030550376565666906 0.0080352708582824804 0.094821276087865419 0.11369478526472139 -0.042299870714509399 0.10822170980637777 0.015031168450858083 -0.044402206377463366 0.10329320563591818 0.053911980329845934 0.15040446887760228 0.061103511178736594 -0.0024441197830617884 0.052097421485666623
leaf_weight=3754 2245 1550 528 264 715 277 4603 286 248 183 172 303 809 798 171 193 192 360 326 187 331 195 342 298 160 223 177 450 1992 544
leaf_count=3754 2245 1550 528 264 715 277 4603 286 248 183 172 303 809 798 171 193 192 360 326 187 331 195 342 298 160 223 177 450 1992 544
internal_value=-0.00176153 0.0215011 -0.0158474 0.0363985 0.0610638 0.0891808 -0.0233122 0.0133702 0.0587198 0.0209708 0.024013 -0.00271769 -0.0146647 0.00312068 0.0146087 -0.0139704 -0.039532 0.0162362 0.0493119 0.0646237 0.00684276 0.0146481 0.0489151 0.00248634 0.0143376 0.000374381 0.0668083 0.0863504 -0.0189575 0.0296444
internal_weight=22876 8627 14249 5342 2055 1168 11350 2899 534 3287 887 3285 7404 2365 1837 2438 3946 3104 686 358 2418 2087 537 1479 1181 1021 891 627 6595 847
internal_count=22876 8627 14249 5342 2055 1168 11350 2899 534 3287 887 3285 7404 2365 1837 2438 3946 3104 686 358 2418 2087 537 1479 1181 1021 891 627 6595 847
is_linear=0
shrinkage=0.0161


Tree=77
num_leaves=31
num_cat=0
split_feature=103 161 17 237 341 521 490 342 392 188 259 136 590 254 55 345 235 462 393 390 336 283 259 17 112 291 223 324 533 384
split_gain=31027 16101.9 13976.2 7374.44 7136.12 6340.44 6117.2 6096.35 5981.38 5913.72 5233 5168.31 5016.68 4948.76 5527.75 4731.88 4124.76 3987.41 3727.52 3782.35 4391.33 3685.16 3665.93 3655.31 4077.93 3611.68 3595.7 3017.14 2951.21 2672.57
threshold=20.000000000000004 8.0000000000000018 6.5000000000000009 10.500000000000002 29.500000000000004 94.500000000000014 244.50000000000003 4.5000000000000009 10.500000000000002 16.500000000000004 43.500000000000007 5.5000000000000009 164.05000305175784 6.5000000000000009 16.500000000000004 16.500000000000004 16.500000000000004 13.500000000000002 4.5000000000000009 20.000000000000004 13.500000000000002 4.5000000000000009 20.000000000000004 10.500000000000002 8.0000000000000018 24.500000000000004 5.5000000000000009 5.5000000000000009 207.50000000000003 8.0000000000000018
decision_type=2 2 2 2 2 2 2 2 2 2 2 2 10 2 2 2 2 2 2 2 2 2 2 2 2 2 2 2 2 2
left_child=1 3 28 11 8 15 21 -3 16 22 13 -1 -7 -9 25 -6 -4 -13 -16 20 -20 -5 27 -19 -25 26 -15 -10 -2 -18
right_child=2 7 4 6 5 12 -8 10 9 -11 -12 17 -14 14 18 -17 29 23 19 -21 -22 -23 -24 24 -26 -27 -28 -29 -30 -31
leaf_value=-0.041806112325543966 -0.018310038346622027 -0.017953450326895874 0.0064149955903775695 -0.031061053456780542 0.095945791728174828 -0.013296610398164993 0.08156060774213765 -0.0076013543308018914 0.080852587900385783 0.13254980077540979 0.082524460016044743 -0.024303690200131511 0.11069682148857844 -0.026883418673114279 0.11404835385608977 0.21073562352408071 0.02332288678444476 -0.019086568154734005 0.028402990641845642 -0.013706407295531872 0.11526054415570432 0.0067375945957332834 0.1088096496204025 0.0011602815037270791 0.10342443403917845 0.063421789054462357 0.018135492338266956 -0.00026718490650711748 0.050741851041690787 0.11365107480743462
leaf_weight=4152 1028 1611 1071 1027 213 164 220 1836 177 305 304 2968 174 672 220 167 163 386 412 246 239 1914 190 212 194 302 1456 360 190 179
leaf_count=4152 1028 1611 1071 1027 213 164 220 1836 177 305 304 2968 174 672 220 167 163 386 412 246 239 1914 190 212 194 302 1456 360 190 179
internal_value=0.000302733 -0.00887757 0.0388042 -0.021115 0.0566497 0.1013 -0.000320639 0.00968663 0.043528 0.0730037 0.0175206 -0.0294198 0.0504647 0.0138452 0.024953 0.146455 0.0219835 -0.0157359 0.0546031 0.0399972 0.0603269 -0.00645373 0.0479898 0.0163421 0.0500834 0.011314 0.00390793 0.0264268 -0.00751907 0.0706687
internal_weight=22752 18371 4381 11073 3163 718 3161 7298 2445 1032 5687 7912 338 5383 3547 380 1413 3760 1117 897 651 2941 727 792 406 2430 2128 537 1218 342
internal_count=22752 18371 4381 11073 3163 718 3161 7298 2445 1032 5687 7912 338 5383 3547 380 1413 3760 1117 897 651 2941 727 792 406 2430 2128 537 1218 342
is_linear=0
shrinkage=0.0161


Tree=78
num_leaves=31
num_cat=0
split_feature=162 495 254 460 102 226 174 302 220 284 42 488 222 436 387 459 435 191 512 462 117 334 441 322 465 22 545 14 104 487
split_gain=31726.4 12439.6 12338.8 8241.36 8632.61 7408.43 8183.51 5337.71 5003.71 4955 4567.38 5291.23 4437.24 5064.4 4290.27 4105.64 4059.07 4722.18 3880.99 4754.9 5572.59 3749.95 3547.54 5810.76 7742 3334.99 3294.14 3365.92 3237.29 3260.25
threshold=8.0000000000000018 35.500000000000007 6.5000000000000009 20.000000000000004 16.500000000000004 16.500000000000004 16.500000000000004 8.0000000000000018 16.500000000000004 4.5000000000000009 4.5000000000000009 222.50000000000003 29.500000000000004 10.500000000000002 4.5000000000000009 29.500000000000004 5.5000000000000009 8.0000000000000018 142.50000000000003 16.500000000000004 16.500000000000004 20.000000000000004 10.500000000000002 13.500000000000002 8.0000000000000018 16.500000000000004 102.04999923706056 13.500000000000002 6.5000000000000009 221.50000000000003
decision_type=2 2 2 2 2 2 2 2 2 2 2 2 2 2 2 2 2 2 2 2 2 2 2 2 2 2 10 2 2 2
left_child=1 -1 12 9 25 21 -7 8 -3 -4 -9 15 28 -14 -11 22 -10 -18 19 26 -21 -6 -12 24 -24 -5 -16 -28 -2 -30
right_child=2 7 3 4 5 6 -8 10 16 14 11 -13 13 -15 18 -17 17 -19 -20 20 -22 -23 23 -25 -26 -27 27 -29 29 -31
leaf_value=-0.036344543165270839 -0.030163903539918036 -0.023307100281654079 -0.013845868125293185 -0.0054684604388639839 0.042623024720571348 0.086712911259059472 0.23072073723612974 -0.013376685651005166 -0.032156194245421148 -0.0051805846057423974 -0.012866864902533358 0.085007187614575416 -0.010009997317714988 0.08660497985386896 0.007394854174200844 0.081864835626231813 0.00033496090008782294 0.10690447404998363 0.014465079690822483 0.054250549087634825 0.14804157241589197 0.11863208854843249 0.0056010084390781933 -0.010449080154828183 0.1526408080216318 0.068157076362237209 0.12309688795346663 0.019271727607674368 -0.0032296682345666372 0.070802701726422168
leaf_weight=4987 1220 3679 803 529 771 286 160 1335 213 683 1040 318 275 287 583 209 216 216 968 498 246 216 188 391 184 228 163 162 1565 171
leaf_count=4987 1220 3679 803 529 771 286 160 1335 213 683 1040 318 275 287 583 209 216 216 968 498 246 216 188 391 184 228 163 162 1565 171
internal_value=0.000127162 -0.016392 0.0219711 0.0354658 0.0606939 0.0839307 0.138428 -0.00393408 -0.016052 0.0220042 0.0103563 0.0239645 -0.0021729 0.0392871 0.0307269 0.0143049 0.0252937 0.0536742 0.0400965 0.0551012 0.0852937 0.0592811 0.00646047 0.0328353 0.0783936 0.0166756 0.030336 0.0714165 -0.0100633 0.00404913
internal_weight=22790 12976 9814 6296 2190 1433 446 7989 4324 4106 3665 2330 3518 562 3303 2012 645 432 2620 1652 744 987 1803 763 372 757 908 325 2956 1736
internal_count=22790 12976 9814 6296 2190 1433 446 7989 4324 4106 3665 2330 3518 562 3303 2012 645 432 2620 1652 744 987 1803 763 372 757 908 325 2956 1736
is_linear=0
shrinkage=0.0161


Tree=79
num_leaves=31
num_cat=0
split_feature=282 343 500 257 400 524 162 196 167 494 274 296 332 130 205 139 127 86 309 316 301 487 45 40 81 417 183 529 161 297
split_gain=28816.5 14389.7 9263.74 8924.48 7613.6 7296.17 7775.54 7381.86 6260.71 6433.25 6103.56 7734.68 6332.78 5865.34 7320.29 4676.03 4842.93 4511.59 4151.39 4051.21 3939.12 3705.35 3661.76 3654.08 3594.02 3552.25 3865.18 3473.55 3468.47 3380.9
threshold=6.5000000000000009 10.500000000000002 98.500000000000014 10.500000000000002 16.500000000000004 257.50000000000006 35.500000000000007 24.500000000000004 24.500000000000004 159.50000000000003 10.500000000000002 13.500000000000002 13.500000000000002 8.0000000000000018 20.000000000000004 35.500000000000007 16.500000000000004 6.5000000000000009 16.500000000000004 8.0000000000000018 10.500000000000002 252.50000000000003 13.500000000000002 29.500000000000004 8.0000000000000018 8.0000000000000018 10.500000000000002 122.50000000000001 6.5000000000000009 13.500000000000002
decision_type=2 2 2 2 2 2 2 2 2 2 2 2 2 2 2 2 2 2 2 2 2 2 2 2 2 2 2 2 2 2
left_child=2 4 19 15 21 6 10 -8 18 -10 23 22 -13 -6 24 16 27 -18 -4 -1 -19 -2 -12 29 -15 -20 -27 28 -3 -5
right_child=1 3 8 5 13 -7 7 -9 9 -11 11 12 -14 14 -16 -17 17 20 25 -21 -22 -23 -24 -25 -26 26 -28 -29 -30 -31
leaf_value=-0.037917364454493133 -0.014240697264041155 -0.019103565881282539 -0.016863025841389358 -0.0088782320924943123 -0.0008034736062492849 -0.034497451202083133 0.07003783640587409 0.19182485286533948 -0.0013269612690146059 0.11712486009884616 -0.0085714668521324772 0.21118350085425908 0.07654819570980427 0.075138876026445284 0.14842238071419631 0.096456127952548834 0.1052455731685894 -0.031361948246568593 -0.0089883838676303382 -0.01148102927582635 0.06605957818300201 0.051510241249257946 0.074498149457544419 0.092031087328681274 0.00017838125334951612 0.11871206662766885 0.012092440986834117 -0.029284644006649888 0.034871674425069867 0.055609131287920693
leaf_weight=5034 4347 503 2348 666 859 216 337 210 244 231 225 164 204 302 185 173 232 216 343 2146 214 234 352 172 369 171 183 764 797 308
leaf_count=5034 4347 503 2348 666 859 216 337 210 244 231 225 164 204 302 185 173 232 216 343 2146 214 234 352 172 369 171 183 764 797 308
internal_value=-0.000300279 0.0167745 -0.01953 0.0351806 -4.0436e-05 0.0553938 0.062763 0.116836 0.00185904 0.0562285 0.0486063 0.0789082 0.136613 0.0288917 0.0587184 0.0152731 0.0101123 0.0480054 -0.00661451 -0.0300192 0.0170675 -0.010877 0.0420645 0.0235987 0.0339513 0.0278761 0.0636616 -0.00202996 0.0139693 0.0114899
internal_weight=22749 12049 10700 5753 6296 2854 2638 547 3520 475 2091 945 368 1715 856 2899 2726 662 3045 7180 430 4581 577 1146 671 697 354 2064 1300 974
internal_count=22749 12049 10700 5753 6296 2854 2638 547 3520 475 2091 945 368 1715 856 2899 2726 662 3045 7180 430 4581 577 1146 671 697 354 2064 1300 974
is_linear=0
shrinkage=0.0161


Tree=80
num_leaves=31
num_cat=0
split_feature=402 103 524 196 520 544 341 148 164 555 102 501 400 121 507 180 166 157 131 251 559 273 584 457 298 98 158 36 279 453
split_gain=27596.9 10383.5 9655.19 7572.19 7068.28 9176.07 6794.5 8163.32 5915.72 5847.1 5304.31 5087.5 4569.32 4396.22 4197.77 3767.09 6697.86 3695.45 3630.89 3621.62 4218.42 4659.99 3229.15 3006.83 2989.54 6597.22 2982.89 2734.91 3432.57 2632.08
threshold=10.500000000000002 20.000000000000004 13.500000000000002 5.5000000000000009 120.50000000000001 216.75000000000003 29.500000000000004 8.0000000000000018 4.5000000000000009 231.15000152587893 5.5000000000000009 45.500000000000007 10.500000000000002 35.500000000000007 48.500000000000007 16.500000000000004 10.500000000000002 13.500000000000002 20.000000000000004 6.5000000000000009 260.05000305175787 8.0000000000000018 116.54999923706056 16.500000000000004 16.500000000000004 4.5000000000000009 24.500000000000004 10.500000000000002 16.500000000000004 29.500000000000004
decision_type=2 2 2 2 2 10 2 2 2 10 2 2 2 2 2 2 2 2 2 2 8 2 10 2 2 2 2 2 2 2
left_child=2 9 -1 23 6 18 11 -8 27 12 24 -5 -2 19 -13 29 -17 -16 -6 -12 26 -22 -15 -3 -10 -26 -21 -4 -29 -14
right_child=1 3 8 4 5 -7 7 -9 10 -11 13 14 15 22 17 16 -18 -19 -20 20 21 -23 -24 -25 25 -27 -28 28 -30 -31
leaf_value=-0.040670933640392037 -0.010328750807240382 -0.02378641173393576 -0.033753324691020416 0.020565170210607234 -0.021598578875612416 0.11960167166336462 0.055620594785817351 0.19485176009662769 -0.023675337662249146 0.085196754937162417 -0.010560224956122712 0.15660236185636714 0.00039246178648638408 0.018651435681699424 0.028985992612288493 0.012621438657437227 0.12003950313876147 0.12222426116328354 0.056615566483206842 0.0012075089245182111 0.11682912198415243 0.0089692215585659395 0.12114046611794888 0.052666939687841363 0.10502930828241316 -0.014228266343862265 0.057401227738667127 -0.018131182115927971 0.043819263852701122 0.059055627235366892
leaf_weight=2968 2698 506 2543 541 599 203 202 239 2392 241 1606 169 1526 160 303 394 244 174 207 1496 226 193 160 181 160 483 293 1222 286 228
leaf_count=2968 2698 506 2543 541 599 203 202 239 2392 241 1606 169 1526 160 303 394 244 174 207 1496 226 193 160 181 160 483 293 1222 286 228
internal_value=-0.0010234 0.0216327 -0.0148458 0.0439667 0.0563703 0.0228553 0.0771277 0.13113 -0.00801222 0.00770252 0.000772501 0.0570446 0.00402872 0.0126416 0.0875583 0.0202327 0.0537398 0.0630468 -0.00148212 0.00782559 0.0212093 0.0672028 0.0699695 -0.00360942 -0.0153868 0.0154104 0.010424 -0.0235642 -0.00636635 0.00803142
internal_weight=22843 8655 14188 3324 2637 1009 1628 441 11220 5331 7169 1187 5090 4134 646 2392 638 477 806 3814 2208 419 320 687 3035 643 1789 4051 1508 1754
internal_count=22843 8655 14188 3324 2637 1009 1628 441 11220 5331 7169 1187 5090 4134 646 2392 638 477 806 3814 2208 419 320 687 3035 643 1789 4051 1508 1754
is_linear=0
shrinkage=0.0161


Tree=81
num_leaves=31
num_cat=0
split_feature=402 487 136 461 494 198 152 268 104 42 373 215 342 188 445 42 400 152 147 377 151 377 150 551 507 539 283 411 551 582
split_gain=26298.5 11537.6 9125.55 8550.18 9131.25 7281.26 5623.44 4551.8 4517.53 4658.24 4786.23 5068.76 4904.32 4483.2 4340.18 4190.48 4171.2 4147.86 4137.26 4371.01 4061.95 3930.93 3818.36 3662.49 4804.12 6183.23 5498.09 4661 4576.35 4207.9
threshold=10.500000000000002 63.500000000000007 6.5000000000000009 35.500000000000007 170.50000000000003 13.500000000000002 3.5000000000000004 2.5000000000000004 4.5000000000000009 4.5000000000000009 6.5000000000000009 24.500000000000004 3.5000000000000004 8.0000000000000018 16.500000000000004 6.5000000000000009 52.000000000000007 8.0000000000000018 8.0000000000000018 5.5000000000000009 20.000000000000004 13.500000000000002 8.0000000000000018 78.649997711181655 84.500000000000014 115.50000000000001 16.500000000000004 6.5000000000000009 228.75000000000003 108.14999771118165
decision_type=2 2 2 2 2 2 2 2 2 2 2 2 2 2 2 2 2 2 2 2 2 2 2 8 2 2 2 2 10 8
left_child=1 15 13 7 5 17 -3 -4 14 -10 -11 12 -12 -2 -8 -1 23 -5 -15 -20 -14 -21 -16 -9 25 26 -25 -28 29 -26
right_child=2 6 3 4 -6 -7 8 16 9 10 11 -13 20 18 22 -17 -18 -19 19 21 -22 -23 -24 24 28 -27 27 -29 -30 -31
leaf_value=-0.037685207357982989 -0.016842245559984818 -0.028959960138922845 -0.034295940010203828 0.017397145866667508 -0.01175684629722429 0.16303569696419098 -0.028320806517394291 -0.0089525242874553719 -0.0090913098529774288 0.0033547042574323615 0.10589795717944815 0.1127093755375293 0.0064839742368491158 -0.0044623741467727362 -0.02303092160920369 -0.013121802493945629 0.096181291942451994 0.11529308490372521 -0.011693908816488234 0.12835095094011739 0.075789444227824437 0.029162406553899595 0.077501301586705248 0.015849276425596668 0.077545819936392216 0.15066688059640501 0.023753873074051857 0.1306594479681612 0.085410483777759977 0.00053277955439036309
leaf_weight=4183 1737 1258 308 245 229 318 1261 653 1175 1137 213 252 965 674 176 3167 232 208 184 224 284 194 220 707 207 160 176 267 229 1654
leaf_count=4183 1737 1258 308 245 229 318 1261 653 1175 1137 213 252 965 674 176 3167 232 208 184 224 284 194 220 707 207 160 176 267 229 1654
internal_value=0.00034233 -0.0130464 0.0225781 0.0347465 0.0774198 0.103937 0.00183669 0.0254504 0.00865804 0.0178696 0.0289894 0.0459807 0.0344628 -2.05113e-06 -0.0137089 -0.0271044 0.0297504 0.0623991 0.0229038 0.0535821 0.0222616 0.0823724 0.0327609 0.025942 0.0326507 0.0568317 0.0437559 0.0882399 0.0174829 0.00911163
internal_weight=22897 14291 8606 5593 1000 771 6941 4593 5683 4026 2851 1714 1462 3013 1657 7350 4285 453 1276 602 1249 418 396 4053 3400 1310 1150 443 2090 1861
internal_count=22897 14291 8606 5593 1000 771 6941 4593 5683 4026 2851 1714 1462 3013 1657 7350 4285 453 1276 602 1249 418 396 4053 3400 1310 1150 443 2090 1861
is_linear=0
shrinkage=0.0161


Tree=82
num_leaves=31
num_cat=0
split_feature=102 539 255 499 462 105 498 504 240 118 397 589 210 462 38 101 589 161 590 556 558 141 529 494 329 34 395 570 521 275
split_gain=30523 11404.3 11385.9 9810.06 8079.26 7847.12 6991.06 8322.54 5640.31 5346.84 5214.1 5108.23 5464.11 5057.56 4529.03 5499.33 5732.15 4486.19 4351.42 6844.31 3894.36 3795.04 4114.14 6455.98 3583.07 3474.49 3252.1 3564.51 5553.79 3208.48
threshold=16.500000000000004 38.500000000000007 13.500000000000002 221.50000000000003 43.500000000000007 20.000000000000004 248.50000000000003 195.50000000000003 10.500000000000002 24.500000000000004 35.500000000000007 84.750000000000014 6.5000000000000009 4.5000000000000009 13.500000000000002 20.000000000000004 111.64999771118165 24.500000000000004 120.04999923706056 162.34999847412112 88.549999237060561 4.5000000000000009 96.500000000000014 159.50000000000003 8.0000000000000018 29.500000000000004 5.5000000000000009 125.85000228881837 58.500000000000007 16.500000000000004
decision_type=2 2 2 2 2 2 2 2 2 2 2 10 2 2 2 2 8 2 10 10 10 2 2 2 2 2 2 10 2 2
left_child=1 13 8 4 14 -6 10 -8 24 11 17 -10 -13 -1 -4 -16 -17 21 -12 -20 -19 29 23 25 -2 -23 -26 28 -28 -3
right_child=2 6 3 -5 5 -7 7 -9 9 -11 18 12 -14 -15 15 16 -18 20 19 -21 -22 22 -24 -25 26 -27 27 -29 -30 -31
leaf_value=-0.04453371068308741 -0.021010378566065968 -0.035110659767974998 0.035477169783417098 -0.030089688357814736 0.064237253677850367 0.21237401242140969 0.11676550123176513 0.011219032855653182 -0.023141774839149986 0.1067752238291418 -0.0013061961503964842 0.10816468259314493 0.014177204549691987 -0.015030270819101717 0.045539973609410783 0.060225791519417829 0.18841214425401109 0.083352972873582551 0.14411217558088776 0.004590656723262262 0.005102448946889983 -0.00041356792798121405 -0.014382540276077264 0.11046716139744775 -0.022776898420193575 0.06706154270722689 0.017560703387078106 -0.0071428304372133716 0.14563368339943647 0.012398924626564452
leaf_weight=2446 1184 2037 1076 282 184 188 279 635 380 251 360 262 415 3929 404 163 205 249 191 175 490 2038 3303 165 278 219 194 216 161 449
leaf_count=2446 1184 2037 1076 282 184 188 279 635 380 251 360 262 415 3929 404 163 205 249 191 175 490 2038 3303 165 278 219 194 216 161 449
internal_value=0.00158882 -0.00934053 0.0333259 0.0592996 0.0706651 0.139165 0.000899088 0.043463 0.0138677 0.0399487 -0.00311909 0.0240575 0.0505853 -0.026354 0.0568634 0.0866406 0.131698 -0.00648742 0.0383727 0.0774654 0.0315002 -0.00990922 -0.00269193 0.0132414 -0.0029008 0.00612321 0.0223268 0.0443274 0.0757108 -0.0265204
internal_weight=22808 16965 5843 2502 2220 372 10590 914 3341 1308 9676 1057 677 6375 1848 772 368 8950 726 366 739 8211 5725 2422 2033 2257 849 571 355 2486
internal_count=22808 16965 5843 2502 2220 372 10590 914 3341 1308 9676 1057 677 6375 1848 772 368 8950 726 366 739 8211 5725 2422 2033 2257 849 571 355 2486
is_linear=0
shrinkage=0.0161


Tree=83
num_leaves=31
num_cat=0
split_feature=161 282 223 340 411 464 409 50 174 43 519 103 488 298 432 175 136 435 428 188 502 363 389 254 236 540 410 164 511 392
split_gain=29933.6 14336.2 10050.1 9309.79 6465.62 7721.23 7988.29 6138.05 6368.68 5662.29 4992.03 5310.31 4784.13 4632.13 4605.95 4564.56 5389.22 3955.02 3751.07 3375.01 6870.32 3306.53 3854.55 3156.56 2949.15 4067.1 2676.2 2594.59 2894.79 2747.2
threshold=8.0000000000000018 16.500000000000004 6.5000000000000009 24.500000000000004 24.500000000000004 10.500000000000002 16.500000000000004 6.5000000000000009 16.500000000000004 5.5000000000000009 108.50000000000001 20.000000000000004 79.500000000000014 10.500000000000002 13.500000000000002 24.500000000000004 10.500000000000002 13.500000000000002 35.500000000000007 8.0000000000000018 240.50000000000003 5.5000000000000009 10.500000000000002 20.000000000000004 13.500000000000002 180.15000152587893 13.500000000000002 5.5000000000000009 221.50000000000003 6.5000000000000009
decision_type=2 2 2 2 2 2 2 2 2 2 2 2 2 2 2 2 2 2 2 2 2 2 2 2 2 10 2 2 2 2
left_child=2 9 12 10 15 26 -7 -5 21 18 11 23 -1 -14 -15 -4 -17 -13 -2 27 -21 -9 -23 -3 -12 -26 -6 -11 29 -29
right_child=1 3 4 7 5 6 -8 8 -10 19 24 17 13 14 -16 16 -18 -19 -20 20 -22 22 -24 -25 25 -27 -28 28 -30 -31
leaf_value=-0.037610682503884225 -0.020106025293990949 7.3315502984382116e-05 -0.012525871274002573 0.029126238659961078 -0.048521014682907163 0.031341897909060203 0.17650855981301111 0.021930929315415619 0.18501854471551699 -0.015749412172266799 -0.017822106646690487 0.036263527444391118 -0.026314659464806409 -0.0068401048987012519 0.068204883766920146 -0.0082075670411162083 0.094356409626900908 0.1317132102074938 0.0578588608153007 0.024030251820872754 0.1267387918428601 0.16414653618113639 0.055918394976667292 0.082187513993812425 -0.0062688367070278727 0.099096057115680689 0.032818241295012887 0.001602610568198789 -0.046982260395841788 0.045964204876471369
leaf_weight=4847 1966 446 4086 314 201 234 170 161 228 933 617 186 1816 660 312 298 239 288 174 1845 186 173 170 167 221 166 219 684 160 771
leaf_count=4847 1966 446 4086 314 201 234 170 161 228 933 617 186 1816 660 312 298 239 288 174 1845 186 173 170 167 221 166 219 684 160 771
internal_value=-5.86638e-05 0.0211295 -0.0160237 0.0495485 0.00067919 0.0422311 0.0924851 0.0887747 0.11433 0.00785757 0.0299148 0.0538243 -0.027943 -0.011127 0.0172242 -0.00672191 0.0373963 0.0943079 -0.0137558 0.0179637 0.0334479 0.0823044 0.110574 0.0224821 0.0040052 0.0388656 -0.00605236 0.00561212 0.0179674 0.0251259
internal_weight=22938 9856 13082 3137 5447 824 404 1046 732 6719 2091 1087 7635 2788 972 4623 537 474 2140 4579 2031 504 343 613 1004 387 420 2548 1615 1455
internal_count=22938 9856 13082 3137 5447 824 404 1046 732 6719 2091 1087 7635 2788 972 4623 537 474 2140 4579 2031 504 343 613 1004 387 420 2548 1615 1455
is_linear=0
shrinkage=0.0161


Tree=84
num_leaves=31
num_cat=0
split_feature=103 282 225 544 41 17 16 148 232 255 20 294 176 15 363 47 380 103 280 475 64 161 44 468 437 334 327 410 161 32
split_gain=26336.6 13404.7 9711.44 7227.16 7123.34 6643.12 5330.91 5235.39 5188.8 4914.12 4391.37 5033.36 4358.77 4352.73 5393.13 4321.81 3958.9 3515.39 4087.03 4312.33 4562.87 3362.14 3037.38 3018.75 2941.77 4996.16 5380.02 2812.14 3220.63 2879.8
threshold=20.000000000000004 6.5000000000000009 10.500000000000002 240.75000000000003 24.500000000000004 10.500000000000002 6.5000000000000009 6.5000000000000009 10.500000000000002 16.500000000000004 10.500000000000002 20.000000000000004 16.500000000000004 10.500000000000002 8.0000000000000018 43.500000000000007 13.500000000000002 61.500000000000007 10.500000000000002 10.500000000000002 10.500000000000002 20.000000000000004 6.5000000000000009 20.000000000000004 10.500000000000002 13.500000000000002 10.500000000000002 29.500000000000004 24.500000000000004 8.0000000000000018
decision_type=2 2 2 10 2 2 2 2 2 2 2 2 2 2 2 2 2 2 2 2 2 2 2 2 2 2 2 2 2 2
left_child=1 8 17 7 5 -4 -7 22 23 24 -11 16 -8 -6 -15 21 -12 18 -2 -20 -21 -10 -3 -1 -9 -26 -27 28 -24 -30
right_child=2 3 4 -5 13 6 12 9 15 10 11 -13 -14 14 -16 -17 -18 -19 19 20 -22 -23 27 -25 25 26 -28 -29 29 -31
leaf_value=-0.033632079089027149 -0.0024037965720373144 -0.028398857650782334 -0.0031309410368099678 0.083702497858828051 0.03641678169641778 0.14481946920456717 0.022195128559784751 -0.0073202970730967031 -0.01426268617593511 0.011612248134232363 0.10028941083074644 0.15108143410686967 0.10190329498914481 0.06930890814070706 0.18051434883802334 0.072470907546692304 -0.00064785557139121898 -0.046021728030121979 0.010990625140821553 0.13836324178257872 0.025843040906596362 0.051575808543068306 -0.014313202419619224 -0.0031052622576414595 0.00060345068666297654 0.13649280406173644 0.021194567208103761 0.055286996904609406 -0.0060788798419189778 0.089216280750729446
leaf_weight=6089 1104 1563 585 296 180 179 557 2033 2439 562 183 162 262 208 250 181 223 253 444 198 178 219 1650 976 822 177 259 222 166 162
leaf_count=6089 1104 1563 585 296 180 179 557 2033 2439 562 183 162 262 208 250 181 223 253 444 198 178 219 1650 976 822 177 259 222 166 162
internal_value=-0.000841145 -0.00930891 0.0345495 0.00554626 0.0582379 0.039909 0.0651614 0.00271662 -0.0220306 0.0145992 0.0435693 0.0751473 0.0477227 0.103679 0.130062 -0.00363765 0.0447905 0.0103714 0.0177992 0.0450279 0.0851583 -0.00882921 -0.0112375 -0.0294183 0.0046448 0.0239998 0.0680554 0.000944244 -0.00514299 0.0409159
internal_weight=22782 18384 4398 8480 2221 1583 998 8184 9904 4421 1130 568 819 638 458 2839 406 2177 1924 820 376 2658 3763 7065 3291 1258 436 2200 1978 328
internal_count=22782 18384 4398 8480 2221 1583 998 8184 9904 4421 1130 568 819 638 458 2839 406 2177 1924 820 376 2658 3763 7065 3291 1258 436 2200 1978 328
is_linear=0
shrinkage=0.0161


Tree=85
num_leaves=31
num_cat=0
split_feature=164 221 486 556 463 502 172 406 545 541 41 75 327 239 563 520 372 109 527 182 141 575 482 254 527 435 511 256 141 224
split_gain=27391.2 13214.8 10275.7 7371.41 7114.4 12657.9 6414.97 6189.49 7147.89 5258.05 5087.34 4792.11 4276.52 5141.94 4243.99 7970.51 10985.7 3484.94 3416.88 3220.78 3205.76 3015.88 4894.42 3006.63 3286.38 3399.2 2979.6 3839.2 4245.54 2663.55
threshold=10.500000000000002 13.500000000000002 63.500000000000007 235.84999847412112 43.500000000000007 125.50000000000001 4.5000000000000009 10.500000000000002 221.94999694824222 221.94999694824222 6.5000000000000009 43.500000000000007 10.500000000000002 16.500000000000004 115.85000228881837 86.500000000000014 8.0000000000000018 29.500000000000004 228.50000000000003 5.5000000000000009 10.500000000000002 157.84999847412112 152.50000000000003 4.5000000000000009 182.50000000000003 8.0000000000000018 129.50000000000003 8.0000000000000018 6.5000000000000009 6.5000000000000009
decision_type=2 2 2 10 2 2 2 2 10 10 2 2 2 2 10 2 2 2 2 2 2 8 2 2 2 2 2 2 2 2
left_child=2 3 10 17 9 -6 26 12 14 11 -1 18 -8 -14 15 -9 -17 -2 23 -19 -21 22 -16 -3 25 -25 27 -4 -29 -12
right_child=1 4 6 -5 5 -7 7 8 -10 -11 29 -13 13 -15 21 16 -18 19 -20 20 -22 -23 -24 24 -26 -27 -28 28 -30 -31
leaf_value=-0.039392651243286829 -4.1779589878065441e-05 -0.022204057807851382 -0.027901934061841084 0.10811570500398725 0.18914408703721211 0.012797456892852017 -0.019611918884960087 -0.0058022896157874232 0.12166175078879705 0.11677299617747738 -0.021191952690848177 0.10600872432269233 0.00036213103063778606 0.076166948981469099 -0.0067989332061409299 0.020827751575484263 0.18899041744553563 -0.011130058101926792 -0.041458577147847626 0.12358423016255675 0.028435545869598882 -0.022583516979822596 0.093039257597071393 -0.0040140790314910869 0.10963293022374657 0.050266288311375869 -0.045791256563505064 -0.014765829993973032 0.098494524660286908 0.0086978027848684056
leaf_weight=3766 4347 227 675 186 243 187 1898 341 205 217 2902 213 971 305 349 215 190 192 179 163 212 605 200 445 160 907 901 183 161 1052
leaf_count=3766 4347 227 675 186 243 187 1898 341 205 217 2902 213 971 305 349 215 190 192 179 163 212 605 200 445 160 907 901 183 161 1052
internal_value=-0.000269381 0.0240155 -0.0130946 0.00862029 0.0522703 0.112509 0.00073893 0.00990773 0.031316 0.0412286 -0.0259976 0.0335248 -0.00428286 0.0185001 0.0215558 0.0514847 0.099777 0.0048495 0.025463 0.0423908 0.0698563 0.00218797 0.0295291 0.032365 0.0405731 0.0323829 -0.0244582 -0.00557246 0.0381742 -0.0132335
internal_weight=22797 7878 14919 5100 2778 430 7199 5279 2105 2348 7720 2131 3174 1276 1900 746 405 4914 1918 567 375 1154 549 1739 1512 1352 1920 1019 344 3954
internal_count=22797 7878 14919 5100 2778 430 7199 5279 2105 2348 7720 2131 3174 1276 1900 746 405 4914 1918 567 375 1154 549 1739 1512 1352 1920 1019 344 3954
is_linear=0
shrinkage=0.0161


Tree=86
num_leaves=31
num_cat=0
split_feature=163 180 555 231 221 193 390 117 250 599 461 108 137 252 151 179 228 462 466 178 420 325 504 45 539 223 513 233 220 560
split_gain=23728.9 14198.1 12454.9 10062.2 9585.23 7149.2 6134.69 5628.95 5607.43 5250.66 5180.52 8207.92 5583.59 5130.1 5558.53 6307.65 4787.92 4542.03 5022.82 5128.69 4098.53 3810.9 3667.3 4058.77 4196.7 3611.36 3355.87 3226.81 3083.74 2827.59
threshold=5.5000000000000009 13.500000000000002 80.549999237060561 35.500000000000007 16.500000000000004 29.500000000000004 73.500000000000014 8.0000000000000018 4.5000000000000009 145.55000305175784 29.500000000000004 13.500000000000002 3.5000000000000004 10.500000000000002 8.0000000000000018 10.500000000000002 3.5000000000000004 20.000000000000004 16.500000000000004 13.500000000000002 13.500000000000002 29.500000000000004 159.50000000000003 5.5000000000000009 126.50000000000001 16.500000000000004 125.50000000000001 13.500000000000002 3.5000000000000004 127.25000000000001
decision_type=2 2 10 2 2 2 2 2 2 8 2 2 2 2 2 2 2 2 2 2 2 2 2 2 2 2 2 2 2 10
left_child=9 4 25 8 6 20 17 -7 -4 -1 12 -12 -10 -11 -15 -16 -14 -2 28 -20 22 26 23 -6 -25 -3 29 -27 -19 -18
right_child=1 2 3 -5 5 7 -8 -9 10 13 11 -13 16 14 15 -17 21 18 19 -21 -22 -23 -24 24 -26 27 -28 -29 -30 -31
leaf_value=-0.028451627139019983 -0.01557175714030537 -0.019730107875752727 -0.00027694973324619349 0.15173532386861791 -0.025920500299430025 0.030643130578694007 0.092353864520368575 0.15434675304738438 0.13453650110659554 -0.017382134040847763 0.044832941460752923 0.19688496498850339 0.11609061228254221 -0.0087964062953977563 0.0084210656750769598 0.11821127653876976 0.017057912788502806 -0.050504102617962239 0.020067926825542905 0.13064377291094809 0.058089041800628044 0.09255810128522296 -0.032924435719057857 0.021293064330822255 0.10833487021390256 0.0026343615640776596 -0.011365986450189713 0.090927860834996807 0.011142030058339329 0.10100440755858017
leaf_weight=5771 5238 875 478 276 338 185 161 198 174 2271 199 172 177 618 280 264 293 271 310 168 530 191 444 672 183 284 581 173 939 162
leaf_count=5771 5238 875 478 276 338 185 161 198 174 2271 199 172 177 618 280 264 293 271 310 168 530 191 444 672 183 284 581 173 939 162
internal_value=0.000911726 0.0143666 0.0397228 0.0595794 0.0037475 0.0305171 -0.00588124 0.0946558 0.0490897 -0.0190721 0.0612092 0.11539 0.048456 -0.00329793 0.0242078 0.0617449 0.0377712 -0.00816818 0.0147918 0.0589806 0.0191702 0.0264541 0.00655535 0.0212683 0.0399506 -0.000554124 0.0142443 0.0361099 -0.00264521 0.0469983
internal_weight=22876 13672 4035 2703 9637 2550 7087 383 2427 9204 1949 371 1578 3433 1162 544 1404 6926 1688 478 2167 1227 1637 1193 855 1332 1036 457 1210 455
internal_count=22876 13672 4035 2703 9637 2550 7087 383 2427 9204 1949 371 1578 3433 1162 544 1404 6926 1688 478 2167 1227 1637 1193 855 1332 1036 457 1210 455
is_linear=0
shrinkage=0.0161


Tree=87
num_leaves=31
num_cat=0
split_feature=401 539 161 196 470 238 424 452 283 554 568 462 166 114 400 409 26 50 173 453 463 408 104 78 161 299 340 580 333 428
split_gain=26019 11615.5 11156.3 7618.9 6357.69 6939.99 7125.64 9692.54 6029.58 5414.85 8040.83 6219.77 10642.9 5095.68 4691.72 4520.1 4168.88 4002.66 4462.14 5107.79 3762.23 3583.56 3727.85 3364.52 3209.46 3206.25 4182.92 4026.36 3163.17 3135.7
threshold=10.500000000000002 45.500000000000007 10.500000000000002 4.5000000000000009 13.500000000000002 6.5000000000000009 20.000000000000004 20.000000000000004 4.5000000000000009 213.05000305175784 201.75000000000003 35.500000000000007 20.000000000000004 10.500000000000002 13.500000000000002 29.500000000000004 20.000000000000004 24.500000000000004 8.0000000000000018 10.500000000000002 10.500000000000002 24.500000000000004 6.5000000000000009 6.5000000000000009 29.500000000000004 13.500000000000002 13.500000000000002 137.84999847412112 10.500000000000002 10.500000000000002
decision_type=2 2 2 2 2 2 2 2 2 10 8 2 2 2 2 2 2 2 2 2 2 2 2 2 2 2 2 10 2 2
left_child=1 20 17 24 16 -6 7 14 -5 11 -11 13 28 -10 -7 29 23 21 -19 -20 -1 22 -2 -3 -4 26 -18 -27 -13 -15
right_child=2 4 3 8 5 6 -8 -9 9 10 -12 12 -14 15 -16 -17 25 18 19 -21 -22 -23 -24 -25 -26 27 -28 -29 -30 -31
leaf_value=-0.037441821386145539 -0.036522255375464968 -0.032688101250660316 0.014546352732743921 -0.0055564720810444054 -0.0093342684796025154 0.017050174508524581 -0.020285989780901348 0.15562822963240175 0.017835716638649697 0.19464294173627075 0.034723095778463518 0.0054469199634260288 0.19938082457162035 0.074746094571411154 0.10098388085352504 0.13390099177364584 -0.024333340603809383 -0.014341112783509975 0.14316713381715734 0.015129623274692876 -0.009631732272853924 0.041582370974876819 0.0025645651527334183 -0.0043923022524736607 -0.051609493200549396 0.11501201066130803 0.06698053448438783 0.0035569636517358253 0.10022692752843755 0.021255696524830465
leaf_weight=4431 1083 1953 692 502 1145 662 347 233 1503 167 160 204 179 591 234 190 506 229 160 164 1766 344 1518 2468 262 170 175 167 166 550
leaf_count=4431 1083 1953 692 502 1145 662 347 233 1503 167 160 204 179 591 234 190 506 229 160 164 1766 344 1518 2468 262 170 175 167 166 550
internal_value=0.000423903 -0.0129472 0.0224293 0.0374628 -0.000201758 0.0203937 0.0434709 0.0630876 0.0467684 0.0538548 0.116467 0.0477958 0.0974227 0.0381738 0.0389966 0.0611223 -0.0101308 0.000220459 0.0399709 0.0784307 -0.0295204 -0.00723572 -0.0137013 -0.0168974 -0.00359756 0.0192323 -0.000833392 0.0598504 0.0480335 0.0489826
internal_weight=22921 14257 8664 5166 8060 2621 1476 1129 4212 3710 327 3383 549 2834 896 1331 5439 3498 553 324 6197 2945 2601 4421 954 1018 681 337 370 1141
internal_count=22921 14257 8664 5166 8060 2621 1476 1129 4212 3710 327 3383 549 2834 896 1331 5439 3498 553 324 6197 2945 2601 4421 954 1018 681 337 370 1141
is_linear=0
shrinkage=0.0161


Tree=88
num_leaves=31
num_cat=0
split_feature=282 196 101 525 40 543 225 149 459 332 33 377 239 577 342 45 441 538 389 77 332 242 257 536 499 56 593 298 266 498
split_gain=20636.3 10807.3 9461 6900.29 6840.62 5224.97 5013.85 5562.44 5260.73 4887.48 4813.33 4580.69 4736.99 4490.15 4412.85 4062.52 5754.92 3567.94 3541.26 3594.1 5196.11 3305.93 3169.29 3078.88 5415.57 2983.04 3547.68 2975.37 5680.04 2922.81
threshold=5.5000000000000009 4.5000000000000009 16.500000000000004 58.500000000000007 29.500000000000004 195.05000305175784 10.500000000000002 4.5000000000000009 20.000000000000004 61.500000000000007 4.5000000000000009 5.5000000000000009 16.500000000000004 106.85000228881837 29.500000000000004 24.500000000000004 13.500000000000002 25.500000000000004 2.5000000000000004 24.500000000000004 5.5000000000000009 13.500000000000002 13.500000000000002 71.500000000000014 101.50000000000001 24.500000000000004 135.84999847412112 24.500000000000004 8.0000000000000018 248.50000000000003
decision_type=2 2 2 2 2 8 2 2 2 2 2 2 2 10 2 2 2 2 2 2 2 2 2 2 2 2 10 2 2 2
left_child=3 11 9 -1 6 -6 25 -8 14 17 -5 -2 -13 -14 22 27 -17 -3 -19 23 -21 -22 -9 24 -20 26 -4 29 -29 -12
right_child=1 2 4 10 5 -7 7 8 -10 -11 15 12 13 -15 -16 16 -18 18 19 20 21 -23 -24 -25 -26 -27 -28 28 -30 -31
leaf_value=-0.032890862464480829 -0.032931734024637359 -0.015052110468453436 0.016088685744321474 -0.034386901684637587 0.05198325554888758 0.13256842042114234 -0.018070977841603546 0.059722998455667795 0.13420192315692184 0.091919432249031013 -0.014286824248468414 -0.0083389152571494759 0.00043625223833324716 0.12026880586199427 0.11074853810883707 0.0051859364596777494 0.12617942462849566 -0.035015881320592614 0.014218453201442206 0.099700761597053114 -0.0099759757846487346 0.065288303075337881 -0.018261349572177472 0.00051741376948609137 0.10483651981705359 0.054540292564775758 -0.041184533145730472 -0.022238831020622466 0.1062969662846848 0.051438586802306528
leaf_weight=4729 1623 1567 877 1020 685 301 238 289 240 177 2014 1326 163 162 207 265 166 373 824 302 397 244 253 2741 216 295 412 179 177 192
leaf_count=4729 1623 1567 877 1020 685 301 238 289 240 177 2014 1326 163 162 207 265 166 373 824 302 397 244 253 2741 216 295 412 179 177 192
internal_value=-0.000327804 0.0118521 0.0197252 -0.0197135 0.0401069 0.0766077 0.0272953 0.0517297 0.0685508 0.00840925 -0.00417921 -0.0137225 0.00514673 0.0602406 0.047483 0.00610757 0.0518413 0.00618763 0.0127221 0.0164964 0.044623 0.018637 0.0232773 0.00947527 0.0330618 0.00835299 -0.00219916 -0.00157693 0.0416019 -0.00855572
internal_weight=22654 13912 10638 8742 3797 986 2811 1227 989 6841 4013 3274 1651 325 749 2993 431 6664 5097 4724 943 641 542 3781 1040 1584 1289 2562 356 2206
internal_count=22654 13912 10638 8742 3797 986 2811 1227 989 6841 4013 3274 1651 325 749 2993 431 6664 5097 4724 943 641 542 3781 1040 1584 1289 2562 356 2206
is_linear=0
shrinkage=0.0161


Tree=89
num_leaves=31
num_cat=0
split_feature=163 102 499 465 17 522 553 372 56 152 367 478 599 444 376 519 162 194 240 339 426 140 261 455 96 228 169 103 263 223
split_gain=22916 11176.1 10379.2 9024.54 7945.3 7741.58 7266.38 6641.82 6284.87 6183.69 5586.64 5198.32 5272.29 6294.56 4421.16 4105.52 4065.74 4065.54 5704.71 4162.01 5891.3 3548.87 4079.45 4004.73 3394.75 4731.33 3911.8 3348.76 4304.13 6210.18
threshold=6.5000000000000009 35.500000000000007 212.50000000000003 16.500000000000004 4.5000000000000009 28.500000000000004 255.05000305175784 8.0000000000000018 6.5000000000000009 52.000000000000007 16.500000000000004 6.5000000000000009 188.65000152587893 29.500000000000004 20.000000000000004 74.500000000000014 8.0000000000000018 10.500000000000002 35.500000000000007 4.5000000000000009 8.0000000000000018 16.500000000000004 20.000000000000004 6.5000000000000009 8.0000000000000018 8.0000000000000018 6.5000000000000009 20.000000000000004 8.0000000000000018 24.500000000000004
decision_type=2 2 2 2 2 2 10 2 2 2 2 2 8 2 2 2 2 2 2 2 2 2 2 2 2 2 2 2 2 2
left_child=5 4 3 10 -2 -1 8 -5 16 17 15 24 21 14 -14 -3 -6 18 27 20 -19 -13 23 -23 -7 -26 -27 -10 -29 -30
right_child=1 2 -4 7 6 11 -8 -9 9 -11 -12 12 13 -15 -16 -17 -18 19 -20 -21 -22 22 -24 -25 25 26 -28 28 29 -31
leaf_value=-0.03438562123557181 -0.018204924105587904 0.06083151608260335 -0.054015721040872808 0.051705300888389545 -0.022523668106607369 -0.036505119826087527 0.11721225877035037 0.17939723810399172 -0.010751449087857027 0.11165725013402392 0.11203226481947676 -0.01682961904773294 0.003799246516259837 0.12587793259065702 0.082357059806738617 -0.025329468865466668 0.014730320968299113 0.028012236954548537 0.092876542618153521 0.027850318872637066 0.14858315422403362 -0.0023219803680206113 -0.032898302513805433 0.1001411894047598 -0.027134132242812303 0.097522542603746681 0.0049858990164251289 -0.0065451782086759737 0.12064806720124494 -0.0085469811675721406
leaf_weight=3884 2022 275 185 168 1454 1772 185 287 1629 211 216 2138 968 162 230 299 1589 225 196 1650 198 171 195 233 837 171 387 423 233 164
leaf_count=3884 2022 275 185 168 1454 1772 185 287 1629 211 216 2138 968 162 230 299 1589 225 196 1650 198 171 195 233 837 171 387 423 233 164
internal_value=0.000449528 0.0162826 0.0584323 0.0751604 0.0103589 -0.0160362 0.0174423 0.132301 0.0151241 0.0263567 0.0422204 -0.0062217 0.00574834 0.0316611 0.0189009 0.0159087 -0.00306257 0.0225369 0.00929425 0.0394222 0.0845053 -0.00711896 0.0275018 0.0567136 -0.0217142 -0.00290917 0.0333861 0.00259533 0.0291386 0.0672185
internal_weight=22757 11609 1430 1245 10179 11148 8157 455 7972 4929 790 7264 4097 1360 1198 574 3043 4718 2645 2073 423 2737 599 404 3167 1395 558 2449 820 397
internal_count=22757 11609 1430 1245 10179 11148 8157 455 7972 4929 790 7264 4097 1360 1198 574 3043 4718 2645 2073 423 2737 599 404 3167 1395 558 2449 820 397
is_linear=0
shrinkage=0.0161


Tree=90
num_leaves=31
num_cat=0
split_feature=222 175 136 104 487 362 19 284 257 61 101 112 219 109 407 222 58 15 153 105 101 401 462 273 12 154 189 534 5 493
split_gain=23091 10194.3 9637.08 8405.71 8465.62 8852.37 8287.11 8360.1 5725.2 5704.99 6353.78 5579.63 4566.62 3931.78 3677.22 4956.55 5699.82 4105.15 4837.77 3307.08 3115.35 3095.13 3396.98 2903.78 2771.67 2763.2 2665.86 2650.84 2404.59 2337.32
threshold=13.500000000000002 13.500000000000002 8.0000000000000018 4.5000000000000009 241.50000000000003 10.500000000000002 16.500000000000004 29.500000000000004 13.500000000000002 13.500000000000002 16.500000000000004 13.500000000000002 16.500000000000004 24.500000000000004 6.5000000000000009 8.0000000000000018 6.5000000000000009 8.0000000000000018 24.500000000000004 5.5000000000000009 5.5000000000000009 16.500000000000004 43.500000000000007 16.500000000000004 8.0000000000000018 16.500000000000004 20.000000000000004 113.50000000000001 3.5000000000000004 191.50000000000003
decision_type=2 2 2 2 2 2 2 2 2 2 2 2 2 2 2 2 2 2 2 2 2 2 2 2 2 2 2 2 2 2
left_child=1 3 8 -1 12 -6 21 9 24 25 -11 -10 20 26 19 17 -17 -16 -19 -3 -5 29 -23 -21 -2 27 -14 -8 -26 -4
right_child=2 14 6 4 5 -7 7 -9 11 10 -12 -13 13 -15 15 16 -18 18 -20 23 -22 22 -24 -25 28 -27 -28 -29 -30 -31
leaf_value=-0.034934277810287517 -0.031598024624768732 -0.031754817504179064 0.017710492085991528 -0.029341268272770747 0 0.14073955716085204 0.035862832219109839 0.15627583250587457 0.0074321888499249596 0.039110427763468396 0.1676466996172484 0.10830169929203992 -0.0080166201020404493 0.078493229469573933 -0.012316381134911758 0.14590964739123827 0.035249120405225369 0.018209159334151022 0.11408508583887934 -0.0021789074190215114 -0.0067219624750442901 0.032527054630708263 0.10696628394687883 0.058888526188641904 0.063780532013563151 0.079006883945556855 0.055113700250358943 -0.04674164299297489 -0.0036314068241822817 -0.043802074797717735
leaf_weight=4256 884 723 914 2852 278 199 239 275 371 203 197 231 931 217 912 164 460 731 168 834 3542 1013 189 266 165 165 213 174 810 194
leaf_count=4256 884 723 914 2852 278 199 239 275 371 203 197 231 931 217 912 164 460 731 168 834 3542 1013 189 266 165 165 213 174 810 194
internal_value=0.000496544 -0.00922659 0.0275296 -0.0165625 -0.00706128 0.0587625 0.0444541 0.0778025 0.00301696 0.0557129 0.102473 0.046177 -0.0111131 0.0156567 0.0122828 0.0252302 0.0643707 0.0117309 0.0361521 -0.00499813 -0.0168148 0.0263549 0.0442513 0.0125669 -0.0109469 0.0233119 0.00371697 0.00100396 0.00775263 0.006919
internal_weight=22770 16746 6024 12488 8232 477 3563 1253 2461 978 400 602 7755 1361 4258 2435 624 1811 899 1823 6394 2310 1202 1100 1859 578 1144 413 975 1108
internal_count=22770 16746 6024 12488 8232 477 3563 1253 2461 978 400 602 7755 1361 4258 2435 624 1811 899 1823 6394 2310 1202 1100 1859 578 1144 413 975 1108
is_linear=0
shrinkage=0.0161


Tree=91
num_leaves=31
num_cat=0
split_feature=283 401 264 240 486 498 252 283 11 345 446 95 217 585 124 476 576 539 334 246 15 588 10 132 581 539 17 511 526 54
split_gain=18814.9 10718.7 8658.66 6277.33 7521.56 5899.01 5106.7 6057.44 5583.61 4692.56 4749.6 4450 4189.86 3964.55 4159.9 4586.99 3768.75 4862.28 4679.27 3766.03 3723.83 4160.62 3952.35 3625.92 3546.87 3391.37 2964.23 2925.54 4099.99 2876.07
threshold=6.5000000000000009 10.500000000000002 61.500000000000007 8.0000000000000018 259.50000000000006 28.500000000000004 24.500000000000004 13.500000000000002 16.500000000000004 5.5000000000000009 43.500000000000007 3.5000000000000004 29.500000000000004 197.65000152587893 13.500000000000002 5.5000000000000009 164.05000305175784 65.500000000000014 16.500000000000004 8.0000000000000018 6.5000000000000009 196.25000000000003 4.5000000000000009 10.500000000000002 139.25000000000003 244.50000000000003 5.5000000000000009 122.50000000000001 119.50000000000001 10.500000000000002
decision_type=2 2 2 2 2 2 2 2 2 2 2 2 2 8 2 2 8 2 2 2 2 10 2 2 10 2 2 2 2 2
left_child=2 9 5 12 6 -1 11 -8 -9 -2 19 -5 24 25 27 -16 17 -13 29 -11 -21 22 -22 -17 26 -7 -3 28 -15 -19
right_child=1 3 -4 4 -6 13 7 8 -10 10 -12 16 -14 14 15 23 -18 18 -20 20 21 -23 -24 -25 -26 -27 -28 -29 -30 -31
leaf_value=-0.032702586825773296 -0.019257860287349948 -0.018613651997067531 0.095897253289774845 0.090753964817202701 0.14074722403930706 -0.018778250115857223 0.0065219697112892366 0.18252942742653402 0.058987805088957429 -0.0094205052984761214 0.074545352314107319 0.0043765874503893624 0.068422663320538341 -0.0048206634254387851 0.11668010582792245 -0.020207780247821012 -0.0072311097902824613 -0.005523246848776078 0.14314555864176251 -0.0067082455922208234 0.092004983294277781 0.11286097568589587 0.010052648422185437 0.075075893293683013 -0.024980869802858022 0.04468771750174292 0.030403429293626792 -0.026992863240152772 0.085249099254351576 0.08431258862793807
leaf_weight=3921 2186 426 179 259 206 4565 183 186 195 2085 275 527 311 466 173 255 787 178 170 697 193 175 732 174 697 229 1277 702 182 191
leaf_count=3921 2186 426 179 259 206 4565 183 186 195 2085 275 527 311 466 173 255 787 178 170 697 193 175 732 174 697 229 1277 702 182 191
internal_value=0.000216744 0.0141649 -0.015131 0.0304126 0.0469585 -0.0169964 0.0397298 0.0827902 0.119361 -0.000157948 0.00988027 0.0282196 0.0128145 -0.0078639 0.0114714 0.0466709 0.0194662 0.0391982 0.0732009 0.00529335 0.0223784 0.0408302 0.0271773 0.0183839 0.00559876 -0.0157417 0.0181281 -0.00420747 0.0204404 0.0409134
internal_weight=22782 11936 10846 5593 2882 10667 2676 564 381 6343 4157 2112 2711 6746 1952 602 1853 1066 539 3882 1797 1100 925 429 2400 4794 1703 1350 648 369
internal_count=22782 11936 10846 5593 2882 10667 2676 564 381 6343 4157 2112 2711 6746 1952 602 1853 1066 539 3882 1797 1100 925 429 2400 4794 1703 1350 648 369
is_linear=0
shrinkage=0.0161


Tree=92
num_leaves=31
num_cat=0
split_feature=163 42 104 339 221 483 188 404 254 97 355 558 402 491 499 587 250 205 488 478 299 281 16 311 196 506 536 143 398 212
split_gain=25439.4 11468.5 8978.37 8287.31 6927.79 6476.19 5768.85 5467.79 4697.67 4947.63 4762.18 3842.07 4197.85 4084.34 8002.56 3736.22 5299.82 6721.1 3612.12 4769.66 3520.01 3204.36 3062.89 2882.49 2815.83 2801.32 2724.42 2683.28 3601.46 5044.45
threshold=8.0000000000000018 29.500000000000004 29.500000000000004 16.500000000000004 3.5000000000000004 288.50000000000006 16.500000000000004 6.5000000000000009 24.500000000000004 10.500000000000002 16.500000000000004 233.25000000000003 29.500000000000004 140.50000000000003 91.500000000000014 94.250000000000014 20.000000000000004 13.500000000000002 157.50000000000003 8.0000000000000018 35.500000000000007 8.0000000000000018 6.5000000000000009 13.500000000000002 10.500000000000002 268.50000000000006 187.50000000000003 3.5000000000000004 3.5000000000000004 8.0000000000000018
decision_type=2 2 2 2 2 2 2 2 2 2 2 10 2 2 2 8 2 2 2 2 2 2 2 2 2 2 2 2 2 2
left_child=4 5 6 -4 18 7 22 20 9 25 -10 12 27 14 24 -11 -17 -18 -1 -20 21 -2 -3 -8 -14 -6 -23 -9 29 -29
right_child=1 2 3 -5 8 -7 23 11 10 15 -12 -13 13 -15 -16 16 17 -19 19 -21 -22 26 -24 -25 -26 -27 -28 28 -30 -31
leaf_value=-0.040775066944839879 -0.03083404710929312 -0.037961415673542817 0.062045549688561026 0.20657310136392512 -0.022783782385264951 0.08878988768112879 0.04951822814419736 -0.019334178321298041 0.0059146229056928241 -0.0207780384527529 0.093316611743204075 0.085433419215038706 -0.011200596879658964 -0.0069080551317732804 0.16105799814785163 0.0028456369958439576 0.014895059631073144 0.1362086258570705 -0.042342184809116779 0.070072166148360301 0.062891717812951942 -0.0055588792793455216 0.031446771788980935 0.14226663787173985 0.066670805032590388 0.044951917236884881 0.060066999760027405 0.010487750328953964 0.0079500715952554365 0.11697168015640828
leaf_weight=2925 1364 214 249 176 5205 274 191 721 619 1067 219 216 204 264 176 1815 305 194 205 187 164 976 714 161 292 163 197 270 2748 202
leaf_count=2925 1364 214 249 176 5205 274 191 721 619 1067 219 216 204 264 176 1815 305 194 205 187 164 976 714 161 292 163 197 270 2748 202
internal_value=0.000273663 0.0198692 0.0578117 0.121952 -0.0145654 0.0118479 0.0364966 0.00914002 -0.00762336 -0.0111132 0.028784 0.0189619 0.0160131 0.0466687 0.0677517 0.00413655 0.015635 0.0621062 -0.0346228 0.011224 -0.00937139 -0.014052 0.0154156 0.092007 0.0345956 -0.0207226 0.00544262 0.0087263 0.0150167 0.0561091
internal_weight=22677 9773 1705 425 12904 8068 1280 7794 9587 8749 838 5093 4877 936 672 3381 2314 499 3317 392 2701 2537 928 352 496 5368 1173 3941 3220 472
internal_count=22677 9773 1705 425 12904 8068 1280 7794 9587 8749 838 5093 4877 936 672 3381 2314 499 3317 392 2701 2537 928 352 496 5368 1173 3941 3220 472
is_linear=0
shrinkage=0.0161


Tree=93
num_leaves=31
num_cat=0
split_feature=283 220 510 415 400 193 402 207 307 362 23 232 509 590 195 549 44 495 589 590 461 317 246 182 230 149 594 126 425 493
split_gain=21018.6 13764 8686.65 5773.85 6003.5 7969.19 5719.84 5590.1 5379.19 5148.27 5080.95 3860 5512.44 3673.29 4451.83 4000.7 3532.9 4204.58 5303.92 5932.57 3287.99 3074.7 3746.16 4460.09 3054.77 3608.59 3038.68 2905.91 4738.89 2774.19
threshold=8.0000000000000018 13.500000000000002 84.500000000000014 13.500000000000002 29.500000000000004 16.500000000000004 13.500000000000002 16.500000000000004 16.500000000000004 10.500000000000002 24.500000000000004 6.5000000000000009 93.500000000000014 128.94999694824222 10.500000000000002 83.049999237060561 10.500000000000002 207.50000000000003 145.55000305175784 200.34999847412112 13.500000000000002 10.500000000000002 8.0000000000000018 10.500000000000002 16.500000000000004 6.5000000000000009 205.94999694824222 8.0000000000000018 20.000000000000004 92.500000000000014
decision_type=2 2 2 2 2 2 2 2 2 2 2 2 2 8 2 8 2 2 8 8 2 2 2 2 2 2 10 2 2 2
left_child=2 6 20 16 27 -6 21 13 -9 11 -11 -4 -13 14 -8 -16 -3 18 -18 -20 -1 -2 -23 -24 -14 -26 29 -5 -29 -15
right_child=1 3 9 4 5 -7 7 8 -10 10 -12 12 24 26 15 -17 17 -19 19 -21 -22 22 23 -25 25 -27 -28 28 -30 -31
leaf_value=-0.030068765718737119 -0.02082733302770837 -0.0018621422173822871 -0.029368257766858207 0.014963283413379439 0.052771952714545226 0.19230824177536182 -0.0021766909690378831 0.031697047544980761 0.13042841431199528 0.011510740934201066 0.082071780298010558 0.092013695057929945 -0.01836059470314334 0.014901791088152634 0.01164354129294729 0.10511786501118273 0.023961501266986953 -0.021795410847097151 0.16234354912213234 0.047084515309258265 -0.0043967634714391279 -0.016371656027525709 -0.00049510633792271708 0.079841451382897721 0.091158036531045428 -0.0054958585202505425 0.048922687775610429 0.11857194491280121 0.011816146382322311 -0.042271941320604231
leaf_weight=6169 2298 706 1464 406 220 206 513 482 204 1606 317 175 1041 335 206 282 596 216 202 273 1639 744 404 321 167 249 183 262 184 638
leaf_count=6169 2298 706 1464 406 220 206 513 482 204 1606 317 175 1041 335 206 282 596 216 202 273 1639 744 404 321 167 249 183 262 184 638
internal_value=-0.000464179 0.0171829 -0.0140601 0.0441957 0.0709191 0.120302 0.00381193 0.021054 0.0610917 0.00246101 0.0231547 -0.0103848 0.00663015 0.00830976 0.0308943 0.0657077 0.0270477 0.0429248 0.0559996 0.0961495 -0.0246829 -0.00919463 0.00898672 0.0350421 -0.0036091 0.0332485 -0.0112262 0.0461997 0.074582 -0.0225631
internal_weight=22708 9881 12827 3271 1278 426 6610 2843 686 5019 1923 3096 1632 2157 1001 488 1993 1287 1071 475 7808 3767 1469 725 1457 416 1156 852 446 973
internal_count=22708 9881 12827 3271 1278 426 6610 2843 686 5019 1923 3096 1632 2157 1001 488 1993 1287 1071 475 7808 3767 1469 725 1457 416 1156 852 446 973
is_linear=0
shrinkage=0.0161


Tree=94
num_leaves=31
num_cat=0
split_feature=223 220 538 595 236 463 19 28 404 443 398 403 549 48 453 559 488 577 173 434 162 577 102 599 179 542 116 366 87 315
split_gain=23099.9 11478.2 8110.03 6406.16 6232.43 6038.88 6117.87 5808.32 5595.61 6028.84 5357.14 5025.88 5550.68 6862.72 5009.74 5764.66 5009.01 5746.05 4589.07 4195.94 5442.4 4310.93 4042.25 3847.18 3800.09 4169.22 7430.51 3700.57 3695.31 3255.92
threshold=6.5000000000000009 13.500000000000002 231.50000000000003 226.84999847412112 10.500000000000002 24.500000000000004 10.500000000000002 29.500000000000004 6.5000000000000009 24.500000000000004 3.5000000000000004 10.500000000000002 140.05000305175784 8.0000000000000018 8.0000000000000018 156.05000305175784 64.500000000000014 123.45000076293947 8.0000000000000018 13.500000000000002 29.500000000000004 216.75000000000003 4.5000000000000009 205.94999694824222 8.0000000000000018 233.25000000000003 8.0000000000000018 4.5000000000000009 43.500000000000007 8.0000000000000018
decision_type=2 2 2 8 2 2 2 2 2 2 2 2 10 2 2 8 2 10 2 2 2 8 2 10 2 8 2 2 2 2
left_child=2 8 11 -4 19 7 -7 27 23 10 16 18 -13 -14 15 -11 -10 -18 -1 21 -21 -3 -12 -2 -20 -26 -27 -6 29 -24
right_child=1 4 3 -5 5 6 -8 -9 9 14 22 12 13 -15 -16 -17 17 -19 24 20 -22 -23 28 -25 25 26 -28 -29 -30 -31
leaf_value=-0.031944953485413902 -0.017608565805316424 -0.020366985488876561 0.096925127735957309 -0.0052088493140594319 0.094606455217154217 0.045950459224870954 0.16630239597745189 0.11918177938267345 0.0052849685137379733 0.04124812798883426 -0.035173962035821627 -0.0087871555975342214 -0.015868634972140385 0.11920124521215653 0.021314552108553132 0.17410932991638464 0.16033396921376986 0.032787819130071554 -0.022985940526438799 0.025447274937010891 0.11459177084486345 0.047884906534575104 -0.017352281431544114 0.058796413844205295 -0.0041616192329140779 0.13902991792711819 -0.0084292506486054238 0.012620200870151253 0.082134160226986455 0.019589642900197324
leaf_weight=5725 2545 772 288 355 175 193 255 222 363 181 679 1382 174 221 439 160 165 207 1920 761 232 348 1073 183 1069 164 192 779 167 1459
leaf_count=5725 2545 772 288 355 175 193 255 222 363 181 679 1382 174 221 439 160 165 207 1920 761 232 348 1073 183 1069 164 192 779 167 1459
internal_value=0.00105055 0.0173338 -0.0150436 0.0405004 0.0404479 0.064172 0.114507 0.0449768 0.00599663 0.0162997 0.0085104 -0.0183384 0.00641047 0.0596425 0.057343 0.103657 0.0479016 0.089424 -0.0231898 0.022203 0.0462983 0.000818838 -5.35488e-05 -0.0124745 -0.00819815 0.0117099 0.0594353 0.0276843 0.00877314 0.00392526
internal_weight=22848 11358 11490 643 3737 1624 448 1176 7621 4893 4113 10847 1777 395 780 341 735 372 9070 2113 993 1120 3378 2728 3345 1425 356 954 2699 2532
internal_count=22848 11358 11490 643 3737 1624 448 1176 7621 4893 4113 10847 1777 395 780 341 735 372 9070 2113 993 1120 3378 2728 3345 1425 356 954 2699 2532
is_linear=0
shrinkage=0.0161


Tree=95
num_leaves=31
num_cat=0
split_feature=342 161 136 464 107 462 502 541 115 502 43 118 489 454 467 174 375 12 206 51 572 235 559 535 79 26 536 318 269 133
split_gain=17695.5 9415.5 6636.82 6393.31 6826 8428.83 6849.06 5593.36 4436.33 4173.28 4154.38 3920.03 3798.86 3739.79 3797.47 5646.36 3657.85 3513.6 3698.28 3016 5289.27 2798.38 2786.97 2949.77 2752.99 2724.52 3052.92 2626.99 3001.7 3476.69
threshold=20.000000000000004 8.0000000000000018 6.5000000000000009 20.000000000000004 8.0000000000000018 24.500000000000004 127.50000000000001 247.34999847412112 16.500000000000004 51.500000000000007 6.5000000000000009 13.500000000000002 214.50000000000003 4.5000000000000009 8.0000000000000018 29.500000000000004 35.500000000000007 16.500000000000004 10.500000000000002 35.500000000000007 120.95000076293947 5.5000000000000009 174.34999847412112 123.50000000000001 16.500000000000004 16.500000000000004 60.500000000000007 10.500000000000002 29.500000000000004 5.5000000000000009
decision_type=2 2 2 2 2 2 2 10 2 2 2 2 2 2 2 2 2 2 2 2 10 2 10 2 2 2 2 2 2 2
left_child=1 2 8 11 -5 -6 9 10 12 -7 -3 21 -1 -4 -15 16 -16 -13 -19 27 -21 -2 23 24 -23 -10 -27 -12 29 -29
right_child=3 7 13 4 5 6 -8 -9 25 -11 19 17 -14 14 15 -17 -18 18 -20 20 -22 22 -24 -25 -26 26 -28 28 -30 -31
leaf_value=-0.036119545768451583 -0.022752792262152193 -0.010636412301131826 -0.025619686073575655 0.0022070006051580541 0.021170997157094432 0.11499842752981852 0.045034929469898004 0.090804392129094094 -0.014882579277495249 0.23011414489590376 0.00066019285312897392 0.021372444518026806 0.029133143751037895 -0.0097698345476134284 0.0039523828150868044 0.10767550313956965 0.075251778030731215 0.14015419549710875 0.034622187572350499 0.00015066898218387738 0.12818678444324214 0.0048858274257577057 0.071212512966724012 -0.040334025469409944 0.082126286897685641 -0.012696147352625932 0.078104699586594786 0.080492167308952561 -0.032372399196292138 0.020812650726390644
leaf_weight=5033 675 2689 1246 337 299 166 166 203 958 163 2463 689 242 1787 1373 185 216 163 184 176 160 460 213 251 162 179 206 341 189 988
leaf_count=5033 675 2689 1246 337 299 166 166 203 958 163 2463 689 242 1787 1373 185 216 163 184 176 160 460 213 251 162 179 206 341 189 988
internal_value=-0.00037302 -0.00692044 -0.0160119 0.0306812 0.0629904 0.0887593 0.129538 0.00748473 -0.0264702 0.172103 0.00506717 0.0176082 -0.0331215 -0.00160865 0.00678624 0.0234769 0.0136592 0.0424598 0.0842627 0.0148542 0.0611903 0.00297458 0.018987 0.00621775 0.025041 -0.000328037 0.0358271 0.0109374 0.0275971 0.0361432
internal_weight=22562 18634 11425 3928 1131 794 495 7209 6618 329 7006 2797 5275 4807 3561 1774 1589 1036 347 4317 336 1761 1086 873 622 1343 385 3981 1518 1329
internal_count=22562 18634 11425 3928 1131 794 495 7209 6618 329 7006 2797 5275 4807 3561 1774 1589 1036 347 4317 336 1761 1086 873 622 1343 385 3981 1518 1329
is_linear=0
shrinkage=0.0161


Tree=96
num_leaves=31
num_cat=0
split_feature=196 461 234 417 403 41 385 462 181 237 222 42 24 571 571 409 120 283 174 521 516 519 518 517 198 208 305 120 117 255
split_gain=19677 9842.9 7622.28 6167.15 6141.87 5452.23 4685.27 4199.28 4301.66 3670.96 4359.51 3702.48 3702.84 5585.01 5317.5 3583.9 7039.8 3522.04 3381.95 4270.15 2821.52 4461.86 5044.17 6400.98 2795.57 2767.36 2668.65 2602.72 3279.35 2600.61
threshold=6.5000000000000009 16.500000000000004 16.500000000000004 5.5000000000000009 6.5000000000000009 29.500000000000004 20.000000000000004 16.500000000000004 20.000000000000004 3.5000000000000004 4.5000000000000009 52.000000000000007 20.000000000000004 113.64999771118165 136.55000305175784 24.500000000000004 16.500000000000004 16.500000000000004 24.500000000000004 94.500000000000014 136.50000000000003 66.500000000000014 89.500000000000014 77.500000000000014 13.500000000000002 13.500000000000002 8.0000000000000018 3.5000000000000004 5.5000000000000009 16.500000000000004
decision_type=2 2 2 2 2 2 2 2 2 2 2 2 2 8 10 2 2 2 2 2 2 2 2 2 2 2 2 2 2 2
left_child=4 7 5 -4 18 -3 29 15 -9 -6 -11 12 26 -14 -15 20 -17 -7 -1 -20 21 -2 23 -23 -19 -10 -12 -28 -29 -5
right_child=1 2 3 6 9 17 -8 8 25 10 11 -13 13 14 -16 16 -18 24 19 -21 -22 22 -24 -25 -26 -27 27 28 -30 -31
leaf_value=-0.029714727754444052 -0.013165010023207788 0.0082678599718686071 0.15606184088775094 -0.0088847237380733513 -0.029701687822436169 0.025485415802151606 0.11139749500672054 0.013410164646987615 0.031078606021609785 -0.023165388822809347 -0.0070232998731864834 -0.060179543703102155 -0.010332215772330327 0.16212848751564632 0.039913473826380545 0.0020742101335080145 0.10973080874824453 0.050788043090677214 -0.023268988699947278 0.064296458132596435 -0.025947435187174822 0.018875814716435967 0.00094577432032040185 0.14676935240577099 0.14143060332307875 0.12198615396104806 -0.025341236195605851 0.099258480079865999 0.023161545737261542 0.065971630658839167
leaf_weight=5865 2258 1932 197 263 999 376 248 1566 177 1055 1153 160 215 162 216 670 206 177 379 233 1548 255 784 169 178 172 185 194 609 221
leaf_count=5865 2258 1932 197 263 999 376 248 1566 177 1055 1153 160 215 162 216 670 206 177 379 233 1548 255 784 169 178 172 185 194 609 221
internal_value=-0.000705576 0.0142613 0.0363173 0.0760359 -0.0156378 0.0224524 0.0544667 0.00410768 0.0248198 -0.00212682 0.00484298 0.0150615 0.0194734 0.0550838 0.0923536 -0.00262241 0.0274176 0.0599093 -0.0259557 0.0100304 -0.00787541 0.000189205 0.0251705 0.0699078 0.0963033 0.0759486 0.00959925 0.0290217 0.0415754 0.0252469
internal_weight=22822 11397 3592 929 11425 2663 732 7805 1915 4948 3949 2894 2734 593 378 5890 876 731 6477 612 5014 3466 1208 424 355 349 2141 988 803 484
internal_count=22822 11397 3592 929 11425 2663 732 7805 1915 4948 3949 2894 2734 593 378 5890 876 731 6477 612 5014 3466 1208 424 355 349 2141 988 803 484
is_linear=0
shrinkage=0.0161


Tree=97
num_leaves=31
num_cat=0
split_feature=282 400 102 104 539 546 529 186 104 121 452 232 548 492 441 231 118 330 108 568 135 535 537 342 281 584 488 15 190 172
split_gain=20887.5 8579.96 8065.63 10082.2 7397.36 5915.4 10951.9 5909.66 5318.25 4804.38 4702.48 3984.74 4604.38 4765.13 3948.55 4759.22 4174.21 5958.17 3671.27 5554.81 3624.75 3610.03 4260.96 3307.64 3162.49 3160.69 5452.07 3150.88 2993.12 3349.43
threshold=8.0000000000000018 13.500000000000002 35.500000000000007 29.500000000000004 38.500000000000007 165.25000000000003 144.50000000000003 16.500000000000004 4.5000000000000009 35.500000000000007 10.500000000000002 8.0000000000000018 221.94999694824222 205.50000000000003 5.5000000000000009 43.500000000000007 35.500000000000007 8.0000000000000018 20.000000000000004 233.25000000000003 8.0000000000000018 138.50000000000003 59.500000000000007 10.500000000000002 4.5000000000000009 128.15000152587893 61.500000000000007 5.5000000000000009 13.500000000000002 16.500000000000004
decision_type=2 2 2 2 2 10 2 2 2 2 2 2 10 2 2 2 2 2 2 8 2 2 2 2 2 8 2 2 2 2
left_child=4 8 5 21 24 -3 -7 -8 -2 11 -11 20 13 23 -6 16 18 -18 -16 27 -10 22 -4 -13 -1 26 -22 -20 -25 -30
right_child=1 2 3 -5 14 6 7 -9 9 10 -12 12 -14 -15 15 -17 17 -19 19 -21 25 -23 -24 28 -26 -27 -28 -29 29 -31
leaf_value=-0.04094867156961976 -0.025987403894602443 0.012853393111565865 0.028887596472626276 0.17861136737653488 -0.018748974030044305 0.16812817639161884 -0.0014086169880814013 0.10779858113231479 -0.02473911255775622 0.013016939719087703 0.13368033186646891 -0.0082226016716524918 0.10470771154739615 -0.057195043380811904 -0.0097081415737922186 0.078975982994286667 -0.018140295792071021 0.10582379662484359 -0.042178205688374451 0.097165403135053924 0.0086931560903233101 -0.0043635296391757745 0.14092205701243049 0.025140803888578585 -0.015934466640792198 -0.011700637965853298 0.11473619262817866 0.028931009610962004 0.13317389896015469 0.03128237626919822
leaf_weight=2402 1101 2474 197 209 2576 195 447 180 1215 172 164 486 174 195 3498 220 178 230 246 219 413 214 160 817 2892 583 181 470 168 168
leaf_count=2402 1101 2474 197 209 2576 195 447 180 1215 172 164 486 174 195 3498 220 178 230 246 219 413 214 160 817 2892 583 181 470 168 168
internal_value=0.000816076 0.0184002 0.0363257 0.0828947 -0.0126622 0.0252979 0.062724 0.0299052 0.00587872 0.0132918 0.0719822 0.00880459 0.025529 0.0180041 -0.00252019 0.00573545 0.00240216 0.0516837 -0.00212826 0.0262042 -0.0052251 0.0478189 0.079165 0.0269652 -0.0272884 0.0148989 0.0410456 0.00446676 0.0418177 0.0822982
internal_weight=22844 9913 4076 780 12931 3296 822 627 5837 4736 336 4400 2008 1834 7637 5061 4841 408 4433 935 2392 571 357 1639 5294 1177 594 716 1153 336
internal_count=22844 9913 4076 780 12931 3296 822 627 5837 4736 336 4400 2008 1834 7637 5061 4841 408 4433 935 2392 571 357 1639 5294 1177 594 716 1153 336
is_linear=0
shrinkage=0.0161


Tree=98
num_leaves=31
num_cat=0
split_feature=161 104 38 547 484 279 196 520 115 285 209 344 412 40 314 187 390 224 222 480 460 560 540 368 227 258 164 23 255 281
split_gain=20561.4 10888 6634.66 7728.15 6416.29 6181.89 5244.31 5585.39 5129.9 4930.93 4118.81 4970.89 6047.44 5810.7 3937.07 3887.21 3809.03 3801.78 3763.88 3596.88 3489.92 2918.34 5463.24 2969.81 2903.24 2843.93 2829.48 2549.34 2497.38 2467.88
threshold=8.0000000000000018 5.5000000000000009 16.500000000000004 221.94999694824222 35.500000000000007 52.000000000000007 24.500000000000004 93.500000000000014 52.000000000000007 13.500000000000002 6.5000000000000009 20.000000000000004 10.500000000000002 8.0000000000000018 5.5000000000000009 29.500000000000004 3.5000000000000004 8.0000000000000018 13.500000000000002 238.50000000000003 35.500000000000007 156.94999694824222 112.95000076293947 10.500000000000002 5.5000000000000009 35.500000000000007 3.5000000000000004 13.500000000000002 13.500000000000002 4.5000000000000009
decision_type=2 2 2 10 2 2 2 2 2 2 2 2 2 2 2 2 2 2 2 2 2 10 10 2 2 2 2 2 2 2
left_child=4 19 6 5 29 16 14 9 10 -8 25 15 -13 -14 -3 -12 -4 -10 -18 -2 -16 22 23 -20 -22 26 -6 -9 -28 -1
right_child=1 2 3 -5 8 -7 7 27 17 -11 11 12 13 -15 20 -17 18 -19 21 -21 24 -23 -24 -25 -26 -27 28 -29 -30 -31
leaf_value=-0.038974567129510404 -0.015234619743770913 -0.016605228182807557 0.085727519218753254 0.14527840287851948 -0.047848195048289181 0.13381180560942224 0.039080329602533735 -0.02903805060611514 0.002717492406274676 0.16155113297131021 -0.010998307156733519 -0.00047217879499390503 0.15511302208282837 0.021043941121022564 0.011100368313864687 0.049549452360832975 -0.00071062886081367331 0.11216669669789096 0.079305664562670547 0.055606331292514966 0.0036170673936845896 -0.0015308997173740875 0.14625460231668161 -0.0082281794757862094 0.086955808359546458 0.037831298872448196 -0.024098059332275677 0.056394738754746154 0.011232615000208005 -0.016362354011471479
leaf_weight=2698 2595 1105 295 201 906 170 163 185 167 180 2859 410 177 160 2354 304 846 163 201 200 165 219 163 200 319 209 2001 177 699 2342
leaf_count=2698 2595 1105 295 201 906 170 163 185 167 180 2859 410 177 160 2354 304 846 163 201 200 165 219 163 200 319 209 2001 177 699 2342
internal_value=-0.00104732 0.0166685 0.0274709 0.0498736 -0.0142234 0.0407046 0.0164042 0.0568548 -0.00530526 0.103419 -0.00796349 0.00364381 0.0410019 0.0915299 0.0091658 -0.00517154 0.0324657 0.0568501 0.0228059 -0.0101571 0.0192083 0.0482446 0.067614 0.0355892 0.0585935 -0.019866 -0.0232166 0.0126693 -0.0149426 -0.0284717
internal_weight=22833 9738 6943 2295 13095 2094 4648 705 8055 343 7725 3910 747 337 3943 3163 1924 330 1629 2795 2838 783 564 401 484 3815 3606 362 2700 5040
internal_count=22833 9738 6943 2295 13095 2094 4648 705 8055 343 7725 3910 747 337 3943 3163 1924 330 1629 2795 2838 783 564 401 484 3815 3606 362 2700 5040
is_linear=0
shrinkage=0.0161


Tree=99
num_leaves=31
num_cat=0
split_feature=164 221 544 193 327 259 222 156 547 520 222 158 509 539 192 370 90 498 36 16 538 229 557 226 433 321 488 39 212 501
split_gain=16703.6 9472.57 9111.62 8497.5 8357.3 8235.74 6199.62 5186.12 4738.79 5105.32 4316.12 4171.42 4159 5701.27 3982.41 3770.23 4122.45 6312.3 3732.87 3662.78 3415.84 3084.67 3003.23 4100.64 3126.82 3600.33 2981.33 2903.67 2765.38 3735.77
threshold=10.500000000000002 13.500000000000002 240.75000000000003 20.000000000000004 10.500000000000002 24.500000000000004 4.5000000000000009 10.500000000000002 216.75000000000003 92.500000000000014 29.500000000000004 24.500000000000004 121.50000000000001 58.500000000000007 29.500000000000004 10.500000000000002 10.500000000000002 70.500000000000014 10.500000000000002 24.500000000000004 275.50000000000006 29.500000000000004 240.75000000000003 24.500000000000004 10.500000000000002 6.5000000000000009 159.50000000000003 8.0000000000000018 16.500000000000004 194.50000000000003
decision_type=2 2 10 2 2 2 2 2 10 2 2 2 2 2 2 2 2 2 2 2 2 2 8 2 2 2 2 2 2 2
left_child=2 7 6 8 -4 12 18 21 9 10 -3 19 13 -5 28 -13 17 -17 -1 20 22 -2 -8 24 -24 -26 -20 -11 29 -9
right_child=1 3 4 5 -6 -7 11 14 -10 27 -12 15 -14 -15 -16 16 -18 -19 26 -21 -22 -23 23 -25 25 -27 -28 -29 -30 -31
leaf_value=-0.035106973791463499 -0.011056227467874297 0.024974195912916951 -0.0060253546710353871 0.043056008545311601 0.15639256137561108 0.18425956941083929 -0.019060281679494865 0.020818272986622571 0.1052702760307871 0.023565097053550661 0.11288939405686679 -0.0085445979694591476 0.011852211443827098 0.16237214192670721 0.10156471328922005 0.01604957689950107 0.007520426516531219 0.15372537612350645 -0.015034468280359637 0.021456201207586834 0.05589480829882227 0.045877266068542304 -0.022718015849389185 0.082771144703013888 0.073942454679610609 -0.012249278208159938 0.044468507010807665 -0.035537021547465575 -0.013363257521121108 0.099153530043086996
leaf_weight=3538 2959 671 166 257 162 172 5514 1085 169 367 185 497 282 175 170 165 311 182 1511 975 188 269 788 164 239 264 255 521 472 185
leaf_count=3538 2959 671 166 257 162 172 5514 1085 169 367 185 497 282 175 170 165 311 182 1511 975 188 269 788 164 239 264 255 521 472 185
internal_value=0.000251166 0.019119 -0.00978758 0.0429522 0.0741215 0.084183 -0.0116754 0.00613598 0.023844 0.01594 0.0440021 -0.00374144 0.0600419 0.0914446 0.0271513 0.0248848 0.0501704 0.0883278 -0.025563 -0.00781016 -0.0118004 -0.00630448 -0.01363 0.00693304 -0.0026827 0.0286579 -0.00642926 -0.0110843 0.0198759 0.0322478
internal_weight=22858 7939 14919 2799 328 886 14591 5140 1913 1744 856 9287 714 432 1912 1155 658 347 5304 8132 7157 3228 6969 1455 1291 503 1766 888 1742 1270
internal_count=22858 7939 14919 2799 328 886 14591 5140 1913 1744 856 9287 714 432 1912 1155 658 347 5304 8132 7157 3228 6969 1455 1291 503 1766 888 1742 1270
is_linear=0
shrinkage=0.0161


Tree=100
num_leaves=31
num_cat=0
split_feature=401 121 164 17 194 152 467 395 529 19 101 402 148 406 231 559 581 335 177 333 43 174 134 300 214 66 545 285 56 362
split_gain=20406.9 8733.36 8409.12 6782.24 6509.9 6668.81 6216.96 6008.2 5210.91 5040.64 7103.34 4499.77 4491.69 6538.53 4057.44 4359.75 4038.95 4078.77 3796.22 3673.36 3839.54 4549.16 4153.39 3298.09 3594.54 3235.71 3018.52 2955.11 2824.49 2770.97
threshold=10.500000000000002 10.500000000000002 4.5000000000000009 3.5000000000000004 8.0000000000000018 35.500000000000007 24.500000000000004 10.500000000000002 25.500000000000004 16.500000000000004 16.500000000000004 13.500000000000002 13.500000000000002 20.000000000000004 3.5000000000000004 240.75000000000003 144.84999847412112 13.500000000000002 3.5000000000000004 8.0000000000000018 10.500000000000002 4.5000000000000009 16.500000000000004 5.5000000000000009 8.0000000000000018 13.500000000000002 121.64999771118165 16.500000000000004 24.500000000000004 24.500000000000004
decision_type=2 2 2 2 2 2 2 2 2 2 2 2 2 2 2 10 10 2 2 2 2 2 2 2 2 2 8 2 2 2
left_child=2 11 26 -4 18 6 9 -8 -5 16 -11 29 25 -14 -10 19 17 -6 -3 -16 23 -22 -23 24 -21 -13 -1 -27 -20 -2
right_child=1 4 3 8 5 -7 7 -9 14 10 -12 12 13 -15 15 -17 -18 -19 28 20 21 22 -24 -25 -26 27 -28 -29 -30 -31
leaf_value=-0.037081395800867126 -0.010717202052259362 0.077871717847554839 -0.030848002391677849 -0.017339694694004464 0.011111211912090135 0.15033273877754935 0.17814659205120939 0.042709470844056213 -0.017790471128464411 0.0095924597217021765 0.13764725878954792 -0.0049249273817765045 0.030070704304626512 0.14734297403571223 0.0020683429558643455 0.094372671514009562 -0.029282291516115801 0.091772813198950587 -0.011195371261514944 0.10775858478605085 0.12467252690997004 0.014735623377655823 0.10100139502859065 -0.005910965046901002 0.01043920025190921 0.017735139333937732 -0.012001102540834183 0.095910223440814929 0.04720751285940928 0.039080926861233059
leaf_weight=2978 2589 206 1599 1895 485 190 175 166 895 202 254 1109 458 169 2277 194 335 245 888 166 197 548 197 824 243 411 2142 181 283 326
leaf_count=2978 2589 206 1599 1895 485 190 175 166 895 202 254 1109 458 169 2277 194 335 245 888 166 197 548 197 824 243 411 2142 181 283 326
internal_value=0.00180508 0.0212544 -0.0101088 -0.000764603 0.0412346 0.0594104 0.05012 0.112284 0.00570121 0.0361676 0.0809728 0.00818255 0.0248744 0.0617175 0.0135854 0.0196346 0.0169612 0.0382148 0.014132 0.0163726 0.0313368 0.0558174 0.0375784 0.0126148 0.0499956 0.0112799 -0.0265934 0.0416764 0.00289898 -0.00513994
internal_weight=22827 8672 14155 9035 3429 2052 1862 341 7436 1521 456 5243 2328 627 5541 4646 1065 730 1377 4452 2175 942 745 1233 409 1701 5120 592 1171 2915
internal_count=22827 8672 14155 9035 3429 2052 1862 341 7436 1521 456 5243 2328 627 5541 4646 1065 730 1377 4452 2175 942 745 1233 409 1701 5120 592 1171 2915
is_linear=0
shrinkage=0.0161


Tree=101
num_leaves=31
num_cat=0
split_feature=343 402 161 511 20 268 598 230 299 300 168 524 505 254 226 157 242 66 43 505 37 198 188 544 331 414 143 195 208 29
split_gain=17054.4 8435.22 7757.68 6006.46 6636.52 7233.59 6633.4 5443.75 5251.6 5648.78 5027.53 4829.36 7293.98 4328.1 4209.47 3945.77 4381.03 3810.64 3437.39 3395.38 5084.74 3276.46 3229.7 4671.71 3389.87 2904.92 3455.52 2764.3 2510.69 2802.47
threshold=10.500000000000002 24.500000000000004 8.0000000000000018 113.50000000000001 10.500000000000002 13.500000000000002 218.75000000000003 16.500000000000004 13.500000000000002 29.500000000000004 16.500000000000004 136.50000000000003 145.50000000000003 20.000000000000004 29.500000000000004 24.500000000000004 13.500000000000002 8.0000000000000018 6.5000000000000009 120.50000000000001 24.500000000000004 24.500000000000004 10.500000000000002 180.15000152587893 10.500000000000002 16.500000000000004 13.500000000000002 5.5000000000000009 3.5000000000000004 8.0000000000000018
decision_type=2 2 2 2 2 2 10 2 2 2 2 2 2 2 2 2 2 2 2 2 2 2 2 10 2 2 2 2 2 2
left_child=2 8 10 4 13 17 7 -5 15 21 14 -12 -13 -3 -1 27 -17 -6 25 -20 22 28 23 -21 -24 -4 -27 -2 -10 -30
right_child=1 3 18 6 5 -7 -8 -9 9 -11 11 12 -14 -15 -16 16 -18 -19 19 20 -22 -23 24 -25 -26 26 -28 -29 29 -31
leaf_value=-0.027556107015845713 -0.026795357232958856 0.0051636991166632753 -0.020852810683891065 -0.032734917939854044 0.010258211215916344 0.17811265280031097 0.10913190778824448 0.058553423697723497 -0.038365964864179182 0.098582542339902268 -0.011338909699303235 0.1361597906354135 0.0021594030639394625 0.09552323492410987 0.034467509024426905 0.0090389325122997022 0.10887790422098009 0.11272002972569439 0.0035028291103019792 0.027668446500165096 0.10612426746889514 0.076334252742490269 0.10886450320270651 -0.076521614870683485 0.0083529269606000597 -0.006682963248538871 0.077364283467306214 0.0028197152424380709 0.049443005164392977 -0.00028420622951169677
leaf_weight=7163 1275 451 1717 543 182 230 161 246 229 272 1141 165 292 198 295 386 162 196 2113 358 228 227 174 162 175 384 189 2271 491 729
leaf_count=7163 1275 451 1717 543 182 230 161 246 229 272 1141 165 292 198 295 386 162 196 2113 358 228 227 174 162 175 384 189 2271 491 729
internal_value=9.41749e-05 0.01859 -0.0103859 0.0455303 0.0686258 0.106864 0.0149467 -0.00424256 0.00874539 0.0305061 -0.0195462 0.00635746 0.0505918 0.0327673 -0.0250996 -0.00160299 0.0385963 0.0634488 0.00469258 0.0154459 0.0384288 0.0194438 0.0206404 -0.0047455 0.0585322 -0.0103706 0.0209984 -0.00782204 0.0105151 0.0197097
internal_weight=22805 8249 14556 2207 1257 608 950 789 6042 1948 9056 1598 457 649 7458 4094 548 378 5500 3210 1097 1676 869 520 349 2290 573 3546 1449 1220
internal_count=22805 8249 14556 2207 1257 608 950 789 6042 1948 9056 1598 457 649 7458 4094 548 378 5500 3210 1097 1676 869 520 349 2290 573 3546 1449 1220
is_linear=0
shrinkage=0.0161


Tree=102
num_leaves=31
num_cat=0
split_feature=402 46 222 486 136 225 102 351 99 257 382 321 40 227 221 89 558 396 459 161 281 166 270 230 581 575 512 421 556 276
split_gain=16015 9861.69 8187.81 7325.17 5979.99 6102.99 5631.45 5600.4 5146.86 4887.32 4519.45 4361.83 4335.31 4231.16 4197.67 6377.94 9146.86 4574.09 3758.66 3107 2993.46 3490.9 3214.3 2777.33 2776.42 2774.96 3532.67 3203.6 2733.57 2693.04
threshold=6.5000000000000009 20.000000000000004 35.500000000000007 80.500000000000014 6.5000000000000009 29.500000000000004 43.500000000000007 6.5000000000000009 16.500000000000004 5.5000000000000009 24.500000000000004 4.5000000000000009 29.500000000000004 13.500000000000002 5.5000000000000009 10.500000000000002 168.05000305175784 24.500000000000004 35.500000000000007 3.5000000000000004 6.5000000000000009 10.500000000000002 8.0000000000000018 35.500000000000007 151.55000305175784 139.25000000000003 33.500000000000007 29.500000000000004 189.94999694824222 4.5000000000000009
decision_type=2 2 2 2 2 2 2 2 2 2 2 2 2 2 2 2 8 2 2 2 2 2 2 2 10 8 2 2 8 2
left_child=3 4 8 -1 19 12 -4 -5 10 -10 24 -9 25 -14 15 16 -13 20 28 -2 -16 22 -22 -21 -3 26 -6 -28 -11 -27
right_child=1 2 6 7 5 -7 -8 11 9 18 -12 14 13 -15 17 -17 -18 -19 -20 23 21 -23 -24 -25 -26 29 27 -29 -30 -31
leaf_value=-0.024909386578592711 -0.039605809677677656 0.012350045969058912 0.05015287806487323 -0.017948956147580263 -0.0044356150987169014 0.084333300769094247 0.1709261061561787 -0.020468680028979135 0.13199823594792229 0.044645572938006806 0.069344076069984856 0.026540068236833293 0.022291530118953601 0.10535753266439271 -0.055248262371751927 0.0081187308208644955 0.18185683854429088 0.080034848015037241 0.10570183501396865 -0.006633516951345053 -0.0027964730193536171 -0.031064374442565011 0.091995122593917483 0.05797484872690814 -0.042090866802730324 -0.039891212920848025 0.026084699624810692 0.10170412769208691 -0.037268000291636773 0.0027152742764329479
leaf_weight=6286 737 911 213 1912 998 321 190 548 193 299 281 195 518 230 226 319 199 203 163 2986 183 270 187 183 331 499 1131 167 163 1673
leaf_count=6286 737 911 213 1912 998 321 190 548 193 299 281 195 518 230 226 319 199 203 163 2986 183 270 187 183 331 499 1131 167 163 1673
internal_value=0.000666813 0.0132326 0.0401008 -0.0138769 0.00542265 0.0161852 0.107152 0.00246602 0.028548 0.0611283 0.0110338 0.0192287 0.0119868 0.0478647 0.0314496 0.0617136 0.105047 0.0112421 0.039206 -0.0098279 -0.00485646 0.0129014 0.0450481 -0.00289516 -0.00213981 0.00597506 0.0183187 0.035832 0.0156944 -0.0070624
internal_weight=22715 12187 2744 10528 9443 5537 403 4242 2341 818 1523 2330 5216 748 1782 713 394 1069 625 3906 866 640 370 3169 1242 4468 2296 1298 462 2172
internal_count=22715 12187 2744 10528 9443 5537 403 4242 2341 818 1523 2330 5216 748 1782 713 394 1069 625 3906 866 640 370 3169 1242 4468 2296 1298 462 2172
is_linear=0
shrinkage=0.0161


Tree=103
num_leaves=31
num_cat=0
split_feature=283 402 188 339 106 478 487 597 121 212 42 242 176 221 146 243 20 275 62 487 524 250 563 109 591 411 256 355 445 85
split_gain=19394.6 10710.8 6908.6 6287.71 5194.48 5092.94 6771.6 6842.79 4481.14 5978.62 4531.63 4383.31 4300.33 4862.55 4494.41 4141.42 4093.09 3928.49 3881.8 3745.39 3585.55 3377.33 3098.21 3051.28 3134.75 5199.81 3034.65 3651.27 4862.29 2671.54
threshold=6.5000000000000009 13.500000000000002 8.0000000000000018 35.500000000000007 29.500000000000004 6.5000000000000009 183.50000000000003 131.75000000000003 4.5000000000000009 43.500000000000007 10.500000000000002 6.5000000000000009 10.500000000000002 6.5000000000000009 8.0000000000000018 8.0000000000000018 29.500000000000004 10.500000000000002 10.500000000000002 238.50000000000003 82.500000000000014 13.500000000000002 150.65000152587893 16.500000000000004 163.25000000000003 10.500000000000002 8.0000000000000018 8.0000000000000018 10.500000000000002 20.000000000000004
decision_type=2 2 2 2 2 2 2 10 2 2 2 2 2 2 2 2 2 2 2 2 2 2 8 2 8 2 2 2 2 2
left_child=5 8 4 11 16 -1 23 -8 -2 10 19 29 14 -14 22 -15 20 -17 -9 -10 -3 -5 -13 -7 -25 -26 -12 -28 -29 -4
right_child=1 2 3 21 -6 6 7 18 9 -11 26 12 13 15 -16 17 -18 -19 -20 -21 -22 -23 -24 24 25 -27 27 28 -30 -31
leaf_value=-0.027133876274298935 -0.020376577789186463 0.018163649112432442 -0.0037786335338632904 0.16838119222091683 0.074396906644772567 -0.019375347561297742 0.13234151532831548 -0.018313380048136561 -0.014072806255247407 0.091698271607010259 0.0030190484170471207 0.025166803467960547 0.15671304423284821 0.12877155166056478 -0.00925311493100134 0.088786290029158388 0.065238580773175181 -0.016271307754893969 0.062702776447614031 0.052282725373756472 -0.023254471200783118 0.064571539452325785 0.12339599843581474 -0.0070438681211703333 -0.010704052741579937 0.11156744868168483 0.0095340588354178614 0.12563519045673407 0.026354338749904102 0.064718252242192131
leaf_weight=5130 1892 1118 659 162 320 3651 161 375 2470 216 860 175 185 162 369 168 264 204 259 242 1051 165 160 811 181 179 417 245 269 190
leaf_count=5130 1892 1118 659 162 320 3651 161 375 2470 216 860 175 185 162 369 168 264 204 259 242 1051 165 160 811 181 179 417 245 269 190
internal_value=0.000161111 0.0142642 0.0311956 0.0500251 0.0134108 -0.0155355 -0.00493846 0.0385905 0.000553557 0.00895011 0.00497562 0.0405089 0.0577863 0.0854982 0.0294505 0.0607823 0.00537998 0.0311108 0.014746 -0.00814302 -0.00189486 0.116072 0.0721525 -0.0121199 0.0104812 0.0500267 0.0248535 0.0449975 0.0737227 0.0115227
internal_weight=22710 11963 5352 2599 2753 10747 5617 795 6611 4719 4503 2272 1423 719 704 534 2433 372 634 2712 2169 327 335 4822 1171 360 1791 931 514 849
internal_count=22710 11963 5352 2599 2753 10747 5617 795 6611 4719 4503 2272 1423 719 704 534 2433 372 634 2712 2169 327 335 4822 1171 360 1791 931 514 849
is_linear=0
shrinkage=0.0161


Tree=104
num_leaves=31
num_cat=0
split_feature=281 599 104 404 172 550 188 488 102 194 475 454 152 100 461 198 180 98 539 326 532 41 403 259 517 159 527 353 33 548
split_gain=15671.5 8175.67 7622.81 6452.07 5706.99 7036.05 4967.84 5112.48 4358.19 4274.79 4964.76 3945.41 4678.45 3629.67 4229.02 4621.72 4097.16 5049.65 3522.18 5143.68 3459.64 3346.64 3066.74 3044.34 3033.9 3346.28 4097.98 3322.02 3001.85 2833.86
threshold=6.5000000000000009 240.75000000000003 5.5000000000000009 6.5000000000000009 4.5000000000000009 247.34999847412112 8.0000000000000018 226.50000000000003 20.000000000000004 35.500000000000007 10.500000000000002 24.500000000000004 13.500000000000002 13.500000000000002 29.500000000000004 13.500000000000002 20.000000000000004 6.5000000000000009 215.50000000000003 8.0000000000000018 78.500000000000014 29.500000000000004 29.500000000000004 24.500000000000004 234.50000000000003 16.500000000000004 160.50000000000003 16.500000000000004 10.500000000000002 168.05000305175784
decision_type=2 10 2 2 2 10 2 2 2 2 2 2 2 2 2 2 2 2 2 2 2 2 2 2 2 2 2 2 2 10
left_child=1 3 18 11 21 9 29 8 -8 13 -11 -1 -13 16 24 28 20 -18 -2 -20 22 -4 -6 -22 25 -15 27 -27 -16 -5
right_child=2 -3 4 6 5 -7 7 -9 -10 10 -12 12 -14 14 15 -17 17 -19 19 -21 23 -23 -24 -25 -26 26 -28 -29 -30 -31
leaf_value=-0.033147489981383428 -0.012830492663738789 0.094319412330612834 -0.011605629530104761 -0.011006515139891196 0.010234675082492883 0.11817679081249818 -7.6906204582621282e-05 0.10256391052783963 0.077536529385451469 0.017864724955808892 0.11521969232255963 -0.018360596267119039 0.083010566717185888 0.01043135759077337 0.084676724666844935 0.13102712159387442 0.1093102866054073 0.0087382429297778001 -0.019723247422855143 0.10091143258699473 -0.027092453228418273 0.041103190452802189 0.085558855589146762 0.03935424408818626 -0.037712659939280184 0.0092315455947226746 0.12440900985108251 0.089046082885208627 -0.010616509948395041 -0.061569332282214867
leaf_weight=4892 3215 176 1750 2766 970 218 1681 163 211 264 281 396 168 971 170 223 217 322 185 181 1161 380 164 211 187 411 173 202 172 321
leaf_count=4892 3215 176 1750 2766 970 218 1681 163 211 264 281 396 168 971 170 223 217 322 185 181 1161 380 164 211 187 411 173 202 172 321
internal_value=-0.000388704 -0.0144924 0.0122426 -0.0163017 0.0205886 0.0282733 -0.00335646 0.0160335 0.00856627 0.025056 0.0681038 -0.0284975 0.0117933 0.0208276 0.0351692 0.0739612 0.00900274 0.049272 -0.00743755 0.0398706 0.000332095 -0.00219113 0.0211489 -0.0168565 0.0238827 0.0304517 0.0551543 0.035571 0.0366827 -0.0162719
internal_weight=22802 10774 12028 10598 8447 6317 5142 2055 1892 6099 545 5456 564 5554 2509 565 3045 539 3581 366 2506 2130 1134 1372 1944 1757 786 613 342 3087
internal_count=22802 10774 12028 10598 8447 6317 5142 2055 1892 6099 545 5456 564 5554 2509 565 3045 539 3581 366 2506 2130 1134 1372 1944 1757 786 613 342 3087
is_linear=0
shrinkage=0.0161


Tree=105
num_leaves=31
num_cat=0
split_feature=162 116 194 539 527 174 48 200 221 347 586 594 106 163 5 398 165 205 128 494 196 214 595 488 107 573 496 522 428 224
split_gain=14755.4 8803.74 8376.76 6162.58 6652.1 5724.16 8264.76 8933.58 5106.18 3972.79 6253.78 3619.27 4252.44 4949.98 3613.8 3539.8 6613.77 3308.6 3148.43 3072.01 2906.32 6136.33 2892.24 2732.11 2666.4 3649.89 7464.12 3037.11 2575.75 2574.37
threshold=13.500000000000002 10.500000000000002 8.0000000000000018 252.50000000000003 218.50000000000003 16.500000000000004 16.500000000000004 13.500000000000002 3.5000000000000004 16.500000000000004 203.05000305175784 205.94999694824222 10.500000000000002 13.500000000000002 16.500000000000004 29.500000000000004 13.500000000000002 4.5000000000000009 2.5000000000000004 150.50000000000003 6.5000000000000009 13.500000000000002 106.25000000000001 157.50000000000003 16.500000000000004 191.15000152587893 177.50000000000003 145.50000000000003 8.0000000000000018 35.500000000000007
decision_type=2 2 2 2 2 2 2 2 2 2 10 8 2 2 2 2 2 2 2 2 2 2 10 2 2 10 2 2 2 2
left_child=1 8 11 9 -5 15 14 -8 23 17 20 -2 -13 -14 -7 19 -17 -3 -10 -4 -11 22 -22 -1 29 26 27 -26 -21 -20
right_child=2 3 5 4 -6 6 7 -9 18 10 -12 12 13 -15 -16 16 -18 -19 24 28 21 -23 -24 -25 25 -27 -28 -29 -30 -31
leaf_value=-0.040499666153931822 -0.010964274824081291 -0.02458748404874422 0.028490750468020267 0.14392036989340376 0.00040927647139888486 0.0056588902438482686 0.19687850923867586 0.043727564323666181 -0.036986824676929375 -0.0093704856881049112 0.12015746578234617 -0.0045691726148534197 0.01232929961280823 0.13466955370995126 0.088083174004658857 0.010912747187133354 0.13576436343392301 0.0056560423204132975 -0.01356440400929978 -0.05023510345915419 0.037802465863879461 0.1085116133483941 -0.049851900478248237 0.010154245297987688 -0.002029297261327168 -0.049875121779232215 0.12581166671472549 0.073430812602443093 0.01580527898669256 0.04653358595641844
leaf_weight=2530 2010 1358 1510 174 162 415 217 182 949 631 166 410 176 168 207 250 197 3027 4797 280 243 218 163 309 975 205 161 161 337 192
leaf_count=2530 2010 1358 1510 174 162 415 217 182 949 631 166 410 176 168 207 250 197 3027 4797 280 243 218 163 309 975 205 161 161 337 192
internal_value=0.000570318 -0.00749204 0.0213936 0.00775571 0.0747976 0.0375965 0.0698661 0.127079 -0.0166053 0.00387187 0.0272688 0.000310909 0.0303993 0.0721453 0.0331273 0.0247873 0.0659895 -0.00370477 -0.00959132 0.0161173 0.0149636 0.0396084 0.00255321 -0.0349781 -0.0055824 0.0132167 0.023207 0.00864459 -0.0141263 -0.0112468
internal_weight=22780 16421 6359 6142 336 3595 1021 399 10279 5806 1421 2764 754 344 622 2574 447 4385 7440 2127 1255 624 406 2839 6491 1502 1297 1136 617 4989
internal_count=22780 16421 6359 6142 336 3595 1021 399 10279 5806 1421 2764 754 344 622 2574 447 4385 7440 2127 1255 624 406 2839 6491 1502 1297 1136 617 4989
is_linear=0
shrinkage=0.0161


Tree=106
num_leaves=31
num_cat=0
split_feature=163 161 44 15 217 551 121 9 255 284 390 547 396 298 47 402 145 66 520 497 206 527 537 575 598 93 288 12 124 411
split_gain=16475.4 10239.7 6502.9 6654.81 7294.99 6476.8 6242.09 8567.35 4706.64 5708.76 7239.82 4557.11 4541.26 4179.83 4142.22 3552.74 4096.68 7085.27 4885.96 4822.58 5593.1 2974.58 2795.19 4119.53 2773.17 3107.1 2858.62 2666.72 2570.9 6247.53
threshold=5.5000000000000009 16.500000000000004 8.0000000000000018 4.5000000000000009 35.500000000000007 260.05000305175787 35.500000000000007 20.000000000000004 5.5000000000000009 20.000000000000004 16.500000000000004 117.14999771118165 35.500000000000007 10.500000000000002 8.0000000000000018 8.0000000000000018 20.000000000000004 8.0000000000000018 118.50000000000001 76.500000000000014 6.5000000000000009 14.500000000000002 166.50000000000003 136.55000305175784 187.55000305175784 6.5000000000000009 35.500000000000007 3.5000000000000004 13.500000000000002 20.000000000000004
decision_type=2 2 2 2 2 10 2 2 2 2 2 10 2 2 2 2 2 2 2 2 2 2 2 10 10 2 2 2 2 2
left_child=12 5 -3 -4 8 6 14 -8 -5 22 11 -11 21 -14 24 -16 18 -18 19 -17 -21 -1 23 -10 26 -26 -2 -23 -29 -30
right_child=1 2 3 4 -6 -7 7 -9 9 10 -12 -13 13 -15 15 16 17 -19 -20 20 -22 27 -24 -25 25 -27 -28 28 29 -31
leaf_value=-0.036056277534668696 -0.021744467775270584 0.0016589886043013829 -0.02214508223977768 -0.015552357793243547 0.13714954054698061 0.10180355611763815 0.012237076071975593 0.13809505947090775 0.034201856747387474 0.088418967088906453 0.016733502481609232 0.19767400881335886 -0.0067183891049513158 0.088600845244752008 -0.010089121265933778 0.009382614976859216 -0.0095709359637052675 0.11212062800822684 -0.022311983085246519 0.0099723441767294672 0.13637780535544963 -0.034616112374321405 -0.0043058632230412825 0.12211134162548452 0.076221612658662063 -0.011384996321355296 0.043180209309287142 -0.016081112719705512 -0.0064800806774944555 0.082160697385204054
leaf_weight=2215 3836 1235 326 282 253 165 529 191 788 236 203 172 311 193 1784 963 215 292 786 169 197 1338 335 168 176 259 184 3679 1130 252
leaf_count=2215 3836 1235 326 282 253 165 529 191 788 236 203 172 311 193 1784 963 215 292 786 169 197 1338 335 168 176 259 184 3679 1130 252
internal_value=-0.000437439 0.0106937 0.0323913 0.0461194 0.0552608 0.00179047 6.56284e-05 0.0456571 0.0457639 0.0548673 0.095435 0.134535 -0.0172185 0.0297361 -0.00363625 0.00742907 0.0193574 0.0604693 0.00949103 0.0283177 0.0780746 -0.0199685 0.0356493 0.049675 -0.0145851 0.0240063 -0.0187669 -0.014396 -0.00904572 0.00966604
internal_weight=22862 13744 3998 2763 2437 9746 9581 720 2184 1902 611 408 9118 504 8861 4406 2622 507 2115 1329 366 8614 1291 956 4455 435 4020 6399 5061 1382
internal_count=22862 13744 3998 2763 2437 9746 9581 720 2184 1902 611 408 9118 504 8861 4406 2622 507 2115 1329 366 8614 1291 956 4455 435 4020 6399 5061 1382
is_linear=0
shrinkage=0.0161


Tree=107
num_leaves=31
num_cat=0
split_feature=282 76 211 486 44 162 503 372 519 496 203 237 10 556 390 87 487 95 299 519 349 236 288 566 224 300 429 417 24 285
split_gain=14912.2 7136.14 5914.54 5879.28 5843.27 5016.83 8922.16 4684.14 4787.33 4618.86 4548.85 4813.8 8031.26 9095.32 3715.78 3433.75 3278.32 3223.27 4159.31 2886.79 2771.6 2739.38 2553.37 2429.29 2306.13 2273.03 4480.76 4891.14 2249.39 2822.03
threshold=6.5000000000000009 8.0000000000000018 35.500000000000007 269.50000000000006 6.5000000000000009 35.500000000000007 138.50000000000003 8.0000000000000018 57.500000000000007 13.500000000000002 6.5000000000000009 6.5000000000000009 13.500000000000002 159.44999694824222 6.5000000000000009 24.500000000000004 78.500000000000014 16.500000000000004 20.000000000000004 123.50000000000001 35.500000000000007 3.5000000000000004 8.0000000000000018 102.04999923706056 5.5000000000000009 13.500000000000002 10.500000000000002 10.500000000000002 10.500000000000002 8.0000000000000018
decision_type=2 2 2 2 2 2 2 2 2 2 2 2 2 10 2 2 2 2 2 2 2 2 2 10 2 2 2 2 2 2
left_child=9 2 3 21 15 10 7 -7 -9 -1 24 28 13 16 20 -3 -13 -16 19 23 -11 -2 -14 -19 -6 -23 -27 -28 29 -12
right_child=1 4 -4 -5 5 6 -8 8 -10 14 11 12 22 -15 17 -17 -18 18 -20 -21 -22 25 -24 -25 -26 26 27 -29 -30 -31
leaf_value=-0.03245818031350188 -0.034841050565184065 -0.011387774701742555 0.066712970303579838 0.077997441719579938 -0.036418037473058655 0.051484778174025053 -0.0073205288035757691 0.081851368336846891 0.20409582612683072 -0.022287784077578317 -0.0029114000290093155 0.093147521147575935 0.05417942721088774 0.170964096374983 -0.0058496010992460414 0.051468385202016818 0.016141506977717407 0.0066228549312790869 0.078571802507572633 -0.027693331231828672 0.039063903748184088 -0.012167897824627847 -0.01200339321329119 0.07968668995370079 0.013245309702174628 -0.012546875503315198 0.0034926846138856786 0.10484472068651979 -0.0092615508091788666 0.084496743472417798
leaf_weight=2565 916 1502 307 206 289 265 284 169 165 3694 189 290 250 253 3168 265 285 341 288 351 201 2576 381 181 1498 656 261 235 571 193
leaf_count=2565 916 1502 307 206 289 265 284 169 165 3694 189 290 250 253 3168 265 285 341 288 351 201 2576 381 181 1498 656 261 235 571 193
internal_value=0.000142983 0.0124884 -0.00181193 -0.00615434 0.0232593 0.0320284 0.0669271 0.102169 0.142312 -0.0135928 0.024684 0.0391092 0.0574953 0.090476 -0.00770594 -0.00194781 0.0550203 0.00255451 0.0255069 0.00797403 -0.0191157 -0.00989224 0.0141807 0.0320023 0.00520041 -0.0037558 0.0150342 0.0515598 0.0109362 0.0411887
internal_weight=22795 12006 5157 4850 6849 5082 883 599 334 10789 4199 2412 1459 828 8224 1767 575 4329 1161 873 3895 4644 631 522 1787 3728 1152 496 953 382
internal_count=22795 12006 5157 4850 6849 5082 883 599 334 10789 4199 2412 1459 828 8224 1767 575 4329 1161 873 3895 4644 631 522 1787 3728 1152 496 953 382
is_linear=0
shrinkage=0.0161


Tree=108
num_leaves=31
num_cat=0
split_feature=223 342 488 302 195 285 132 599 136 463 60 273 177 474 211 11 537 488 483 42 390 263 544 393 375 36 432 204 40 303
split_gain=14043.1 7391.2 7231.01 9516.15 5829.01 4991.46 5418.75 4511.25 4342.13 4088.44 3500.71 3947.15 3466.36 3323.09 4691.7 3113.63 4086.57 4063.28 2959 2706.89 2597.02 2566.89 5747.59 2934.19 2435.15 4167.48 2368.15 3328.26 2319.33 2922.78
threshold=6.5000000000000009 10.500000000000002 257.50000000000006 10.500000000000002 4.5000000000000009 16.500000000000004 29.500000000000004 244.44999694824222 5.5000000000000009 43.500000000000007 29.500000000000004 10.500000000000002 6.5000000000000009 13.500000000000002 13.500000000000002 10.500000000000002 160.50000000000003 116.50000000000001 44.500000000000007 10.500000000000002 8.0000000000000018 16.500000000000004 255.05000305175784 8.0000000000000018 35.500000000000007 10.500000000000002 6.5000000000000009 6.5000000000000009 29.500000000000004 6.5000000000000009
decision_type=2 2 2 2 2 2 2 10 2 2 2 2 2 2 2 2 2 2 2 2 2 2 8 2 2 2 2 2 2 2
left_child=2 7 8 -4 -3 12 9 10 -1 13 21 -12 19 -7 -15 16 -14 18 -17 -6 26 23 -23 -2 28 -26 -21 -28 -10 -30
right_child=1 4 3 -5 5 6 -8 -9 24 -11 11 -13 15 14 -16 17 -18 -19 -20 20 -22 22 -24 -25 25 -27 27 -29 29 -31
leaf_value=-0.026047438067132229 -0.029553874400991869 -0.011373344498537628 -0.015838740524463598 0.14156951571547138 -0.028990351651860008 0.0053590496002743444 0.12460753853273435 0.081151417888739252 -0.012599291231461621 0.1041164792848091 -0.0032868714615189379 0.083919267266435241 0.034869324887706034 0.1081825777595562 0.0017768924947008681 0.0034301159882775215 0.10940086159088566 -0.019906369125191767 0.077742033868323041 -0.00049886209235080797 -0.012191578836329485 -0.0071038077880435022 0.086312811836793693 -0.00025590866290348618 -0.013308150463128911 0.088095290345144336 0.11969376477627235 0.019853337726138433 -0.020976465949402327 0.061125794087290894
leaf_weight=5678 1940 1038 227 177 501 646 242 162 4380 225 321 231 746 252 188 257 257 484 304 234 456 799 217 1634 239 187 160 190 198 259
leaf_count=5678 1940 1038 227 177 501 646 242 162 4380 225 321 231 746 252 188 257 257 484 304 234 456 799 217 1634 239 187 160 190 198 259
internal_value=-0.00110433 0.0114453 -0.0138098 0.0530665 0.0234115 0.030438 0.0545611 -0.00249282 -0.0162814 0.0416131 -0.00513263 0.0331644 0.0199931 0.0286419 0.0627718 0.0337188 0.0539901 0.0142397 0.0437409 0.00173641 0.0165611 -0.00974341 0.0128252 -0.0161657 -0.00574073 0.0311494 0.0390521 0.0655619 -0.00899455 0.0255026
internal_weight=22829 11484 11345 404 6180 5142 1553 5304 10941 1311 5142 552 3589 1086 440 2048 1003 1045 561 1541 1040 4590 1016 3574 5263 426 584 350 4837 457
internal_count=22829 11484 11345 404 6180 5142 1553 5304 10941 1311 5142 552 3589 1086 440 2048 1003 1045 561 1541 1040 4590 1016 3574 5263 426 584 350 4837 457
is_linear=0
shrinkage=0.0161


Tree=109
num_leaves=31
num_cat=0
split_feature=283 221 208 339 390 135 104 488 74 226 225 26 492 563 585 460 544 572 177 115 492 357 214 373 134 512 556 525 555 222
split_gain=15263.4 8981.42 6896.45 8098.22 6510.56 5902.9 5590.08 5265.21 4521.35 4351.16 4149.18 3808.54 3709.25 8248.26 4478.14 3598.85 3297.62 3906.29 3237.44 3164.11 4008.98 3379.9 3965.82 4906.47 3084.12 2656.37 2574.96 2716.88 2417.07 2355.47
threshold=6.5000000000000009 13.500000000000002 3.5000000000000004 61.500000000000007 73.500000000000014 10.500000000000002 29.500000000000004 293.50000000000006 6.5000000000000009 16.500000000000004 6.5000000000000009 4.5000000000000009 214.50000000000003 186.44999694824222 196.25000000000003 16.500000000000004 244.44999694824222 154.15000152587893 20.000000000000004 52.000000000000007 222.50000000000003 3.5000000000000004 20.000000000000004 6.5000000000000009 29.500000000000004 42.500000000000007 183.15000152587893 153.50000000000003 94.750000000000014 16.500000000000004
decision_type=2 2 2 2 2 2 2 2 2 2 2 2 2 10 10 2 8 8 2 2 2 2 2 2 2 2 8 2 10 2
left_child=8 4 -3 5 7 18 15 10 -1 -8 -2 -10 14 -14 29 -7 17 25 26 20 21 -12 24 -24 -23 -17 27 28 -4 -13
right_child=1 2 3 -5 -6 6 9 -9 11 -11 19 12 13 -15 -16 16 -18 -19 -20 -21 -22 22 23 -25 -26 -27 -28 -29 -30 -31
leaf_value=-0.024918972157330747 -0.015917633653495921 -0.020793524441462301 0.031890249165875108 0.13803506773555879 0.1015389348274852 0.0099274325849480743 0.055028738394809235 0.082009871827306666 -0.026112284006708862 0.16391064094507007 -0.02396886918117342 -0.010100000663204276 0.11293555989678365 -0.033011284556876207 0.082062517204644733 0.025748793544864736 0.11826144021913533 -0.017164847563287799 0.053977616291915942 0.070984999894733919 -0.048789798192139661 0.0026478716291212108 0.11196069485572963 0.014663932894174572 0.066078451633191301 0.10349342705938848 -0.038078698580620803 0.071710479595417057 -0.034385130599403999 0.031383834307249676
leaf_weight=5422 3334 570 271 204 166 660 200 196 1481 183 632 2956 233 176 160 209 195 197 320 198 329 2256 234 317 218 253 381 162 301 403
leaf_count=5422 3334 570 271 204 166 660 200 196 1481 183 632 2956 233 176 160 209 195 197 320 198 329 2256 234 317 218 253 381 162 301 403
internal_value=-0.000674988 0.0118415 0.0311488 0.0395286 0.0017781 0.0334905 0.052131 -0.000365631 -0.0145284 0.107115 -0.00251635 -0.00410846 0.00418179 0.0500745 -0.00114545 0.0382061 0.0600332 0.0427676 0.00883225 0.00815676 0.00502994 0.00987824 0.0169575 0.0560269 0.00824666 0.0683742 -0.00410315 0.0135006 -0.00294428 -0.00511592
internal_weight=22817 11986 4106 3536 7880 3332 1897 7714 10831 383 7518 5409 3928 409 3519 1514 854 659 1435 4184 3986 3657 3025 551 2474 462 1115 734 572 3359
internal_count=22817 11986 4106 3536 7880 3332 1897 7714 10831 383 7518 5409 3928 409 3519 1514 854 659 1435 4184 3986 3657 3025 551 2474 462 1115 734 572 3359
is_linear=0
shrinkage=0.0161


Tree=110
num_leaves=31
num_cat=0
split_feature=164 282 482 495 136 339 410 582 299 489 43 345 134 231 345 523 237 282 473 99 339 240 252 461 331 451 354 370 499 491
split_gain=15124 9765.11 6627.45 5756.77 5844.38 6344.82 5476.04 4553.06 4512.89 5962.87 4041.56 5987.16 4258.65 3655.71 4020.62 5910.47 3574.84 3498.95 3286.64 3931.76 3816.6 2827.58 2662.94 2468.15 2386.46 2357.03 2239.36 2210.43 2263.02 2738.36
threshold=4.5000000000000009 5.5000000000000009 320.50000000000006 313.50000000000006 8.0000000000000018 73.500000000000014 61.500000000000007 216.75000000000003 6.5000000000000009 230.50000000000003 29.500000000000004 20.000000000000004 13.500000000000002 10.500000000000002 10.500000000000002 133.50000000000003 4.5000000000000009 43.500000000000007 8.0000000000000018 3.5000000000000004 29.500000000000004 16.500000000000004 24.500000000000004 35.500000000000007 5.5000000000000009 10.500000000000002 20.000000000000004 29.500000000000004 21.500000000000004 113.50000000000001
decision_type=2 2 2 2 2 2 2 10 2 2 2 2 2 2 2 2 2 2 2 2 2 2 2 2 2 2 2 2 2 2
left_child=8 13 3 4 16 6 7 10 -1 22 24 23 -13 -2 -15 -16 -3 18 -18 -20 21 -21 26 -12 -6 -23 -10 28 -26 -30
right_child=1 2 -4 -5 5 -7 -8 -9 9 -11 11 12 -14 14 15 -17 17 -19 19 20 -22 25 -24 -25 27 -27 -28 -29 29 -31
leaf_value=-0.030260416532670111 -0.018077681023883317 -0.020331205468985848 0.11256945521742701 0.10423403692619303 -0.0015056596457192887 0.12221081403984983 0.10767300958595083 -0.034257162240907357 -0.021457130963309336 0.075237961336298551 0.0095805090036208216 0.047132333563898697 0.15953339559826626 -0.0094361243890151939 0.0068418971963250634 0.10987444057334154 -0.001925475449999402 -0.052799493815602019 0.089215685252960641 -0.0062020399869781801 0.087764978193080614 0.090374456966902328 0.03947849689781717 0.080691736531547084 -0.0034876590912241465 0.0044794722216684587 0.019334034031308255 -0.013195275325514125 0.05593511009173447 0.016836305255412413
leaf_weight=3831 3407 1338 191 192 1277 173 192 371 2258 227 570 167 185 951 414 222 1520 210 254 845 187 173 253 163 405 160 412 336 1038 844
leaf_count=3831 3407 1338 191 192 1277 173 192 371 2258 227 570 167 185 951 414 222 1520 210 254 845 187 173 253 163 405 160 412 336 1038 844
internal_value=0.0012098 0.00993752 0.0185528 0.0168565 0.0152424 0.0261627 0.0231635 0.0201296 -0.0185214 -0.00423711 0.024182 0.0516765 0.106274 -0.00867365 0.0115003 0.0428431 0.00190789 0.0107999 0.0150623 0.0310257 0.0201805 0.0094319 -0.0104172 0.0254259 0.0165268 0.0491743 -0.0151539 0.0253148 0.0309829 0.0384134
internal_weight=22766 15785 10791 10600 10408 5721 5548 5356 6981 3150 4985 1085 352 4994 1587 636 4687 3349 3139 1619 1365 1178 2923 733 3900 333 2670 2623 2287 1882
internal_count=22766 15785 10791 10600 10408 5721 5548 5356 6981 3150 4985 1085 352 4994 1587 636 4687 3349 3139 1619 1365 1178 2923 733 3900 333 2670 2623 2287 1882
is_linear=0
shrinkage=0.0161


Tree=111
num_leaves=31
num_cat=0
split_feature=402 539 16 237 310 173 498 3 61 472 527 517 478 296 162 331 256 484 524 196 490 563 32 563 208 262 443 373 534 543
split_gain=13276.5 5889.16 5862.56 5920.37 5281.19 4887.46 4767.9 4691.27 5284.96 10758.7 5731.95 5151.33 3694.03 3672.98 3407.21 3370.39 3714.09 3343.64 5135.34 5566.59 4581.19 4725.98 3331.65 3022.95 7548.36 2968.83 5342.32 2920.6 2699.59 3730.61
threshold=10.500000000000002 38.500000000000007 4.5000000000000009 8.0000000000000018 10.500000000000002 16.500000000000004 201.50000000000003 20.000000000000004 16.500000000000004 5.5000000000000009 111.50000000000001 83.500000000000014 16.500000000000004 13.500000000000002 16.500000000000004 24.500000000000004 8.0000000000000018 248.50000000000003 102.50000000000001 13.500000000000002 34.500000000000007 91.649997711181655 10.500000000000002 73.549999237060561 5.5000000000000009 16.500000000000004 8.0000000000000018 13.500000000000002 47.500000000000007 95.250000000000014
decision_type=2 2 2 2 2 2 2 2 2 2 2 2 2 2 2 2 2 2 2 2 2 10 2 10 2 2 2 2 2 10
left_child=1 -1 -2 17 15 23 25 8 10 -10 11 14 -11 -12 -5 28 -17 18 19 -4 -21 -22 -15 24 -6 26 -7 -9 29 -3
right_child=2 4 3 7 5 6 -8 27 9 12 13 -13 -14 22 -16 16 -18 -19 -20 20 21 -23 -24 -25 -26 -27 -28 -29 -30 -31
leaf_value=-0.021003221471762281 -0.012260555380103507 -0.0097271191682412397 -0.00012311167175618233 0.0059917080269480394 0.12260327724387572 -0.0038242767853931413 0.11465593758564432 -0.017652074633704318 0.20163414654461756 0.023076709767138541 -0.032924425894978349 0.11755891048083873 0.10760790591351801 0.085623644404562396 0.079480534454536289 -0.0088942928194966839 0.067717620912148516 0.074396488624939819 -0.019571998316422853 0.014614257593444067 0.14325452041800066 0.038343779810411711 -0.009751411129666189 -0.0042364732406788294 -0.0085934329401530837 -0.027471430838386237 0.10711804351942313 0.038728183654129868 -0.0198323465104513 0.07023034813977716
leaf_weight=5592 1457 509 1344 397 182 234 217 520 163 373 389 290 210 188 279 380 288 193 1321 435 212 236 191 1958 302 183 216 439 3927 215
leaf_count=5592 1457 509 1344 397 182 234 217 520 163 373 389 290 210 188 279 380 288 193 1321 435 212 236 191 1958 302 183 216 439 3927 215
internal_value=0.00143276 -0.00813829 0.0171745 0.0231509 0.00021348 0.0162431 0.0494966 0.0384011 0.0500963 0.08595 0.0346577 0.0607587 0.0535657 0.00179694 0.036357 -0.00970302 0.0241008 0.00912544 0.00556827 0.0204914 0.0518951 0.0880416 0.0374965 0.00465868 0.0406922 0.0271221 0.0493757 0.00813249 -0.0145631 0.0139846
internal_weight=22840 14203 8637 7180 8611 3292 850 3439 2480 746 1734 966 583 768 676 5319 668 3741 3548 2227 883 448 379 2442 484 633 450 959 4651 724
internal_count=22840 14203 8637 7180 8611 3292 850 3439 2480 746 1734 966 583 768 676 5319 668 3741 3548 2227 883 448 379 2442 484 633 450 959 4651 724
is_linear=0
shrinkage=0.0161


Tree=112
num_leaves=31
num_cat=0
split_feature=102 498 528 76 173 460 463 225 399 97 251 544 154 561 435 576 586 532 423 105 90 210 219 319 530 599 570 530 380 428
split_gain=14543.6 7788.8 8962.75 7168.15 6955.39 5267.51 6214.03 6603.75 5059.69 5334.52 4412.43 4052.51 6074.45 3892.21 3694.93 3553.94 3332.47 8922.13 3039.17 3674.15 4102.39 6015.94 3253.84 2969.18 2872.63 2770.1 2899.62 2735.13 2898.44 2730.92
threshold=16.500000000000004 185.50000000000003 107.50000000000001 6.5000000000000009 52.000000000000007 16.500000000000004 24.500000000000004 16.500000000000004 29.500000000000004 29.500000000000004 24.500000000000004 228.75000000000003 8.0000000000000018 201.75000000000003 4.5000000000000009 195.05000305175784 198.94999694824222 226.50000000000003 5.5000000000000009 5.5000000000000009 16.500000000000004 10.500000000000002 5.5000000000000009 10.500000000000002 205.50000000000003 216.75000000000003 192.55000305175784 111.50000000000001 10.500000000000002 8.0000000000000018
decision_type=2 2 2 2 2 2 2 2 2 2 2 8 2 10 2 10 8 2 2 2 2 2 2 2 2 10 10 2 2 2
left_child=1 8 -3 11 5 15 24 -8 14 -10 16 -2 -13 -12 -1 18 17 23 -5 -20 21 22 -21 -4 27 26 -16 -7 -29 -18
right_child=3 2 10 4 -6 6 7 -9 9 -11 13 12 -14 -15 25 -17 29 -19 19 20 -22 -23 -24 -25 -26 -27 -28 28 -30 -31
leaf_value=-0.026452214041084932 -0.019015047114775432 0.13266427009699677 0.028626146593794394 -0.0079363305605361523 0.13428727725715364 0.022785794344103098 0.036703244588152585 0.15346833249048888 0.0065726260480912487 0.10509021847779075 0.12263626572436571 -0.019289415388530688 0.10086143347199242 0.010162476839755311 -0.0080784119723441173 -0.043624742290720178 -0.045259012623988362 0.13130118697252335 -0.012365276928416212 0.099408320145279366 0.003807097196410598 0.15213097733652625 0.010425778283711089 -0.042609605783264996 -0.032092825546701217 0.045868970618376012 -0.056583262314927558 0.12507912573992738 0.029506231297251415 0.0064974783642797948
leaf_weight=4358 1315 170 362 647 172 706 239 266 942 168 160 230 207 160 8602 253 481 167 321 168 326 183 293 261 162 237 332 171 160 585
leaf_count=4358 1315 170 362 647 172 706 239 266 942 168 160 230 207 160 8602 253 481 167 321 168 326 183 293 261 162 237 332 171 160 585
internal_value=0.000358426 -0.00716625 0.0200646 0.0223261 0.0340552 0.0296229 0.0508583 0.0982538 -0.0115318 0.0215046 0.011257 -0.00488758 0.0375703 0.0664729 -0.014244 0.0130969 0.0017243 0.026796 0.0205139 0.0347903 0.0504196 0.0739789 0.0429043 -0.00117962 0.0308764 -0.00844021 -0.00988355 0.0407361 0.0789519 -0.016834
internal_weight=22804 16985 2346 5819 4067 3895 1704 505 14639 1110 2176 1752 437 320 13529 2191 1856 790 1938 1291 970 644 461 623 1199 9171 8934 1037 331 1066
internal_count=22804 16985 2346 5819 4067 3895 1704 505 14639 1110 2176 1752 437 320 13529 2191 1856 790 1938 1291 970 644 461 623 1199 9171 8934 1037 331 1066
is_linear=0
shrinkage=0.0161


Tree=113
num_leaves=31
num_cat=0
split_feature=403 232 175 161 259 497 195 253 227 296 190 202 556 435 599 339 493 302 441 339 572 481 219 122 496 594 570 266 397 481
split_gain=12096.5 7075.74 6407.38 6567.57 8128.61 5511.28 5683 5230.33 5069.66 4343.05 4342.85 4260.19 4113.98 4101.74 4342.82 4000.37 4185.31 3897.3 6011.86 6020.11 3718.06 6122.84 3361.42 4684.49 4769.99 3171.02 3992.69 4227.93 3083.57 3054.78
threshold=10.500000000000002 3.5000000000000004 20.000000000000004 20.000000000000004 29.500000000000004 205.50000000000003 6.5000000000000009 29.500000000000004 5.5000000000000009 5.5000000000000009 10.500000000000002 5.5000000000000009 107.54999923706056 6.5000000000000009 148.75000000000003 4.5000000000000009 62.500000000000007 13.500000000000002 6.5000000000000009 4.5000000000000009 220.15000152587893 241.50000000000003 16.500000000000004 5.5000000000000009 105.50000000000001 139.25000000000003 112.95000076293947 10.500000000000002 16.500000000000004 177.50000000000003
decision_type=2 2 2 2 2 2 2 2 2 2 2 2 8 2 10 2 2 2 2 2 10 2 2 2 2 10 10 2 2 2
left_child=1 -1 3 9 5 6 -5 15 10 -2 -3 -8 -10 -12 -15 16 -4 -11 -19 -20 21 22 25 -24 -25 26 -14 -28 -17 -27
right_child=2 8 7 4 -6 -7 11 -9 12 17 13 -13 20 14 -16 28 -18 18 19 -21 -22 -23 23 24 -26 29 27 -29 -30 -31
leaf_value=-0.03039690297574827 -0.018690659700551556 -0.026512948915682923 0.016858204942279607 -0.022921593227944383 0.13794102162309332 -0.057079340283706564 0.10636484968973223 0.11198926007102239 -0.010901012492400275 -0.0019981347778160303 -0.023137072762821717 0.032001750064355863 0.0036919581840415593 0.010534145439704597 0.0996124244895535 -0.0026030532755795615 0.12802150666185644 -0.012870674244300752 0.15035638615623909 0.03815046205532991 -0.029835873922433486 0.090707170980431892 0.10210229989207717 0.086052563303182714 -0.019464785566022193 -0.037475677566165655 0.019212265785806006 0.1198781014649251 0.053888475285539174 0.024607423556669453
leaf_weight=3253 2132 3200 160 316 181 191 297 241 2334 2084 618 614 1117 572 189 752 196 418 162 532 410 302 248 168 327 636 264 184 375 303
leaf_count=3253 2132 3200 160 316 181 191 297 241 2334 2084 618 614 1117 572 189 752 196 418 162 532 410 302 248 168 327 636 264 184 375 303
internal_value=-0.000380636 -0.00956405 0.0146109 0.0076944 0.0363111 0.0233219 0.0358567 0.0423879 -0.00332851 -0.000889407 -0.0162185 0.0562711 0.00604691 0.00765306 0.0326883 0.0310612 0.0781266 0.0109782 0.0353182 0.0643765 0.0160444 0.0213514 0.0148934 0.0449707 0.0162996 0.00595931 0.0200004 0.0606097 0.0161732 -0.0174174
internal_weight=22776 14125 8651 6927 1599 1418 1227 1724 10872 5328 4579 911 6293 1379 761 1483 356 3196 1112 694 3959 3549 3247 743 495 2504 1565 448 1127 939
internal_count=22776 14125 8651 6927 1599 1418 1227 1724 10872 5328 4579 911 6293 1379 761 1483 356 3196 1112 694 3959 3549 3247 743 495 2504 1565 448 1127 939
is_linear=0
shrinkage=0.0161


Tree=114
num_leaves=31
num_cat=0
split_feature=401 483 164 176 252 599 103 269 577 162 268 333 235 489 190 23 257 329 407 478 209 158 318 209 597 485 539 235 373 35
split_gain=18077.3 9917.48 7873.41 7880.03 6499.66 5906.74 4911.27 4515.38 4304.05 6030.95 4822.28 4002.99 3769.86 3300.21 3044.01 3427.41 4305.97 3034.53 4555.53 2944.65 3829.02 3550.61 3260.91 3213.4 2837.47 2762.57 3404.29 2505.11 2497.6 3222.4
threshold=10.500000000000002 293.50000000000006 10.500000000000002 20.000000000000004 24.500000000000004 240.75000000000003 5.5000000000000009 16.500000000000004 130.34999847412112 35.500000000000007 8.0000000000000018 8.0000000000000018 20.000000000000004 228.50000000000003 5.5000000000000009 20.000000000000004 13.500000000000002 5.5000000000000009 8.0000000000000018 8.0000000000000018 24.500000000000004 3.5000000000000004 5.5000000000000009 5.5000000000000009 172.25000000000003 202.50000000000003 190.50000000000003 5.5000000000000009 6.5000000000000009 13.500000000000002
decision_type=2 2 2 2 2 10 2 2 10 2 2 2 2 2 2 2 2 2 2 2 2 2 2 2 8 2 2 2 2 2
left_child=5 2 14 8 7 6 -1 -5 9 12 -11 13 17 -8 -2 25 -17 18 -4 27 21 -21 -23 -24 -10 26 -16 -13 -29 -30
right_child=1 -3 3 4 -6 -7 11 -9 24 10 -12 19 -14 -15 15 16 -18 -19 -20 20 -22 22 23 -25 -26 -27 -28 28 29 -31
leaf_value=-0.022230360312855312 -0.013136109660596626 0.11852006613795248 0.092359338724472592 0.097343022035595611 0.16885254794590637 0.059150906312783032 -0.016832950267300296 0.0077588099803770792 -0.031130932790965026 0.037106829795280259 0.15842452263620846 -0.031297292932537683 0.092283513867743416 0.043650827963175778 0.0028240179897166839 0.018309191331925007 0.10852408483636997 -0.007212812390226254 -0.0055485455662953424 0.084652098767928147 -0.027991610758273947 -0.015370232902342148 0.081055558084090304 0.016797309134706572 0.022047667209008019 -0.047600629463047793 0.07078075859498989 -0.01687051744903429 -0.0016644466621862843 0.084167650548952172
leaf_weight=6199 1851 255 250 312 169 313 4043 275 505 169 172 628 178 248 1793 449 198 755 242 289 313 409 313 571 536 241 214 436 251 206
leaf_count=6199 1851 255 250 312 169 313 4043 275 505 169 172 628 178 248 1793 449 198 755 242 289 313 409 313 571 536 241 214 436 251 206
internal_value=0.00112576 0.0196059 0.0165674 0.034656 0.080804 -0.010003 -0.0115613 0.0554144 0.0222187 0.0375263 0.0983684 -0.00297669 0.0229504 -0.0133318 0.00298272 0.0132969 0.0459538 0.0130348 0.0441536 0.0100239 0.0234186 0.0336051 0.0221773 0.039576 -0.00372722 0.00388736 0.0100818 -0.00664893 0.0106586 0.0369742
internal_weight=22783 8564 8309 3563 756 14219 13906 587 2807 1766 341 7707 1425 4291 4746 2895 647 1247 492 3416 1895 1582 1293 884 1041 2248 2007 1521 893 457
internal_count=22783 8564 8309 3563 756 14219 13906 587 2807 1766 341 7707 1425 4291 4746 2895 647 1247 492 3416 1895 1582 1293 884 1041 2248 2007 1521 893 457
is_linear=0
shrinkage=0.0161


Tree=115
num_leaves=31
num_cat=0
split_feature=403 91 461 198 64 538 455 291 234 550 180 101 229 445 367 486 599 147 551 175 141 59 484 486 38 112 561 583 163 136
split_gain=15597.9 7004.99 7494.91 5465.56 7495.42 7944.14 8564.03 5755.59 4644.58 3974.02 3926.13 3497.27 4667.41 3160.86 3380.3 5817.06 3048.64 4389.28 2994.06 2894.68 3820.04 2785.68 3560.17 2572.66 3836.34 2705.52 2502.81 2448.41 2432.99 2188.77
threshold=6.5000000000000009 87.000000000000014 16.500000000000004 13.500000000000002 20.000000000000004 78.500000000000014 6.5000000000000009 13.500000000000002 5.5000000000000009 247.34999847412112 13.500000000000002 13.500000000000002 29.500000000000004 20.000000000000004 6.5000000000000009 118.50000000000001 204.25000000000003 20.000000000000004 189.94999694824222 24.500000000000004 8.0000000000000018 10.500000000000002 194.50000000000003 97.500000000000014 16.500000000000004 8.0000000000000018 119.25000000000001 177.15000152587893 24.500000000000004 29.500000000000004
decision_type=2 2 2 2 2 2 2 2 2 10 2 2 2 2 2 2 8 2 10 2 2 2 2 2 2 2 10 10 2 2
left_child=8 2 9 19 5 28 -7 -8 29 10 18 16 27 -12 -15 -16 -10 -18 21 23 -21 -2 -23 25 -25 -4 -6 -13 -5 -1
right_child=1 -3 3 4 26 6 7 -9 11 -11 13 12 -14 14 15 -17 17 -19 -20 20 -22 22 -24 24 -26 -27 -28 -29 -30 -31
leaf_value=-0.02815894809386198 -0.011992520682772675 0.11044006159583115 0.0005223067570700598 -0.0024783629512133555 0.035319618436253912 0.21436209756194813 0.1314773555805217 0.0057177410186957664 -0.020667326385205746 0.073984186095767929 0.0072646188979807423 -0.0026922992766036861 0.096924116299329954 -0.00012831036498820621 0.024164649046865438 0.14880752944485101 -0.0056069545250605202 0.072773867004375409 -0.043031390701281924 0.099656769918594346 -0.00028517015417122153 0.0057481147254688199 0.083549952893804971 -0.034115306320612653 0.036913422036052621 0.048744640375155718 -0.049797709010815969 0.052368469257094923 0.073730844418969294 0.023031846936909718
leaf_weight=4476 3169 188 628 270 178 170 218 167 2972 198 1593 1233 165 221 224 172 916 232 514 224 177 2021 165 633 286 582 180 252 181 227
leaf_count=4476 3169 188 628 270 178 170 218 167 2972 198 1593 1233 165 221 224 172 916 232 514 224 177 2021 165 633 286 582 180 252 181 227
internal_value=0.000648435 0.0128993 0.0113907 0.0298111 0.0557954 0.0783118 0.119109 0.0769882 -0.0138063 0.00272178 0.000972366 -0.00412174 0.0156786 0.0192649 0.0502098 0.0783619 -0.0120572 0.0102126 -0.00591178 0.0157928 0.0554841 -0.00234445 0.0116314 0.00830586 -0.011985 0.0237363 -0.00741106 0.0066355 0.0280545 -0.0256831
internal_weight=22832 12359 12171 3894 1364 1006 555 385 10473 8277 8079 5770 1650 2210 617 396 4120 1148 5869 2530 401 5355 2186 2129 919 1210 358 1485 451 4703
internal_count=22832 12359 12171 3894 1364 1006 555 385 10473 8277 8079 5770 1650 2210 617 396 4120 1148 5869 2530 401 5355 2186 2129 919 1210 358 1485 451 4703
is_linear=0
shrinkage=0.0161


Tree=116
num_leaves=31
num_cat=0
split_feature=256 39 438 164 295 280 462 463 271 415 108 180 180 577 589 418 337 540 516 544 461 451 437 433 480 87 182 162 41 441
split_gain=12030.4 8120.69 6365.54 6307.4 6276.18 5421.37 5319.42 7925.56 5106.26 5339.05 4314.04 4175.68 3686.44 6263.85 5168.2 3456.79 3291.94 3289.01 3170.67 2731.49 2681.17 2592.1 4194.66 3648.81 2566.32 2356.36 2330.96 2674.68 2304.36 2322.63
threshold=5.5000000000000009 52.000000000000007 16.500000000000004 13.500000000000002 5.5000000000000009 5.5000000000000009 43.500000000000007 29.500000000000004 16.500000000000004 5.5000000000000009 73.500000000000014 29.500000000000004 13.500000000000002 130.34999847412112 157.84999847412112 10.500000000000002 8.0000000000000018 247.34999847412112 87.500000000000014 240.75000000000003 16.500000000000004 10.500000000000002 16.500000000000004 24.500000000000004 212.50000000000003 13.500000000000002 10.500000000000002 16.500000000000004 3.5000000000000004 3.5000000000000004
decision_type=2 2 2 2 2 2 2 2 2 2 2 2 2 10 10 2 2 10 2 8 2 2 2 2 2 2 2 2 2 2
left_child=5 3 25 10 26 24 8 -8 9 18 17 21 19 -14 -15 -10 -17 28 -6 -7 -21 23 -23 -11 -1 -3 -5 -28 -2 -30
right_child=1 2 -4 4 6 12 7 -9 15 11 -12 -13 13 14 -16 16 -18 -19 -20 20 -22 22 -24 -25 -26 -27 27 -29 29 -31
leaf_value=-0.031283200285719431 -0.022253063556651242 0.0018188007107828189 0.14396338107156648 -0.021427930086969065 0.050985863626473164 -0.01846520928428767 0.016130258535127433 0.15756251652627282 -0.051823914898884167 -0.014351346642117952 0.076595244359074069 0.097555000737943404 -0.0049784231329338055 0.14121062174107402 0.02432822187900378 0.066206275678273571 -0.01815854205664617 0.057363445602153465 0.15156326193274616 -0.0019674731949944077 0.066765797461833934 0.089567779151519464 -0.0085437319428979825 0.065651747267204505 0.029890311782644178 0.079102451484807032 -0.0060804160874382389 0.075258019853091745 -0.021912289880740701 0.0036486434312613604
leaf_weight=3838 1542 263 190 903 167 2858 200 212 291 704 181 199 790 168 237 211 277 229 160 570 198 275 191 187 186 168 289 164 1098 5730
leaf_count=3838 1542 263 190 903 167 2858 200 212 291 704 181 199 790 168 237 211 277 229 160 570 198 275 191 187 186 168 289 164 1098 5730
internal_value=1.08008e-05 0.00938974 0.0662925 0.00671296 0.0223751 -0.0146525 0.035104 0.0889632 0.0267594 0.0411036 -0.00118681 0.0286544 -0.00313123 0.021386 0.0728709 -0.00788338 0.0182706 -0.00282677 0.10027 -0.0112177 0.0157222 0.018533 0.0493042 0.00241301 -0.0284497 0.0319979 -0.00646338 0.0233147 -0.00447637 -0.000458323
internal_weight=22676 13831 621 13210 4430 8845 3074 412 2662 1883 8780 1556 4821 1195 405 779 488 8599 327 3626 768 1357 466 891 4024 431 1356 453 8370 6828
internal_count=22676 13831 621 13210 4430 8845 3074 412 2662 1883 8780 1556 4821 1195 405 779 488 8599 327 3626 768 1357 466 891 4024 431 1356 453 8370 6828
is_linear=0
shrinkage=0.0161


Tree=117
num_leaves=31
num_cat=0
split_feature=104 461 232 350 496 524 480 344 304 216 434 399 1 102 549 232 586 35 17 153 229 522 496 389 378 343 435 116 577 108
split_gain=11922 7734.24 5462.32 5445.46 5436.27 7080.43 5400.98 5325.77 5685.64 4930.6 4932.05 5047.83 4855.75 4582.34 4401.19 4139.06 4642.16 4768.84 3177.99 2935.92 2774.84 2500.41 4909.78 2346.99 2332.32 2510.26 2251.55 2353.47 2213.27 2267.3
threshold=5.5000000000000009 29.500000000000004 10.500000000000002 52.000000000000007 159.50000000000003 153.50000000000003 246.50000000000003 20.000000000000004 8.0000000000000018 13.500000000000002 13.500000000000002 29.500000000000004 16.500000000000004 24.500000000000004 197.65000152587893 20.000000000000004 178.05000305175784 29.500000000000004 4.5000000000000009 3.5000000000000004 13.500000000000002 280.50000000000006 265.50000000000006 20.000000000000004 4.5000000000000009 43.500000000000007 4.5000000000000009 20.000000000000004 184.15000152587893 5.5000000000000009
decision_type=2 2 2 2 2 2 2 2 2 2 2 2 2 2 8 2 10 2 2 2 2 2 2 2 2 2 2 2 10 2
left_child=2 3 20 9 5 7 13 23 -9 18 11 28 -6 -4 -5 16 17 -12 -2 -20 -1 22 24 -3 -21 -26 -22 -28 29 -11
right_child=1 4 6 14 12 -7 -8 8 -10 10 15 -13 -14 -15 -16 -17 -18 -19 19 21 26 -23 -24 -25 25 -27 27 -29 -30 -31
leaf_value=-0.030548934939157949 -0.022920594172761221 0.032502567875894173 -0.010013831453399766 0.092314978132291961 -0.038404682130128071 0.15188413166674161 0.092451145883473348 0.026070925195560035 0.14912617142664084 -0.027407146287648249 0.020380599587710227 0.069819438493013558 0.061401581460001041 0.072622526655027553 -0.0087442726620283479 -0.018655684016650999 0.12865736992966528 0.11893131333833246 -0.021050645623176569 -0.016808419937615043 -0.035939339282056365 -0.051564800814911049 0.088216398123149714 -0.031592467929345704 0.0065245501826513442 0.056418062913384824 -0.0017211255950422618 0.066421491558175783 -0.046818604199979387 0.014036066521571756
leaf_weight=4664 2070 667 1945 310 377 169 167 188 203 495 627 257 190 191 174 225 193 160 1378 1058 362 193 188 190 3612 282 627 166 294 1108
leaf_count=4664 2070 667 1945 310 377 169 167 188 203 495 627 257 190 191 174 225 193 160 1378 1058 362 193 188 190 3612 282 627 166 294 1108
internal_value=-0.00107062 0.00762263 -0.016709 0.00297639 0.0371743 0.0540339 0.0042698 0.0407645 0.0900191 0.000863085 0.0174543 0.00285089 -0.00491839 -0.00261351 0.0559351 0.043539 0.0578424 0.0404462 -0.00548087 -9.80951e-05 -0.0250158 0.00531145 0.00745165 0.018265 0.00438071 0.0101438 -0.00265214 0.0125136 -0.00620941 0.00122389
internal_weight=22730 14608 8122 12624 1984 1417 2303 1248 391 12140 3359 2154 567 2136 484 1205 980 787 8781 6711 5819 5333 5140 857 4952 3894 1155 793 1897 1603
internal_count=22730 14608 8122 12624 1984 1417 2303 1248 391 12140 3359 2154 567 2136 484 1205 980 787 8781 6711 5819 5333 5140 857 4952 3894 1155 793 1897 1603
is_linear=0
shrinkage=0.0161


Tree=118
num_leaves=31
num_cat=0
split_feature=461 541 43 180 16 358 583 398 574 492 309 45 399 599 579 4 59 398 196 214 158 243 532 406 13 284 255 343 297 515
split_gain=11833.1 10186.4 5875.88 5576.13 5445.42 5047.96 4174.11 4046.1 5624.46 5505.69 3920.21 4395.1 3765.19 3539.42 4317.26 3969.4 3343.79 3306.62 3129.89 3077.61 3193.9 3017.77 4620.82 2965.92 2668.48 2434.26 3332.13 2371.12 2359.12 2233.45
threshold=13.500000000000002 238.25000000000003 4.5000000000000009 13.500000000000002 35.500000000000007 35.500000000000007 103.85000228881837 13.500000000000002 145.55000305175784 219.50000000000003 6.5000000000000009 29.500000000000004 35.500000000000007 216.75000000000003 204.25000000000003 8.0000000000000018 10.500000000000002 4.5000000000000009 8.0000000000000018 20.000000000000004 5.5000000000000009 29.500000000000004 92.500000000000014 13.500000000000002 10.500000000000002 20.000000000000004 10.500000000000002 6.5000000000000009 3.5000000000000004 72.500000000000014
decision_type=2 10 2 2 2 2 8 2 10 2 2 2 2 10 10 2 2 2 2 2 2 2 2 2 2 2 2 2 2 2
left_child=2 4 21 13 7 10 -6 8 19 12 -5 17 24 14 18 -15 -14 -12 28 25 -21 -1 -23 -8 29 -2 -27 -19 -4 -9
right_child=1 -3 3 5 6 -7 23 9 -10 -11 11 -13 16 15 -16 -17 -18 27 -20 20 -22 22 -24 -25 -26 26 -28 -29 -30 -31
leaf_value=-0.024820369058972509 -0.0040213753009769558 0.11222981948000299 -0.035802823915251587 -0.010463117247438035 0.10576647084415246 0.092585357514456693 -0.008683113868998376 0.015084807962662117 -0.036903849886686102 0.094810949145072113 0.071486894154156044 0.10921774958142769 0.10629950957762453 0.097818774879402784 -0.069012509688424747 -0.007253183601377805 0.013854020683428397 -0.022599314481899044 0.006537885176352962 0.09917835418661379 0.0090131862071101028 -0.031946572471447179 0.0869936843293274 0.072462083882532877 0.023751940448891729 -0.0082268126134532032 0.086415525990848494 0.027867641240822163 -0.0088686760057860633 -0.043830469582875044
leaf_weight=4884 2176 282 1130 1080 266 223 272 289 894 264 257 162 203 171 309 204 204 416 2595 187 225 177 162 204 865 189 196 574 3334 393
leaf_count=4884 2176 282 1130 1080 266 223 272 289 894 264 257 162 203 171 309 204 204 416 2595 187 225 177 162 204 865 189 196 574 3334 393
internal_value=0.000162878 0.0173934 -0.0076486 -0.000679773 0.0134726 0.0191851 0.0546554 0.00844694 -0.00149008 0.0257824 0.0125994 0.0302936 0.016444 -0.00764053 -0.0100988 0.0405969 0.060021 0.0200215 -0.00751658 0.00915115 0.0499948 -0.0215938 0.0248227 0.026044 0.00496417 0.00257126 0.0398936 0.00663755 -0.015692 -0.0188304
internal_weight=22787 7109 15678 10455 6827 2712 742 6085 3867 2218 2489 1409 1954 7743 7368 375 407 1247 7059 2973 412 5223 339 476 1547 2561 385 990 4464 682
internal_count=22787 7109 15678 10455 6827 2712 742 6085 3867 2218 2489 1409 1954 7743 7368 375 407 1247 7059 2973 412 5223 339 476 1547 2561 385 990 4464 682
is_linear=0
shrinkage=0.0161


Tree=119
num_leaves=31
num_cat=0
split_feature=103 188 402 468 295 181 37 106 391 100 197 39 82 396 338 287 43 539 267 576 278 455 509 494 152 401 331 245 100 509
split_gain=11046.7 6908.12 6248.54 4481.57 4312.88 4247.96 4859.69 4126.68 4504.42 3978.66 3798.46 3335.22 3881.99 3334.12 4649.69 3545.02 3091.13 2878.4 2815.73 2720.57 2619.04 2500.48 2447.84 4687.68 3507.08 3347.42 2238.54 2282.69 3382.15 2866.87
threshold=4.5000000000000009 8.0000000000000018 20.000000000000004 43.500000000000007 4.5000000000000009 29.500000000000004 6.5000000000000009 10.500000000000002 29.500000000000004 13.500000000000002 24.500000000000004 29.500000000000004 29.500000000000004 35.500000000000007 10.500000000000002 43.500000000000007 35.500000000000007 241.50000000000003 8.0000000000000018 164.05000305175784 10.500000000000002 35.500000000000007 135.50000000000003 117.50000000000001 8.0000000000000018 29.500000000000004 16.500000000000004 10.500000000000002 10.500000000000002 159.50000000000003
decision_type=2 2 2 2 2 2 2 2 2 2 2 2 2 2 2 2 2 2 2 8 2 2 2 2 2 2 2 2 2 2
left_child=13 4 5 10 -2 9 -7 26 16 17 22 12 -11 15 -15 21 -9 -3 -13 -8 -12 -1 23 25 -24 -4 27 29 -29 -6
right_child=1 2 3 -5 7 6 19 8 -10 11 20 18 -14 14 -16 -17 -18 -19 -20 -21 -22 -23 24 -25 -26 -27 -28 28 -30 -31
leaf_value=-0.025484262640827312 -0.0185578153624134 -0.010509071303376893 0.0034323498679927917 0.12558143778438366 0.00045804359579861719 0.1215501636352993 0.057554021099515677 0.0060082717682153376 0.07981558618108682 0.0025169121246440569 0.13279694509793807 0.020309149745460817 0.085774976610009476 0.090037219891544798 -0.027113271437193363 0.045764503286865814 0.059755660274006611 0.050608766183227037 0.11084116129796491 -0.027585108883678697 0.040401026616661458 0.025672781206003845 0.04486597601350753 0.11473061506611791 -0.039833494130224058 0.083179104170235413 -0.030072969795904288 -0.0030382927902481744 0.065409138381672977 -0.048980995451459029
leaf_weight=5449 2833 2799 557 160 1840 177 220 2094 295 1162 160 169 166 172 179 200 320 215 190 174 160 259 225 180 290 181 773 466 312 364
leaf_count=5449 2833 2799 557 160 1840 177 220 2094 295 1162 160 169 166 172 179 200 320 215 190 174 160 259 225 180 290 181 773 466 312 364
internal_value=0.000252932 0.00716884 0.0190257 0.0439541 -0.00199197 0.00997571 0.0514474 0.00526476 0.0204119 0.00493341 0.0364904 0.0247338 0.0129419 -0.0179552 0.0302268 -0.0208217 0.0131428 -0.0061415 0.0682886 0.0198948 0.0866725 -0.0231589 0.0252679 0.0410303 -0.00278317 0.0230227 -0.00565669 0.000664651 0.0243808 -0.00769635
internal_weight=22741 16482 7185 1913 9297 5272 571 6464 2709 4701 1753 1687 1328 6259 351 5908 2414 3014 359 394 320 5708 1433 918 515 738 3755 2982 778 2204
internal_count=22741 16482 7185 1913 9297 5272 571 6464 2709 4701 1753 1687 1328 6259 351 5908 2414 3014 359 394 320 5708 1433 918 515 738 3755 2982 778 2204
is_linear=0
shrinkage=0.0161


Tree=120
num_leaves=31
num_cat=0
split_feature=162 343 15 148 166 73 297 579 171 556 493 206 486 170 463 358 236 399 503 530 480 347 525 556 459 229 37 143 318 231
split_gain=11979.8 9815.76 5418.17 5679.87 7637.51 6376.12 5487.93 5113.94 5000.05 5013.61 4318.91 3829.08 3740.9 4924.49 4543.68 3873.54 3711.47 4607.69 5311.11 13335 3336.88 3264.35 4745.43 3175.99 3160.24 2853.62 2813.29 2307.44 3289.92 4642.45
threshold=4.5000000000000009 10.500000000000002 20.000000000000004 13.500000000000002 24.500000000000004 8.0000000000000018 13.500000000000002 101.04999923706056 35.500000000000007 235.84999847412112 241.50000000000003 6.5000000000000009 138.50000000000003 6.5000000000000009 29.500000000000004 8.0000000000000018 10.500000000000002 5.5000000000000009 150.50000000000003 176.50000000000003 115.50000000000001 5.5000000000000009 171.50000000000003 84.750000000000014 29.500000000000004 8.0000000000000018 10.500000000000002 16.500000000000004 5.5000000000000009 8.0000000000000018
decision_type=2 2 2 2 2 2 2 8 2 10 2 2 2 2 2 2 2 2 2 2 2 2 2 8 2 2 2 2 2 2
left_child=10 11 8 7 5 -5 -7 23 9 12 25 -2 13 -3 27 -16 24 -18 -19 -20 -10 22 -14 -4 -13 -1 -26 28 -15 -30
right_child=1 2 3 4 -6 6 -8 -9 20 -11 -12 16 21 14 15 -17 17 18 19 -21 -22 -23 -24 -25 26 -27 -28 -29 29 -31
leaf_value=-0.02710833701482741 -0.012976988383996971 -0.0067578261224563235 0.030485100478262164 -0.029818532097620462 0.17941397679912544 0.036636735626596535 0.15611645607617636 0.00078857601700317039 0.023705827129361146 0.087477003270023779 0.042209620636809858 -0.0093871260300056637 -0.028594109006730366 -0.0073301616194376982 0.14463542122508552 0.033747496962354601 -0.014160191778959115 0.019419021721303831 0.20157146384620594 0.014736674887660476 0.12198387882039304 -0.034626408285553627 0.08177572379767184 0.11810997458287874 -0.00258269109081546 -0.0047900794888324633 0.092031394716619155 -0.01632342132480696 0.012693839918902201 0.11166805452452216
leaf_weight=4486 4561 1327 245 168 160 233 175 818 186 200 305 2543 228 293 163 165 506 798 167 244 174 901 181 192 165 2224 160 313 254 239
leaf_count=4486 4561 1327 245 168 160 233 175 818 186 200 305 2543 228 293 163 165 506 798 167 244 174 901 181 192 165 2224 160 313 254 239
internal_value=0.000481822 0.00827361 0.0232131 0.0454237 0.080947 0.0535542 0.0879419 0.0245722 0.0136446 0.00877373 -0.0170188 -0.00253145 0.00489474 0.0155527 0.0363163 0.0889251 0.00785881 0.0265965 0.0436738 0.0907098 0.0712723 -0.0174935 0.0201917 0.0690378 -0.00333772 -0.0197146 0.0439241 0.0205936 0.0353246 0.060723
internal_weight=22774 15759 6615 1991 736 576 408 1255 4624 4264 7015 9144 4064 2754 1427 328 4583 1715 1209 411 360 1310 409 437 2868 6710 325 1099 786 493
internal_count=22774 15759 6615 1991 736 576 408 1255 4624 4264 7015 9144 4064 2754 1427 328 4583 1715 1209 411 360 1310 409 437 2868 6710 325 1099 786 493
is_linear=0
shrinkage=0.0161


Tree=121
num_leaves=31
num_cat=0
split_feature=15 40 164 152 489 584 147 555 551 457 82 138 121 436 461 174 582 494 180 592 253 490 351 592 414 267 524 121 16 227
split_gain=12758.7 10903.7 6443.34 5289.84 4781.17 8893.28 4437.9 4385.61 4145.56 4073.53 4761.85 3674.26 6550.38 3567.42 3906.17 6431.35 3972.19 4158.49 3458.42 6571.72 3334.96 3138 3601.39 5795.5 3103.25 3136.5 3007.23 2853.92 2746.93 2665.9
threshold=6.5000000000000009 29.500000000000004 4.5000000000000009 35.500000000000007 193.50000000000003 191.15000152587893 13.500000000000002 260.05000305175787 240.75000000000003 35.500000000000007 13.500000000000002 20.000000000000004 10.500000000000002 8.0000000000000018 16.500000000000004 24.500000000000004 111.64999771118165 55.500000000000007 13.500000000000002 172.25000000000003 6.5000000000000009 198.50000000000003 16.500000000000004 205.94999694824222 16.500000000000004 16.500000000000004 177.50000000000003 13.500000000000002 1.0000000180025095e-35 16.500000000000004
decision_type=2 2 2 2 2 10 2 10 8 2 2 2 2 2 2 2 8 2 2 10 2 2 2 8 2 2 2 2 2 2
left_child=4 2 24 11 9 6 8 13 -6 28 -11 20 -13 18 21 16 17 -16 -4 -20 -3 22 -15 -24 -2 -26 29 -23 -1 -22
right_child=1 3 7 -5 5 -7 -8 -9 -10 10 -12 12 -14 14 15 -17 -18 -19 19 -21 26 27 23 -25 25 -27 -28 -29 -30 -31
leaf_value=-0.047513660596048744 -0.022735797478481153 -0.023428514075892245 -0.010918684495849193 0.13340675179479147 -0.0084686938671903831 -0.037173809438913998 0.12656535493922866 0.094795791064663751 0.095068486550989914 -0.010598003560930012 0.095569104436665844 0.01995716648250951 0.1611055735717988 0.0057857952835131581 0.031898594903811306 0.11365225696009 0.004260092413859831 0.12854019179922435 0.004451859448571311 0.11153450026559249 0.011661993692829123 0.0012872327422571263 0.021846432572654138 0.13344372350531578 -0.0086412973209556883 0.06515088512337984 0.10280306556423502 -0.080311117065974921 -0.016312188350796598 0.081029140766223265
leaf_weight=814 2397 269 2507 173 262 416 180 167 162 289 176 182 161 1933 405 262 832 162 774 184 624 309 484 161 435 227 167 173 7299 187
leaf_count=814 2397 269 2507 173 262 416 180 167 162 289 176 182 161 1933 405 262 832 162 774 184 624 309 484 161 435 227 167 173 7299 187
internal_value=0.00125002 0.0115367 0.00577751 0.0488027 -0.0128678 0.0200747 0.0595431 0.0130999 0.0310348 -0.0167877 0.0295351 0.0395825 0.0862791 0.0114304 0.0205361 0.040418 0.0266861 0.059552 -0.000969114 0.0250434 0.0267193 0.00973629 0.0167917 0.049739 -0.0142097 0.0166265 0.0405365 -0.0279513 -0.0194456 0.0276857
internal_weight=22773 13175 11412 1763 9598 1020 604 8353 424 8578 465 1590 343 8186 4721 1661 1399 567 3465 958 1247 3060 2578 645 3059 662 978 482 8113 811
internal_count=22773 13175 11412 1763 9598 1020 604 8353 424 8578 465 1590 343 8186 4721 1661 1399 567 3465 958 1247 3060 2578 645 3059 662 978 482 8113 811
is_linear=0
shrinkage=0.0161


Tree=122
num_leaves=31
num_cat=0
split_feature=283 402 120 487 422 544 474 596 585 136 133 512 596 334 402 307 101 311 460 355 579 403 485 403 371 555 399 319 577 460
split_gain=12014 6573.68 5636.49 5407.87 5067.59 4835.57 5283.38 5428.58 7841.95 4537.06 4477.14 3710.8 5383.62 3351.95 4815.06 3344.24 3051.93 3033.64 2967.75 2651.75 2548.69 3795.36 2638.61 2439.17 2259.95 2187.74 2162.62 2151.37 3217.12 2097.34
threshold=5.5000000000000009 6.5000000000000009 10.500000000000002 246.50000000000003 8.0000000000000018 240.75000000000003 29.500000000000004 76.350002288818374 112.95000076293947 6.5000000000000009 2.5000000000000004 193.50000000000003 175.25000000000003 20.000000000000004 16.500000000000004 8.0000000000000018 52.000000000000007 16.500000000000004 13.500000000000002 43.500000000000007 124.95000076293947 35.500000000000007 252.50000000000003 6.5000000000000009 35.500000000000007 102.64999771118165 8.0000000000000018 13.500000000000002 133.05000305175784 5.5000000000000009
decision_type=2 2 2 2 2 10 2 10 10 2 2 2 10 2 2 2 2 2 2 2 8 2 2 2 2 8 2 2 8 2
left_child=3 19 9 23 -5 6 10 -8 -9 18 -4 12 13 15 -15 17 20 -12 -3 24 21 25 -22 29 -2 -11 -20 -25 -29 -1
right_child=1 2 5 4 -6 -7 7 8 -10 16 11 -13 -14 14 -16 -17 -18 -19 26 -21 22 -23 -24 27 -26 -27 -28 28 -30 -31
leaf_value=-0.034101301662604451 -0.013622140651929284 -0.02659014003979504 0.090873276998785599 -0.016279358757080236 0.10378573991616161 0.11746479849773407 -0.0070890873195968108 0.18720116854342775 0.045690804694108737 0.0058720352254763948 0.0046823533594298247 -0.027528867691336893 0.095678718689366532 -0.0013522586681163908 0.10436092989950625 -0.023431221440764601 0.072064555261269661 0.070755768244560147 0.049665759627973108 0.047402019100529935 -0.0075581366299063138 0.094706096305757007 0.050916448031001718 -0.013054600800475531 0.032358179359251713 0.053426441577351817 -0.0082825031816315571 -0.011237601570317291 0.069264167942900579 -0.015463048839849357
leaf_weight=2772 4080 1407 206 179 185 161 165 168 258 961 641 482 229 219 227 715 241 251 270 215 1581 194 229 1487 297 340 436 285 234 3611
leaf_count=2772 4080 1407 206 179 185 161 165 168 258 961 641 482 229 219 227 715 241 251 270 215 1581 194 229 1487 297 340 436 285 234 3611
internal_value=-0.00126435 0.00799947 0.0157264 -0.0160555 0.0446781 0.031116 0.0272054 0.0711816 0.101553 0.00560034 0.0184466 0.0130402 0.0216194 0.0133471 0.0523997 0.00249394 0.0167314 0.0233011 -0.0130685 -0.0077808 0.0126894 0.0282462 -0.000146967 -0.0186935 -0.0104968 0.0183179 0.0138457 -0.00319396 0.0250126 -0.0235609
internal_weight=22726 13973 9381 8753 364 3722 3561 591 426 5659 2970 2764 2282 2053 446 1607 3546 892 2113 4592 3305 1495 1810 8389 4377 1301 706 2006 519 6383
internal_count=22726 13973 9381 8753 364 3722 3561 591 426 5659 2970 2764 2282 2053 446 1607 3546 892 2113 4592 3305 1495 1810 8389 4377 1301 706 2006 519 6383
is_linear=0
shrinkage=0.0161


Tree=123
num_leaves=31
num_cat=0
split_feature=282 236 211 401 316 541 214 490 305 76 39 57 545 520 146 329 162 502 550 404 444 103 200 516 140 268 394 396 287 575
split_gain=12442.2 7468.25 5775.12 4722.38 5037.79 6125.71 8016.11 4667.34 4381.34 4372.36 3839.71 3412.05 3224.04 4057.78 3109.21 4620.99 3088.11 2966.56 5331.41 2956.16 2502.99 2765.46 3129.68 4182.49 2490.34 2474.34 3050.44 2465.7 2444.78 3777.77
threshold=5.5000000000000009 10.500000000000002 43.500000000000007 8.0000000000000018 29.500000000000004 187.55000305175784 16.500000000000004 117.50000000000001 10.500000000000002 6.5000000000000009 43.500000000000007 6.5000000000000009 238.25000000000003 240.50000000000003 13.500000000000002 8.0000000000000018 35.500000000000007 109.50000000000001 96.450000762939467 6.5000000000000009 10.500000000000002 6.5000000000000009 6.5000000000000009 104.50000000000001 35.500000000000007 10.500000000000002 10.500000000000002 35.500000000000007 13.500000000000002 131.05000305175784
decision_type=2 2 2 2 2 10 2 2 2 2 2 2 10 2 2 2 2 2 8 2 2 2 2 2 2 2 2 2 2 8
left_child=19 9 3 20 5 7 -7 14 -6 -2 12 -12 13 16 -5 -16 24 18 -18 27 21 -3 -23 -24 -11 -9 -27 -1 -21 -30
right_child=1 2 -4 4 8 6 -8 25 -10 10 11 -13 -14 -15 15 -17 17 -19 -20 28 -22 22 23 -25 -26 26 -28 -29 29 -31
leaf_value=-0.026408891996732315 -0.014527141512997268 -0.020271208776218668 0.094009615099621649 0.011969018808024052 0.13766530682186645 0.12495438741495191 -0.014669963061291331 -0.052036177894271583 0.030302107240433526 0.0056231247550436536 0.010199614072078434 0.11075572875365008 0.076401171227182832 -0.054098289301089834 0.12046011526935028 0.022639195182082354 0.0084307889626767021 -0.011191059088848416 0.13724607367732905 -0.013254147028273933 -0.021649177473012322 -0.0014856229967530206 0.014263644006490163 0.1257701180677897 -0.043122375816817077 0.05137291756369667 -0.038450418703007062 0.029566878293359588 -0.01595253570976039 0.042199442510085027
leaf_weight=4625 3358 347 291 934 205 310 162 339 191 3724 176 175 160 303 206 321 169 165 165 2856 804 308 179 171 293 200 192 213 553 607
leaf_count=4625 3358 347 291 934 205 310 162 339 191 3724 176 175 160 303 206 321 169 165 165 2856 804 308 179 171 293 200 192 213 553 607
internal_value=-0.000555244 0.00897424 0.0243161 0.0201459 0.0323372 0.0243603 0.0769826 0.0130184 0.085941 -0.000134922 0.00892803 0.0604015 0.00529463 0.00292887 0.0296428 0.0609213 0.00676031 0.0445368 0.0721376 -0.0154624 -0.000463094 0.0164624 0.0358698 0.0688098 0.00206177 -0.0201753 0.00731777 -0.0239396 -0.00524416 0.0144567
internal_weight=22702 13848 5160 4869 3060 2664 472 2192 396 8688 5330 351 4979 4819 1461 527 4516 499 334 8854 1809 1005 658 350 4017 731 392 4838 4016 1160
internal_count=22702 13848 5160 4869 3060 2664 472 2192 396 8688 5330 351 4979 4819 1461 527 4516 499 334 8854 1809 1005 658 350 4017 731 392 4838 4016 1160
is_linear=0
shrinkage=0.0161


Tree=124
num_leaves=31
num_cat=0
split_feature=136 489 584 62 222 580 92 236 98 545 411 591 523 34 412 142 501 38 156 95 175 292 72 270 366 78 210 224 229 168
split_gain=9732.76 6238.46 11199.3 10609.5 5874.63 5295.49 6473.51 5243.51 4569.44 4307.41 4025.83 10086.7 4443.24 5224.75 3731.28 4145.21 6709.88 3534.01 3448.69 3171.65 3052.72 2827.16 2709.31 2694.19 2681.64 2517.8 2369.29 2324.23 3976.9 2489.64
threshold=6.5000000000000009 221.50000000000003 182.25000000000003 8.0000000000000018 29.500000000000004 116.54999923706056 6.5000000000000009 6.5000000000000009 13.500000000000002 251.25000000000003 29.500000000000004 203.05000305175784 248.50000000000003 43.500000000000007 13.500000000000002 10.500000000000002 129.50000000000003 43.500000000000007 8.0000000000000018 29.500000000000004 20.000000000000004 16.500000000000004 20.000000000000004 5.5000000000000009 13.500000000000002 35.500000000000007 10.500000000000002 24.500000000000004 6.5000000000000009 35.500000000000007
decision_type=2 2 10 2 2 10 2 2 2 10 2 8 2 2 2 2 2 2 2 2 2 2 2 2 2 2 2 2 2 2
left_child=1 14 3 -3 7 8 -7 19 18 10 12 21 13 17 20 -16 -17 25 -6 -2 -1 -12 24 -21 -22 27 -4 29 -29 -9
right_child=4 2 26 -5 5 6 -8 9 -10 -11 11 -13 -14 -15 15 16 -18 -19 -20 23 22 -23 -24 -25 -26 -27 -28 28 -30 -31
leaf_value=-0.023087935404099674 -0.010304941581599669 0.019237282394964948 0.010233263469583882 0.19488519849419833 0.0053686757410949465 0.084108809395944201 -0.02993553417949971 0.00067488132951506975 0.11993864431676016 0.091797858603639787 0.057497976042771057 0.14294192568177533 -0.047235072407302903 0.083002755227092398 -0.012887105772485998 0.0031617636353711872 0.094709562645736503 0.067668737960188977 0.092785044620579279 -0.015291013086666472 -0.02460727673900797 -0.020622102247122239 0.065898435856155332 0.061263211795878847 0.043358141716298912 -0.036950952368911286 -0.070024162165029297 0.10593411037773712 0.0042580072649337523 0.064643635471324998
leaf_weight=6699 4266 196 213 164 301 188 411 2850 292 194 200 213 337 263 1756 788 282 249 192 191 524 300 172 315 211 337 172 166 251 167
leaf_count=6699 4266 196 213 164 301 188 411 2850 292 194 200 213 337 263 1756 788 282 249 192 191 524 300 172 315 211 337 172 166 251 167
internal_value=0.000490946 -0.0102484 0.0347527 0.09932 0.0107671 0.0419139 0.00581872 0.0065793 0.0694266 0.0172548 0.0145387 0.0501537 0.0090372 0.0134704 -0.0134644 0.00232477 0.0273113 0.00891552 0.0394609 -0.00578029 -0.0193339 0.0105789 0.00836702 0.0323197 -0.00506409 0.00502979 -0.0255609 0.00915647 0.0447898 0.00422355
internal_weight=22860 11177 745 360 11683 1384 599 10299 785 5527 5333 713 4620 4283 10432 2826 1070 4020 493 4772 7606 500 907 506 735 3771 385 3434 417 3017
internal_count=22860 11177 745 360 11683 1384 599 10299 785 5527 5333 713 4620 4283 10432 2826 1070 4020 493 4772 7606 500 907 506 735 3771 385 3434 417 3017
is_linear=0
shrinkage=0.0161


Tree=125
num_leaves=31
num_cat=0
split_feature=103 75 284 541 25 514 473 596 534 471 510 539 463 447 466 280 173 46 524 231 561 529 296 16 101 271 174 161 179 117
split_gain=10247.3 5972.36 6057.36 5414.89 6075.51 7866.18 5748.95 6894.49 6250.65 6566.46 5355.97 5260.23 4677.53 3977.07 4262.66 4875.03 3965.9 3019.73 4862.01 2981.86 2759.82 3061.39 2690.91 2659.07 2567.46 3377.81 2452.69 2294.4 3648.94 4449.92
threshold=4.5000000000000009 13.500000000000002 20.000000000000004 146.25000000000003 5.5000000000000009 288.50000000000006 8.0000000000000018 141.55000305175784 163.50000000000003 16.500000000000004 113.50000000000001 87.500000000000014 20.000000000000004 24.500000000000004 10.500000000000002 10.500000000000002 8.0000000000000018 29.500000000000004 111.50000000000001 6.5000000000000009 180.15000152587893 208.50000000000003 8.0000000000000018 1.0000000180025095e-35 13.500000000000002 13.500000000000002 8.0000000000000018 24.500000000000004 4.5000000000000009 10.500000000000002
decision_type=2 2 2 10 2 2 2 8 2 2 2 2 2 2 2 2 2 2 2 2 8 2 2 2 2 2 2 2 2 2
left_child=19 3 13 17 -5 6 20 -8 -9 -10 11 12 -4 27 22 -16 -12 23 -19 26 -6 -22 -15 -2 -21 -26 -1 -3 -29 -30
right_child=1 2 10 4 5 -7 7 8 9 -11 16 -13 -14 14 15 -17 -18 18 -20 24 21 -23 -24 -25 25 -27 -28 28 29 -31
leaf_value=-0.03588894921457516 -0.047576256872754581 -0.001614740391923713 -0.0052801492988293298 -0.020226969544410035 -0.017769870389853726 -0.068384296219477114 0.16863212124952062 -0.017143058517624477 0.035071394802964527 0.14849088975134364 0.061558704266786703 0.1479918205509631 0.091391879216130886 -0.042632826234313304 0.14552083853935452 0.027582263777019975 -0.020422528090568597 -0.000223382187760853 0.096695599102950835 -0.012553562670525981 0.087764827410941035 -0.0058821671735199291 0.04095598382745521 -0.0071928261378733822 -6.7158764665226141e-05 0.083096773673867558 -0.0072781307259808959 -0.034346761020713934 0.093822134027036153 0.0036657319447324743
leaf_weight=2407 451 3097 217 695 378 171 161 232 317 228 269 207 321 160 176 189 354 501 183 2107 195 168 265 6794 414 182 1150 175 290 279
leaf_count=2407 451 3097 217 695 378 171 161 232 317 228 269 207 321 160 176 189 354 501 183 2107 195 168 265 6794 414 182 1150 175 290 279
internal_value=0.000575825 0.00724033 0.0200498 -9.40463e-05 0.0203366 0.035588 0.0461912 0.0726756 0.0527624 0.0825635 0.0498209 0.0789601 0.0523559 0.0112503 0.0441523 0.0845158 0.0149377 -0.0066547 0.0256723 -0.0169579 0.0126341 0.0443592 0.00943188 -0.00970994 -0.00420072 0.025289 -0.0266455 0.00447698 0.0298662 0.0496568
internal_weight=22733 16473 5999 10474 2545 1850 1679 938 777 545 1368 745 538 4631 790 365 623 7929 684 6260 741 363 425 7245 2703 596 3557 3841 744 569
internal_count=22733 16473 5999 10474 2545 1850 1679 938 777 545 1368 745 538 4631 790 365 623 7929 684 6260 741 363 425 7245 2703 596 3557 3841 744 569
is_linear=0
shrinkage=0.0161


Tree=126
num_leaves=31
num_cat=0
split_feature=164 544 596 170 476 259 194 459 539 16 455 534 319 397 53 453 463 107 238 225 502 395 555 509 187 577 559 164 482 139
split_gain=11633.9 8481.09 9399.92 5067.37 4573.41 5111.98 4978.41 4443.38 4385.64 4091.35 3938.96 5883.46 3851.45 4546.18 4322.21 3582.67 3375.29 4621.08 3370.44 3121.41 2858.88 2737.18 2705.5 2671.93 2799.91 2615.66 3573.98 2506.87 2436.18 2424.01
threshold=10.500000000000002 240.75000000000003 205.94999694824222 16.500000000000004 10.500000000000002 43.500000000000007 10.500000000000002 29.500000000000004 218.50000000000003 2.5000000000000004 8.0000000000000018 139.50000000000003 24.500000000000004 4.5000000000000009 13.500000000000002 24.500000000000004 5.5000000000000009 52.000000000000007 8.0000000000000018 29.500000000000004 182.50000000000003 4.5000000000000009 280.05000305175787 126.50000000000001 10.500000000000002 213.05000305175784 170.05000305175784 35.500000000000007 171.50000000000003 2.5000000000000004
decision_type=2 10 10 2 2 2 2 2 2 2 2 2 2 2 2 2 2 2 2 2 2 2 8 2 2 10 10 2 2 2
left_child=1 3 -3 9 5 18 10 8 20 -1 11 21 13 -8 -14 23 -11 29 25 22 -5 -6 28 24 -15 26 -2 -12 -20 -18
right_child=4 2 -4 7 6 -7 12 -9 -10 16 27 -13 14 15 -16 -17 17 -19 19 -21 -22 -23 -24 -25 -26 -27 -28 -29 -30 -31
leaf_value=-0.037410652108816944 -0.012382836885226274 0.16129192619515734 -0.01027719066216376 -0.010687983149141704 -0.023637134420986815 0.083142858034076186 0.097833248999408401 0.066479794425352526 0.06917402550598542 -0.020618520349976816 0.0044554164206849125 0.10134918015988799 0.0421869461096296 0.00090615918588755407 0.15968898075981944 0.083268440840778349 -0.032678166730513415 0.08241307772602352 0.012814810998578112 0.074855379118284521 0.047620855268241578 0.043371995340624241 0.054155508699172926 -0.026626788297645993 0.082073849989768438 -0.070883228841407964 0.051788711399027916 -0.055838923841292736 -0.042642131310655855 -2.196836959082129e-05
leaf_weight=1729 2163 160 171 2037 308 208 263 315 231 4589 825 263 165 283 161 202 681 164 819 228 244 324 291 343 181 171 251 228 274 4381
leaf_count=1729 2163 160 171 2037 308 208 263 315 231 4589 825 263 165 283 161 202 681 164 819 228 244 324 291 343 181 171 251 228 274 4381
internal_value=0.000504126 -0.00797973 0.0725854 -0.00983699 0.0161944 0.00523241 0.0298052 0.00947716 0.00231977 -0.0145689 0.0125111 0.0373487 0.0508724 0.0381889 0.100289 0.022619 -0.0105427 -0.00169046 0.00136562 0.0196409 -0.00444033 0.0106784 0.0105279 0.0074087 0.0326193 -0.0100217 -0.00570073 -0.00857742 -0.00106594 -0.00441992
internal_weight=22653 14702 331 14371 7951 4405 3546 2827 2512 11544 1948 895 1598 1272 326 1009 9815 5226 4197 1612 2281 632 1384 807 464 2585 2414 1053 1093 5062
internal_count=22653 14702 331 14371 7951 4405 3546 2827 2512 11544 1948 895 1598 1272 326 1009 9815 5226 4197 1612 2281 632 1384 807 464 2585 2414 1053 1093 5062
is_linear=0
shrinkage=0.0161


Tree=127
num_leaves=31
num_cat=0
split_feature=163 162 599 570 51 216 9 473 283 557 515 545 302 513 402 541 0 50 441 347 550 217 411 9 275 306 583 526 343 197
split_gain=8822.23 5722.42 5320.41 5607.63 4026 6255.62 10144 3898.09 3663.27 3918.44 3978.64 5425.27 3654.37 3536.43 5801.37 5534.03 5708.93 3832.68 3847.09 4018.73 3531.74 3424.77 3679.02 4693.05 3014.65 2822.68 4115.91 5135.54 2645.27 3638.74
threshold=5.5000000000000009 4.5000000000000009 210.94999694824222 188.65000152587893 35.500000000000007 13.500000000000002 16.500000000000004 87.000000000000014 73.500000000000014 260.05000305175787 310.50000000000006 247.34999847412112 29.500000000000004 135.50000000000003 20.000000000000004 156.05000305175784 8.0000000000000018 24.500000000000004 16.500000000000004 13.500000000000002 149.65000152587893 43.500000000000007 24.500000000000004 10.500000000000002 3.5000000000000004 16.500000000000004 117.85000228881837 51.500000000000007 20.000000000000004 13.500000000000002
decision_type=2 2 8 8 2 2 2 2 2 10 2 10 2 2 2 10 2 2 2 2 10 2 2 2 2 2 10 2 2 2
left_child=2 25 -1 -4 7 20 -7 8 9 10 11 13 -5 14 15 -3 -17 18 24 -20 -6 22 -15 -24 -16 -2 27 -27 -26 -30
right_child=1 4 3 12 5 6 -8 -9 -10 -11 -12 -13 -14 21 17 16 -18 -19 19 -21 -22 -23 23 -25 28 26 -28 -29 29 -31
leaf_value=-0.020596617802253109 -0.023284158794474579 -0.0021586176303871386 0.08303052802283277 -0.0080242564312661014 -0.013367981885793774 0.18027916959483195 0.0065957156714356443 0.087301512509164805 -0.054963933742639033 0.078439236888489541 -0.066468488988350061 0.085137498131371739 0.067683133938390802 -0.02217345022049411 -0.034828259028949496 -0.0071485820868512984 0.12196056937543623 0.090822831167623977 0.11166176239186883 0.011698947222572876 0.068328096226896826 0.059366721618362088 -0.025798877095075223 0.092224768788803924 0.0050237509579448116 -0.0036628999569707941 -0.036764853333350299 0.11684559648659273 0.007572713805034461 0.10563217550315009
leaf_weight=6986 2091 4119 233 1705 431 183 167 161 238 206 185 236 183 2063 269 161 197 285 244 183 201 177 171 178 621 207 233 164 190 204
leaf_count=6986 2091 4119 233 1705 431 183 167 161 238 206 185 236 183 2063 269 161 197 285 244 183 201 177 171 178 621 207 233 164 190 204
internal_value=-0.00152105 0.00661101 -0.0138151 0.0085105 0.0117341 0.0428599 0.0974746 0.00870188 0.00742475 0.00895969 0.0074479 0.00892113 -0.000673627 0.00693364 0.0132959 0.003113 0.0638318 0.0361241 0.0269992 0.0688757 0.0125772 -0.00896407 -0.0139882 0.0343291 0.0130547 -0.0144239 0.0162106 0.0495443 0.0257681 0.0584044
internal_weight=22872 13765 9107 2121 11070 982 350 10088 9927 9689 9483 9298 1888 9062 6473 4477 358 1996 1711 427 632 2589 2412 349 1284 2695 604 371 1015 394
internal_count=22872 13765 9107 2121 11070 982 350 10088 9927 9689 9483 9298 1888 9062 6473 4477 358 1996 1711 427 632 2589 2412 349 1284 2695 604 371 1015 394
is_linear=0
shrinkage=0.0161


Tree=128
num_leaves=31
num_cat=0
split_feature=161 104 259 525 498 502 320 580 163 580 283 551 256 208 145 72 231 136 390 91 380 487 343 274 91 491 538 241 576 102
split_gain=11855.8 7484.86 8035.12 7430.52 5571.88 14201.2 15574.6 4634.42 7906.77 4981.38 4466.69 4298.9 3881.6 3514.19 3397.12 3609.81 3119.2 5145.78 3082.08 5355.56 3407.68 3474.47 3016.18 4513.67 3003.55 2864.27 2439.94 4317.71 2807.18 2910.59
threshold=8.0000000000000018 8.0000000000000018 35.500000000000007 136.50000000000003 200.50000000000003 188.50000000000003 8.0000000000000018 101.04999923706056 29.500000000000004 74.549999237060561 43.500000000000007 233.25000000000003 5.5000000000000009 3.5000000000000004 6.5000000000000009 8.0000000000000018 29.500000000000004 8.0000000000000018 16.500000000000004 20.000000000000004 10.500000000000002 174.50000000000003 20.000000000000004 20.000000000000004 29.500000000000004 108.50000000000001 193.50000000000003 10.500000000000002 159.44999694824222 20.000000000000004
decision_type=2 2 2 2 2 2 2 10 2 10 2 8 2 2 2 2 2 2 2 2 2 2 2 2 2 2 2 2 10 2
left_child=4 16 7 -4 12 6 -6 8 -3 -10 11 13 -1 -9 15 -7 26 -18 19 20 25 -22 -14 -24 -20 -15 28 -28 29 -2
right_child=1 2 3 -5 5 14 -8 10 9 -11 -12 -13 22 18 -16 -17 17 -19 24 -21 21 -23 23 -25 -26 -27 27 -29 -30 -31
leaf_value=-0.02251259586903076 -0.013487882267833862 0.024263369536369695 0.038481430590710172 0.18036266527516071 0.22029392767944542 0.079983757848949871 0.0034862798543197947 -0.050502005877088058 0.050163590361291858 0.16133927514285054 -0.05553065722623101 0.07494532069425569 -0.0091481019112353793 0.042615868671567629 -0.03288112054371637 -0.018523076422325618 -0.011417867047005313 0.10823509399239742 -0.042269218811541463 0.11047801970323178 0.014054618036236548 0.10744105119635299 0.0049986051921646476 0.089317260017995989 0.036460161882160981 -0.035449195693444131 -0.012213315072551125 0.074636490242526013 -0.051287781807268416 0.026654486444781387
leaf_weight=5400 2357 2071 233 163 171 184 173 252 231 192 270 263 5072 175 598 202 204 171 390 176 290 161 933 200 185 400 354 255 394 584
leaf_count=5400 2357 2071 233 163 171 184 173 252 231 192 270 263 5072 175 598 202 204 171 390 176 290 161 933 200 185 400 354 255 394 584
internal_value=0.00115704 0.014543 0.0270851 0.0969415 -0.00895439 0.0222785 0.111328 0.0216091 0.0372339 0.100682 0.00638977 0.0136943 -0.0125305 0.00574334 -0.00882882 0.0283726 -0.00128371 0.0430811 0.0137329 0.0284053 0.0143036 0.0474443 -0.00383964 0.0199035 -0.016898 -0.0116493 -0.00550794 0.0241137 -0.0109242 -0.00550873
internal_weight=22704 9771 5452 396 12933 1328 344 5056 2494 423 2562 2292 11605 2029 984 386 4319 375 1777 1202 1026 451 6205 1133 575 575 3944 609 3335 2941
internal_count=22704 9771 5452 396 12933 1328 344 5056 2494 423 2562 2292 11605 2029 984 386 4319 375 1777 1202 1026 451 6205 1133 575 575 3944 609 3335 2941
is_linear=0
shrinkage=0.0161


Tree=129
num_leaves=31
num_cat=0
split_feature=400 283 148 105 7 350 431 557 525 490 464 396 153 237 479 387 514 398 563 580 491 322 526 163 198 439 393 133 286 458
split_gain=9471.6 7618.04 8486.97 6270.19 5492.72 4451.02 5465.72 4200.79 4185.02 11576.1 3892.93 3625.8 3604.95 3325.59 5685.94 5957.31 3015.07 3134.82 6695.61 2943.44 3825.4 2427.68 3567.15 2334.12 2439.08 2305.07 2324.3 2736.15 2339.83 5038.1
threshold=24.500000000000004 8.0000000000000018 13.500000000000002 6.5000000000000009 6.5000000000000009 52.000000000000007 10.500000000000002 238.25000000000003 105.50000000000001 104.50000000000001 6.5000000000000009 13.500000000000002 24.500000000000004 10.500000000000002 13.500000000000002 20.000000000000004 283.50000000000006 35.500000000000007 148.75000000000003 191.15000152587893 133.50000000000003 13.500000000000002 191.50000000000003 4.5000000000000009 2.5000000000000004 52.000000000000007 4.5000000000000009 2.5000000000000004 20.000000000000004 4.5000000000000009
decision_type=2 2 2 2 2 2 2 8 2 2 2 2 2 2 2 2 2 2 8 10 2 2 2 2 2 2 2 2 2 2
left_child=3 -2 12 13 -4 7 -7 16 -9 -10 -11 -6 19 -1 -15 -16 17 23 -19 20 -3 22 -12 -5 -25 26 -26 -28 -29 -30
right_child=1 2 4 5 11 6 -8 8 9 10 21 -13 -14 14 15 -17 -18 18 -20 -21 -22 -23 -24 24 25 -27 27 28 29 -31
leaf_value=-0.021022971831995821 -0.0050584673782084581 0.014427543170681368 0.15371879841336172 -0.019701334809848342 0.020601536634645201 0.0028077391972875843 0.11805306281806097 0.00042755268706074975 0.15811087485147277 0.08352953871153028 0.072397481526923754 0.11219010791780652 0.083402885483310193 -0.01706558751002521 0.010580878444601753 0.1091250381728061 -0.060593063390365555 -0.0045802170276429202 0.12015763619502041 0.068545854936344713 -0.066033122591288379 -0.039422149460936404 -0.022754948598830323 -0.040213901421129336 -0.014439995929472642 -0.04807060246248604 0.057143586150106791 0.0006738805323910752 0.11322271643741032 0.010298862001567976
leaf_weight=6408 1284 614 235 2045 275 241 192 1210 190 188 203 190 191 1639 689 207 238 339 166 167 204 247 205 355 1119 215 319 2591 160 540
leaf_count=6408 1284 614 235 2045 275 241 192 1210 190 188 203 190 191 1639 689 207 238 339 166 167 204 247 205 355 1119 215 319 2591 160 540
internal_value=-0.000733758 0.0251411 0.0458233 -0.00488417 0.0902179 0.00339236 0.0539639 0.00127029 0.0207669 0.0445685 0.0189498 0.0580754 0.0193779 -0.0148477 0.000752903 0.0333735 -0.00413435 -0.0024194 0.0363761 0.006939 -0.00560967 0.000377985 0.0245304 -0.00509032 0.000543948 0.00347529 0.00582376 0.0121115 0.00773932 0.0338579
internal_weight=22866 3160 1876 19706 700 10763 433 10330 2243 1033 843 465 1176 8943 2535 896 8087 7849 505 985 818 655 408 7344 5299 4944 4729 3610 3291 700
internal_count=22866 3160 1876 19706 700 10763 433 10330 2243 1033 843 465 1176 8943 2535 896 8087 7849 505 985 818 655 408 7344 5299 4944 4729 3610 3291 700
is_linear=0
shrinkage=0.0161


Tree=130
num_leaves=31
num_cat=0
split_feature=164 194 103 108 50 213 161 253 387 103 535 589 356 441 234 247 515 92 429 341 208 396 519 513 488 599 541 74 542 324
split_gain=10541.9 7572.64 5384.26 5227.11 7069.47 5641.84 4428.23 3960.79 4218.87 4363.45 3744.01 8431.18 6063.28 3621.26 4369.87 3906.47 4386.08 3476.8 4323.88 3444.3 3664.69 3208.71 3109.62 2659.57 8002.99 3184.44 3553.89 3225.62 3224.96 3112.12
threshold=10.500000000000002 10.500000000000002 4.5000000000000009 16.500000000000004 20.000000000000004 10.500000000000002 16.500000000000004 13.500000000000002 3.5000000000000004 29.500000000000004 188.50000000000003 210.94999694824222 10.500000000000002 4.5000000000000009 43.500000000000007 43.500000000000007 107.50000000000001 10.500000000000002 8.0000000000000018 24.500000000000004 10.500000000000002 35.500000000000007 198.50000000000003 161.50000000000003 193.50000000000003 101.54999923706056 106.85000228881837 6.5000000000000009 137.05000305175784 5.5000000000000009
decision_type=2 2 2 2 2 2 2 2 2 2 2 8 2 2 2 2 2 2 2 2 2 2 2 2 2 8 8 2 8 2
left_child=2 10 21 7 6 -6 -5 8 -3 17 -2 12 -12 -4 15 23 -17 18 -10 -9 -21 -1 -13 24 25 -15 27 -27 -28 -30
right_child=1 3 13 4 5 -7 -8 19 9 -11 11 22 -14 14 -16 16 -18 -19 -20 20 -22 -23 -24 -25 -26 26 28 -29 29 -31
leaf_value=-0.023430775753036877 -0.0034549362709160969 -0.030724008971033095 -0.016016494254886379 -0.0020537053969057399 0.18105792253160774 0.056731069966910928 0.079951776780028613 -0.017602837894809747 0.13215660993309811 0.13201642802444152 0.025738479325896364 0.029310747775078572 0.15591987338779101 -0.011361391682401635 0.064839162513992368 0.0020127274771000233 0.11785011897344874 -0.00073371959226431569 0.019846100514608962 -0.0066930136786425643 0.095341779711704766 0.034193684391977446 -0.063758760823957719 -0.020098537193870839 0.10208147113465721 0.0031618738369323606 -0.026266595163766615 0.093361097192785111 -0.0097013733079296949 0.037604920619097044
leaf_weight=4782 3863 161 2652 393 193 187 301 817 172 170 188 182 184 2489 313 181 160 293 185 191 174 264 190 1297 214 174 588 253 609 881
leaf_count=4782 3863 161 2652 393 193 187 301 817 172 170 188 182 184 2489 313 181 160 293 185 191 174 264 190 1297 214 174 588 253 609 881
internal_value=0.00107431 0.0161746 -0.00689657 0.0350473 0.064092 0.119938 0.0334796 0.0206148 0.0445298 0.0593339 0.00290907 0.0359839 0.0901925 5.19281e-05 0.00600765 0.00331442 0.0564336 0.0402884 0.0740224 0.000746626 0.0418837 -0.0204113 -0.0181615 0.000526235 0.00566715 0.00153094 0.0143503 0.0566606 0.00564484 0.0182539
internal_weight=22701 7844 14857 3237 1074 380 694 2163 981 820 4607 744 372 9811 7159 6846 341 650 357 1182 365 5046 372 6505 5208 4994 2505 427 2078 1490
internal_count=22701 7844 14857 3237 1074 380 694 2163 981 820 4607 744 372 9811 7159 6846 341 650 357 1182 365 5046 372 6505 5208 4994 2505 427 2078 1490
is_linear=0
shrinkage=0.0161


Tree=131
num_leaves=31
num_cat=0
split_feature=282 482 495 136 102 555 198 449 39 390 96 496 575 411 145 111 206 4 487 160 582 174 450 516 578 537 241 28 272 363
split_gain=10493.9 12837.1 5516.48 5041.33 5085.92 6341.82 8289.26 4086.73 4580.75 4579.48 3889.91 4292.96 4874.17 3638.51 5896.61 3606.28 3426.99 3671.81 6327.93 3300.52 3023.83 3113.74 4120.72 2783.15 3963.72 2338.64 2272.89 2435.83 2169.22 2152.61
threshold=5.5000000000000009 330.50000000000006 313.50000000000006 6.5000000000000009 43.500000000000007 210.94999694824222 13.500000000000002 2.5000000000000004 43.500000000000007 8.0000000000000018 8.0000000000000018 163.50000000000003 172.25000000000003 43.500000000000007 16.500000000000004 8.0000000000000018 13.500000000000002 13.500000000000002 122.50000000000001 6.5000000000000009 157.84999847412112 29.500000000000004 13.500000000000002 212.50000000000003 164.05000305175784 182.50000000000003 10.500000000000002 8.0000000000000018 8.0000000000000018 6.5000000000000009
decision_type=2 2 2 2 2 8 2 2 2 2 2 2 10 2 2 2 2 2 2 2 10 2 2 2 10 2 2 2 2 2
left_child=10 2 3 16 7 6 28 -5 13 -10 -1 29 15 20 -15 -13 19 -18 -19 -2 21 -9 -23 24 -21 26 27 -22 -6 -12
right_child=1 -3 -4 4 5 -7 -8 8 9 -11 11 12 -14 14 -16 -17 17 18 -20 23 25 22 -24 -25 -26 -27 -28 -29 -30 -31
leaf_value=-0.022215996630995487 -0.02733805794451432 0.14734322254954615 0.085287596378457356 -0.031985815442439898 -0.0083645103175729874 -0.019379774359843848 0.15438679785562237 0.0091488785195421498 0.12947694477843949 0.021128569086540309 -0.022533845389534204 0.027647442298235791 -0.0065236936388257342 0.11211884554324972 -0.014285120839564585 0.13336664757134484 -0.0029845961502945068 0.0039724597168770597 0.11939009237981153 8.937531619943849e-05 -0.050504362844791838 0.10049890943172256 -0.00025754801198596259 -0.050119312813161947 0.077203068000276334 0.0073055508081748093 -0.065416853872972705 0.034358852083445066 0.07219036201672617 0.0041586523782163173
leaf_weight=5029 2040 173 234 546 178 226 237 3992 171 249 1501 171 344 223 167 165 930 305 207 1655 169 233 191 240 193 673 329 182 168 1635
leaf_count=5029 2040 173 234 546 178 226 237 3992 171 249 1501 171 344 223 167 165 930 305 207 1655 169 233 191 240 193 673 329 182 168 1635
internal_value=0.000794838 0.0095138 0.00777642 0.00643155 0.0146746 0.0529362 0.0810099 0.010327 0.0138421 0.0652979 -0.0129153 -0.000651932 0.0360133 0.0103294 0.0579317 0.0796332 -0.00530582 0.0160539 0.0506814 -0.0127729 0.00710729 0.0135619 0.0550555 0.00144611 0.00815565 -0.0139423 -0.035006 -0.00643416 0.0306808 -0.00860981
internal_weight=22756 13911 13738 13504 7934 809 583 7125 6579 420 8845 3816 680 6159 390 336 5570 1442 512 4128 5769 4416 424 2088 1848 1353 680 351 346 3136
internal_count=22756 13911 13738 13504 7934 809 583 7125 6579 420 8845 3816 680 6159 390 336 5570 1442 512 4128 5769 4416 424 2088 1848 1353 680 351 346 3136
is_linear=0
shrinkage=0.0161


Tree=132
num_leaves=31
num_cat=0
split_feature=402 113 289 193 279 518 430 442 242 111 220 118 387 224 524 587 459 574 473 401 534 386 494 495 287 415 538 398 422 244
split_gain=9386.08 5281.23 6645.98 5223.61 5375.9 4557.2 4692.63 4492.94 4757.5 5009.2 10373.1 3683.41 3599.92 3494.46 4449.97 3715.83 7604.95 3998.15 4152.11 4437.68 8206.6 3583.81 3085.14 3030.74 4701.7 4506.23 4697.58 4464.64 5268.75 5903.97
threshold=6.5000000000000009 13.500000000000002 52.000000000000007 29.500000000000004 16.500000000000004 72.500000000000014 13.500000000000002 29.500000000000004 5.5000000000000009 8.0000000000000018 6.5000000000000009 10.500000000000002 29.500000000000004 5.5000000000000009 231.50000000000003 172.25000000000003 16.500000000000004 150.65000152587893 13.500000000000002 10.500000000000002 60.500000000000007 8.0000000000000018 138.50000000000003 97.500000000000014 5.5000000000000009 13.500000000000002 59.500000000000007 16.500000000000004 16.500000000000004 8.0000000000000018
decision_type=2 2 2 2 2 2 2 2 2 2 2 2 2 2 2 10 2 10 2 2 2 2 2 2 2 2 2 2 2 2
left_child=5 13 3 23 -5 -1 12 8 -8 11 -11 -10 -7 -2 15 17 21 18 -15 -20 -21 -17 -14 24 -3 -26 -27 -25 29 -29
right_child=1 2 -4 4 -6 6 7 -9 9 10 -12 -13 22 14 -16 16 -18 -19 19 20 -22 -23 -24 27 25 26 -28 28 -30 -31
leaf_value=-0.019721910679674815 -0.012440873626138131 -0.0062832500402617572 0.11136842078977646 0.02399622614528775 0.13689102104611428 -0.015335248929178074 -0.006517084278673744 -0.046852114585499656 -0.028670432519981939 0.1867585493725496 0.028704623366081827 0.072646225227432526 -0.008176445260617532 0.0063366542076180509 -0.036975020302590297 0.061753441593314369 0.133576490891745 -0.029625016753865037 0.0069711664444408695 0.012811599973220943 0.14908783408760495 -0.037417701803417441 0.091681850169260629 -0.018442819120866233 0.021546452411114796 0.041747646898735023 0.14297500583910439 0.13531556620119523 -0.036614546468229481 0.0085277640127943734
leaf_weight=5941 2696 679 217 259 190 2776 427 191 208 189 251 168 160 2850 475 183 199 585 391 230 229 195 160 1236 749 283 206 185 175 197
leaf_count=5941 2696 679 217 259 190 2776 427 191 208 189 251 168 160 2850 475 183 199 585 391 230 229 195 160 1236 749 283 206 185 175 197
internal_value=0.000777718 0.0102512 0.0244825 0.0199434 0.0718215 -0.0104469 0.00171191 0.0257938 0.0369755 0.0597633 0.0966495 0.0165361 -0.00943469 0.00249574 0.0100454 0.014644 0.0530089 0.00947244 0.0156604 0.0468948 0.0808525 0.0105315 0.0416792 0.0136586 0.0277324 0.0464078 0.0844396 -0.00137534 0.0364557 0.0699918
internal_weight=22880 12409 4376 4159 449 10471 4530 1434 1243 816 440 376 3096 8033 5337 4862 577 4285 3700 850 459 378 320 3710 1917 1238 489 1793 557 382
internal_count=22880 12409 4376 4159 449 10471 4530 1434 1243 816 440 376 3096 8033 5337 4862 577 4285 3700 850 459 378 320 3710 1917 1238 489 1793 557 382
is_linear=0
shrinkage=0.0161


Tree=133
num_leaves=31
num_cat=0
split_feature=282 164 339 444 590 314 231 42 495 494 484 16 339 516 352 86 205 291 339 490 298 117 297 371 338 68 229 284 164 198
split_gain=10291.3 6646.71 5336.38 9620.69 9477.34 5227.59 4169.51 4230.34 4581.55 5319.05 4558.75 3893.16 3996.55 4622.01 3794.29 3575.62 3696.5 3020.33 5623.45 2662.72 2422.02 2341.01 3139.73 3111.94 3186.76 3415.25 2333.35 2193.76 2349.96 2073.19
threshold=4.5000000000000009 5.5000000000000009 52.000000000000007 6.5000000000000009 158.65000152587893 24.500000000000004 52.000000000000007 3.5000000000000004 313.50000000000006 250.50000000000003 288.50000000000006 10.500000000000002 3.5000000000000004 63.500000000000007 5.5000000000000009 35.500000000000007 13.500000000000002 20.000000000000004 20.000000000000004 228.50000000000003 3.5000000000000004 13.500000000000002 6.5000000000000009 8.0000000000000018 16.500000000000004 10.500000000000002 10.500000000000002 24.500000000000004 6.5000000000000009 13.500000000000002
decision_type=2 2 2 2 8 2 2 2 2 2 2 2 2 2 2 2 2 2 2 2 2 2 2 2 2 2 2 2 2 2
left_child=5 15 6 -4 -5 20 7 -3 9 10 11 19 13 -13 -7 17 -17 -2 -19 -9 -1 27 -23 26 25 -25 -24 28 -14 -22
right_child=1 2 3 4 -6 14 -8 8 -10 -11 -12 12 21 -15 -16 16 -18 18 -20 -21 29 22 23 24 -26 -27 -28 -29 -30 -31
leaf_value=-0.035621062207927358 -0.014367878200945046 -0.020413409326057182 -0.027729916132926403 0.027989712391002158 0.19444063334343131 -0.022983197637121078 0.071213352034862606 -0.00023355862987665913 0.092996217250336299 -0.041057238362421915 0.090643718204086982 0.02189526464517158 0.044229433807052396 0.10686193410842489 0.07326860681586847 -0.010519325983940796 0.087013139038807766 -0.003648113872232378 0.10314610797706802 0.065324969448728842 -0.018504598649282045 0.095801579765823805 0.024394691747064455 0.02974754929429663 0.0070006867745663857 0.12942025966985665 -0.046711800325088003 0.041099929439405096 -0.0080378477774484432 0.0077508391196411449
leaf_weight=1643 4347 959 188 171 185 168 315 3626 192 440 209 359 263 310 287 192 211 543 167 168 3608 190 285 177 272 181 206 416 1465 993
leaf_count=1643 4347 959 188 171 185 168 315 3626 192 440 209 359 263 310 287 192 211 543 167 168 3608 190 285 177 272 181 206 416 1465 993
internal_value=0.00176696 0.00876869 0.0162163 0.0653392 0.114554 -0.0149913 0.0135504 0.0116789 0.0151953 0.0134489 0.0164028 0.0144402 0.0252692 0.0613021 0.0376778 -0.00565433 0.0404877 -0.00933611 0.0214379 0.0026632 -0.018833 0.0182852 0.0352382 0.0249523 0.0486375 0.0802065 -0.00539024 0.00790787 -6.91952e-05 -0.012833
internal_weight=22736 16037 10577 544 356 6699 10033 9718 8759 8567 8127 7918 4124 669 455 5460 403 5057 710 3794 6244 3455 1311 1121 630 358 491 2144 1728 4601
internal_count=22736 16037 10577 544 356 6699 10033 9718 8759 8567 8127 7918 4124 669 455 5460 403 5057 710 3794 6244 3455 1311 1121 630 358 491 2144 1728 4601
is_linear=0
shrinkage=0.0161


Tree=134
num_leaves=31
num_cat=0
split_feature=401 484 140 599 572 339 512 196 336 513 486 190 56 141 351 281 572 485 72 506 7 447 229 13 515 47 77 174 229 274
split_gain=9649.9 7481.04 7667.23 6571.4 6781.31 5035.26 4348.98 5514.92 4799.81 4720.95 5459.31 6457.74 7302.3 3956.46 3800.26 3772.87 2893.57 3512.04 3334.15 3676.92 7104.46 3447.37 3914.36 4439.38 5254.59 3264.77 3048.18 3653.3 2716.14 4497.99
threshold=10.500000000000002 272.50000000000006 10.500000000000002 240.75000000000003 224.44999694824222 73.500000000000014 153.50000000000003 6.5000000000000009 13.500000000000002 39.500000000000007 146.50000000000003 6.5000000000000009 13.500000000000002 4.5000000000000009 35.500000000000007 43.500000000000007 201.75000000000003 52.500000000000007 52.000000000000007 37.500000000000007 13.500000000000002 6.5000000000000009 10.500000000000002 6.5000000000000009 125.50000000000001 6.5000000000000009 6.5000000000000009 6.5000000000000009 3.5000000000000004 8.0000000000000018
decision_type=2 2 2 10 8 2 2 2 2 2 2 2 2 2 2 2 10 2 2 2 2 2 2 2 2 2 2 2 2 2
left_child=3 5 -3 13 -5 6 7 -2 15 -10 11 -11 -13 -1 -8 -9 17 -15 19 20 -19 22 25 -24 -25 -21 -27 -28 29 -23
right_child=1 2 -4 4 -6 -7 14 8 9 10 -12 12 -14 16 -16 -17 -18 18 -20 21 -22 28 23 24 -26 26 27 -29 -30 -31
leaf_value=-0.021174603752412254 -0.0024353679816530539 0.15311527924338972 0.0091949695113819011 0.13892307128627471 -0.0091787172393283101 0.084821080363392587 -0.019382769638327871 0.0078267022701331498 0.012558360908484494 0.18807502334333326 -0.003402237731791186 0.011485347232849445 0.14496155170126682 -0.011694659877327287 0.05991171738982428 0.072247094694055353 -0.037464617704689201 -0.0020976405141084247 0.071450901033485045 -0.032404290856367493 0.13279843573257427 -0.022343230509570343 -0.0023368497564948622 0.031900831736463686 0.15414411638514483 -0.017611572156716059 0.10713677387405639 0.0010069025119295717 -0.018337720034400404 0.092182865867486419
leaf_weight=4609 2567 199 186 160 160 233 1746 2079 437 163 163 247 187 3967 172 266 588 256 211 452 167 195 240 205 165 248 177 161 2034 163
leaf_count=4609 2567 199 186 160 160 233 1746 2079 437 163 163 247 187 3967 172 266 588 256 211 452 167 195 240 205 165 248 177 161 2034 163
internal_value=0.000860666 0.0142648 0.0836461 -0.00732237 0.0647986 0.0110281 0.00888318 0.0155251 0.0285483 0.0547882 0.0790393 0.101588 0.0690512 -0.00899185 -0.0122596 0.0151441 -0.00290519 -0.000550772 0.00890243 0.00594001 0.0511036 0.00120543 0.0191283 0.0514961 0.0864783 8.41757e-05 0.0251837 0.0566534 -0.011133 0.0297356
internal_weight=22803 8645 385 14158 320 8260 8027 6109 3542 1197 760 597 434 13838 1918 2345 9229 8641 4674 4463 423 4040 1648 610 370 1038 586 338 2392 358
internal_count=22803 8645 385 14158 320 8260 8027 6109 3542 1197 760 597 434 13838 1918 2345 9229 8641 4674 4463 423 4040 1648 610 370 1038 586 338 2392 358
is_linear=0
shrinkage=0.0161


Tree=135
num_leaves=31
num_cat=0
split_feature=196 103 545 520 139 26 401 97 164 28 238 326 524 32 417 268 479 14 424 350 307 53 500 537 96 340 465 373 518 534
split_gain=7928.05 7763.35 5099.13 4991.49 5814.73 4958.74 6009.85 4887.07 4173.81 4140.6 4220.85 4651.07 5242.79 4004.69 3732.73 3528.23 3441.5 4016.17 2908.76 2635.61 2589.86 2758.29 2393.59 6087.98 2457.77 4210.86 2344.69 2340.89 2324.17 2437.14
threshold=6.5000000000000009 20.000000000000004 238.25000000000003 139.50000000000003 20.000000000000004 29.500000000000004 20.000000000000004 43.500000000000007 10.500000000000002 8.0000000000000018 5.5000000000000009 20.000000000000004 156.50000000000003 10.500000000000002 6.5000000000000009 5.5000000000000009 29.500000000000004 10.500000000000002 10.500000000000002 6.5000000000000009 5.5000000000000009 10.500000000000002 127.50000000000001 89.500000000000014 8.0000000000000018 5.5000000000000009 43.500000000000007 43.500000000000007 107.50000000000001 178.50000000000003
decision_type=2 2 10 2 2 2 2 2 2 2 2 2 2 2 2 2 2 2 2 2 2 2 2 2 2 2 2 2 2 2
left_child=2 8 7 5 20 6 -3 14 27 28 -11 12 19 -9 26 -8 22 -18 -17 -12 -5 -22 -16 -24 -25 -26 -1 -2 -10 -30
right_child=1 3 -4 4 -6 -7 15 13 9 10 11 -13 -14 -15 16 18 17 -19 -20 -21 21 -23 23 24 25 -27 -28 -29 29 -31
leaf_value=-0.025657471779710197 -0.0053757320021245976 0.013293723777150894 0.06755911201296734 -0.074567835257919018 0.065782891906056282 0.11241868509710656 0.019018536904199759 -0.0026779162251029625 0.013404379120016014 -0.0058787299726855207 0.00015712564434053103 -0.00082185066183820094 0.13057393571011755 0.090833584517961904 -0.015971287883735034 0.060058811357472652 -0.00033311518473376012 0.088433593067676258 0.14268696763166144 0.072173831046296572 0.031787735382475479 -0.041937405230154545 0.095005663951002961 -0.029919237958717218 0.086874047662003143 -0.011609147199066697 0.03306183403603543 -0.048574886469775432 -0.055748278892170544 0.01094544548943068
leaf_weight=5289 5000 1150 212 188 259 247 204 272 752 506 225 330 259 210 3507 230 352 211 215 320 264 262 186 516 165 353 182 348 357 235
leaf_count=5289 5000 1150 212 188 259 247 204 272 752 506 225 330 259 210 3507 230 352 211 215 320 264 262 186 516 165 353 182 348 357 235
internal_value=-0.00119942 0.00833538 -0.0106497 0.030455 0.000410937 0.0447314 0.0354249 -0.0121265 0.00031777 0.0155756 0.0327462 0.0500017 0.0708914 0.0380148 -0.0143746 0.0746041 -0.00472593 0.0328929 0.100033 0.0424854 -0.0232695 -0.00488993 -0.00921142 0.0102011 -0.00503108 0.0197155 -0.0236998 -0.00819115 -0.00535922 -0.0292338
internal_weight=22806 11351 11455 3019 973 2046 1799 11243 8332 2984 1640 1134 804 482 10761 649 5290 563 445 545 714 526 4727 1220 1034 518 5471 5348 1344 592
internal_count=22806 11351 11455 3019 973 2046 1799 11243 8332 2984 1640 1134 804 482 10761 649 5290 563 445 545 714 526 4727 1220 1034 518 5471 5348 1344 592
is_linear=0
shrinkage=0.0161


Tree=136
num_leaves=31
num_cat=0
split_feature=461 16 568 544 527 513 599 550 548 141 523 74 595 328 300 163 311 512 503 399 192 298 513 263 164 399 268 230 413 236
split_gain=7606.19 6067.05 5911.39 4798.32 4731.31 4869.83 6773.89 4090.92 3668.64 3805.12 3590.49 3710.53 3556.55 3008.31 3916.15 6520.54 7254.16 2988.11 3107.94 3209.51 2825.43 4174.4 3525 2601.44 2586.81 3320.18 3215.04 3617.96 2401.91 2383.99
threshold=13.500000000000002 35.500000000000007 111.64999771118165 240.75000000000003 14.500000000000002 299.50000000000006 240.75000000000003 247.34999847412112 203.05000305175784 4.5000000000000009 230.50000000000003 61.500000000000007 162.34999847412112 52.000000000000007 20.000000000000004 8.0000000000000018 10.500000000000002 187.50000000000003 204.50000000000003 61.500000000000007 20.000000000000004 16.500000000000004 149.50000000000003 16.500000000000004 10.500000000000002 3.5000000000000004 5.5000000000000009 13.500000000000002 5.5000000000000009 10.500000000000002
decision_type=2 2 8 10 2 2 10 10 10 2 2 2 8 2 2 2 2 2 2 2 2 2 2 2 2 2 2 2 2 2
left_child=4 3 -3 10 29 6 7 8 9 -6 11 17 -4 14 20 -16 -17 18 19 24 -11 22 -22 -12 -2 -26 -27 -28 -10 -1
right_child=1 2 12 -5 5 -7 -8 -9 28 13 23 -13 -14 -15 15 16 -18 -19 -20 -21 21 -23 -24 -25 25 26 27 -29 -30 -31
leaf_value=-0.029947739008393506 -0.0039882544921785706 0.11900335471515852 -0.036577129786521397 0.083236663418721754 -0.015279323683328027 -0.066047667248320369 0.075378224703215868 0.072162130062973229 0.011771101163002649 -0.0026011287197460252 -0.059150915335652011 0.077871665738825604 0.05520651008867538 -0.047751330827520595 0.0037743893118553462 0.13206429120817245 0.0043154316966076117 -0.024748450914542759 0.070118519830285719 0.07926333582817699 -0.0118042525910279 0.099486451996625855 0.075735010377589257 0.018778659219992753 0.074893113986623433 -0.023002017559114851 0.0077003282028893991 0.073755514766499705 -0.060224300937813648 0.0027000886132059641
leaf_weight=2750 2633 260 166 215 3378 298 300 189 162 5012 355 199 320 266 745 283 195 670 224 161 467 175 160 161 256 464 694 312 459 733
leaf_count=2750 2633 260 166 215 3378 298 300 189 162 5012 355 199 320 266 745 283 195 670 224 161 467 175 160 161 256 464 694 312 459 733
internal_value=-0.000241431 0.0135807 0.0570176 0.0084692 -0.00653623 -0.00177062 -0.000144116 -0.00211786 -0.0033621 -0.00114806 0.00584258 0.00958211 0.0238081 0.00538513 0.00739704 0.0335852 0.0799984 0.00706768 0.0115661 0.00865914 0.0018842 0.0299441 0.0104968 -0.0347901 0.00604597 0.0213667 0.0120291 0.02821 -0.041405 -0.0230702
internal_weight=22662 7090 746 6344 15572 12089 11791 11491 11302 10681 6129 5613 486 7303 7037 1223 478 5414 4744 4520 5814 802 627 516 4359 1726 1470 1006 621 3483
internal_count=22662 7090 746 6344 15572 12089 11791 11491 11302 10681 6129 5613 486 7303 7037 1223 478 5414 4744 4520 5814 802 627 516 4359 1726 1470 1006 621 3483
is_linear=0
shrinkage=0.0161


Tree=137
num_leaves=31
num_cat=0
split_feature=161 234 157 164 259 231 208 583 490 364 541 157 9 470 463 172 521 460 507 39 560 287 127 114 402 380 493 492 400 521
split_gain=9716.69 5104.91 7166.12 4856.92 4723.25 4373.02 4140.49 4236.02 5784.87 5565.2 4565.1 3823.41 3561.07 5765.91 4972.53 4209.03 3521.01 3258.7 3537.97 4687.97 3390.18 3176.61 2760.33 3457.77 2710.46 4034.59 2647.29 2636.13 2548.54 2490.56
threshold=8.0000000000000018 43.500000000000007 5.5000000000000009 8.0000000000000018 52.000000000000007 6.5000000000000009 3.5000000000000004 189.94999694824222 232.50000000000003 10.500000000000002 201.75000000000003 52.000000000000007 16.500000000000004 8.0000000000000018 35.500000000000007 24.500000000000004 35.500000000000007 16.500000000000004 183.50000000000003 13.500000000000002 216.75000000000003 4.5000000000000009 5.5000000000000009 8.0000000000000018 29.500000000000004 8.0000000000000018 240.50000000000003 215.50000000000003 35.500000000000007 120.50000000000001
decision_type=2 2 2 2 2 2 2 10 2 2 10 2 2 2 2 2 2 2 2 2 10 2 2 2 2 2 2 2 2 2
left_child=1 5 -3 17 6 -1 16 8 11 10 -9 12 13 22 15 29 -5 20 -19 -20 -2 -7 23 -8 26 -26 -23 -11 -14 -15
right_child=3 2 -4 4 -6 21 7 9 -10 27 -12 -13 28 14 -16 -17 -18 18 19 -21 -22 24 -24 -25 25 -27 -28 -29 -30 -31
leaf_value=-0.018567461682626126 -0.014121031063420424 0.13018049593550959 -0.0048603834879107129 0.037097842296146967 0.10286891283085257 -0.01825481656454514 -0.0053355724266432817 -0.013832824509637022 0.12147434184660946 -0.0085062355876523565 0.1003930530305481 0.10322968967019187 -0.013083306187973154 0.048446917752553456 0.13893413611593192 0.12006334379672527 -0.043075295550545359 0.0076365223721017146 0.0034716345618240941 0.1248332816832928 0.061542316144002386 6.2916681324531981e-05 -0.011891212079849146 0.092855168781589906 0.10836967787567425 0.00080500092615467427 0.051004613982232716 -0.095329048719928464 0.055275640278602489 -0.017273106540477388
leaf_weight=6875 2610 164 268 211 191 1655 186 207 188 179 161 173 773 562 183 168 433 1594 162 169 163 3374 623 185 167 198 287 185 173 203
leaf_count=6875 2610 164 268 211 191 1655 186 207 188 179 161 173 773 562 183 168 433 1594 162 169 163 3374 623 185 167 198 287 185 173 203
internal_value=0.001043 -0.00805649 0.0463507 0.013252 0.0243234 -0.00993029 0.0211885 0.0270862 0.034617 -0.00803571 0.036077 0.0295526 0.0253741 0.0370113 0.0621325 0.0470433 -0.0167708 0.00150158 0.0175994 0.0655068 -0.00966497 0.000518057 0.00878319 0.043564 0.00824102 0.050084 0.00406286 -0.0526979 -0.000557266 0.0309767
internal_weight=22670 12988 432 9682 4984 12556 4793 4149 3417 732 368 3229 3056 2110 1116 933 644 4698 1925 331 2773 5681 994 371 4026 365 3661 364 946 765
internal_count=22670 12988 432 9682 4984 12556 4793 4149 3417 732 368 3229 3056 2110 1116 933 644 4698 1925 331 2773 5681 994 371 4026 365 3661 364 946 765
is_linear=0
shrinkage=0.0161


Tree=138
num_leaves=31
num_cat=0
split_feature=236 256 51 370 174 461 206 161 571 217 123 218 422 553 521 60 527 338 530 504 50 406 493 310 494 583 518 228 89 386
split_gain=8928.39 6438.02 5161.16 8035.93 4210.84 5027.26 4661.75 3641.28 3748.4 3611.25 3076.55 4291.13 3606.49 6767.16 2995.27 2928.87 2857.77 2810.33 4099.06 2817.96 2600.98 3050.43 5390.76 2754.82 2568.07 2474.47 5412.55 2872.71 2456.92 2682.77
threshold=6.5000000000000009 5.5000000000000009 52.000000000000007 8.0000000000000018 16.500000000000004 20.000000000000004 20.000000000000004 8.0000000000000018 196.25000000000003 43.500000000000007 20.000000000000004 43.500000000000007 8.0000000000000018 207.44999694824222 202.50000000000003 3.5000000000000004 15.500000000000002 8.0000000000000018 172.50000000000003 90.500000000000014 10.500000000000002 16.500000000000004 97.500000000000014 29.500000000000004 28.500000000000004 110.95000076293947 56.500000000000007 13.500000000000002 10.500000000000002 8.0000000000000018
decision_type=2 2 2 2 2 2 2 2 10 2 2 2 2 10 2 2 2 2 2 2 2 2 2 2 2 8 2 2 2 2
left_child=7 -2 4 -4 10 15 -7 8 16 -9 11 12 14 25 -3 -6 -1 -17 19 -19 23 -22 -23 -18 -12 26 -14 -27 29 -26
right_child=1 2 3 -5 5 6 -8 9 -10 -11 24 -13 13 -15 -16 17 20 18 -20 -21 21 22 -24 -25 28 27 -28 -29 -30 -31
leaf_value=-0.031427788731640385 -0.0076477319370302768 0.0026617538421031387 0.15599421878004213 0.010405682103385775 0.082093918204029601 0.042220438535970094 0.13917433079586441 -0.0028763139231504234 -0.070015461594916215 0.061752692757547918 0.035880737232887892 0.089959694233639004 0.011819417657115854 0.11502033120496322 -0.052891943909178153 -0.012290550495719537 -0.021948558672751424 0.026071867759115137 -0.028833539310792557 0.10139975364904998 -0.0050016808672849579 -0.006012577347124245 0.10958844503109143 0.039761284907872077 0.049074917638812721 -0.022501979163126525 0.11879897790102481 0.03839395992184387 -0.053430323648752255 -0.041647590372985724
leaf_weight=2022 3881 1705 175 225 168 401 190 4117 343 237 184 179 488 197 295 693 2747 326 203 214 1316 238 186 201 166 607 164 300 494 172
leaf_count=2022 3881 1705 175 225 168 401 190 4117 343 237 184 179 488 197 295 693 2747 326 203 214 1316 238 186 201 166 607 164 300 494 172
internal_value=-0.000858671 0.00919889 0.0178664 0.0741595 0.0147121 0.033276 0.0734299 -0.0109359 -0.0180831 0.000636212 0.00647717 0.0129296 0.0092523 0.0260914 -0.00552065 0.0184665 -0.0154249 0.0110062 0.0327668 0.0559676 -0.00851758 0.00708228 0.0446437 -0.0177331 -0.0184901 0.014839 0.0387645 -0.00233404 -0.0305427 0.0028388
internal_weight=22834 11427 7546 400 7146 2195 591 11407 7053 4354 4951 3935 3756 1756 2000 1604 6710 1436 743 540 4688 1740 424 2948 1016 1559 652 907 832 338
internal_count=22834 11427 7546 400 7146 2195 591 11407 7053 4354 4951 3935 3756 1756 2000 1604 6710 1436 743 540 4688 1740 424 2948 1016 1559 652 907 832 338
is_linear=0
shrinkage=0.0161


Tree=139
num_leaves=31
num_cat=0
split_feature=461 483 237 375 546 403 599 398 105 121 131 466 70 342 508 16 574 514 515 42 358 574 101 71 548 251 154 479 504 297
split_gain=8638.05 8820.85 5549.59 4470.04 5524.65 5732.87 4017.64 3684.22 3655.13 4047.71 4753.45 3015.23 3014.43 3908.2 2907.91 2937.03 5197.24 2783.71 4927.19 3184.46 3972.59 2733.63 2713.43 3331.1 3047.18 3535.57 3477.94 2662.61 2822.43 2646.9
threshold=16.500000000000004 293.50000000000006 10.500000000000002 20.000000000000004 125.85000228881837 29.500000000000004 240.75000000000003 24.500000000000004 6.5000000000000009 29.500000000000004 8.0000000000000018 13.500000000000002 16.500000000000004 20.000000000000004 259.50000000000006 6.5000000000000009 205.94999694824222 167.50000000000003 148.50000000000003 3.5000000000000004 35.500000000000007 162.34999847412112 10.500000000000002 2.5000000000000004 181.25000000000003 5.5000000000000009 8.0000000000000018 24.500000000000004 198.50000000000003 20.000000000000004
decision_type=2 2 2 2 8 2 10 2 2 2 2 2 2 2 2 2 10 2 2 2 2 10 2 2 8 2 2 2 2 2
left_child=2 3 8 22 5 12 14 29 -1 11 -11 21 13 -5 15 -4 17 18 19 -17 -21 -10 -2 -24 -25 -26 -27 28 -13 -6
right_child=1 -3 6 4 7 -7 -8 -9 9 10 -12 27 -14 -15 -16 16 -18 -19 -20 20 -22 -23 23 24 25 26 -28 -29 -30 -31
leaf_value=-0.020874583081639513 -0.012995980510996935 0.13325021608081877 -0.0068923227902854475 0.021616307767485621 -0.029798969214776389 0.15161351738962761 0.074153151965280217 0.066207213963390618 -0.0094636981932737212 0.09578490050258015 -0.0081011714266341385 -0.0065336847533617503 -0.011233152367176032 0.12748850117197094 -0.05232426180063772 -0.027563483125075589 0.10618410383483952 -0.026532458700290938 0.1007484383951241 0.013133289659578645 0.08785711457535951 -0.048434857606657632 0.073857979169863211 -0.004099165649981109 -0.022073822913461928 0.10004789256305174 0.017184916790894206 0.056318630737866998 0.055746549383401608 0.04333291613736158
leaf_weight=5869 1444 165 2109 197 472 170 227 221 3096 225 231 1398 172 168 220 409 164 397 179 1476 211 550 225 1518 197 258 269 272 218 176
leaf_count=5869 1444 165 2109 197 472 170 227 221 3096 225 231 1398 172 168 220 409 164 397 179 1476 211 550 225 1518 197 258 269 272 218 176
internal_value=-2.51705e-05 0.0172478 -0.00568574 0.0137552 0.0366491 0.0700739 0.00785412 0.00942839 -0.011844 -0.00299186 0.0431068 -0.00679463 0.0442167 0.070411 0.00493574 0.00748797 0.0181902 0.0127806 0.0196513 0.0127143 0.0224933 -0.015349 0.00452374 0.014788 0.00884946 0.0360312 0.0577963 0.00971257 0.00185342 -0.00989967
internal_weight=22903 5652 17251 5487 1576 707 5392 869 11859 5990 456 5534 537 365 5165 4945 2836 2672 2275 2096 1687 3646 3911 2467 2242 724 527 1888 1616 648
internal_count=22903 5652 17251 5487 1576 707 5392 869 11859 5990 456 5534 537 365 5165 4945 2836 2672 2275 2096 1687 3646 3911 2467 2242 724 527 1888 1616 648
is_linear=0
shrinkage=0.0161


Tree=140
num_leaves=31
num_cat=0
split_feature=103 314 599 206 85 73 60 239 539 261 349 300 235 490 531 506 188 463 122 474 487 170 318 169 162 408 47 543 112 555
split_gain=7324.29 5520.48 6253.42 4759.81 7382.65 8958.3 4370.64 6546.66 4060.86 4818.34 4721.19 3802.95 3786.8 3130.44 7394.28 3993.04 3469.33 3373.36 3174.58 3285.23 3364.69 3080.11 3588.06 3635.77 3028.87 2903.14 2587.35 2498.89 2289.25 2099.15
threshold=6.5000000000000009 8.0000000000000018 244.44999694824222 13.500000000000002 8.0000000000000018 13.500000000000002 16.500000000000004 8.0000000000000018 218.50000000000003 13.500000000000002 13.500000000000002 35.500000000000007 13.500000000000002 101.50000000000001 111.50000000000001 113.50000000000001 8.0000000000000018 43.500000000000007 24.500000000000004 20.000000000000004 180.50000000000003 8.0000000000000018 10.500000000000002 5.5000000000000009 10.500000000000002 8.0000000000000018 52.000000000000007 109.54999923706056 24.500000000000004 143.15000152587893
decision_type=2 2 10 2 2 2 2 2 2 2 2 2 2 2 2 2 2 2 2 2 2 2 2 2 2 2 2 10 2 8
left_child=8 2 11 13 5 25 28 -8 26 10 -10 21 -13 14 17 -16 -15 -3 19 20 -18 27 -23 -24 -25 -5 -1 -2 -6 -26
right_child=1 3 -4 4 6 -7 7 -9 9 -11 -12 12 -14 16 15 -17 18 -19 -20 -21 -22 22 23 24 29 -27 -28 -29 -30 -31
leaf_value=-0.016020060675354539 -0.01038718105627625 0.0027563881105839324 0.094913833722052574 -0.02269298222540601 -0.024277227733674418 0.14620278720126351 0.10182976813857431 0.0006320671654806184 0.017998488758084751 -0.030467611686159746 0.12302044635357466 -0.0046682064656062613 0.092677065315998383 -0.02946904086508154 0.14564953530716845 0.036097162183367268 -0.01730124241059517 0.079607168590138083 0.079099592010263939 -0.060558109563891828 0.055163617250156026 -0.012293820974455003 0.09190061014976432 -0.014963258542554918 0.091280670481274487 0.07189672328150204 0.03557195593660438 -0.040511862378319802 0.036909660315728586 0.0088871387016732969
leaf_weight=8941 2099 1995 161 165 594 303 310 357 325 271 169 224 192 959 166 181 347 160 160 178 318 1473 185 443 160 171 259 1084 216 162
leaf_count=8941 2099 1995 161 165 594 303 310 357 325 271 169 224 192 959 166 181 347 160 160 178 318 1473 185 443 160 171 259 1084 216 162
internal_value=-0.00125546 0.00681926 -0.0041009 0.0170841 0.036976 0.0827065 0.0171755 0.0477008 -0.0115998 0.0240304 0.0539747 -0.006752 0.0402038 0.00764984 0.0195916 0.0885733 -0.00756663 0.00847317 0.0133515 0.0008447 0.0173157 -0.0102406 0.0034291 0.0278327 0.0123084 0.0253764 -0.0145651 -0.0206538 -0.00793167 0.0499011
internal_weight=22728 12763 6183 6580 2116 639 1477 667 9965 765 494 6022 416 4464 2502 347 1962 2155 1003 843 665 5606 2423 950 765 336 9200 3183 810 322
internal_count=22728 12763 6183 6580 2116 639 1477 667 9965 765 494 6022 416 4464 2502 347 1962 2155 1003 843 665 5606 2423 950 765 336 9200 3183 810 322
is_linear=0
shrinkage=0.0161


Tree=141
num_leaves=31
num_cat=0
split_feature=104 461 542 522 551 597 290 256 284 509 453 215 397 539 573 542 133 526 268 579 414 488 533 496 12 323 388 276 492 281
split_gain=8730.49 6686.69 7065.22 4531.54 3735.47 7612.2 4536.37 3487.3 4367.88 9594.94 3337.27 3255.35 5909.86 3222.99 4714.21 3630.94 3216.76 5818.34 2827.63 2874.96 7262.24 2793.97 2936.02 2781.27 2457 2637.96 2885.88 2405.57 2362.48 2555.57
threshold=4.5000000000000009 16.500000000000004 231.15000152587893 242.50000000000003 260.05000305175787 198.94999694824222 52.000000000000007 8.0000000000000018 29.500000000000004 85.500000000000014 8.0000000000000018 6.5000000000000009 52.000000000000007 190.50000000000003 180.15000152587893 189.94999694824222 10.500000000000002 97.500000000000014 35.500000000000007 210.94999694824222 10.500000000000002 176.50000000000003 50.500000000000007 52.500000000000007 24.500000000000004 4.5000000000000009 20.000000000000004 13.500000000000002 162.50000000000003 3.5000000000000004
decision_type=2 2 10 2 8 8 2 2 2 2 2 2 2 2 8 10 2 2 2 8 2 2 2 2 2 2 2 2 2 2
left_child=13 4 3 7 6 -6 11 21 18 -10 16 28 -13 -1 -15 -16 17 -7 19 24 -21 22 23 -3 25 -9 27 -27 29 -2
right_child=1 2 -4 -5 5 10 -8 8 9 -11 -12 12 -14 14 15 -17 -18 -19 -20 20 -22 -23 -24 -25 -26 26 -28 -29 -30 -31
leaf_value=-0.021006866708361504 -0.033234935555465979 0.0020853315924211687 0.10462887980023503 -0.041047067547597162 0.099540285160918132 0.010755387016725623 0.056846724280092374 0.077318231682894256 0.17239265446643984 0.0054298493872339555 -0.014926629500630915 -0.0021729163997274044 0.084281728600247394 0.08367601174725009 0.031362253346757053 -0.062093688372252744 -0.013162865001567426 0.10564818495080751 -0.038299639270714253 0.0085116943587318604 0.14512117501157343 0.059353674757025271 -0.026007758216340666 0.07854365809872664 -0.017621433507671168 0.012617975156164916 -0.041128423083936626 0.077168207460426672 -0.044064393940158701 -0.0041284145452379576
leaf_weight=5630 1088 541 251 325 258 454 291 252 172 186 970 4380 215 193 232 201 358 266 169 232 179 204 767 160 346 486 171 217 721 2788
leaf_count=5630 1088 541 251 325 258 454 291 252 172 186 970 4380 215 193 232 201 358 266 169 232 179 204 767 160 346 486 171 217 721 2788
internal_value=-0.000962533 0.00519393 0.0215257 0.0167873 -0.00125701 0.0171187 -0.00572793 0.0213977 0.0337937 0.0857124 0.00672397 -0.00771148 0.00186717 -0.0171516 0.0174835 -0.0119659 0.0262273 0.0458457 0.0247243 0.0303933 0.0680655 0.00351608 -0.00422733 0.0195702 0.0198587 0.0313966 0.0181291 0.0325766 -0.0172911 -0.0123047
internal_weight=22703 16447 4658 4407 11789 2306 9483 4082 2410 358 2048 9192 4595 6256 626 433 1078 720 2052 1883 411 1672 1468 701 1472 1126 874 703 4597 3876
internal_count=22703 16447 4658 4407 11789 2306 9483 4082 2410 358 2048 9192 4595 6256 626 433 1078 720 2052 1883 411 1672 1468 701 1472 1126 874 703 4597 3876
is_linear=0
shrinkage=0.0161


Tree=142
num_leaves=31
num_cat=0
split_feature=343 176 15 193 480 213 275 468 270 330 486 459 205 339 275 163 573 268 111 389 497 447 390 367 299 561 476 267 31 39
split_gain=8579.33 6696.35 5746.53 5484.58 4768.32 4374.94 5400.9 7126.8 3779.29 6110.62 4059.55 3495.16 4793.62 3268.39 6105.68 3151.75 6695.55 2999.67 3443.32 3070.32 4409.04 2955.96 2767.35 5138.1 2737.03 2592.03 4628.87 6592.57 3338.51 2777.06
threshold=10.500000000000002 24.500000000000004 20.000000000000004 29.500000000000004 68.500000000000014 29.500000000000004 16.500000000000004 8.0000000000000018 20.000000000000004 13.500000000000002 86.500000000000014 20.000000000000004 24.500000000000004 35.500000000000007 8.0000000000000018 24.500000000000004 120.95000076293947 35.500000000000007 24.500000000000004 5.5000000000000009 130.50000000000003 24.500000000000004 6.5000000000000009 8.0000000000000018 3.5000000000000004 85.549999237060561 10.500000000000002 13.500000000000002 8.0000000000000018 2.5000000000000004
decision_type=2 2 2 2 2 2 2 2 2 2 2 2 2 2 2 2 8 2 2 2 2 2 2 2 2 10 2 2 2 2
left_child=4 2 13 8 -1 6 15 -8 9 10 -3 24 21 17 -15 -4 -17 18 -2 -20 -21 22 23 -13 -6 26 27 28 -26 -27
right_child=1 3 5 -5 11 -7 7 -9 -10 -11 -12 12 -14 14 -16 16 -18 -19 19 20 -22 -23 -24 -25 25 29 -28 -29 -30 -31
leaf_value=-0.014486201136334899 -0.0073621257865183285 0.076174804329449272 0.0054261223681457789 0.13373103130050146 -0.026362311594890678 -0.035188528508263393 0.0093142856346509571 0.1437331579473832 -0.0098509735590352043 0.12432289048078941 -0.012949536233819451 -0.025758503013532413 0.09961316735045643 -0.02397561521761073 0.095958896389608486 0.1242790630625291 -3.6084929909478219e-05 -0.058801520910791528 -0.016620891267706456 0.016969908116632248 0.12354328792869011 0.074212382363569709 -0.021222549670544124 0.087801307223142971 -0.020502069379270231 0.038031757592331898 -0.014459009567741269 0.14440298121866457 0.073514181983472288 -0.0078268078845109054
leaf_weight=7825 3743 232 821 170 964 221 170 258 333 231 308 195 202 202 241 212 238 250 214 262 164 180 533 219 217 384 403 160 178 3146
leaf_count=7825 3743 232 821 170 964 221 170 258 333 231 308 195 202 202 241 212 238 250 214 262 164 180 533 219 217 384 403 160 178 3146
internal_value=0.0014958 0.0145998 0.00841336 0.0485531 -0.00592213 0.032139 0.0409106 0.0903975 0.0354156 0.054997 0.0252973 0.00395699 0.0273695 -0.000556236 0.0412178 0.0242277 0.0584779 -0.00455568 -0.00145621 0.0330474 0.0580534 0.0143999 0.00300622 0.0342561 -0.00174581 0.00353645 0.0270256 0.0571911 0.0218052 -0.00283156
internal_weight=22876 8270 6996 1274 14606 1920 1699 428 1104 771 540 6781 1329 5076 443 1271 450 4633 4383 640 426 1127 947 414 5452 4488 958 555 395 3530
internal_count=22876 8270 6996 1274 14606 1920 1699 428 1104 771 540 6781 1329 5076 443 1271 450 4633 4383 640 426 1127 947 414 5452 4488 958 555 395 3530
is_linear=0
shrinkage=0.0161


Tree=143
num_leaves=31
num_cat=0
split_feature=104 400 51 490 518 217 215 111 432 537 433 170 514 103 290 114 575 122 597 128 162 343 461 575 438 579 516 484 417 437
split_gain=8873.76 6679.76 5177.23 4440.31 5521.33 4179.56 4099.73 5291.64 3748.65 3638.44 3552.01 4320.5 4408.39 3650.49 3367.71 3255.88 2932.48 3357.8 2898.43 3950.37 2866.01 2447.8 2214.45 3391.64 2353.26 2453.12 3332.45 3644.03 2312.77 3484.73
threshold=5.5000000000000009 24.500000000000004 35.500000000000007 226.50000000000003 113.50000000000001 8.0000000000000018 24.500000000000004 4.5000000000000009 4.5000000000000009 85.500000000000014 8.0000000000000018 16.500000000000004 89.500000000000014 13.500000000000002 43.500000000000007 16.500000000000004 193.75000000000003 5.5000000000000009 155.05000305175784 10.500000000000002 4.5000000000000009 61.500000000000007 43.500000000000007 113.64999771118165 35.500000000000007 238.25000000000003 221.50000000000003 248.50000000000003 10.500000000000002 8.0000000000000018
decision_type=2 2 2 2 2 2 2 2 2 2 2 2 2 2 2 2 10 2 10 2 2 2 2 10 2 10 2 2 2 2
left_child=5 6 3 4 9 -1 14 -8 -9 -3 -7 13 -13 -12 20 -16 17 -10 -6 -20 -2 22 24 -24 25 26 27 28 -22 -30
right_child=1 2 -4 -5 18 10 7 8 16 -11 11 12 -14 -15 15 -17 -18 -19 19 -21 21 -23 23 -25 -26 -27 -28 -29 29 -31
leaf_value=-0.021068979817948169 -0.014421344281966371 0.021717672509561796 0.10562772145038858 0.090007373182402053 -0.048953212928368343 -0.013894344099676994 0.090066134249954119 0.072233635398409018 0.067942735345242353 0.085513591785125381 -0.0086516319434874808 0.01356054520331244 0.13142604934886809 0.067899130844004063 0.0082458379431180895 0.0929257467643399 -0.061820571861294089 -0.0094479175964753501 -0.033840395237330921 0.073336675110733385 -0.0035852884815328447 -0.049088408414945425 0.073508751271502623 -0.013383058125287622 -0.029841505020355791 0.06510028236655413 -0.038564983153748754 0.076404686979993183 -0.0040225971339864566 0.037514549820524171
leaf_weight=5182 3116 883 231 245 374 1526 297 224 204 315 855 165 165 199 301 194 169 504 195 164 3141 218 292 193 514 177 436 193 976 1127
leaf_count=5182 3116 883 231 245 374 1526 297 224 204 315 855 165 165 199 301 194 169 504 195 164 3141 218 292 193 514 177 436 193 976 1127
internal_value=0.00113848 0.00859998 0.0331251 0.0254176 0.0172104 -0.0123976 0.00378933 0.0297431 0.0134493 0.0385117 0.00303601 0.0217205 0.0725646 0.00577917 0.000451683 0.0414811 -0.00153832 0.0128178 -0.0175718 0.0150552 -0.00150209 0.00403429 0.00568052 0.0388827 0.0032237 0.00603677 0.00425271 0.00769064 0.0051572 0.018226
internal_weight=22775 14683 2407 2176 1931 8092 12276 1398 1101 1198 2910 1384 330 1054 10878 495 877 708 733 359 10383 7267 7049 485 6564 6050 5873 5437 5244 2103
internal_count=22775 14683 2407 2176 1931 8092 12276 1398 1101 1198 2910 1384 330 1054 10878 495 877 708 733 359 10383 7267 7049 485 6564 6050 5873 5437 5244 2103
is_linear=0
shrinkage=0.0161


Tree=144
num_leaves=31
num_cat=0
split_feature=161 463 287 547 243 172 79 539 536 26 284 505 11 222 16 199 84 485 512 486 79 35 419 278 63 116 471 519 577 588
split_gain=8145.06 4590.25 4483.8 4333.13 7592.07 4016.31 7891.82 3970.85 5790.67 5133.55 4180.4 4174.61 3724.86 4488.69 5940.11 4861.22 6359.58 3616.32 3420.66 5509.79 7070.19 3262.68 2774.58 2683.03 2982.41 4639.65 7056 2943.61 5379.5 2665.5
threshold=8.0000000000000018 5.5000000000000009 3.5000000000000004 216.75000000000003 10.500000000000002 43.500000000000007 10.500000000000002 35.500000000000007 82.500000000000014 29.500000000000004 24.500000000000004 129.50000000000003 16.500000000000004 13.500000000000002 8.0000000000000018 13.500000000000002 10.500000000000002 117.50000000000001 302.50000000000006 257.50000000000006 8.0000000000000018 6.5000000000000009 29.500000000000004 4.5000000000000009 16.500000000000004 3.5000000000000004 8.0000000000000018 187.50000000000003 203.05000305175784 82.250000000000014
decision_type=2 2 2 10 2 2 2 2 2 2 2 2 2 2 2 2 2 2 2 2 2 2 2 2 2 2 2 2 8 10
left_child=2 -2 -1 5 -5 12 -7 -4 9 10 11 -9 13 22 29 21 -17 -14 19 23 -21 -16 -3 -10 25 26 -25 -27 -29 -15
right_child=1 3 7 4 -6 6 -8 8 18 -11 -12 -13 17 14 15 16 -18 -19 -20 20 -22 -23 -24 24 -26 27 -28 28 -30 -31
leaf_value=-0.023790452215342515 -0.0048114343353767835 0.00081524782408191193 -0.015142779608487958 0.12039297842887994 0.0033000692717439872 -0.007111176296580912 0.1378240921169267 0.002577222722710134 -0.029310071832662755 0.1044479924306683 0.085120156105981351 0.087663796651532011 0.011195471464536831 0.040558872889442585 0.077987229693436397 0.16527784469723816 0.040809450821691413 -0.034671915458899916 -0.072486057959266229 0.13557808235230259 -0.006061359566172389 0.011722266423179263 0.056543839812534712 -0.0035880137655897324 -0.024999327586645668 -0.012187925737165652 0.14213244320149851 0.098621182157209594 -0.013356025746468629 -0.032196922544271755
leaf_weight=2986 2714 2127 3511 289 286 192 197 1508 1030 206 224 166 1204 215 312 217 210 707 183 167 201 506 260 182 819 1258 163 198 253 332
leaf_count=2986 2714 2127 3511 289 286 192 197 1508 1030 206 224 166 1204 215 312 217 210 707 183 167 201 506 260 182 819 1258 163 198 253 332
internal_value=0.00185481 0.0129748 -0.00646356 0.0198213 0.0621929 0.0160573 0.0662274 -0.00132287 0.0060724 0.0280858 0.0197854 0.0110288 0.0128488 0.0213646 0.0406251 0.0600557 0.104119 -0.00576147 -0.00432108 -0.0013949 0.0581513 0.0370257 0.00689525 -0.00701533 0.000969377 0.0113354 0.0651914 0.000449641 0.0357525 -0.00355701
internal_weight=22823 9768 13055 7054 575 6479 389 10069 6558 2104 1898 1674 6090 4179 1792 1245 427 1911 4454 4271 368 818 2387 3903 2873 2054 345 1709 451 547
internal_count=22823 9768 13055 7054 575 6479 389 10069 6558 2104 1898 1674 6090 4179 1792 1245 427 1911 4454 4271 368 818 2387 3903 2873 2054 345 1709 451 547
is_linear=0
shrinkage=0.0161


Tree=145
num_leaves=31
num_cat=0
split_feature=401 544 591 435 339 345 512 50 501 236 524 373 170 499 527 177 61 530 4 113 136 523 437 164 555 112 464 477 523 527
split_gain=8078.64 6396.89 7846.47 4427.95 3792.63 7296.91 4416.59 4718.59 6069 4269.25 3347.29 5786.32 3263.64 3437.05 6801.69 6926.62 4202.93 3248.9 4016.58 3142.23 3011.91 3262.15 3009.72 2881.03 2800.47 2639.93 2424.44 2420.06 2371.5 2990.85
threshold=10.500000000000002 238.25000000000003 209.25000000000003 5.5000000000000009 35.500000000000007 16.500000000000004 187.50000000000003 29.500000000000004 101.50000000000001 35.500000000000007 176.50000000000003 13.500000000000002 8.0000000000000018 96.500000000000014 135.50000000000003 10.500000000000002 10.500000000000002 228.50000000000003 8.0000000000000018 13.500000000000002 35.500000000000007 226.50000000000003 10.500000000000002 10.500000000000002 193.75000000000003 8.0000000000000018 20.000000000000004 4.5000000000000009 193.50000000000003 123.50000000000001
decision_type=2 10 8 2 2 2 2 2 2 2 2 2 2 2 2 2 2 2 2 2 2 2 2 2 8 2 2 2 2 2
left_child=3 4 -3 10 6 24 7 9 19 20 -1 -12 27 -14 15 22 17 18 -16 -9 21 28 -15 -11 -6 -22 -8 -5 29 -2
right_child=1 2 -4 12 5 -7 26 8 -10 23 11 -13 13 14 16 -17 -18 -19 -20 -21 25 -23 -24 -25 -26 -27 -28 -29 -30 -31
leaf_value=-0.021987019472603883 0.0057833237938539556 0.16089044228866842 0.0062051684490376444 -0.026099907253544472 -0.0093620956431786535 0.1076805869248704 -0.0095028891702998979 -0.02878841942422521 0.10749258586860959 0.015401046083513122 -0.010469479949647675 0.10039756387206673 -0.0021915056456474633 0.076719214692497456 0.11912723895938754 0.14502552976540317 -0.027207128255596874 -0.017095398358146524 0.010496743942232323 0.057319546926469761 0.00090296118352796212 -0.060652290592670063 -0.017218948538424976 0.10825173364477265 0.062488540890452915 0.084969505193627351 -0.063773451966990524 -0.00076584485871996396 0.060131881257162872 -0.029367181714207782
leaf_weight=5211 3620 165 176 1385 490 289 846 230 287 178 503 161 1971 177 179 220 524 189 175 210 183 226 176 170 197 207 286 3328 175 759
leaf_count=5211 3620 165 176 1385 490 289 846 230 287 178 503 161 1971 177 179 220 524 189 175 210 183 226 176 170 197 207 286 3328 175 759
internal_value=0.000537731 0.0127613 0.0811219 -0.00694504 0.00996771 0.0397976 0.00601793 0.0113243 0.0498846 0.00623964 -0.0176471 0.016377 0.00060552 0.0121253 0.0293461 0.0740914 0.00529485 0.0367029 0.0654922 0.0122551 0.00256075 -0.000944532 0.0298165 0.0608268 0.0112071 0.0455832 -0.0232351 -0.00821571 0.0020134 -0.000303842
internal_weight=22893 8694 341 14199 8353 976 7377 6245 727 5518 5875 664 8324 3611 1640 573 1067 543 354 440 5170 4780 353 348 687 390 1132 4713 4554 4379
internal_count=22893 8694 341 14199 8353 976 7377 6245 727 5518 5875 664 8324 3611 1640 573 1067 543 354 440 5170 4780 353 348 687 390 1132 4713 4554 4379
is_linear=0
shrinkage=0.0161


Tree=146
num_leaves=31
num_cat=0
split_feature=221 165 544 17 566 254 539 410 543 574 223 187 207 217 533 164 10 75 291 437 96 172 220 491 55 116 532 46 482 207
split_gain=9382.54 4994.67 5549.18 4853.78 4261.26 4052.71 4047.37 3635.17 5190.72 6952.27 4223.79 3798.12 3753.82 3430.41 3311.52 3186.68 4705.97 4084.48 3306.52 3169.23 3098.73 3056.09 3431.89 3232.03 2992.33 2650.32 4089.9 5556.09 3262.19 5488.86
threshold=13.500000000000002 4.5000000000000009 238.25000000000003 3.5000000000000004 161.34999847412112 5.5000000000000009 21.500000000000004 24.500000000000004 146.25000000000003 163.25000000000003 20.000000000000004 52.000000000000007 10.500000000000002 43.500000000000007 125.50000000000001 13.500000000000002 10.500000000000002 35.500000000000007 3.5000000000000004 35.500000000000007 4.5000000000000009 20.000000000000004 20.000000000000004 94.500000000000014 20.000000000000004 10.500000000000002 122.50000000000001 29.500000000000004 99.500000000000014 8.0000000000000018
decision_type=2 2 10 2 10 2 2 2 10 10 2 2 2 2 2 2 2 2 2 2 2 2 2 2 2 2 2 2 2 2
left_child=3 4 5 -1 14 20 -5 11 10 -10 -9 19 -11 15 -2 18 21 24 -7 25 -3 22 23 -17 -18 -8 27 28 -27 -30
right_child=1 2 -4 6 -6 13 7 8 9 12 -12 -13 -14 -15 -16 16 17 -19 -20 -21 -22 -23 -24 -25 -26 26 -28 -29 29 -31
leaf_value=-0.022265683024304015 -0.008855160916248014 0.043002222896736143 0.10071281209807013 -0.016788910668000426 -0.07162370431863202 0.061913359327768258 -0.0069187620209642539 -0.010468640664900275 0.15257185802327503 -0.027839725626991017 0.076377678276418809 0.064306872286726352 0.077352885650755612 0.08592631533868389 0.066035378719716945 0.066626199847569595 -0.029024670924935801 0.085987234071536564 0.0012948620445509687 -0.035636775462698514 -0.023809570729687066 0.1329627629029223 0.10686650691373283 -0.02852749483571506 0.050579942110229627 0.0056679371000601508 -0.0094792009949218169 0.11569917689122139 0.11878761788874087 -0.00037743815030392871
leaf_weight=3616 934 237 240 3250 238 275 4465 806 170 168 177 230 184 257 183 210 418 160 1542 668 746 162 204 165 173 1189 1264 171 199 201
leaf_count=3616 934 237 240 3250 238 275 4465 806 170 168 177 230 184 257 183 210 418 160 1542 668 746 162 204 165 173 1189 1264 171 199 201
internal_value=0.00049186 0.0175118 0.0252347 -0.00574679 -0.00976582 0.0212474 -0.00119985 0.00391953 0.0269596 0.0679944 0.00514505 -0.000212069 0.0270805 0.0292274 0.00339321 0.0248166 0.0422575 0.0138162 0.0104823 -0.00203417 -0.00767739 0.0710509 0.0536878 0.0246958 -0.00568265 0.000959953 0.0126008 0.0284717 0.0190699 0.0588483
internal_weight=22902 6144 4789 16758 1355 4549 13142 9892 1505 522 983 8387 352 3566 1117 3309 1492 751 1817 8157 983 741 579 375 591 7489 3024 1760 1589 400
internal_count=22902 6144 4789 16758 1355 4549 13142 9892 1505 522 983 8387 352 3566 1117 3309 1492 751 1817 8157 983 741 579 375 591 7489 3024 1760 1589 400
is_linear=0
shrinkage=0.0161


Tree=147
num_leaves=31
num_cat=0
split_feature=481 175 596 297 65 258 483 231 190 280 575 11 480 538 146 93 505 232 587 135 488 283 547 146 42 521 534 86 582 587
split_gain=6722.12 5996.54 7086.32 4836.8 4637.52 5678.6 5700.07 4176.96 3573 6279.24 5360.63 6461.55 3322.43 5054.82 4281.12 4072.3 3678.36 2821.57 2741.41 2845.41 2823.6 2736.18 2332.02 4631.77 2292.3 2377.47 3142.15 2259.99 2233.9 3334.89
threshold=341.50000000000006 20.000000000000004 233.25000000000003 4.5000000000000009 24.500000000000004 20.000000000000004 91.500000000000014 10.500000000000002 16.500000000000004 5.5000000000000009 162.34999847412112 16.500000000000004 91.500000000000014 117.50000000000001 10.500000000000002 8.0000000000000018 170.50000000000003 3.5000000000000004 215.15000152587893 52.000000000000007 272.50000000000006 3.5000000000000004 235.84999847412112 13.500000000000002 6.5000000000000009 231.50000000000003 194.50000000000003 24.500000000000004 99.950000762939467 90.049999237060561
decision_type=2 2 10 2 2 2 2 2 2 2 10 2 2 2 2 2 2 2 10 2 2 2 8 2 2 2 2 2 10 10
left_child=1 3 4 24 5 12 -7 17 22 -10 11 -11 -3 14 -14 16 -15 -5 19 20 21 -19 -9 -24 -1 26 28 -6 29 -26
right_child=-2 2 -4 7 27 6 -8 8 9 10 -12 -13 13 15 -16 -17 -18 18 -20 -21 -22 -23 23 -25 25 -27 -28 -29 -30 -31
leaf_value=-0.026143460806541376 0.1036782764016999 -0.0059277491607349457 0.11127762972808378 -0.021140873113689378 -0.0087183604939307709 0.12178671572142175 0.017755302639886224 -0.0016489762987853998 0.11097972247608869 0.11083581104478506 -0.041990745267125047 0.002371527495304174 0.030010349806823256 0.1009411653301072 0.14006881412463407 -0.028894141659571316 -0.006622352876839638 -0.024842107479039807 -0.042481632147517774 0.064791786124677328 0.065562146571448723 0.0044078274314729498 0.00081433876229262687 0.08302143109504638 -0.0056462320555893597 -0.066083482873473057 0.059363737446414828 -0.078494727077463008 -0.029127985245758971 0.059637635405626714
leaf_weight=2944 162 1383 200 2140 448 264 284 2540 246 236 262 360 203 168 168 385 161 1020 365 187 170 4425 497 277 1715 164 195 165 857 230
leaf_count=2944 162 1383 200 2140 448 264 284 2540 246 236 262 360 203 168 168 385 161 1020 365 187 170 4425 497 277 1715 164 195 165 857 230
internal_value=0.000336305 -0.000401498 0.0179644 -0.00413737 0.0128152 0.0210249 0.0679156 0.00151284 0.0141627 0.0392518 0.018659 0.04536 0.0106036 0.0316971 0.0799116 0.00661148 0.0482322 -0.00521204 0.000311581 0.00300773 0.000945904 -0.00106718 0.00579761 0.0302651 -0.0159183 -0.00638756 -0.00311306 -0.0275383 -0.00746942 0.00206161
internal_weight=22821 22659 3829 18830 3629 3016 548 12725 4418 1104 858 596 2468 1085 371 714 329 8307 6167 5802 5615 5445 3314 774 6105 3161 2997 613 2802 1945
internal_count=22821 22659 3829 18830 3629 3016 548 12725 4418 1104 858 596 2468 1085 371 714 329 8307 6167 5802 5615 5445 3314 774 6105 3161 2997 613 2802 1945
is_linear=0
shrinkage=0.0161


Tree=148
num_leaves=31
num_cat=0
split_feature=103 496 102 254 110 299 499 485 431 561 533 598 505 42 484 540 40 155 501 494 75 516 523 520 575 519 585 556 520 229
split_gain=6860.16 6199.65 8569.76 5586.7 5453.64 4739.89 4734.2 8837.27 5309.2 5742.19 4445.29 4094.86 3700.33 3370.98 3142.06 3147.44 2775.9 2503.77 3800.67 5203.41 2347.35 4258.52 2337.01 4960.04 3326.49 2627.98 2251.62 2012.95 3253.64 3285.12
threshold=20.000000000000004 164.50000000000003 35.500000000000007 24.500000000000004 8.0000000000000018 13.500000000000002 201.50000000000003 96.500000000000014 35.500000000000007 181.25000000000003 81.500000000000014 233.25000000000003 185.50000000000003 4.5000000000000009 275.50000000000006 238.25000000000003 16.500000000000004 6.5000000000000009 177.50000000000003 133.50000000000003 10.500000000000002 83.500000000000014 224.50000000000003 202.50000000000003 164.05000305175784 156.50000000000003 201.75000000000003 99.950000762939467 115.50000000000001 20.000000000000004
decision_type=2 2 2 2 2 2 2 2 2 8 2 10 2 2 2 8 2 2 2 2 2 2 2 2 10 2 8 10 2 2
left_child=6 2 3 12 -4 -5 13 -8 9 -9 -6 26 20 -1 15 16 -11 -15 22 -20 -2 -22 23 24 25 27 -3 -19 29 -29
right_child=1 11 4 5 10 -7 7 8 -10 14 -12 -13 -14 17 -16 -17 -18 18 19 -21 21 -23 -24 -25 -26 -27 -28 28 -30 -31
leaf_value=-0.018525914899883457 -0.015377007288367469 -0.0050637138640178912 0.023329419445367639 0.026721262047557738 0.072996627194719499 0.1314232808743048 0.12678860372332781 0.076751713563397841 0.090660874717423345 -0.023888828825598941 0.18418749062901074 0.058324915904126168 0.078522899775962468 -0.01030573305709255 0.043450969392503445 -0.060799055101571318 0.036923029559572162 -0.0064541097024086924 0.12046143479428088 0.0092933214060237548 -0.0043128870308776681 0.070065136566075589 -0.055314052776006928 0.088699377699733961 -0.047123993656580071 0.057236379371782643 -0.055571535369460225 0.045635545352609601 -0.023954585809656377 -0.032628213554764959
leaf_weight=4949 1171 485 251 299 222 180 178 218 183 637 162 164 167 5554 228 373 280 2987 168 313 638 290 185 169 360 226 435 821 363 167
leaf_count=4949 1171 485 251 299 222 180 178 218 183 637 162 164 167 5554 228 373 280 2987 168 313 638 290 185 169 360 226 435 821 363 167
internal_value=-0.000151916 0.0177477 0.0284951 0.0161543 0.0818053 0.0661156 -0.00450549 0.0182586 0.00817946 -0.000501737 0.119967 -0.0157419 0.00558278 -0.00744239 -0.0116116 -0.0213618 -0.00529466 -0.0025917 0.00484365 0.0481702 -0.000209246 0.0189049 0.000890716 0.00293694 -1.7916e-06 0.00370996 -0.0289707 0.000915934 0.0172282 0.0323829
internal_weight=22823 4464 3380 2745 635 479 18359 2097 1919 1736 384 1084 2266 16262 1518 1290 917 11313 5759 481 2099 928 5278 5093 4924 4564 920 4338 1351 988
internal_count=22823 4464 3380 2745 635 479 18359 2097 1919 1736 384 1084 2266 16262 1518 1290 917 11313 5759 481 2099 928 5278 5093 4924 4564 920 4338 1351 988
is_linear=0
shrinkage=0.0161


Tree=149
num_leaves=31
num_cat=0
split_feature=161 495 152 398 466 513 549 326 291 19 463 162 23 393 547 529 531 528 593 438 211 234 566 189 326 263 434 197 344 581
split_gain=7707.58 4825.6 4009.84 8015.76 3715.56 4341.28 7462.56 6510.35 5026.43 3527.77 4564.88 6404.79 3876.84 3772.41 3508.03 3345.36 3442.19 3292.27 4131.81 3806.33 5006.18 3287.1 2912.93 5308.62 5160.7 4536.13 2835.22 2956.36 2634.71 3197.9
threshold=8.0000000000000018 57.500000000000007 43.500000000000007 20.000000000000004 8.0000000000000018 122.50000000000001 154.15000152587893 24.500000000000004 35.500000000000007 10.500000000000002 16.500000000000004 43.500000000000007 20.000000000000004 3.5000000000000004 116.54999923706056 113.50000000000001 95.500000000000014 226.50000000000003 200.34999847412112 20.000000000000004 6.5000000000000009 20.000000000000004 191.15000152587893 5.5000000000000009 5.5000000000000009 10.500000000000002 6.5000000000000009 8.0000000000000018 35.500000000000007 205.94999694824222
decision_type=2 2 2 2 2 2 10 2 2 2 2 2 2 2 10 2 2 2 10 2 2 2 8 2 2 2 2 2 2 8
left_child=1 -1 9 14 17 6 7 26 15 12 22 13 -2 -12 -4 16 -7 18 19 -3 -21 -14 -11 -24 -25 -26 -6 -28 29 -15
right_child=2 4 3 -5 5 8 -8 -9 -10 10 11 -13 21 28 -16 -17 -18 -19 -20 20 -22 -23 23 24 25 -27 27 -29 -30 -31
leaf_value=-0.017297936297714041 -0.0070427865764265477 -0.016806851581925727 0.064249407623887256 0.14497171117464697 -0.020886902133249022 -0.015604426789657663 0.12765882383503585 0.10536830981912958 0.08135737469567822 -0.0034394621944051273 0.10156298686501053 0.12359007240068791 0.014409484537680399 0.011084261999970113 -0.035958277452837827 -0.023396610977658702 0.087456466680345527 -0.053539482598856339 0.067158972730895203 -0.023882071511360136 0.09077649960015878 0.089276836429557666 -0.023602662791456883 -0.010694209452992803 0.039504243739719551 0.15185952320965185 -0.0033684731690636774 0.069075172474402938 -0.037107622088825683 0.080429091687945778
leaf_weight=6424 4038 2342 172 172 541 175 194 200 167 1870 161 218 839 651 191 1271 161 392 198 185 211 186 284 172 187 187 314 272 186 235
leaf_count=6424 4038 2342 172 172 541 175 194 200 167 1870 161 218 839 651 191 1271 161 392 198 185 211 186 284 172 187 187 314 272 186 235
internal_value=0.000735776 -0.00735558 0.0115668 0.0544262 0.00228449 0.0144066 0.0343658 0.0207092 -0.00269287 0.00907564 0.0200779 0.0431124 5.06176e-05 0.0288644 0.0114582 -0.0114421 0.0337089 -0.00971033 -0.00385047 -0.00899415 0.0371518 0.0280181 0.00769022 0.0327939 0.0621715 0.0957448 0.00566447 0.0302171 0.0179241 0.0295036
internal_weight=22796 13047 9749 535 6623 3295 1521 1327 1774 9214 4151 1451 5063 1233 363 1607 336 3328 2936 2738 396 1025 2700 830 546 374 1127 586 1072 886
internal_count=22796 13047 9749 535 6623 3295 1521 1327 1774 9214 4151 1451 5063 1233 363 1607 336 3328 2936 2738 396 1025 2700 830 546 374 1127 586 1072 886
is_linear=0
shrinkage=0.0161


Tree=150
num_leaves=31
num_cat=0
split_feature=547 207 558 15 282 363 487 415 500 33 186 197 462 599 162 405 572 484 10 460 253 181 585 583 26 513 483 351 164 232
split_gain=7152.52 7961.94 11665.9 4948.05 3924.58 4682.81 4091.11 4380.66 3611.06 5299.05 3098.27 2928.42 3370.46 2842.94 2707.11 2648.51 2629.83 2983.67 2600.93 2598.73 2806.72 3740.86 2581.53 3400.31 2502.45 2363.52 4552.43 2997.02 5515.02 2158.11
threshold=221.94999694824222 10.500000000000002 210.94999694824222 10.500000000000002 20.000000000000004 5.5000000000000009 96.500000000000014 13.500000000000002 177.50000000000003 10.500000000000002 52.000000000000007 10.500000000000002 43.500000000000007 226.84999847412112 29.500000000000004 13.500000000000002 124.35000228881837 54.500000000000007 6.5000000000000009 29.500000000000004 24.500000000000004 8.0000000000000018 204.25000000000003 181.25000000000003 35.500000000000007 159.50000000000003 195.50000000000003 2.5000000000000004 8.0000000000000018 3.5000000000000004
decision_type=10 2 8 2 2 2 2 2 2 2 2 2 2 10 2 2 10 2 2 2 2 2 10 10 2 2 2 2 2 2
left_child=3 8 -3 11 10 16 7 18 -2 -10 19 13 22 14 29 -8 17 -6 -7 25 21 -21 23 24 -13 26 27 28 -5 -1
right_child=1 2 -4 4 5 6 15 -9 9 -11 -12 12 -14 -15 -16 -17 -18 -19 -20 20 -22 -23 -24 -25 -26 -27 -28 -29 -30 -31
leaf_value=-0.027110770914436366 -0.048558626987721266 0.15107985114682093 0.0012864710804670592 -0.0037102526772613241 -0.027535903798312791 0.087773912991403094 -0.019872111244539522 0.11648271289354992 0.09845811772155523 -0.030355332665852431 0.064096135512169333 -0.006055889670768453 0.06477057272261251 0.048559394934325893 -0.054202151060706721 0.046148939973927508 -0.064557055513675091 0.061318181888293258 0.0074490179169700178 0.0057098280699497354 -0.02222403368739511 0.088536614357020441 -0.057080704969966131 0.073944395807584537 0.04571616802782303 -0.026077630603494419 0.075509560109909446 -0.0078471025872123516 0.10772342317852569 -0.0087389504057951567
leaf_weight=2240 253 296 248 347 229 164 324 293 161 170 193 2680 215 183 446 306 174 171 290 298 223 270 200 164 266 1116 198 4171 172 6400
leaf_count=2240 253 296 248 347 229 164 324 293 161 170 193 2680 215 183 446 306 174 171 290 298 223 270 200 164 266 1116 198 4171 172 6400
internal_value=-0.00101242 0.0385148 0.082835 -0.00306507 0.00612388 0.0263136 0.0424217 0.0679138 -0.00272942 0.032229 0.000483682 -0.00948711 0.00299777 -0.0142376 -0.015505 0.0121579 -0.0122879 0.0103904 0.0365169 -0.00131965 0.0261068 0.0451232 -0.00100756 0.00259087 -0.0013733 -0.00493688 -0.000105332 -0.00330262 0.0331742 -0.0135047
internal_weight=22861 1128 544 21733 8939 1951 1377 747 584 331 6988 12794 3525 9269 9086 630 574 400 454 6795 791 568 3310 3110 2946 6004 4888 4690 519 8640
internal_count=22861 1128 544 21733 8939 1951 1377 747 584 331 6988 12794 3525 9269 9086 630 574 400 454 6795 791 568 3310 3110 2946 6004 4888 4690 519 8640
is_linear=0
shrinkage=0.0161


Tree=151
num_leaves=31
num_cat=0
split_feature=161 482 498 503 260 472 217 90 586 349 435 438 399 316 519 510 286 550 493 42 269 557 538 318 272 488 167 480 523 585
split_gain=7105.92 4597.5 4310.06 14603.8 4152.92 3599.79 3544.75 4179.91 4243.28 5821.32 3909.35 3418.45 3375.06 3270.54 4231.71 3102.64 3703.5 3097.28 2825.62 3291.21 3323.22 2729.99 4317.44 2575.17 2836.6 2389.6 2251.64 3691.98 6966.57 2514.84
threshold=8.0000000000000018 320.50000000000006 201.50000000000003 173.50000000000003 6.5000000000000009 8.0000000000000018 13.500000000000002 8.0000000000000018 178.05000305175784 13.500000000000002 52.000000000000007 29.500000000000004 13.500000000000002 5.5000000000000009 183.50000000000003 139.50000000000003 20.000000000000004 183.15000152587893 160.50000000000003 29.500000000000004 13.500000000000002 178.05000305175784 173.50000000000003 5.5000000000000009 13.500000000000002 133.50000000000003 16.500000000000004 117.50000000000001 104.50000000000001 159.44999694824222
decision_type=2 2 2 2 2 2 2 2 8 2 2 2 2 2 2 2 2 10 2 2 2 10 2 2 2 2 2 2 2 8
left_child=2 6 13 -4 5 -5 10 8 23 12 15 21 -10 14 -1 17 -17 18 19 25 -21 22 -9 -8 -25 -2 -15 28 -28 -29
right_child=1 -3 3 4 -6 -7 7 11 9 -11 -12 -13 -14 26 -16 16 -18 -19 -20 20 -22 -23 -24 24 -26 -27 27 29 -30 -31
leaf_value=-0.024242089915219357 -0.0031371775373119333 0.092515887994412668 0.11619598258815131 -0.017513743251125233 -0.033796485459919264 0.087635809530989747 -0.01995200797377232 -0.0049627954183739742 -0.0095617697755403901 0.15984006508078982 0.059492505506038781 0.058613793667673372 0.09408723776043991 -0.0087416197536207552 0.036590068206627836 -0.031441463001977268 0.026072964498801358 0.075332976856618536 -0.048255345564078608 0.014484462800192513 0.096155665501199514 -0.045984927441722605 0.083939641977401058 0.016163564468010577 0.093431914148301931 0.049634810969247968 0.011958036410907926 0.024547784299752587 0.12772352690034669 -0.056110303901870197
leaf_weight=5210 3204 170 307 167 671 170 262 996 163 164 286 270 162 4925 314 1395 366 160 260 385 195 312 165 384 182 239 719 165 166 254
leaf_count=5210 3204 170 307 167 671 170 262 996 163 164 286 270 162 4925 314 1395 366 160 260 385 195 312 165 384 182 239 719 165 166 254
internal_value=-0.000911604 0.00951172 -0.00866629 0.0189692 -0.0106192 0.0354592 0.00803169 0.0223171 0.0439672 0.0815896 0.00129257 0.00594492 0.0420309 -0.0117603 -0.02078 -0.00138662 -0.0194745 0.00577729 0.0031734 0.00650301 0.0419835 -0.00369328 0.00765165 0.0217198 0.0410512 0.000519218 -0.00375776 0.0150474 0.0336988 -0.0242914
internal_weight=22788 9720 13068 1315 1008 337 9550 3060 1317 489 6490 1743 325 11753 5524 6204 1761 4443 4283 4023 580 1473 1161 828 566 3443 6229 1304 885 419
internal_count=22788 9720 13068 1315 1008 337 9550 3060 1317 489 6490 1743 325 11753 5524 6204 1761 4443 4283 4023 580 1473 1161 828 566 3443 6229 1304 885 419
is_linear=0
shrinkage=0.0161


Tree=152
num_leaves=31
num_cat=0
split_feature=404 514 482 402 339 523 496 423 430 468 103 316 512 513 458 433 483 250 371 536 454 582 553 88 256 5 550 531 266 565
split_gain=6331.26 5566.92 6524.7 4043.07 4453.28 3680.83 5480.45 3390.62 4900.63 5865.19 4167.73 4244.36 5248.13 7074.96 4022.15 3214.25 3043.37 3022.77 4385.58 3014.94 2664.36 2241.33 2929.51 2227.23 2140.04 2094.83 2086.98 3074.18 2083.99 3153.24
threshold=5.5000000000000009 299.50000000000006 320.50000000000006 4.5000000000000009 73.500000000000014 268.50000000000006 283.50000000000006 10.500000000000002 16.500000000000004 43.500000000000007 20.000000000000004 10.500000000000002 33.500000000000007 106.50000000000001 61.500000000000007 10.500000000000002 212.50000000000003 13.500000000000002 10.500000000000002 183.50000000000003 43.500000000000007 105.54999923706056 209.25000000000003 29.500000000000004 10.500000000000002 5.5000000000000009 99.350002288818374 55.500000000000007 13.500000000000002 255.05000305175784
decision_type=2 2 2 2 2 2 2 2 2 2 2 2 2 2 2 2 2 2 2 2 2 10 8 2 2 2 10 2 2 8
left_child=15 2 3 -2 5 6 7 14 9 10 17 -12 -13 -14 20 25 23 19 -19 -9 21 26 -23 -17 -7 -1 -5 -28 -27 -30
right_child=1 -3 -4 4 -6 24 -8 8 -10 -11 11 12 13 -15 -16 16 -18 18 -20 -21 -22 22 -24 -25 -26 28 27 -29 29 -31
leaf_value=-0.029601261981365565 -0.0082614281461354348 -0.054710361885747759 0.105583872878038 0.0016756847870326027 0.083496618092553987 0.00028014531184326045 0.099809245038270711 -0.0048481695317532424 -0.0049223245212574726 0.12579173650307029 0.013143795152615765 0.012178942536888122 0.19757377793482656 0.049354771277033888 0.078122903532769267 -0.0070920679544269295 0.055096024764074769 0.10361341575053 -0.0074080370820175422 0.060278236037502542 0.050864998485342316 -0.022010849635303441 0.039447527126720075 0.04086983114926767 -0.072036496141922188 -0.016714486893822999 0.095306085145798913 0.0025198596742176805 -0.004927569173045045 0.069186784694105566
leaf_weight=2251 3239 368 178 2803 223 212 184 1286 1206 169 328 161 169 166 179 2345 267 213 162 215 260 1805 226 281 211 2519 161 219 616 196
leaf_count=2251 3239 368 178 2803 223 212 184 1286 1206 169 328 161 169 166 179 2345 267 213 162 215 260 1805 226 281 211 2519 161 219 616 196
internal_value=0.000571786 0.00709178 0.00872088 0.00746951 0.0122977 0.0107592 0.0127458 0.0110966 0.0222927 0.0337408 0.0279704 0.0581619 0.0878846 0.124198 0.0030217 -0.0104598 0.00330597 0.0146967 0.0555894 0.00446472 0.000561589 -0.00194231 -0.0151605 -0.00195085 -0.0357371 -0.0175984 0.00648449 0.0418939 -0.00948021 0.0129331
internal_weight=22818 14343 13975 13797 10558 10335 9912 9728 4075 2869 2700 824 496 335 5653 8475 2893 1876 375 1501 5474 5214 2031 2626 423 5582 3183 380 3331 812
internal_count=22818 14343 13975 13797 10558 10335 9912 9728 4075 2869 2700 824 496 335 5653 8475 2893 1876 375 1501 5474 5214 2031 2626 423 5582 3183 380 3331 812
is_linear=0
shrinkage=0.0161


Tree=153
num_leaves=31
num_cat=0
split_feature=435 102 494 594 589 554 76 57 234 143 463 550 207 582 513 76 158 585 587 327 112 215 228 230 232 586 237 285 250 393
split_gain=6938.45 4606.05 5626.67 4180.4 5997.01 4569.47 4082.69 3404.17 3377.3 3316.82 4017.38 3388.07 7570.08 3940.78 5214.42 2851.53 2840.97 4479.41 7376.41 4673.15 2783.18 2779.09 2420.72 2265.03 2187.31 2119.85 2118.98 2106.51 2906.92 2568.44
threshold=5.5000000000000009 16.500000000000004 230.50000000000003 188.65000152587893 220.15000152587893 174.34999847412112 6.5000000000000009 10.500000000000002 43.500000000000007 29.500000000000004 10.500000000000002 201.75000000000003 8.0000000000000018 112.95000076293947 59.500000000000007 29.500000000000004 24.500000000000004 166.15000152587893 198.94999694824222 8.0000000000000018 16.500000000000004 8.0000000000000018 16.500000000000004 10.500000000000002 2.5000000000000004 147.94999694824222 61.500000000000007 24.500000000000004 16.500000000000004 20.000000000000004
decision_type=2 2 2 10 10 8 2 2 2 2 2 8 2 8 2 2 2 8 8 2 2 2 2 2 2 8 2 2 2 2
left_child=3 16 6 24 5 -5 7 -3 9 10 15 13 -13 14 23 22 26 -18 -19 -20 25 -4 -8 -12 -1 -15 27 -2 29 -29
right_child=1 2 21 4 -6 -7 8 -9 -10 -11 11 12 -14 20 -16 -17 17 18 19 -21 -22 -23 -24 -25 -26 -27 -28 28 -30 -31
leaf_value=-0.03663573952014082 -0.0057141375737924981 -0.038854478416507229 0.011436645276504615 0.0051914183425249248 -0.034799009256775933 0.11575137141386327 -0.014999864159244427 0.029147189988287386 0.10445025522997037 -0.014443181681821942 0.011794759626471196 0.024694387421475564 0.16568273745998188 -0.060620567420851437 0.12681301552992144 0.067531107124114226 -0.0016331446588408011 0.150984871219424 0.076754619074997144 -0.040891534151029363 0.058843277150737734 -0.07096595327944058 0.053417892650019574 0.084254993846901091 -0.01123994569357937 0.016340513717232073 0.055403591792192085 -0.010903087936767889 0.067407719458974821 0.059854820711146735
leaf_weight=1024 7779 402 190 174 242 220 663 363 171 368 350 203 193 167 234 193 714 161 179 171 182 239 168 165 6267 208 165 637 243 168
leaf_count=1024 7779 402 190 174 242 220 663 363 171 368 350 203 193 167 234 193 714 161 179 171 182 239 168 165 6267 208 165 637 243 168
internal_value=0.000781498 0.00733825 0.0209917 -0.0113547 0.0282189 0.0669851 0.0268957 -0.00655625 0.0347408 0.0308805 0.0370077 0.0521719 0.0934678 0.0396323 0.0637537 0.0117801 0.0013772 0.0243801 0.0607734 0.0192088 0.0071538 -0.0344158 -0.00113979 0.0350559 -0.0148099 -0.0178701 -0.00175391 -0.00282501 0.0185977 0.00383454
internal_weight=22603 14676 4459 7927 636 394 4030 765 3265 3094 2726 1702 396 1306 749 1024 10217 1225 511 350 557 429 831 515 7291 375 8992 8827 1048 805
internal_count=22603 14676 4459 7927 636 394 4030 765 3265 3094 2726 1702 396 1306 749 1024 10217 1225 511 350 557 429 831 515 7291 375 8992 8827 1048 805
is_linear=0
shrinkage=0.0161


Tree=154
num_leaves=31
num_cat=0
split_feature=17 487 173 516 43 236 194 430 532 516 360 538 234 350 542 125 37 200 153 514 539 86 291 505 238 110 446 575 374 343
split_gain=5891.43 4106.12 3704.09 3912.48 5341.63 5123.67 4587.96 6245.63 4277.23 3643.04 9554.08 3432.94 4532.03 8433.94 3639.37 3424.11 4167.8 3106.55 3265.81 2785.73 5404.24 2741.33 2850.47 2583.49 3578.23 3791.64 2558.25 4199.44 2345.31 2191.65
threshold=4.5000000000000009 330.50000000000006 3.5000000000000004 136.50000000000003 10.500000000000002 5.5000000000000009 29.500000000000004 13.500000000000002 278.50000000000006 104.50000000000001 10.500000000000002 148.50000000000003 8.0000000000000018 16.500000000000004 218.75000000000003 10.500000000000002 10.500000000000002 24.500000000000004 29.500000000000004 244.50000000000003 231.50000000000003 13.500000000000002 6.5000000000000009 107.50000000000001 8.0000000000000018 10.500000000000002 35.500000000000007 129.65000152587893 29.500000000000004 35.500000000000007
decision_type=2 2 2 2 2 2 2 2 2 2 2 2 2 2 8 2 2 2 2 2 2 2 2 2 2 2 2 8 2 2
left_child=19 2 -2 4 23 -6 9 -8 11 17 -11 28 13 21 15 -14 -17 18 29 20 26 22 -13 -4 -25 -26 -1 -28 -5 -7
right_child=1 -3 3 8 5 6 7 -9 -10 10 -12 12 14 -15 -16 16 -18 -19 -20 -21 -22 -23 -24 24 25 -27 27 -29 -30 -31
leaf_value=-0.018238216877343158 -0.012904892722287566 0.075947114703568228 -0.0047978798342250368 -0.030588248809809461 0.0013751401334938654 0.013656166100775234 0.14594348308178473 0.016400811619558395 -0.054510400811418121 0.001055690688197136 0.15270833249864255 -0.013952131308334739 -0.018315087959530206 0.1092087623577063 -0.047302552839969994 0.10542754479842294 -0.0028895428056626574 -0.032518326203959905 0.093017203256909042 -0.064246385578528173 0.070368265605424127 -0.034477939205699158 0.065759234132626493 -0.0022407633385797942 0.10379282853693199 0.0074160178287676166 -0.029112056069077442 0.082201840938620624 0.030785317786011467 0.073795081271471122
leaf_weight=5234 3173 201 4035 1127 1500 1356 221 172 434 230 203 209 481 292 434 170 200 249 181 283 197 265 261 569 230 197 175 176 188 178
leaf_count=5234 3173 201 4035 1127 1500 1356 221 172 434 230 203 209 481 292 434 170 200 249 181 283 197 265 261 569 230 197 175 176 188 178
internal_value=-0.00130841 0.00361198 0.00273231 0.0064418 0.0121888 0.0253877 0.0382893 0.0893079 -0.0067433 0.0299147 0.0722082 -0.00102108 0.0107849 0.0360038 -0.00935224 0.00997432 0.0468142 0.0205783 0.0283012 -0.014906 -0.012487 0.00688903 0.030263 0.000929304 0.0241549 0.0593837 -0.0154138 0.0266364 -0.021796 0.0206498
internal_weight=22821 16756 16555 13382 9321 4290 2790 393 4061 2397 433 3627 2312 1027 1285 851 370 1964 1715 6065 5782 735 470 5031 996 427 5585 351 1315 1534
internal_count=22821 16756 16555 13382 9321 4290 2790 393 4061 2397 433 3627 2312 1027 1285 851 370 1964 1715 6065 5782 735 470 5031 996 427 5585 351 1315 1534
is_linear=0
shrinkage=0.0161


Tree=155
num_leaves=31
num_cat=0
split_feature=527 515 206 547 417 494 434 594 46 543 155 491 491 435 43 0 333 351 243 551 224 111 515 510 299 199 453 307 191 506
split_gain=6866.58 6238.45 4705.03 5311.79 11820.3 7880.96 4312.14 4066.69 4561.74 6672.7 6470 3843.25 5529.96 3453.97 3321.28 3294.35 3083.29 3755.54 2840.49 5354.81 2761.64 2676.94 3053.97 3516.11 2617.47 2592.02 2567.57 2549.62 3912.24 2857.68
threshold=14.500000000000002 320.50000000000006 8.0000000000000018 221.94999694824222 16.500000000000004 214.50000000000003 73.500000000000014 134.44999694824222 29.500000000000004 161.34999847412112 16.500000000000004 104.50000000000001 92.500000000000014 8.0000000000000018 8.0000000000000018 10.500000000000002 16.500000000000004 29.500000000000004 29.500000000000004 163.25000000000003 5.5000000000000009 24.500000000000004 93.500000000000014 202.50000000000003 6.5000000000000009 2.5000000000000004 43.500000000000007 29.500000000000004 6.5000000000000009 136.50000000000003
decision_type=2 2 2 10 2 2 2 10 2 10 2 2 2 2 2 2 2 2 2 8 2 2 2 2 2 2 2 2 2 2
left_child=-1 2 14 6 5 -5 7 8 9 11 15 12 13 -4 18 -10 17 21 -2 -20 24 22 -9 -24 -13 -16 27 29 -29 -27
right_child=1 -3 3 4 -6 -7 -8 16 10 -11 -12 20 -14 -15 25 -17 -18 -19 19 -21 -22 -23 23 -25 -26 26 -28 28 -30 -31
leaf_value=-0.017950817793984018 -0.013814760227855424 -0.069808593052530787 -0.0068040675360245039 0.18911356666421308 -0.038838838493236612 0.043679571409484107 0.091449827924775393 0.046674027621704861 0.078418508629066574 0.1136477404894345 0.14540441944150589 -0.029998734504054755 0.094616491518968157 0.029915393572910516 -0.027903301570928078 -0.01591224937903199 -0.034475196927985959 0.062022446294155723 -0.019701966217199857 0.10034338811307754 -0.038205036202034012 0.048883570436869708 -0.043293852433635087 0.019762422236224673 0.054710443760190741 0.013897164325747797 0.059614688515081359 -0.015945290430021106 0.083927672989020347 -0.016311907426441469
leaf_weight=4360 4851 288 1346 186 200 202 170 184 171 162 167 173 224 1309 472 218 752 252 227 167 661 204 758 328 208 2579 273 164 266 1184
leaf_count=4360 4851 288 1346 186 200 202 170 184 171 162 167 173 224 1309 472 218 752 252 227 167 661 204 758 328 208 2579 273 164 266 1184
internal_value=0.000209663 0.00452686 0.00571371 0.0150591 0.0616167 0.113459 0.0112991 0.00938123 0.0182775 0.0123788 0.0615526 0.00818873 0.0177822 0.0112909 -0.00151122 0.025494 -0.00726371 0.00457841 -0.0104348 0.0311205 -0.0182951 -0.00522645 -0.0139367 -0.0242276 0.0161849 0.00796236 0.0117582 0.0086367 0.0457819 0.00438585
internal_weight=22706 18346 18058 7875 588 388 7287 7117 4639 4083 556 3921 2879 2655 10183 389 2478 1726 5245 394 1042 1474 1270 1086 381 4938 4466 4193 430 3763
internal_count=22706 18346 18058 7875 588 388 7287 7117 4639 4083 556 3921 2879 2655 10183 389 2478 1726 5245 394 1042 1474 1270 1086 381 4938 4466 4193 430 3763
is_linear=0
shrinkage=0.0161


Tree=156
num_leaves=31
num_cat=0
split_feature=463 103 152 500 545 64 461 575 198 47 456 259 216 488 516 216 487 58 236 464 160 0 519 25 385 294 487 554 255 575
split_gain=6670.74 5249.4 4703.86 3593.89 4318.78 3885.23 3432.08 6154.63 3243.9 3299.65 6176.93 4458.36 6137.02 2994.18 3350.21 5947.04 2803.15 2638.16 2366.81 3369.15 2280.56 5556.32 2604.25 2015.53 2395.19 2834.74 2601.61 2458.17 2100.88 2241.37
threshold=5.5000000000000009 20.000000000000004 43.500000000000007 212.50000000000003 205.94999694824222 2.5000000000000004 43.500000000000007 118.54999923706056 2.5000000000000004 43.500000000000007 8.0000000000000018 43.500000000000007 10.500000000000002 172.50000000000003 81.500000000000014 16.500000000000004 262.50000000000006 16.500000000000004 13.500000000000002 16.500000000000004 35.500000000000007 13.500000000000002 96.500000000000014 73.500000000000014 35.500000000000007 10.500000000000002 278.50000000000006 235.84999847412112 24.500000000000004 173.15000152587893
decision_type=2 2 2 2 10 2 2 8 2 2 2 2 2 2 2 2 2 2 2 2 2 2 2 2 2 2 2 10 2 10
left_child=16 8 3 4 5 -3 13 -8 -2 11 -11 20 -13 14 -7 17 18 -16 -1 -20 23 22 -22 24 26 -26 27 28 29 -10
right_child=1 2 -4 -5 -6 6 7 -9 9 10 -12 12 -14 -15 15 -17 -18 -19 19 -21 21 -23 -24 -25 25 -27 -28 -29 -30 -31
leaf_value=-0.017916987245272478 -0.026141474186486109 0.075615361827192848 0.090810470604155466 -0.02440824378566658 0.10164868182234055 -0.0026996591717250657 0.12963741475050586 -0.0014439714390254428 -0.0032861833200175362 0.10863181494695134 -0.0045555158370386879 -0.00093922966911829059 0.1299800458462492 -0.046078022492491669 -0.01196591506400199 0.11619761310950312 0.03780269499139164 0.064182614533159252 -0.0062776659205264615 0.055705668971577381 0.033002177719841486 0.085079293720200719 -0.055886793239616962 -0.056061864565268668 -0.0091846622922156906 0.06377039387889874 -0.055460708193226023 0.059785602382222462 0.02132828068765227 -0.033539686087057125
leaf_weight=6115 1029 291 248 447 177 1309 172 201 5684 218 292 213 164 252 365 196 289 174 1436 270 164 264 178 180 252 304 246 162 779 715
leaf_count=6115 1029 291 248 447 177 1309 172 201 5684 218 292 213 164 252 365 196 289 174 1436 270 164 264 178 180 252 304 246 162 779 715
internal_value=0.000300898 0.00677759 0.0229758 0.0182753 0.0243649 0.0197356 0.0136342 0.058938 0.00105137 0.00390466 0.0437804 0.00171657 0.05595 0.00626409 0.0127287 0.040238 -0.0114165 0.0125727 -0.0132383 0.00351833 -0.00057089 0.0295799 -0.0131929 -0.00276927 -0.00158821 0.0306621 -0.00395503 -0.00222561 -0.00362842 -0.00667027
internal_weight=22786 14676 3832 3584 3137 2960 2669 373 10844 9815 510 9305 377 2296 2044 735 8110 539 7821 1706 8928 606 342 8322 8142 556 7586 7340 7178 6399
internal_count=22786 14676 3832 3584 3137 2960 2669 373 10844 9815 510 9305 377 2296 2044 735 8110 539 7821 1706 8928 606 342 8322 8142 556 7586 7340 7178 6399
is_linear=0
shrinkage=0.0161


Tree=157
num_leaves=31
num_cat=0
split_feature=15 175 167 112 161 479 290 319 538 410 157 512 201 150 344 426 15 13 404 39 52 405 399 246 204 441 57 557 490 444
split_gain=6337.01 4860 6034.41 5172.48 4546.88 4048.48 3883.43 3643.78 6629.08 3446.82 3418.56 3162.33 3012.33 3162.04 2939.99 4258.22 4043.53 3982.25 2605.86 2968.45 2733.39 3937.29 2683.68 2650.57 2888.84 2323.14 2611.48 2761.9 4100.95 3566.57
threshold=6.5000000000000009 16.500000000000004 29.500000000000004 10.500000000000002 20.000000000000004 43.500000000000007 61.500000000000007 20.000000000000004 111.50000000000001 24.500000000000004 61.500000000000007 126.50000000000001 6.5000000000000009 8.0000000000000018 13.500000000000002 4.5000000000000009 13.500000000000002 5.5000000000000009 16.500000000000004 35.500000000000007 29.500000000000004 13.500000000000002 3.5000000000000004 13.500000000000002 6.5000000000000009 5.5000000000000009 52.000000000000007 215.15000152587893 242.50000000000003 43.500000000000007
decision_type=2 2 2 2 2 2 2 2 2 2 2 2 2 2 2 2 2 2 2 2 2 2 2 2 2 2 2 10 2 2
left_child=6 4 5 -4 18 14 10 9 -9 11 25 12 13 -6 15 16 -3 -16 20 22 -2 -22 -20 -24 -25 -1 27 28 29 -27
right_child=1 2 3 -5 7 -7 -8 8 -10 -11 -12 -13 -14 -15 17 -17 -18 -19 19 -21 21 -23 23 24 -26 26 -28 -29 -30 -31
leaf_value=-0.022266945492299281 -0.012008177712878714 0.098452644622859617 0.15470309569048643 0.033720360873431818 0.012834250401886415 0.085996792765707958 0.062198298002027926 0.0084623666246859026 0.13413127939619132 0.070675508682030194 0.058945130540394228 -0.03220892231221098 -0.0098184408394189765 0.098295562057440292 0.098628455224484671 -0.015214529452286846 -0.0034661101063888757 0.016891655499881333 0.050073643182076431 0.077654728573337301 -0.0020375372195807029 0.089269585730663153 -0.018269954014383867 -0.019742498403099024 0.061765445251267925 -0.010875112979869477 0.05178886103334529 -0.056667533069119841 0.068226140759417117 0.056300186915653277
leaf_weight=3654 5471 191 161 214 268 204 192 244 197 225 178 451 447 194 199 1294 213 696 306 169 423 172 931 189 278 4758 197 285 190 214
leaf_count=3654 5471 191 161 214 268 204 192 244 197 225 178 451 447 194 199 1294 213 696 306 169 423 172 931 189 278 4758 197 285 190 214
internal_value=0.000423779 0.00770547 0.0250629 0.085725 0.00217799 0.0169214 -0.00946824 0.0237076 0.0646536 0.0123002 -0.0109228 0.00262523 0.0199341 0.0487715 0.0114779 -0.000954904 0.04466 0.0350918 -0.00331331 0.0132815 -0.00844119 0.0243176 0.00688329 -0.00255355 0.0287279 -0.0122629 -0.00578195 -0.00786842 -0.00516961 -0.00797909
internal_weight=22805 13137 3172 375 9965 2797 9668 2026 441 1585 9476 1360 909 462 2593 1698 404 895 7939 1873 6066 595 1704 1398 467 9298 5644 5447 5162 4972
internal_count=22805 13137 3172 375 9965 2797 9668 2026 441 1585 9476 1360 909 462 2593 1698 404 895 7939 1873 6066 595 1704 1398 467 9298 5644 5447 5162 4972
is_linear=0
shrinkage=0.0161


Tree=158
num_leaves=31
num_cat=0
split_feature=402 42 544 56 47 339 71 523 489 516 350 580 435 552 410 338 518 495 506 540 473 95 58 530 517 588 208 265 11 599
split_gain=7435.66 4752.88 4193.66 7567.95 3723.69 4276.97 3621.09 4512.3 2926.95 2704.31 2865.72 2796.61 4143.9 4704.63 3743.08 3670.5 5784.5 2781.34 2528.5 2896.91 2523.61 3437.96 2188.79 2036.48 2945.85 2004.72 2123.77 1899.68 1840.71 1999.31
threshold=4.5000000000000009 4.5000000000000009 238.25000000000003 16.500000000000004 24.500000000000004 43.500000000000007 20.000000000000004 90.500000000000014 269.50000000000006 310.50000000000006 73.500000000000014 103.25000000000001 8.0000000000000018 95.250000000000014 8.0000000000000018 35.500000000000007 142.50000000000003 293.50000000000006 48.500000000000007 76.649997711181655 16.500000000000004 8.0000000000000018 3.5000000000000004 125.50000000000001 85.500000000000014 233.25000000000003 20.000000000000004 10.500000000000002 43.500000000000007 244.44999694824222
decision_type=2 2 10 2 2 2 2 2 2 2 2 10 2 10 2 2 2 2 2 8 2 2 2 2 2 8 2 2 2 8
left_child=8 -2 4 -4 9 6 18 -8 22 10 11 12 -3 20 -15 17 -17 28 19 -6 23 -22 -1 24 -14 26 27 -20 29 -13
right_child=1 2 3 -5 5 -7 7 -9 -10 -11 -12 15 13 14 -16 16 -18 -19 25 -21 21 -23 -24 -25 -26 -27 -28 -29 -30 -31
leaf_value=-0.034750542775874381 -0.013303547985330386 -0.0037934101892539876 0.10479926571924013 -0.023138687222902257 -0.015861165267719867 0.10449795993232923 0.006092525931327638 0.10865787659771982 0.047686462002399531 -0.060586034417087702 0.067663738215744673 -0.013852448969667067 0.0052876904702963091 0.11990091679298982 0.02380523788097242 -0.026143178936288852 0.097834831193235397 0.054264832822763828 -0.031547177750697937 0.066666897270829251 0.082548571856172426 0.0088402727859881926 -0.012261713092687348 -0.039550797640459184 0.071866408117594066 0.033122811304227028 -0.070087422451017789 0.027726681939477832 -0.055029937377534061 0.036313480252331401
leaf_weight=1474 3077 2834 305 197 169 169 212 235 183 169 182 3394 1688 216 206 181 211 162 317 315 304 358 4724 221 192 241 171 251 262 219
leaf_count=1474 3077 2834 305 197 169 169 212 235 183 169 182 3394 1688 216 206 181 211 162 317 315 304 358 4724 221 192 241 171 251 262 219
internal_value=-0.000983124 0.00473587 0.00888584 0.0545457 0.00710428 0.0268315 0.0199507 0.0600666 -0.0157373 0.00330242 0.00432036 0.00321469 0.0103614 0.0229637 0.0730474 -0.00649238 0.0405298 -0.0110641 0.00768619 0.0378017 0.0153058 0.0427237 -0.0176138 0.00665552 0.0120997 -0.00716314 -0.0203329 -0.00531254 -0.0138014 -0.0108052
internal_weight=22839 16458 13381 502 12879 2080 1911 447 6381 10799 10630 10448 6019 3185 422 4429 392 4037 1464 484 2763 662 6198 2101 1880 980 739 568 3875 3613
internal_count=22839 16458 13381 502 12879 2080 1911 447 6381 10799 10630 10448 6019 3185 422 4429 392 4037 1464 484 2763 662 6198 2101 1880 980 739 568 3875 3613
is_linear=0
shrinkage=0.0161


Tree=159
num_leaves=31
num_cat=0
split_feature=231 176 441 103 553 520 518 196 205 472 176 400 54 495 541 452 186 39 365 398 103 463 95 594 462 268 315 486 48 461
split_gain=6201.97 4613.25 4233.87 3709.9 5640.16 4472.12 5587.88 3538.88 3909.01 4430.41 5345.16 4421.59 4194.03 4445.78 6302.26 6282.03 3008.74 2727.53 5122.73 2704.82 2390.67 2742.06 2749.57 5503.83 2375.76 2190.09 2130.93 2068.98 2027.79 2314.77
threshold=10.500000000000002 10.500000000000002 2.5000000000000004 10.500000000000002 198.94999694824222 112.50000000000001 78.500000000000014 3.5000000000000004 4.5000000000000009 3.5000000000000004 8.0000000000000018 61.500000000000007 2.5000000000000004 231.50000000000003 198.94999694824222 13.500000000000002 2.5000000000000004 43.500000000000007 10.500000000000002 16.500000000000004 73.500000000000014 5.5000000000000009 29.500000000000004 176.25000000000003 35.500000000000007 4.5000000000000009 24.500000000000004 198.50000000000003 5.5000000000000009 20.000000000000004
decision_type=2 2 2 2 10 2 2 2 2 2 2 2 2 2 10 2 2 2 2 2 2 2 2 8 2 2 2 2 2 2
left_child=1 17 -2 27 5 6 26 -4 -9 10 -10 12 -11 14 16 -16 -14 20 -19 -7 21 -1 25 -24 28 -23 -5 -3 -18 -30
right_child=2 3 7 4 -6 19 -8 8 9 11 -12 -13 13 -15 15 -17 24 18 -20 -21 -22 22 23 -25 -26 -27 -28 -29 29 -31
leaf_value=-0.023760569540134294 -0.031047855068650834 -0.0010807981116961113 -0.012220735000994541 0.00076629246233952042 0.095465522773060946 -0.046057842355023013 0.095915531779562135 -0.010485755090026935 0.016842480422587409 0.086671000403587758 0.14108673965418897 0.097837376804849732 0.06597139052268168 -0.031927822830409465 0.13769533438995524 0.0092298593691985155 -0.018293662941726477 -0.023102243029442249 0.090815695501403657 0.030208201695743848 -0.076448002832696413 -0.023912662109856389 -0.0094054657664426958 0.099578739638678498 0.05090425603950819 -0.0022079187406524978 0.060239708583476791 -0.043969743207735126 0.0024573222794120248 0.043486935148166581
leaf_weight=4088 578 2404 1101 805 241 418 262 962 179 216 181 185 253 485 221 179 791 230 184 169 160 1888 345 184 304 3339 194 332 1501 468
leaf_count=4088 578 2404 1101 805 241 418 262 962 179 216 181 185 253 485 221 179 791 230 184 169 160 1888 345 184 304 3339 194 332 1501 468
internal_value=-0.0010505 -0.00697608 0.0108248 0.00603539 0.0221944 0.0126263 0.0297227 0.0142729 0.0192 0.0249588 0.0793751 0.0206978 0.0174623 0.0138991 0.019885 0.0802659 0.0125966 -0.0130045 0.0274711 -0.0240604 -0.0146819 -0.0136755 -0.00650891 0.0284576 0.00818162 -0.0100522 0.0123392 -0.00629376 0.00346741 0.0122214
internal_weight=22847 15243 7604 4825 2089 1848 1261 7026 5925 4963 360 4603 4418 4202 3717 400 3317 10418 414 587 10004 9844 5756 529 3064 5227 999 2736 2760 1969
internal_count=22847 15243 7604 4825 2089 1848 1261 7026 5925 4963 360 4603 4418 4202 3717 400 3317 10418 414 587 10004 9844 5756 529 3064 5227 999 2736 2760 1969
is_linear=0
shrinkage=0.0161


Tree=160
num_leaves=31
num_cat=0
split_feature=420 231 40 82 43 497 258 515 229 155 524 517 240 101 198 229 583 509 505 136 222 544 388 586 41 598 59 180 246 67
split_gain=4836.15 5009.86 4198.16 4107.52 4291.87 4392.49 9333.44 3411.86 3788.28 3473.65 3258.23 3632.53 4967.74 3246.94 3728.45 4260.44 2935.24 2875.93 2868.05 5159.07 2543.71 3143.11 4590.95 2240.77 2649.1 2543.58 2118.21 2096.99 2433.68 4378.51
threshold=8.0000000000000018 10.500000000000002 52.000000000000007 43.500000000000007 43.500000000000007 190.50000000000003 10.500000000000002 296.50000000000006 52.000000000000007 10.500000000000002 248.50000000000003 173.50000000000003 5.5000000000000009 20.000000000000004 13.500000000000002 6.5000000000000009 171.05000305175784 208.50000000000003 139.50000000000003 8.0000000000000018 8.0000000000000018 155.05000305175784 6.5000000000000009 117.85000228881837 8.0000000000000018 124.35000228881837 24.500000000000004 13.500000000000002 8.0000000000000018 6.5000000000000009
decision_type=2 2 2 2 2 2 2 2 2 2 2 2 2 2 2 2 10 2 2 2 2 8 2 10 2 10 2 2 2 2
left_child=7 13 3 4 5 17 -7 8 9 23 11 16 -13 27 -15 -16 20 18 -3 -20 26 -22 -23 24 25 -1 -11 -2 -29 -30
right_child=1 2 -4 -5 -6 6 -8 -9 -10 10 -12 12 -14 14 15 -17 -18 -19 19 -21 21 22 -24 -25 -26 -27 -28 28 29 -31
leaf_value=-0.021128985535983604 -0.014406252618822247 0.0059050773524680069 0.091515216777107569 -0.034490336193768359 0.085501375243860103 0.1196886779637594 -0.0069323681342667396 -0.071013863369875599 0.053545437229331271 -0.014349802829268206 -0.05837320635080611 0.10768894800410206 0.0061337002681446356 0.0034840907547140014 0.1221542679876699 0.017648048976104145 -0.064157960273690362 -0.047734491131915406 0.10967016814545134 -0.0076232262116240675 0.0061074509016567149 0.0040684631056484262 0.12026642798204511 -0.027558515497027172 0.0045216036832917608 0.041576552735653485 0.034846186836902944 -0.010641141391993488 0.086349173651590158 0.0065747598720350608
leaf_weight=3110 3330 1939 212 352 265 305 298 215 268 1415 197 214 301 913 175 241 164 214 204 185 736 170 184 2186 2391 177 270 1154 224 879
leaf_count=3110 3330 1939 212 352 265 305 298 215 268 1415 197 214 301 913 175 241 164 214 204 185 736 170 184 2186 2391 177 270 1154 224 879
internal_value=-0.000392744 0.00737423 0.0217803 0.0178443 0.0232534 0.0180009 0.0570741 -0.00744441 -0.00628248 -0.00767696 0.00529624 0.00893446 0.0483791 -0.000900227 0.0217142 0.0616676 0.00201459 0.00872291 0.0139228 0.0538275 0.00593381 0.0251035 0.0645316 -0.013703 -0.00836454 -0.0177452 -0.0064528 -0.00628383 0.00568966 0.0227969
internal_weight=22888 10890 3974 3762 3410 3145 603 11998 11783 11515 3651 3454 515 6916 1329 416 2939 2542 2328 389 2775 1090 354 7864 5678 3287 1685 5587 2257 1103
internal_count=22888 10890 3974 3762 3410 3145 603 11998 11783 11515 3651 3454 515 6916 1329 416 2939 2542 2328 389 2775 1090 354 7864 5678 3287 1685 5587 2257 1103
is_linear=0
shrinkage=0.0161


Tree=161
num_leaves=31
num_cat=0
split_feature=232 540 339 569 98 192 248 527 589 60 462 234 74 102 574 495 223 70 436 450 539 508 582 77 576 43 93 53 80 358
split_gain=5812.39 4753.91 5988.19 4498.8 5877.08 4529.28 3520.16 3509.75 5692.84 6164.07 5502.47 4632.67 3474.52 3562.34 5147.56 7680.49 2789.33 2379.03 2601.21 2637.62 4209.01 4569.46 2421.28 2518.1 5264.87 2218.88 2214.22 2181.4 2276.88 2801.23
threshold=8.0000000000000018 187.55000305175784 4.5000000000000009 197.65000152587893 10.500000000000002 8.0000000000000018 3.5000000000000004 240.50000000000003 174.34999847412112 20.000000000000004 16.500000000000004 43.500000000000007 73.500000000000014 29.500000000000004 132.44999694824222 75.500000000000014 6.5000000000000009 4.5000000000000009 4.5000000000000009 8.0000000000000018 78.500000000000014 115.50000000000001 135.84999847412112 24.500000000000004 80.950000762939467 20.000000000000004 3.5000000000000004 43.500000000000007 43.500000000000007 35.500000000000007
decision_type=2 10 2 8 2 2 2 2 10 2 2 2 2 2 10 2 2 2 2 2 2 2 10 2 10 2 2 2 2 2
left_child=6 12 -3 4 -4 -5 -1 8 11 10 16 17 13 26 15 25 -10 18 -8 20 -20 -22 23 -19 -25 -15 -2 28 29 -28
right_child=1 2 3 5 -6 -7 7 -9 9 -11 -12 -13 -14 14 -16 -17 -18 22 19 -21 21 -23 -24 24 -26 -27 27 -29 -30 -31
leaf_value=-0.022330727117749548 -0.020794258398283243 0.11422043309357094 0.00128951432784164 0.047617970750099534 0.10764564761224117 -0.037994199792198008 -0.016494233102114716 -0.041168708607130587 0.025867818503750032 0.11762528552427289 0.090695458168827708 0.062170641146674262 0.076463275007181711 -0.024273398204575771 -0.029067089412222833 0.12515623410449045 -0.050385171373808352 -0.011291944368241706 0.011907642147938604 -0.0052521452814213668 0.1450122249066193 0.02350782520193756 -0.033916736978849754 -0.016809261549178892 0.072080512267645794 0.051068060268204582 0.0057104008754111047 -0.027418952264824843 -0.033363173253923233 0.050360011002737744
leaf_weight=3007 1194 218 257 260 284 417 778 576 249 199 185 265 171 206 251 258 248 4560 608 656 160 162 1030 401 303 199 4444 542 346 397
leaf_count=3007 1194 218 257 260 284 417 778 576 249 199 185 265 171 206 251 258 248 4560 608 656 160 162 1030 401 303 199 4444 542 346 397
internal_value=-0.000166678 0.009504 0.0364812 0.0225479 0.0571651 -0.00508031 -0.00699072 -0.00254458 -0.000272949 0.0387687 0.0157247 -0.00413031 0.00466349 0.00309385 0.0329684 0.0564895 -0.0121346 -0.00616233 0.00760243 0.0194377 0.0368786 0.0839558 -0.0113361 -0.00691326 0.0214153 0.0126881 -0.000846906 0.00330628 0.00652136 0.00937688
internal_weight=22831 9444 1436 1218 541 677 13387 10380 9804 881 682 8923 8008 7837 914 663 497 8658 2364 1586 930 322 6294 5264 704 405 6923 5729 5187 4841
internal_count=22831 9444 1436 1218 541 677 13387 10380 9804 881 682 8923 8008 7837 914 663 497 8658 2364 1586 930 322 6294 5264 704 405 6923 5729 5187 4841
is_linear=0
shrinkage=0.0161


Tree=162
num_leaves=31
num_cat=0
split_feature=43 106 594 575 217 550 513 486 118 45 84 47 393 221 389 137 92 585 64 302 285 50 195 94 119 196 83 361 216 296
split_gain=4576.52 4166.55 3962.48 5053.34 4605.81 4248.53 3957.08 5829.9 3316.93 3797.32 3290.05 3145.84 2806.86 4138.01 2705.23 2540.06 3863.39 4295.19 2455.71 2855.94 3769.68 6183.65 4780.15 2931.17 2497.29 2444.82 2384.94 2862.16 3215.35 2347.51
threshold=4.5000000000000009 4.5000000000000009 182.25000000000003 197.65000152587893 43.500000000000007 244.44999694824222 293.50000000000006 280.50000000000006 20.000000000000004 6.5000000000000009 8.0000000000000018 52.000000000000007 5.5000000000000009 13.500000000000002 43.500000000000007 6.5000000000000009 24.500000000000004 107.54999923706056 29.500000000000004 6.5000000000000009 16.500000000000004 8.0000000000000018 16.500000000000004 13.500000000000002 13.500000000000002 20.000000000000004 10.500000000000002 10.500000000000002 8.0000000000000018 3.5000000000000004
decision_type=2 2 8 10 2 8 2 2 2 2 2 2 2 2 2 2 2 8 2 2 2 2 2 2 2 2 2 2 2 2
left_child=11 -2 3 5 6 14 7 8 12 -10 -11 -1 13 -4 15 16 -3 -18 19 23 25 -22 -23 -17 -25 29 27 -14 -29 -21
right_child=1 2 4 -5 -6 -7 -8 -9 9 10 -12 -13 26 -15 -16 18 17 -19 -20 20 21 22 -24 24 -26 -27 -28 28 -30 -31
leaf_value=-0.01501006806315402 -0.010352862290094057 -0.012769494593441535 0.0059141569636788124 -0.050744155760244068 0.098231111646852512 0.067731690376218082 -0.041289588807167668 0.095042183379742073 0.10250868450833535 -0.019237912490425651 0.058907076121303199 0.048525502945113139 -0.009122787110820053 0.079137093123065397 -0.038625875679678109 -0.013967282456497953 -0.0087544642815465777 0.10213007830825502 -0.021876505663862761 -0.029291943136837539 0.0012440796088161307 0.053316516173144389 0.16455581086356461 0.056449170770253881 -0.013913973584158959 -0.024160649873001375 -0.025752825241079445 0.0018679265919578356 0.097385777268792939 0.037505690451570046
leaf_weight=5902 4234 2746 595 450 191 268 278 261 217 257 305 209 611 302 393 1073 193 170 463 162 271 238 174 365 203 321 765 191 176 851
leaf_count=5902 4234 2746 595 450 191 268 278 261 217 257 305 209 611 302 393 1073 193 170 463 162 271 238 174 365 203 321 765 191 176 851
internal_value=-0.000908861 0.00344694 0.00812684 0.00172803 0.0209851 0.00472334 0.0172515 0.0216803 0.0160731 0.045272 0.0231299 -0.0128333 0.00744833 0.0305929 0.00250508 0.00474409 -0.00623755 0.0431101 0.0130347 0.0174599 0.0302921 0.0610633 0.100353 0.00167303 0.0312603 0.0145198 -0.00444907 0.0121908 0.047739 0.0268001
internal_weight=22835 16724 12490 8341 4149 7891 3958 3680 3419 779 562 6111 2640 897 7623 7230 3109 363 4121 3658 2017 683 412 1641 568 1334 1743 978 367 1013
internal_count=22835 16724 12490 8341 4149 7891 3958 3680 3419 779 562 6111 2640 897 7623 7230 3109 363 4121 3658 2017 683 412 1641 568 1334 1743 978 367 1013
is_linear=0
shrinkage=0.0161


Tree=163
num_leaves=31
num_cat=0
split_feature=105 17 558 540 350 98 495 582 402 12 388 563 558 175 26 400 525 119 12 398 491 315 575 338 444 569 482 484 58 180
split_gain=5477.98 4016.34 3936.66 3679.68 3501.98 7192.29 4409.7 4472.29 3717.69 4492.44 3912.23 4309.75 4931.85 3705.49 5074.12 3684.44 3434.29 3203.58 4732.4 3118.77 3032.89 2848.88 2830.87 2808.92 2728.61 2600.97 2549.58 2451.45 2433.44 2222.88
threshold=4.5000000000000009 3.5000000000000004 280.05000305175787 72.350002288818374 52.000000000000007 6.5000000000000009 313.50000000000006 213.05000305175784 35.500000000000007 13.500000000000002 29.500000000000004 213.05000305175784 209.25000000000003 13.500000000000002 35.500000000000007 24.500000000000004 129.50000000000003 20.000000000000004 16.500000000000004 29.500000000000004 231.50000000000003 16.500000000000004 165.25000000000003 13.500000000000002 16.500000000000004 200.34999847412112 98.500000000000014 207.50000000000003 13.500000000000002 35.500000000000007
decision_type=2 2 8 8 2 2 2 10 2 2 2 10 10 2 2 2 2 2 2 2 2 2 10 2 2 10 2 2 2 2
left_child=17 2 22 -3 6 -6 7 8 10 21 11 13 -13 29 15 19 -4 25 -19 -15 28 -10 -2 -11 -7 27 -12 -1 -9 -5
right_child=1 3 16 4 5 24 -8 20 9 23 26 12 -14 14 -16 -17 -18 18 -20 -21 -22 -23 -24 -25 -26 -27 -28 -29 -30 -31
leaf_value=-0.016855568288920656 -0.014126242497001305 -0.016643380300467407 7.8200486731552391e-05 0.0051656689939667431 0.12984500394205553 0.048325194951520524 0.07569842250417709 -0.032872459451083004 -0.01921435459828353 0.039078591993335139 0.0028157405419116919 0.12670946610970479 0.0089230395873613685 0.001227311939004561 0.093955778931468309 0.070380943343959154 0.087248967872075395 -0.0050415608357412709 0.078503806946055146 0.070350446386964235 -0.064779872067566482 0.052058189500931364 -0.064020500971251643 0.11922557839939463 -0.038698828035136572 -0.066632889987734686 -0.046070684483877834 0.036817739248804555 0.036356997202308929 -0.040646252909645679
leaf_weight=4775 1752 1297 412 5845 196 210 259 304 343 234 585 178 192 1489 261 300 164 733 231 191 333 252 355 222 168 260 523 231 232 288
leaf_count=4775 1752 1297 412 5845 196 210 259 304 343 234 585 178 192 1489 261 300 164 733 231 191 333 252 355 222 168 260 523 231 232 288
internal_value=0.000853574 0.00568971 -0.0123414 0.00917129 0.0118294 0.0506908 0.00997334 0.0085253 0.0113284 0.0401181 0.00825475 0.011868 0.0656515 0.00948877 0.0272074 0.0183968 0.0249385 -0.012017 0.0149537 0.00909996 -0.0266169 0.0109321 -0.0225439 0.0781491 0.00958559 -0.0169588 -0.0202385 -0.0143741 -0.00286356 0.00301055
internal_weight=22815 16585 2683 13902 12605 574 12031 11772 10903 1051 9852 8744 370 8374 2241 1980 576 6230 964 1680 869 595 2107 456 378 5266 1108 5006 536 6133
internal_count=22815 16585 2683 13902 12605 574 12031 11772 10903 1051 9852 8744 370 8374 2241 1980 576 6230 964 1680 869 595 2107 456 378 5266 1108 5006 536 6133
is_linear=0
shrinkage=0.0161


Tree=164
num_leaves=31
num_cat=0
split_feature=481 236 575 463 416 499 516 35 312 598 452 548 554 257 47 549 585 564 92 375 37 220 57 42 303 253 232 443 554 193
split_gain=8006.83 4620.16 3880.06 3829.59 3628.59 8840.47 3081.58 3059.61 4836.35 2960.11 8926.4 3282.5 3975.28 2951.58 2892.7 5666.7 2711.57 2306.61 2154.83 2444.85 3146.97 4718.9 2397.05 2360.84 2095.18 2987.81 2376.06 2719.4 3192.57 6930.4
threshold=341.50000000000006 10.500000000000002 255.05000305175784 5.5000000000000009 5.5000000000000009 180.50000000000003 269.50000000000006 43.500000000000007 6.5000000000000009 205.94999694824222 10.500000000000002 203.05000305175784 198.94999694824222 13.500000000000002 43.500000000000007 150.65000152587893 238.25000000000003 195.05000305175784 52.000000000000007 8.0000000000000018 4.5000000000000009 16.500000000000004 4.5000000000000009 6.5000000000000009 20.000000000000004 3.5000000000000004 8.0000000000000018 6.5000000000000009 247.34999847412112 8.0000000000000018
decision_type=2 2 10 2 2 2 2 2 2 10 2 10 10 2 2 8 10 10 2 2 2 2 2 2 2 2 2 2 8 2
left_child=1 2 3 -1 5 13 9 14 -9 11 -11 12 18 -3 16 -16 24 -8 19 22 21 -21 -6 -22 26 -26 -5 -28 -29 -30
right_child=-2 4 -4 7 6 -7 17 8 -10 10 -12 -13 -14 -15 15 -17 -18 -19 -20 20 23 -23 -24 -25 25 -27 27 28 29 -31
leaf_value=-0.014319777364192123 0.10954073400378365 -0.0049797652293007899 -0.076278132601255502 -0.011486556859633637 0.051222011242453333 0.14923842209327057 -0.079793380153818538 0.10627868592018812 0.0016371366729598835 0.11305328739255358 -0.020169634295280039 -0.047227060666355541 0.07758585203638256 0.074464646036261128 -0.013710573491256019 0.098438629599809216 -0.066762829126460005 0.0034353212466750787 0.056690870443943026 0.019036397285047996 -0.023477556667077955 0.11940795994249463 -0.011321514641955887 0.015936207498877291 0.078663161764951195 0.008157074252164111 -0.013915375514743093 0.0091812232651209066 -0.0050455802329941509 0.14143465164646427
leaf_weight=5723 175 463 195 4255 170 162 181 186 299 259 262 286 209 164 247 221 164 164 209 434 541 169 2400 1447 184 1024 933 1325 175 160
leaf_count=5723 175 463 195 4255 170 162 181 186 299 259 262 286 209 164 247 221 164 164 209 434 541 169 2400 1447 184 1024 933 1325 175 160
internal_value=0.00105713 0.000216469 -0.00491988 -0.00398417 0.0105271 0.043198 0.006694 0.00246162 0.0418162 0.00922902 0.0460131 0.0059574 0.00868805 0.0157624 0.00026197 0.0391985 -0.00195199 -0.0401614 0.00600217 0.00394492 0.014984 0.0472061 -0.00717524 0.00519859 -0.000629682 0.0189159 -0.004081 0.00806213 0.0204287 0.0648449
internal_weight=22786 22611 15091 14896 7520 789 6731 9173 485 6386 521 5865 5579 627 8688 468 8220 345 5370 5161 2591 603 2570 1988 8056 1208 6848 2593 1660 335
internal_count=22786 22611 15091 14896 7520 789 6731 9173 485 6386 521 5865 5579 627 8688 468 8220 345 5370 5161 2591 603 2570 1988 8056 1208 6848 2593 1660 335
is_linear=0
shrinkage=0.0161


Tree=165
num_leaves=31
num_cat=0
split_feature=402 516 271 285 110 61 147 554 593 539 56 16 519 520 561 181 43 344 496 374 493 566 304 109 558 90 535 114 419 477
split_gain=5193.34 4859.06 4265.33 3721.38 3591.05 5526.89 7933.12 4542.22 3807.19 3033.29 2910.97 3399.68 3905.54 3852.93 9993.76 4446.39 3754.29 3360.41 2579.74 2520.91 2424.89 3394.84 2379.48 2779.76 3705.11 2357.41 2415.36 3045.89 2193.68 2075.74
threshold=4.5000000000000009 320.50000000000006 87.000000000000014 3.5000000000000004 29.500000000000004 5.5000000000000009 8.0000000000000018 198.94999694824222 176.25000000000003 244.50000000000003 6.5000000000000009 6.5000000000000009 268.50000000000006 92.500000000000014 137.05000305175784 35.500000000000007 29.500000000000004 13.500000000000002 101.50000000000001 10.500000000000002 268.50000000000006 215.15000152587893 29.500000000000004 16.500000000000004 176.25000000000003 24.500000000000004 18.500000000000004 4.5000000000000009 4.5000000000000009 16.500000000000004
decision_type=2 2 2 2 2 2 2 8 8 2 2 2 2 2 10 2 2 2 2 2 2 10 2 2 8 2 2 2 2 2
left_child=9 2 3 -2 10 6 -6 8 18 -1 20 29 13 14 16 22 25 -18 19 -7 21 -5 23 28 -25 26 -13 -28 -15 -12
right_child=1 -3 -4 4 5 7 -8 -9 -10 -11 11 12 -14 15 -16 -17 17 -19 -20 -21 -22 -23 -24 24 -26 -27 27 -29 -30 -31
leaf_value=-0.014954755302723485 -0.011795062303353428 -0.064719589279780679 0.08430965912857856 -0.0055800350722796307 0.023425194505360781 -0.0020379271633818147 0.16921814465256749 -0.036896803307448822 0.10269013550618508 0.039036802284885395 0.0056754137621196033 -0.0088060406000499605 0.09322243063871237 0.031267417391332222 0.15067511439724038 0.077000652501660508 0.0059531228036838911 0.098067447579655645 -0.03039181442936837 0.079539330700717878 -0.065555025098309766 0.059032809241002189 -0.055646725150406411 -0.010363517584859714 0.078918092328706155 -0.03035158732354647 0.085006321801943743 0.018328507860744126 -0.025131602125053085 -0.028014960991968655
leaf_weight=6089 2860 258 177 4161 237 190 164 328 167 282 1707 507 182 223 168 180 164 277 206 202 163 222 227 251 231 293 235 733 896 656
leaf_count=6089 2860 258 177 4161 237 190 164 328 167 282 1707 507 182 223 168 180 164 277 206 202 163 222 227 251 231 293 235 733 896 656
internal_value=-0.000238481 0.00458689 0.00570544 0.00482506 0.00849175 0.0319743 0.0831099 0.0131922 0.034699 -0.0125612 0.00543263 0.012001 0.0201132 0.0170734 0.0309445 0.000641598 0.021828 0.0638652 0.0156722 0.0399393 -0.00457517 -0.00230201 -0.00686447 3.74881e-05 0.0323761 0.0113292 0.0196248 0.0345401 -0.0138711 -0.00366752
internal_weight=22636 16265 16007 15830 12970 1494 401 1093 765 6371 11476 6930 4567 4385 2377 2008 2209 441 598 392 4546 4383 1828 1601 482 1768 1475 968 1119 2363
internal_count=22636 16265 16007 15830 12970 1494 401 1093 765 6371 11476 6930 4567 4385 2377 2008 2209 441 598 392 4546 4383 1828 1601 482 1768 1475 968 1119 2363
is_linear=0
shrinkage=0.0161


Tree=166
num_leaves=31
num_cat=0
split_feature=462 482 197 164 48 540 541 574 391 299 462 406 499 512 493 480 475 381 320 303 173 579 585 524 588 23 224 435 185 238
split_gain=5323.09 6951.22 4098 5360.7 3657.53 3162.93 7813.28 3232.32 3136.65 3038.16 3252.44 3516.16 8415.08 2960.34 3264.09 3759.03 2869.11 2723.45 2606.17 3171.31 3058.48 2552.64 2694.27 2351.05 3218.18 2710.7 2243.72 2037.64 2485.87 2295.12
threshold=16.500000000000004 302.50000000000006 20.000000000000004 35.500000000000007 5.5000000000000009 204.25000000000003 198.94999694824222 179.15000152587893 4.5000000000000009 10.500000000000002 4.5000000000000009 4.5000000000000009 102.50000000000001 147.50000000000003 132.50000000000003 121.50000000000001 29.500000000000004 29.500000000000004 29.500000000000004 8.0000000000000018 13.500000000000002 137.84999847412112 87.649997711181655 98.500000000000014 97.549999237060561 6.5000000000000009 24.500000000000004 5.5000000000000009 6.5000000000000009 6.5000000000000009
decision_type=2 2 2 2 2 10 10 10 2 2 2 2 2 2 2 2 2 2 2 2 2 10 10 2 10 2 2 2 2 2
left_child=4 2 13 8 -1 6 9 -7 -4 27 -11 12 -12 14 16 -16 23 -15 19 -13 21 22 -21 24 26 -26 -2 -6 29 -29
right_child=1 -3 3 -5 5 7 -8 -9 -10 10 11 18 -14 17 15 -17 -18 -19 -20 20 -22 -23 -24 -25 25 -27 -28 28 -30 -31
leaf_value=-0.015679841044423635 -0.012283177398376871 0.1161592242921637 0.078167971036068706 0.1030936674812489 -0.017163913351406511 0.016757966784887054 0.10193530345218377 -0.050402643979579435 0.0036598500093386627 -0.010678386971428422 0.0074270123685131985 -0.0033877887238804617 0.14590379634614162 -0.029498980621687213 0.10292939252349184 0.0088575897996271552 0.049273944660269749 0.041874261575887556 -0.033159297356273224 0.0074964331663952485 0.082287305933495924 -0.032161419969617654 0.09298042865479865 -0.036713379903515933 -0.0019198890741443633 0.08593022357276757 0.050404986478793712 0.00029023660864382016 -0.013189152925666794 0.035439640475251832
leaf_weight=6240 1359 162 182 243 2629 268 200 602 754 1084 289 755 188 1025 197 251 310 160 270 239 310 173 160 433 161 208 166 1327 1694 757
leaf_count=6240 1359 162 182 243 2629 268 200 602 754 1084 289 755 188 1025 197 251 310 160 270 239 310 173 160 433 161 208 166 1327 1694 757
internal_value=-0.00139636 0.0122178 0.00912325 0.0356954 -0.00584282 -0.000232359 0.00230879 -0.029687 0.0181727 0.000288649 0.012429 0.0229458 0.0620542 0.00178082 0.0100942 0.0502765 0.00325873 -0.0198422 0.0131512 0.0208038 0.0415388 0.0194136 0.0418347 -0.00286125 0.00486549 0.0475362 -0.00544398 -0.00627905 0.00128918 0.0130693
internal_weight=22796 5611 5449 1179 17185 10945 10075 870 936 9875 3468 2384 477 4270 3085 448 2637 1185 1907 1637 882 572 399 2327 1894 369 1525 6407 3778 2084
internal_count=22796 5611 5449 1179 17185 10945 10075 870 936 9875 3468 2384 477 4270 3085 448 2637 1185 1907 1637 882 572 399 2327 1894 369 1525 6407 3778 2084
is_linear=0
shrinkage=0.0161


Tree=167
num_leaves=31
num_cat=0
split_feature=17 402 497 345 25 371 237 192 543 171 597 294 581 297 370 514 398 593 498 489 487 524 529 493 280 539 527 474 268 487
split_gain=5258.23 4274.49 6145.41 4556.76 5005.08 6354.73 5400.94 3835.64 3341.27 5050.02 4248.33 5093.33 3937.8 3140.91 3427.35 3374.22 3720.6 5377.07 2436.17 2609.58 2431.59 8501.7 8192.58 3379.83 4519.96 2320.84 5431.85 2234.91 2150.38 2560.96
threshold=3.5000000000000004 29.500000000000004 202.50000000000003 13.500000000000002 20.000000000000004 6.5000000000000009 8.0000000000000018 16.500000000000004 136.55000305175784 73.500000000000014 131.75000000000003 10.500000000000002 264.34999084472662 43.500000000000007 10.500000000000002 299.50000000000006 35.500000000000007 221.94999694824222 248.50000000000003 230.50000000000003 110.50000000000001 117.50000000000001 153.50000000000003 255.50000000000003 6.5000000000000009 235.50000000000003 164.50000000000003 8.0000000000000018 5.5000000000000009 147.50000000000003
decision_type=2 2 2 2 2 2 2 2 8 2 8 2 10 2 2 2 2 8 2 2 2 2 2 2 2 2 2 2 2 2
left_child=18 8 3 7 5 -5 -7 -3 28 10 11 27 13 15 -15 16 20 -18 19 -1 21 -12 -23 25 -25 -22 -27 -10 -2 -30
right_child=1 2 -4 4 -6 6 -8 -9 9 -11 12 -13 -14 14 -16 -17 17 -19 -20 -21 23 22 -24 24 -26 26 -28 -29 29 -31
leaf_value=-0.015903208452034884 -0.015119825403584577 -0.0054781814272614297 -0.039554810580102712 0.027831693148258306 0.00085741695058494404 0.069956699967123892 0.19918564830037452 0.068361936304251303 -0.01749287200684305 0.098447820349583978 -0.0064567436389304858 0.092941403559954325 0.075687817556448184 0.094171249579335981 -0.0067878857638216019 -0.058795418798139099 0.092960835603876718 -0.014618847696153453 -0.076991511691524128 0.049198672757631345 -0.023918005065842917 0.14819425586366861 0.0051637174596063685 0.095069747487312395 -0.0081732957560856252 0.090658906286183713 -0.023376173255979567 0.054618729143283813 -0.0010734191772852695 0.060450418056921501
leaf_weight=4043 3628 703 316 243 223 165 172 246 300 160 1515 312 187 189 161 259 261 223 162 166 2507 205 211 170 310 162 326 177 4807 182
leaf_count=4043 3628 703 316 243 223 165 172 246 300 160 1515 312 187 189 161 259 261 223 162 166 2507 205 211 170 310 162 326 177 4807 182
internal_value=0.000170898 0.00395763 0.0257595 0.0375534 0.0657879 0.090712 0.135983 0.0136379 0.00118197 0.00893853 0.00701946 0.0423541 0.00284618 0.00074664 0.0476628 -0.00191999 0.000576986 0.0433455 -0.0156949 -0.01333 -0.00324774 0.0112312 0.0757041 -0.0113002 0.0283429 -0.0176615 0.0144315 0.00921618 -0.0056879 0.00116627
internal_weight=22691 18320 2068 1752 803 580 337 949 16252 7635 7475 789 6686 6499 350 6149 5890 484 4371 4209 5406 1931 416 3475 480 2995 488 477 8617 4989
internal_count=22691 18320 2068 1752 803 580 337 949 16252 7635 7475 789 6686 6499 350 6149 5890 484 4371 4209 5406 1931 416 3475 480 2995 488 477 8617 4989
is_linear=0
shrinkage=0.0161


Tree=168
num_leaves=31
num_cat=0
split_feature=161 40 374 120 35 394 157 371 404 590 599 329 1 114 351 472 554 563 216 72 216 108 146 40 543 481 467 253 484 366
split_gain=5576.78 4743.43 5946.71 4683.98 5124.32 4376.45 8338.29 3234.99 3019.36 3178.55 4598.6 3224.11 2674.85 2741.96 2661.14 2538.8 2533.13 5466.71 2368.58 2727.96 2350.44 3852.87 3261.22 6166.2 5680.96 2613.98 2938.97 3789.14 2604.43 2569.33
threshold=3.5000000000000004 29.500000000000004 10.500000000000002 52.000000000000007 16.500000000000004 5.5000000000000009 8.0000000000000018 8.0000000000000018 5.5000000000000009 247.34999847412112 244.44999694824222 43.500000000000007 1.0000000180025095e-35 73.500000000000014 4.5000000000000009 10.500000000000002 165.25000000000003 187.55000305175784 24.500000000000004 6.5000000000000009 16.500000000000004 24.500000000000004 10.500000000000002 13.500000000000002 145.55000305175784 253.50000000000003 43.500000000000007 8.0000000000000018 240.50000000000003 10.500000000000002
decision_type=2 2 2 2 2 2 2 2 2 10 10 2 2 2 2 2 10 8 2 2 2 2 2 2 8 2 2 2 2 2
left_child=16 3 18 8 7 6 -4 -5 -2 10 11 12 -10 20 -7 -16 -1 -18 19 -3 25 22 29 24 -24 26 28 -28 -14 -22
right_child=1 2 5 4 -6 14 -8 -9 9 -11 -12 -13 13 -15 15 -17 17 -19 -20 -21 21 -23 23 -25 -26 -27 27 -29 -30 -31
leaf_value=-0.020534237266088134 -0.011406601224198305 -0.055329950664051303 0.016639817682863395 0.065349477768236561 0.11797915246703987 -0.026684521075920384 0.17158365090929392 -0.03065730456771612 -0.033768162255945817 -0.049108302313508011 0.075979108657403135 -0.03565533902944424 -0.00093727997856359296 0.073800727849227032 0.076158842076939112 0.014533460918184145 0.060948933917361038 -0.046516065062941724 0.05271787681798136 0.0056100560631525279 -0.010310256306993587 -0.027968898176453188 0.04578073534957991 -5.4777954451633174e-05 0.17405471465044997 -0.049418816666422727 -0.0024283839591674968 0.10513383796896593 0.063250083982244937 0.044000470113520547
leaf_weight=4335 5493 286 177 164 175 177 184 204 422 288 232 517 5372 160 324 375 303 206 160 568 506 324 197 246 165 249 174 165 169 407
leaf_count=4335 5493 286 177 164 175 177 184 204 422 288 232 517 5372 160 324 375 303 206 160 568 506 324 197 246 165 249 174 165 169 407
internal_value=-0.00121807 0.00293221 0.024783 -0.0002134 0.0462423 0.048477 0.0956792 0.0120644 -0.00188707 0.00356141 0.00519412 0.00338153 0.0057431 0.00779588 0.0289981 0.0431317 -0.0165423 0.01741 -0.00409854 -0.0147709 0.00646852 0.0224011 0.0331463 0.0620466 0.104313 0.00166852 0.00383592 0.0498555 0.00101618 0.0138748
internal_weight=22724 17880 2251 15629 543 1237 361 368 15086 9593 9305 9073 8556 8134 876 699 4844 509 1014 854 7974 1845 1521 608 362 6129 5880 339 5541 913
internal_count=22724 17880 2251 15629 543 1237 361 368 15086 9593 9305 9073 8556 8134 876 699 4844 509 1014 854 7974 1845 1521 608 362 6129 5880 339 5541 913
is_linear=0
shrinkage=0.0161


Tree=169
num_leaves=31
num_cat=0
split_feature=402 515 482 555 286 311 110 61 567 265 268 488 598 591 268 468 137 200 508 476 568 189 411 231 397 578 539 441 599 376
split_gain=6280.83 5394.55 4422.12 3735.36 3419.62 3713.38 3236.85 7047.72 3899.89 4093.29 3700.73 4172.06 9367.32 4025.01 3641.82 4037.03 3083.75 5222.29 2986.88 2701.56 2471.64 2432.58 2410.04 2111.71 2184.76 2050.77 4750.07 6303.55 2200.92 2107.74
threshold=4.5000000000000009 299.50000000000006 330.50000000000006 251.25000000000003 4.5000000000000009 2.5000000000000004 35.500000000000007 5.5000000000000009 182.25000000000003 16.500000000000004 35.500000000000007 219.50000000000003 158.65000152587893 213.05000305175784 6.5000000000000009 52.000000000000007 24.500000000000004 8.0000000000000018 136.50000000000003 24.500000000000004 182.25000000000003 3.5000000000000004 35.500000000000007 5.5000000000000009 35.500000000000007 132.44999694824222 122.50000000000001 8.0000000000000018 205.94999694824222 5.5000000000000009
decision_type=2 2 2 10 2 2 2 2 8 2 2 2 10 10 2 2 2 2 2 2 10 2 2 2 2 10 2 2 10 2
left_child=23 2 3 4 18 -6 10 -8 9 -9 11 14 -13 -14 -7 16 25 -18 21 -12 -20 -2 -23 -1 -25 26 29 -28 -27 -16
right_child=1 -3 -4 -5 5 6 7 8 -10 -11 19 12 13 -15 15 -17 17 -19 20 -21 -22 22 -24 24 -26 28 27 -29 -30 -31
leaf_value=-0.023292027571011634 -0.023455431525497842 -0.052266239711686466 0.090312890010483995 0.062968410442802769 -0.021118890310957285 -0.0024765837657958448 0.11806809900780472 0.085850099372159913 -0.038257049198613488 -0.014421547195062813 -0.046007279465816842 0.13574506046713022 -0.025819525440849058 0.068257599404195485 -0.013488802178883775 0.096235449132134596 0.11249074714427848 0.013696467792657105 -0.054593744851455843 0.024732852976308631 0.004697816088632201 0.0031849751549231091 0.067527189897512496 -0.0080847146989618708 0.045061137666131373 -0.018560239570060349 0.0017725175530394013 0.13793163568019798 0.043870779347033692 0.020940430873258829
leaf_weight=2995 906 410 163 293 933 3729 232 250 232 182 499 225 305 192 702 170 219 380 548 194 272 2426 161 3159 214 891 169 185 175 1339
leaf_count=2995 906 410 163 293 933 3729 232 250 232 182 499 225 305 192 702 170 219 380 548 194 272 2426 161 3159 214 891 169 185 175 1339
internal_value=0.000116217 0.0053915 0.00687305 0.00601125 0.00493417 0.00962479 0.0124201 0.0416634 0.0149324 0.0435515 0.00962236 0.0124824 0.0495473 0.0104768 0.00911708 0.0193431 0.0161177 0.0498559 -0.00724426 -0.0261702 -0.0348976 -0.000745755 0.00719836 -0.013451 -0.0047059 0.0102718 0.018543 0.0729956 -0.00828917 0.009087
internal_weight=22750 16382 15972 15809 15516 11203 10270 896 664 432 9374 8681 722 497 7959 4230 4060 599 4313 693 820 3493 2587 6368 3373 3461 2395 354 1066 2041
internal_count=22750 16382 15972 15809 15516 11203 10270 896 664 432 9374 8681 722 497 7959 4230 4060 599 4313 693 820 3493 2587 6368 3373 3461 2395 354 1066 2041
is_linear=0
shrinkage=0.0161


Tree=170
num_leaves=31
num_cat=0
split_feature=164 216 200 300 3 199 164 335 463 366 577 461 208 41 545 508 215 300 303 198 161 585 531 531 57 406 170 381 339 445
split_gain=4779.43 4021.37 4229.88 4245.03 6287.34 6071.33 4712.21 3269.24 3756.66 4575.32 3253.55 3095.55 3341.99 3063.89 3483.7 2881.27 2710.77 3380.68 3852.99 3243.09 3815.19 2341.78 5588.2 6583.91 7073.32 3023.8 7154.87 2399.02 2248.91 2242.87
threshold=8.0000000000000018 13.500000000000002 2.5000000000000004 13.500000000000002 29.500000000000004 20.000000000000004 13.500000000000002 52.000000000000007 29.500000000000004 10.500000000000002 201.75000000000003 16.500000000000004 3.5000000000000004 4.5000000000000009 240.75000000000003 255.50000000000003 5.5000000000000009 6.5000000000000009 6.5000000000000009 10.500000000000002 20.000000000000004 118.54999923706056 115.50000000000001 164.50000000000003 10.500000000000002 16.500000000000004 20.000000000000004 6.5000000000000009 8.0000000000000018 8.0000000000000018
decision_type=2 2 2 2 2 2 2 2 2 2 8 2 2 2 10 2 2 2 2 2 2 10 2 2 2 2 2 2 2 2
left_child=13 11 -3 7 5 6 -5 8 10 -10 -4 15 -13 -1 21 -2 -14 18 -18 -19 -21 22 -15 24 -24 -23 27 -27 -12 -8
right_child=1 2 3 4 -6 -7 29 -9 9 -11 28 12 16 14 -16 -17 17 19 -20 20 -22 25 23 -25 -26 26 -28 -29 -30 -31
leaf_value=-0.019041364271085812 -0.0032769597612437467 -0.055817250734519139 0.010617676034373384 0.10942883861457658 -0.035028591427353047 0.14734241104925788 -0.027626474128682056 0.078008709483596589 -0.0048177912717788799 0.10924209974051989 -0.00028884444072897617 -0.031618583265926981 0.00048755333572927945 -0.0034192066348079052 0.061378945215668952 -0.061725840163051243 0.025589650158216952 -0.014131646905910834 0.12691966594439474 0.0053498599998064054 0.11054416191711544 -0.024764043293879986 0.14668089479595728 -0.011907982913957003 0.012010180523141994 0.032651790188444552 0.10710753594069587 -0.038839446726974841 -0.077504154313269152 0.047060991579858963
leaf_weight=3831 4452 164 825 214 170 210 174 181 185 179 169 307 678 5423 220 230 184 353 208 192 168 2186 227 307 183 184 163 358 234 259
leaf_count=3831 4452 164 825 214 170 210 174 181 185 179 169 307 678 5423 220 230 184 353 208 192 168 2186 227 307 183 184 163 358 234 259
internal_value=-0.000575308 0.00796483 0.0236054 0.0282657 0.05432 0.0720712 0.0476037 0.0131607 0.00577309 0.0512074 -0.00767525 0.00111571 0.0174108 -0.00693292 -0.00191606 -0.00615325 0.025866 0.0414163 0.0794166 0.0204911 0.0545059 -0.00346057 0.00216169 0.0444054 0.0866292 -0.0154095 0.013563 -0.0145259 -0.0451819 0.0169937
internal_weight=22818 9736 2964 2800 1027 857 647 1773 1592 364 1228 6772 2090 13082 9251 4682 1783 1105 392 713 360 9031 6140 717 410 2891 705 542 403 433
internal_count=22818 9736 2964 2800 1027 857 647 1773 1592 364 1228 6772 2090 13082 9251 4682 1783 1105 392 713 360 9031 6140 717 410 2891 705 542 403 433
is_linear=0
shrinkage=0.0161


Tree=171
num_leaves=31
num_cat=0
split_feature=540 514 232 593 11 522 557 190 330 564 192 103 579 224 545 151 12 433 120 243 283 425 275 278 194 518 64 358 574 496
split_gain=4482.2 3771.76 4003.56 3601.3 8580.9 9929.73 5308.03 3637.37 3619.16 4326.9 4718.95 3497.87 5002.82 6038.23 4425.41 2915.22 2843.56 4143.48 4260.84 5056.2 2754.52 2732.34 3268.57 2929.7 3620.46 2926.15 2590.85 3508.42 2499.77 3782.5
threshold=73.549999237060561 296.50000000000006 8.0000000000000018 205.94999694824222 20.000000000000004 244.50000000000003 193.75000000000003 13.500000000000002 24.500000000000004 251.25000000000003 10.500000000000002 20.000000000000004 99.350002288818374 16.500000000000004 201.75000000000003 52.000000000000007 16.500000000000004 5.5000000000000009 8.0000000000000018 8.0000000000000018 52.000000000000007 3.5000000000000004 8.0000000000000018 4.5000000000000009 16.500000000000004 167.50000000000003 16.500000000000004 10.500000000000002 173.15000152587893 230.50000000000003
decision_type=8 2 2 10 2 2 8 2 2 8 2 2 8 2 10 2 2 2 2 2 2 2 2 2 2 2 2 2 10 2
left_child=-1 2 11 7 5 6 -5 15 9 16 -11 28 13 -13 26 20 17 -9 -19 -20 21 -4 23 -23 25 -25 -14 -28 29 -2
right_child=1 -3 3 4 -6 -7 -8 8 -10 10 -12 12 14 -15 -16 -17 -18 18 19 -21 -22 22 -24 24 -26 -27 27 -29 -30 -31
leaf_value=-0.018682161063697356 -0.006907459136279253 -0.041478598176128909 -0.027054079905864455 0.094538251478485852 -0.037858336495479247 0.17871983591816124 -0.019813016025432065 -0.015842726174784334 -0.017718199475701191 0.022850840153854683 0.12738254182758268 0.014434717562351256 -0.024586044605546472 0.12270805651802988 0.078448658380532457 0.065022766402274723 -0.0061790240804571808 0.015407534893212027 0.16586221453245184 0.040585012033460342 -0.065134544777280645 -0.0089997856122323878 -0.010204780166404019 0.0078730739531083348 0.081656508931861119 0.079900776337824997 -0.020633365927012915 0.07771425256437027 -0.031701600881746596 0.054312156162707417
leaf_weight=3222 7498 508 796 198 241 173 224 252 433 215 235 346 924 218 165 173 610 283 160 176 174 644 1793 951 304 173 200 177 1010 271
leaf_count=3222 7498 508 796 198 241 173 224 252 433 215 235 346 924 218 165 173 610 283 160 176 174 644 1793 951 304 173 200 177 1010 271
internal_value=-0.00108842 0.00181368 0.00297138 0.0114492 0.0431239 0.0759647 0.0337842 0.00785407 0.0243143 0.0337517 0.0774919 -0.00346425 0.0155781 0.0563268 -8.26674e-05 7.93964e-05 0.0204454 0.0391187 0.061532 0.100311 -0.00223946 0.00010343 0.00570263 0.0194794 0.0323395 0.0189801 -0.0100605 0.025478 -0.00787016 -0.00476895
internal_weight=22747 19525 19017 8208 836 595 422 7372 2364 1931 450 10809 2030 564 1466 5008 1481 871 619 336 4835 4661 3865 2072 1428 1124 1301 377 8779 7769
internal_count=22747 19525 19017 8208 836 595 422 7372 2364 1931 450 10809 2030 564 1466 5008 1481 871 619 336 4835 4661 3865 2072 1428 1124 1301 377 8779 7769
is_linear=0
shrinkage=0.0161


Tree=172
num_leaves=31
num_cat=0
split_feature=514 102 544 417 164 390 177 76 10 402 538 216 78 258 514 537 535 22 70 322 106 85 256 592 442 279 50 167 144 5
split_gain=5106.94 5900.19 4556.94 12498 4046.72 4381.46 6148.57 5554.56 7538.71 4104.26 3734.15 3475.03 4536.55 4171.72 2917.29 2746.07 4991.78 2697.71 2652.08 3263.34 2616.63 2678.81 2540.63 2857.87 3898.43 2907.04 2534.54 2300.03 2256.51 2223.35
threshold=293.50000000000006 5.5000000000000009 240.75000000000003 8.0000000000000018 10.500000000000002 24.500000000000004 20.000000000000004 6.5000000000000009 6.5000000000000009 20.000000000000004 286.50000000000006 13.500000000000002 5.5000000000000009 35.500000000000007 159.50000000000003 218.50000000000003 238.50000000000003 20.000000000000004 4.5000000000000009 6.5000000000000009 10.500000000000002 6.5000000000000009 8.0000000000000018 131.05000305175784 16.500000000000004 16.500000000000004 8.0000000000000018 6.5000000000000009 8.0000000000000018 16.500000000000004
decision_type=2 2 10 2 2 2 2 2 2 2 2 2 2 2 2 2 2 2 2 2 2 2 2 8 2 2 2 2 2 2
left_child=1 15 4 -4 10 6 11 -8 -9 -10 14 13 -13 17 22 -1 -17 18 19 -6 -14 -22 -3 27 25 -25 -20 29 -28 -24
right_child=-2 2 3 -5 5 -7 7 8 9 -11 -12 12 20 -15 -16 16 -18 -19 26 -21 21 -23 23 24 -26 -27 28 -29 -30 -31
leaf_value=-0.013565551275844193 -0.050446077012442324 -0.0070888749216529321 0.16331327391019623 -0.01926038151975629 0.0014073004014240158 -0.015462227618396543 -0.0081376075899487112 0.17032195302607214 0.0020915853065609441 0.10626230430001159 0.073654488950630592 0.10284040052312536 -0.012632952647006269 0.080124796638245857 -0.025569745103115785 0.087018050062252952 -0.015638331082627476 -0.037109755311977424 -0.029349073928107591 0.080249852263195767 0.095349875955016802 0.017709020243737023 0.001976770767354398 -0.0021846780367051587 0.086496630329234825 0.06833576063924833 0.04135750158462366 -0.020562212172914845 -0.016814060794219314 0.062566892122665543
leaf_weight=7409 531 4374 172 223 314 963 211 194 224 175 165 220 355 170 1328 203 310 467 639 241 175 340 585 604 267 202 382 780 315 215
leaf_count=7409 531 4374 172 223 314 963 211 194 224 175 165 220 355 170 1328 203 310 467 639 241 175 340 585 604 267 202 382 780 315 215
internal_value=-0.00110235 7.56756e-05 0.00625144 0.0601805 0.00471778 0.0156433 0.0224226 0.0627032 0.0879493 0.0478395 -0.00218482 0.0134648 0.0374964 0.00309381 -0.00368536 -0.0110692 0.0249381 -0.00244976 0.0060974 0.0356858 0.0209455 0.0441375 0.000447119 0.0128806 0.0331583 0.01546 -0.00617659 -0.000875417 0.0150339 0.0182898
internal_weight=22753 22222 14300 395 13905 5385 4422 804 593 399 8520 3618 1090 2528 8355 7922 513 2358 1891 555 870 515 7027 2653 1073 806 1336 1580 697 800
internal_count=22753 22222 14300 395 13905 5385 4422 804 593 399 8520 3618 1090 2528 8355 7922 513 2358 1891 555 870 515 7027 2653 1073 806 1336 1580 697 800
is_linear=0
shrinkage=0.0161


Tree=173
num_leaves=31
num_cat=0
split_feature=339 176 495 404 339 259 530 31 84 486 350 529 486 579 562 454 574 378 107 314 586 160 485 62 418 415 401 562 116 209
split_gain=5643.97 3539.25 3910.36 3025.06 2855.04 4766.72 5629.02 3304.2 3044.39 5010.29 2610.97 2448.74 5078.88 6401.18 2388.83 2294.92 3104.26 2609.49 2687.91 2780.57 3066.85 2471.82 2149.86 2100.76 3005.28 3700.96 2164.01 4284.59 2358.04 2098.09
threshold=87.000000000000014 10.500000000000002 313.50000000000006 5.5000000000000009 5.5000000000000009 20.000000000000004 112.50000000000001 61.500000000000007 16.500000000000004 133.50000000000003 61.500000000000007 240.50000000000003 241.50000000000003 182.25000000000003 207.44999694824222 13.500000000000002 168.05000305175784 13.500000000000002 4.5000000000000009 13.500000000000002 135.15000152587893 13.500000000000002 177.50000000000003 16.500000000000004 6.5000000000000009 20.000000000000004 16.500000000000004 76.649997711181655 6.5000000000000009 8.0000000000000018
decision_type=2 2 2 2 2 2 2 2 2 2 2 2 2 10 10 2 8 2 2 2 8 2 2 2 2 2 2 10 2 2
left_child=1 3 4 14 5 8 -7 15 -3 -10 11 12 23 -14 22 17 21 18 -6 -20 -21 -17 -1 24 -5 26 -26 -28 -29 -23
right_child=-2 2 -4 10 7 6 -8 -9 9 -11 -12 -13 13 -15 -16 16 -18 -19 19 20 -22 29 -24 -25 25 -27 27 28 -30 -31
leaf_value=-0.013130228549182405 0.077685142559202017 -9.4044581775125344e-05 0.082718543201519806 -0.0076995412042378791 -0.013659645345624243 0.11910681137350082 -0.0011323713180612326 0.069478399526348697 0.0096860558646299638 0.11352461765824468 0.060362946822575245 -0.034954127913168501 0.12919478566931833 -0.00089504928852250317 0.035442968388570098 -0.021400191208474483 -0.042711386526900076 -0.015864196946398876 0.011635149634486136 0.013988533583080248 0.095418458209983112 -0.013087605734474615 -0.048575543699899533 -0.017063780427421876 0.0014117868292668968 0.077917750958558088 0.094274863996953201 -0.020407045825482646 0.055667883126016934 0.057428831355815349
leaf_weight=5159 242 1673 179 3129 559 247 170 168 370 179 187 502 179 216 242 588 744 986 928 217 270 184 486 1689 2013 224 214 293 165 268
leaf_count=5159 242 1673 179 3129 559 247 170 168 370 179 187 502 179 216 242 588 744 986 928 217 270 184 486 1689 2013 224 214 293 165 268
internal_value=0.00034884 -0.000484576 0.00833339 -0.00512374 0.00656694 0.0200736 0.070032 -0.000684812 0.0106874 0.0435852 0.000844071 -0.000443788 0.00168631 0.0579975 -0.0140597 -0.00317447 -0.0176016 0.00551286 0.0162025 0.0280162 0.0591828 0.000338867 -0.016186 -0.00118924 0.00324742 0.0150304 0.00977513 0.0347928 0.00694847 0.028671
internal_weight=22670 22428 7730 14698 7551 2639 417 4912 2222 549 8811 8624 8122 395 5887 4744 1784 2960 1974 1415 487 1040 5645 7727 6038 2909 2685 672 458 452
internal_count=22670 22428 7730 14698 7551 2639 417 4912 2222 549 8811 8624 8122 395 5887 4744 1784 2960 1974 1415 487 1040 5645 7727 6038 2909 2685 672 458 452
is_linear=0
shrinkage=0.0161


Tree=174
num_leaves=31
num_cat=0
split_feature=103 540 514 544 417 598 435 522 94 59 254 582 410 102 223 177 51 377 230 20 579 396 580 74 450 427 105 313 307 349
split_gain=6991.57 4247.03 4515.46 5387.59 13944 4546.72 4044.85 4226.66 3768.06 4249.23 3367.31 3814.81 4094.19 5198.28 3696.98 4013.57 3586.86 3263.38 3165.78 3060.02 3029.3 2948.66 2725.15 2676.07 4410.9 4559.61 5254.23 2663.27 2579.92 2754.22
threshold=4.5000000000000009 73.549999237060561 296.50000000000006 238.25000000000003 8.0000000000000018 240.75000000000003 4.5000000000000009 241.50000000000003 52.000000000000007 8.0000000000000018 6.5000000000000009 104.35000228881837 16.500000000000004 20.000000000000004 16.500000000000004 20.000000000000004 2.5000000000000004 20.000000000000004 35.500000000000007 6.5000000000000009 147.15000152587893 35.500000000000007 83.850002288818374 13.500000000000002 16.500000000000004 10.500000000000002 8.0000000000000018 6.5000000000000009 4.5000000000000009 10.500000000000002
decision_type=2 8 2 10 2 10 2 2 2 2 2 10 2 2 2 2 2 2 2 2 8 2 10 2 2 2 2 2 2 2
left_child=21 -2 3 5 -5 6 18 8 10 -10 28 14 23 19 16 22 -12 27 -3 -14 -21 -1 -16 24 25 26 -13 -9 -8 -30
right_child=1 2 -4 4 -6 -7 7 17 9 -11 11 12 13 -15 15 -17 -18 -19 -20 20 -22 -23 -24 -25 -26 -27 -28 -29 29 -31
leaf_value=-0.016969517828958565 -0.016470745220571271 -0.013949079522277519 -0.043285886160814073 0.16862049655910186 -0.010928206447554673 0.069392825603584743 -0.021736493449159459 -0.058395321511590603 0.0067652506158175632 0.10833484115112134 0.078160502833572565 0.0097352736605173552 -0.045987967241737905 0.096097424720522615 0.019532699059616049 0.11649239723856694 0.011593601201919417 -0.089073121280521264 0.057614185248606016 -0.012581689922646968 0.086381005315288542 0.033483881033081857 0.079817017448427341 -0.025409739897323411 -0.04316031338375715 -0.019385735977090028 0.12389338003980732 0.019296747698735069 0.022417925069311544 -0.013219527685126204
leaf_weight=5922 1990 2762 422 193 267 309 1040 173 201 229 236 209 181 256 582 222 1908 167 170 160 160 316 293 1000 265 254 210 337 1458 914
leaf_count=5922 1990 2762 422 193 267 309 1040 173 201 229 236 209 181 256 582 222 1908 167 170 160 160 316 293 1000 265 254 210 337 1458 914
internal_value=0.000116871 0.00558776 0.00860051 0.0101489 0.064353 0.0083267 0.00691541 0.011603 0.0142982 0.0609117 0.0121515 0.0194776 0.00531318 0.0370693 0.0312485 0.0552988 0.0189319 -0.0272889 -0.00979175 0.00686027 0.0368261 -0.0144099 0.0397462 -0.0070789 0.0124385 0.034366 0.0670067 -0.00701147 -0.000587124 0.00867586
internal_weight=22806 16568 14578 14156 460 13696 13387 10455 9778 430 9348 5936 2695 757 3241 1097 2144 677 2932 501 320 6238 875 1938 938 673 419 510 3412 2372
internal_count=22806 16568 14578 14156 460 13696 13387 10455 9778 430 9348 5936 2695 757 3241 1097 2144 677 2932 501 320 6238 875 1938 938 673 419 510 3412 2372
is_linear=0
shrinkage=0.0161


Tree=175
num_leaves=31
num_cat=0
split_feature=173 278 485 513 170 535 531 486 361 515 227 396 134 461 496 498 563 503 282 46 136 318 362 84 180 526 506 194 283 457
split_gain=4780.3 3389.3 3759.88 3149.67 2876.36 5280.38 10141.3 4959.5 4257.37 4951.26 3201.86 3795.93 3112.41 2472.55 5183.24 3874.41 2450.6 3298.63 2749.03 2271.18 2216.26 2078.37 2730.8 2582.23 4348.5 2364.41 3585.75 2347.68 2804.83 2239.85
threshold=3.5000000000000004 3.5000000000000004 337.50000000000006 288.50000000000006 16.500000000000004 185.50000000000003 208.50000000000003 212.50000000000003 35.500000000000007 176.50000000000003 43.500000000000007 10.500000000000002 8.0000000000000018 43.500000000000007 149.50000000000003 71.500000000000014 151.55000305175784 130.50000000000003 29.500000000000004 61.500000000000007 29.500000000000004 4.5000000000000009 24.500000000000004 35.500000000000007 10.500000000000002 265.50000000000006 261.50000000000006 35.500000000000007 35.500000000000007 10.500000000000002
decision_type=2 2 2 2 2 2 2 2 2 2 2 2 2 2 2 2 10 2 2 2 2 2 2 2 2 2 2 2 2 2
left_child=-1 20 3 4 10 7 -7 8 9 16 13 -12 -8 19 15 -15 17 18 -6 21 -2 -3 23 25 -25 26 27 28 29 -23
right_child=1 2 -4 -5 5 6 12 -9 -10 -11 11 -13 -14 14 -16 -17 -18 -19 -20 -21 -22 22 -24 24 -26 -27 -28 -29 -30 -31
leaf_value=-0.014972385944971411 -0.015516899419556328 -0.011715990232408619 0.082287814631258768 -0.035060090599542022 0.0077793885953354137 0.1343639723270765 -0.042673048822216918 -0.066499176846224084 -0.045824374119051992 0.095906322173563985 0.096150552362497102 -0.006325454042771959 0.047907944149863463 0.023460840922649048 -0.038222747493927893 0.12659676106589662 -0.035221703161623381 0.085485268413099585 0.072673236152354645 -0.050884981486680837 0.034891436005600754 0.016788788662893274 -0.019235882145241561 0.00023819364242400209 0.10667760341810856 -0.049196847086722881 0.083026090970225869 0.0514222246654863 -0.04930898145512741 -0.0065931667898490517
leaf_weight=4845 3039 2724 167 481 1709 278 177 205 265 215 202 174 221 228 179 162 226 185 188 232 244 2360 1018 219 183 191 162 278 249 1929
leaf_count=4845 3039 2724 167 481 1709 278 177 205 265 215 202 174 221 228 179 162 226 185 188 232 244 2360 1018 219 183 191 162 278 249 1929
internal_value=-0.00076869 0.00303415 0.00631661 0.0054484 0.00682618 0.0190972 0.0597451 0.00990855 0.0155352 0.0219894 0.00253202 0.0486655 0.0075653 0.000814623 0.0334198 0.0663623 0.0150935 0.0205665 0.014223 -0.00112658 -0.0117633 0.000110441 0.00500325 0.00943674 0.0487505 0.00637471 0.00851165 0.00600025 0.0032125 0.00626715
internal_weight=22935 18090 14807 14640 14159 3669 676 2993 2788 2523 10490 376 398 10114 569 390 2308 2082 1897 9545 3283 9313 6589 5571 402 5169 4978 4816 4538 4289
internal_count=22935 18090 14807 14640 14159 3669 676 2993 2788 2523 10490 376 398 10114 569 390 2308 2082 1897 9545 3283 9313 6589 5571 402 5169 4978 4816 4538 4289
is_linear=0
shrinkage=0.0161


Tree=176
num_leaves=31
num_cat=0
split_feature=486 235 283 42 489 489 490 17 383 411 238 509 224 255 436 119 504 46 494 495 579 478 101 488 569 509 270 535 120 592
split_gain=3842.68 4137.65 4357.92 3553.38 5594.45 4273.4 4984.64 3004.32 3641.64 3106.3 6852.23 4750.25 3154.22 5760.85 3854.95 4309.6 2969.5 2963.42 6624.63 10730.4 2734.29 4030.61 2367.01 3308.72 3215.93 3627.86 2329.76 5018.78 2205.16 2195.02
threshold=341.50000000000006 6.5000000000000009 73.500000000000014 6.5000000000000009 250.50000000000003 222.50000000000003 198.50000000000003 4.5000000000000009 52.000000000000007 35.500000000000007 10.500000000000002 190.50000000000003 24.500000000000004 20.000000000000004 24.500000000000004 29.500000000000004 137.50000000000003 20.000000000000004 159.50000000000003 208.50000000000003 176.25000000000003 5.5000000000000009 16.500000000000004 215.50000000000003 117.85000228881837 97.500000000000014 24.500000000000004 143.50000000000003 13.500000000000002 146.25000000000003
decision_type=2 2 2 2 2 2 2 2 2 2 2 2 2 2 2 2 2 2 2 2 8 2 2 2 10 2 2 2 2 10
left_child=1 17 3 26 5 6 7 16 9 11 -11 12 14 -14 15 20 -5 22 -19 -20 29 -22 -1 24 25 -24 -3 -28 -13 -9
right_child=-2 2 -4 4 -6 -7 -8 8 -10 10 -12 28 13 -15 -16 -17 -18 18 19 -21 21 -23 23 -25 -26 -27 27 -29 -30 -31
leaf_value=-0.016278119766103629 0.071933156193324438 -0.0097553862440464233 -0.069234883205305131 -0.018287501180357414 -0.04190330708334384 0.078677962387530415 -0.044050150335964669 0.021333856091905336 -0.036474751431079727 0.0084932527678611616 0.13669305273225199 0.0015062078344478102 0.02572346049199014 0.14180448723029829 -0.014657738968212377 0.094624098774752419 0.0428699107303128 -0.0053099829539469453 0.15037484175789817 -0.019726088679239681 0.11719193637062296 0.02373864047604075 -0.00018811957699022003 0.070326913120576623 -0.03710227457369937 0.078253011120360469 -0.0076617470756114338 0.10168360484155045 -0.07108677087579425 -0.035941681856126215
leaf_weight=7585 185 3610 200 920 439 283 353 1436 243 232 203 292 307 174 562 256 265 1517 202 183 185 341 1115 175 513 177 339 160 172 197
leaf_count=7585 185 3610 200 920 439 283 353 1436 243 232 203 292 307 174 562 256 265 1517 202 183 185 341 1115 175 513 177 339 160 172 197
internal_value=-0.00114231 -0.00174058 0.00523274 0.00659267 0.0136856 0.0174899 0.0146649 0.0182517 0.0241414 0.0275275 0.0683739 0.0229911 0.0294847 0.0677643 0.0232919 0.032133 -0.00459109 -0.00853473 0.00981258 0.0694605 0.0247123 0.0566519 -0.0121855 0.00348042 -0.0029875 0.0105399 -0.00524334 0.0273517 -0.0253525 0.0144099
internal_weight=22821 22636 11169 10969 6860 6421 6138 5785 4600 4357 435 3922 3458 481 2977 2415 1185 11467 1902 385 2159 526 9565 1980 1805 1292 4109 499 464 1633
internal_count=22821 22636 11169 10969 6860 6421 6138 5785 4600 4357 435 3922 3458 481 2977 2415 1185 11467 1902 385 2159 526 9565 1980 1805 1292 4109 499 464 1633
is_linear=0
shrinkage=0.0161


Tree=177
num_leaves=31
num_cat=0
split_feature=42 551 482 51 271 520 489 135 74 585 343 222 501 479 372 345 108 557 102 60 565 437 577 163 558 175 31 375 332 343
split_gain=5210.68 4195.86 5215.66 3988.72 6009.89 4419.38 4886.92 5735.52 3874.3 3639.95 5131.65 4531.97 3479.6 3484.54 3061.26 7018.78 2962.2 2897.8 2464.08 2820.62 3343.39 2427.94 4330.16 2565.41 2367.05 3082.38 2339.68 2329.71 3078.26 2256.33
threshold=4.5000000000000009 264.34999084472662 330.50000000000006 35.500000000000007 24.500000000000004 240.50000000000003 230.50000000000003 8.0000000000000018 3.5000000000000004 117.14999771118165 43.500000000000007 16.500000000000004 12.500000000000002 43.500000000000007 8.0000000000000018 10.500000000000002 10.500000000000002 231.15000152587893 10.500000000000002 3.5000000000000004 128.94999694824222 29.500000000000004 141.55000305175784 43.500000000000007 122.54999923706056 20.000000000000004 8.0000000000000018 8.0000000000000018 4.5000000000000009 43.500000000000007
decision_type=2 10 2 2 2 2 2 2 2 10 2 2 2 2 2 2 2 10 2 2 8 2 10 2 8 2 2 2 2 2
left_child=29 2 3 5 14 6 8 -8 -2 10 12 -12 -10 18 -5 -16 -9 -7 19 20 -14 23 -23 -11 26 -26 27 -20 -29 -1
right_child=1 -3 -4 4 -6 17 7 16 9 21 11 -13 13 -15 15 -17 -18 -19 24 -21 -22 22 -24 -25 25 -27 -28 28 -30 -31
leaf_value=-0.01326999196981813 -0.016816286727425835 0.073211080982360649 0.093966460729065573 -0.013985106167480209 0.10430853029849259 -0.046450692719283239 0.10401136778842464 0.051399575130958004 -0.010558376063283793 -0.009202127623173937 0.011589702888488242 0.12926281564712577 0.0047858231539770427 0.068702724965021472 -0.011002679680565942 0.10120959762553652 -0.040955878436957076 0.029060804687069376 0.0014910276600948187 -0.0086450316366412979 0.091217132617083918 -0.036360701180758091 0.068521269995163836 -0.072383481014995893 0.029291031144125592 0.10329587252025073 -0.0046839153895214779 0 0.086408828777244498 0.043664674193427379
leaf_weight=5841 2375 237 169 509 237 737 269 182 1759 2875 163 178 350 301 317 265 178 160 371 1906 174 166 264 177 820 178 1015 166 300 186
leaf_count=5841 2375 237 169 509 237 737 269 182 1759 2875 163 178 350 301 317 265 178 160 371 1906 174 166 264 177 820 178 1015 166 300 186
internal_value=0.00133205 0.00594073 0.00497662 0.0040577 0.0308071 0.00169799 0.00389376 0.0477641 0.00185373 0.005828 0.0120192 0.0730834 0.00917906 0.0154041 0.0148187 0.0400501 0.00566955 -0.0329553 0.0123612 0.000440078 0.0335312 -0.00782246 0.0279772 -0.012874 0.0225172 0.0425139 0.0117288 0.03166 0.0556281 -0.011509
internal_weight=22825 16798 16561 16392 1328 15064 14167 629 13538 11163 7681 341 7340 5581 1091 582 360 897 5280 2430 524 3482 430 3052 2850 998 1852 837 466 6027
internal_count=22825 16798 16561 16392 1328 15064 14167 629 13538 11163 7681 341 7340 5581 1091 582 360 897 5280 2430 524 3482 430 3052 2850 998 1852 837 466 6027
is_linear=0
shrinkage=0.0161


Tree=178
num_leaves=31
num_cat=0
split_feature=432 277 295 462 463 130 327 159 471 418 580 333 471 583 404 488 44 214 36 531 530 267 514 511 443 492 530 592 204 521
split_gain=4553.91 3739.59 3332.31 4106.48 3502.73 3396.9 3858.1 3657.63 5892.4 7291.21 5720.35 2967.74 3325.67 2763.66 2758.96 2933.62 2626.73 4003.83 3196.66 2599.21 5230.25 2598.85 2183.47 2832.37 2080.12 2060.84 3543.66 2282.76 1901.12 2487.68
threshold=6.5000000000000009 73.500000000000014 4.5000000000000009 43.500000000000007 29.500000000000004 13.500000000000002 10.500000000000002 5.5000000000000009 10.500000000000002 8.0000000000000018 203.05000305175784 13.500000000000002 10.500000000000002 233.25000000000003 13.500000000000002 259.50000000000006 16.500000000000004 10.500000000000002 8.0000000000000018 177.50000000000003 217.50000000000003 24.500000000000004 117.50000000000001 117.50000000000001 6.5000000000000009 156.50000000000003 187.50000000000003 145.55000305175784 4.5000000000000009 115.50000000000001
decision_type=2 2 2 2 2 2 2 2 2 2 10 2 2 10 2 2 2 2 2 2 2 2 2 2 2 2 2 10 2 2
left_child=13 2 28 5 -5 6 25 8 24 -10 11 -9 -13 14 15 22 -16 -18 -19 21 -21 -7 23 -1 -8 26 27 -4 -2 -30
right_child=1 -3 3 4 -6 19 7 10 9 -11 -12 12 -14 -15 16 -17 17 18 -20 20 -22 -23 -24 -25 -26 -27 -28 -29 29 -31
leaf_value=-0.012503690495244786 -0.026371085980587475 0.073928723341767297 0.0090242447788103971 0.017152323647361706 0.096439173731079644 -0.00836081855878258 0.054298561067039251 -0.012226969989371545 0.035196035474322929 0.18702251363019406 0.096865126303544699 0.080452253819600208 -0.0042552912094342222 -0.059693056273289337 -0.0083576274082708974 0.04967862652349888 0.00084798187615800795 0.11658002710080044 0.028178781914410103 0.072011186352354845 -0.018031185967905237 -0.054991558776931244 -0.030755313812683177 0.037254439069695708 -0.013893224007919997 -0.021781958923651784 0.08050083054074153 -0.046432576508246587 -0.012498012299872996 0.02395897003000284
leaf_weight=5006 1137 203 2074 348 248 1817 233 958 168 161 196 233 247 273 1400 189 727 172 279 287 400 374 1652 315 230 724 168 212 1509 715
leaf_count=5006 1137 203 2074 348 248 1817 233 958 168 161 196 233 247 273 1400 189 727 172 279 287 400 374 1652 315 230 724 168 212 1509 715
internal_value=-0.00104612 0.00537678 0.00425614 0.00932788 0.0501837 0.00645431 0.0137574 0.0290477 0.0574536 0.109566 0.0152649 0.00412643 0.0368141 -0.00915775 -0.00773889 -0.0128809 0.00653723 0.0242591 0.061945 -0.00775791 0.0195505 -0.0163313 -0.01458 -0.00955362 0.0203728 0.00207774 0.00912662 0.00387097 -0.00943551 -0.000766772
internal_weight=22655 12642 12439 9078 596 8482 5604 2426 792 329 1634 1438 480 10013 9740 7162 2578 1178 451 2878 687 2191 6973 5321 463 3178 2454 2286 3361 2224
internal_count=22655 12642 12439 9078 596 8482 5604 2426 792 329 1634 1438 480 10013 9740 7162 2578 1178 451 2878 687 2191 6973 5321 463 3178 2454 2286 3361 2224
is_linear=0
shrinkage=0.0161


Tree=179
num_leaves=31
num_cat=0
split_feature=435 140 490 570 545 225 539 491 283 156 152 196 306 510 495 266 177 285 501 332 397 330 113 34 580 521 457 50 423 484
split_gain=4946.58 4445.1 3935.86 3845.42 7185.56 3611.04 4773.57 4214.61 5002.18 6214.04 7251.65 4150.02 4496.06 4795.69 6038.7 4142.99 3961.86 3645.19 2829.94 2726.8 2714.97 2643.21 2513.7 5097.14 2715.25 3633.42 2321.27 2317.25 2263.12 3002.16
threshold=4.5000000000000009 43.500000000000007 265.50000000000006 226.84999847412112 255.05000305175784 6.5000000000000009 262.50000000000006 215.50000000000003 6.5000000000000009 35.500000000000007 10.500000000000002 35.500000000000007 6.5000000000000009 111.50000000000001 102.50000000000001 13.500000000000002 8.0000000000000018 20.000000000000004 123.50000000000001 16.500000000000004 3.5000000000000004 6.5000000000000009 13.500000000000002 29.500000000000004 149.65000152587893 157.50000000000003 13.500000000000002 20.000000000000004 10.500000000000002 62.500000000000007
decision_type=2 2 2 10 10 2 2 2 2 2 2 2 2 2 2 2 2 2 2 2 2 2 2 2 10 2 2 2 2 2
left_child=2 3 -1 4 5 6 22 8 -7 11 -11 12 18 20 -15 16 -16 -13 28 26 -14 -5 24 27 25 -2 -9 -24 -10 -30
right_child=1 -3 -4 21 -6 7 -8 19 9 10 -12 17 13 14 15 -17 -18 -19 -20 -21 -22 -23 23 -25 -26 -27 -28 -29 29 -31
leaf_value=-0.014765325780800396 -0.0080361792618496835 -0.030910659853393807 0.065650943199836387 0.016258468729864649 0.11416293457516775 -0.00036113595792510876 0.077385059638066647 -0.027359374130434443 -0.0064949883627858527 0.027906515869952003 0.17130803780847573 0.027298896585781749 0.066302354432634242 0.13723863170655975 0.014864206489500997 -0.018819481032100363 0.12649132257511961 0.12291073559676741 -0.037048602516741989 -0.072647510185665731 0.0043387482322395626 -0.048137723910533392 -0.0071325685809207071 0.087610644657335146 -0.039293548762760637 0.060918721758247661 0.043337015621386941 0.036218710243793646 0.0073472233144473613 0.09516483689416351
leaf_weight=5900 4132 876 162 237 164 2350 195 348 745 206 165 227 220 217 161 212 170 191 447 200 1105 542 1346 207 682 208 184 419 275 160
leaf_count=5900 4132 876 162 237 164 2350 195 348 745 206 165 227 220 217 161 212 170 191 447 200 1105 542 1346 207 682 208 184 419 275 160
internal_value=-0.000165008 0.00438159 -0.0126124 0.00635038 0.00817044 0.00699211 -0.00118025 0.0147429 0.0186682 0.0286088 0.0917469 0.0229313 0.0175071 0.0331603 0.0654095 0.036661 0.0722665 0.0710439 -0.00253786 -0.0219625 0.0146448 -0.0285159 -0.0033741 0.0120236 -0.00942505 -0.00472601 -0.00286375 0.00314542 0.0105153 0.0397021
internal_weight=22653 16591 6062 15715 14936 14772 7189 7583 6851 4501 371 4130 3712 2085 760 543 331 418 1627 732 1325 779 6994 1972 5022 4340 532 1765 1180 435
internal_count=22653 16591 6062 15715 14936 14772 7189 7583 6851 4501 371 4130 3712 2085 760 543 331 418 1627 732 1325 779 6994 1972 5022 4340 532 1765 1180 435
is_linear=0
shrinkage=0.0161


Tree=180
num_leaves=31
num_cat=0
split_feature=161 517 545 528 74 294 373 43 43 598 513 485 415 154 339 251 47 527 527 227 339 222 489 272 591 567 348 114 250 97
split_gain=3856.93 4252.17 3966.14 8711.42 3117.26 6641.22 2728.39 2577.02 2973.73 3087.49 3051.43 4659.13 3431.14 3825.93 4675.29 3663.64 4622.21 3109.7 2703.74 2433.24 2352.36 2328.62 3315.16 2314.71 2205.27 2694.46 2189.4 2167.89 2030.56 1895.91
threshold=3.5000000000000004 317.50000000000006 251.25000000000003 215.50000000000003 61.500000000000007 13.500000000000002 35.500000000000007 102.50000000000001 6.5000000000000009 235.84999847412112 208.50000000000003 228.50000000000003 13.500000000000002 6.5000000000000009 3.5000000000000004 6.5000000000000009 24.500000000000004 116.50000000000001 107.50000000000001 52.000000000000007 10.500000000000002 24.500000000000004 75.500000000000014 8.0000000000000018 146.25000000000003 92.149997711181655 35.500000000000007 24.500000000000004 10.500000000000002 16.500000000000004
decision_type=2 2 10 2 2 2 2 2 2 10 2 2 2 2 2 2 2 2 2 2 2 2 2 2 10 10 2 2 2 2
left_child=6 2 4 -4 7 -6 26 8 19 10 11 12 17 -14 -15 23 24 18 21 29 -11 -10 -23 -16 25 -17 -1 28 -12 -2
right_child=1 -3 3 -5 5 -7 -8 -9 9 20 27 -13 13 14 15 16 -18 -19 -20 -21 -22 22 -24 -25 -26 -27 -28 -29 -30 -31
leaf_value=-0.017569778830405249 -0.012014498790013543 -0.055649443536575666 0.1296401086638623 -0.028845409345376556 -0.0022917706618781389 0.11688550847785806 0.050017537569415384 -0.060068986231328919 -0.00064325785163181709 0.10121513733130565 -0.03633068652161154 0.073701883947467101 -0.00024404288605711205 0.11372536638290638 0.033644511731855481 0.014557119395760576 0.11658192925648171 -0.019539027287186827 0.063937722983885864 0.054757383801542645 0.01464117178350921 0.01028613261445868 0.094329723844399249 -0.035552050173139386 -0.020664686621040124 0.08423467674570316 0.034559869459813465 -0.075295124227644228 0.019485453728809429 0.0086276487886693867
leaf_weight=4382 4869 309 197 165 322 194 173 170 3494 160 356 284 1182 186 215 345 195 1511 208 169 167 444 168 300 179 248 219 163 321 1510
leaf_count=4382 4869 309 197 165 322 194 173 170 3494 160 356 284 1182 186 215 345 195 1511 208 169 167 444 168 300 179 248 219 163 321 1510
internal_value=0.000147285 0.00355523 0.00458885 0.0573372 0.00348756 0.0424696 -0.0127193 0.00229198 0.0029292 0.00839767 0.00677092 0.0095238 0.00742004 0.0218957 0.0375988 0.0280286 0.0465051 0.000333471 0.00729937 -0.00552379 0.0570735 0.00442447 0.0333954 -0.00661846 0.0287739 0.0437368 -0.0150834 -0.0225619 -0.00983066 -0.00712452
internal_weight=22805 18031 17722 362 17360 516 4774 16844 16674 10126 9799 8959 8675 2850 1668 1482 967 5825 4314 6548 327 4106 612 515 772 593 4601 840 677 6379
internal_count=22805 18031 17722 362 17360 516 4774 16844 16674 10126 9799 8959 8675 2850 1668 1482 967 5825 4314 6548 327 4106 612 515 772 593 4601 840 677 6379
is_linear=0
shrinkage=0.0161


Tree=181
num_leaves=31
num_cat=0
split_feature=435 514 539 530 382 50 397 61 525 377 283 74 469 441 586 559 291 98 403 303 175 364 438 592 588 124 569 408 287 119
split_gain=4419.51 4408.8 4090.56 3618.92 3646.75 3559.26 3488.32 4227.32 6111.83 9302.8 3858.28 3313.71 3443.77 3424.88 3835.18 5573.88 5843.29 8750.46 4788.01 7371.83 2763.62 3620.09 2645.13 2612.09 3640.44 2529.32 3319.84 4863.77 2900.17 2837.52
threshold=4.5000000000000009 299.50000000000006 320.50000000000006 7.5000000000000009 61.500000000000007 43.500000000000007 20.000000000000004 13.500000000000002 135.50000000000003 8.0000000000000018 73.500000000000014 61.500000000000007 8.0000000000000018 4.5000000000000009 118.54999923706056 162.34999847412112 20.000000000000004 8.0000000000000018 29.500000000000004 10.500000000000002 5.5000000000000009 10.500000000000002 43.500000000000007 135.84999847412112 103.25000000000001 20.000000000000004 108.85000228881837 6.5000000000000009 35.500000000000007 6.5000000000000009
decision_type=2 2 2 2 2 2 2 2 2 2 2 2 2 2 10 10 2 2 2 2 2 2 2 8 8 2 10 2 2 2
left_child=5 2 3 -2 6 -1 10 -8 23 -10 11 13 -13 -5 18 -16 20 -18 22 -20 21 -17 25 24 -9 26 28 -28 29 -15
right_child=1 -3 -4 4 -6 -7 7 8 9 -11 -12 12 -14 14 15 16 17 -19 19 -21 -22 -23 -24 -25 -26 -27 27 -29 -30 -31
leaf_value=-0.013237919301525495 -0.015845049804835181 -0.047986667833326238 0.079339718342846977 -0.0099462173471128162 -0.037221579665457638 0.044825969913947987 0.010475022455888989 0.0090937477061229788 0.19213213829201012 0.030804084383101175 -0.068191513699543196 0.0042220587746235631 0.10183247521301896 -0.0042430794582294113 -0.024260094339262676 -0.0039543927649526509 0.16392855381844512 0.00085313775525203118 0.013775643638327758 0.14295017961356909 -0.015486567896214023 0.095764892685985314 -0.037788434366916167 -0.023510127301646342 0.099943661863801145 -0.010427049822559986 0.12162717059068859 0.01794141357014702 0.083557915030346833 0.02891239630013737
leaf_weight=5817 1768 390 199 2755 437 287 1741 301 169 206 179 184 192 1288 1571 229 161 182 269 200 784 160 235 216 185 683 207 272 160 1390
leaf_count=5817 1768 390 199 2755 437 287 1741 301 169 206 179 184 192 1288 1571 229 161 182 269 200 784 160 235 216 185 683 207 272 160 1390
internal_value=0.00121944 0.00550253 0.00678197 0.00588502 0.0085628 -0.010504 0.0100019 0.0260015 0.0510786 0.103572 0.00593831 0.00715538 0.0541283 0.0054784 0.0109358 -0.0030016 0.0190126 0.0774674 0.0200872 0.0689109 0.00189965 0.0370007 0.0146747 0.0230037 0.043725 0.0177628 0.0235744 0.0627984 0.0169459 0.0129573
internal_weight=22817 16713 16323 16124 14356 6104 13919 2818 1077 375 11101 10922 376 10546 7791 3087 1516 343 4704 469 1173 389 4235 702 486 4000 3317 479 2838 2678
internal_count=22817 16713 16323 16124 14356 6104 13919 2818 1077 375 11101 10922 376 10546 7791 3087 1516 343 4704 469 1173 389 4235 702 486 4000 3317 479 2838 2678
is_linear=0
shrinkage=0.0161


Tree=182
num_leaves=31
num_cat=0
split_feature=339 283 343 153 431 24 480 591 529 504 76 463 532 500 217 542 561 262 216 533 96 598 50 325 397 95 30 503 532 571
split_gain=4181.81 4564.92 3978.93 3741.69 8239.05 10578.3 3500.05 4320.83 8390.71 3179.3 3246.42 3525.72 3873.01 5511.06 4463.77 4864.59 5514.09 2581.69 2533.2 3160.79 2396.92 3421.95 2506.17 2333.59 2271.69 3409.52 2234.35 2064.08 2054.84 2028.73
threshold=87.000000000000014 73.500000000000014 10.500000000000002 29.500000000000004 16.500000000000004 10.500000000000002 227.50000000000003 197.65000152587893 211.50000000000003 160.50000000000003 6.5000000000000009 10.500000000000002 133.50000000000003 63.500000000000007 4.5000000000000009 160.44999694824222 109.54999923706056 16.500000000000004 5.5000000000000009 125.50000000000001 4.5000000000000009 73.350002288818374 24.500000000000004 3.5000000000000004 35.500000000000007 20.000000000000004 4.5000000000000009 204.50000000000003 51.500000000000007 204.25000000000003
decision_type=2 2 2 2 2 2 2 10 2 2 2 2 2 2 2 8 8 2 2 2 2 10 2 2 2 2 2 2 2 10
left_child=1 2 24 6 5 -5 7 9 -9 10 18 23 13 20 -15 16 -16 -8 -4 28 21 -13 26 -12 29 -26 -22 -11 -20 -1
right_child=-2 -3 3 4 -6 -7 17 8 -10 27 11 12 -14 14 15 -17 -18 -19 19 -21 22 -23 -24 -25 25 -27 -28 -29 -30 -31
leaf_value=-0.0059381674046081962 0.065576118503082453 -0.061893546492582857 -0.031173772147787129 0.14607415918994929 -0.028904882755570203 0.00071360201077999411 -0.052298222865773056 0.14784746930805717 0.0054843234611259666 -0.047310984521689921 0.041496249721062063 -0.0013395369100243598 -0.025428913286485062 -1.0872385082205789e-05 0.13939600965174531 0.16625036785407715 0.021822611937340107 0.014674819062409653 0.018212609742320151 0.073631783613888016 0.03981576609281428 0.097900365855102103 0.056789549797135484 -0.021775196496458173 -0.00060870353551620033 0.069962057456525964 -0.024180728993381116 0.0045928195701449336 -0.035770826633401517 -0.032826133784144854
leaf_weight=12732 242 322 742 282 281 241 452 165 308 462 191 168 301 183 160 162 294 222 424 161 184 193 183 721 628 247 609 347 321 772
leaf_count=12732 242 322 742 282 281 241 452 165 308 462 191 168 301 183 160 162 294 222 424 161 184 193 183 721 628 247 609 347 321 772
internal_value=-0.000990544 -0.00170889 -0.000832357 0.00845986 0.0413465 0.0791366 0.00465367 0.0083991 0.0551956 0.00458265 0.00937979 0.0184853 0.0285931 0.0362168 0.0696787 0.0904202 0.06331 -0.0302039 -0.00910981 0.00893425 0.0162021 0.0516515 0.00306611 -0.00849846 -0.00584684 0.0192855 -0.00930192 -0.0250191 -0.00501577 -0.00747705
internal_weight=22700 22458 22136 7757 804 523 6953 6279 473 5806 4997 3349 2437 2136 799 616 454 674 1648 906 1337 361 976 912 14379 875 793 809 745 13504
internal_count=22700 22458 22136 7757 804 523 6953 6279 473 5806 4997 3349 2437 2136 799 616 454 674 1648 906 1337 361 976 912 14379 875 793 809 745 13504
is_linear=0
shrinkage=0.0161


Tree=183
num_leaves=31
num_cat=0
split_feature=515 599 433 544 51 47 195 148 525 527 488 193 441 384 411 546 317 490 410 569 496 509 43 430 445 545 499 262 136 401
split_gain=4239.01 5665.51 3976.23 4960.84 3742.02 3688.32 4058.3 5871.14 5651.06 3431.15 5586.72 9353.86 2738.45 2684.01 3086.04 3555.64 2975.1 2605.44 2602.16 2575.13 2605.32 2508.93 3696.76 4495.15 2469.34 2392.92 2519.31 2149.38 2524.66 2179.37
threshold=299.50000000000006 255.05000305175784 10.500000000000002 244.44999694824222 8.0000000000000018 16.500000000000004 20.000000000000004 10.500000000000002 166.50000000000003 226.50000000000003 242.50000000000003 6.5000000000000009 4.5000000000000009 16.500000000000004 24.500000000000004 144.05000305175784 20.000000000000004 138.50000000000003 52.000000000000007 90.049999237060561 37.500000000000007 81.500000000000014 8.0000000000000018 8.0000000000000018 8.0000000000000018 130.34999847412112 65.500000000000014 35.500000000000007 5.5000000000000009 13.500000000000002
decision_type=2 10 2 10 2 2 2 2 2 2 2 2 2 2 2 8 2 2 2 10 2 2 2 2 2 10 2 2 2 2
left_child=1 2 9 4 17 13 8 -8 25 10 12 -12 -1 14 16 -16 19 21 27 20 -6 -4 23 -23 -24 26 -7 28 -14 -30
right_child=-2 -3 3 -5 5 6 7 -9 -10 -11 11 -13 18 -15 15 -17 -18 -19 -20 -21 -22 22 24 -25 -26 -27 -28 -29 29 -31
leaf_value=-0.016636979082075121 -0.046486174405496926 0.068788138511478247 -0.0061396617112494259 0.087772303901699336 -0.0072957133193561775 -0.0051193324921626057 0.024313437592544413 0.15465343639297885 0.092202470735366429 -0.036382617239276202 0.13492567317704673 -0.028889261867697236 -0.0094121079909743766 -0.016317281018314891 0.013642139835984592 0.11447967673525898 0.056020029836772477 -0.026806853725422231 0.051352584122103161 -0.023528217255686667 0.055720796453451536 0.013551098843209656 -0.038237533072464115 0.12872536195839362 0.035038905779157241 -0.043757648821506789 0.062996048482268238 -0.032090539224524366 0.0016841955101237365 0.027302693746154877
leaf_weight=3688 496 316 2126 201 388 399 193 168 235 863 195 168 3529 902 201 166 276 1011 248 703 302 193 244 162 233 213 217 558 2996 1209
leaf_count=3688 496 316 2126 201 388 399 193 168 235 863 195 168 3529 902 201 166 276 1011 248 703 302 193 244 162 233 213 217 558 2996 1209
internal_value=6.50168e-05 0.00110133 0.000127458 0.00872563 0.0068159 0.0171079 0.0383667 0.0850355 0.0225105 -0.00532406 -0.0031934 0.0590457 -0.00504295 0.00678885 0.017037 0.0593167 0.00772594 -0.00449185 -3.33173e-05 -0.00182584 0.0202513 0.00312713 0.0268348 0.0661758 -0.00239488 0.00272627 0.0188376 -0.00157302 0.000625741 0.00905549
internal_weight=22799 22303 21987 8533 8332 4363 1425 361 1064 13454 12591 363 12228 2938 2036 367 1669 3969 8540 1393 690 2958 832 355 477 829 616 8292 7734 4205
internal_count=22799 22303 21987 8533 8332 4363 1425 361 1064 13454 12591 363 12228 2938 2036 367 1669 3969 8540 1393 690 2958 832 355 477 829 616 8292 7734 4205
is_linear=0
shrinkage=0.0161


Tree=184
num_leaves=31
num_cat=0
split_feature=283 420 51 120 554 485 372 546 396 44 494 70 486 402 285 529 517 81 28 15 492 329 477 581 82 106 270 146 544 527
split_gain=4619.64 3281.67 3284.27 6056.69 8751.2 3130.86 4104.37 3631.88 3013.88 2963.26 3539.75 3627 4861.97 3765.15 6164.85 3638.58 3603.73 3474.42 3097.19 2991.18 2892.07 2776.5 2830.42 4762.08 2989.95 3367.06 3935.95 7080.84 2995.79 3852.07
threshold=3.5000000000000004 3.5000000000000004 35.500000000000007 20.000000000000004 122.54999923706056 187.50000000000003 8.0000000000000018 143.15000152587893 35.500000000000007 5.5000000000000009 317.50000000000006 20.000000000000004 280.50000000000006 29.500000000000004 16.500000000000004 228.50000000000003 99.500000000000014 10.500000000000002 35.500000000000007 6.5000000000000009 202.50000000000003 24.500000000000004 6.5000000000000009 207.44999694824222 29.500000000000004 29.500000000000004 13.500000000000002 6.5000000000000009 107.54999923706056 30.500000000000004
decision_type=2 2 2 2 10 2 2 8 2 2 2 2 2 2 2 2 2 2 2 2 2 2 2 10 2 2 2 2 8 2
left_child=8 20 9 5 -5 6 -4 -8 -1 18 11 12 13 19 16 -13 -15 -16 -3 -11 -2 22 -21 24 25 26 28 -28 29 -24
right_child=1 2 3 4 -6 -7 7 -9 -10 10 -12 15 -14 14 17 -17 -18 -19 -20 21 -22 -23 23 -25 -26 -27 27 -29 -30 -31
leaf_value=-0.017237912307492116 -0.0062979757454294915 -0.012298048959687146 -0.012865875295981273 0.0094135934827739767 0.17668155566769336 -0.044929217284183191 0.021223236717588689 0.12126126526403189 0.043446404494433141 -0.0074820791198956325 0.081236828753214391 -0.0039305623553524413 0.085317407056017661 0.042064886738816719 0.030336605707578061 -0.076728192181061597 -0.030360894321626721 0.12655824119487694 0.042066489976925983 0.0032925319384477757 -0.061907328179060639 -0.017188727709427538 0.014563663339360405 0.11583934452174434 -0.032569842885387425 -0.033925024789992243 0.16553486530649755 0.028563010518200829 0.00018194968488818172 0.11247750268982713
leaf_weight=4281 2868 3282 357 165 160 202 228 161 223 2554 174 1946 234 398 163 196 322 244 296 1442 265 597 245 165 204 174 163 246 583 182
leaf_count=4281 2868 3282 357 165 160 202 228 161 223 2554 174 1946 234 398 163 196 322 244 296 1442 265 597 245 165 204 174 163 246 583 182
internal_value=0.000370759 0.0039817 0.00709711 0.0318452 0.0918333 0.0112549 0.0264998 0.0626877 -0.0142281 0.00481413 0.00922534 0.00797723 0.0130078 0.0108021 0.0379896 -0.0106028 0.00964178 0.0880801 -0.00779401 0.00612419 -0.0110091 0.0148155 0.0204354 0.0330228 0.0254055 0.0328446 0.0410486 0.0832084 0.0239526 0.0563526
internal_weight=22720 18216 15083 1273 325 948 746 389 4504 13810 10232 10058 7916 7682 1127 2142 720 407 3578 6555 3133 4001 3404 1962 1797 1593 1419 409 1010 427
internal_count=22720 18216 15083 1273 325 948 746 389 4504 13810 10232 10058 7916 7682 1127 2142 720 407 3578 6555 3133 4001 3404 1962 1797 1593 1419 409 1010 427
is_linear=0
shrinkage=0.0161


Tree=185
num_leaves=31
num_cat=0
split_feature=103 527 485 17 303 10 274 527 80 377 112 499 534 12 499 501 556 539 572 578 312 258 487 596 67 597 123 564 550 559
split_gain=4585.13 8704.56 5671.4 4062 3710.55 6108.33 3532.75 3527.31 3247.69 3064.53 2650.37 3019.88 2883.58 3151.42 3321.83 11416.8 3980.14 3097.55 4172.18 3087.28 3189.28 3081.46 3004.2 5691.92 3848.19 2535.73 2568.61 3903.11 2501.96 3737.39
threshold=20.000000000000004 217.50000000000003 250.50000000000003 6.5000000000000009 13.500000000000002 6.5000000000000009 8.0000000000000018 14.500000000000002 35.500000000000007 5.5000000000000009 2.5000000000000004 317.50000000000006 221.50000000000003 2.5000000000000004 211.50000000000003 217.50000000000003 210.94999694824222 257.50000000000006 174.34999847412112 200.34999847412112 5.5000000000000009 8.0000000000000018 167.50000000000003 133.65000152587893 8.0000000000000018 177.15000152587893 8.0000000000000018 125.85000228881837 121.64999771118165 94.750000000000014
decision_type=2 2 2 2 2 2 2 2 2 2 2 2 2 2 2 2 10 2 10 8 2 2 2 8 2 8 2 8 10 8
left_child=7 2 3 -2 8 -6 -3 -1 9 -5 -9 12 13 -12 17 -16 21 18 22 20 -14 -17 -15 -24 -25 26 27 -11 29 -7
right_child=1 6 -4 4 5 28 -8 10 -10 25 11 -13 19 14 15 16 -18 -19 -20 -21 -22 -23 23 24 -26 -27 -28 -29 -30 -31
leaf_value=-0.015811242553486246 -0.0082005205001396634 0.003520861693076222 0.10700223928975498 0.071364269156193483 0.11597673154902928 -0.0068397240681705284 -0.081596993186602879 -0.017331554708675409 -0.049075648506679254 0.021865246185712357 -0.018790576721567104 0.06262366788003236 0.058526245615068126 0.0048231442533260786 0.11975042844024394 -0.018962015001747407 -0.056910064882950619 0.076004260616965247 -0.030584137471527564 -0.045383546141637011 -0.018213434201608723 0.079815176176051467 0.11900589410022039 -0.029389260606533386 0.053112586061127114 -0.021998597554672913 -0.0090133659399778254 0.11172725190777733 -0.015262413697582048 0.095198638260004895
leaf_weight=3869 986 217 204 288 300 160 301 1708 176 465 1221 224 198 7411 296 160 222 160 799 628 482 167 175 276 312 376 332 172 226 221
leaf_count=3869 986 217 204 288 300 160 301 1708 176 465 1221 224 198 7411 296 160 222 160 799 628 482 167 175 276 312 376 332 172 226 221
internal_value=0.00139458 0.0161046 0.0243327 0.0197708 0.029934 0.0565212 -0.0458941 -0.00215872 0.0165907 0.0236824 0.00149791 0.00402593 0.00297457 0.00561818 0.00860742 0.0391524 -0.00426015 0.00577877 0.00452394 -0.0196419 0.00409674 0.0314119 0.0079586 0.0383823 0.0143472 0.013455 0.0272363 0.0461663 0.0270975 0.0522861
internal_weight=22732 4424 3906 3702 2716 907 518 18308 1809 1633 14439 12731 12507 11199 9978 845 549 9133 8973 1308 680 327 8174 763 588 1345 969 637 607 381
internal_count=22732 4424 3906 3702 2716 907 518 18308 1809 1633 14439 12731 12507 11199 9978 845 549 9133 8973 1308 680 327 8174 763 588 1345 969 637 607 381
is_linear=0
shrinkage=0.0161


Tree=186
num_leaves=31
num_cat=0
split_feature=295 339 525 283 328 495 559 563 192 198 508 440 94 563 48 114 439 580 598 519 547 256 0 568 505 534 492 541 297 398
split_gain=4384.14 4074.35 8766.52 4388.37 3780.49 3576.09 4691.99 4012.35 6319.36 3308.08 3043.67 4364.8 4020.27 4005.24 3601.72 5447.09 6230.27 7348.15 2964.46 3259.77 5542.02 2934.38 3783.51 2689.55 4081.16 5642.08 2607.74 2557.67 2519.19 2679.42
threshold=3.5000000000000004 61.500000000000007 141.50000000000003 73.500000000000014 61.500000000000007 310.50000000000006 215.15000152587893 205.94999694824222 6.5000000000000009 2.5000000000000004 197.50000000000003 4.5000000000000009 52.000000000000007 112.95000076293947 16.500000000000004 20.000000000000004 20.000000000000004 133.65000152587893 205.94999694824222 110.50000000000001 152.44999694824222 20.000000000000004 16.500000000000004 131.05000305175784 118.50000000000001 141.50000000000003 234.50000000000003 207.44999694824222 5.5000000000000009 24.500000000000004
decision_type=2 2 2 2 2 2 10 10 2 2 2 2 2 10 2 2 2 8 10 2 10 2 2 10 2 2 2 8 2 2
left_child=-1 3 -3 4 5 6 7 9 -9 -2 12 -12 14 -14 18 28 17 -17 19 20 21 -11 -23 24 -21 -26 -8 -10 -16 -30
right_child=1 2 -4 -5 -6 -7 26 8 27 10 11 -13 13 -15 15 16 -18 -19 -20 23 -22 22 -24 -25 25 -27 -28 -29 29 -31
leaf_value=-0.012512331184501636 -0.015681984343325354 -0.0070098252608685411 0.1362115789950985 -0.05939407621483575 -0.04200967412147056 0.062120852261134764 -0.01093303554063701 0.12839609273920177 0.055023016435912016 0.00022126293723991207 0.044591138989799814 -0.033224872537634259 0.097695614678688078 -0.0020431586221185075 -0.010613267126733864 0.037883966144608074 -0.0070127021726230443 0.15527905700927006 0.061401007158220805 -0.019273914272479591 0.083061286166994278 0.0096216709654729001 0.081122725401494164 -0.034165479665558891 0.11678740395434303 -0.016259531312136165 -0.06915372010723525 -0.035004520476446116 0.014774018226341877 0.074469449499309087
leaf_weight=4543 1666 265 190 279 433 291 587 180 162 5424 236 894 266 171 870 317 252 246 224 701 243 627 277 1021 163 167 303 165 1323 229
leaf_count=4543 1666 265 190 279 433 291 587 180 162 5424 236 894 266 171 870 317 252 246 224 701 243 627 277 1021 163 167 303 165 1323 229
internal_value=0.00163242 0.0051699 0.0527452 0.00394677 0.00496154 0.00615896 0.00518322 0.00720745 0.0517737 0.00573075 0.00834573 -0.0169522 0.0106307 0.0586135 0.00889353 0.0234261 0.0594364 0.089221 0.00357361 0.0020687 0.00760286 0.00470148 0.0315568 -0.0156416 0.00267984 0.0493863 -0.0307807 0.0095243 0.0112989 0.0235973
internal_weight=22715 18172 455 17717 17438 17005 16714 15824 507 15317 13651 1130 12521 437 12084 3237 815 563 8847 8623 6571 6328 904 2052 1031 330 890 327 2422 1552
internal_count=22715 18172 455 17717 17438 17005 16714 15824 507 15317 13651 1130 12521 437 12084 3237 815 563 8847 8623 6571 6328 904 2052 1031 330 890 327 2422 1552
is_linear=0
shrinkage=0.0161


Tree=187
num_leaves=31
num_cat=0
split_feature=113 488 120 74 227 53 176 442 327 283 571 597 12 533 27 408 244 186 264 328 216 229 248 69 164 503 342 268 91 426
split_gain=3656.34 4391.7 3900.22 3720.7 3271.18 2897.97 3108.45 2897.75 3669.44 2673.62 2595.57 4242.68 2486.16 2567.78 2437.21 2772.25 2509.42 3926.84 2434.71 2539.64 2557.27 2423.5 2322.76 2290.9 2873.89 3724.35 2995.84 2607.59 2786.7 2332.61
threshold=13.500000000000002 310.50000000000006 73.500000000000014 61.500000000000007 52.000000000000007 20.000000000000004 29.500000000000004 29.500000000000004 10.500000000000002 73.500000000000014 221.94999694824222 209.25000000000003 6.5000000000000009 54.500000000000007 29.500000000000004 29.500000000000004 6.5000000000000009 8.0000000000000018 2.5000000000000004 61.500000000000007 13.500000000000002 29.500000000000004 24.500000000000004 35.500000000000007 5.5000000000000009 195.50000000000003 8.0000000000000018 8.0000000000000018 10.500000000000002 13.500000000000002
decision_type=2 2 2 2 2 2 2 2 2 2 10 10 2 2 2 2 2 2 2 2 2 2 2 2 2 2 2 2 2 2
left_child=1 4 3 5 9 6 7 21 -9 18 11 12 13 -7 15 16 17 -14 -1 20 -20 22 -2 24 -22 26 -26 29 -29 -28
right_child=2 -3 -4 -5 -6 10 -8 8 -10 -11 -12 -13 14 -15 -16 -17 -18 -19 19 -21 23 -23 -24 -25 25 -27 27 28 -30 -31
leaf_value=-0.023179451822706473 0.0064379316745636914 0.064783020990259801 0.087351132899349218 0.071167316969488387 0.046988933254548219 0.0022528115751350563 0.064346108405460858 0.0076556241519340007 0.106255774429334 -0.067204794885578026 -0.055400398641576087 0.07089508288374291 -0.0010513569890014071 -0.045628405862459726 -0.031565393004203017 0.063448894945120127 -0.01376090662102889 0.086626810928438894 -0.0065929205783206287 -0.052128939831965829 -0.0065571862191299447 0.058034751682438553 -0.041266290820546211 -0.026520398261704981 -0.0083088326682676465 0.077941015598624999 -0.020005121284393006 0.11386923949721474 0.026399200436489162 0.05826911879522411
leaf_weight=1855 2134 233 162 230 300 525 314 220 177 187 244 200 366 647 374 249 782 207 9470 272 1003 206 302 388 671 313 257 182 198 160
leaf_count=1855 2134 233 162 230 300 525 314 220 177 187 244 200 366 647 374 249 782 207 9470 272 1003 206 302 388 671 313 257 182 198 160
internal_value=-0.000142757 -0.00457906 0.00921688 0.00744995 -0.00563995 0.00533702 0.0161044 0.0111122 0.0516752 -0.0066972 -0.00470181 -0.00100211 -0.00557448 -0.0241598 0.00542577 0.0140656 0.00497332 0.0305819 -0.00592948 -0.00344983 -0.0024006 0.00500806 0.000514199 0.0101081 0.0152214 0.0274996 0.0167287 0.0378375 0.0683547 0.00997172
internal_weight=22828 15489 7339 7177 15256 6947 3353 3039 397 14956 3594 3350 3150 1172 1978 1604 1355 573 14769 12914 12642 2642 2436 3172 2784 1781 1468 797 380 417
internal_count=22828 15489 7339 7177 15256 6947 3353 3039 397 14956 3594 3350 3150 1172 1978 1604 1355 573 14769 12914 12642 2642 2436 3172 2784 1781 1468 797 380 417
is_linear=0
shrinkage=0.0161


Tree=188
num_leaves=31
num_cat=0
split_feature=232 599 573 102 492 559 192 103 527 532 150 553 399 58 571 222 48 328 196 450 110 556 527 513 353 142 593 569 483 274
split_gain=4242.66 3876.33 7682.86 3808.48 5859.42 6791.27 4747.42 8310.43 3773.93 5045.2 7688.8 3352.3 2475.31 4386.04 2401.57 2517.56 3099.22 4432.34 2339.94 3225.4 3857.99 4282.12 8305.47 2293.84 2223.05 2078.18 2072.14 3744.71 2034.91 1810.7
threshold=8.0000000000000018 240.75000000000003 216.75000000000003 29.500000000000004 160.50000000000003 90.549999237060561 5.5000000000000009 20.000000000000004 246.50000000000003 228.50000000000003 13.500000000000002 251.25000000000003 29.500000000000004 6.5000000000000009 196.25000000000003 5.5000000000000009 35.500000000000007 8.0000000000000018 10.500000000000002 16.500000000000004 6.5000000000000009 100.45000076293947 113.50000000000001 117.50000000000001 6.5000000000000009 52.000000000000007 108.85000228881837 108.14999771118165 94.500000000000014 5.5000000000000009
decision_type=2 10 8 2 2 8 2 2 2 2 2 10 2 2 10 2 2 2 2 2 2 10 2 2 2 2 10 10 2 2
left_child=8 3 -3 11 5 -5 -7 -8 9 14 -11 12 25 -14 15 -1 18 -18 26 20 23 24 -23 29 -22 -2 27 -17 -15 -20
right_child=1 2 -4 4 -6 6 7 -9 -10 10 -12 -13 13 28 -16 16 17 -19 19 -21 21 22 -24 -25 -26 -27 -28 -29 -30 -31
leaf_value=-0.013155860684308105 -0.0014766128140379557 0.1393029469265617 -0.006212080257971259 -0.013469158301611222 -0.02436578644324703 0.019159398209655891 0.048135125500298734 0.20169394285391987 -0.046712530474006614 -0.00077100631733733314 0.13558381837199729 0.070813082012644954 0.074713179622309792 0.032541172731848519 -0.041406528788411931 -0.0059117320702467887 -0.0074529052234029248 0.099517868132705176 -0.018563024911524981 -0.020532649119784956 -0.0095434608055144591 0.17617688147453742 0.016801760521985239 -0.056893588755605219 0.059579789981574816 -0.045968737199838454 -0.02707082927496151 0.073737779023719183 -0.028160130549390455 0.040703097208618116
leaf_weight=5534 6554 168 213 242 321 172 191 176 580 305 165 177 305 261 496 2493 204 197 255 564 305 160 181 161 199 284 1128 163 317 280
leaf_count=5534 6554 168 213 242 321 172 191 176 580 305 165 177 305 261 496 2493 204 197 255 564 305 160 181 161 199 284 1128 163 317 280
internal_value=-0.000715443 0.00758354 0.0578903 0.00545128 0.0334904 0.0573001 0.0891177 0.121841 -0.00654015 -0.00471657 0.0470482 0.00153603 -4.90658e-05 0.025316 -0.00669327 -0.00523511 0.00172989 0.0450401 -0.00121524 0.0123869 0.0244507 0.0475723 0.0916509 -0.00358703 0.0177026 -0.00332793 -0.00878821 -0.00101474 -0.000709306 0.0124108
internal_weight=22751 9381 381 9000 1102 781 539 367 13370 12790 470 7898 7721 883 12320 11824 6290 401 5889 2105 1541 845 341 696 504 6838 3784 2656 578 535
internal_count=22751 9381 381 9000 1102 781 539 367 13370 12790 470 7898 7721 883 12320 11824 6290 401 5889 2105 1541 845 341 696 504 6838 3784 2656 578 535
is_linear=0
shrinkage=0.0161


Tree=189
num_leaves=31
num_cat=0
split_feature=109 462 475 40 385 322 445 238 374 531 2 495 283 495 498 214 159 523 380 398 563 418 18 460 533 481 503 500 543 280
split_gain=4223.46 4034.38 5061.42 3357.59 3336.59 5363.13 5547.83 6811.47 3224.31 5490.08 3023.01 3013.5 2903.05 2697.08 4249.36 2889.51 3806.9 2543.76 2543.75 3045.21 3762.74 2406.46 2375.61 2267.34 2099.82 2080.42 2711.92 3109.09 2104.79 1953.98
threshold=16.500000000000004 43.500000000000007 13.500000000000002 29.500000000000004 24.500000000000004 20.000000000000004 35.500000000000007 8.0000000000000018 16.500000000000004 117.50000000000001 8.0000000000000018 330.50000000000006 43.500000000000007 227.50000000000003 161.50000000000003 16.500000000000004 8.0000000000000018 253.50000000000003 73.500000000000014 35.500000000000007 145.55000305175784 5.5000000000000009 16.500000000000004 2.5000000000000004 40.500000000000007 248.50000000000003 117.50000000000001 103.50000000000001 101.54999923706056 3.5000000000000004
decision_type=2 2 2 2 2 2 2 2 2 2 2 2 2 2 2 2 2 2 2 2 10 2 2 2 2 2 2 2 10 2
left_child=3 4 -3 11 10 6 7 -6 22 24 13 12 17 14 15 -2 -17 18 19 29 -21 -14 -5 -12 -10 26 27 28 -25 -1
right_child=1 2 -4 8 5 -7 -8 -9 9 -11 23 -13 21 -15 -16 16 -18 -19 -20 20 -22 -23 -24 25 -26 -27 -28 -29 -30 -31
leaf_value=-0.017841025748278019 0.00028064106619961256 0.0098131397558048374 0.12390294123048524 -0.013753279423767872 0.037319984291721633 -0.016392898984747408 0.0083989019219294601 0.1827773262661628 0.048767268459622329 0.11020825768101705 0.042005595468193303 0.063057923330598772 0.0036070552752840235 -0.046745446690561861 0.075841786714996931 0.10567675254569024 -9.196245839976194e-05 -0.040453177913842515 0.055440374975905996 0.0050604344968689877 0.087182766276526241 -0.068880916144410803 0.040686034393443225 -0.003065906382741099 -0.028037170130043292 0.03927423857366192 -0.046286831473733865 0.05938804443783155 -0.055250235805461873 -0.0035112187178350236
leaf_weight=3300 1342 227 182 774 172 324 255 163 180 226 194 160 179 164 311 174 178 530 181 571 194 349 284 807 189 165 673 163 267 9792
leaf_count=3300 1342 227 182 774 172 324 255 163 180 226 194 160 179 164 311 174 178 530 181 571 194 349 284 807 189 165 673 163 267 9792
internal_value=-1.14179e-05 0.011893 0.0606393 -0.0040687 0.00816337 0.0361769 0.0650857 0.108165 0.0177229 0.0477078 0.00238871 -0.00643138 -0.00716945 0.0159837 0.0211264 0.0110673 0.0521246 -0.00582346 -0.00451435 -0.00529918 0.025917 -0.0442618 0.000837674 -0.0105967 0.00936462 -0.015526 -0.0202724 -0.00610004 -0.016061 -0.00712502
internal_weight=22670 5761 409 16909 5352 914 590 335 1653 595 4438 15256 15096 2169 2005 1694 352 14568 14038 13857 765 528 1058 2269 369 2075 1910 1237 1074 13092
internal_count=22670 5761 409 16909 5352 914 590 335 1653 595 4438 15256 15096 2169 2005 1694 352 14568 14038 13857 765 528 1058 2269 369 2075 1910 1237 1074 13092
is_linear=0
shrinkage=0.0161


Tree=190
num_leaves=31
num_cat=0
split_feature=381 402 496 209 404 528 488 21 417 267 466 582 297 157 104 543 93 507 513 593 458 282 317 342 159 560 242 415 339 55
split_gain=4538.4 3857.52 4434.75 5005.48 5507.45 4388.34 3740.78 7385.49 7076.81 9105.25 4383.17 2761.38 2580.45 2898.63 2636.78 2705.65 2263.35 2939 2561.74 2255.84 2546.72 2200.48 2075.59 1964.31 1832.89 1887.88 2222.11 2404.63 4435.52 2590.13
threshold=3.5000000000000004 29.500000000000004 200.50000000000003 4.5000000000000009 29.500000000000004 121.50000000000001 224.50000000000003 16.500000000000004 16.500000000000004 13.500000000000002 8.0000000000000018 238.25000000000003 3.5000000000000004 61.500000000000007 43.500000000000007 220.15000152587893 16.500000000000004 167.50000000000003 122.50000000000001 104.95000076293947 8.0000000000000018 29.500000000000004 35.500000000000007 35.500000000000007 2.5000000000000004 226.84999847412112 24.500000000000004 13.500000000000002 35.500000000000007 29.500000000000004
decision_type=2 2 2 2 2 2 2 2 2 2 2 10 2 2 2 10 2 2 2 10 2 2 2 2 2 10 2 2 2 2
left_child=16 6 3 21 5 19 11 8 9 10 -8 12 -2 14 15 22 18 -18 -1 20 -5 -3 24 -4 -14 26 27 -26 29 -29
right_child=1 2 23 4 -6 -7 7 -9 -10 -11 -12 -13 13 -15 -16 -17 17 -19 -20 -21 -22 -23 -24 -25 25 -27 -28 28 -30 -31
leaf_value=-0.013614135448181549 -0.016104683641425505 0.017574807724658192 0.0093326617999508546 0.06582483866967051 0.11128279897639876 0.084871886648254069 -0.014548222467762356 -0.023843492349348423 -0.016952178176185585 0.16123463011364611 0.086672841805863543 0.050352362427678064 -0.014793751743264406 0.051616433606501075 -0.034514450138001786 -0.051336097046561072 -0.0059298384019048165 0.070346330302276674 -0.046898903992789349 -0.038708541166820765 -0.0052878141399687311 -0.060116436424792634 -0.02539110031737642 -0.069598321031414861 0.0024482324905926198 0.054260941076982074 -0.015745852811503567 0.025474413514288589 0.09982085494101979 -0.015628939079942006
leaf_weight=2723 3000 217 163 240 294 288 218 518 276 233 225 258 1167 282 566 249 719 160 770 181 285 167 656 163 5152 211 1111 1688 176 519
leaf_count=2723 3000 217 163 240 294 288 218 518 276 233 225 258 1167 282 566 249 719 160 770 181 285 167 656 163 5152 211 1111 1688 176 519
internal_value=-0.000391449 0.0030934 0.0242222 0.0348201 0.0500349 0.0318956 0.000534246 0.0250481 0.0516756 0.0797301 0.0368089 -0.00186096 -0.00277417 0.000619563 -0.000629465 0.00112324 -0.0151453 0.00792756 -0.0209582 0.0102516 0.027176 -0.0161515 0.00234852 -0.0300606 0.00416623 0.00666706 0.00550284 0.00863898 0.0220134 0.0157978
internal_weight=22875 18503 1998 1672 1288 994 16505 1470 952 676 443 15035 14777 11777 11495 10929 4372 879 3493 706 525 384 10680 326 10024 8857 8646 7535 2383 2207
internal_count=22875 18503 1998 1672 1288 994 16505 1470 952 676 443 15035 14777 11777 11495 10929 4372 879 3493 706 525 384 10680 326 10024 8857 8646 7535 2383 2207
is_linear=0
shrinkage=0.0161


Tree=191
num_leaves=31
num_cat=0
split_feature=103 576 547 215 192 510 262 216 400 149 12 558 390 210 502 542 570 339 43 114 135 101 214 60 501 599 92 487 512 39
split_gain=4158.62 4236.2 3708.82 6856.82 4536.2 4037.47 3299.04 3171.49 5412.8 6377.57 8959.41 3090.27 3039.73 3556.16 3793.11 4577.59 2703.09 2643.74 2392.38 2558.6 2079.17 1972.38 1966.05 1932.33 1913.57 2578.53 2383.88 2054.15 4887.6 3686.9
threshold=4.5000000000000009 271.25000000000006 228.75000000000003 20.000000000000004 6.5000000000000009 302.50000000000006 3.5000000000000004 13.500000000000002 29.500000000000004 13.500000000000002 16.500000000000004 226.84999847412112 20.000000000000004 6.5000000000000009 152.50000000000003 163.25000000000003 215.15000152587893 5.5000000000000009 61.500000000000007 73.500000000000014 24.500000000000004 8.0000000000000018 29.500000000000004 10.500000000000002 211.50000000000003 200.34999847412112 8.0000000000000018 170.50000000000003 156.50000000000003 8.0000000000000018
decision_type=2 10 10 2 2 2 2 2 2 2 2 10 2 2 2 10 8 2 2 2 2 2 2 2 2 10 2 2 2 2
left_child=-1 2 5 4 -4 6 22 11 12 10 -10 18 13 20 17 -16 -6 -15 19 24 -9 -19 -2 -23 25 27 -26 -8 29 -29
right_child=1 -3 3 -5 16 -7 7 8 9 -11 -12 -13 -14 14 15 -17 -18 21 -20 -21 -22 23 -24 -25 26 -27 -28 28 -30 -31
leaf_value=-0.012396116098182634 -0.015497888971734283 -0.072209959905372711 0.082878202915889612 0.13058057842486381 0.020353793192845176 -0.063980307867483641 -0.0022936361193554577 -0.0080181350899731791 0.18279448440911172 -0.0034275399831010856 0.01998813086894102 0.054437442439497927 -0.017915590829411302 0.063567898234015166 0.14737588721602171 0.02821982593238492 -0.067922754293129634 -0.03117718731068693 -0.044537484547999488 0.063153132036072659 0.052201907564446953 0.068561376738382154 0.040278418708808141 -0.0091783458858698992 0.0056836924563933187 0.051365922738921183 -0.061677063147072608 0.12704759165576729 -0.011660157929213981 0.018232242355281026
leaf_weight=6292 2745 192 161 166 197 235 6601 1054 189 218 164 278 723 266 161 175 165 256 303 171 173 160 174 171 264 268 280 162 394 162
leaf_count=6292 2745 192 161 166 197 235 6601 1054 189 218 164 278 723 266 161 175 165 256 303 171 173 160 174 171 264 268 280 162 394 162
internal_value=-0.00124683 0.00297063 0.00385029 0.0404147 0.0117511 0.00224895 0.00325381 0.00682969 0.0193325 0.064937 0.107223 0.00160525 0.0110293 0.0197009 0.0395438 0.0853855 -0.0198177 0.021459 -9.88583e-05 0.00152019 0.000453365 0.00233712 -0.012165 0.0283287 0.00022112 0.00231541 -0.028944 0.000516109 0.0263805 0.0727126
internal_weight=22920 16628 16436 689 523 15747 15512 12593 3710 571 353 8883 3139 2416 1189 336 362 853 8605 8302 1227 587 2919 331 8131 7587 544 7319 718 324
internal_count=22920 16628 16436 689 523 15747 15512 12593 3710 571 353 8883 3139 2416 1189 336 362 853 8605 8302 1227 587 2919 331 8131 7587 544 7319 718 324
is_linear=0
shrinkage=0.0161


Tree=192
num_leaves=31
num_cat=0
split_feature=488 337 161 546 48 541 522 488 494 511 499 486 539 594 142 329 114 518 462 176 216 198 570 511 481 282 180 575 520 555
split_gain=3991.34 9301.28 3851.93 3027.69 3037.43 2738.12 3124.47 5888.31 7157.01 10947.1 3860.79 2892.82 3066.31 2645.38 2438.31 2600.2 3086.43 4477.79 2718.17 6069.79 3400.17 2437.1 2038.78 2210.95 2032.2 2197.11 2344.56 4416.55 2195.2 2072.25
threshold=286.50000000000006 5.5000000000000009 3.5000000000000004 247.34999847412112 102.50000000000001 247.34999847412112 246.50000000000003 222.50000000000003 204.50000000000003 187.50000000000003 159.50000000000003 200.50000000000003 202.50000000000003 191.15000152587893 52.000000000000007 52.000000000000007 61.500000000000007 86.500000000000014 43.500000000000007 16.500000000000004 13.500000000000002 2.5000000000000004 196.25000000000003 195.50000000000003 217.50000000000003 4.5000000000000009 24.500000000000004 128.94999694824222 84.500000000000014 84.250000000000014
decision_type=2 2 2 10 2 10 2 2 2 2 2 2 2 10 2 2 2 2 2 2 2 2 10 2 2 2 2 10 2 10
left_child=2 -2 22 4 5 6 7 14 10 -10 -9 12 -8 -3 15 16 18 -18 21 20 -20 -4 23 -1 25 -23 -27 28 29 -28
right_child=1 13 3 -5 -6 -7 11 8 9 -11 -12 -13 -14 -15 -16 -17 17 -19 19 -21 -22 24 -24 -25 -26 26 27 -29 -30 -31
leaf_value=-0.013706428878699115 0.13881238059508696 -0.048365813008216421 -0.018396540028618433 -0.05813994646626329 0.07108193471246485 0.057032735005012679 -0.034329566223946228 -0.045061743499770913 0.19886717134701237 0.018185285477279073 0.056842227398070301 -0.06631457396817228 0.043464117037198019 0.03235927035349933 -0.034121254563080933 -0.032313404291535112 -0.0033227108930820753 0.10980972138944928 -0.023905667869601972 0.11038994748570111 0.063981787205017196 -0.0068413112257425341 -0.064989167783939483 0.04629356650170198 -0.027793554283195073 0.0060765957215527175 0.0006593691961435383 0.088649906989638858 -0.036324740373417833 0.065718028970537037
leaf_weight=4406 178 172 1489 210 170 237 356 216 160 191 174 319 208 271 485 534 191 172 351 193 169 3012 193 165 515 7215 298 266 183 222
leaf_count=4406 178 172 1489 210 170 237 356 216 160 191 174 319 208 271 485 534 191 172 351 193 169 3012 193 165 515 7215 298 266 183 222
internal_value=0.000252831 0.0405138 -0.000867281 0.00261925 0.00335704 0.00268457 0.00192188 0.0035467 0.0478716 0.100614 0.000342755 -0.0275596 -0.00559797 0.00096367 0.00139774 0.00256252 0.00386871 0.0502179 0.00265774 0.0332781 0.00461249 0.00100199 -0.0137059 -0.0115355 0.00347044 0.00491064 0.00923864 0.0327584 0.0115768 0.0284797
internal_weight=22921 621 22300 17536 17326 17156 16919 16036 741 351 390 883 564 443 15295 14810 14276 363 13913 713 520 13200 4764 4571 11711 11196 8184 969 703 520
internal_count=22921 621 22300 17536 17326 17156 16919 16036 741 351 390 883 564 443 15295 14810 14276 363 13913 713 520 13200 4764 4571 11711 11196 8184 969 703 520
is_linear=0
shrinkage=0.0161


Tree=193
num_leaves=31
num_cat=0
split_feature=113 152 513 352 237 484 385 50 50 257 147 503 217 45 227 324 257 143 442 516 274 572 500 409 539 483 131 597 220 113
split_gain=3465.27 4533 3238.61 2999.38 3078.77 4778.88 3694.5 2703.58 3011.02 2623.5 4081.54 2700.65 2621.58 5176.59 2540.49 2386.43 2853.67 4035.18 3183.75 3644.27 2933.25 2307.56 2126.47 2074.42 1947.29 4659.87 1991.64 1924.38 2775.04 2103.58
threshold=13.500000000000002 52.000000000000007 290.50000000000006 35.500000000000007 16.500000000000004 259.50000000000006 24.500000000000004 29.500000000000004 43.500000000000007 13.500000000000002 16.500000000000004 129.50000000000003 43.500000000000007 10.500000000000002 61.500000000000007 20.000000000000004 16.500000000000004 24.500000000000004 20.000000000000004 87.500000000000014 20.000000000000004 88.049999237060561 201.50000000000003 29.500000000000004 241.50000000000003 180.50000000000003 8.0000000000000018 201.75000000000003 20.000000000000004 29.500000000000004
decision_type=2 2 2 2 2 2 2 2 2 2 2 2 2 2 2 2 2 2 2 2 2 10 2 2 2 2 2 8 2 2
left_child=12 2 3 4 5 7 9 27 -9 10 11 -6 14 -14 15 16 24 18 20 -20 21 -18 -5 -17 -1 -26 -27 -2 29 -29
right_child=1 -3 -4 22 6 -7 -8 8 -10 -11 -12 -13 13 -15 -16 23 17 -19 19 -21 -22 -23 -24 -25 25 26 -28 28 -30 -31
leaf_value=-0.010182990237168375 -0.0094175647544050504 0.070421159145963919 -0.056802264379282701 -0.025827946189342071 0.041180663733646657 0.087549624851894603 0.082362131396784319 0.075697430667669111 -0.0014194037440517556 -0.015940444768933585 0.098015545466877421 -0.039607993024435663 -0.016721956325825117 0.081735006996297113 0.048911714510248262 -0.017694622085227041 0.0065337188665700726 0.070119746538187894 -0.004655995929472031 0.10304732681405059 0.040630811693267738 -0.033164880397746774 0.035581460192354808 -0.067709574701775063 0.0917979448479955 0.025405128851822882 -0.053358303323977216 0.020035962054641851 0.076015837004625317 -0.041971010918623972
leaf_weight=9815 2767 290 210 964 290 177 309 257 267 363 203 170 298 258 210 1732 735 265 160 165 307 783 172 246 167 173 160 550 171 191
leaf_count=9815 2767 290 210 964 290 177 309 257 267 363 203 170 298 258 210 1732 735 265 160 165 307 783 172 246 167 173 160 550 171 191
internal_value=-0.00107092 0.00802938 0.00546357 0.00737561 0.0121275 0.00559707 0.0335354 0.00214022 0.0363582 0.0188073 0.0378676 0.0112728 -0.00539558 0.0289226 -0.00667621 -0.00747149 -0.0049128 0.0108368 0.00351893 0.0499517 -0.00473703 -0.0139277 -0.0165093 -0.0239268 -0.00860247 0.022376 -0.0123685 -0.00272706 0.0175461 0.00402129
internal_weight=22825 7351 7061 6851 5715 4380 1335 4203 524 1026 663 460 15474 556 14918 14708 12730 2415 2150 325 1825 1518 1136 1978 10315 500 333 3679 912 741
internal_count=22825 7351 7061 6851 5715 4380 1335 4203 524 1026 663 460 15474 556 14918 14708 12730 2415 2150 325 1825 1518 1136 1978 10315 500 333 3679 912 741
is_linear=0
shrinkage=0.0161


Tree=194
num_leaves=31
num_cat=0
split_feature=514 598 533 541 242 569 221 516 164 339 339 473 115 61 58 374 208 328 227 280 483 536 89 576 520 497 15 303 356 579
split_gain=4274.03 4326.95 7227.97 4630.18 12530.6 4369.22 3218.74 2801.01 2928.42 3591.93 4155.81 4677.77 2469.62 3176.58 2436.6 2719.8 2605.59 3771.07 2418.27 3737.25 2405.97 3918.93 2213.6 2033.55 4057.02 4773.51 5017.95 2236.58 2096.19 1934.6
threshold=293.50000000000006 233.25000000000003 242.50000000000003 240.75000000000003 16.500000000000004 213.05000305175784 3.5000000000000004 257.50000000000006 10.500000000000002 61.500000000000007 5.5000000000000009 24.500000000000004 16.500000000000004 20.000000000000004 29.500000000000004 20.000000000000004 6.5000000000000009 16.500000000000004 43.500000000000007 10.500000000000002 185.50000000000003 194.50000000000003 8.0000000000000018 174.34999847412112 92.500000000000014 80.500000000000014 10.500000000000002 13.500000000000002 5.5000000000000009 185.15000152587893
decision_type=2 10 2 10 2 10 2 2 2 2 2 2 2 2 2 2 2 2 2 2 2 2 2 10 2 2 2 2 2 10
left_child=1 3 -3 6 -5 -4 12 8 18 10 11 14 -1 -14 15 16 -10 22 -8 -20 21 23 -18 24 25 -12 -27 28 -26 -22
right_child=-2 2 5 4 -6 -7 7 -9 9 -11 20 -13 13 -15 -16 -17 17 -19 19 -21 29 -23 -24 -25 27 26 -28 -29 -30 -31
leaf_value=-0.018204177235151085 -0.043734565122271959 0.099808482061290532 0.049231422464748639 -0.020246756175480295 0.16289653365750967 -0.068630407036233021 -0.0027688192266056371 -0.038823921030164722 -0.024719944363858111 0.080608257925814192 -0.0018201659238122521 0.088759584176544948 -0.0049580643248194325 0.069175831307046284 0.077055435016845863 0.053719827008902141 0.1021798168256408 -0.027832292303485998 -0.0063413241765778137 0.0977231003093397 -0.01016242605487183 0.071920479475518231 0.017546414093253613 0.055268617078733463 -0.0092742218574966041 0.0016693971139989589 0.11719604343498125 0.0036090191116377487 -0.074177173109394548 -0.077091264074836158
leaf_weight=3688 549 304 164 236 164 162 9989 409 547 197 1550 298 634 196 168 315 161 209 202 160 356 218 161 170 205 190 201 309 352 164
leaf_count=3688 549 304 164 236 164 162 9989 409 547 197 1550 298 634 196 168 315 161 209 202 160 356 218 161 170 205 190 201 309 352 164
internal_value=0.000637444 0.00174183 0.0433295 0.00051922 0.0547832 -0.00926575 -0.000510854 0.00277935 0.00383625 0.0130263 0.0106335 0.030286 -0.0125547 0.0125199 0.0191081 0.0121026 -3.64554e-05 0.0253465 -0.00128519 0.039589 0.000792986 0.00602623 0.0599362 0.00119301 -0.00207357 0.0108461 0.061118 -0.0310582 -0.0503323 -0.031316
internal_weight=22628 22079 630 21449 400 326 21049 16531 16122 5771 5574 1859 4518 830 1561 1393 1078 531 10351 362 3715 3195 322 2977 2807 1941 391 866 557 520
internal_count=22628 22079 630 21449 400 326 21049 16531 16122 5771 5574 1859 4518 830 1561 1393 1078 531 10351 362 3715 3195 322 2977 2807 1941 391 866 557 520
is_linear=0
shrinkage=0.0161


Tree=195
num_leaves=31
num_cat=0
split_feature=275 464 401 541 556 515 163 93 599 411 38 375 477 214 489 543 138 519 599 400 494 302 35 53 532 84 196 543 458 228
split_gain=4340.09 3456.41 3601.46 3906.6 9228.27 3585.16 4172.51 4093.5 4001.38 5078.01 3965.03 3724.32 4496.2 4400.15 4234.02 3336.97 3658.42 2907.32 3253.02 2691.84 5694.9 5229.26 5370.94 3312.45 2645.16 2619.26 2523.96 2299.41 3024.66 4515.12
threshold=3.5000000000000004 87.000000000000014 6.5000000000000009 238.25000000000003 207.44999694824222 143.50000000000003 52.000000000000007 24.500000000000004 204.25000000000003 20.000000000000004 20.000000000000004 24.500000000000004 13.500000000000002 16.500000000000004 187.50000000000003 238.25000000000003 5.5000000000000009 118.50000000000001 128.94999694824222 4.5000000000000009 41.500000000000007 10.500000000000002 10.500000000000002 5.5000000000000009 138.50000000000003 10.500000000000002 29.500000000000004 144.84999847412112 13.500000000000002 16.500000000000004
decision_type=2 2 2 10 8 2 2 2 8 2 2 2 2 2 2 10 2 2 10 2 2 2 2 2 2 2 2 8 2 2
left_child=17 2 15 5 -5 11 7 8 10 24 -7 14 26 -14 27 16 -2 18 -1 20 -18 23 -23 -22 -10 -26 -13 -4 29 -29
right_child=1 -3 3 4 -6 6 -8 -9 9 -11 -12 12 13 -15 -16 -17 19 -19 -20 -21 21 22 -24 -25 25 -27 -28 28 -30 -31
leaf_value=-0.012215309422813056 -0.014948018377901866 -0.055510617192955351 6.6676091101799495e-05 0.12993637310314815 -0.022774161774268498 -0.027198377984308554 -0.083358301750122307 -0.041779214846569691 0.070954156109389502 0.10851422424053411 0.03993494765388271 -0.0023869205955062193 0.043427848558368037 0.14620978397435952 0.083336898076875235 -0.067962488896371964 -0.012731660803137318 -0.038888013117128896 0.042671150545584326 -0.0019258215764040556 0.071596727007453329 0.16207776247564099 0.037612746234439727 -0.011064970720209061 0.027934987577462152 -0.046500644528628926 0.066109202560650254 0.020831267603944475 -0.0077740995864610416 0.10090173127740283
leaf_weight=3266 3333 255 3967 221 191 911 174 531 160 190 304 546 319 164 193 206 623 975 306 2770 197 175 186 346 283 216 187 800 541 237
leaf_count=3266 3333 255 3967 221 191 911 174 531 160 190 304 546 319 164 193 206 623 975 306 2770 197 175 186 346 283 216 187 800 541 237
internal_value=-0.000168211 0.00334135 0.00417774 0.0105158 0.0590838 0.0084554 -0.00703187 -0.00190496 0.00834199 0.0351653 -0.0103819 0.0146256 0.0402258 0.0783756 0.00919633 -0.00401688 -0.00228734 -0.014241 -0.0075068 0.00752752 0.0246914 0.050508 0.0980142 0.0188813 0.013982 -0.00423848 0.0150554 0.00661154 0.02305 0.0391536
internal_weight=22773 18226 17971 10135 412 9723 2769 2595 2064 849 1215 6954 1216 483 5738 7836 7630 4547 3572 4297 1527 904 361 543 659 499 733 5545 1578 1037
internal_count=22773 18226 17971 10135 412 9723 2769 2595 2064 849 1215 6954 1216 483 5738 7836 7630 4547 3572 4297 1527 904 361 543 659 499 733 5545 1578 1037
is_linear=0
shrinkage=0.0161


Tree=196
num_leaves=31
num_cat=0
split_feature=516 163 101 208 91 541 481 497 132 574 548 535 538 487 492 518 597 551 1 538 492 586 537 586 463 194 297 256 147 189
split_gain=5161.94 3755.67 3723.51 3348.47 3204.67 3158.35 2911.21 2450 6022.69 6948.21 3532.35 2882.48 4375.63 2640.03 2451.32 2949.4 2456.91 2718.53 2378.27 3410.05 4166.35 3947.96 3217.6 8925.73 2462.83 2457.04 2369.58 2350.43 2390.87 2210.63
threshold=324.50000000000006 102.50000000000001 13.500000000000002 3.5000000000000004 52.000000000000007 238.25000000000003 207.50000000000003 228.50000000000003 10.500000000000002 184.15000152587893 221.94999694824222 248.50000000000003 244.50000000000003 259.50000000000006 141.50000000000003 183.50000000000003 133.65000152587893 162.34999847412112 24.500000000000004 191.50000000000003 173.50000000000003 150.65000152587893 122.50000000000001 106.85000228881837 43.500000000000007 20.000000000000004 13.500000000000002 4.5000000000000009 43.500000000000007 20.000000000000004
decision_type=2 2 2 2 2 10 2 2 2 8 8 2 2 2 2 2 8 8 2 2 2 10 2 10 2 2 2 2 2 2
left_child=1 2 7 -4 5 6 18 11 9 -9 -11 12 13 14 15 27 17 -16 19 20 22 -21 24 -24 -5 -20 -8 -1 -29 -18
right_child=-2 -3 3 4 -6 -7 26 8 -10 10 -12 -13 -14 -15 16 -17 29 -19 25 21 -22 -23 23 -25 -26 -27 -28 28 -30 -31
leaf_value=-0.014431828446809947 -0.067618883579147138 -0.075105771084721606 -0.014789958170230207 0.0084521251751840804 0.066355145209634314 0.072087682304994294 -0.050942341573865769 0.11984770908950604 -0.030593348582579543 -0.041386594905052629 0.05642000905937132 -0.043839978999208246 0.067171770954629034 0.050980906328008301 -0.023065425122486459 0.047842187701163899 -0.042287211518281104 0.061939736821549067 -0.027940404403179606 -0.0014620553246457006 -0.041674284397635701 0.098193562038030285 0.15384874867259249 0.010257633424810271 0.072274183759704833 0.033098655357853814 0.019472499927775402 -0.0009404885005888441 0.048909671571257675 0.010263946794793232
leaf_weight=4117 296 171 1156 2586 301 221 344 237 372 186 197 493 219 212 238 283 1201 165 605 163 319 278 165 352 167 238 193 6707 259 250
leaf_count=4117 296 171 1156 2586 301 221 344 237 372 186 197 493 219 212 238 283 1201 165 605 163 319 278 165 352 167 238 193 6707 259 250
internal_value=-0.000825134 5.6644e-05 0.000636032 0.0102671 0.0151541 0.012413 0.00997093 -0.00387253 0.0205811 0.0513238 0.00885979 -0.00558927 -0.00420614 -0.00537166 -0.00627713 -0.00347468 -0.0234449 0.0116798 0.0138947 0.019041 0.0138411 0.061306 0.019264 0.0561301 0.0123322 -0.0106796 -0.0255911 -0.00478716 0.000909591 -0.0332167
internal_weight=22691 22395 22224 7088 5932 5631 5410 15136 992 620 383 14144 13651 13432 13220 11366 1854 403 4873 4030 3589 441 3270 517 2753 843 537 11083 6966 1451
internal_count=22691 22395 22224 7088 5932 5631 5410 15136 992 620 383 14144 13651 13432 13220 11366 1854 403 4873 4030 3589 441 3270 517 2753 843 537 11083 6966 1451
is_linear=0
shrinkage=0.0161


Tree=197
num_leaves=31
num_cat=0
split_feature=43 515 599 91 16 239 512 486 587 240 587 450 554 349 519 497 118 554 342 358 455 165 533 409 42 549 573 148 47 554
split_gain=3651.19 3885.82 4798.31 3480.04 3436.54 2841.06 3193.98 3658.61 4811.15 6134.95 3450.12 2819.92 3127.09 2857.67 3122.9 4023.02 4991.19 4632.65 2806.81 2591.54 2537.87 2318.85 4459.28 2251.84 2569.88 2178.26 5144.97 2010.45 1993.63 2040.89
threshold=6.5000000000000009 290.50000000000006 251.25000000000003 87.000000000000014 4.5000000000000009 16.500000000000004 180.50000000000003 171.50000000000003 117.14999771118165 24.500000000000004 93.649997711181655 20.000000000000004 231.15000152587893 52.000000000000007 91.500000000000014 74.500000000000014 6.5000000000000009 102.04999923706056 35.500000000000007 16.500000000000004 8.0000000000000018 8.0000000000000018 116.50000000000001 24.500000000000004 35.500000000000007 90.549999237060561 91.049999237060561 13.500000000000002 61.500000000000007 139.25000000000003
decision_type=2 2 10 2 2 2 2 2 10 2 10 2 10 2 2 2 2 10 2 2 2 2 2 2 2 8 8 2 2 10
left_child=28 2 3 4 18 11 7 8 9 10 -7 12 13 14 15 25 -17 -18 21 -8 -10 -2 -23 24 -16 -6 -27 -28 29 -1
right_child=1 -3 -4 -5 5 6 19 -9 20 -11 -12 -13 -14 -15 23 16 17 -19 -20 -21 -22 22 -24 -25 -26 26 27 -29 -30 -31
leaf_value=-0.0047401689766649342 -0.019364315751842973 -0.045071224798968898 0.078133336390113814 0.077317272693484346 -0.0052818587349753171 0.010941189058033178 0.024944099396608823 0.096519117287557965 0.025576999877897029 0.13056095506474935 0.082346747505698564 -0.016900429323773829 0.076951803462971327 0.064010961344937903 -0.0091453419697817735 0.00067854763226900022 0.15250032774086097 0.039255616740273482 -0.070883832772884209 -0.056869834408692657 -0.051423620938351372 -0.012627864408243285 0.061960712826149331 0.03346124202375525 -0.064535632985161018 0.094802863491443692 -0.0074352298664080892 0.049094503960728522 0.039847245877912413 -0.022869800448226976
leaf_weight=7310 1507 383 241 173 1780 765 199 214 192 176 228 1342 170 219 1711 309 164 220 193 202 262 602 317 269 249 212 664 216 224 2066
leaf_count=7310 1507 383 241 173 1780 765 199 214 192 176 228 1342 170 219 1711 309 164 220 193 202 262 602 317 269 249 212 664 216 224 2066
internal_value=-4.80858e-05 0.00545223 0.0069663 0.00559834 0.00459439 0.00898882 0.0249166 0.0339071 0.0256369 0.0429178 0.0273601 0.00424861 0.00884275 0.00691325 0.00475102 0.0141001 0.0489221 0.0876818 -0.011778 -0.0162102 -0.0188076 -0.00706614 0.0130751 -0.0101911 -0.0161942 0.00568955 0.0235949 0.0064135 -0.00760144 -0.00873754
internal_weight=22779 13179 12796 12555 12382 9763 2238 1837 1623 1169 993 7525 6183 6013 5794 3565 693 384 2619 401 454 2426 919 2229 1960 2872 1092 880 9600 9376
internal_count=22779 13179 12796 12555 12382 9763 2238 1837 1623 1169 993 7525 6183 6013 5794 3565 693 384 2619 401 454 2426 919 2229 1960 2872 1092 880 9600 9376
is_linear=0
shrinkage=0.0161


Tree=198
num_leaves=31
num_cat=0
split_feature=400 480 562 111 38 505 104 570 183 530 84 109 460 1 301 394 384 178 350 565 297 579 523 496 473 383 424 564 257 104
split_gain=4195.27 4900.92 3640.69 3374.82 3308.81 3779.14 6780.01 3838.38 2974.92 4034.54 2883.85 2708.49 3108.97 2934.26 4352.72 2801.4 2573.56 2645.12 2768.19 3532.24 2509.19 2433.52 2286.21 3493.11 2275.11 2249.68 3761.66 2199.17 2165.74 2045.94
threshold=10.500000000000002 293.50000000000006 251.25000000000003 73.500000000000014 20.000000000000004 142.50000000000003 6.5000000000000009 188.65000152587893 6.5000000000000009 96.500000000000014 24.500000000000004 16.500000000000004 8.0000000000000018 20.000000000000004 20.000000000000004 20.000000000000004 8.0000000000000018 35.500000000000007 5.5000000000000009 220.15000152587893 52.000000000000007 97.549999237060561 226.50000000000003 259.50000000000006 8.0000000000000018 16.500000000000004 5.5000000000000009 113.64999771118165 43.500000000000007 5.5000000000000009
decision_type=2 2 10 2 2 2 2 10 2 2 2 2 2 2 2 2 2 2 2 8 2 10 2 2 2 2 2 10 2 2
left_child=11 2 3 4 10 8 -7 -8 9 -6 16 20 13 14 15 24 21 18 -18 -20 22 29 23 28 -13 26 -26 -10 -1 -2
right_child=1 -3 -4 -5 5 6 7 -9 27 -11 -12 12 -14 -15 -16 -17 17 -19 19 -21 -22 -23 -24 -25 25 -27 -28 -29 -30 -31
leaf_value=-0.011852314558275059 -0.015893631753600774 0.077805713684667197 -0.066293014565648151 0.07870140519527094 0.012098781555562401 0.14075100063081886 0.063677966835952199 -0.033856691708297054 0.0047442247299413183 0.10457633181632081 -0.025804092938510208 -0.014071787432854047 -0.018238415941749922 -0.019008480619568134 0.088440502077959907 0.060298153670934884 -0.014177483077810247 0.081061401325514024 0.012500197131233806 0.076206280754150882 0.038543877339409865 -0.021367274774267503 -0.040970260591988363 0.064639369774510735 0.10575622598638337 -0.014566456894163703 0.01114905297205329 -0.05605391664424611 0.031785388611699023 0.021898854757729513
leaf_weight=9470 579 255 176 170 502 179 249 180 571 162 938 704 939 488 246 303 637 162 1010 291 270 1288 627 163 177 225 285 211 304 1033
leaf_count=9470 579 255 176 170 502 179 249 180 571 162 938 704 939 488 246 303 637 162 1010 291 270 1288 627 163 177 225 285 211 304 1033
internal_value=-0.0006074 0.00827083 0.00614143 0.00770624 0.00619314 0.023807 0.0574935 0.0226995 0.0096266 0.0346965 9.63954e-05 -0.00598126 0.00662712 0.0162533 0.0251354 0.0159284 0.00496003 0.018536 0.0132973 0.0267677 -0.00990187 -0.00486274 -0.0111423 -0.00925786 0.00624644 0.0271017 0.0474456 -0.0116303 -0.0104926 0.00830991
internal_weight=22794 8593 8338 8162 7992 2054 608 429 1446 664 5938 14201 3367 2428 1940 1694 5000 2100 1938 1301 10834 2900 10564 9937 1391 687 462 782 9774 1612
internal_count=22794 8593 8338 8162 7992 2054 608 429 1446 664 5938 14201 3367 2428 1940 1694 5000 2100 1938 1301 10834 2900 10564 9937 1391 687 462 782 9774 1612
is_linear=0
shrinkage=0.0161


Tree=199
num_leaves=31
num_cat=0
split_feature=435 263 271 21 259 277 418 571 571 200 363 59 240 578 50 19 325 565 592 411 41 466 527 524 431 182 223 227 241 3
split_gain=4059.82 3263.81 2448.98 2660.32 2926.01 5767.32 5643.86 2714.67 3525.29 4983.35 3268.64 3045.95 3956.45 3627.87 3596.98 2682.39 2758.97 2502.37 2507.73 2500.8 2568.45 3351.06 2147.16 5060.54 4357.31 4118.29 2098.95 3170.55 2639.4 2154.17
threshold=5.5000000000000009 2.5000000000000004 2.5000000000000004 61.500000000000007 43.500000000000007 6.5000000000000009 8.0000000000000018 195.05000305175784 179.15000152587893 8.0000000000000018 24.500000000000004 16.500000000000004 29.500000000000004 134.44999694824222 2.5000000000000004 6.5000000000000009 16.500000000000004 130.34999847412112 94.750000000000014 20.000000000000004 8.0000000000000018 13.500000000000002 226.50000000000003 172.50000000000003 5.5000000000000009 8.0000000000000018 10.500000000000002 29.500000000000004 24.500000000000004 29.500000000000004
decision_type=2 2 2 2 2 2 2 10 10 2 2 2 2 10 2 2 2 10 10 2 2 2 2 2 2 2 2 2 2 2
left_child=22 -2 -3 4 7 -6 -7 8 11 -10 15 26 13 14 -13 -9 -17 18 19 20 -16 -22 23 -1 -25 -26 -4 28 29 -28
right_child=1 2 3 -5 5 6 -8 10 9 -11 -12 12 -14 -15 17 16 -18 -19 -20 -21 21 -23 -24 24 25 -27 27 -29 -30 -31
leaf_value=-0.012415704341484854 -0.020655499664966381 -0.016959406726674904 -0.0042350744045977721 -0.031563830943787091 -0.0239846530100352 0.013726810636063139 0.14089140468754369 -0.062482595466460941 0.10164615975200619 0.0041492698951235245 0.033700857933986507 0.098591681369965684 0.077681613231007279 -0.021011455077308672 -0.016399064453191423 -0.030026486362524876 0.037317189461349633 0.075270342131909682 -0.024186824789819698 0.074007490525662148 0.0058798189188879902 0.092644614546947932 -0.041974490158451186 -0.024370712994263008 0.014706348989291677 0.11473257137469431 0.0099003050144109758 0.072441660772369132 -0.036851704672696717 0.067786117475112678
leaf_weight=6793 1300 1100 4281 423 201 166 200 358 259 287 299 164 303 535 421 496 231 186 363 214 317 182 527 214 215 213 1791 222 288 184
leaf_count=6793 1300 1100 4281 423 201 166 200 358 259 287 299 164 303 535 421 496 231 186 363 214 317 182 527 214 215 213 1791 222 288 184
internal_value=-0.00129175 0.00370232 0.00605468 0.00810295 0.00950925 0.0452134 0.08328 0.00772841 0.0106554 0.0504409 -0.0133971 0.00835444 0.0228647 0.0158819 0.0265812 -0.0263978 -0.00859605 0.0195501 0.0126112 0.0244112 0.0128491 0.0375727 -0.0105596 -0.00832976 0.0348669 0.0645407 0.00259274 0.0143647 0.008657 0.0153051
internal_weight=22733 14771 13471 12371 11948 567 366 11381 9997 546 1384 9451 2685 2382 1847 1085 727 1683 1497 1134 920 499 7962 7435 642 428 6766 2485 2263 1975
internal_count=22733 14771 13471 12371 11948 567 366 11381 9997 546 1384 9451 2685 2382 1847 1085 727 1683 1497 1134 920 499 7962 7435 642 428 6766 2485 2263 1975
is_linear=0
shrinkage=0.0161


Tree=200
num_leaves=31
num_cat=0
split_feature=198 247 403 531 484 556 480 553 402 372 158 343 599 572 339 215 421 327 223 167 164 487 550 551 217 187 487 572 348 131
split_gain=3544.04 3398.4 3874.58 4353.81 5987.93 4954.32 8274.54 6449.46 4007.14 4421.96 4018.65 3003.99 2995.12 4935.85 2785.86 2962.08 3801.62 2663.83 4088.31 2448.6 2200.97 2249.35 3110.94 2622.5 2143.01 2437.11 2260.66 3664.02 2279.42 2132.79
threshold=2.5000000000000004 2.5000000000000004 6.5000000000000009 283.50000000000006 299.50000000000006 228.75000000000003 191.50000000000003 169.15000152587893 35.500000000000007 6.5000000000000009 5.5000000000000009 24.500000000000004 218.75000000000003 213.05000305175784 5.5000000000000009 16.500000000000004 8.0000000000000018 16.500000000000004 13.500000000000002 52.000000000000007 35.500000000000007 120.50000000000001 134.44999694824222 133.65000152587893 35.500000000000007 24.500000000000004 70.500000000000014 82.250000000000014 8.0000000000000018 6.5000000000000009
decision_type=2 2 2 2 2 10 2 10 2 2 2 2 10 8 2 2 2 2 2 2 2 2 10 10 2 2 2 10 2 2
left_child=-1 -2 12 4 5 7 -7 8 14 29 -11 -12 19 -14 15 -4 -17 -9 -19 -3 21 22 24 -23 25 26 -16 -28 -29 -10
right_child=1 2 3 -5 -6 6 -8 17 9 10 11 -13 13 -15 20 16 -18 18 -20 -21 -22 23 -24 -25 -26 -27 27 28 -30 -31
leaf_value=-0.01859662791968035 -0.018336302372994343 -0.008477747796036288 0.014238817584608203 -0.042088413042557768 0.092960712775897916 0.14224409971934732 1.2329719794392587e-05 -0.040399485805400079 -0.031935980928052735 0.1382901446314416 0 0.086555336657287762 0.10079007869041763 -0.014664159886108004 0.00029273202042158128 0.10522019962511484 0.01460039369134776 -0.041680556620951381 0.062824808517549832 0.04315690398111402 -0.033400247283026256 -0.04802152699016226 0.077592652894477462 0.0058244582895864852 0.055288639789854835 -0.037472781969311655 0.10125787743205068 0.049193719974330523 -0.026419190792017207 0.043404330852826883
leaf_weight=2469 1957 7263 2239 394 234 193 236 906 215 169 200 217 180 205 1721 232 250 196 192 246 427 398 176 569 227 326 165 207 206 178
leaf_count=2469 1957 7263 2239 394 234 193 236 906 215 169 200 217 180 205 1721 232 250 196 192 246 427 398 176 569 227 326 165 207 206 178
internal_value=-0.000381225 0.00183046 0.00398051 0.0104011 0.0124554 0.0105395 0.0640549 0.00809878 0.0134192 0.043972 0.0719946 0.0450702 -0.0045348 0.0392533 0.0092284 0.0220467 0.0582671 -0.0252774 0.00997278 -0.00678303 0.00133559 0.00505417 0.0118857 -0.0163133 0.00782259 0.00370894 0.00955878 0.0371078 0.0114218 0.00212773
internal_weight=22793 20324 18367 10473 10079 9845 429 9416 8122 979 586 417 7894 385 7143 2721 482 1294 388 7509 4422 3995 3028 967 2852 2625 2299 578 413 393
internal_count=22793 20324 18367 10473 10079 9845 429 9416 8122 979 586 417 7894 385 7143 2721 482 1294 388 7509 4422 3995 3028 967 2852 2625 2299 578 413 393
is_linear=0
shrinkage=0.0161


Tree=201
num_leaves=31
num_cat=0
split_feature=287 515 43 495 483 495 518 136 495 463 165 283 503 492 371 581 286 574 450 95 570 489 143 401 149 173 19 104 85 129
split_gain=4142.54 4490.05 3874.42 3488.35 5198.39 2965.68 2563.74 2579.08 2498.76 3045.17 5739.46 2994.4 3122.38 4992.64 5484.57 3591.95 3720.64 2888.5 2998.27 2747.55 2746.35 2728.55 2484.74 3711.41 2700.04 2361.39 3224.17 3175.62 3292.08 2936.74
threshold=3.5000000000000004 290.50000000000006 4.5000000000000009 313.50000000000006 293.50000000000006 184.50000000000003 202.50000000000003 20.000000000000004 261.50000000000006 43.500000000000007 35.500000000000007 35.500000000000007 191.50000000000003 231.50000000000003 20.000000000000004 183.15000152587893 10.500000000000002 72.750000000000014 16.500000000000004 10.500000000000002 188.65000152587893 231.50000000000003 13.500000000000002 16.500000000000004 20.000000000000004 3.5000000000000004 20.000000000000004 4.5000000000000009 4.5000000000000009 4.5000000000000009
decision_type=2 2 2 2 2 2 2 2 2 2 2 2 2 2 2 10 2 10 2 2 10 2 2 2 2 2 2 2 2 2
left_child=6 2 22 4 8 -3 7 -1 9 11 17 12 20 14 15 16 -14 -11 19 -19 21 25 -2 24 -24 -4 27 -27 29 -29
right_child=1 5 3 -5 -6 -7 -8 -9 -10 10 -12 -13 13 -15 -16 -17 -18 18 -20 -21 -22 -23 23 -25 -26 26 -28 28 -30 -31
leaf_value=-0.014947250025603334 -0.014544219353227982 0.014663698384769741 -0.011000010817415886 0.079136509925103932 0.078644833695406674 -0.067863338077553584 -0.06079785774826453 0.025163428641274257 -0.034652150114981538 0.071360281050616786 0.11643374176322342 -0.026313258512376703 0.010034830700500156 -0.04787701088874715 0.11110143262820539 -0.024001479995993821 0.097814441875557726 -0.019183451280840858 -0.061431849543330669 0.071631452217611136 -0.034601672100332832 0.067510162154877693 -0.011908786171252584 0.084833922728343517 0.057773890137631692 -0.0061873051110925073 -0.011216886490430867 0.08613136736297082 0.014135425608263965 0.028079352641765927
leaf_weight=3810 3484 162 1792 183 267 369 281 466 365 178 186 703 279 171 253 260 228 187 161 160 435 188 776 160 177 1356 1510 338 3252 687
leaf_count=3810 3484 162 1792 183 267 369 281 466 365 178 186 703 279 171 253 260 228 187 161 160 435 188 776 160 177 1356 1510 338 3252 687
internal_value=5.88694e-05 0.00348575 0.00486808 0.0093199 0.00833194 -0.0426413 -0.0136728 -0.0105705 0.00685057 0.00808167 0.0370895 0.00587085 0.00797793 0.0325632 0.0460718 0.0245906 0.0495561 0.015542 -0.00397008 0.022623 0.00491195 0.00679861 -0.00785085 0.0130801 0.00100863 0.00551855 0.00966594 0.015268 0.0220758 0.0472453
internal_weight=22824 18267 17736 13139 12956 531 4557 4276 12689 12324 872 11452 10749 1191 1020 767 507 686 508 347 9558 9123 4597 1113 953 8935 7143 5633 4277 1025
internal_count=22824 18267 17736 13139 12956 531 4557 4276 12689 12324 872 11452 10749 1191 1020 767 507 686 508 347 9558 9123 4597 1113 953 8935 7143 5633 4277 1025
is_linear=0
shrinkage=0.0161


Tree=202
num_leaves=31
num_cat=0
split_feature=481 198 515 552 582 486 564 496 554 102 525 491 157 183 569 86 216 486 119 386 54 137 593 520 101 11 313 137 318 102
split_gain=6587.16 3588.24 3340.82 5167.71 3703.89 3794.75 3130.83 6208.37 4490.74 5669.01 3517.21 15162.4 3402.72 3381.14 3379.9 2732.31 3678.78 2633.7 2484.2 2491.58 3703.22 5931.57 2724.51 3685.04 2174.44 3089.45 2447.94 2383.38 2173.6 2153.38
threshold=344.50000000000006 2.5000000000000004 296.50000000000006 271.25000000000006 235.84999847412112 310.50000000000006 215.15000152587893 288.50000000000006 165.25000000000003 16.500000000000004 132.50000000000003 99.500000000000014 16.500000000000004 16.500000000000004 192.55000305175784 10.500000000000002 6.5000000000000009 94.500000000000014 87.000000000000014 24.500000000000004 10.500000000000002 4.5000000000000009 203.05000305175784 118.50000000000001 43.500000000000007 5.5000000000000009 24.500000000000004 6.5000000000000009 8.0000000000000018 24.500000000000004
decision_type=2 2 2 10 10 2 8 2 8 2 2 2 2 2 10 2 2 2 2 2 2 2 8 2 2 2 2 2 2 2
left_child=1 -1 3 4 5 6 7 14 9 -8 17 -12 13 15 18 16 -13 -10 19 22 -21 -22 24 -24 26 -26 27 -3 -16 -23
right_child=-2 2 -4 -5 -6 -7 8 -9 10 -11 11 12 -14 -15 28 -17 -18 -19 -20 20 21 29 23 -25 25 -27 -28 -29 -30 -31
leaf_value=-0.01787524423049985 0.10205822299656615 -0.010025470322021493 -0.039849296583677113 0.094097573793034781 -0.040782218426838254 0.076878703089560491 0.022305795255572858 0.098976499464688297 0.008101249560614655 0.13936718339878082 0.15787162574481425 -0.015604240015264788 -0.036094727188864702 0.081661953190870815 -0.0036077107894004227 -0.029631946332801844 0.087677156121886091 -0.028480515152554627 -0.061907029373394373 -0.010549578242750296 0.11164952385661192 0.0055332699056111039 0.086409141137526596 -0.0041873064408560921 0.084046447721355499 0.0015742228074891419 -0.026717536560211318 0.0061083867932037175 -0.061954993018722392 0.070701708019206333
leaf_weight=2513 166 4888 471 162 493 183 323 161 1902 161 205 176 329 206 293 293 181 697 165 677 222 684 210 260 174 366 1187 4612 383 163
leaf_count=2513 166 4888 471 162 493 183 323 161 1902 161 205 176 329 206 293 293 181 697 165 677 222 684 210 260 174 366 1187 4612 383 163
internal_value=0.00100663 0.000267925 0.00252319 0.00353458 0.00278462 0.00391032 0.00320323 -0.000439861 0.0149734 0.0612943 0.00934722 0.0300204 0.00788285 0.0248129 -0.00156207 0.00675998 0.0366938 -0.00170019 0.000181751 0.000945583 0.0188871 0.0375514 -0.00173051 0.0362419 -0.00332226 0.0281922 -0.00491685 -0.00219043 -0.0367002 0.0181023
internal_weight=22906 22740 20227 19756 19594 19101 18918 14445 4473 484 3989 1390 1185 856 14284 650 357 2599 13608 13443 1746 1069 11697 470 11227 540 10687 9500 676 847
internal_count=22906 22740 20227 19756 19594 19101 18918 14445 4473 484 3989 1390 1185 856 14284 650 357 2599 13608 13443 1746 1069 11697 470 11227 540 10687 9500 676 847
is_linear=0
shrinkage=0.0161


Tree=203
num_leaves=31
num_cat=0
split_feature=282 285 538 263 495 495 480 330 207 213 294 102 561 482 503 550 259 26 261 83 161 121 446 314 13 224 142 548 274 480
split_gain=3529.29 4157.98 3894.52 3498.56 3366.23 3554.2 7846.93 3779.27 3967.9 6155.31 5020.3 4137.86 4221.66 3308.84 3216.37 2758.36 2749.3 2501.21 2465.71 3239.32 4364.4 6617.96 2386.92 2129.14 4380.35 1974.62 2572.72 1951.1 1938.87 1786.33
threshold=5.5000000000000009 61.500000000000007 317.50000000000006 52.000000000000007 313.50000000000006 191.50000000000003 280.50000000000006 24.500000000000004 13.500000000000002 20.000000000000004 10.500000000000002 10.500000000000002 209.25000000000003 280.50000000000006 176.50000000000003 240.75000000000003 52.000000000000007 24.500000000000004 13.500000000000002 10.500000000000002 8.0000000000000018 6.5000000000000009 16.500000000000004 29.500000000000004 8.0000000000000018 10.500000000000002 16.500000000000004 176.25000000000003 8.0000000000000018 202.50000000000003
decision_type=2 2 2 2 2 2 2 2 2 2 2 2 8 2 2 10 2 2 2 2 2 2 2 2 2 2 2 8 2 2
left_child=23 2 3 4 5 6 7 8 16 11 -11 27 17 15 -9 25 18 -13 29 20 28 -22 -21 -1 -25 26 -7 -10 -20 -2
right_child=1 -3 -4 -5 -6 13 -8 14 9 10 -12 12 -14 -15 -16 -17 -18 -19 19 22 21 -23 -24 24 -26 -27 -28 -29 -30 -31
leaf_value=-0.010239224575509286 -0.00039224802333938613 -0.050726344087842261 0.067267362943018827 -0.038613432906827297 0.07312276822934391 -0.016083438770395239 0.11246099615359549 -0.026691679415236983 0.0047403627839630426 0.020971302150896588 0.13184143188389605 0.0041842478684757309 0.10007429886991775 -0.081974120782479162 0.044210085396871691 0.054153810008941275 0.070509153098868307 0.063982466389734052 -0.025903345354553142 -0.013991758897200831 0.014751953536326501 0.14654017480309428 0.054286218366043935 0.081690367473182535 -0.020765988216860098 -0.036099076860468517 0.051213006385660828 -0.049917675220101321 0.046399549512881014 -0.043963045388324115
leaf_weight=8318 4812 343 264 464 193 543 186 1250 610 188 244 637 220 177 191 163 160 254 221 714 196 200 163 200 235 659 202 234 170 257
leaf_count=8318 4812 343 264 464 193 543 186 1250 610 188 244 637 220 177 191 163 160 254 221 714 196 200 163 200 235 659 202 234 170 257
internal_value=-0.000410489 0.0046269 0.00602756 0.00481093 0.0063815 0.00536146 0.00877521 0.00697416 0.0107425 0.0286344 0.0836469 0.0164661 0.036886 -0.0159747 -0.0172775 -0.00850476 0.00454326 0.0212575 0.00297218 0.0199788 0.0436928 0.0813711 -0.00127472 -0.00842132 0.0262863 -0.015796 0.00213179 -0.0103858 0.0054725 -0.00260595
internal_weight=22668 13915 13572 13308 12844 12651 10907 10721 9280 2387 432 1955 1111 1744 1441 1567 6893 891 6733 1664 787 396 877 8753 435 1404 745 844 391 5069
internal_count=22668 13915 13572 13308 12844 12651 10907 10721 9280 2387 432 1955 1111 1744 1441 1567 6893 891 6733 1664 787 396 877 8753 435 1404 745 844 391 5069
is_linear=0
shrinkage=0.0161


Tree=204
num_leaves=31
num_cat=0
split_feature=599 570 516 504 39 527 530 101 282 50 18 91 172 20 555 488 540 527 537 560 267 164 77 81 543 575 523 160 543 198
split_gain=4455.53 11120.1 3388.05 5019.29 3724.02 4897.4 11138.2 3135.63 3133.9 3127.68 3096.22 3549.84 3828.07 3459.34 4281.41 3241.95 3534.23 3053.03 2966.19 2878.6 2632.99 1948.32 1901.25 2377.45 3803.46 2659.35 4525 4680.41 2309.68 4021.73
threshold=240.75000000000003 216.75000000000003 268.50000000000006 244.50000000000003 29.500000000000004 144.50000000000003 176.50000000000003 16.500000000000004 52.000000000000007 29.500000000000004 10.500000000000002 35.500000000000007 35.500000000000007 3.5000000000000004 159.44999694824222 38.500000000000007 109.54999923706056 185.50000000000003 173.50000000000003 209.25000000000003 73.500000000000014 73.500000000000014 3.5000000000000004 20.000000000000004 233.25000000000003 144.84999847412112 171.50000000000003 8.0000000000000018 138.55000305175784 5.5000000000000009
decision_type=10 8 2 2 2 2 2 2 2 2 2 2 2 2 8 2 10 2 2 10 2 2 2 2 10 10 2 2 10 2
left_child=2 -2 4 -4 7 9 -7 20 10 -6 17 12 13 -12 15 -15 -17 18 -9 -3 21 22 -1 24 25 26 28 -28 -24 -30
right_child=1 19 3 -5 5 6 -8 8 -10 -11 11 -13 -14 14 -16 16 -18 -19 -20 -21 -22 -23 23 -25 -26 -27 27 -29 29 -31
leaf_value=-0.015202091990473673 0.11422763923572359 0.029811027175223395 -0.058807980477286997 0.042096855095247625 -0.00040293417747851466 0.14560866193275956 -0.00037719404051002689 0.00015203512331076467 -0.051335291014609194 0.070005676763184144 0.078498638077803398 0.097516947182114386 0.096918299944279182 -0.01280280582331883 -0.030155527781948816 0.09546991194301567 0.014059167133001945 0.049166096071310623 -0.069954361098531231 -0.062747886862238644 0.057748274267168234 -0.053760713657027018 -0.00092557676797845384 -0.01702706153997283 0.074928396905654615 -0.018394721620310139 0.096767354534297634 -0.012942963122156858 -0.025447833284600783 0.067992385508937103
leaf_weight=3248 304 165 531 168 1465 239 312 1829 199 184 193 178 161 325 534 254 305 301 171 184 175 210 6512 2020 183 1551 268 161 186 332
leaf_count=3248 304 165 531 168 1465 239 312 1829 199 184 193 178 161 325 534 254 305 301 171 184 175 210 6512 2020 183 1551 268 161 186 332
internal_value=0.00157963 0.0430297 0.000359063 -0.0345225 0.00149442 0.0213409 0.0629024 -0.000767118 0.0110858 0.00743918 0.0140134 0.0289398 0.0220378 0.0145398 0.00581799 0.0275752 0.0510929 0.0013537 -0.00583029 -0.0189205 -0.00432154 -0.00506353 -0.00435473 -0.00121055 0.00226229 0.000783777 0.00477485 0.0555392 0.00167365 0.0343951
internal_weight=22848 653 22195 699 21496 2200 551 19296 4450 1649 4251 1950 1772 1611 1418 884 559 2301 2000 349 14846 14671 14461 11213 9193 9010 7459 429 7030 518
internal_count=22848 653 22195 699 21496 2200 551 19296 4450 1649 4251 1950 1772 1611 1418 884 559 2301 2000 349 14846 14671 14461 11213 9193 9010 7459 429 7030 518
is_linear=0
shrinkage=0.0161


Tree=205
num_leaves=31
num_cat=0
split_feature=481 161 164 263 216 577 43 142 501 108 396 509 372 133 145 296 226 362 481 502 47 551 50 553 553 159 570 481 206 574
split_gain=4335.82 3759.73 3692.05 3309.86 3234.85 5125.67 4507.5 6032.34 5244.91 7197.26 4827.12 3288.36 2914.67 4241.82 2370.58 2452.57 3970.39 3700.33 5140.12 3309.66 3264.96 4975.07 2822.21 2562.51 3132.86 2204.27 2310.56 2076.49 1979.94 1970.28
threshold=341.50000000000006 3.5000000000000004 102.50000000000001 52.000000000000007 13.500000000000002 247.34999847412112 29.500000000000004 16.500000000000004 211.50000000000003 10.500000000000002 24.500000000000004 178.50000000000003 3.5000000000000004 4.5000000000000009 52.000000000000007 16.500000000000004 13.500000000000002 10.500000000000002 87.500000000000014 96.500000000000014 52.000000000000007 146.25000000000003 20.000000000000004 238.25000000000003 167.05000305175784 35.500000000000007 156.05000305175784 159.50000000000003 8.0000000000000018 197.65000152587893
decision_type=2 2 2 2 2 10 2 2 2 2 2 2 2 2 2 2 2 2 2 2 2 8 2 10 10 2 10 2 2 10
left_child=1 -1 3 4 14 6 8 10 11 -10 -8 12 13 -6 15 20 19 -18 -19 22 23 -22 -17 24 -3 26 27 -14 -26 -30
right_child=-2 2 -4 -5 5 -7 7 -9 9 -11 -12 -13 25 -15 -16 16 17 18 -20 -21 21 -23 -24 -25 28 -27 -28 -29 29 -31
leaf_value=-0.013653200921287094 0.079956187344688401 -0.0020770400091828282 -0.071133251561076832 -0.034110452125225024 0.10046109553208506 -0.066999471729349669 0.067456618910457594 0.13035741866031916 0.11748616968697234 -0.0061642536490780567 -0.03832483616003847 -0.034168098013072939 0.00054341307384102896 -0.0023441807402113453 -0.039625425048235206 0.0080117225471465787 0.009543989923907625 0.010437247139471072 0.12794751743716684 -0.022671831661795094 -0.015775069778738021 0.11010405676246401 0.077497353871127009 0.051438934642272824 -0.052943173064671938 0.051179231231993028 -0.052694099653386749 0.057665413944171531 -0.03498904295721994 0.030821942128393624
leaf_weight=4766 173 7754 175 596 217 187 282 205 270 222 185 469 1985 199 378 738 379 164 236 779 161 164 191 209 547 246 194 180 291 198
leaf_count=4766 173 7754 175 596 217 187 282 205 270 222 185 469 1985 199 378 738 379 164 236 779 161 164 191 209 547 246 194 180 291 198
internal_value=-0.000335634 -0.000952199 0.00244702 0.00317889 0.00448529 0.0156196 0.0189443 0.0575237 0.0124278 0.0616448 0.0255014 0.0054827 0.0116461 0.051226 6.12499e-05 0.00133338 0.0155402 0.0456631 0.0798271 0.00178764 -0.00245349 0.0476731 0.0223231 -0.00426643 -0.00559362 0.00531648 0.000523864 0.00530346 -0.0318909 -0.00829352
internal_weight=22740 22567 17801 17626 17030 4841 4654 672 3982 492 467 3490 3021 416 12189 11811 2487 779 400 1708 9324 325 929 8999 8790 2605 2359 2165 1036 489
internal_count=22740 22567 17801 17626 17030 4841 4654 672 3982 492 467 3490 3021 416 12189 11811 2487 779 400 1708 9324 325 929 8999 8790 2605 2359 2165 1036 489
is_linear=0
shrinkage=0.0161


Tree=206
num_leaves=31
num_cat=0
split_feature=486 464 221 51 104 242 498 514 82 227 402 568 486 343 138 552 540 549 565 555 115 328 541 370 595 343 498 459 376 527
split_gain=3160.09 2779.51 2851.71 2845.06 4296.4 4754.04 3236.19 3231.6 2982.17 3389.14 2926.57 5864.35 4770.88 3652.43 3499.12 3458.09 3871.17 2960.95 2545.66 2510.76 2284.92 2212 2176.92 2149.54 2111.17 3471.69 1880.38 2265.47 1716.16 1622.06
threshold=341.50000000000006 87.000000000000014 3.5000000000000004 52.000000000000007 20.000000000000004 10.500000000000002 334.50000000000006 296.50000000000006 35.500000000000007 61.500000000000007 29.500000000000004 133.65000152587893 68.500000000000014 16.500000000000004 13.500000000000002 240.75000000000003 247.34999847412112 192.55000305175784 133.65000152587893 207.44999694824222 16.500000000000004 61.500000000000007 113.64999771118165 13.500000000000002 81.750000000000014 5.5000000000000009 190.50000000000003 10.500000000000002 16.500000000000004 10.500000000000002
decision_type=2 2 2 2 2 2 2 2 2 2 2 10 2 2 2 10 10 10 8 8 2 2 8 2 10 2 2 2 2 2
left_child=1 2 20 6 5 -5 7 8 9 10 15 12 13 -12 -14 16 17 21 22 -9 -1 29 -10 -13 -22 -26 -19 -28 -15 -4
right_child=-2 -3 3 4 -6 -7 -8 19 18 -11 11 23 14 28 -16 -17 -18 26 -20 -21 24 -23 -24 -25 25 -27 27 -29 -30 -31
leaf_value=-0.017122788862425884 0.0687737643159268 -0.049621194370400148 -0.013715686349365663 0.051938581867568827 0.099843835352224505 -0.046250571864666579 0.070662844473978303 -0.0046484197365591071 -0.01721781831006328 0.061994579993734145 -0.027932185745514662 0.0051993231445655189 0.049474808962875448 0.013466636663800874 0.14537062519968152 0.059296535216426867 0.067523417939296532 -0.055784821143380632 -0.04326673485256799 -0.087555665129727955 -0.016204134251775134 -0.04657964484136675 0.050340525920171547 -0.062482275941704676 0.084304342026528672 -0.0026945597123002427 -0.048094115584984443 0.035439651964099594 0.083290763176569874 0.0032702429034791392
leaf_weight=3765 169 302 1704 301 189 222 172 191 433 253 266 309 248 174 165 251 210 420 683 189 388 261 173 200 206 280 162 175 194 10058
leaf_count=3765 169 302 1704 301 189 222 172 191 433 253 266 309 248 174 165 251 210 420 683 189 388 261 173 200 206 280 162 175 194 10058
internal_value=-0.000584296 -0.00110528 -0.000445476 0.00251287 0.0340398 0.0102148 0.00118253 0.000466329 0.00154719 0.0035615 0.00256082 0.0234478 0.045248 0.0174632 0.0878437 0.000104536 -0.00103739 -0.00216582 -0.0219531 -0.0459458 -0.0116762 -0.000219306 0.0020298 -0.0213484 0.0117597 0.0341331 -0.0330501 -0.0046462 0.0503401 0.000807434
internal_weight=22713 22544 22242 17603 712 523 16891 16719 16339 15050 14797 1556 1047 634 413 13241 12990 12780 1289 380 4639 12023 606 509 874 486 757 337 368 11762
internal_count=22713 22544 22242 17603 712 523 16891 16719 16339 15050 14797 1556 1047 634 413 13241 12990 12780 1289 380 4639 12023 606 509 874 486 757 337 368 11762
is_linear=0
shrinkage=0.0161


Tree=207
num_leaves=31
num_cat=0
split_feature=275 446 491 552 39 19 163 297 488 538 491 181 402 495 254 554 53 102 63 395 412 39 587 593 306 527 585 523 510 536
split_gain=3114.75 3951.55 3367.83 7237.57 3233.46 4806.37 3071.5 2774.93 4159.02 3473 3212.11 3197.23 3036.37 4357.89 4351.2 4572.13 2799.12 3620.73 3675.3 3954.16 4324.9 2621.18 2533.29 2486.95 2369.25 2213.61 2219.56 3600.15 2550.55 2229.28
threshold=3.5000000000000004 43.500000000000007 290.50000000000006 251.25000000000003 52.000000000000007 20.000000000000004 87.000000000000014 16.500000000000004 286.50000000000006 262.50000000000006 140.50000000000003 43.500000000000007 24.500000000000004 125.50000000000001 8.0000000000000018 93.149997711181655 10.500000000000002 29.500000000000004 29.500000000000004 4.5000000000000009 10.500000000000002 29.500000000000004 76.649997711181655 84.750000000000014 29.500000000000004 13.500000000000002 74.350002288818374 118.50000000000001 69.500000000000014 46.500000000000007
decision_type=2 2 2 10 2 2 2 2 2 2 2 2 2 2 2 10 2 2 2 2 2 2 10 8 2 2 10 2 2 2
left_child=1 -1 3 4 6 -6 7 8 10 11 12 16 25 14 22 23 24 18 19 -18 -21 -12 -14 -16 -9 -2 27 28 29 -27
right_child=2 -3 -4 -5 5 -7 -8 9 -10 -11 21 -13 13 -15 15 -17 17 -19 -20 20 -22 -23 -24 -25 -26 26 -28 -29 -30 -31
leaf_value=-0.014952151818816041 -0.014965868147589399 0.066010826853157165 -0.037873054759052928 0.10771755328864602 0.011342571299765698 0.10690641328992979 -0.062698581961120131 -0.0061276082203091655 0.079164571482436774 0.079343382232945708 -0.021807038925134557 -0.050847133096787983 0.023788140569440789 0.10315611830603591 0.053446797590427871 0.10308797862416402 0.10275632179552742 0.095185269032821151 -0.039441547493158015 0.074495432485602725 -0.00070043862455285849 0.034391235041356695 -0.057064362093348038 -0.0285060967661846 0.050871656889504208 0.0079501903483953935 -0.0019994234547151928 0.074675921663360317 -0.029831725530383543 0.060436002801604036
leaf_weight=4342 2229 162 510 173 507 187 190 1564 165 203 2629 205 164 165 178 207 176 195 219 273 722 234 258 208 215 842 4779 259 330 280
leaf_count=4342 2229 162 510 173 507 187 190 1564 165 203 2629 205 164 165 178 207 176 195 219 273 722 234 258 208 215 842 4779 259 330 280
internal_value=-4.21844e-05 -0.0120348 0.00291366 0.00408649 0.00306552 0.0371264 0.0016645 0.00239823 -0.00114531 0.0145485 -0.00218548 0.0108565 0.00215628 0.0263953 0.0138937 0.0420295 0.0146236 0.030183 0.0210471 0.0323797 0.0199075 -0.0172056 -0.0255872 0.00922468 0.000747774 -0.00112145 0.00362981 0.0193666 0.00948462 0.0210692
internal_weight=22770 4504 18266 17756 17583 694 16889 16699 12927 3772 12762 3569 9899 1180 1015 593 3364 1585 1390 1171 995 2863 422 386 1779 8719 6490 1711 1452 1122
internal_count=22770 4504 18266 17756 17583 694 16889 16699 12927 3772 12762 3569 9899 1180 1015 593 3364 1585 1390 1171 995 2863 422 386 1779 8719 6490 1711 1452 1122
is_linear=0
shrinkage=0.0161


end of trees

feature_importances:
Column_164=70
Column_163=66
Column_161=55
Column_402=53
Column_283=52
Column_221=50
Column_282=50
Column_463=49
Column_222=46
Column_488=46
Column_103=45
Column_162=45
Column_102=44
Column_223=43
Column_400=43
Column_401=42
Column_539=41
Column_343=39
Column_487=39
Column_461=38
Column_104=35
Column_339=35
Column_599=35
Column_136=34
Column_196=34
Column_101=33
Column_495=32
Column_486=31
Column_342=29
Column_435=29
Column_462=29
Column_527=29
Column_256=28
Column_496=28
Column_281=27
Column_43=26
Column_484=26
Column_544=25
Column_16=23
Column_42=23
Column_50=23
Column_194=23
Column_524=23
Column_224=22
Column_231=22
Column_285=22
Column_411=22
Column_480=22
Column_15=21
Column_76=21
Column_341=21
Column_403=21
Column_541=21
Column_547=21
Column_41=20
Column_198=20
Column_254=20
Column_255=20
Column_291=20
Column_460=20
Column_483=20
Column_489=20
Column_499=20
Column_513=20
Column_515=20
Column_543=20
Column_47=19
Column_175=19
Column_216=19
Column_482=19
Column_485=19
Column_492=19
Column_516=19
Column_519=19
Column_523=19
Column_540=19
Column_17=18
Column_297=18
Column_404=18
Column_481=18
Column_491=18
Column_538=18
Column_554=18
Column_555=18
Column_39=17
Column_195=17
Column_225=17
Column_268=17
Column_398=17
Column_490=17
Column_494=17
Column_525=17
Column_530=17
Column_545=17
Column_551=17
Column_575=17
Column_75=16
Column_174=16
Column_180=16
Column_232=16
Column_237=16
Column_240=16
Column_498=16
Column_550=16
Column_556=16
Column_577=16
Column_586=16
Column_51=15
Column_135=15
Column_176=15
Column_217=15
Column_220=15
Column_226=15
Column_236=15
Column_257=15
Column_259=15
Column_284=15
Column_299=15
Column_350=15
Column_468=15
Column_493=15
Column_501=15
Column_514=15
Column_518=15
Column_520=15
Column_582=15
Column_173=14
Column_208=14
Column_227=14
Column_314=14
Column_585=14
Column_598=14
Column_19=13
Column_40=13
Column_106=13
Column_148=13
Column_152=13
Column_192=13
Column_193=13
Column_207=13
Column_229=13
Column_298=13
Column_340=13
Column_390=13
Column_396=13
Column_503=13
Column_509=13
Column_512=13
Column_521=13
Column_529=13
Column_537=13
Column_558=13
Column_559=13
Column_574=13
Column_579=13
Column_38=12
Column_44=12
Column_48=12
Column_74=12
Column_112=12
Column_137=12
Column_165=12
Column_172=12
Column_206=12
Column_214=12
Column_267=12
Column_280=12
Column_397=12
Column_399=12
Column_433=12
Column_441=12
Column_459=12
Column_478=12
Column_497=12
Column_502=12
Column_563=12
Column_570=12
Column_572=12
Column_580=12
Column_583=12
Column_593=12
Column_12=11
Column_56=11
Column_60=11
Column_61=11
Column_105=11
Column_170=11
Column_250=11
Column_252=11
Column_300=11
Column_344=11
Column_374=11
Column_386=11
Column_410=11
Column_479=11
Column_531=11
Column_532=11
Column_535=11
Column_548=11
Column_557=11
Column_571=11
Column_597=11
Column_35=10
Column_77=10
Column_97=10
Column_108=10
Column_114=10
Column_120=10
Column_121=10
Column_147=10
Column_157=10
Column_188=10
Column_205=10
Column_230=10
Column_238=10
Column_275=10
Column_287=10
Column_318=10
Column_345=10
Column_351=10
Column_358=10
Column_371=10
Column_372=10
Column_373=10
Column_375=10
Column_417=10
Column_434=10
Column_445=10
Column_505=10
Column_522=10
Column_533=10
Column_534=10
Column_536=10
Column_546=10
Column_549=10
Column_553=10
Column_561=10
Column_587=10
Column_591=10
Column_592=10
Column_594=10
Column_26=9
Column_45=9
Column_91=9
Column_113=9
Column_118=9
Column_134=9
Column_141=9
Column_182=9
Column_190=9
Column_215=9
Column_234=9
Column_242=9
Column_274=9
Column_286=9
Column_302=9
Column_316=9
Column_327=9
Column_349=9
Column_377=9
Column_406=9
Column_409=9
Column_423=9
Column_436=9
Column_504=9
Column_510=9
Column_517=9
Column_526=9
Column_569=9
Column_581=9
Column_11=8
Column_13=8
Column_23=8
Column_37=8
Column_46=8
Column_85=8
Column_95=8
Column_116=8
Column_160=8
Column_167=8
Column_177=8
Column_181=8
Column_239=8
Column_307=8
Column_315=8
Column_328=8
Column_329=8
Column_380=8
Column_387=8
Column_415=8
Column_437=8
Column_444=8
Column_464=8
Column_473=8
Column_500=8
Column_511=8
Column_528=8
Column_568=8
Column_590=8
Column_10=7
Column_20=7
Column_31=7
Column_53=7
Column_55=7
Column_58=7
Column_84=7
Column_92=7
Column_96=7
Column_109=7
Column_111=7
Column_115=7
Column_138=7
Column_139=7
Column_143=7
Column_146=7
Column_158=7
Column_197=7
Column_199=7
Column_235=7
Column_243=7
Column_246=7
Column_251=7
Column_258=7
Column_263=7
Column_270=7
Column_273=7
Column_294=7
Column_303=7
Column_333=7
Column_338=7
Column_385=7
Column_443=7
Column_450=7
Column_453=7
Column_465=7
Column_466=7
Column_475=7
Column_476=7
Column_542=7
Column_565=7
Column_573=7
Column_576=7
Column_589=7
Column_1=6
Column_4=6
Column_18=6
Column_52=6
Column_79=6
Column_82=6
Column_86=6
Column_93=6
Column_98=6
Column_110=6
Column_133=6
Column_145=6
Column_149=6
Column_187=6
Column_189=6
Column_200=6
Column_209=6
Column_219=6
Column_253=6
Column_269=6
Column_278=6
Column_279=6
Column_296=6
Column_305=6
Column_319=6
Column_325=6
Column_334=6
Column_362=6
Column_366=6
Column_370=6
Column_376=6
Column_382=6
Column_384=6
Column_389=6
Column_393=6
Column_407=6
Column_418=6
Column_420=6
Column_430=6
Column_431=6
Column_432=6
Column_442=6
Column_455=6
Column_470=6
Column_474=6
Column_477=6
Column_506=6
Column_507=6
Column_508=6
Column_560=6
Column_578=6
Column_588=6
Column_596=6
Column_0=5
Column_3=5
Column_9=5
Column_32=5
Column_36=5
Column_49=5
Column_57=5
Column_59=5
Column_62=5
Column_64=5
Column_70=5
Column_72=5
Column_81=5
Column_83=5
Column_90=5
Column_94=5
Column_100=5
Column_117=5
Column_119=5
Column_126=5
Column_132=5
Column_142=5
Column_153=5
Column_154=5
Column_155=5
Column_159=5
Column_166=5
Column_171=5
Column_179=5
Column_210=5
Column_211=5
Column_212=5
Column_228=5
Column_233=5
Column_266=5
Column_271=5
Column_290=5
Column_295=5
Column_311=5
Column_312=5
Column_326=5
Column_330=5
Column_332=5
Column_337=5
Column_363=5
Column_395=5
Column_408=5
Column_412=5
Column_414=5
Column_421=5
Column_422=5
Column_428=5
Column_438=5
Column_446=5
Column_447=5
Column_452=5
Column_457=5
Column_458=5
Column_471=5
Column_472=5
Column_552=5
Column_564=5
Column_566=5
Column_584=5
Column_5=4
Column_27=4
Column_28=4
Column_34=4
Column_54=4
Column_66=4
Column_68=4
Column_78=4
Column_107=4
Column_123=4
Column_124=4
Column_128=4
Column_131=4
Column_140=4
Column_144=4
Column_156=4
Column_168=4
Column_178=4
Column_186=4
Column_201=4
Column_204=4
Column_213=4
Column_248=4
Column_261=4
Column_262=4
Column_289=4
Column_292=4
Column_306=4
Column_309=4
Column_310=4
Column_317=4
Column_321=4
Column_322=4
Column_331=4
Column_347=4
Column_355=4
Column_360=4
Column_367=4
Column_378=4
Column_381=4
Column_388=4
Column_405=4
Column_413=4
Column_426=4
Column_454=4
Column_562=4
Column_595=4
Column_22=3
Column_24=3
Column_25=3
Column_30=3
Column_33=3
Column_71=3
Column_73=3
Column_80=3
Column_87=3
Column_88=3
Column_89=3
Column_99=3
Column_122=3
Column_130=3
Column_150=3
Column_151=3
Column_183=3
Column_241=3
Column_245=3
Column_247=3
Column_264=3
Column_272=3
Column_276=3
Column_288=3
Column_301=3
Column_320=3
Column_324=3
Column_336=3
Column_348=3
Column_353=3
Column_364=3
Column_383=3
Column_394=3
Column_419=3
Column_424=3
Column_425=3
Column_427=3
Column_429=3
Column_439=3
Column_451=3
Column_467=3
Column_567=3
Column_6=2
Column_7=2
Column_14=2
Column_21=2
Column_63=2
Column_67=2
Column_125=2
Column_127=2
Column_129=2
Column_169=2
Column_191=2
Column_203=2
Column_244=2
Column_249=2
Column_265=2
Column_277=2
Column_293=2
Column_304=2
Column_313=2
Column_335=2
Column_346=2
Column_352=2
Column_354=2
Column_356=2
Column_357=2
Column_361=2
Column_379=2
Column_391=2
Column_392=2
Column_440=2
Column_456=2
Column_469=2
Column_2=1
Column_29=1
Column_65=1
Column_69=1
Column_184=1
Column_185=1
Column_202=1
Column_218=1
Column_260=1
Column_323=1
Column_359=1
Column_365=1
Column_368=1
Column_416=1
Column_448=1
Column_449=1

parameters:
[boosting: gbdt]
[objective: regression]
[metric: rmse,l2]
[tree_learner: serial]
[device_type: cpu]
[data_sample_strategy: bagging]
[data: ]
[valid: ]
[num_iterations: 3000]
[learning_rate: 0.0161]
[num_leaves: 31]
[num_threads: 10]
[seed: 11]
[deterministic: 0]
[force_col_wise: 0]
[force_row_wise: 0]
[histogram_pool_size: -1]
[max_depth: -1]
[min_data_in_leaf: 160]
[min_sum_hessian_in_leaf: 0.001]
[bagging_fraction: 0.694]
[pos_bagging_fraction: 1]
[neg_bagging_fraction: 1]
[bagging_freq: 1]
[bagging_seed: 27648]
[bagging_by_query: 0]
[feature_fraction: 0.725]
[feature_fraction_bynode: 1]
[feature_fraction_seed: 4989]
[extra_trees: 0]
[extra_seed: 22223]
[early_stopping_round: 0]
[early_stopping_min_delta: 0]
[first_metric_only: 0]
[max_delta_step: 0]
[lambda_l1: 1.4619]
[lambda_l2: 0]
[linear_lambda: 0]
[min_gain_to_split: 0]
[drop_rate: 0.1]
[max_drop: 50]
[skip_drop: 0.5]
[xgboost_dart_mode: 0]
[uniform_drop: 0]
[drop_seed: 21136]
[top_rate: 0.2]
[other_rate: 0.1]
[min_data_per_group: 100]
[max_cat_threshold: 32]
[cat_l2: 10]
[cat_smooth: 10]
[max_cat_to_onehot: 4]
[top_k: 20]
[monotone_constraints: ]
[monotone_constraints_method: basic]
[monotone_penalty: 0]
[feature_contri: ]
[forcedsplits_filename: ]
[refit_decay_rate: 0.9]
[cegb_tradeoff: 1]
[cegb_penalty_split: 0]
[cegb_penalty_feature_lazy: ]
[cegb_penalty_feature_coupled: ]
[path_smooth: 0]
[interaction_constraints: ]
[verbosity: -1]
[saved_feature_importance_type: 0]
[use_quantized_grad: 0]
[num_grad_quant_bins: 4]
[quant_train_renew_leaf: 0]
[stochastic_rounding: 1]
[linear_tree: 0]
[max_bin: 255]
[max_bin_by_feature: ]
[min_data_in_bin: 3]
[bin_construct_sample_cnt: 200000]
[data_random_seed: 74]
[is_enable_sparse: 1]
[enable_bundle: 1]
[use_missing: 1]
[zero_as_missing: 0]
[feature_pre_filter: 1]
[pre_partition: 0]
[two_round: 0]
[header: 0]
[label_column: ]
[weight_column: ]
[group_column: ]
[ignore_column: ]
[categorical_feature: ]
[forcedbins_filename: ]
[precise_float_parser: 0]
[parser_config_file: ]
[objective_seed: 24011]
[num_class: 1]
[is_unbalance: 0]
[scale_pos_weight: 1]
[sigmoid: 1]
[boost_from_average: 1]
[reg_sqrt: 0]
[alpha: 0.9]
[fair_c: 1]
[poisson_max_delta_step: 0.7]
[tweedie_variance_power: 1.5]
[lambdarank_truncation_level: 30]
[lambdarank_norm: 1]
[label_gain: ]
[lambdarank_position_bias_regularization: 0]
[eval_at: ]
[multi_error_top_k: 1]
[auc_mu_weights: ]
[num_machines: 1]
[local_listen_port: 12400]
[time_out: 120]
[machine_list_filename: ]
[machines: ]
[gpu_platform_id: -1]
[gpu_device_id: -1]
[gpu_device_id_list: ]
[gpu_use_dp: 0]
[num_gpu: 1]

end of parameters

pandas_categorical:null
