tree
version=v4
num_class=1
num_tree_per_iteration=1
label_index=0
max_feature_idx=599
objective=regression
feature_names=Column_0 Column_1 Column_2 Column_3 Column_4 Column_5 Column_6 Column_7 Column_8 Column_9 Column_10 Column_11 Column_12 Column_13 Column_14 Column_15 Column_16 Column_17 Column_18 Column_19 Column_20 Column_21 Column_22 Column_23 Column_24 Column_25 Column_26 Column_27 Column_28 Column_29 Column_30 Column_31 Column_32 Column_33 Column_34 Column_35 Column_36 Column_37 Column_38 Column_39 Column_40 Column_41 Column_42 Column_43 Column_44 Column_45 Column_46 Column_47 Column_48 Column_49 Column_50 Column_51 Column_52 Column_53 Column_54 Column_55 Column_56 Column_57 Column_58 Column_59 Column_60 Column_61 Column_62 Column_63 Column_64 Column_65 Column_66 Column_67 Column_68 Column_69 Column_70 Column_71 Column_72 Column_73 Column_74 Column_75 Column_76 Column_77 Column_78 Column_79 Column_80 Column_81 Column_82 Column_83 Column_84 Column_85 Column_86 Column_87 Column_88 Column_89 Column_90 Column_91 Column_92 Column_93 Column_94 Column_95 Column_96 Column_97 Column_98 Column_99 Column_100 Column_101 Column_102 Column_103 Column_104 Column_105 Column_106 Column_107 Column_108 Column_109 Column_110 Column_111 Column_112 Column_113 Column_114 Column_115 Column_116 Column_117 Column_118 Column_119 Column_120 Column_121 Column_122 Column_123 Column_124 Column_125 Column_126 Column_127 Column_128 Column_129 Column_130 Column_131 Column_132 Column_133 Column_134 Column_135 Column_136 Column_137 Column_138 Column_139 Column_140 Column_141 Column_142 Column_143 Column_144 Column_145 Column_146 Column_147 Column_148 Column_149 Column_150 Column_151 Column_152 Column_153 Column_154 Column_155 Column_156 Column_157 Column_158 Column_159 Column_160 Column_161 Column_162 Column_163 Column_164 Column_165 Column_166 Column_167 Column_168 Column_169 Column_170 Column_171 Column_172 Column_173 Column_174 Column_175 Column_176 Column_177 Column_178 Column_179 Column_180 Column_181 Column_182 Column_183 Column_184 Column_185 Column_186 Column_187 Column_188 Column_189 Column_190 Column_191 Column_192 Column_193 Column_194 Column_195 Column_196 Column_197 Column_198 Column_199 Column_200 Column_201 Column_202 Column_203 Column_204 Column_205 Column_206 Column_207 Column_208 Column_209 Column_210 Column_211 Column_212 Column_213 Column_214 Column_215 Column_216 Column_217 Column_218 Column_219 Column_220 Column_221 Column_222 Column_223 Column_224 Column_225 Column_226 Column_227 Column_228 Column_229 Column_230 Column_231 Column_232 Column_233 Column_234 Column_235 Column_236 Column_237 Column_238 Column_239 Column_240 Column_241 Column_242 Column_243 Column_244 Column_245 Column_246 Column_247 Column_248 Column_249 Column_250 Column_251 Column_252 Column_253 Column_254 Column_255 Column_256 Column_257 Column_258 Column_259 Column_260 Column_261 Column_262 Column_263 Column_264 Column_265 Column_266 Column_267 Column_268 Column_269 Column_270 Column_271 Column_272 Column_273 Column_274 Column_275 Column_276 Column_277 Column_278 Column_279 Column_280 Column_281 Column_282 Column_283 Column_284 Column_285 Column_286 Column_287 Column_288 Column_289 Column_290 Column_291 Column_292 Column_293 Column_294 Column_295 Column_296 Column_297 Column_298 Column_299 Column_300 Column_301 Column_302 Column_303 Column_304 Column_305 Column_306 Column_307 Column_308 Column_309 Column_310 Column_311 Column_312 Column_313 Column_314 Column_315 Column_316 Column_317 Column_318 Column_319 Column_320 Column_321 Column_322 Column_323 Column_324 Column_325 Column_326 Column_327 Column_328 Column_329 Column_330 Column_331 Column_332 Column_333 Column_334 Column_335 Column_336 Column_337 Column_338 Column_339 Column_340 Column_341 Column_342 Column_343 Column_344 Column_345 Column_346 Column_347 Column_348 Column_349 Column_350 Column_351 Column_352 Column_353 Column_354 Column_355 Column_356 Column_357 Column_358 Column_359 Column_360 Column_361 Column_362 Column_363 Column_364 Column_365 Column_366 Column_367 Column_368 Column_369 Column_370 Column_371 Column_372 Column_373 Column_374 Column_375 Column_376 Column_377 Column_378 Column_379 Column_380 Column_381 Column_382 Column_383 Column_384 Column_385 Column_386 Column_387 Column_388 Column_389 Column_390 Column_391 Column_392 Column_393 Column_394 Column_395 Column_396 Column_397 Column_398 Column_399 Column_400 Column_401 Column_402 Column_403 Column_404 Column_405 Column_406 Column_407 Column_408 Column_409 Column_410 Column_411 Column_412 Column_413 Column_414 Column_415 Column_416 Column_417 Column_418 Column_419 Column_420 Column_421 Column_422 Column_423 Column_424 Column_425 Column_426 Column_427 Column_428 Column_429 Column_430 Column_431 Column_432 Column_433 Column_434 Column_435 Column_436 Column_437 Column_438 Column_439 Column_440 Column_441 Column_442 Column_443 Column_444 Column_445 Column_446 Column_447 Column_448 Column_449 Column_450 Column_451 Column_452 Column_453 Column_454 Column_455 Column_456 Column_457 Column_458 Column_459 Column_460 Column_461 Column_462 Column_463 Column_464 Column_465 Column_466 Column_467 Column_468 Column_469 Column_470 Column_471 Column_472 Column_473 Column_474 Column_475 Column_476 Column_477 Column_478 Column_479 Column_480 Column_481 Column_482 Column_483 Column_484 Column_485 Column_486 Column_487 Column_488 Column_489 Column_490 Column_491 Column_492 Column_493 Column_494 Column_495 Column_496 Column_497 Column_498 Column_499 Column_500 Column_501 Column_502 Column_503 Column_504 Column_505 Column_506 Column_507 Column_508 Column_509 Column_510 Column_511 Column_512 Column_513 Column_514 Column_515 Column_516 Column_517 Column_518 Column_519 Column_520 Column_521 Column_522 Column_523 Column_524 Column_525 Column_526 Column_527 Column_528 Column_529 Column_530 Column_531 Column_532 Column_533 Column_534 Column_535 Column_536 Column_537 Column_538 Column_539 Column_540 Column_541 Column_542 Column_543 Column_544 Column_545 Column_546 Column_547 Column_548 Column_549 Column_550 Column_551 Column_552 Column_553 Column_554 Column_555 Column_556 Column_557 Column_558 Column_559 Column_560 Column_561 Column_562 Column_563 Column_564 Column_565 Column_566 Column_567 Column_568 Column_569 Column_570 Column_571 Column_572 Column_573 Column_574 Column_575 Column_576 Column_577 Column_578 Column_579 Column_580 Column_581 Column_582 Column_583 Column_584 Column_585 Column_586 Column_587 Column_588 Column_589 Column_590 Column_591 Column_592 Column_593 Column_594 Column_595 Column_596 Column_597 Column_598 Column_599
feature_infos=[0:400] [0:400] [0:400] [0:400] [0:400] [0:400] [0:400] [0:400] [0:400] [0:400] [0:400] [0:400] [0:400] [0:400] [0:400] [0:400] [0:400] [0:400] [0:400] [0:400] [0:400] [0:400] [0:400] [0:400] [0:400] [0:400] [0:400] [0:400] [0:400] [0:400] [0:400] [0:400] [0:400] [0:400] [0:400] [0:400] [0:400] [0:400] [0:400] [0:400] [0:400] [0:400] [0:400] [0:400] [0:400] [0:400] [0:400] [0:400] [0:400] [0:400] [0:400] [0:400] [0:400] [0:400] [0:400] [0:400] [0:400] [0:400] [0:400] [0:400] [0:400] [0:400] [0:400] [0:400] [0:400] [0:400] [0:400] [0:400] [0:400] [0:400] [0:400] [0:400] [0:400] [0:400] [0:400] [0:400] [0:400] [0:400] [0:400] [0:400] [0:400] [0:400] [0:400] [0:400] [0:400] [0:400] [0:400] [0:400] [0:400] [0:400] [0:400] [0:400] [0:400] [0:400] [0:400] [0:400] [0:400] [0:400] [0:400] [0:400] [0:400] [0:400] [0:400] [0:400] [0:400] [0:400] [0:400] [0:400] [0:400] [0:400] [0:400] [0:400] [0:400] [0:400] [0:400] [0:400] [0:400] [0:400] [0:400] [0:400] [0:400] [0:400] [0:400] [0:400] [0:400] [0:400] [0:400] [0:400] [0:400] [0:400] [0:400] [0:400] [0:400] [0:400] [0:400] [0:400] [0:400] [0:400] [0:400] [0:400] [0:400] [0:400] [0:400] [0:400] [0:400] [0:400] [0:400] [0:400] [0:400] [0:400] [0:400] [0:400] [0:400] [0:400] [0:400] [0:400] [0:400] [0:400] [0:400] [0:400] [0:400] [0:400] [0:400] [0:400] [0:400] [0:400] [0:400] [0:400] [0:400] [0:400] [0:400] [0:400] [0:400] [0:400] [0:400] [0:400] [0:400] [0:400] [0:400] [0:400] [0:400] [0:400] [0:400] [0:400] [0:400] [0:400] [0:400] [0:400] [0:400] [0:400] [0:400] [0:400] [0:400] [0:400] [0:400] [0:400] [0:400] [0:400] [0:400] [0:400] [0:400] [0:400] [0:400] [0:400] [0:400] [0:400] [0:400] [0:400] [0:400] [0:400] [0:400] [0:400] [0:400] [0:400] [0:400] [0:400] [0:400] [0:400] [0:400] [0:400] [0:400] [0:400] [0:400] [0:400] [0:400] [0:400] [0:400] [0:400] [0:400] [0:400] [0:400] [0:400] [0:400] [0:400] [0:400] [0:400] [0:400] [0:400] [0:400] [0:400] [0:400] [0:400] [0:400] [0:400] [0:400] [0:400] [0:400] [0:400] [0:400] [0:400] [0:400] [0:400] [0:400] [0:400] [0:400] [0:400] [0:400] [0:400] [0:400] [0:400] [0:400] [0:400] [0:400] [0:400] [0:400] [0:400] [0:400] [0:400] [0:400] [0:400] [0:400] [0:400] [0:400] [0:400] [0:400] [0:400] [0:400] [0:400] [0:400] [0:400] [0:400] [0:400] [0:400] [0:400] [0:400] [0:400] [0:400] [0:400] [0:400] [0:400] [0:400] [0:400] [0:400] [0:400] [0:400] [0:400] [0:400] [0:400] [0:400] [0:400] [0:400] [0:400] [0:400] [0:400] [0:400] [0:400] [0:400] [0:400] [0:400] [0:400] [0:400] [0:400] [0:400] [0:400] [0:400] [0:400] [0:400] [0:400] [0:400] [0:400] [0:400] [0:400] [0:400] [0:400] [0:400] [0:400] [0:400] [0:400] [0:400] [0:400] [0:400] [0:400] [0:400] [0:400] [0:400] [0:400] [0:400] [0:400] [0:400] [0:400] [0:400] [0:400] [0:400] [0:400] [0:400] [0:400] [0:400] [0:400] [0:400] [0:400] [0:400] [0:400] [0:400] [0:400] [0:400] [0:400] [0:400] [0:400] [0:400] [0:400] [0:400] [0:400] [0:400] [0:400] [0:400] [0:400] [0:400] [0:400] [0:400] [0:400] [0:400] [0:400] [0:400] [0:400] [0:400] [0:400] [0:400] [0:400] [0:400] [0:400] [0:400] [0:400] [0:400] [0:400] [0:400] [0:400] [0:400] [0:400] [0:400] [0:400] [0:400] [0:400] [0:400] [0:400] [0:400] [0:400] [0:400] [0:400] [0:400] [0:400] [0:400] [0:400] [0:400] [0:400] [0:400] [0:400] [0:400] [0:400] [0:400] [0:400] [0:400] [0:400] [0:400] [0:400] [0:400] [0:400] [0:400] [0:400] [0:400] [0:400] [0:400] [0:400] [0:400] [0:400] [0:400] [0:400] [0:400] [0:400] [0:400] [0:400] [0:400] [0:400] [0:400] [0:400] [0:400] [0:400] [0:400] [0:400] [0:400] [0:400] [0:400] [0:400] [0:400] [0:400] [0:400] [0:400] [0:400] [0:400] [0:400] [0:400] [0:400] [0:400] [0:400] [0:400] [0:400] [0:400] [0:400] [0:400] [0:400] [0:400] [0:400] [0:400] [0:400] [0:400] [0:400] [0:400] [0:400] [0:400] [0:400] [0:400] [0:400] [0:400] [0:400] [0:400] [0:400] [0:400] [0:400] [0:400] [0:400] [0:400] [0:503] [0:503] [0:503] [0:503] [0:503] [0:503] [0:503] [0:503] [0:503] [0:503] [0:503] [0:503] [0:503] [0:503] [0:503] [0:503] [0:503] [0:503] [0:503] [0:503] [0:503] [0:503] [0:503] [0:503] [0:503] [0:503] [0:503] [0:503] [0:503] [0:503] [0:503] [0:503] [0:503] [0:503] [0:503] [0:503] [0:503] [0:503] [0:503] [0:503] [0:503] [0:503] [0:503] [0:503] [0:503] [0:503] [0:503] [0:503] [0:503] [0:503] [0:503] [0:503] [0:503] [0:503] [0:503] [0:503] [0:503] [0:503] [0:503] [0:503] [53.5:938.5999755859375] [53.5:938.5999755859375] [53.5:938.5999755859375] [53.5:938.5999755859375] [53.5:938.5999755859375] [53.5:938.5999755859375] [53.5:938.5999755859375] [53.5:938.5999755859375] [53.5:938.5999755859375] [53.5:938.5999755859375] [53.5:938.5999755859375] [53.5:938.5999755859375] [53.5:938.5999755859375] [53.5:938.5999755859375] [53.5:938.5999755859375] [53.5:938.5999755859375] [53.5:938.5999755859375] [53.5:938.5999755859375] [53.5:938.5999755859375] [53.5:938.5999755859375] [53.5:938.5999755859375] [53.5:938.5999755859375] [53.5:938.5999755859375] [53.5:938.5999755859375] [53.5:938.5999755859375] [53.5:938.5999755859375] [53.5:938.5999755859375] [53.5:938.5999755859375] [53.5:938.5999755859375] [53.5:938.5999755859375] [53.5:938.5999755859375] [53.5:938.5999755859375] [53.5:938.5999755859375] [53.5:938.5999755859375] [53.5:938.5999755859375] [53.5:938.5999755859375] [53.5:938.5999755859375] [53.5:938.5999755859375] [53.5:938.5999755859375] [53.5:938.5999755859375] [53.5:938.5999755859375] [53.5:938.5999755859375] [53.5:938.5999755859375] [53.5:938.5999755859375] [53.5:938.5999755859375] [53.5:938.5999755859375] [53.5:938.5999755859375] [53.5:938.5999755859375] [53.5:938.5999755859375] [53.5:938.5999755859375] [53.5:938.5999755859375] [53.5:938.5999755859375] [53.5:938.5999755859375] [53.5:938.5999755859375] [53.5:938.5999755859375] [53.5:938.5999755859375] [53.5:938.5999755859375] [53.5:938.5999755859375] [53.5:938.5999755859375] [53.5:938.5999755859375]
tree_sizes=2770 2880 2898 2898 2888 2886 2904 2881 2893 2888 2898 2899 2892 2894 2898 2899 2903 2902 2910 2900 2876 2910 2896 2882 2873 2910 2898 2908 2901 2892 2901 2891 2899 2902 2901 2897 2897 2913 2908 2889 2898 2894 2903 2894 2899 2900 2900 2896 2899 2894 2898 2900 2882 2904 2890 2911 2891 2910 2898 2907 2892 2900 2910 2888 2905 2900 2897 2915 2905 2910 2914 2902 2910 2908 2900 2893 2875 2904 2921 2896 2907 2904 2906 2902 2910 2910 2909 2905 2899 2904 2908 2908 2902 2917 2890 2911 2910 2905 2908 2918 2914 2901 2927 2911 2906 2910 2914 2929 2913 2912 2893 2911 2916 2914 2941 2899 2903 2920 2926 2913 2928 2921 2908 2892 2913 2921 2923 2913 2916 2915 2912 2892 2910 2913 2913 2940 2923 2931 2921 2907 2921 2907 2908 2922 2913 2922 2908 2946 2907 2926 2944 2942 2918 2927 2940 2914 2915 2905 2936 2935 2933 2926 2930 2938 2939 2935 2925 2914 2941 2922 2923 2953 2913 2944 2951 2925 2925 2927 2926 2939 2933 2950

Tree=0
num_leaves=31
num_cat=0
split_feature=155 537 96 216 34 599 276 157 394 397 177 278 69 485 597 568 395 557 473 357 394 479 377 479 440 274 57 157 307 251
split_gain=229952 80998.1 58758.8 30397.4 29610.9 25003.9 23183.5 14464.6 14386.6 13578 12269.1 11608.9 11146.1 10613.6 10420 10037.6 9818.99 9768.53 11806.5 8993.96 8561.66 7693.34 8332.39 6900.11 6877.84 6659.44 5946.29 5884.18 5581.54 5244.08
threshold=10.500000000000002 104.50000000000001 20.000000000000004 6.5000000000000009 24.500000000000004 226.84999847412112 5.5000000000000009 10.500000000000002 10.500000000000002 13.500000000000002 43.500000000000007 13.500000000000002 35.500000000000007 112.50000000000001 87.649997711181655 174.34999847412112 8.0000000000000018 94.250000000000014 8.0000000000000018 13.500000000000002 20.000000000000004 16.500000000000004 13.500000000000002 43.500000000000007 24.500000000000004 5.5000000000000009 10.500000000000002 8.0000000000000018 20.000000000000004 16.500000000000004
decision_type=2 2 2 2 2 10 2 2 2 2 2 2 2 2 10 10 2 10 2 2 2 2 2 2 2 2 2 2 2 2
left_child=1 3 6 14 11 7 15 21 -8 -6 12 20 23 -11 25 -2 -5 18 -9 -7 -4 -3 -23 28 26 -1 -13 -18 -10 -16
right_child=2 5 4 16 9 19 8 17 10 13 -12 24 -14 -15 29 -17 27 -19 -20 -21 -22 22 -24 -25 -26 -27 -28 -29 -30 -31
leaf_value=13.287359933334621 13.372545357304956 13.369138926558858 13.425640504212719 13.349543416985322 13.527638986790395 13.464874001382364 13.418519737109166 13.431381242564154 13.437549167790504 13.718161279168511 13.621591568858795 13.463297257045387 13.587145759055403 13.572270912232975 13.335479021923973 13.492234822969632 13.371481421309714 13.421985887655566 13.619789588015205 13.59981815979193 13.520867087121523 13.388740720115051 13.501942525048351 13.562279475611213 13.625831501565111 13.327025276892392 13.565614941953557 13.433425546009097 13.500888268557137 13.405125248958608
leaf_weight=2765 1384 2325 671 1742 328 312 1289 185 1337 321 160 293 210 218 1497 209 739 1158 162 218 386 475 261 169 193 1827 298 860 495 344
leaf_count=2765 1384 2325 671 1742 328 312 1289 185 1337 321 160 293 210 218 1497 209 739 1158 162 218 386 475 261 169 193 1827 298 860 495 344
internal_value=13.4011 13.3637 13.4709 13.3366 13.5319 13.4157 13.4395 13.4036 13.4618 13.6095 13.4854 13.4953 13.4755 13.6592 13.3161 13.3883 13.376 13.4445 13.5194 13.5204 13.4604 13.3835 13.4289 13.4638 13.5423 13.3031 13.5149 13.4048 13.4547 13.3485
internal_weight=22831 14870 7961 9774 2708 5096 5253 4566 3660 867 2371 1841 2211 539 6433 1593 3341 1505 347 530 1057 3061 736 2001 784 4592 591 1599 1832 1841
internal_count=22831 14870 7961 9774 2708 5096 5253 4566 3660 867 2371 1841 2211 539 6433 1593 3341 1505 347 530 1057 3061 736 2001 784 4592 591 1599 1832 1841
is_linear=0
shrinkage=1


Tree=1
num_leaves=31
num_cat=0
split_feature=215 539 156 34 599 156 276 359 154 130 359 337 27 157 274 471 539 307 38 94 535 230 183 335 461 511 308 164 299 548
split_gain=234125 97435 60765.4 36738.7 30912.7 23507.6 19598 19292.3 16545.5 15434.5 12613.3 11863 11662.1 10948.3 9586.01 9297.83 8115.45 8391.2 7985.68 7035.55 6703.83 6376.12 6313.4 5978.67 5679.58 5571.7 5380.94 5278.73 5258.44 6106.88
threshold=10.500000000000002 85.500000000000014 10.500000000000002 24.500000000000004 201.75000000000003 5.5000000000000009 20.000000000000004 35.500000000000007 10.500000000000002 6.5000000000000009 43.500000000000007 20.000000000000004 20.000000000000004 10.500000000000002 4.5000000000000009 43.500000000000007 172.50000000000003 13.500000000000002 8.0000000000000018 5.5000000000000009 31.500000000000004 8.0000000000000018 20.000000000000004 10.500000000000002 20.000000000000004 200.50000000000003 10.500000000000002 20.000000000000004 16.500000000000004 200.34999847412112
decision_type=2 2 2 2 10 2 2 2 2 2 2 2 2 2 2 2 2 2 2 2 2 2 2 2 2 2 2 2 2 10
left_child=1 5 8 7 10 20 26 9 -2 -4 13 -8 28 15 -7 24 17 -10 -11 -15 -1 -20 -21 -16 -3 -18 -5 -23 29 -6
right_child=2 4 3 6 12 14 11 -9 16 18 -12 -13 -14 19 23 -17 25 -19 21 22 -22 27 -24 -25 -26 -27 -28 -29 -30 -31
leaf_value=-0.10831093131782528 -0.016923252624449006 -0.041847785911784036 0.015515976270651696 0.062592588059423512 0.089070438273921956 -0.075425023330391402 0.18124644711443663 0.21424247873527097 0.0028186168900423492 0.046587076738453248 0.10341002377797101 0.32210493826129832 0.19477718680410983 -0.01817274136375677 -0.038589815286847455 0.089141250376597411 0.19232974698993852 0.086917642116588492 0.080182683182765682 0.03319510584871338 -0.070277063780623233 0.12623242760334305 0.13958241480618258 0.015300697989140124 0.013711234317259003 0.062241134703520537 0.15852785737301034 0.22997560675178491 0.1290866543224603 -0.02184494625521009
leaf_weight=3091 1600 2607 919 242 268 1355 322 262 750 592 273 301 234 588 1771 174 167 522 622 817 1973 534 176 763 583 176 410 168 226 247
leaf_count=3091 1600 2607 919 242 268 1355 322 262 750 592 273 301 234 588 1771 174 167 522 622 817 1973 534 176 763 583 176 410 168 226 247
internal_value=-9.8724e-05 -0.0366683 0.0729024 0.111976 0.0124269 -0.0706313 0.184729 0.0820167 0.01976 0.0697885 -0.00311739 0.249339 0.0956412 -0.00900324 -0.0408509 -0.0254298 0.0561171 0.0373495 0.0958078 0.0259338 -0.0934971 0.117798 0.052075 -0.0223538 -0.0316865 0.125647 0.122956 0.151093 0.0643033 0.0358284
internal_weight=22733 15146 7587 4372 6193 8953 1275 3097 3215 2835 5218 623 975 4945 3889 3364 1615 1272 1916 1581 5064 1324 993 2534 3190 343 652 702 741 515
internal_count=22733 15146 7587 4372 6193 8953 1275 3097 3215 2835 5218 623 975 4945 3889 3364 1615 1272 1916 1581 5064 1324 993 2534 3190 343 652 702 741 515
is_linear=0
shrinkage=0.0161


Tree=2
num_leaves=31
num_cat=0
split_feature=275 156 538 393 95 156 598 538 457 130 216 179 155 596 579 278 403 299 364 69 299 11 527 155 94 277 217 154 290 176
split_gain=215775 70687.6 69357.5 38263.8 21167.4 19331.1 16364.8 15676.8 15317.3 14142.6 11883.2 11716.4 11420.8 10157.3 9737.34 9131.03 10114.4 8703.1 8044.73 7556.98 7115.31 7580.88 6847.51 6751.27 6176.92 6130.27 5496.15 5380.79 5222.9 4823.09
threshold=8.0000000000000018 10.500000000000002 109.50000000000001 13.500000000000002 29.500000000000004 5.5000000000000009 216.75000000000003 171.50000000000003 20.000000000000004 6.5000000000000009 6.5000000000000009 13.500000000000002 13.500000000000002 87.649997711181655 196.25000000000003 13.500000000000002 13.500000000000002 35.500000000000007 16.500000000000004 29.500000000000004 10.500000000000002 13.500000000000002 204.50000000000003 5.5000000000000009 13.500000000000002 13.500000000000002 16.500000000000004 6.5000000000000009 13.500000000000002 20.000000000000004
decision_type=2 2 2 2 2 2 10 2 2 2 2 2 2 10 8 2 2 2 2 2 2 2 2 2 2 2 2 2 2 2
left_child=2 7 5 9 17 13 11 10 26 -3 27 25 -11 -1 -8 -14 -17 22 -13 -12 -9 -22 24 -7 -5 -4 -6 -2 -27 -25
right_child=1 3 6 4 8 23 14 20 -10 12 19 18 15 -15 -16 16 -18 -19 -20 -21 21 -23 -24 29 -26 28 -28 -29 -30 -31
leaf_value=-0.10305933117064374 -0.060381863855017072 0.0082347659278359346 -0.034548743174611721 0.024605112445676251 0.11064919319924901 -0.061951910521919895 0.17963805528904814 0.02559871144126644 0.30091319003486183 0.036432231623692489 0.015188802840263365 0.018051227090069379 0.074423269215781782 -0.053594193394453184 0.038026098698284348 0.10928009083919644 0.25791468492097053 0.20756454842968039 0.12331873401086516 0.13020394088296164 0.059222238755858282 0.19313196864781698 0.18017045159569484 -0.029784825208152534 0.10495992801341249 -0.0069673689228542408 0.22726147827110038 -0.0080711436522018249 0.090531112558344479 0.042307182198454814
leaf_weight=3765 923 1017 1814 355 285 1874 213 518 310 815 1380 664 624 1510 309 308 194 209 263 166 275 183 213 1480 829 476 167 1141 203 287
leaf_count=3765 923 1017 1814 355 285 1874 213 518 310 815 1380 664 624 1510 309 308 194 209 263 166 275 183 213 1480 829 476 167 1141 203 287
internal_value=-0.00082507 0.0556222 -0.0443411 0.095519 0.143757 -0.0692048 0.0118896 0.00928243 0.213672 0.0568949 -0.00618939 -0.000919344 0.0823785 -0.0889041 0.0958554 0.115614 0.166767 0.110569 0.0479422 0.0275536 0.0665333 0.112779 0.0960415 -0.0406584 0.0808869 -0.0190975 0.153786 -0.0314754 0.022147 -0.0180622
internal_weight=22770 9912 12858 5326 2368 8916 3942 4586 762 2958 3610 3420 1941 5275 522 1126 502 1606 927 1546 976 458 1397 3641 1184 2493 452 2064 679 1767
internal_count=22770 9912 12858 5326 2368 8916 3942 4586 762 2958 3610 3420 1941 5275 522 1126 502 1606 927 1546 976 458 1397 3641 1184 2493 452 2064 679 1767
is_linear=0
shrinkage=0.0161


Tree=3
num_leaves=31
num_cat=0
split_feature=215 539 216 34 598 456 216 368 359 299 418 337 366 154 480 157 572 274 457 518 154 345 136 425 119 225 334 596 177 215
split_gain=193352 88954.7 64109.7 31916 23101.2 17953.5 17865.3 15124.8 15067.3 14875.3 13322.9 10793.9 10571 9586.14 9392.98 9328.01 8644.44 8326.18 7425.47 6159.06 5977.74 5921.35 6257.98 5640.08 5598.01 5531.76 5462.84 5210.61 5141.48 5055.17
threshold=8.0000000000000018 85.500000000000014 10.500000000000002 24.500000000000004 213.05000305175784 29.500000000000004 4.5000000000000009 6.5000000000000009 20.000000000000004 24.500000000000004 35.500000000000007 24.500000000000004 16.500000000000004 10.500000000000002 68.500000000000014 10.500000000000002 209.25000000000003 6.5000000000000009 10.500000000000002 159.50000000000003 8.0000000000000018 10.500000000000002 13.500000000000002 29.500000000000004 24.500000000000004 8.0000000000000018 29.500000000000004 88.549999237060561 6.5000000000000009 35.500000000000007
decision_type=2 2 2 2 10 2 2 2 2 2 2 2 2 2 2 2 8 2 2 2 2 2 2 2 2 2 2 10 2 2
left_child=1 6 9 7 8 -5 27 28 15 14 13 -7 -10 29 20 24 -6 -8 -15 -11 -2 -17 -23 -16 25 -3 -20 -1 -4 -9
right_child=2 4 3 5 16 11 17 10 12 19 -12 -13 -14 18 23 21 -18 -19 26 -21 -22 22 -24 -25 -26 -27 -28 -29 -30 -31
leaf_value=-0.10697906137907039 -0.054882719961473203 -0.056387480485763863 -0.021725175834796932 0.12612987873490272 0.1671412795505213 0.17600158422702444 -0.067485819387312643 0.035833834986361605 0.028882392865994418 0.053738464241190408 0.21373112083099965 0.34652946028938791 0.16259572273293654 0.065593051179139272 0.014208255813179355 -0.0055878619907766157 0.045188680298595255 -0.021095188257418372 0.12464271515860297 0.16514395797137685 0.0036463223934583735 0.022169168362361109 0.13982179193957664 0.094018580576667482 0.049924234479098398 -0.0072111276199698657 0.23487347817577653 -0.062162293502929282 0.051084096239555815 0.1212466995546852
leaf_weight=3080 912 1463 448 958 301 206 2591 1009 577 468 216 182 209 408 1863 709 303 1639 423 178 896 310 189 262 211 999 162 864 572 219
leaf_count=3080 912 1463 448 958 301 206 2591 1009 577 468 216 182 209 408 1863 709 303 1639 423 178 896 310 189 262 211 999 162 864 572 219
internal_value=-0.000112427 -0.0392554 0.0559795 0.0970733 0.0123112 0.163599 -0.072511 0.0711645 0.000180708 0.0128702 0.0929538 0.256052 0.0644672 0.0811971 0.0011036 -0.0128328 0.106002 -0.0495164 0.118411 0.0844718 -0.0258642 0.0242856 0.0667782 0.0240595 -0.0296165 -0.0364429 0.155208 -0.0971672 0.019082 0.0510854
internal_weight=22827 13445 9382 4803 5271 1346 8174 3457 4667 4579 2437 388 786 2221 3933 3881 604 4230 993 646 1808 1208 499 2125 2673 2462 585 3944 1020 1228
internal_count=22827 13445 9382 4803 5271 1346 8174 3457 4667 4579 2437 388 786 2221 3933 3881 604 4230 993 646 1808 1208 499 2125 2673 2462 585 3944 1020 1228
is_linear=0
shrinkage=0.0161


Tree=4
num_leaves=31
num_cat=0
split_feature=215 538 216 34 216 359 599 456 69 70 157 218 599 539 214 394 168 299 509 522 471 527 457 358 179 213 302 473 546 214
split_gain=210398 85669.1 55268.3 28728.4 22003.9 21957.4 20792 15290 15044.3 13718 12595.4 12750.5 10569.3 9540.03 8947.55 8535.86 8204.64 8182.9 8106.45 7711.25 7653.55 7612.83 6433.37 6331.28 6324.57 8257.99 5592.24 5447.11 5048.24 5042.67
threshold=10.500000000000002 96.500000000000014 16.500000000000004 29.500000000000004 6.5000000000000009 35.500000000000007 201.75000000000003 24.500000000000004 6.5000000000000009 20.000000000000004 10.500000000000002 29.500000000000004 216.75000000000003 34.500000000000007 10.500000000000002 10.500000000000002 20.000000000000004 29.500000000000004 205.50000000000003 195.50000000000003 43.500000000000007 95.500000000000014 16.500000000000004 20.000000000000004 5.5000000000000009 16.500000000000004 8.0000000000000018 8.0000000000000018 89.549999237060561 8.0000000000000018
decision_type=2 2 2 2 2 2 10 2 2 2 2 2 10 2 2 2 2 2 2 2 2 2 2 2 2 2 2 2 10 2
left_child=1 4 5 9 13 8 10 -5 -2 17 20 24 14 29 -10 28 -11 22 19 -8 23 -7 -4 -3 -12 -26 -24 -25 -6 -1
right_child=2 6 3 7 15 21 18 -9 12 16 11 -13 -14 -15 -16 -17 -18 -19 -20 -21 -22 -23 26 27 25 -27 -28 -29 -30 -31
leaf_value=-0.10664494769508739 -0.015662485594568322 -0.034660315954779239 0.027177687198291455 0.14850849854845161 -0.063490162185310103 0.07249206573834753 0.19626274085481737 0.30413898294359953 0.0064490879279309309 0.12469752551395619 -0.028428652072163121 0.15857237072983013 0.15667226125526046 -0.057251500761129261 0.066455443806514969 0.0093017410012899617 0.25583263657167704 0.1731655285321631 0.040987804313730648 0.05998204693519936 0.084395748868407006 0.20357042554965546 0.048902326028605517 -0.025414952751420361 0.019971083407214641 0.1436981721300942 0.16647878537518745 0.081355770728216537 -0.011467337083061187 -0.060473471530652988
leaf_weight=3111 1556 2443 815 365 1567 220 236 298 1232 520 444 201 210 2520 1352 986 163 169 553 199 179 242 222 245 642 179 200 250 701 767
leaf_count=3111 1556 2443 815 365 1567 220 236 298 1232 520 444 201 210 2520 1352 986 163 169 553 199 179 242 222 245 642 179 200 250 701 767
internal_value=-0.00082118 -0.0353071 0.0685806 0.126132 -0.0643241 0.0356622 0.0149619 0.218496 0.0244476 0.0968061 0.000515304 0.0394391 0.0467936 -0.0816625 0.0378547 -0.0302262 0.156028 0.068021 0.0819512 0.133972 -0.0177839 0.141203 0.053637 -0.0240173 0.020491 0.0469756 0.104682 0.0284621 -0.0474212 -0.0975191
internal_weight=22787 15223 7564 2752 9652 4812 5571 663 4350 2089 4583 1466 2794 6398 2584 3254 683 1406 988 435 3117 462 1237 2938 1265 821 422 495 2268 3878
internal_count=22787 15223 7564 2752 9652 4812 5571 663 4350 2089 4583 1466 2794 6398 2584 3254 683 1406 988 435 3117 462 1237 2938 1265 821 422 495 2268 3878
is_linear=0
shrinkage=0.0161


Tree=5
num_leaves=31
num_cat=0
split_feature=156 394 539 479 275 275 539 308 599 219 154 359 419 599 363 311 155 476 154 97 154 178 396 369 59 397 275 224 251 393
split_gain=182988 66567.8 60184.9 31270.8 25949.5 18698.7 18183.6 17307.5 16936.3 12700.6 15589.5 11390.2 11302.5 10755 8595.29 8579.64 8220 7861.16 7838.08 7030.4 6943.69 6772.12 6209.22 6188.57 6118 5867.53 5841 5828.9 6156.55 5791.4
threshold=8.0000000000000018 10.500000000000002 85.500000000000014 35.500000000000007 16.500000000000004 5.5000000000000009 64.500000000000014 10.500000000000002 215.15000152587893 16.500000000000004 24.500000000000004 35.500000000000007 13.500000000000002 213.05000305175784 29.500000000000004 16.500000000000004 8.0000000000000018 20.000000000000004 5.5000000000000009 20.000000000000004 29.500000000000004 10.500000000000002 16.500000000000004 24.500000000000004 35.500000000000007 6.5000000000000009 13.500000000000002 10.500000000000002 20.000000000000004 24.500000000000004
decision_type=2 2 2 2 2 2 2 2 10 2 2 2 2 10 2 2 2 2 2 2 2 2 2 2 2 2 2 2 2 2
left_child=2 6 5 4 13 -1 16 -6 12 22 -11 -5 20 23 -14 24 -2 -17 -7 -18 27 -10 -9 -3 25 -8 -20 -4 -29 -24
right_child=1 3 8 11 7 18 15 9 21 10 -12 -13 14 -15 -16 17 19 -19 26 -21 -22 -23 29 -25 -26 -27 -28 28 -30 -31
leaf_value=-0.091159415234878485 -0.052350930189613572 0.014478671175603471 -0.049094227043285782 0.13410984304166512 0.058721842001756376 -0.072065931749213621 -0.030788283253933374 0.075876896584208958 0.031868727478108261 0.14420103918501112 0.34546349353187805 0.27397747922305704 0.013302008161513328 0.16177258676447476 0.1362243480435269 0.052151916249422531 -0.015759250919663476 0.17188768415046179 -0.038202500064908759 0.091169958771650128 0.062928799268964539 0.14026846546005439 0.11544049016643945 0.091074734277271543 0.1094007192710396 0.030680820400722852 0.022687601175945583 -0.020804074284499045 0.080462697012719867 0.23262817549947576
leaf_weight=4538 1298 1651 1980 318 818 1251 630 441 333 243 170 289 1266 167 167 597 592 187 1412 218 209 272 287 328 171 1114 574 821 192 178
leaf_count=4538 1298 1651 1980 318 818 1251 630 441 333 243 170 289 1266 167 167 597 592 187 1412 218 209 272 287 328 171 1114 574 821 192 178
internal_value=-0.00219812 0.0507443 -0.0416454 0.0925684 0.0772324 -0.070068 0.00819318 0.11695 0.000522895 0.153044 0.227102 0.200741 -0.00992995 0.03767 0.0276436 0.0358704 -0.0272324 0.0807414 -0.0404923 0.0129902 -0.0267527 0.0806427 0.119258 0.0271856 0.0174879 0.00846232 -0.020592 -0.033023 -0.00158714 0.16035
internal_weight=22712 9697 13015 4890 4283 7775 4807 2137 5240 1319 413 607 4635 2146 1433 2699 2108 784 3237 810 3202 605 906 1979 1915 1744 1986 2993 1013 465
internal_count=22712 9697 13015 4890 4283 7775 4807 2137 5240 1319 413 607 4635 2146 1433 2699 2108 784 3237 810 3202 605 906 1979 1915 1744 1986 2993 1013 465
is_linear=0
shrinkage=0.0161


Tree=6
num_leaves=31
num_cat=0
split_feature=275 537 214 456 359 395 156 455 239 129 190 555 559 359 298 343 156 517 250 359 351 597 15 250 183 68 169 487 39 369
split_gain=181447 65242.2 61326.1 36278.8 24071.4 18982.5 17913.3 16860.4 15927.3 12114.8 11476.4 11293.8 9623.84 9590.99 9415.93 9211.48 8723.11 7493.89 7449.49 6820.49 6642.27 6575.93 6213.81 6210.05 7059.67 5945.46 5848.2 5536.96 5419.12 5196.08
threshold=8.0000000000000018 103.50000000000001 13.500000000000002 24.500000000000004 20.000000000000004 4.5000000000000009 5.5000000000000009 35.500000000000007 35.500000000000007 6.5000000000000009 16.500000000000004 84.750000000000014 103.85000228881837 8.0000000000000018 20.000000000000004 29.500000000000004 8.0000000000000018 137.50000000000003 10.500000000000002 43.500000000000007 10.500000000000002 85.149997711181655 24.500000000000004 13.500000000000002 29.500000000000004 29.500000000000004 24.500000000000004 37.500000000000007 8.0000000000000018 13.500000000000002
decision_type=2 2 2 2 2 2 2 2 2 2 2 10 10 2 2 2 2 2 2 2 2 8 2 2 2 2 2 2 2 2
left_child=1 5 6 8 14 21 -2 17 9 -4 -9 18 -10 22 23 26 27 -5 -8 20 -6 -1 -13 24 -3 -11 -15 -7 -16 -18
right_child=2 4 3 7 19 16 11 10 12 25 -12 13 -14 15 28 -17 29 -19 -20 -21 -22 -23 -24 -25 -26 -27 -28 -29 -30 -31
leaf_value=-0.10955801514897967 -0.030201419378851572 -0.038162773646583152 0.012729847891959831 0.18207827884068239 0.017056309399009515 -0.075978556190241436 -0.021040499495879297 0.18096503720296872 0.09319784306346518 0.069725926980047828 0.37003852082580091 0.0088020099309007241 0.26818106248829138 0.054425065568827417 0.0026298604948865457 0.19513350108707092 -0.030522770964823028 0.066583822911675195 0.046599268457034479 0.17012753396021932 0.13339659613888197 -0.068526277119509024 0.10691419567430335 0.022796875580814554 0.072664690374908442 0.13923664876119199 0.15082779726001055 -0.0322226384213357 0.11163963600765474 0.032831274695360582
leaf_weight=2066 1426 1976 892 381 315 1773 1126 160 164 1479 175 1056 163 1011 219 175 1073 237 675 225 214 1995 199 799 161 408 195 1303 258 488
leaf_count=2066 1426 1976 892 381 315 1773 1126 160 164 1479 175 1056 163 1011 219 175 1073 237 675 225 214 1995 199 799 161 408 195 1303 258 488
internal_value=0.0010062 -0.0388908 0.0527396 0.100847 0.0134867 -0.0639863 0.0194304 0.187759 0.0741727 0.0616536 0.279805 0.0353868 0.180494 0.0566193 -0.00469464 0.085902 -0.0417185 0.137825 0.00429726 0.0958162 0.0641647 -0.0894066 0.024378 -0.0154799 -0.0298021 0.0847677 0.0700321 -0.0574511 0.0616405 -0.0107019
internal_weight=22787 12865 9922 4059 4167 8698 5863 953 3106 2779 335 4437 327 2636 3413 1381 4637 618 1801 754 529 4061 1255 2936 2137 1887 1206 3076 477 1561
internal_count=22787 12865 9922 4059 4167 8698 5863 953 3106 2779 335 4437 327 2636 3413 1381 4637 618 1801 754 529 4061 1255 2936 2137 1887 1206 3076 477 1561
is_linear=0
shrinkage=0.0161


Tree=7
num_leaves=31
num_cat=0
split_feature=215 536 336 214 456 156 179 479 536 11 598 597 511 144 395 154 250 578 155 235 540 368 364 147 178 157 225 96 136 140
split_gain=182315 65952.2 60450.2 35806.9 21901.6 17842 17677.6 15337 14267.1 12401.4 11153.9 10894.2 10809.7 9496.71 9324.82 9067.89 8828.09 7971.52 7490.42 7176.55 7121.77 6957.21 6542.56 6399.33 6245.23 6180.55 6075.69 5986.15 5344.95 5370.27
threshold=8.0000000000000018 107.50000000000001 10.500000000000002 13.500000000000002 24.500000000000004 5.5000000000000009 20.000000000000004 35.500000000000007 135.50000000000003 16.500000000000004 213.05000305175784 89.549999237060561 117.50000000000001 6.5000000000000009 29.500000000000004 13.500000000000002 13.500000000000002 188.65000152587893 16.500000000000004 16.500000000000004 192.55000305175784 10.500000000000002 20.000000000000004 20.000000000000004 10.500000000000002 10.500000000000002 8.0000000000000018 13.500000000000002 5.5000000000000009 6.5000000000000009
decision_type=2 2 2 2 2 2 2 2 2 2 10 10 2 2 2 2 2 10 2 2 8 2 2 2 2 2 2 2 2 2
left_child=1 5 8 7 18 11 10 24 15 21 16 -1 -10 -8 -11 -2 26 -12 -5 -7 -15 -6 -14 -21 -4 -20 -3 -17 -26 -30
right_child=2 6 3 4 9 19 13 -9 12 14 17 -13 22 20 -16 27 -18 -19 25 23 -22 -23 -24 -25 28 -27 -28 -29 29 -31
leaf_value=-0.0958492085142124 -0.028640033595540307 -0.052550471508718791 0.017969555499228719 0.052742326307465594 0.065969249624231521 -0.046303491067410246 0.019011648617791706 0.186293861284857 0.15210919891278216 0.18839011138089901 0.15530761039638308 -0.044115151389000996 0.014168772450621554 0.07807461434630468 0.34390728747709615 0.001555419434015931 0.030825352992918911 0.020053676268304059 0.079140900249844048 -0.021303247958391166 0.21185281836233019 0.19317911911007637 0.10355386596910852 0.08541556724819456 0.016255594011309653 0.16128499781137817 0.0019088840425950484 0.077435643690461159 0.032493242334677333 0.13606786612216182
leaf_weight=3837 1937 1257 1414 542 177 3149 316 199 242 197 182 1458 946 240 205 781 882 299 406 480 182 304 274 209 290 577 918 412 197 384
leaf_count=3837 1937 1257 1414 542 177 3149 316 199 242 197 182 1458 946 240 205 781 882 299 406 480 182 304 274 209 290 577 918 412 197 384
internal_value=0.000195219 -0.0380143 0.0542204 0.0936021 0.137848 -0.0624465 0.0141644 0.0507009 0.0122607 0.201685 -0.000779945 -0.0816085 0.0537859 0.0858399 0.267755 -0.00712792 -0.0121258 0.0712798 0.10087 -0.036004 0.135826 0.146417 0.0342631 0.0110345 0.0388818 0.127382 -0.029554 0.0277802 0.0728042 0.100989
internal_weight=22893 13409 9484 4892 2408 9133 4276 2484 4592 883 3538 5295 1462 738 402 3130 3057 481 1525 3838 422 481 1220 689 2285 983 2175 1193 871 581
internal_count=22893 13409 9484 4892 2408 9133 4276 2484 4592 883 3538 5295 1462 738 402 3130 3057 481 1525 3838 422 481 1220 689 2285 983 2175 1193 871 581
is_linear=0
shrinkage=0.0161


Tree=8
num_leaves=31
num_cat=0
split_feature=156 274 538 335 599 333 155 114 456 370 359 599 479 131 541 366 213 214 279 396 560 547 344 534 309 130 374 232 479 237
split_gain=163712 63789.8 59890.8 29992.3 21244.2 18904 18557 16364.8 14709.2 10635.6 10433 9557.33 8821.02 8816.42 8524.18 8504.17 8239.38 6968.82 6830.09 6708.2 6706.65 6654.11 6469.67 6386.83 6304.14 6067.13 5941.18 5315.33 6061.73 5021.22
threshold=8.0000000000000018 10.500000000000002 90.500000000000014 13.500000000000002 215.15000152587893 35.500000000000007 6.5000000000000009 20.000000000000004 29.500000000000004 6.5000000000000009 20.000000000000004 167.05000305175784 35.500000000000007 5.5000000000000009 220.15000152587893 13.500000000000002 16.500000000000004 8.0000000000000018 16.500000000000004 8.0000000000000018 174.34999847412112 156.94999694824222 16.500000000000004 30.500000000000004 4.5000000000000009 16.500000000000004 8.0000000000000018 6.5000000000000009 13.500000000000002 10.500000000000002
decision_type=2 2 2 2 10 2 2 2 2 2 2 10 2 2 8 2 2 2 2 2 8 8 2 2 2 2 2 2 2 2
left_child=2 7 6 12 10 9 23 13 -7 -5 19 25 24 -2 -6 -12 21 -8 -15 -4 -18 26 -20 -1 -3 29 -11 -21 -29 -9
right_child=1 3 4 5 14 8 17 11 -10 16 15 -13 -14 18 -16 -17 20 -19 22 27 -22 -23 -24 -25 -26 -27 -28 28 -30 -31
leaf_value=-0.097202233377754146 -0.037484733859087169 -0.032547622267184939 -0.032218073902504321 0.052548381772539073 0.0502136348491551 0.15003641536188322 -0.055127054245291511 -0.024061400923922158 0.32243812955464707 0.078907597033473553 0.0099249217219494791 0.16314351422340387 0.14171919419567766 -0.0029629750347953984 0.17737726352946531 0.12370692952109115 0.13007415743275355 -0.0035378373873459507 0.023286762242189309 -0.023382339671236811 0.24627910903120137 0.054416305938043356 0.13121739024397353 -0.061186536915636351 0.045127512674917526 0.11337173510173268 0.18223718710192285 0.016561405661392359 0.13022973349956748 0.070439084946407021
leaf_weight=3125 1411 340 2498 729 374 398 1436 351 190 260 510 212 203 1929 216 256 310 1289 470 523 222 456 208 2166 1326 224 327 473 164 249
leaf_count=3125 1411 340 2498 729 374 398 1436 351 190 260 510 212 203 1929 216 256 310 1289 470 523 222 456 208 2166 1326 224 327 473 164 249
internal_value=-0.000173739 0.0494843 -0.037581 0.0917736 0.00605828 0.124263 -0.0648803 0.00964196 0.205784 0.103448 -0.00603915 0.0666979 0.0414884 -0.00506347 0.0968083 0.047982 0.126992 -0.0307326 0.012475 -0.0173578 0.17861 0.100641 0.0564329 -0.0824628 0.0292613 0.0418556 0.136509 0.0146226 0.045863 0.0151171
internal_weight=22845 9815 13030 4761 5014 2892 8016 5054 588 2304 4424 1036 1869 4018 590 766 1575 2725 2607 3658 532 1043 678 5291 1666 824 587 1160 637 600
internal_count=22845 9815 13030 4761 5014 2892 8016 5054 588 2304 4424 1036 1869 4018 590 766 1575 2725 2607 3658 532 1043 678 5291 1666 824 587 1160 637 600
is_linear=0
shrinkage=0.0161


Tree=9
num_leaves=31
num_cat=0
split_feature=215 539 216 95 216 359 393 359 114 158 216 177 189 166 599 95 252 191 277 456 246 157 319 562 368 170 484 599 39 46
split_gain=167630 83127.6 49375.3 20071 19334.7 19184.2 17512.8 16464.9 14908.5 12389.9 12162.4 11330.3 11097 10088.7 11090 8332.35 8079.29 8055.06 7999.3 7189.04 6170.96 6063.2 6063.16 6036.03 5888.6 5793.04 5495.99 5475.28 5381.24 4998.37
threshold=10.500000000000002 85.500000000000014 16.500000000000004 16.500000000000004 4.5000000000000009 43.500000000000007 29.500000000000004 16.500000000000004 16.500000000000004 16.500000000000004 8.0000000000000018 35.500000000000007 13.500000000000002 13.500000000000002 174.34999847412112 8.0000000000000018 20.000000000000004 8.0000000000000018 16.500000000000004 10.500000000000002 8.0000000000000018 5.5000000000000009 10.500000000000002 151.55000305175784 16.500000000000004 6.5000000000000009 13.500000000000002 201.75000000000003 13.500000000000002 16.500000000000004
decision_type=2 2 2 2 2 2 2 2 2 2 2 2 2 2 10 2 2 2 2 2 2 2 2 8 2 2 2 10 2 2
left_child=1 4 7 25 26 8 12 10 17 -8 24 27 -5 16 -15 -6 -10 22 -14 -19 -7 -17 -3 -20 -2 -4 -1 -9 -12 -27
right_child=2 5 3 6 15 20 9 11 13 -11 28 -13 18 14 -16 21 -18 19 23 -21 -22 -23 -24 -25 -26 29 -28 -29 -30 -31
leaf_value=-0.11131310439995534 -0.030345174820305812 -0.044731945967629971 0.010983240714002898 0.069083622437398254 -0.055732701570033648 0.059449746927781148 0.15511605215093974 0.047455893661458866 -0.00085183533782344587 0.31578211974420078 0.022870036731123321 0.20253141016199841 0.10136667318262117 0.052084999378288102 0.20874596216135693 -0.049296875710962702 0.10845705834082331 -0.0068199532110092709 0.27501034010779812 0.059246664652485986 0.19695679796271121 0.012275740051657342 0.0074570503505960242 0.1443836651736207 0.035562413453791027 0.057322253684454032 -0.072792856937524256 0.148137428656783 0.085840438217765255 0.16037873935112398
leaf_weight=1561 1465 1595 410 645 3124 160 273 1047 817 230 936 167 305 315 187 680 223 1098 194 698 181 1061 903 176 462 378 2513 162 565 181
leaf_count=1561 1465 1595 410 645 3124 160 273 1047 817 230 936 167 305 315 187 680 223 1098 194 698 181 1061 903 176 462 378 2513 162 565 181
internal_value=0.000712557 -0.0302925 0.0624156 0.116262 -0.0616782 0.0151232 0.147742 0.0311161 0.00826044 0.228628 0.012224 0.0781645 0.116901 0.0512035 0.11049 -0.0400013 0.0225639 -0.00715518 0.162559 0.0188432 0.132506 -0.0117598 -0.0258568 0.212938 -0.0145316 0.057014 -0.0875581 0.0609662 0.0465888 0.0907333
internal_weight=22712 15116 7596 2792 8939 6177 1823 4804 5836 503 3428 1376 1320 1542 502 4865 1040 4294 675 1796 341 1741 2498 370 1927 969 4074 1209 1501 559
internal_count=22712 15116 7596 2792 8939 6177 1823 4804 5836 503 3428 1376 1320 1542 502 4865 1040 4294 675 1796 341 1741 2498 370 1927 969 4074 1209 1501 559
is_linear=0
shrinkage=0.0161


Tree=10
num_leaves=31
num_cat=0
split_feature=275 537 393 156 599 276 248 479 68 394 157 218 299 37 468 215 158 276 549 455 336 219 504 176 550 478 131 129 249 58
split_gain=162694 82519.9 44103.5 27191.6 23494.5 19936 18690.7 14485 12825.8 12220.2 11317.3 10786.9 9706.54 8674.12 8097.82 7993.1 7689.37 7005.63 6656.5 6532.65 6504.81 6435.14 6399.25 5661.3 5644.55 5208.2 5016.97 4948.78 4906.85 4823.33
threshold=13.500000000000002 103.50000000000001 24.500000000000004 6.5000000000000009 260.05000305175787 20.000000000000004 16.500000000000004 35.500000000000007 10.500000000000002 6.5000000000000009 10.500000000000002 16.500000000000004 24.500000000000004 20.000000000000004 13.500000000000002 4.5000000000000009 10.500000000000002 8.0000000000000018 224.44999694824222 16.500000000000004 10.500000000000002 6.5000000000000009 182.50000000000003 13.500000000000002 98.750000000000014 24.500000000000004 3.5000000000000004 5.5000000000000009 5.5000000000000009 13.500000000000002
decision_type=2 2 2 2 10 2 2 2 2 2 2 2 2 2 2 2 2 2 10 2 2 2 2 2 10 2 2 2 2 2
left_child=1 3 6 15 7 17 12 10 -7 24 19 -8 16 -10 -13 -1 -2 -4 26 25 -11 -19 -9 -14 -5 -3 -12 -22 -26 -27
right_child=2 4 5 9 -6 8 11 22 13 20 18 14 23 -15 -16 -17 -18 21 -20 -21 27 -23 -24 -25 28 29 -28 -29 -30 -31
leaf_value=-0.089861157825240109 -0.0091086229829681863 -0.025816455195044715 0.044346393474553672 -0.066138112171896274 0.1927432461812085 0.10137619872021943 0.06014511423328632 0.14713006368795742 0.17830969906854391 -0.020032238806055615 -0.040272277409396463 0.096239078169935696 0.049852747274483598 0.33228047375885755 0.22443166853869445 -0.054535459760160949 0.044409665077238626 0.066534359412179334 0.1397791076713383 0.05342358476615975 -0.021060128354905276 0.17495177623862945 0.02519587643324063 0.16745983306871101 -0.072209250646295603 -0.029480702398950571 0.043136887678656366 0.060344818777469743 0.038853818802039232 0.084820929542557461
leaf_weight=3653 1754 2591 375 1408 201 168 1028 293 161 1097 218 307 303 234 220 3053 1153 232 162 379 269 369 181 164 160 164 1301 687 290 229
leaf_count=3653 1754 2591 375 1408 201 168 1028 293 161 1097 218 307 303 234 220 3053 1153 232 162 379 269 369 181 164 160 164 1301 687 290 229
internal_value=-0.000485179 -0.0275456 0.0678567 -0.054104 0.0217545 0.143102 0.0443579 0.0155217 0.219431 -0.0203568 0.00752026 0.0905444 0.0230647 0.269582 0.149799 -0.0737822 0.0121102 0.0990473 0.0416335 -0.00952429 0.00670691 0.133139 0.100618 0.0912041 -0.0502736 -0.0175272 0.0311509 0.0374144 -0.000582969 0.0370626
internal_weight=22804 16336 6468 10617 5719 1539 4929 5518 563 3911 5044 1555 3374 395 527 6706 2907 976 1681 3363 2053 601 474 467 1858 2984 1519 956 450 393
internal_count=22804 16336 6468 10617 5719 1539 4929 5518 563 3911 5044 1555 3374 395 527 6706 2907 976 1681 3363 2053 601 474 467 1858 2984 1519 956 450 393
is_linear=0
shrinkage=0.0161


Tree=11
num_leaves=31
num_cat=0
split_feature=215 537 336 214 216 157 359 95 192 478 203 599 537 70 334 519 130 406 359 157 534 393 258 395 58 287 154 169 68 408
split_gain=166773 67072.4 58713.2 27692.9 24005.5 22179.2 15713.2 12970.2 15289.4 11630.7 11202.9 9542.61 8748.73 7455.68 7433.79 6813.24 6465.11 6363.99 6237.22 6024.29 7222.26 5968.29 7486.08 5762.36 5591.06 5568.12 5434 5271.67 5189.17 5139.28
threshold=10.500000000000002 107.50000000000001 10.500000000000002 13.500000000000002 6.5000000000000009 13.500000000000002 29.500000000000004 29.500000000000004 13.500000000000002 35.500000000000007 6.5000000000000009 247.34999847412112 36.500000000000007 13.500000000000002 6.5000000000000009 42.500000000000007 20.000000000000004 6.5000000000000009 24.500000000000004 8.0000000000000018 125.50000000000001 13.500000000000002 16.500000000000004 24.500000000000004 29.500000000000004 24.500000000000004 8.0000000000000018 16.500000000000004 29.500000000000004 10.500000000000002
decision_type=2 2 2 2 2 2 2 2 2 2 2 10 2 2 2 2 2 2 2 2 2 2 2 2 2 2 2 2 2 2
left_child=1 4 9 13 12 28 10 27 -9 15 19 21 26 18 16 -2 -6 -8 -4 -3 -21 24 -23 -15 -12 -17 -1 -7 -5 -16
right_child=2 6 3 5 14 7 17 8 -10 -11 11 -13 -14 23 29 25 -18 -19 -20 20 -22 22 -24 -25 -26 -27 -28 -29 -30 -31
leaf_value=-0.097832887533444199 -0.030376479503203335 -0.042202409881655266 0.015624528589473791 0.060465934560403903 -0.055089396468343162 0.10915655536223733 0.17298610265085948 0.16668096631137322 0.33603207168463917 0.10826544525347979 -0.0046676803913058094 0.15064994952068614 -0.049677994536492014 0.057364520707026738 -0.018378281066329005 0.0092239454111576295 0.020577180310695335 0.057504818448027233 0.12428252961163094 0.10093234791870292 -0.013388859026611169 0.027732002720267646 0.14454103606752064 0.13865232856227722 0.093974650063919224 0.083559284309536144 -0.053882649679243111 0.20453655023611347 0.15163506809636465 0.041445531328771719
leaf_weight=3050 1041 1249 956 703 1575 476 197 305 254 300 1447 161 2674 515 897 1827 359 335 160 191 572 483 202 405 166 305 962 221 211 636
leaf_count=3050 1041 1249 956 703 1575 476 197 305 254 300 1447 161 2674 515 897 1827 359 335 160 191 572 483 202 405 166 305 962 221 211 636
internal_value=0.0003164 -0.0306531 0.0614438 0.101898 -0.0544288 0.141922 0.0175922 0.185845 0.243673 0.0124443 0.00774425 0.0308008 -0.0722572 0.0592288 -0.0200407 0.00337719 -0.0410316 0.100312 0.0312238 -0.020423 0.0151981 0.0223938 0.0622122 0.0931744 0.00546939 0.0198693 -0.0873003 0.139433 0.0815384 0.00642564
internal_weight=22835 15156 7679 4206 10153 2170 5003 1256 559 3473 4471 2459 6686 2036 3467 3173 1934 532 1116 2012 763 2298 685 920 1613 2132 4012 697 914 1533
internal_count=22835 15156 7679 4206 10153 2170 5003 1256 559 3473 4471 2459 6686 2036 3467 3173 1934 532 1116 2012 763 2298 685 920 1613 2132 4012 697 914 1533
is_linear=0
shrinkage=0.0161


Tree=12
num_leaves=31
num_cat=0
split_feature=215 538 216 216 34 359 9 599 35 277 394 276 276 228 541 141 481 97 532 245 333 453 359 215 217 429 95 429 599 240
split_gain=158288 67740 38290.5 27835.1 22297.7 18188.9 16632.3 15749 12196.4 12480 11608.9 11106.1 10873.5 9400.93 8333.92 8036.82 7761.5 7323.45 8459.49 10402.2 7080.59 6409.9 5684.18 5678.67 5084.21 4994.92 5468.92 4939.04 4857.42 5591.67
threshold=13.500000000000002 96.500000000000014 16.500000000000004 6.5000000000000009 29.500000000000004 20.000000000000004 13.500000000000002 226.84999847412112 29.500000000000004 20.000000000000004 10.500000000000002 6.5000000000000009 8.0000000000000018 35.500000000000007 71.750000000000014 10.500000000000002 242.50000000000003 5.5000000000000009 198.50000000000003 10.500000000000002 20.000000000000004 29.500000000000004 16.500000000000004 3.5000000000000004 5.5000000000000009 5.5000000000000009 10.500000000000002 16.500000000000004 91.649997711181655 13.500000000000002
decision_type=2 2 2 2 2 2 2 10 2 2 2 2 2 2 8 2 2 2 2 2 2 2 2 2 2 2 2 2 10 2
left_child=1 3 7 14 8 11 -6 12 -4 -10 28 16 22 21 -1 -8 -3 -7 19 -19 24 -13 -2 -16 -14 -12 -27 -26 -5 -30
right_child=2 5 4 10 6 17 15 -9 9 -11 25 13 20 -15 23 -17 -18 18 -20 -21 -22 -23 -24 -25 27 26 -28 -29 29 -31
leaf_value=-0.10412832657430252 -0.014721436489151415 -0.030942525506473775 0.062508350718130296 -0.048470372773210389 0.089251265059328136 0.017899601021843178 0.19620306519708638 0.17872581606435581 0.089553082257460323 0.23839026021946466 -0.027986291379022574 0.010205897975872904 -0.017174622798627179 0.13909510030192121 -0.08260917718352577 0.33939663908514173 0.057139308453782262 0.071911922731940567 0.027549990373423663 0.21527161561325064 0.11311333023477636 0.099962306445561547 0.050536897598502918 -0.047599861023699154 0.031370947724939334 -0.0030129467693901812 0.077581188939397319 0.11185340030275685 -0.027687509548500345 0.074364100841690262
leaf_weight=1427 1303 2189 1202 1803 216 406 216 196 353 250 329 2173 308 181 1879 194 294 280 264 248 467 228 471 3346 583 364 543 300 474 197
leaf_count=1427 1303 2189 1202 1803 216 406 216 196 353 250 329 2173 308 181 1879 194 294 280 264 248 467 228 471 3346 583 364 543 300 474 197
internal_value=0.00102535 -0.0246486 0.0714746 -0.0499152 0.120923 0.0171508 0.203751 0.0383345 0.0921839 0.151299 -0.0145734 0.00380215 0.03031 0.0271852 -0.0696227 0.264015 -0.0205037 0.0735674 0.102074 0.139292 0.0599535 0.018739 0.00259149 -0.0601943 0.0390894 0.0257082 0.045211 0.0587416 -0.0347075 0.00223891
internal_weight=22684 16625 6059 10362 2431 6263 626 3628 1805 603 3710 5065 3432 2582 6652 410 2483 1198 792 528 1658 2401 1774 5225 1191 1236 907 883 2474 671
internal_count=22684 16625 6059 10362 2431 6263 626 3628 1805 603 3710 5065 3432 2582 6652 410 2483 1198 792 528 1658 2401 1774 5225 1191 1236 907 883 2474 671
is_linear=0
shrinkage=0.0161


Tree=13
num_leaves=31
num_cat=0
split_feature=275 538 454 96 599 96 118 179 99 34 557 97 537 419 176 218 247 320 396 471 48 276 216 276 199 369 394 356 125 97
split_gain=154338 68589.4 41433.5 27831 22175.8 22158.3 18178.9 13790.9 13756.1 13293.4 12142.3 12013.7 10423.5 9063.46 8548.88 8290.44 8170.89 7635.29 7609.65 7243.24 6921.48 6696.98 6365.16 6038.61 5797.37 5636.93 5434.04 5170.93 5309.81 4725.68
threshold=13.500000000000002 118.50000000000001 16.500000000000004 8.0000000000000018 226.84999847412112 20.000000000000004 24.500000000000004 10.500000000000002 13.500000000000002 16.500000000000004 198.94999694824222 29.500000000000004 36.500000000000007 16.500000000000004 16.500000000000004 29.500000000000004 20.000000000000004 6.5000000000000009 10.500000000000002 20.000000000000004 29.500000000000004 10.500000000000002 10.500000000000002 6.5000000000000009 16.500000000000004 13.500000000000002 8.0000000000000018 4.5000000000000009 8.0000000000000018 6.5000000000000009
decision_type=2 2 2 2 8 2 2 2 2 2 8 2 2 2 2 2 2 2 2 2 2 2 2 2 2 2 2 2 2 2
left_child=1 3 7 12 13 14 10 15 24 29 -6 16 26 18 23 -2 -10 -16 -3 -20 21 -9 -11 -4 -7 -24 -1 -12 -29 -5
right_child=2 4 5 9 6 8 -8 20 11 22 27 -13 -14 -15 17 -17 -18 -19 19 -21 -22 -23 25 -25 -26 -27 -28 28 -30 -31
leaf_value=-0.092603290649049638 -0.0076123409807924061 -0.032162704648210805 -0.0056399443105778369 -0.055079706966717087 0.15552824109281133 0.076032095856028659 0.20433924248018495 0.010073988832297735 0.10088849714571067 0.0012664889597529597 -0.032361551281638125 0.29070354834245976 -0.043329360896428602 0.048566742676341611 0.047416146835457917 0.10653332575723477 0.24156331175485393 0.18453543390071736 0.0020829882564580245 0.11581428683235651 0.16238424319586325 0.088561602935765843 0.034849870860125622 0.072184236258693135 0.17807639167294934 0.15021662715542022 -0.050880576294729661 0.0075578346793759889 0.097234447205447869 -0.012991601371750802
leaf_weight=3108 1857 1670 370 1115 238 493 247 497 278 517 272 273 3257 851 173 181 175 271 663 186 179 653 258 853 205 192 1098 358 329 1826
leaf_count=3108 1857 1670 370 1115 238 493 247 497 278 517 272 273 3257 851 173 181 175 271 663 186 179 653 258 853 205 192 1098 358 329 1826
internal_value=0.00137682 -0.0251736 0.0679209 -0.0467394 0.0257616 0.110486 0.0785513 0.0288381 0.157139 -0.0119247 0.0525754 0.206239 -0.064967 0.0031349 0.0706191 0.00251368 0.155285 0.131161 -0.0122041 0.0270271 0.0691884 0.0546618 0.0398497 0.0486205 0.106036 0.0841253 -0.0817169 0.0270005 0.0505377 -0.0289562
internal_weight=22643 16185 6458 11371 4814 3091 1444 3367 1424 3908 1197 726 7463 3370 1667 2038 453 444 2519 849 1329 1150 967 1223 698 450 4206 959 687 2941
internal_count=22643 16185 6458 11371 4814 3091 1444 3367 1424 3908 1197 726 7463 3370 1667 2038 453 444 2519 849 1329 1150 967 1223 698 450 4206 959 687 2941
is_linear=0
shrinkage=0.0161


Tree=14
num_leaves=31
num_cat=0
split_feature=215 538 276 214 308 457 359 96 357 456 599 359 131 597 359 596 479 211 35 416 250 179 520 534 590 333 333 337 290 42
split_gain=147354 70506.9 38443 27737 20872.7 21815.1 20731.4 19446.6 13365.9 12979.8 12031.5 10489 9650.5 9501.08 8971.11 11190.2 8702.29 8349.07 7747.61 7395.98 6425.77 6116.53 5903.2 5307.08 5302.2 4964.81 4582.77 4264.34 4144.8 6444.91
threshold=10.500000000000002 88.500000000000014 8.0000000000000018 13.500000000000002 10.500000000000002 20.000000000000004 43.500000000000007 6.5000000000000009 35.500000000000007 24.500000000000004 198.94999694824222 16.500000000000004 5.5000000000000009 186.44999694824222 8.0000000000000018 228.75000000000003 29.500000000000004 24.500000000000004 6.5000000000000009 24.500000000000004 13.500000000000002 29.500000000000004 135.50000000000003 16.500000000000004 181.25000000000003 29.500000000000004 35.500000000000007 5.5000000000000009 8.0000000000000018 20.000000000000004
decision_type=2 2 2 2 2 2 2 2 2 2 10 2 2 8 2 8 2 2 2 2 2 2 2 2 10 2 2 2 2 2
left_child=1 7 11 16 19 17 8 23 10 -7 12 24 -3 -10 -12 -16 20 26 -9 -5 -4 28 -13 -1 -2 27 -6 -20 -14 -30
right_child=2 6 3 4 5 9 -8 18 13 -11 14 22 21 -15 15 -17 -18 -19 25 -21 -22 -23 -24 -25 -26 -27 -28 -29 29 -31
leaf_value=-0.094654661064688325 -0.019977498040979879 -0.040174113940919451 0.011929186614693991 0.038046330241350984 0.072749120258356767 0.15720139486517998 0.14139643662485163 -0.052277583516233815 0.019757788645656745 0.31164718880056658 0.0028445096912589622 0.027982464518968908 -0.017061241566295803 0.17041107714301862 0.17866596684485048 0.014992996208996981 0.13149553107458903 0.20882708840281874 -0.044330467284575681 0.15250299858168062 0.06961614076531196 0.10031817867179342 0.12492576518729719 -0.062132316063663089 0.058643978192818247 0.073208882191559396 0.15961843124705402 0.0068121381640179005 0.0039392130064556993 0.093603211720634918
leaf_weight=2263 1687 1697 1264 736 678 272 318 1765 222 295 426 456 1334 213 246 194 273 198 714 183 830 177 254 3077 256 187 206 1034 916 269
leaf_count=2263 1687 1697 1264 736 678 272 318 1765 222 295 426 456 1334 213 246 194 273 198 714 183 830 177 254 3077 256 187 206 1034 916 269
internal_value=0.0013185 -0.0278437 0.0591693 0.0857402 0.122391 0.156666 0.0148819 -0.0562606 0.00781216 0.237598 0.000713362 0.00973445 -0.0100943 0.0935801 0.055565 0.106555 0.0459676 0.114233 -0.0278823 0.0608636 0.0348058 0.00883076 0.0626967 -0.0759191 -0.00960661 -0.00561812 0.093019 -0.0140645 0.00239297 0.0243132
internal_weight=22640 15052 7588 4935 2568 1649 6012 9040 5694 567 5259 2653 4393 435 866 440 2367 1082 3700 919 2094 2696 710 5340 1943 1935 884 1748 2519 1185
internal_count=22640 15052 7588 4935 2568 1649 6012 9040 5694 567 5259 2653 4393 435 866 440 2367 1082 3700 919 2094 2696 710 5340 1943 1935 884 1748 2519 1185
is_linear=0
shrinkage=0.0161


Tree=15
num_leaves=31
num_cat=0
split_feature=156 274 539 456 599 69 275 178 215 273 214 8 220 492 129 190 365 403 174 157 411 321 579 524 95 427 540 334 573 389
split_gain=145129 54637 46531.7 20363.3 16021.3 15494.8 15203.1 12806.3 12603.2 9654.77 9200.74 8939.87 7907.99 7509.78 7239.18 7238.25 6703.33 6658.17 6627.23 6038.55 5898.59 5835.32 5711.23 10029.8 5566.41 5380.74 7907.4 5336.09 5275.17 4686.97
threshold=8.0000000000000018 16.500000000000004 61.500000000000007 29.500000000000004 215.15000152587893 29.500000000000004 4.5000000000000009 10.500000000000002 5.5000000000000009 16.500000000000004 16.500000000000004 10.500000000000002 16.500000000000004 127.50000000000001 5.5000000000000009 13.500000000000002 8.0000000000000018 35.500000000000007 5.5000000000000009 4.5000000000000009 8.0000000000000018 4.5000000000000009 139.25000000000003 167.50000000000003 6.5000000000000009 5.5000000000000009 216.75000000000003 13.500000000000002 95.850002288818374 29.500000000000004
decision_type=2 2 2 2 10 2 2 2 2 2 2 2 2 2 2 2 2 2 2 2 2 2 8 2 2 2 10 2 10 2
left_child=2 6 8 9 10 13 -2 17 -1 -3 18 15 -13 -5 -12 -9 -11 19 -4 -8 -20 -18 -23 -24 -21 -6 -27 -10 -16 -22
right_child=1 3 4 5 25 -7 7 11 27 16 14 12 -14 -15 28 -17 21 -19 20 24 29 22 23 -25 -26 26 -28 -29 -30 -31
leaf_value=-0.083720623618929971 -0.033725884538255389 0.050087472890320041 -0.045249245370737559 0.18893682742475945 -0.00067084117140753902 0.30056756398728385 -0.045397268338906879 0.0038388160576390837 -0.05288009523736472 0.058703748598024776 -0.029505673718354258 0.069709271752022198 0.17147380235559911 0.063438741681580063 0.14179302594888477 0.097205499465289794 0.06258940469184919 0.090391928802678961 -0.029707242958070975 -0.018922334362550267 0.0058448198830661378 0.1102809087051201 0.29694287199348623 0.11874925089784234 0.031388719643258428 0.048745833727823672 0.18858276110167302 -0.0018653483337152327 0.03635554485177557 0.097878537579951283
leaf_weight=3952 1118 1314 1915 269 182 195 500 745 1803 388 320 699 277 230 168 303 190 262 1463 830 1322 271 169 160 1817 270 172 755 463 161
leaf_count=3952 1118 1314 1915 269 182 195 500 745 1803 388 320 699 277 230 168 303 190 262 1463 830 1322 271 169 160 1817 270 172 755 463 161
internal_value=-2.42632e-05 0.0469326 -0.0353434 0.101622 -0.00464117 0.178779 0.0203315 0.0314597 -0.0656931 0.0801248 -0.0129679 0.0635419 0.0986153 0.131139 0.0328202 0.0308556 0.11361 0.0124049 -0.0219307 0.00590469 -0.00676488 0.140547 0.165194 0.210355 0.0156042 0.0728774 0.103215 -0.0378322 0.0644649 0.0158522
internal_weight=22683 9737 12946 3186 6436 694 6551 5433 6510 2492 5812 2024 976 499 951 1048 1178 3409 4861 3147 2946 790 600 329 2647 624 442 2558 631 1483
internal_count=22683 9737 12946 3186 6436 694 6551 5433 6510 2492 5812 2024 976 499 951 1048 1178 3409 4861 3147 2946 790 600 329 2647 624 442 2558 631 1483
is_linear=0
shrinkage=0.0161


Tree=16
num_leaves=31
num_cat=0
split_feature=275 538 336 154 187 359 393 395 599 37 130 343 95 405 172 501 333 496 539 96 160 216 511 96 495 216 71 166 395 215
split_gain=147124 51899.7 51879.2 28027.7 16558.2 16243.8 15061.9 12744.9 12574.4 11630.4 9068.93 7559.15 8464.13 7439.63 7348.49 8205.67 6824.99 6769.64 6584.53 7203.04 6907.35 6431.99 6404.72 5381.73 6059.84 5303.88 5114.64 5112.34 5111.86 4948.59
threshold=8.0000000000000018 89.500000000000014 10.500000000000002 16.500000000000004 20.000000000000004 16.500000000000004 13.500000000000002 4.5000000000000009 154.15000152587893 24.500000000000004 5.5000000000000009 35.500000000000007 16.500000000000004 13.500000000000002 6.5000000000000009 101.50000000000001 35.500000000000007 149.50000000000003 246.50000000000003 20.000000000000004 35.500000000000007 10.500000000000002 144.50000000000003 20.000000000000004 130.50000000000003 6.5000000000000009 10.500000000000002 6.5000000000000009 16.500000000000004 13.500000000000002
decision_type=2 2 2 2 2 2 2 2 10 2 2 2 2 2 2 2 2 2 2 2 2 2 2 2 2 2 2 2 2 2
left_child=1 7 6 10 16 18 17 -1 -8 28 -4 12 -12 -10 -7 -16 29 25 19 20 26 -9 -21 -14 -25 -2 -3 -17 -6 -5
right_child=2 5 3 4 9 14 8 21 13 -11 11 -13 23 -15 15 27 -18 -19 -20 22 -22 -23 -24 24 -26 -27 -28 -29 -30 -31
leaf_value=-0.081227214921778826 -0.04894318075892054 -0.049382150161671017 0.0043151145613472873 0.015473990528449716 0.077749701370855934 0.011472718081613792 0.020554030113964041 -0.051497416748482239 0.060866209760489197 0.27941078531010977 0.029180333204762529 0.16161379685594812 0.054309172612472444 0.18875268244662954 0.188007013181128 -0.0041119247548935031 0.16061186424100737 0.028000303124569557 0.050164090609773858 0.12294665731110219 0.069989347550889036 -0.0045371783734040787 -0.016107013757892228 0.1721041925805448 0.056648944333122876 0.00084596896935543089 -0.0035928478480726877 0.10280509577717498 0.18598013507010278 0.09657057053949597
leaf_weight=3831 1238 1685 760 272 185 469 1288 3348 269 253 1124 206 465 211 179 192 311 796 423 169 183 978 174 325 186 1003 1014 291 295 696
leaf_count=3831 1238 1685 760 272 185 469 1288 3348 269 253 1124 206 465 211 179 192 311 796 423 169 183 978 174 325 186 1003 1014 291 295 696
internal_value=0.000579929 -0.0351516 0.0473518 0.0832345 0.129935 0.00697532 0.00942541 -0.0598356 0.0467876 0.190977 0.0525808 0.0684777 0.0593303 0.117132 0.0602867 0.0948339 0.0949331 -0.0123174 -0.00954652 -0.0173856 -0.0256919 -0.0408863 0.0523377 0.0940281 0.130125 -0.0266486 -0.0321881 0.0602552 0.144315 0.0738074
internal_weight=22819 12936 9883 5078 2012 4779 4805 8157 1768 733 3066 2306 2100 480 1131 662 1279 3037 3648 3225 2882 4326 343 976 511 2241 2699 483 480 968
internal_count=22819 12936 9883 5078 2012 4779 4805 8157 1768 733 3066 2306 2100 480 1131 662 1279 3037 3648 3225 2882 4326 343 976 511 2241 2699 483 480 968
is_linear=0
shrinkage=0.0161


Tree=17
num_leaves=31
num_cat=0
split_feature=275 539 187 479 395 336 479 276 394 550 156 539 396 478 97 13 84 221 47 196 552 594 508 278 227 38 274 541 189 575
split_gain=143518 58813 35383.7 21940.8 21637 19694.5 14143.3 13701.2 10584.6 10488.6 9864.25 9432.76 9114.29 8434.61 7900.46 6990.37 7609.44 6365.14 5853.09 5711.34 5305.88 4903.26 6001.43 4834.69 5700.7 4806.79 4805.16 4803.99 4760.66 5001.03
threshold=13.500000000000002 87.500000000000014 13.500000000000002 29.500000000000004 5.5000000000000009 10.500000000000002 16.500000000000004 6.5000000000000009 35.500000000000007 244.44999694824222 8.0000000000000018 242.50000000000003 8.0000000000000018 35.500000000000007 20.000000000000004 35.500000000000007 24.500000000000004 29.500000000000004 16.500000000000004 8.0000000000000018 170.05000305175784 203.05000305175784 241.50000000000003 6.5000000000000009 16.500000000000004 16.500000000000004 8.0000000000000018 71.750000000000014 8.0000000000000018 147.94999694824222
decision_type=2 2 2 2 2 2 2 2 2 8 2 2 2 2 2 2 2 2 2 2 10 10 2 2 2 2 2 8 2 10
left_child=1 4 7 11 27 18 8 20 -7 25 -6 12 17 19 -8 16 -14 28 -4 -9 -2 -13 -23 -21 -25 -5 -12 -1 -3 -30
right_child=2 3 5 9 10 6 14 13 -10 -11 26 21 15 -15 -16 -17 -18 -19 -20 23 -22 22 -24 24 -26 -27 -28 -29 29 -31
leaf_value=-0.10254013840794261 -0.030912923646863672 -0.048979526575334047 0.020975668812629255 0.028083848235130066 -0.046268718688636391 0.074293231285078948 0.14814522985528844 0.020478117938047533 0.19256704279195763 0.19955429620724707 -0.022778924016787307 0.014176287902932903 -0.0044681215193007988 0.13962807116058398 0.26078553318836956 0.11115152223080832 0.084163379809517061 0.053116389485779708 0.11051304955495257 0.022462513097498686 0.067812540877669886 0.15884795357677847 0.027347329121508158 0.063635906858788574 0.15777516865322022 0.13265445800839071 0.027568371999256405 -0.065397442018349766 0.029430871145112242 -0.041761933912746532
leaf_weight=1176 907 1690 605 387 2609 744 340 1355 267 184 1020 385 1622 259 310 192 297 246 276 394 167 191 171 568 237 162 948 3930 529 495
leaf_count=1176 907 1690 605 387 2609 744 340 1355 267 184 1020 385 1622 259 310 192 297 246 276 394 167 191 171 568 237 162 948 3930 529 495
internal_value=-0.00046453 -0.025962 0.063916 0.0112914 -0.0511681 0.110626 0.143271 0.0333626 0.105552 0.0943022 -0.0257406 0.000829007 -0.00703502 0.0520419 0.201902 0.0185174 0.00923694 -0.0252664 0.0490527 0.0431506 -0.0155398 0.0542454 0.0967953 0.0687533 0.0913807 0.0589836 0.00146178 -0.0739567 -0.0323797 -0.00496063
internal_weight=22663 16234 6429 6551 9683 2542 1661 3887 1011 733 4577 5818 5071 2813 650 2111 1919 2960 881 2554 1074 747 362 1199 805 549 1968 5106 2714 1024
internal_count=22663 16234 6429 6551 9683 2542 1661 3887 1011 733 4577 5818 5071 2813 650 2111 1919 2960 881 2554 1074 747 362 1199 805 549 1968 5106 2714 1024
is_linear=0
shrinkage=0.0161


Tree=18
num_leaves=31
num_cat=0
split_feature=155 538 216 393 599 397 36 538 396 398 220 479 499 585 359 178 90 216 129 249 274 511 332 287 154 539 69 395 556 417
split_gain=130751 56658.1 45642.4 22369 15988.9 15761.1 15276.6 13140.8 11348.9 10828.3 10286.7 10258 9960.2 9609.09 9553.19 8463.75 8285.55 8281.47 7884.33 5813.61 6017.86 6089.73 5242.77 5238.99 5012.66 4793.01 4569.04 4492.86 4738.04 4407.76
threshold=10.500000000000002 89.500000000000014 13.500000000000002 24.500000000000004 226.84999847412112 13.500000000000002 6.5000000000000009 109.50000000000001 10.500000000000002 16.500000000000004 43.500000000000007 35.500000000000007 51.500000000000007 224.44999694824222 35.500000000000007 10.500000000000002 16.500000000000004 6.5000000000000009 6.5000000000000009 13.500000000000002 16.500000000000004 91.500000000000014 16.500000000000004 20.000000000000004 16.500000000000004 21.500000000000004 6.5000000000000009 10.500000000000002 102.04999923706056 8.0000000000000018
decision_type=2 2 2 2 10 2 2 2 2 2 2 2 2 8 2 2 2 2 2 2 2 2 2 2 2 2 2 2 10 2
left_child=1 6 7 11 8 -5 25 17 10 -7 16 19 -10 15 23 -6 -3 -2 -8 -4 -21 -22 -18 29 -14 -1 -19 -20 -29 -9
right_child=2 4 3 5 13 9 18 14 12 -11 -12 -13 24 -15 -16 -17 22 26 27 20 21 -23 -24 -25 -26 -27 -28 28 -30 -31
leaf_value=-0.088809494758239557 -0.030805927068478196 -0.036281388452182317 0.034392340073403013 0.084237202673957498 0.070336654231497223 0.14612398560635981 -0.051819879640942611 -0.0053331231551225003 0.15203708211288464 0.28491740603363447 0.10823125098388653 0.17176708997499318 0.0088915995867051949 -0.0057264552574332502 0.16082678417661059 0.22722524633527041 -0.0022543085057720579 -0.021659475045038581 -0.028199137913809454 0.05256550694970237 0.19283836319634143 0.073578224487483385 0.088510824967240664 0.098711983551424978 0.08064983499353004 -0.057524231510127907 0.045460288362066795 0.0015275911743379829 0.095346570952364235 0.053810208305170165
leaf_weight=2457 1414 2499 1147 408 198 296 2068 629 168 289 166 233 1382 169 188 163 609 371 1031 569 217 229 226 313 309 2641 899 623 180 678
leaf_count=2457 1414 2499 1147 408 198 296 2068 629 168 289 166 233 1382 169 188 163 609 371 1031 569 217 229 226 313 309 2641 899 623 180 678
internal_value=-0.000778122 -0.0288469 0.0522539 0.096872 0.00997592 0.161138 -0.0542525 0.0185963 0.00162867 0.214731 -0.0154419 0.0702167 0.0337807 0.0943332 0.0521486 0.141241 -0.0216067 -0.00399644 -0.0302663 0.0592617 0.0873421 0.131657 0.0222839 0.039522 0.0220181 -0.0726069 0.0258343 -0.00594993 0.0225873 0.0253292
internal_weight=22769 14889 7880 3388 5889 993 9000 4492 5359 585 3500 2395 1859 530 1808 361 3334 2684 3902 2162 1015 446 835 1620 1691 5098 1270 1834 803 1307
internal_count=22769 14889 7880 3388 5889 993 9000 4492 5359 585 3500 2395 1859 530 1808 361 3334 2684 3902 2162 1015 446 835 1620 1691 5098 1270 1834 803 1307
is_linear=0
shrinkage=0.0161


Tree=19
num_leaves=31
num_cat=0
split_feature=215 538 336 154 275 599 186 359 216 359 550 537 599 217 393 276 168 157 554 154 95 98 60 537 248 263 298 546 37 70
split_gain=127932 53386.3 44139.2 24352.7 19563.3 17385.8 15648.2 14951.9 13345.9 10983.1 10006.2 9810.09 9073.14 8793.33 9108.79 8507.39 7966.29 6932.77 6771.71 6492.86 6407.83 6313.99 5681.31 5418.79 5016.4 4995.41 8166.26 4960.33 4572.33 4408.41
threshold=8.0000000000000018 107.50000000000001 10.500000000000002 8.0000000000000018 16.500000000000004 233.25000000000003 29.500000000000004 43.500000000000007 4.5000000000000009 43.500000000000007 209.25000000000003 149.50000000000003 228.75000000000003 5.5000000000000009 43.500000000000007 24.500000000000004 20.000000000000004 10.500000000000002 200.34999847412112 13.500000000000002 10.500000000000002 10.500000000000002 10.500000000000002 36.500000000000007 16.500000000000004 10.500000000000002 6.5000000000000009 121.64999771118165 6.5000000000000009 6.5000000000000009
decision_type=2 2 2 2 2 10 2 2 2 2 8 2 8 2 2 2 2 2 10 2 2 2 2 2 2 2 2 8 2 2
left_child=1 8 7 28 18 9 13 11 23 16 -7 19 -13 -6 24 -8 17 -3 -5 -2 -10 -18 -14 -1 -15 -19 -27 -26 -4 -30
right_child=2 5 3 4 6 10 15 -9 20 -11 -12 12 22 14 -16 -17 21 25 -20 -21 -22 -23 -24 -25 27 26 -28 -29 29 -31
leaf_value=-0.089381659234536698 -0.029809750048388418 -0.028758055019892887 -0.033738143021085971 0.038385747568219421 0.0067507736853607619 0.21453962798935594 0.16408570988546609 0.12638022620190972 -0.04627315821258865 0.12464596394867661 0.042331572886330576 0.0096941624176712926 0.046905029231519589 0.079238603801118732 0.21768066051697998 0.31789477736736815 0.007675962107514896 -0.0058317963394012799 0.15026087567614277 0.018035027060971459 -0.0021299405808338505 0.1080602572218473 0.16892034022954455 -0.051822817117093044 0.21003289063114425 -0.013791172089744131 0.13859024620138483 0.10436887049265176 -0.0025451900604561597 0.059442468561023559
leaf_weight=2654 1997 2079 242 978 171 165 215 268 3700 189 187 747 209 620 248 166 396 571 164 1163 1109 276 189 1600 200 165 203 275 415 1043
leaf_count=2654 1997 2079 242 978 171 165 215 268 3700 189 187 747 209 620 248 166 396 571 164 1163 1109 276 189 1600 200 165 203 275 415 1043
internal_value=-0.000383873 -0.032438 0.0453845 0.0798291 0.107144 0.0147778 0.138874 0.0096995 -0.0544829 0.00494012 0.123121 0.00243028 0.0428102 0.115634 0.12948 0.231161 -0.00118478 -0.0123536 0.0544725 -0.0121936 -0.0360982 0.0489403 0.104906 -0.0752607 0.109482 0.0239417 0.0702031 0.148909 0.031018 0.0417824
internal_weight=22604 13294 9310 4737 3037 4231 1895 4573 9063 3879 352 4305 1145 1514 1343 381 3690 3018 1142 3160 4809 672 398 4254 1095 939 368 475 1700 1458
internal_count=22604 13294 9310 4737 3037 4231 1895 4573 9063 3879 352 4305 1145 1514 1343 381 3690 3018 1142 3160 4809 672 398 4254 1095 939 368 475 1700 1458
is_linear=0
shrinkage=0.0161


Tree=20
num_leaves=31
num_cat=0
split_feature=215 538 276 213 37 276 9 598 538 179 129 576 277 219 501 454 231 478 202 597 243 103 189 131 522 277 94 284 219 322
split_gain=138789 45840 40199.4 25317.1 13061.3 12138.9 11969.2 11801.7 11192.3 10419 9948.1 9328.82 9164.89 8937.82 7931.33 7888.49 6926.59 6727.9 6432.36 6375.77 6254.4 6251.08 5640.4 5627.29 6854.27 5626.05 4986.89 4904.27 4346.46 4324.37
threshold=8.0000000000000018 107.50000000000001 8.0000000000000018 13.500000000000002 8.0000000000000018 6.5000000000000009 6.5000000000000009 213.05000305175784 157.50000000000003 16.500000000000004 10.500000000000002 189.94999694824222 16.500000000000004 16.500000000000004 98.500000000000014 16.500000000000004 6.5000000000000009 16.500000000000004 6.5000000000000009 88.549999237060561 10.500000000000002 10.500000000000002 35.500000000000007 4.5000000000000009 98.500000000000014 10.500000000000002 10.500000000000002 10.500000000000002 13.500000000000002 10.500000000000002
decision_type=2 2 2 2 2 2 2 10 2 2 2 8 2 2 2 2 2 2 2 10 2 2 2 2 2 2 2 2 2 2
left_child=1 5 8 10 -5 19 -6 9 26 16 -4 -9 -12 25 -11 29 -3 28 -15 -1 -20 -17 -7 -18 -25 -8 -2 -13 -10 -14
right_child=2 7 3 4 6 22 13 11 17 14 12 27 15 18 -16 21 23 -19 20 -21 -22 -23 -24 24 -26 -27 -28 -29 -30 -31
leaf_value=-0.078656096611206247 -0.031632624095391658 -0.040557976775299091 0.018136461602166046 0.041202570060421335 0.052346922769143649 -0.0343619840560975 0.076186097146843226 0.16872085581677729 -0.0027188462496375893 0.14484473263578654 0.041961173746762108 -0.024545370227299121 0.009308177121734023 0.12606693021221965 0.023273478771558134 0.098606798855885067 -0.041667263919454994 0.122414789734603 0.17842692166733518 -0.040982456997484526 0.31590701243693159 0.23456632500000565 0.05711197337465844 0.1060845122908904 0.0072891058359190394 0.15718379629942991 0.011670931856431621 0.087867772949630593 0.09068304858302767 0.11868253984021071
leaf_weight=4130 1400 1396 1669 487 363 3095 359 193 421 181 1024 198 184 161 604 165 404 271 167 1626 179 189 185 233 835 590 1357 204 186 192
leaf_count=4130 1400 1396 1669 487 363 3095 359 193 421 181 1024 198 184 161 604 165 404 271 167 1626 179 189 185 233 835 590 1357 204 186 192
internal_value=3.9709e-05 -0.0334215 0.0475111 0.074083 0.115325 -0.0539282 0.135157 0.0101932 0.00562547 -0.00063064 0.0462923 0.076686 0.0730703 0.155786 0.0513345 0.116676 -0.0148622 0.0556911 0.210431 -0.0680178 0.249619 0.171262 -0.0291955 0.00949084 0.0288648 0.126568 -0.01031 0.0324416 0.0258631 0.0652215
internal_weight=22648 13284 9364 5729 2306 9036 1819 4248 3635 3653 3423 595 1754 1456 785 730 2868 878 507 5756 346 354 3280 1472 1068 949 2757 402 607 376
internal_count=22648 13284 9364 5729 2306 9036 1819 4248 3635 3653 3423 595 1754 1456 785 730 2868 878 507 5756 346 354 3280 1472 1068 949 2757 402 607 376
is_linear=0
shrinkage=0.0161


Tree=21
num_leaves=31
num_cat=0
split_feature=155 537 336 188 239 215 359 34 157 130 275 157 532 276 366 236 538 356 393 372 183 172 379 278 418 339 479 186 163 418
split_gain=119989 44773 42469.4 21206.5 18708.9 17670.2 16830.8 14264.9 10492.4 10376.5 10224.5 9616.33 8366.68 8271.27 7538.13 6474.01 6422.91 6335.05 6244.22 8852.84 5869.28 5753.2 6024.73 5670.51 5360.42 4732.16 4609.74 4540.4 4432.46 4166.38
threshold=10.500000000000002 103.50000000000001 10.500000000000002 16.500000000000004 29.500000000000004 4.5000000000000009 35.500000000000007 29.500000000000004 6.5000000000000009 6.5000000000000009 29.500000000000004 10.500000000000002 86.500000000000014 8.0000000000000018 8.0000000000000018 8.0000000000000018 18.500000000000004 24.500000000000004 24.500000000000004 8.0000000000000018 20.000000000000004 6.5000000000000009 20.000000000000004 20.000000000000004 29.500000000000004 8.0000000000000018 16.500000000000004 20.000000000000004 24.500000000000004 24.500000000000004
decision_type=2 2 2 2 2 2 2 2 2 2 2 2 2 2 2 2 2 2 2 2 2 2 2 2 2 2 2 2 2 2
left_child=1 5 6 9 11 16 13 23 -7 27 -9 21 -13 24 -6 -15 -1 -10 28 -20 -14 -3 26 29 -2 -17 -23 -4 -11 -5
right_child=2 4 3 7 14 8 -8 10 17 18 -12 12 20 15 -16 25 -18 -19 19 -21 -22 22 -24 -25 -26 -27 -28 -29 -30 -31
leaf_value=-0.090162110691235642 -0.024431842358846476 -0.038152886326546016 -0.0025467068918312336 0.059473688609876646 0.045310570237230341 -0.047135934041892084 0.12349745936601594 0.14113333366834974 -0.0095311568103972309 0.048826304621050941 0.28858751350341566 0.13619217405734191 0.0054224736407690061 0.0017004316380808101 0.17802396083196229 0.027129207201666027 -0.052959834674854087 0.07466109480536387 0.052568563462117635 0.20487361693734171 0.092534912512383799 -0.025276706123143023 0.065311136844307449 0.15848494238130439 0.060674390380075952 0.12692370270102346 0.049304800242167171 0.09099448102976522 0.13209522755595604 0.15066564499845669
leaf_weight=2122 2099 1447 767 666 225 2630 316 295 1891 981 209 184 1150 609 220 233 2790 264 180 221 243 1049 348 307 211 263 270 163 200 162
leaf_count=2122 2099 1447 767 666 225 2630 316 295 1891 981 209 184 1150 609 220 233 2790 264 180 221 243 1049 348 307 211 263 270 163 200 162
internal_value=-0.000250342 -0.0272253 0.0505103 0.085942 0.0112059 -0.0475827 0.0110837 0.131004 -0.0255549 0.0565312 0.202327 0.00173659 0.0341333 0.000674827 0.110975 0.0369092 -0.0690361 0.000771961 0.0816231 0.136566 0.0206356 -0.0146623 0.00571404 0.0993121 -0.0166479 0.0800919 -0.00999199 0.0138228 0.0629477 0.077344
internal_weight=22715 14833 7882 4151 5136 9697 3731 1639 4785 2512 504 4691 1577 3415 445 1105 4912 2155 1582 401 1393 3114 1667 1135 2310 496 1319 930 1181 828
internal_count=22715 14833 7882 4151 5136 9697 3731 1639 4785 2512 504 4691 1577 3415 445 1105 4912 2155 1582 401 1393 3114 1667 1135 2310 496 1319 930 1181 828
is_linear=0
shrinkage=0.0161


Tree=22
num_leaves=31
num_cat=0
split_feature=275 538 156 393 477 599 599 456 457 72 69 395 479 297 539 34 215 466 315 426 334 97 335 295 333 175 292 277 150 74
split_gain=117774 44246.7 38924.5 26901.9 18482.8 17833 14297.4 13947.3 12662.3 12449.7 11597.2 11568.8 8274.13 7857.55 7699.78 7595.92 6899.79 6628.04 10722.2 5673.75 5642.7 5251.67 5238.78 5508.48 5200.77 5142.99 5132.99 5074.95 4843.7 4176.56
threshold=8.0000000000000018 89.500000000000014 10.500000000000002 24.500000000000004 16.500000000000004 231.15000152587893 290.94999694824224 24.500000000000004 16.500000000000004 10.500000000000002 35.500000000000007 4.5000000000000009 24.500000000000004 29.500000000000004 231.50000000000003 5.5000000000000009 35.500000000000007 10.500000000000002 6.5000000000000009 5.5000000000000009 10.500000000000002 4.5000000000000009 4.5000000000000009 8.0000000000000018 10.500000000000002 4.5000000000000009 13.500000000000002 4.5000000000000009 29.500000000000004 8.0000000000000018
decision_type=2 2 2 2 2 10 8 2 2 2 2 2 2 2 2 2 2 2 2 2 2 2 2 2 2 2 2 2 2 2
left_child=1 11 5 8 14 10 19 17 12 -9 15 -1 27 16 25 -2 29 -5 -19 -6 -13 -17 -16 -24 -14 -3 -21 -4 -27 -10
right_child=2 4 3 7 6 -7 -8 9 13 -11 -12 20 24 -15 22 21 -18 18 -20 26 -22 -23 23 -25 -26 28 -28 -29 -30 -31
leaf_value=-0.075252311579664971 -0.041997642605808579 -0.055491920760458842 -0.036849968531334758 0.053291686829758912 -0.027224826989025463 0.14656074818868822 0.17082747324808281 0.10804491949909421 0.016183221638793741 0.27421077090971369 0.097884163714356306 -0.047603427749383906 0.035031622750893721 0.18469006294990478 -0.017793077259796043 -0.030275275358681027 0.14828424353860123 0.045869620363882799 0.20731216828716645 0.025625855076511904 -0.0052966623939770157 0.019303011263786623 0.017431106656303763 0.1495820207102351 0.15201471173984921 -0.01587469076977897 0.11623506231666063 0.027454524872692052 0.072966899202722368 0.083090901422336619
leaf_weight=3824 1145 851 388 473 286 227 244 206 428 272 294 3168 190 190 215 739 254 183 257 460 1103 2208 162 166 206 1968 251 1761 173 559
leaf_count=3824 1145 851 388 473 286 227 244 206 428 272 294 3168 190 190 215 739 254 183 257 460 1103 2208 162 166 206 1968 251 1761 173 559
internal_value=0.000207738 -0.0319765 0.0417174 0.0711959 0.00688217 0.00741547 0.0603401 0.132147 0.0498662 0.202649 0.000208556 -0.0549057 0.0283081 0.0881902 -0.0118782 -0.00680344 0.0733969 0.0952107 0.14022 0.0332764 -0.0366831 0.0068626 0.0438839 0.0843841 0.0959459 -0.0220059 0.0576462 0.0158335 -0.008685 0.0541011
internal_weight=22851 12871 9980 5367 4776 4613 1241 1391 3976 478 4386 8095 2545 1431 3535 4092 1241 913 440 997 4271 2947 543 328 396 2992 711 2149 2141 987
internal_count=22851 12871 9980 5367 4776 4613 1241 1391 3976 478 4386 8095 2545 1431 3535 4092 1241 913 440 997 4271 2947 543 328 396 2992 711 2149 2141 987
is_linear=0
shrinkage=0.0161


Tree=23
num_leaves=31
num_cat=0
split_feature=155 156 538 479 457 537 118 541 476 395 454 264 13 538 249 58 215 69 293 597 299 235 127 130 116 69 297 139 454 427
split_gain=113468 44670.4 43208.2 24376 17141.5 13796.1 13532.9 14433 12721.4 11598.6 10257.8 10003 10292.9 9941.32 9030.75 8890.35 7915.2 7712.09 7570.59 7365 7207.36 7156.27 6816.93 5798.9 5394.24 5069.67 4876.22 4747.34 4512.89 4375.1
threshold=8.0000000000000018 8.0000000000000018 96.500000000000014 35.500000000000007 16.500000000000004 170.50000000000003 16.500000000000004 192.55000305175784 35.500000000000007 10.500000000000002 35.500000000000007 5.5000000000000009 13.500000000000002 268.50000000000006 13.500000000000002 29.500000000000004 16.500000000000004 10.500000000000002 35.500000000000007 83.049999237060561 20.000000000000004 16.500000000000004 10.500000000000002 8.0000000000000018 24.500000000000004 6.5000000000000009 8.0000000000000018 6.5000000000000009 29.500000000000004 8.0000000000000018
decision_type=2 2 2 2 2 2 2 8 2 2 2 2 2 2 2 2 2 2 2 8 2 2 2 2 2 2 2 2 2 2
left_child=2 5 9 4 13 22 18 -8 10 19 25 -9 -13 17 -12 16 -5 -3 21 -1 27 -4 -2 -11 -24 -6 -25 -7 -19 -29
right_child=1 3 6 15 8 20 7 11 -10 23 14 12 -14 -15 -16 -17 -18 28 -20 -21 -22 -23 24 26 -26 -27 -28 29 -30 -31
leaf_value=-0.078762323802287121 -0.033908339517873122 0.0038312013590692871 -0.026211199858610448 0.048594736565102402 0.0058717743537993507 -0.022865934932503877 0.0049983422572331647 0.016438018062995524 0.23194288023382303 -0.039084188389695997 0.067711593727633468 0.23445372786678625 0.065905550620831255 0.15619690108569317 0.22615286932054124 0.24783543697282473 0.17726859745814075 0.038450991616895663 0.080007596954328686 -0.04518885603859029 0.15249642254895412 0.034242931345955976 0.00084606168990266717 -0.015555279038503775 0.099228601807210784 0.08040847398684127 0.072973907731409438 0.0085219898826437452 0.098625973847451767 0.12208885989483283
leaf_weight=3245 1959 1526 2573 218 312 231 705 184 166 882 165 216 167 171 216 205 289 1292 237 3554 172 632 934 358 171 987 293 161 432 195
leaf_count=3245 1959 1526 2573 218 312 231 705 184 166 882 165 216 167 171 216 205 289 1292 237 3554 172 632 934 358 171 987 293 161 432 195
internal_value=0.000942751 0.0423362 -0.030156 0.0698193 0.05786 -0.00064014 0.00879353 0.0536692 0.097407 -0.0521954 0.0840995 0.114144 0.161023 0.0365132 0.157598 0.158255 0.121988 0.0302088 -0.00778356 -0.0612161 0.060804 -0.0142828 -0.0158685 -0.012172 0.0160922 0.062524 0.0242535 0.0338967 0.0535433 0.0707947
internal_weight=22848 9802 13046 5979 5267 3823 4714 1272 1846 8332 1680 567 383 3421 381 712 507 3250 3442 6799 759 3205 3064 1533 1105 1299 651 587 1724 356
internal_count=22848 9802 13046 5979 5267 3823 4714 1272 1846 8332 1680 567 383 3421 381 712 507 3250 3442 6799 759 3205 3064 1533 1105 1299 651 587 1724 356
is_linear=0
shrinkage=0.0161


Tree=24
num_leaves=31
num_cat=0
split_feature=215 539 479 129 597 277 156 274 456 157 156 158 358 442 359 487 8 154 58 395 226 276 113 455 165 260 84 54 422 345
split_gain=116558 38093 36052.2 22435.3 15866 15622 15266 11513.7 13965.9 11372.6 8693.55 8448.3 7488.2 7333.51 7236.45 6859.92 6849.87 5852.45 5791.04 5363.69 5298.22 5001.07 4784.59 4739.75 4739.93 4548.96 4537.95 4395.62 4125.94 4551.87
threshold=8.0000000000000018 53.500000000000007 24.500000000000004 8.0000000000000018 198.94999694824222 13.500000000000002 10.500000000000002 16.500000000000004 20.000000000000004 10.500000000000002 5.5000000000000009 10.500000000000002 24.500000000000004 13.500000000000002 43.500000000000007 215.50000000000003 24.500000000000004 24.500000000000004 35.500000000000007 24.500000000000004 16.500000000000004 5.5000000000000009 10.500000000000002 16.500000000000004 5.5000000000000009 13.500000000000002 16.500000000000004 10.500000000000002 10.500000000000002 8.0000000000000018
decision_type=2 2 2 2 10 2 2 2 2 2 2 2 2 2 2 2 2 2 2 2 2 2 2 2 2 2 2 2 2 2
left_child=1 10 3 15 9 23 20 13 -9 18 -1 25 26 -7 19 21 -10 27 -3 -13 -4 -2 -15 -5 -25 -8 -6 -11 -29 -30
right_child=2 4 6 5 12 7 11 8 16 17 -12 14 -14 22 -16 -17 -18 -19 -20 -21 -22 -23 -24 24 -26 -27 -28 28 29 -31
leaf_value=-0.075361991006773668 -0.043244791401472735 -0.034311916544623705 0.024181724266658121 0.0055048207603623396 0.0086788844071418805 0.014444378297679921 0.057573028754620066 0.061527317207491571 0.1394547292656548 -0.013998245643676379 -0.037056770989222595 0.09778570656319982 0.15332809598906538 0.16626190976851829 0.27482118874947348 0.061695927068500668 0.26892627765521615 0.10590625874338837 0.038897137311846824 0.21469979932566294 0.12089450405219623 0.0018036856979245764 0.051278132879981113 0.006432286049595645 0.077670614191828524 0.16124553864149022 0.098586746959440058 0.0037941936858614249 0.020718118712647466 0.14179921648430735
leaf_weight=3844 919 3977 534 1376 498 585 300 384 249 912 2563 227 173 178 173 368 186 181 301 186 203 2092 200 387 650 174 206 385 160 163
leaf_count=3844 919 3977 534 1376 498 585 300 384 249 912 2563 227 173 178 173 368 186 181 301 186 203 2092 200 387 650 174 206 385 160 163
internal_value=-0.00118928 -0.0317184 0.0423425 0.0269565 -0.00562643 0.0518258 0.107179 0.0879848 0.132379 -0.0148651 -0.0600424 0.146319 0.0583852 0.0502049 0.18724 -0.00391165 0.194869 0.0190664 -0.0291554 0.150497 0.0508523 -0.0119379 0.105486 0.0251127 0.0511077 0.0956797 0.0350206 0.00934943 0.0394576 0.0818938
internal_weight=22734 13363 9371 7574 6956 4195 1797 1782 819 6079 6407 1060 877 963 586 3379 435 1801 4278 413 737 3011 378 2413 1037 474 704 1620 708 323
internal_count=22734 13363 9371 7574 6956 4195 1797 1782 819 6079 6407 1060 877 963 586 3379 435 1801 4278 413 737 3011 378 2413 1037 474 704 1620 708 323
is_linear=0
shrinkage=0.0161


Tree=25
num_leaves=31
num_cat=0
split_feature=216 538 395 215 189 394 239 397 599 181 419 214 215 514 176 179 320 419 517 419 397 599 216 472 171 68 533 508 555 176
split_gain=108908 38645.6 35297.1 19758.8 19696.6 19521 11890.2 9608.86 8767.88 11495.2 8639.31 7865.35 7126.17 7044.09 6994.89 6732.31 6600.78 6474.42 6008.61 5734.65 5639.18 5155.33 4924.11 4740.46 5377.26 4231.72 4149.3 4477.13 4106.49 4280.17
threshold=10.500000000000002 107.50000000000001 13.500000000000002 6.5000000000000009 6.5000000000000009 24.500000000000004 43.500000000000007 24.500000000000004 226.84999847412112 10.500000000000002 24.500000000000004 10.500000000000002 6.5000000000000009 78.500000000000014 29.500000000000004 16.500000000000004 24.500000000000004 16.500000000000004 10.500000000000002 29.500000000000004 13.500000000000002 188.65000152587893 3.5000000000000004 20.000000000000004 10.500000000000002 10.500000000000002 105.50000000000001 183.50000000000003 102.04999923706056 13.500000000000002
decision_type=2 2 2 2 2 2 2 2 10 2 2 2 2 2 2 2 2 2 2 2 2 8 2 2 2 2 2 2 8 2
left_child=1 3 12 18 -4 14 8 15 11 -10 22 17 23 -9 16 -7 25 -3 -1 20 -14 -19 -5 -2 -25 -6 -22 -28 -24 -30
right_child=2 6 4 10 5 7 -8 13 9 -11 -12 -13 19 -15 -16 -17 -18 21 -20 -21 26 -23 28 24 -26 -27 27 -29 29 -31
leaf_value=-0.086975751012232885 -0.027922767697288881 -0.029506682145560289 0.026141378770846688 -0.065581210965857104 0.012159450001159814 0.090298858184005334 0.11422647497856739 0.29698604187939742 -0.002099217448524609 0.15897295738923356 0.046692606690749316 0.029704197442944235 -0.0030543477341318961 0.15011709879249019 0.15691645019131042 0.19510033564788357 0.13604206436092303 -0.011321777291457155 -0.051352576665855978 0.11054372032094273 0.017560828184759073 0.083095862857710479 -0.032157582588415196 -0.025337969829217957 0.10398270301649258 0.069101273922472034 0.15977360074478147 0.039274948876554028 -0.010274327109850635 0.060270839324909828
leaf_weight=1646 1285 2291 1232 592 551 487 274 182 250 212 527 1371 938 160 222 237 256 346 4860 216 317 264 1423 164 169 881 161 160 813 307
leaf_count=1646 1285 2291 1232 592 551 487 274 182 250 212 527 1371 938 160 222 237 256 346 4860 216 317 264 1423 164 169 881 161 160 813 307
internal_value=-0.00056386 -0.0254986 0.0491061 -0.0435297 0.080304 0.102718 0.0111063 0.157932 0.00513277 0.0717617 -0.0136066 -0.00206738 0.0106004 0.228344 0.0718905 0.124638 0.0606943 -0.0170906 -0.0603688 0.0327198 0.0220386 0.0295024 -0.0237505 -0.0138833 0.0402226 0.0472078 0.0589677 0.0997853 -0.0140032 0.00904159
internal_weight=22794 15176 7618 10168 4208 2976 5008 1066 4734 462 3662 4272 3410 342 1910 724 1688 2901 6506 1792 1576 610 3135 1618 333 1432 638 321 2543 1120
internal_count=22794 15176 7618 10168 4208 2976 5008 1066 4734 462 3662 4272 3410 342 1910 724 1688 2901 6506 1792 1576 610 3135 1618 333 1432 638 321 2543 1120
is_linear=0
shrinkage=0.0161


Tree=26
num_leaves=31
num_cat=0
split_feature=215 536 336 214 156 157 118 333 372 366 151 599 419 479 129 162 214 484 235 69 485 157 188 479 513 234 92 75 9 567
split_gain=104061 46307.7 35364.2 21419.8 16911.4 16126.9 14873 11847 11060.9 10653.3 9942.56 9289.66 8702.76 8475.8 7709.11 6950.98 6921.9 6893.07 6484.06 6124.09 6023.09 5739.42 5232.04 5053.71 4874.74 4806.18 5732.27 4539.87 4500.23 5413.39
threshold=10.500000000000002 112.50000000000001 10.500000000000002 13.500000000000002 5.5000000000000009 10.500000000000002 16.500000000000004 35.500000000000007 10.500000000000002 16.500000000000004 10.500000000000002 233.25000000000003 20.000000000000004 24.500000000000004 24.500000000000004 13.500000000000002 5.5000000000000009 24.500000000000004 24.500000000000004 29.500000000000004 17.500000000000004 10.500000000000002 6.5000000000000009 24.500000000000004 169.50000000000003 10.500000000000002 8.0000000000000018 16.500000000000004 13.500000000000002 120.04999923706056
decision_type=2 2 2 2 2 2 2 2 2 2 2 10 2 2 2 2 2 2 2 2 2 2 2 2 2 2 2 2 2 8
left_child=1 4 11 13 20 -5 12 14 -9 15 -11 16 21 28 24 -8 -2 -6 22 23 -1 -3 -19 -18 -7 -23 -27 -14 -4 -30
right_child=2 6 3 5 17 7 9 8 -10 10 -12 -13 27 -15 -16 -17 19 18 -20 -21 -22 25 -24 -25 -26 26 -28 -29 29 -31
leaf_value=-0.081888983278829389 -0.03587018555883887 -0.02723920629157299 0.00090395440020947428 0.051907015172719922 -0.044479862372097154 0.11670570696288507 0.0061392606696239567 0.1299646600859285 0.3050233878640129 0.22828871722600622 0.056837975945296375 0.12948424043338666 0.028461237756827726 0.1168198580038652 0.18413606520807393 0.10138130940239534 -0.0024472140565321766 -0.035403247119319685 0.064137211117211643 0.090387506625633884 -0.048366520581914207 -0.0086228603619330803 0.011248296689465698 0.059709751609504598 0.028105274896817033 0.12713789754093707 0.00033084343463904398 0.12887432569937995 0.10456317927272654 0.019030249805483113
leaf_weight=2298 823 1937 854 719 1866 548 642 177 200 170 182 162 408 323 325 288 1811 1313 316 270 3530 549 1185 417 229 193 178 164 326 468
leaf_count=2298 823 1937 854 719 1866 548 642 177 200 170 182 162 408 323 325 288 1811 1313 316 270 3530 549 1185 417 229 193 178 164 326 468
internal_value=-0.000126565 -0.0244789 0.0483044 0.0799412 -0.0432837 0.114505 0.0174609 0.144921 0.222896 0.064246 0.139708 0.0104298 -2.37983e-05 0.0413847 0.118223 0.0356589 0.00461517 -0.0204837 -0.00456318 0.017963 -0.0615886 -0.0115073 -0.0132633 0.00917573 0.0906234 0.0215897 0.0663613 0.0572922 0.0265854 0.0541779
internal_weight=22871 15219 7652 4169 10508 2198 4711 1479 377 1282 352 3483 3429 1971 1102 930 3321 4680 2814 2498 5828 2857 2498 2228 777 920 371 572 1648 794
internal_count=22871 15219 7652 4169 10508 2198 4711 1479 377 1282 352 3483 3429 1971 1102 930 3321 4680 2814 2498 5828 2857 2498 2228 777 920 371 572 1648 794
is_linear=0
shrinkage=0.0161


Tree=27
num_leaves=31
num_cat=0
split_feature=156 538 274 359 35 598 599 95 97 278 296 359 426 540 336 250 196 404 144 333 438 35 467 248 534 299 153 484 337 582
split_gain=105629 39576.4 33126.5 19708.8 16452.7 15922.1 13963.1 11973.8 17581 11206.9 9543.96 8452.4 9042.9 7852.93 7195.15 6866.91 7200.82 8907.35 6385.35 5983.68 8770.92 5160.08 6626.03 5123.29 4979.03 4899.85 4348.73 4320.08 4050.97 3707.87
threshold=10.500000000000002 99.500000000000014 16.500000000000004 43.500000000000007 6.5000000000000009 240.75000000000003 228.75000000000003 29.500000000000004 29.500000000000004 5.5000000000000009 35.500000000000007 29.500000000000004 8.0000000000000018 221.94999694824222 5.5000000000000009 5.5000000000000009 16.500000000000004 24.500000000000004 6.5000000000000009 10.500000000000002 20.000000000000004 6.5000000000000009 24.500000000000004 8.0000000000000018 30.500000000000004 13.500000000000002 8.0000000000000018 153.50000000000003 24.500000000000004 177.15000152587893
decision_type=2 2 2 2 2 10 10 2 2 2 2 2 2 8 2 2 2 2 2 2 2 2 2 2 2 2 2 2 2 8
left_child=1 4 5 7 24 9 11 26 -9 25 15 18 -13 -8 -6 -11 21 -18 -3 28 -21 -17 -23 -16 -1 -2 -4 29 -20 -28
right_child=2 6 3 -5 14 -7 13 8 -10 10 -12 12 -14 -15 23 16 17 -19 19 20 -22 22 -24 -25 -26 -27 27 -29 -30 -31
leaf_value=-0.079313457887401337 -0.033532900873674339 -0.026104357732199799 0.017442775511326097 0.22652704925362624 -0.042305527436447027 0.17896895855454328 0.043274404899704293 0.084519529540692723 0.25145611805046708 -0.014525614090539232 0.12539436546553373 -0.008068856526840272 0.13455526406661442 0.17929814325722074 -0.024038613372213302 -0.010318828408789175 0.051209966528800527 0.19085012456135123 -0.016759837280474758 0.019219593812348616 0.14173230062721365 0.027978908102383602 0.13012846873648437 0.025150805856348817 -0.046769649938475544 0.032739405355833417 0.07246478884408146 0.023785302606565299 0.062766391868617086 0.15556001977630507
leaf_weight=2770 1159 2001 566 262 2327 167 298 624 222 776 279 217 245 175 1212 688 443 162 1313 694 194 983 198 1003 2185 385 501 316 190 194
leaf_count=2770 1159 2001 566 262 2327 167 298 624 222 776 279 217 245 175 1212 688 443 162 1313 694 194 983 198 1003 2185 385 501 316 190 194
internal_value=0.000391201 -0.0249738 0.0478404 0.0938276 -0.0446763 0.0242719 0.0101473 0.079469 0.128353 0.0191747 0.0350052 0.0020055 0.0675142 0.0936501 -0.0225349 0.0272384 0.0403477 0.0886401 -0.00488009 0.0128724 0.0460113 0.0247027 0.0451247 -0.00175395 -0.0649674 -0.0169925 0.0532295 0.0732411 -0.00669096 0.0956936
internal_weight=22749 14824 7925 2685 9497 5240 5327 2423 846 5073 3529 4854 462 473 4542 3250 2474 605 4392 2391 888 1869 1181 2215 4955 1544 1577 1011 1503 695
internal_count=22749 14824 7925 2685 9497 5240 5327 2423 846 5073 3529 4854 462 473 4542 3250 2474 605 4392 2391 888 1869 1181 2215 4955 1544 1577 1011 1503 695
is_linear=0
shrinkage=0.0161


Tree=28
num_leaves=31
num_cat=0
split_feature=275 214 157 480 189 359 599 336 275 270 12 156 359 216 482 355 599 521 250 481 36 283 157 170 56 267 394 131 275 589
split_gain=106793 40799.1 28441.1 28349.9 15203 14658 14643.2 11768.9 9649.71 9007.15 8568.1 8261.36 8150.45 8069.69 7208.16 6895.47 6758.92 6397.94 6137.9 5866.94 5228.86 5103.11 5003.03 4654.35 4587.73 4288.24 3829.69 3631.21 3697 3823.19
threshold=8.0000000000000018 13.500000000000002 13.500000000000002 64.500000000000014 6.5000000000000009 20.000000000000004 192.55000305175784 10.500000000000002 16.500000000000004 5.5000000000000009 10.500000000000002 24.500000000000004 35.500000000000007 4.5000000000000009 227.50000000000003 43.500000000000007 213.05000305175784 219.50000000000003 8.0000000000000018 286.50000000000006 8.0000000000000018 10.500000000000002 3.5000000000000004 10.500000000000002 29.500000000000004 24.500000000000004 6.5000000000000009 8.0000000000000018 5.5000000000000009 110.95000076293947
decision_type=2 2 2 2 2 2 10 2 2 2 2 2 2 2 2 2 10 2 2 2 2 2 2 2 2 2 2 2 2 10
left_child=3 6 12 13 -4 15 7 -2 21 -8 23 -12 16 -1 -7 19 20 -11 -9 22 -3 -6 -5 -10 26 -20 -15 -24 -29 -30
right_child=1 2 4 5 8 14 9 18 10 17 11 -13 -14 24 -16 -17 -18 -19 25 -21 -22 -23 27 -25 -26 -27 -28 28 29 -31
leaf_value=-0.071230650287155278 -0.020371335522074319 -0.022487145782897806 0.038754215114957538 -0.055634757062191807 0.028875972980854439 0.031306736493081536 0.17690909717847197 -0.0017261215175708871 0.061601723116647647 0.092459259595518012 0.15699174272568389 0.27777393500263842 0.1215980188227687 -0.05758364683762679 0.14884608900933474 0.070799190509933385 0.12174808244538389 -0.021536244269017995 0.038991571907975864 0.061312586998332655 0.037338605884252148 0.14584802346695749 -0.031057090561691519 0.17404206230401853 0.020078923852218569 0.11989423504625754 -0.021435270702214782 -0.016211868624946012 0.096131346105513271 0.0061624353954982478
leaf_weight=3443 2791 531 396 1074 205 852 184 992 185 313 293 297 284 1821 161 220 187 215 1142 212 1317 184 1839 199 336 200 1308 996 182 376
leaf_count=3443 2791 531 396 1074 205 852 184 992 185 313 293 297 284 1821 161 220 187 215 1142 212 1317 184 1839 199 336 200 1308 996 182 376
internal_value=-0.00092979 0.038747 0.0778209 -0.0316177 0.126647 -0.00573308 0.0114441 0.00193463 0.152165 0.0798606 0.179259 0.217832 0.0407756 -0.0537668 0.050011 -0.0172645 0.0294846 0.0459961 0.0286182 -0.0214101 0.0201357 0.0842652 -0.0253413 0.119933 -0.0364071 0.0510661 -0.0424802 -0.0157455 0.00235905 0.0355493
internal_weight=22735 9915 4078 12820 1759 5912 5837 5125 1363 712 974 590 2319 6908 1013 4899 2035 528 2334 4679 1848 389 4467 384 3465 1342 3129 3393 1554 558
internal_count=22735 9915 4078 12820 1759 5912 5837 5125 1363 712 974 590 2319 6908 1013 4899 2035 528 2334 4679 1848 389 4467 384 3465 1342 3129 3393 1554 558
is_linear=0
shrinkage=0.0161


Tree=29
num_leaves=31
num_cat=0
split_feature=216 537 95 334 309 456 274 599 239 403 94 94 599 479 155 593 276 175 515 278 320 509 334 476 78 396 155 398 563 419
split_gain=107655 37788.2 32455.7 19850.8 19826.7 16351.4 15763.2 14170.3 11123.2 10648.5 9817.49 8271.15 8790.64 7660.7 6882.95 6682.46 6250.34 6067.76 5626.95 5336.28 5180.62 5028.48 5238.35 4980.4 4471.35 4278.72 4278.06 4251.54 4250.93 4132.55
threshold=10.500000000000002 103.50000000000001 16.500000000000004 10.500000000000002 8.0000000000000018 29.500000000000004 29.500000000000004 180.15000152587893 29.500000000000004 20.000000000000004 13.500000000000002 16.500000000000004 233.25000000000003 20.000000000000004 10.500000000000002 149.65000152587893 5.5000000000000009 16.500000000000004 108.50000000000001 24.500000000000004 6.5000000000000009 133.50000000000003 20.000000000000004 24.500000000000004 10.500000000000002 5.5000000000000009 5.5000000000000009 13.500000000000002 192.55000305175784 20.000000000000004
decision_type=2 2 2 2 2 2 2 10 2 2 2 2 10 2 2 8 2 2 2 2 2 2 2 2 2 2 2 2 8 2
left_child=1 3 7 16 23 13 24 10 11 28 19 12 27 21 -5 -15 -1 -12 -13 -2 -10 22 -6 -4 -7 -16 -20 -3 -9 -27
right_child=2 8 4 14 5 6 -8 9 20 -11 17 18 -14 15 25 -17 -18 -19 26 -21 -22 -23 -24 -25 -26 29 -28 -29 -30 -31
leaf_value=-0.067679102200420949 -0.018466275549563108 -0.028292041457466333 0.016488429673904258 -0.028971496924953405 0.048250673336954424 0.17707743061033807 0.29843313883141759 0.096904978206062503 0.011197908550664716 0.18809215444423927 0.025489562470037599 0.11083199396427444 0.079751022131595753 0.088264705923765285 -0.019211247417590338 0.21558205563834296 -0.037070676420009031 0.10978310483292322 -0.042938443406109063 0.046347300452596787 0.12068169911309554 0.013868783866945827 0.13899603298310662 0.10242252096780473 0.066654282831256101 0.02479961501206367 0.04184300200841138 0.012228786420988525 0.0088361984687015203 0.1114784701702812
leaf_weight=4788 2236 2335 888 1401 360 209 217 264 172 192 849 236 265 240 397 194 2714 300 201 386 324 341 306 218 176 595 661 941 309 188
leaf_count=4788 2236 2335 888 1401 360 209 217 264 172 192 849 236 265 240 397 194 2714 300 201 386 324 341 306 218 176 595 661 941 309 188
internal_value=-0.000446873 -0.0252529 0.0486715 -0.0433584 0.0883838 0.118112 0.188617 0.021097 0.0102942 0.0842798 0.00827329 0.00254082 -0.00942489 0.0886418 -0.00483482 0.14523 -0.056609 0.0475188 0.0411511 -0.00891571 0.082763 0.0642297 0.0899798 0.0334479 0.126659 0.0238024 0.0220465 -0.0166456 0.0494535 0.0456415
internal_weight=22903 15218 7685 10083 3149 2043 602 4536 5135 765 3771 4639 3541 1441 2581 434 7502 1149 1098 2622 496 1007 666 1106 385 1180 862 3276 573 783
internal_count=22903 15218 7685 10083 3149 2043 602 4536 5135 765 3771 4639 3541 1441 2581 434 7502 1149 1098 2622 496 1007 666 1106 385 1180 862 3276 573 783
is_linear=0
shrinkage=0.0161


Tree=30
num_leaves=31
num_cat=0
split_feature=275 336 538 214 179 275 276 68 598 154 577 218 282 129 95 334 404 37 129 189 295 461 457 347 59 538 460 282 367 453
split_gain=101835 37415.5 34062.3 20125.7 14628.7 13320.5 10381.2 10112.5 9895.56 10373.7 8979.77 8128.21 7380.35 7223.67 6798.37 5995.64 5555.42 5356.88 5199.29 5057.1 4990.76 4786.68 5091.27 4593.08 4409.36 4323.1 4261.57 4233.15 4232.4 3788.54
threshold=8.0000000000000018 10.500000000000002 111.50000000000001 13.500000000000002 16.500000000000004 16.500000000000004 4.5000000000000009 29.500000000000004 218.75000000000003 10.500000000000002 100.45000076293947 8.0000000000000018 29.500000000000004 20.000000000000004 35.500000000000007 10.500000000000002 20.000000000000004 20.000000000000004 5.5000000000000009 6.5000000000000009 20.000000000000004 16.500000000000004 13.500000000000002 24.500000000000004 24.500000000000004 36.500000000000007 10.500000000000002 13.500000000000002 13.500000000000002 3.5000000000000004
decision_type=2 2 2 2 2 2 2 2 10 2 10 2 2 2 2 2 2 2 2 2 2 2 2 2 2 2 2 2 2 2
left_child=2 8 6 12 11 -5 25 13 9 23 -6 -4 18 24 -9 20 26 -15 -3 -11 -8 -13 -23 -2 28 -1 -12 -21 -7 -20
right_child=1 3 4 5 10 7 15 14 -10 19 16 21 -14 17 -16 -17 -18 -19 29 27 -22 22 -24 -25 -26 -27 -28 -29 -30 -31
leaf_value=-0.08039079213123157 -0.028889391137473665 -0.010642291880201134 -0.029693481680579743 0.048210757992077635 0.16573791555310846 0.021174188973120765 -0.049301615060340594 0.14158353424531545 0.094585801079368523 -0.002066976208196927 -0.030523694441756302 0.0040114741173883899 0.11435188557216668 0.10224077640694387 0.27053702576608002 -0.00049184022682686264 0.11790151455487177 0.22893939817266848 -0.006740765273755691 0.029382033715683761 0.005008145133543339 0.012091200216244904 0.13285150528569309 0.037750544627234643 0.14655995166939076 -0.046089555656463631 0.065230328630250398 0.096556250862323084 0.1060889752281116 0.054721998282548832
leaf_weight=2429 2254 622 1736 768 191 354 3255 253 309 827 269 894 298 172 184 1189 176 176 317 787 506 179 184 304 190 1574 218 353 268 1428
leaf_count=2429 2254 622 1736 768 191 354 3255 253 309 827 269 894 298 172 184 1189 176 176 317 787 506 179 184 304 190 1574 218 353 268 1428
internal_value=-0.000448696 0.0384264 -0.0304087 0.0691663 0.0096527 0.103358 -0.0476252 0.129864 0.00643539 0.000410631 0.0684303 -0.0071106 0.0388143 0.104954 0.195934 -0.0320257 0.040362 0.166386 0.0292943 0.0282149 -0.0419886 0.0240591 0.0733679 -0.0209605 0.0785973 -0.0669093 0.0122912 0.0502031 0.0577991 0.0435431
internal_weight=22664 9864 12800 5030 3847 2365 8953 1597 4834 4525 854 2993 2665 1160 437 4950 663 348 2367 1967 3761 1257 363 2558 812 4003 487 1140 622 1745
internal_count=22664 9864 12800 5030 3847 2365 8953 1597 4834 4525 854 2993 2665 1160 437 4950 663 348 2367 1967 3761 1257 363 2558 812 4003 487 1140 622 1745
is_linear=0
shrinkage=0.0161


Tree=31
num_leaves=31
num_cat=0
split_feature=95 538 216 455 479 8 481 337 129 129 573 179 222 276 505 276 329 216 33 343 19 479 598 131 96 421 548 476 408 135
split_gain=87518.5 40828.4 33251 18534.7 16299.2 11944.1 11639.4 11242.3 10333.1 9515.2 9446.04 7952.19 8486.43 7010.19 6998.85 13473.7 6194.62 5913.62 5769.86 5708.81 5536.77 5372.83 5139.75 5249.7 4806 4793.14 4256.92 4006.23 4000.6 3978.17
threshold=16.500000000000004 108.50000000000001 13.500000000000002 8.0000000000000018 35.500000000000007 10.500000000000002 224.50000000000003 24.500000000000004 8.0000000000000018 8.0000000000000018 115.85000228881837 13.500000000000002 20.000000000000004 13.500000000000002 191.50000000000003 6.5000000000000009 8.0000000000000018 4.5000000000000009 29.500000000000004 10.500000000000002 20.000000000000004 24.500000000000004 220.15000152587893 4.5000000000000009 10.500000000000002 13.500000000000002 109.54999923706056 20.000000000000004 20.000000000000004 10.500000000000002
decision_type=2 2 2 2 2 2 2 2 2 2 8 2 2 2 2 2 2 2 2 2 2 2 10 2 2 2 10 2 2 2
left_child=1 3 9 17 5 27 11 18 -5 21 -9 22 -13 -10 15 -8 -11 -1 -7 -18 -15 -2 23 -3 -21 -16 -6 -4 -25 -30
right_child=2 6 4 8 26 7 14 10 13 16 -12 12 -14 20 25 -17 19 -19 -20 24 -22 -23 -24 28 -26 -27 -28 -29 29 -31
leaf_value=-0.067033606189313949 -0.021312310164621425 -0.049149231020514272 0.014601682440628339 -0.033019568138916877 0.2517747770237892 0.058914285722225734 0.0014003789064449708 0.27634026987910143 -0.008946109681182899 0.014779448992439109 0.11786576590377951 0.016402657678570725 0.11754849184879622 0.031060708819725856 0.00061990792004132497 0.18910474357631171 0.041736775781615956 -0.037329492814300945 0.1548706027712595 0.068483753623056254 0.13193703020731068 0.061848237826264897 0.060119078907925096 -0.013131717690959551 0.19204497583841859 0.081834029874626235 0.13903212370529111 0.094964712401651066 -0.002704553684526215 0.098284420496472333
leaf_weight=3739 1370 874 670 2253 184 750 166 162 1032 790 247 1092 268 598 489 247 455 3255 208 165 185 236 249 1675 163 307 167 212 222 185
leaf_count=3739 1370 874 670 2253 184 750 166 162 1032 790 247 1092 268 598 489 247 455 3255 208 165 185 236 249 1675 163 307 167 212 222 185
internal_value=-0.000646631 -0.0192037 0.0534116 -0.0373181 0.096117 0.0801743 0.0154964 0.109985 -0.00998507 0.0184769 0.180693 0.00372716 0.0363516 0.0185952 0.0599157 0.113716 0.0466241 -0.0532127 0.0797728 0.0787234 0.0549249 -0.0090773 -0.0101093 -0.0160329 0.129959 0.031972 0.198201 0.0339447 -0.0021198 0.0431417
internal_weight=22615 16836 5779 11062 2600 2249 5774 1367 4068 3179 409 4565 1360 1815 1209 413 1573 6994 958 783 783 1606 3205 2956 328 796 351 882 2082 407
internal_count=22615 16836 5779 11062 2600 2249 5774 1367 4068 3179 409 4565 1360 1815 1209 413 1573 6994 958 783 783 1606 3205 2956 328 796 351 882 2082 407
is_linear=0
shrinkage=0.0161


Tree=32
num_leaves=31
num_cat=0
split_feature=156 480 155 599 359 155 214 249 34 174 488 8 455 456 419 224 402 172 529 314 350 127 408 324 128 199 124 392 438 290
split_gain=96044.7 35727.3 27672.6 17821.5 16852 12790.4 10837.2 10828 10279 9949.78 9389.78 8048.49 7205.33 7476.07 6936.81 6672.08 6575.89 5699.99 5584.24 5031.96 4639.72 4549.17 4240.11 4228.22 4054.02 3762.27 7006.29 8605.06 3693.45 3686.27
threshold=10.500000000000002 63.500000000000007 10.500000000000002 231.15000152587893 35.500000000000007 6.5000000000000009 16.500000000000004 13.500000000000002 52.000000000000007 13.500000000000002 122.50000000000001 20.000000000000004 20.000000000000004 29.500000000000004 16.500000000000004 10.500000000000002 24.500000000000004 24.500000000000004 228.50000000000003 13.500000000000002 10.500000000000002 10.500000000000002 20.000000000000004 24.500000000000004 10.500000000000002 6.5000000000000009 8.0000000000000018 10.500000000000002 29.500000000000004 13.500000000000002
decision_type=2 2 2 10 2 2 2 2 2 2 2 2 2 2 2 2 2 2 2 2 2 2 2 2 2 2 2 2 2 2
left_child=1 5 10 6 7 -1 14 18 12 -5 17 -8 -9 20 15 -3 29 24 21 -6 -14 -4 -7 28 -2 -16 -27 -28 -17 -12
right_child=2 3 4 9 19 22 11 8 -10 -11 16 -13 13 -15 25 23 -18 -19 -20 -21 -22 -23 -24 -25 -26 26 27 -29 -30 -31
leaf_value=-0.062810213087235861 -0.033306099506929782 -0.037638896026322421 0.0056456548793267416 0.043356308558350459 0.12053815320390558 -0.028392068072247749 0.016993932361951045 0.038999313578668954 0.20655066372555181 0.19791087021472267 0.0074141599506994194 0.11620724749932661 0.03196449191958585 0.17209154346728439 -0.01036767352255456 -0.017687746095541457 0.12481456268699226 0.061344313756965758 0.11508657632233064 0.22421074860563123 0.12066600624847502 0.055681312182567312 0.025118086680076184 0.070137683540663381 0.014940195450999961 -0.0025330880633581392 0.18198267057873457 0.016870556195202922 0.063627412732272653 0.071410777411494264
leaf_weight=4923 1303 2875 1059 307 335 2258 928 710 178 167 659 275 318 308 623 1086 234 277 212 192 296 850 462 217 690 388 162 166 167 362
leaf_count=4923 1303 2875 1059 307 335 2258 928 710 178 167 659 275 318 308 623 1086 234 277 212 192 296 850 462 217 690 388 162 166 167 362
internal_value=0.00105859 -0.0229453 0.0461768 0.0023671 0.0728327 -0.0473269 -0.00420173 0.0613616 0.090296 0.0978587 0.0124588 0.0396932 0.0776018 0.107303 -0.0134961 -0.023372 0.047801 -0.00707034 0.0366588 0.158353 0.0747645 0.0279368 -0.0192946 0.0045148 -0.0165909 0.0185334 0.0437135 0.0984916 -0.00683127 0.0301275
internal_weight=22987 15004 7983 7361 4458 7643 6887 3931 1810 474 3525 1203 1632 922 5684 4345 1255 2270 2121 527 614 1909 2720 1470 1993 1339 716 328 1253 1021
internal_count=22987 15004 7983 7361 4458 7643 6887 3931 1810 474 3525 1203 1632 922 5684 4345 1255 2270 2121 527 614 1909 2720 1470 1993 1339 716 328 1253 1021
is_linear=0
shrinkage=0.0161


Tree=33
num_leaves=31
num_cat=0
split_feature=156 454 539 157 238 599 68 212 129 214 492 599 419 522 118 277 24 33 516 599 200 71 576 261 275 97 166 355 94 171
split_gain=91455.2 40772.9 26212.9 20740.4 15044.7 11279.6 11135 10903.9 10042 9137.25 9087.11 7777.93 8606.04 9017.81 8853.8 7470.17 7435.89 7256.34 5669.32 5632.82 5495.14 5217.24 5051.95 4804.05 4629.48 4435.23 4330.47 4321.39 4109.97 3959.33
threshold=6.5000000000000009 16.500000000000004 112.50000000000001 13.500000000000002 35.500000000000007 200.34999847412112 13.500000000000002 29.500000000000004 6.5000000000000009 10.500000000000002 145.50000000000003 215.15000152587893 8.0000000000000018 210.50000000000003 13.500000000000002 29.500000000000004 13.500000000000002 29.500000000000004 9.5000000000000018 213.05000305175784 6.5000000000000009 6.5000000000000009 122.54999923706056 6.5000000000000009 24.500000000000004 6.5000000000000009 13.500000000000002 8.0000000000000018 16.500000000000004 5.5000000000000009
decision_type=2 2 2 2 2 10 2 2 2 2 2 8 2 2 2 2 2 2 2 10 2 2 10 2 2 2 2 2 2 2
left_child=2 4 9 19 5 8 -5 15 26 18 -6 21 -13 14 -14 20 -7 23 -1 25 -8 -4 -22 -10 -25 28 -2 -28 -3 -23
right_child=1 3 11 6 10 16 7 -9 17 -11 -12 12 13 -15 -16 -17 -18 -19 -20 -21 22 29 -24 24 -26 -27 27 -29 -30 -31
leaf_value=-0.083810339735774869 -0.036959898390778324 -0.030599554173552822 -0.040109654471912101 0.065819858138535886 0.04310739312282303 0.023265709568592367 0.030685569545171123 0.25341153655853904 -0.014271710823942015 -0.012857721949417845 0.19224685827712129 -0.0064373536761990254 0.060048650491922387 -0.0036286741583882332 0.21853170394254376 0.19798316411179367 0.13479231913588549 0.081222614243618138 -0.048432860513341412 0.12705587116769093 0.17316564665175024 -0.030819097845682333 0.058270230867451665 0.014162958888724863 0.08544616163656682 0.050781167648458456 -0.028924554229038731 0.045811226801460304 0.043791487726648544 0.029769871344541832
leaf_weight=1562 2070 442 970 780 277 383 235 199 1438 1492 172 529 206 199 165 242 261 390 4764 175 254 419 164 1548 279 1235 416 387 341 839
leaf_count=1562 2070 442 970 780 277 383 235 199 1438 1492 172 529 206 199 165 242 261 390 4764 175 254 419 164 1548 279 1235 416 387 341 839
internal_value=0.00038591 0.0318513 -0.0326104 0.0730155 0.00988061 0.00421721 0.112353 0.145509 -0.00212098 -0.0487179 0.100291 0.00523311 0.0402882 0.0836941 0.130596 0.121491 0.0685017 0.015579 -0.0571719 0.0393894 0.0931065 -0.0120479 0.128143 0.00773079 0.0250615 0.0317753 -0.0246469 0.0070645 0.00176802 0.00957089
internal_weight=22833 11688 11145 4067 7621 7172 1874 1094 6528 7818 449 3327 1099 570 371 895 644 3655 6326 2193 653 2228 418 3265 1827 2018 2873 803 783 1258
internal_count=22833 11688 11145 4067 7621 7172 1874 1094 6528 7818 449 3327 1099 570 371 895 644 3655 6326 2193 653 2228 418 3265 1827 2018 2873 803 783 1258
is_linear=0
shrinkage=0.0161


Tree=34
num_leaves=31
num_cat=0
split_feature=215 539 250 395 479 479 501 395 456 599 536 219 129 130 228 394 8 516 21 24 253 599 19 408 380 474 284 458 426 419
split_gain=88426.9 45156.5 26464.5 23846 18452.2 12491.2 15389.9 12152.1 11548.5 10025.3 8754.08 7676.99 6589.66 6513.11 6466.14 6441.38 6267.17 5871.38 5832.96 7219.21 5768.96 5423.47 5091.09 4923.13 4549.22 4431.13 4349.82 4631.85 4460.01 4160.4
threshold=16.500000000000004 144.50000000000003 8.0000000000000018 6.5000000000000009 35.500000000000007 13.500000000000002 103.50000000000001 29.500000000000004 6.5000000000000009 255.05000305175784 20.500000000000004 20.000000000000004 8.0000000000000018 6.5000000000000009 10.500000000000002 16.500000000000004 24.500000000000004 162.50000000000003 8.0000000000000018 20.000000000000004 10.500000000000002 200.34999847412112 24.500000000000004 5.5000000000000009 6.5000000000000009 8.0000000000000018 35.500000000000007 16.500000000000004 16.500000000000004 24.500000000000004
decision_type=2 2 2 2 2 2 2 2 2 10 2 2 2 2 2 2 2 2 2 2 2 10 2 2 2 2 2 2 2 2
left_child=1 3 12 10 7 9 -7 14 -5 26 -1 17 -2 29 -4 -14 -16 25 -8 21 -6 -20 -15 -12 -17 -9 27 -3 -29 -10
right_child=2 5 4 8 20 6 18 11 13 -11 23 -13 15 22 16 24 -18 -19 19 -21 -22 -23 -24 -25 -26 -27 -28 28 -30 -31
leaf_value=-0.07055915148428403 -0.010152314401974161 -0.017425842507091293 0.025182193647337026 -0.033785910870907543 0.14227335921124867 0.18991401373758623 0.0071702576727462539 0.079807297074421663 -0.023539678525263577 0.13334838867797433 -0.054795994522755166 0.20826719351700135 0.0056327146893790595 0.019721807818010788 0.058376927174046245 0.019487186672238029 0.16806626928160379 0.015200373579709225 0.0026169136650175269 0.16843797769737545 0.27372949583021833 0.10732507041075658 0.08727577145434344 -0.022294338341452651 0.12053454866740354 0.18273160456418391 0.072852941513149083 0.0062407877767194295 0.10116020710843852 0.054139107376238338
leaf_weight=2909 1052 1768 937 2285 187 226 566 229 1303 160 2031 227 494 1722 448 174 194 162 301 169 163 224 348 2991 347 208 207 449 180 207
leaf_count=2909 1052 1768 937 2285 187 226 566 229 1303 160 2031 227 494 1722 448 174 194 162 301 169 163 224 348 2991 347 208 207 449 180 207
internal_value=0.000377108 -0.0159873 0.0616245 -0.0301237 0.0942969 0.0298957 0.0675421 0.0783858 -0.0055049 0.00964741 -0.0483264 0.128443 0.0180659 0.0125394 0.0521852 0.0473359 0.0915596 0.0981529 0.0455742 0.0768611 0.203562 0.0473372 0.0310901 -0.0354434 0.0868326 0.12885 0.00203769 -0.00406795 0.0334412 -0.0128754
internal_weight=22868 18046 4822 13796 2755 4250 1486 2405 5865 2764 7931 826 2067 3580 1579 1015 642 599 1260 694 350 525 2070 5022 521 437 2604 2397 629 1510
internal_count=22868 18046 4822 13796 2755 4250 1486 2405 5865 2764 7931 826 2067 3580 1579 1015 642 599 1260 694 350 525 2070 5022 521 437 2604 2397 629 1510
is_linear=0
shrinkage=0.0161


Tree=35
num_leaves=31
num_cat=0
split_feature=395 537 94 456 599 336 599 359 95 455 10 36 461 32 359 597 218 394 442 320 71 213 178 16 396 157 576 359 226 129
split_gain=83399.8 35540.6 24828.1 16471.7 13784.4 14644.4 12411.6 13726.7 10657.7 10367.4 9683.92 8776.17 8463.15 7158.82 6390.98 6077.89 6040.34 5702.69 5338.44 5438.9 5329.73 5246 5127.7 5441.81 4942.01 4619.65 4518.61 4038.95 3714.1 3313.9
threshold=10.500000000000002 104.50000000000001 20.000000000000004 29.500000000000004 247.34999847412112 10.500000000000002 201.75000000000003 43.500000000000007 8.0000000000000018 43.500000000000007 5.5000000000000009 4.5000000000000009 43.500000000000007 8.0000000000000018 35.500000000000007 89.549999237060561 8.0000000000000018 10.500000000000002 5.5000000000000009 10.500000000000002 6.5000000000000009 20.000000000000004 20.000000000000004 13.500000000000002 6.5000000000000009 13.500000000000002 204.25000000000003 29.500000000000004 13.500000000000002 8.0000000000000018
decision_type=2 2 2 2 10 2 10 2 2 2 2 2 2 2 2 10 2 2 2 2 2 2 2 2 2 2 10 2 2 2
left_child=1 8 4 14 5 28 7 20 15 21 -7 -8 16 -13 22 -1 -12 -18 -19 -20 -3 -5 29 -24 -10 -22 -15 -26 -2 -4
right_child=2 6 3 9 -6 10 11 -9 24 -11 12 13 -14 26 -16 -17 17 18 19 -21 25 -23 23 -25 27 -27 -28 -29 -30 -31
leaf_value=-0.06484437498137452 -0.020594423392586665 -0.031558711126745721 0.0011115892397577272 0.051574375672030437 0.16262299631514182 -0.013711225319919682 -0.00716269358671666 0.12646640397307807 -0.037691861399988619 0.25862913715997127 0.016352371673301745 0.15444085085080167 0.16679885234277014 0.10962331897599537 0.13025212395072452 -0.02943024802524407 0.036138675410277869 0.026961769226753605 0.083427731669307628 0.19218486411742597 -0.0076625375606811704 0.17423291819286782 0.044008669734027749 0.16468962224839609 -0.0061645675960106099 0.045180248025053805 -0.0052597161315547621 0.079269220088520373 0.02141464458541311 0.053276031027761364
leaf_weight=4586 2088 1609 526 192 173 653 320 203 1600 182 924 295 167 163 284 1734 648 175 275 212 1508 172 214 178 1250 599 194 162 738 793
leaf_count=4586 2088 1609 526 192 173 653 320 203 1600 182 924 295 167 163 284 1734 648 175 275 212 1508 172 214 178 1250 599 194 162 738 793
internal_value=-0.000898908 -0.0248265 0.0386984 0.0809376 0.0209628 0.0167909 0.0103241 -0.00244294 -0.0432519 0.159319 0.0412337 0.0618237 0.0561869 0.0957182 0.0594742 -0.0551316 0.0479077 0.070147 0.103401 0.13082 -0.00949142 0.109599 0.0477123 0.0988677 -0.0183171 0.00734899 0.047128 0.00362066 -0.00961557 0.0324914
internal_weight=22817 14223 8594 2541 6053 5880 4891 3919 9332 546 3054 972 2401 652 1995 6320 2234 1310 662 487 3716 364 1711 392 3012 2107 357 1412 2826 1319
internal_count=22817 14223 8594 2541 6053 5880 4891 3919 9332 546 3054 972 2401 652 1995 6320 2234 1310 662 487 3716 364 1711 392 3012 2107 357 1412 2826 1319
is_linear=0
shrinkage=0.0161


Tree=36
num_leaves=31
num_cat=0
split_feature=156 480 393 599 395 155 68 371 43 332 58 249 454 127 359 219 365 47 7 127 538 505 471 480 130 172 418 157 260 517
split_gain=83750.7 30655.4 28057.6 17257.3 14329.2 11000.6 10960.6 10455.2 9114.58 8962.24 8951.05 7667.72 7593.64 10511 6841.83 6841.23 6507.81 8709.41 5434.55 5357.44 5349.4 5145.38 4885.54 4798.41 4583.83 4453.34 4775.71 4444.88 4352.62 4576.7
threshold=10.500000000000002 57.500000000000007 24.500000000000004 215.15000152587893 13.500000000000002 6.5000000000000009 29.500000000000004 6.5000000000000009 16.500000000000004 5.5000000000000009 20.000000000000004 8.0000000000000018 16.500000000000004 20.000000000000004 8.0000000000000018 10.500000000000002 8.0000000000000018 20.000000000000004 10.500000000000002 10.500000000000002 94.500000000000014 226.50000000000003 43.500000000000007 61.500000000000007 5.5000000000000009 6.5000000000000009 24.500000000000004 10.500000000000002 6.5000000000000009 96.500000000000014
decision_type=2 2 2 10 2 2 2 2 2 2 2 2 2 2 2 2 2 2 2 2 2 2 2 2 2 2 2 2 2 2
left_child=1 5 4 11 10 -1 16 -6 18 -5 23 22 25 -14 -10 -8 -4 27 -9 -16 -12 -11 -3 -2 -7 -13 -27 -18 -20 -30
right_child=2 3 6 9 7 24 15 8 14 21 20 12 13 -15 19 -17 17 -19 28 -21 -22 -23 -24 -25 -26 26 -28 -29 29 -31
leaf_value=-0.061187545290282336 -0.038830763967576655 -0.027176336936855183 0.027830924668733915 0.16063952212966703 0.011945487385374732 -0.042420844603538586 0.10517782974972729 0.017304108892618002 0.068750488343270522 0.078951620447566428 0.0067227391704952708 -0.025902299675878208 0.021219035875777292 0.17101241451493016 0.23795843766095209 0.24065776253221355 0.014312853675356589 0.18450438571162056 0.031598303487763976 0.10763918124695922 0.10511222264016234 -0.023352337080421549 0.054263313093817885 0.006984442740402684 0.00040525422403442759 0.0050070744193014671 0.091504269211112724 0.1071891057412578 0.16729071363736836 0.060623608245053327
leaf_weight=4720 1041 3750 437 216 1211 1232 186 716 325 314 276 1083 454 166 165 203 225 248 284 164 299 214 201 1374 1364 1038 197 331 207 212
leaf_count=4720 1041 3750 437 216 1211 1232 186 716 325 314 276 1083 454 166 165 203 225 248 284 164 299 214 201 1374 1364 1038 197 331 207 212
internal_value=-0.000581957 -0.0229942 0.0418038 -0.000419509 0.0263374 -0.0465439 0.101321 0.0495541 0.0715129 0.0732413 0.000829888 -0.00837817 0.0113138 0.061363 0.121264 0.175939 0.0779128 0.105105 0.0485664 0.173068 0.0579262 0.0374429 -0.0230273 -0.0127547 -0.0199099 -0.00206274 0.0188237 0.0696466 0.0803732 0.113377
internal_weight=22853 14949 7904 7633 6274 7316 1630 3284 2073 744 2990 6889 2938 620 654 389 1241 804 1419 329 575 528 3951 2415 2596 2318 1235 556 703 419
internal_count=22853 14949 7904 7633 6274 7316 1630 3284 2073 744 2990 6889 2938 620 654 389 1241 804 1419 329 575 528 3951 2415 2596 2318 1235 556 703 419
is_linear=0
shrinkage=0.0161


Tree=37
num_leaves=31
num_cat=0
split_feature=215 539 336 36 11 174 478 333 259 316 278 274 543 131 153 501 131 521 539 115 364 102 590 473 537 212 419 129 517 362
split_gain=81885.3 40770.2 18762.4 15644.4 14326.1 10685.8 10300.6 9987.51 9221.2 8647.59 8454.64 8421.66 7631.84 7222.05 6781.71 7568.4 7251.3 10470.1 6322.56 5860.02 5753.99 5326.69 5117.37 4876.99 4805.32 4759.59 4577.4 4421.44 4221.29 3722.25
threshold=13.500000000000002 112.50000000000001 10.500000000000002 6.5000000000000009 24.500000000000004 16.500000000000004 35.500000000000007 29.500000000000004 16.500000000000004 10.500000000000002 8.0000000000000018 4.5000000000000009 247.34999847412112 24.500000000000004 24.500000000000004 139.50000000000003 6.5000000000000009 97.500000000000014 231.50000000000003 16.500000000000004 5.5000000000000009 24.500000000000004 210.94999694824222 29.500000000000004 36.500000000000007 29.500000000000004 24.500000000000004 8.0000000000000018 86.500000000000014 16.500000000000004
decision_type=2 2 2 2 2 2 2 2 2 2 2 2 10 2 2 2 2 2 2 2 2 2 10 2 2 2 2 2 2 2
left_child=1 3 6 24 10 12 22 19 18 -10 26 -5 14 20 16 -16 21 -18 23 28 -12 -3 -2 -7 -1 -22 -4 -13 -6 -19
right_child=2 5 4 11 7 8 -8 -9 9 -11 13 27 -14 -15 15 -17 17 29 -20 -21 25 -23 -24 -25 -26 -27 -28 -29 -30 -31
leaf_value=-0.065873662127427998 0.00016443752135709565 -0.04395358021187009 0.0058288491524516317 -0.045853329748739222 0.12671981875852589 -0.015679823578575558 0.12003529316793392 0.24267117189569909 0.20131521678250999 0.044934604282925485 0.018682811445967687 -0.017146007920103394 0.10058580031304501 0.17049060287345136 0.13701088032609843 0.0017451420114781174 0.098972662836595809 -0.018920615101792184 0.11098223257288455 0.17273604536178327 0.072702436630535952 0.043813771748402223 0.087952048501457297 0.072864347582260847 -0.036858755145215229 0.16547044890833323 0.08656937203864995 0.018802225961693585 0.019493118668614317 0.040111099268685141
leaf_weight=3515 2170 1414 876 1660 171 550 230 175 190 178 436 2119 204 202 186 254 312 1082 204 210 830 205 187 228 2564 174 230 1525 216 372
leaf_count=3515 2170 1414 876 1660 171 550 230 175 190 178 436 2119 204 202 186 254 312 1082 204 210 830 205 187 228 2564 174 230 1525 216 372
internal_value=-0.000356315 -0.0187463 0.0501151 -0.0360076 0.0743097 0.0177776 0.0171856 0.135612 0.0569814 0.125739 0.0570795 -0.0157948 0.00463578 0.0802621 -0.000475401 0.0589792 -0.00821057 0.0143424 0.031191 0.10419 0.0675887 -0.0328258 0.00713933 0.0102386 -0.0536396 0.0888032 0.0226407 -0.00209535 0.0669332 -0.0038014
internal_weight=22869 16762 6107 11383 3520 5379 2587 772 1350 368 2748 5304 4029 1642 3825 440 3385 1766 982 597 1440 1619 2357 778 6079 1004 1106 3644 387 1454
internal_count=22869 16762 6107 11383 3520 5379 2587 772 1350 368 2748 5304 4029 1642 3825 440 3385 1766 982 597 1440 1619 2357 778 6079 1004 1106 3644 387 1454
is_linear=0
shrinkage=0.0161


Tree=38
num_leaves=31
num_cat=0
split_feature=155 488 156 599 129 454 277 298 118 479 429 101 538 293 156 332 477 225 385 249 77 393 98 57 120 592 503 96 31 394
split_gain=77319.3 34570.5 26423.8 22311.6 16331.7 15177 14210.1 10598.7 9582.64 9212.07 8111.53 7392.85 6913.91 6866.93 6466.75 6101.79 5842.37 6495.55 5555.92 5187.53 4450.29 4195.38 3595.67 3595.29 3582.19 4673.27 7345.99 3396.46 3985.5 3381.5
threshold=10.500000000000002 44.500000000000007 6.5000000000000009 226.84999847412112 8.0000000000000018 16.500000000000004 24.500000000000004 35.500000000000007 13.500000000000002 16.500000000000004 29.500000000000004 29.500000000000004 152.50000000000003 35.500000000000007 5.5000000000000009 35.500000000000007 24.500000000000004 10.500000000000002 8.0000000000000018 10.500000000000002 10.500000000000002 35.500000000000007 5.5000000000000009 20.000000000000004 6.5000000000000009 124.35000228881837 147.50000000000003 5.5000000000000009 29.500000000000004 4.5000000000000009
decision_type=2 2 2 10 2 2 2 2 2 2 2 2 2 2 2 2 2 2 2 2 2 2 2 2 2 8 2 2 2 2
left_child=1 14 12 9 7 23 11 15 -5 13 -8 21 -2 19 -1 -4 24 -18 -15 27 -14 -7 -21 -6 -11 -26 -27 -3 -29 -16
right_child=2 3 4 8 5 6 10 -9 -10 16 -12 -13 20 18 29 -17 17 -19 -20 22 -22 -23 -24 -25 25 26 -28 28 -30 -31
leaf_value=-0.06372590550634083 -0.024187201686725734 -0.047646483840148413 0.0046530557028312278 0.045477021661366655 0.028406063233921374 0.055499885339470548 0.13405437595088543 0.13990020036681267 0.18531810655774045 -0.018446851843687613 0.270222144573669 0.17166296783117987 0.003427135521708727 -0.026650706765888439 -0.055109546729405365 0.10190952484172838 0.020464101975563035 0.14600393017408136 0.094013099313598983 -0.032479719932808147 0.09658870617263618 0.1249424521592451 0.015263652591532307 0.085923326235934738 -0.026859047419249778 0.12058442351843374 0.001717761152227978 -0.024897091819423903 0.050077036260868527 -0.017389729499937358
leaf_weight=3656 1606 1825 1841 323 1191 1041 307 188 210 674 181 219 322 162 958 184 242 192 253 589 227 289 1337 370 240 258 283 1840 204 1734
leaf_count=3656 1606 1825 1841 323 1191 1041 307 188 210 674 181 219 322 162 958 184 242 192 253 589 227 289 1337 370 240 258 283 1840 204 1734
internal_value=0.00029538 -0.0212552 0.0408241 -0.000278298 0.0586813 0.0798519 0.108806 0.0242503 0.100618 -0.00692125 0.184607 0.0849096 -0.00731712 -0.0163937 -0.0497759 0.0135018 0.0242065 0.0760567 0.0468539 -0.0209271 0.0419904 0.070607 0.000650785 0.0420543 0.00872441 0.0322032 0.0584481 -0.0316748 -0.0174028 -0.0308218
internal_weight=22946 14980 7966 8632 5811 3598 2037 2213 533 8099 488 1549 2155 6210 6348 2025 1889 434 415 5795 549 1330 1926 1561 1455 781 541 3869 2044 2692
internal_count=22946 14980 7966 8632 5811 3598 2037 2213 533 8099 488 1549 2155 6210 6348 2025 1889 434 415 5795 549 1330 1926 1561 1455 781 541 3869 2044 2692
is_linear=0
shrinkage=0.0161


Tree=39
num_leaves=31
num_cat=0
split_feature=155 599 214 456 456 455 537 189 539 163 156 522 140 130 419 441 217 554 188 380 363 576 599 260 479 413 7 94 227 50
split_gain=84056 29643.6 24739.2 17861.4 16243.7 9818.72 9805.51 8853.57 8103.77 7860.73 7741.22 7168.36 9500.75 6702.68 7538.94 6301.37 6360.92 6161.63 5676.89 5939.88 5495.3 5073.72 5341.51 4729.11 4598.96 4489.67 4415.16 4340.78 4224.73 5533.38
threshold=10.500000000000002 189.94999694824222 13.500000000000002 24.500000000000004 10.500000000000002 35.500000000000007 36.500000000000007 6.5000000000000009 178.50000000000003 24.500000000000004 13.500000000000002 200.50000000000003 10.500000000000002 13.500000000000002 29.500000000000004 10.500000000000002 10.500000000000002 152.44999694824222 8.0000000000000018 16.500000000000004 20.000000000000004 204.25000000000003 221.94999694824222 13.500000000000002 24.500000000000004 5.5000000000000009 16.500000000000004 16.500000000000004 16.500000000000004 10.500000000000002
decision_type=2 10 2 2 2 2 2 2 2 2 2 2 2 2 2 2 2 8 2 2 2 10 10 2 2 2 2 2 2 2
left_child=1 4 8 7 6 25 -1 24 10 20 -2 12 -10 14 -6 -9 -17 -7 -12 -20 21 22 -3 -8 -4 -5 -18 -15 -25 -30
right_child=2 9 3 5 13 17 23 15 11 -11 18 -13 -14 27 -16 16 26 -19 19 -21 -22 -23 -24 28 -26 -27 -28 -29 29 -31
leaf_value=-0.060089471903801685 -0.014959995888811304 0.010805393209628833 -0.0059830893045625276 0.16665816126368591 -0.025327454401432328 0.27690334600277866 -0.036043327533410878 0.045058596868389277 0.048719133945299864 0.1393752287855492 -0.0014343294655255151 0.0066909411121209702 0.20329821216012298 0.011154313981819304 0.071159399484000976 0.062747298246993516 0.098479922692959285 0.1358335785680968 0.035996728804229793 0.13789782527315081 0.097701002402524009 -0.030715781195767174 0.12140553552504929 -0.019801300450568202 0.079730747885303155 0.067548739383374634 0.20348225285582658 0.082422906640331764 0.1107625730646043 -0.0086269694413613294
leaf_weight=4161 2057 353 749 165 2631 160 3760 995 288 210 609 347 161 1081 228 457 214 163 520 208 259 385 167 933 207 426 204 279 175 236
leaf_count=4161 2057 353 749 165 2631 160 3760 995 288 210 609 347 161 1081 228 457 214 163 520 208 259 385 167 933 207 426 204 279 175 236
internal_value=3.30806e-05 -0.0225557 0.0423595 0.0724603 -0.0298161 0.134344 -0.0417409 0.0524372 0.0154859 0.0486782 0.00463503 0.0617223 0.1042 -0.00362355 -0.0176246 0.0728152 0.104352 0.205786 0.0348 0.0651437 0.0322951 0.0135508 0.0463703 -0.0267777 0.0125517 0.0952587 0.149781 0.0257922 -0.000838637 0.0421507
internal_weight=22788 14858 7930 3740 13484 914 9265 2826 4190 1374 3394 796 449 4219 2859 1870 875 323 1337 728 1164 905 520 5104 956 591 418 1360 1344 411
internal_count=22788 14858 7930 3740 13484 914 9265 2826 4190 1374 3394 796 449 4219 2859 1870 875 323 1337 728 1164 905 520 5104 956 591 418 1360 1344 411
is_linear=0
shrinkage=0.0161


Tree=40
num_leaves=31
num_cat=0
split_feature=156 94 480 35 599 405 479 167 215 599 96 71 157 463 151 35 298 56 513 40 130 407 33 359 415 514 357 486 375 572
split_gain=71693.6 31921.7 21424.9 16528.8 15200.4 12236.6 11243.5 10652 10309.2 7325.19 7069.4 6725.05 6407.61 6596.89 6353.79 6305.89 6297.27 5281.33 5249.5 5232.19 5164.79 5202.56 4555.42 4412.59 4707.49 4352.23 4280.75 3775.83 3760.77 3595.15
threshold=6.5000000000000009 16.500000000000004 65.500000000000014 35.500000000000007 181.25000000000003 24.500000000000004 43.500000000000007 16.500000000000004 10.500000000000002 201.75000000000003 20.000000000000004 8.0000000000000018 10.500000000000002 8.0000000000000018 24.500000000000004 6.5000000000000009 24.500000000000004 24.500000000000004 97.500000000000014 24.500000000000004 6.5000000000000009 16.500000000000004 29.500000000000004 20.000000000000004 8.0000000000000018 119.50000000000001 10.500000000000002 140.50000000000003 10.500000000000002 108.85000228881837
decision_type=2 2 2 2 10 2 2 2 2 8 2 2 2 2 2 2 2 2 2 2 2 2 2 2 2 2 2 2 2 8
left_child=2 4 15 6 8 16 11 10 19 23 -5 28 -10 29 17 -1 27 -11 -12 -2 -15 -22 -13 -4 -25 -21 -24 -6 -3 -14
right_child=1 3 9 7 5 -7 -8 -9 12 14 18 22 13 20 -16 -17 -18 -19 -20 25 21 -23 26 24 -26 -27 -28 -29 -30 -31
leaf_value=-0.064734945059724436 -0.024658555826519588 -0.014797082433576973 -0.026894280765587721 0.023062428613527395 0.087600256340067489 0.17467251607889736 0.14025039905482711 0.21943875339706356 -0.0024500139506275194 -0.0032628910114053896 0.20135241625802572 0.043939087649635486 0.055676436077101835 0.0099075060603452184 0.10847643238058703 -0.031155981032281035 0.12289182895714437 0.079698524438180887 0.072739600882378061 -0.000752189635245114 0.074004417950323587 0.18495118734682855 0.056206109795460389 -0.022715123544758815 0.069991070588360654 0.099128050228550132 0.16433913355483271 -0.00010151662710665886 0.04326224145609478 -0.018863769766990873
leaf_weight=3474 3440 707 2923 231 160 206 308 242 1273 1183 171 1167 288 186 196 2494 183 239 160 373 347 161 199 293 275 162 183 619 489 401
leaf_count=3474 3440 707 2923 231 160 206 308 242 1273 1183 171 1167 288 186 196 2494 183 239 160 373 347 161 199 293 275 162 183 619 489 401
internal_value=-0.000658547 0.0272128 -0.0299888 0.0651005 0.00847234 0.0620278 0.0479847 0.130064 -0.000957493 -0.00578334 0.0915375 0.0376236 0.0235974 0.04759 0.0225274 -0.0507064 0.0378819 0.0106641 0.139254 -0.0173704 0.0826319 0.109213 0.0597696 -0.0189115 0.0221276 0.0294479 0.10807 0.0178815 0.00892154 0.0122597
internal_weight=22733 11656 11077 3857 7799 1168 3053 804 6631 5109 562 2745 2656 1383 1618 5968 962 1422 331 3975 694 508 1549 3491 568 535 382 779 1196 689
internal_count=22733 11656 11077 3857 7799 1168 3053 804 6631 5109 562 2745 2656 1383 1618 5968 962 1422 331 3975 694 508 1549 3491 568 535 382 779 1196 689
is_linear=0
shrinkage=0.0161


Tree=41
num_leaves=31
num_cat=0
split_feature=156 393 538 599 275 239 189 456 8 411 154 395 454 427 218 309 456 299 234 88 207 53 174 45 71 366 394 71 181 454
split_gain=69914.3 28686.2 26510.7 23014.4 16803.1 14171 11823 8777.32 8782.64 8614.54 7311.63 7255.49 7078.6 6206.35 6117.88 5992.67 5596.6 5560.13 5435.7 5409.02 5259.02 5056.77 4333.7 4079.24 4019.26 4008.9 3911.55 3902.45 4566.38 3800.29
threshold=8.0000000000000018 13.500000000000002 60.500000000000007 231.15000152587893 16.500000000000004 29.500000000000004 6.5000000000000009 43.500000000000007 6.5000000000000009 10.500000000000002 8.0000000000000018 6.5000000000000009 35.500000000000007 10.500000000000002 29.500000000000004 10.500000000000002 8.0000000000000018 29.500000000000004 8.0000000000000018 10.500000000000002 20.000000000000004 29.500000000000004 16.500000000000004 20.000000000000004 13.500000000000002 13.500000000000002 20.000000000000004 16.500000000000004 6.5000000000000009 16.500000000000004
decision_type=2 2 2 10 2 2 2 2 2 2 2 2 2 2 2 2 2 2 2 2 2 2 2 2 2 2 2 2 2 2
left_child=2 6 11 4 21 13 18 8 -6 -7 14 -1 27 22 20 -15 -17 29 -2 -18 25 -3 -4 -24 -20 -8 -13 -12 -29 -10
right_child=1 3 5 -5 7 9 10 -9 17 -11 12 26 -14 15 -16 16 19 -19 24 -21 -22 -23 23 -25 -26 -27 -28 28 -30 -31
leaf_value=-0.058969583559814034 -0.0365892140537201 0.014936426085025441 -0.030290961892753369 0.22309287207415793 0.0012914990441829409 0.016989322620028148 -0.0255455883221417 0.1940787908439055 0.036707939426884072 0.14254822350333682 0.019606725392926391 -0.032600056888678432 0.13586607662311465 -0.0085042554624087611 0.090536677071002242 0.010007516903831717 0.033826072725383176 0.17477803303842038 -0.0085038334616864206 0.1563829798046307 0.064878428120198284 0.09353838514001131 -0.0069970888704109745 0.080106108866332792 0.061191850136836416 0.03220527944826964 0.025381262353420388 0.14801273675146462 0.040784425268508041 0.10756332640642463
leaf_weight=4367 1412 1637 2903 233 282 304 1173 207 295 266 777 1796 248 1292 222 481 194 219 727 181 285 244 668 176 304 424 362 161 288 593
leaf_count=4367 1412 1637 2903 233 282 304 1173 207 295 266 777 1796 248 1292 222 481 194 219 727 181 285 244 668 176 304 424 362 161 288 593
internal_value=0.000305375 0.0329367 -0.0241374 0.0681532 0.0577637 -0.00102701 0.0112332 0.0961923 0.0815875 0.0756248 0.0298777 -0.0470317 0.0573784 -0.00844262 0.0106003 0.0133693 0.0464115 0.102021 -0.0160638 0.093043 0.00115856 0.025145 -0.0209528 0.0111387 0.0120238 -0.0101981 -0.0228629 0.0414824 0.0792862 0.0840512
internal_weight=22721 9731 12990 3710 3477 6465 6021 1596 1389 570 3578 6525 1474 5895 2104 2148 856 1107 2443 375 1882 1881 3747 844 1031 1597 2158 1226 449 888
internal_count=22721 9731 12990 3710 3477 6465 6021 1596 1389 570 3578 6525 1474 5895 2104 2148 856 1107 2443 375 1882 1881 3747 844 1031 1597 2158 1226 449 888
is_linear=0
shrinkage=0.0161


Tree=42
num_leaves=31
num_cat=0
split_feature=155 480 276 34 599 479 298 428 456 599 129 538 560 458 129 119 293 479 394 67 34 238 131 157 233 284 154 115 103 34
split_gain=73478.7 27371.7 24614.4 17582.5 12792.1 12437.2 9982.57 9523.26 9166.22 9076.81 8634.64 7208.33 9070.31 7001.26 6852.28 6620.29 6600.22 5680.41 5670.28 6599.18 4916.91 4791.79 4751.85 4272.98 4060.66 4013.22 3944.01 3563.12 3554.11 4381.74
threshold=10.500000000000002 71.500000000000014 5.5000000000000009 24.500000000000004 235.84999847412112 29.500000000000004 35.500000000000007 16.500000000000004 24.500000000000004 255.05000305175784 8.0000000000000018 105.50000000000001 135.84999847412112 20.000000000000004 6.5000000000000009 24.500000000000004 43.500000000000007 35.500000000000007 16.500000000000004 35.500000000000007 16.500000000000004 43.500000000000007 16.500000000000004 3.5000000000000004 6.5000000000000009 35.500000000000007 3.5000000000000004 10.500000000000002 5.5000000000000009 5.5000000000000009
decision_type=2 2 2 2 10 2 2 2 2 10 2 2 10 2 2 2 2 2 2 2 2 2 2 2 2 2 2 2 2 2
left_child=1 10 15 4 6 9 14 17 22 13 26 -7 -13 16 24 -2 25 -5 -16 -20 -12 -8 -9 -15 -4 -3 -1 -22 -25 -30
right_child=2 5 3 7 -6 11 21 8 -10 -11 20 12 -14 23 18 -17 -18 -19 19 -21 27 -23 -24 28 -26 -27 -28 -29 29 -31
leaf_value=-0.070525224075634899 -0.027468069164325825 -0.025008664855265133 -0.036007036583206628 0.046891072600193026 0.15635363287937473 -0.01119882353694465 0.059575472015074564 0.059649464941103424 0.21156365463071686 0.10975741396936912 -0.026880342928084545 0.19625794949982678 0.050185413697511727 -0.047568834586387602 0.017822732117203356 0.060792862743598304 0.063347592295472557 0.1519985020478434 0.048961627103587924 0.15449784698340316 -0.0074918393430911572 0.176580788987722 0.16646675117403326 -0.010323668300714618 0.020782082219174942 0.035327661903565503 -0.042155851828170651 0.081080529310890173 0.11253295370455765 0.029937449500930934
leaf_weight=1930 1470 4257 619 808 224 211 205 312 291 175 1929 170 315 170 1466 259 254 160 995 182 272 164 166 271 690 306 3742 207 251 498
leaf_count=1930 1470 4257 619 808 224 211 205 312 291 175 1929 170 315 170 1466 259 254 160 995 182 272 164 166 271 690 306 3742 207 251 498
internal_value=0.000199763 -0.020873 0.0395493 0.0543557 0.0376959 0.0027294 0.0315393 0.0979338 0.140255 -0.00453138 -0.0409671 0.0672547 0.101435 -0.00786483 0.0240541 -0.0142332 -0.016507 0.0642885 0.0389749 0.0653007 -0.0154096 0.111642 0.0967942 0.027098 -0.00605438 -0.0209573 -0.0518132 0.0307356 0.0395656 0.0576477
internal_weight=22969 14958 8011 6282 4545 6878 4321 1737 769 6182 8080 696 485 6007 3952 1729 4817 968 2643 1177 2408 369 478 1190 1309 4563 5672 479 1020 749
internal_count=22969 14958 8011 6282 4545 6878 4321 1737 769 6182 8080 696 485 6007 3952 1729 4817 968 2643 1177 2408 369 478 1190 1309 4563 5672 479 1020 749
is_linear=0
shrinkage=0.0161


Tree=43
num_leaves=31
num_cat=0
split_feature=215 539 479 156 248 359 98 292 118 598 155 157 97 456 247 598 94 487 517 484 522 170 175 597 393 37 310 499 239 176
split_gain=67375.4 27225.2 21688.3 17210.5 14944.8 14005.9 9486.76 9068.38 10992.2 8369.1 8315.71 7684.53 7255.46 5935.89 6893.77 7710.15 5869.25 7556.66 5156.89 4801.2 6416.73 4664.4 4571.85 4438.58 4422.18 4031.3 3774.24 3488.2 3444.8 3426.17
threshold=13.500000000000002 140.50000000000003 35.500000000000007 5.5000000000000009 16.500000000000004 43.500000000000007 29.500000000000004 16.500000000000004 24.500000000000004 224.44999694824222 4.5000000000000009 13.500000000000002 6.5000000000000009 6.5000000000000009 16.500000000000004 112.25000000000001 20.000000000000004 143.50000000000003 11.500000000000002 103.50000000000001 74.500000000000014 20.000000000000004 6.5000000000000009 205.94999694824222 24.500000000000004 20.000000000000004 8.0000000000000018 174.50000000000003 8.0000000000000018 8.0000000000000018
decision_type=2 2 2 2 2 2 2 2 2 10 2 2 2 2 2 10 2 2 2 2 2 2 2 8 2 2 2 2 2 2
left_child=1 3 4 18 9 7 19 16 22 12 -5 29 -2 -12 26 -16 25 -18 -1 20 -6 -14 -9 -24 -13 -3 -15 -27 -28 -4
right_child=2 5 11 10 6 -7 -8 8 -10 -11 13 24 21 14 15 -17 17 -19 -20 -21 -22 -23 23 -25 -26 27 28 -29 -30 -31
leaf_value=-0.071522374480416054 -0.026406566869574027 -0.023469805816285428 0.02384488033531152 -0.03629139767308396 0.052046117890442653 0.13423127194249712 0.15495140524045353 -0.022786380971966409 0.1725869030727657 0.11325847495358862 -0.022374253720947462 0.12911230702782694 0.013632614510755058 -0.017471932724303092 0.028251958331206601 0.15064014004966905 0.13784539377423882 0.0023944563122331778 -0.038563620264774411 0.023598063800407573 0.15007093025778631 0.070619316745916288 0.016313348110001596 0.11091848145246545 0.247632458411292 -0.01066271812953693 0.00051005369412131696 0.085817670517353381 0.06248816021505655 0.12631742933567397
leaf_weight=1632 1019 1932 160 1984 567 257 303 285 167 214 1451 167 1845 1063 462 188 161 318 5036 659 250 467 298 227 162 213 553 178 402 181
leaf_count=1632 1019 1932 160 1984 567 257 303 285 167 214 1451 167 1845 1063 462 188 161 318 5036 659 250 467 298 227 162 213 553 178 402 181
internal_value=-0.000703441 -0.0172322 0.0456387 -0.0287523 0.0347685 0.0192148 0.0728499 0.0113866 0.0536247 0.0156513 -0.00921149 0.131981 0.00937349 0.00382639 0.0180845 0.0636866 -0.0033325 0.0479709 -0.0466338 0.0559797 0.0820703 0.0251535 0.0290688 0.0572636 0.187543 -0.0139213 0.00338436 0.0331991 0.0266239 0.0783055
internal_weight=22801 16807 5994 12771 5324 4036 1779 3779 977 3545 6103 670 3331 4119 2668 650 2802 479 6668 1476 817 2312 810 525 329 2323 2018 391 955 341
internal_count=22801 16807 5994 12771 5324 4036 1779 3779 977 3545 6103 670 3331 4119 2668 650 2802 479 6668 1476 817 2312 810 525 329 2323 2018 391 955 341
is_linear=0
shrinkage=0.0161


Tree=44
num_leaves=31
num_cat=0
split_feature=275 248 539 95 479 59 219 540 453 96 177 479 97 169 176 295 130 481 235 102 97 379 128 49 419 454 527 598 578 44
split_gain=72857.7 28619 27967.7 15447.6 14758.5 13486.6 13228.2 11626.7 10829 10065.3 10035.6 8766.34 7006.12 7773.36 7870.56 6858.77 5284.36 5280.25 4795.17 5335.79 4758.06 4493.22 4247.06 4115.72 4968.52 4021.45 3719.45 3674.46 4488.38 3573.71
threshold=8.0000000000000018 16.500000000000004 140.50000000000003 16.500000000000004 13.500000000000002 43.500000000000007 16.500000000000004 221.94999694824222 16.500000000000004 4.5000000000000009 43.500000000000007 29.500000000000004 6.5000000000000009 24.500000000000004 10.500000000000002 20.000000000000004 8.0000000000000018 122.50000000000001 16.500000000000004 16.500000000000004 20.000000000000004 8.0000000000000018 13.500000000000002 6.5000000000000009 20.000000000000004 16.500000000000004 36.500000000000007 218.75000000000003 203.05000305175784 20.000000000000004
decision_type=2 2 2 2 2 2 2 10 2 2 2 2 2 2 2 2 2 2 2 2 2 2 2 2 2 2 2 10 10 2
left_child=2 4 9 23 12 11 17 10 -8 -1 18 20 -2 25 -15 16 -11 26 -6 -20 27 -22 -17 -3 -25 -14 -5 -4 -29 -18
right_child=1 3 5 6 7 -7 8 -9 -10 15 -12 -13 13 14 -16 22 29 -19 19 -21 21 -23 -24 24 -26 -27 -28 28 -30 -31
leaf_value=-0.056496346285705476 -0.028927592825559335 -0.0049345148035867424 -0.019053424888244967 0.057596847562412887 0.013708123195580091 0.1513878781923485 0.090890380108738678 0.17583089458982656 0.23138206405506909 -0.043433011076358718 0.16044413909488042 0.1074488754668128 -0.012618539771562047 0.017108705403352194 0.16288163201265801 -0.0019619064925923881 -0.019336408852581245 0.028995552802385853 0.034890437015573227 0.14603151326490771 0.10801490036408194 0.0015456234343182542 0.082314199638950952 0.030989252796256389 0.1215156192644769 0.029922758069678094 0.1329756277608081 0.099947622041922229 -0.01925236440306995 0.040476677954998631
leaf_weight=4246 1615 475 1622 294 1534 189 256 170 322 3166 160 221 1622 225 168 615 1451 419 351 165 192 222 207 604 213 893 406 163 164 315
leaf_count=4246 1615 475 1622 294 1534 189 256 170 322 3166 160 221 1622 225 168 615 1451 419 351 165 192 222 207 604 213 893 406 163 164 315
internal_value=0.000258864 0.0330611 -0.0251429 0.0746798 0.0150368 0.0200927 0.106622 0.0474901 0.169198 -0.037689 0.0376071 0.0104803 -0.00203486 0.0128923 0.0794837 -0.0238066 -0.0309846 0.0742786 0.0280083 0.0704753 0.00140136 0.0509795 0.0192323 0.0327062 0.0546192 0.00247722 0.10135 -0.00911779 0.0400934 -0.00865427
internal_weight=22665 9892 12773 2989 6903 2773 1697 2380 578 10000 2210 2584 4523 2908 393 5754 4932 1119 2050 516 2363 414 822 1292 817 2515 700 1949 327 1766
internal_count=22665 9892 12773 2989 6903 2773 1697 2380 578 10000 2210 2584 4523 2908 393 5754 4932 1119 2050 516 2363 414 822 1292 817 2515 700 1949 327 1766
is_linear=0
shrinkage=0.0161


Tree=45
num_leaves=31
num_cat=0
split_feature=155 539 214 456 59 252 216 463 359 487 189 277 276 576 479 479 540 561 21 254 94 478 189 277 288 470 252 550 27 311
split_gain=66186.2 25912.6 22084.4 17505.6 11750.2 10282.3 8721.76 8118.4 7974.45 7771.98 7603.01 7023.65 6595.25 6265.5 5862.42 5302.14 5002.61 5199.96 4794.94 6172.35 4717.95 4699.62 4676.39 4598.73 4458.4 4258.68 4013.6 3658.69 3523.06 3481.09
threshold=10.500000000000002 85.500000000000014 13.500000000000002 24.500000000000004 52.000000000000007 16.500000000000004 4.5000000000000009 29.500000000000004 35.500000000000007 159.50000000000003 6.5000000000000009 13.500000000000002 5.5000000000000009 109.54999923706056 24.500000000000004 16.500000000000004 216.75000000000003 102.04999923706056 16.500000000000004 6.5000000000000009 16.500000000000004 24.500000000000004 10.500000000000002 5.5000000000000009 8.0000000000000018 10.500000000000002 24.500000000000004 235.84999847412112 8.0000000000000018 16.500000000000004
decision_type=2 2 2 2 2 2 2 2 2 2 2 2 2 8 2 2 10 10 2 2 2 2 2 2 2 2 2 8 2 2
left_child=1 6 8 10 7 13 -1 11 12 -9 14 15 -2 -5 27 -3 17 24 -14 -20 -17 23 -8 -12 -13 -15 -25 -4 -23 -21
right_child=2 4 3 5 -6 -7 22 9 -10 -11 21 16 18 25 -16 20 -18 -19 19 29 -22 28 -24 26 -26 -27 -28 -29 -30 -31
leaf_value=-0.054791599533447644 -0.028893005451024256 -0.027756962876723051 -0.030664307172728163 0.16577115064989303 0.10961019003096091 0.20218694912945309 -0.032471719446784411 0.0059023319222522861 0.091443385111808023 0.11565706840341196 0.0013670605874133691 0.013247128852288698 0.0054634084233660925 -0.0035466803728122715 0.087697324404829094 -0.0029759338224070284 0.10248031825637981 -0.0074528012367402917 -0.0021897826405464825 0.051932742801086777 0.087718272544932474 0.17328771294462442 0.0029682050707881863 0.055449373575236244 0.12728447971713611 0.10072970867432021 0.13989487279961674 0.051610890805476921 0.073784596661179994 0.1383414253608175
leaf_weight=4016 1018 2917 576 186 270 315 3479 389 308 294 350 198 2053 187 198 624 184 927 337 302 195 161 1334 981 162 221 172 185 219 203
leaf_count=4016 1018 2917 576 186 270 315 3479 389 308 294 350 198 2053 187 198 624 184 927 337 302 195 161 1334 981 162 221 172 185 219 203
internal_value=0.000346524 -0.0195872 0.037829 0.0662567 0.00575263 0.127771 -0.0372695 0.000987764 0.0125611 0.0531811 0.0465734 -0.0058539 0.00634611 0.0882685 0.00964488 -0.0175907 0.0239389 0.0126917 0.0187458 0.0511034 0.0185892 0.0653683 -0.0226441 0.0525504 0.0646293 0.0528787 0.068067 -0.0106322 0.116004 0.0867139
internal_weight=22961 14989 7972 3751 6160 909 8829 5890 4221 683 2842 5207 3913 594 959 3736 1471 1287 2895 842 819 1883 4813 1503 360 408 1153 761 380 505
internal_count=22961 14989 7972 3751 6160 909 8829 5890 4221 683 2842 5207 3913 594 959 3736 1471 1287 2895 842 819 1883 4813 1503 360 408 1153 761 380 505
is_linear=0
shrinkage=0.0161


Tree=46
num_leaves=31
num_cat=0
split_feature=394 216 538 479 58 219 538 522 216 191 239 256 455 276 222 511 391 130 395 352 170 407 67 97 225 67 263 156 502 295
split_gain=64222.8 31733.6 25452.4 11860.3 11724.7 10190.2 9690.67 12033.9 8747.04 8689.46 7345.09 8282.65 7313.72 6705.18 6555.76 5604.12 5553.46 5206.28 5203.72 5166.44 7984.4 5737.05 5064.2 4861.04 4714.02 4649.07 4496.77 5119.21 5682.13 3607.51
threshold=10.500000000000002 13.500000000000002 59.500000000000007 35.500000000000007 20.000000000000004 16.500000000000004 130.50000000000003 194.50000000000003 8.0000000000000018 5.5000000000000009 29.500000000000004 10.500000000000002 43.500000000000007 5.5000000000000009 16.500000000000004 117.50000000000001 16.500000000000004 13.500000000000002 29.500000000000004 16.500000000000004 24.500000000000004 5.5000000000000009 24.500000000000004 20.000000000000004 10.500000000000002 29.500000000000004 5.5000000000000009 16.500000000000004 115.50000000000001 13.500000000000002
decision_type=2 2 2 2 2 2 2 2 2 2 2 2 2 2 2 2 2 2 2 2 2 2 2 2 2 2 2 2 2 2
left_child=2 4 8 5 13 15 -6 -8 -1 25 19 -12 22 -2 -15 18 -17 -10 -3 26 21 -21 -7 -5 -16 29 -11 -28 -29 -4
right_child=1 3 9 23 6 12 7 -9 17 10 11 -13 -14 14 24 16 -18 -19 -20 20 -22 -23 -24 -25 -26 -27 27 28 -30 -31
leaf_value=-0.054532200653171839 -0.026421722689025904 0.042826788128976181 -0.040939563975920662 0.10286660216079488 0.020993656903402731 0.055084764813422712 0.18264641553779198 0.006600988370853096 -0.032576403345384697 -0.031364851541364203 0.0073068051304301948 0.15289833230930008 0.19910622192270583 0.0011852464505868281 0.019251272607257071 -0.022539003242979336 0.066998831661876215 0.024574664228179208 0.11877270697594891 0.07474652060795689 0.12174417219629061 -0.014115276847127121 0.15706630814080264 0.20976048574090561 0.11605431298135169 0.05328027278073063 -0.0031969862526232944 0.1287555239578837 0.009412829050431783 0.0026838934193725208
leaf_weight=5034 1730 809 1811 243 784 451 267 162 1253 1022 207 199 185 1911 274 510 277 616 330 278 228 583 176 204 250 191 1581 179 246 673
leaf_count=5034 1730 809 1811 243 784 451 267 162 1253 1022 207 199 185 1911 274 510 277 616 330 278 228 583 176 204 250 191 1581 179 246 673
internal_value=-0.000278989 0.0344987 -0.0213998 0.0747743 0.0106421 0.0622065 0.0546925 0.116223 -0.0434877 -0.000213993 0.0133867 0.0787261 0.11006 -0.0021814 0.015031 0.0420193 0.00894568 -0.0137275 0.0648511 0.00693745 0.0370138 0.0145491 0.0837487 0.151703 0.0654808 -0.0232193 -0.00387153 0.0101238 0.0597325 -0.029111
internal_weight=22664 8563 14101 3185 5378 2738 1213 429 6903 7198 4523 406 812 4165 2435 1926 787 1869 1139 4117 1089 861 627 447 524 2675 3028 2006 425 2484
internal_count=22664 8563 14101 3185 5378 2738 1213 429 6903 7198 4523 406 812 4165 2435 1926 787 1869 1139 4117 1089 861 627 447 524 2675 3028 2006 425 2484
is_linear=0
shrinkage=0.0161


Tree=47
num_leaves=31
num_cat=0
split_feature=275 539 454 274 216 479 246 396 237 83 539 149 41 576 92 103 216 217 304 285 183 69 464 365 521 261 572 129 9 199
split_gain=60891.1 25458.8 17574.5 13545.1 11870.9 11286.5 10302.3 10257 9848.24 8457.24 7642.76 7087.25 7618.73 6508.47 6052.33 5841.7 5636.22 5116.42 5088.64 5072.47 6592.05 4929.6 4894.41 4832.07 4760.46 4515.21 4505.44 4240.38 3873.94 3873.17
threshold=16.500000000000004 50.500000000000007 16.500000000000004 8.0000000000000018 16.500000000000004 61.500000000000007 29.500000000000004 10.500000000000002 35.500000000000007 10.500000000000002 269.50000000000006 13.500000000000002 16.500000000000004 120.95000076293947 13.500000000000002 8.0000000000000018 6.5000000000000009 6.5000000000000009 8.0000000000000018 8.0000000000000018 20.000000000000004 8.0000000000000018 16.500000000000004 13.500000000000002 215.50000000000003 8.0000000000000018 165.25000000000003 8.0000000000000018 20.000000000000004 10.500000000000002
decision_type=2 2 2 2 2 2 2 2 2 2 2 2 2 10 2 2 2 2 2 2 2 2 2 2 2 2 8 2 2 2
left_child=1 3 8 -1 23 7 13 10 17 29 14 22 27 15 -3 -6 -5 -2 -15 -16 -21 -19 -11 28 -12 -23 -25 -13 -4 -9
right_child=2 5 4 16 6 -7 -8 9 -10 11 24 12 -14 18 19 -17 -18 21 -20 20 -22 25 -24 26 -26 -27 -28 -29 -30 -31
leaf_value=-0.050002342560136331 -0.021918327656314004 -0.027271340614551533 -0.0035279475424545292 -0.027786743322647231 0.069211130612545774 0.098173463554146134 0.20235518018876603 -0.01766899163210332 0.14007058749988344 0.0027933062282869399 0.12344184924211207 0.11343174665839946 0.18938197625912873 -0.016249627632023669 -0.018535128210523527 0.17709560351216438 0.022156329249843579 -0.011958415381607969 0.092947392286499633 0.012631957831589831 0.11903071420206644 0.014008420039753888 0.082643906833389208 0.040852825820346481 0.0031328172024763048 0.083427675835263171 0.13581424627743033 0.0015282923691609788 0.078208639173618005 0.030535426790943995
leaf_weight=5364 813 4113 547 1210 237 313 273 1188 163 696 167 174 166 196 963 291 1135 515 253 753 189 475 279 297 175 499 231 178 207 679
leaf_count=5364 813 4113 547 1210 237 313 273 1188 163 696 167 174 166 196 963 291 1135 515 253 753 189 475 279 297 175 499 231 178 207 679
internal_value=9.17033e-05 -0.0138893 0.0497364 -0.0358914 0.0795306 0.00301401 0.114847 -4.78608e-05 0.0191228 0.022704 -0.0120714 0.0512676 0.0994086 0.0903707 -0.0162818 0.128715 -0.00360383 0.0105485 0.0452277 0.00743272 0.0340045 0.0282914 0.025667 0.0450775 0.061949 0.0495975 0.082443 0.0569111 0.0188805 -0.000125158
internal_weight=22739 17742 4997 7709 2532 10033 1250 9720 2465 3360 6360 1493 518 977 6018 528 2345 2302 449 1905 942 1489 975 1282 342 974 528 352 754 1867
internal_count=22739 17742 4997 7709 2532 10033 1250 9720 2465 3360 6360 1493 518 977 6018 528 2345 2302 449 1905 942 1489 975 1282 342 974 528 352 754 1867
is_linear=0
shrinkage=0.0161


Tree=48
num_leaves=31
num_cat=0
split_feature=155 539 336 307 359 393 118 539 456 429 485 279 96 336 86 298 260 176 454 524 222 590 483 169 214 458 527 189 463 335
split_gain=63915.6 26249.5 25525.8 19090 14724.6 10970.4 9894.22 9238.35 9107.24 8953.92 8921.88 7685.62 6422.31 6408.52 8220.33 7003.31 6051.21 6968.72 5757.82 5756.95 4961.02 4859.36 4781.32 6908.72 4677.16 4378.99 4335.16 4040.16 3727.99 3663.32
threshold=8.0000000000000018 49.500000000000007 10.500000000000002 5.5000000000000009 35.500000000000007 43.500000000000007 16.500000000000004 197.50000000000003 24.500000000000004 8.0000000000000018 200.50000000000003 10.500000000000002 6.5000000000000009 10.500000000000002 16.500000000000004 8.0000000000000018 16.500000000000004 16.500000000000004 16.500000000000004 107.50000000000001 16.500000000000004 170.05000305175784 82.500000000000014 16.500000000000004 10.500000000000002 29.500000000000004 61.500000000000007 4.5000000000000009 29.500000000000004 10.500000000000002
decision_type=2 2 2 2 2 2 2 2 2 2 2 2 2 2 2 2 2 2 2 2 2 8 2 2 2 2 2 2 2 2
left_child=1 27 4 -4 7 9 13 24 -7 -5 20 -9 -12 25 29 -16 22 18 -18 -6 -8 -22 23 26 -2 28 -11 -1 -3 -15
right_child=2 6 3 5 19 8 10 11 -10 16 12 -13 -14 14 15 -17 17 -19 -20 -21 21 -23 -24 -25 -26 -27 -28 -29 -30 -31
leaf_value=-0.062582333746618882 -0.027023690946025709 -0.036034664902246202 0.0016358814026607635 0.027259186099131857 0.048315942563190474 0.087265650175197551 -0.0057224022872321856 0.0073968597604971943 0.23240376128407339 0.037118689540933364 0.029443850781697378 0.1254899047578785 0.1607713357712186 -0.027227683425731772 0.021385294404241306 0.15532844689780334 0.029446243185240965 0.20678514525075548 0.14315696182758442 0.17438843604955559 0.011354769917710983 0.12926524220206459 0.037008645926962874 0.18592989230782994 0.0079685206980336879 0.031300348987240219 0.1371278452909164 -0.035851399527416325 0.022165816428430057 0.036362293464370012
leaf_weight=2749 2168 3069 1175 1049 225 260 1101 338 198 370 185 248 203 813 258 167 212 193 255 162 210 160 719 169 1821 324 162 3154 314 330
leaf_count=2749 2168 3069 1175 1049 225 260 1101 338 198 370 185 248 203 813 258 167 212 193 255 162 210 160 719 169 1821 324 162 3154 314 330
internal_value=0.000110613 -0.023189 0.0313509 0.0579787 0.00579153 0.0764285 -0.00240444 -0.00226982 0.150062 0.065643 0.0295306 0.057415 0.0982145 -0.0136633 0.0136124 0.0740725 0.0849896 0.125309 0.0915871 0.101151 0.0113981 0.0624067 0.0662328 0.0961738 -0.0110437 -0.0252069 0.0676168 -0.0483039 -0.0306257 -0.00884778
internal_weight=22761 13037 9724 4762 4962 3587 7134 4575 458 3129 1859 586 388 5275 1568 425 2080 660 467 387 1471 370 1420 701 3989 3707 532 5903 3383 1143
internal_count=22761 13037 9724 4762 4962 3587 7134 4575 458 3129 1859 586 388 5275 1568 425 2080 660 467 387 1471 370 1420 701 3989 3707 532 5903 3383 1143
is_linear=0
shrinkage=0.0161


Tree=49
num_leaves=31
num_cat=0
split_feature=156 359 537 155 454 239 200 35 174 540 579 190 411 502 237 347 228 459 479 431 526 31 534 451 214 395 279 288 9 409
split_gain=52439.6 26285.5 24269.5 21060.3 11273.7 10227.1 9010.65 8846.41 8437.89 8538.31 8186.39 7701.5 7157.57 6860.52 6694.15 6505.99 5935.89 5898.11 5895.07 5639.74 5452.1 5901.85 4779.22 4667.31 4598.64 4236.51 4125.09 3919.72 3865.72 3852.41
threshold=8.0000000000000018 35.500000000000007 109.50000000000001 8.0000000000000018 29.500000000000004 29.500000000000004 10.500000000000002 6.5000000000000009 16.500000000000004 221.94999694824222 163.25000000000003 8.0000000000000018 10.500000000000002 147.50000000000003 8.0000000000000018 6.5000000000000009 10.500000000000002 8.0000000000000018 52.000000000000007 13.500000000000002 55.500000000000007 35.500000000000007 84.500000000000014 35.500000000000007 13.500000000000002 24.500000000000004 5.5000000000000009 4.5000000000000009 13.500000000000002 16.500000000000004
decision_type=2 2 2 2 2 2 2 2 2 8 10 2 2 2 2 2 2 2 2 2 2 2 2 2 2 2 2 2 2 2
left_child=2 3 7 20 14 8 13 -1 22 29 18 -8 -7 24 28 -16 -13 -17 -3 -19 -2 26 -4 -24 -6 -26 -22 -9 -5 -10
right_child=1 10 5 4 6 12 11 27 9 -11 -12 16 -14 -15 15 17 -18 19 -20 -21 21 -23 23 -25 25 -27 -28 -29 -30 -31
leaf_value=-0.050676338844328754 -0.033831546991908885 0.048761458557702635 0.073207105156345376 -0.013306821494730284 0.011950443185773494 0.028256678450459923 0.051035190260793797 -0.04070463025811303 -0.013684244602431827 0.11833510487555816 0.19113349455812362 0.10034873001702818 0.16486159847092421 -0.030285885272988911 0.010677922118844807 0.029287376988410933 0.22744118216520912 0.061332549201197101 0.15122805436364378 0.15659438004594359 -0.037849308771600601 0.092076711496437549 -0.02147417660160203 0.062705144485795936 0.051405294118715347 0.16278744615978116 0.013911887555493154 -0.0070865519295349915 0.030301528173690088 0.074939152791993424
leaf_weight=4815 1492 454 166 1143 199 228 226 1353 438 287 242 176 177 231 711 468 210 359 215 294 578 190 2523 183 173 183 1289 2686 977 179
leaf_count=4815 1492 454 166 1143 199 228 226 1353 438 287 242 176 177 231 711 468 210 359 215 294 578 190 2523 183 173 183 1289 2686 977 179
internal_value=0.000322828 0.0284416 -0.0208373 0.0200062 0.0401798 0.0111276 0.0794831 -0.0359342 0.00287452 0.0457772 0.110816 0.125825 0.0880162 0.04337 0.0262705 0.0488134 0.169553 0.0729801 0.0817269 0.104258 -0.0103981 0.00658731 -0.0106215 -0.0157726 0.0740692 0.108727 -0.00210013 -0.0183539 0.00677894 0.0119884
internal_weight=22845 9810 13035 8899 5350 4181 1398 8854 3776 904 911 612 405 786 3952 1832 386 1121 669 653 3549 2057 2872 2706 555 356 1867 4039 2120 617
internal_count=22845 9810 13035 8899 5350 4181 1398 8854 3776 904 911 612 405 786 3952 1832 386 1121 669 653 3549 2057 2872 2706 555 356 1867 4039 2120 617
is_linear=0
shrinkage=0.0161


Tree=50
num_leaves=31
num_cat=0
split_feature=156 335 539 454 477 200 599 525 456 476 599 404 274 299 557 396 67 359 274 359 229 94 431 251 97 513 37 162 508 532
split_gain=58191 23856 20735.3 13278.1 12777.3 12590.7 11103.6 12481.1 9860.28 9706.93 7644.24 7608.04 7459.94 6802.78 7653.18 6604.58 6430.65 7071.28 5915.74 4659.72 4576.32 4570.38 4531.66 4416.15 3967.41 3562.13 4224.73 3629.26 3424.76 8804.58
threshold=6.5000000000000009 10.500000000000002 140.50000000000003 29.500000000000004 52.000000000000007 24.500000000000004 215.15000152587893 133.50000000000003 29.500000000000004 52.000000000000007 165.25000000000003 24.500000000000004 29.500000000000004 10.500000000000002 180.15000152587893 3.5000000000000004 6.5000000000000009 6.5000000000000009 16.500000000000004 13.500000000000002 5.5000000000000009 4.5000000000000009 16.500000000000004 20.000000000000004 6.5000000000000009 191.50000000000003 8.0000000000000018 10.500000000000002 152.50000000000003 120.50000000000001
decision_type=2 2 2 2 2 2 8 2 2 2 10 2 2 2 8 2 2 2 2 2 2 2 2 2 2 2 2 2 2 2
left_child=2 4 15 9 10 8 -4 -8 25 11 21 18 -10 -12 -15 -1 -9 -18 20 -17 -3 -2 -13 -21 -22 26 -5 -28 29 -20
right_child=1 3 6 5 -6 -7 7 16 12 -11 13 22 -14 14 -16 19 17 -19 28 23 24 -23 -24 -25 -26 -27 27 -29 -30 -31
leaf_value=-0.057238888035744215 -0.040991406755647455 -0.021045200686149942 -0.012047211960120785 -0.01200934869051516 0.12271188931060049 0.19395271952373716 0.15698201401617506 -0.034234197191705416 0.06601200277544074 0.13431101153157218 -0.0035563076837625777 0.04713276353274639 0.21263634116767732 0.16548790720127363 0.028725503915912186 -0.03580793792089311 -0.016467853820573735 0.11837615321720063 0.040034732588173277 -0.01391086772951621 -0.019291389100380526 -0.0036539302751817716 0.13247571475445771 0.06689078326062553 0.036869993282978235 -0.024535529203827313 0.044169030247842009 0.12609057742246729 0.0067517333648185003 0.16903760704307425
leaf_weight=2963 1188 1018 1502 184 212 242 246 291 181 234 521 480 180 174 273 4345 168 251 666 1177 441 2991 244 206 1246 178 360 231 352 173
leaf_count=2963 1188 1018 1502 184 212 242 246 291 181 234 521 480 180 174 273 4345 168 251 666 1177 441 2991 244 206 1246 178 360 231 352 173
internal_value=0.000317359 0.0252881 -0.0260399 0.046247 0.00021437 0.0871832 0.0152397 0.0581357 0.0675015 0.0331196 -0.00482661 0.0279892 0.139186 0.035934 0.0820145 -0.0377173 0.0238544 0.0642536 0.0190748 -0.0276151 0.00590071 -0.0142738 0.0759273 -0.00185832 0.0221749 0.0403223 0.0552491 0.076229 0.0489759 0.0666629
internal_weight=22918 11769 11149 6410 5359 1556 2458 956 1314 4854 5147 4620 361 968 447 8691 710 419 3896 5728 2705 4179 724 1383 1687 953 775 591 1191 839
internal_count=22918 11769 11149 6410 5359 1556 2458 956 1314 4854 5147 4620 361 968 447 8691 710 419 3896 5728 2705 4179 724 1383 1687 953 775 591 1191 839
is_linear=0
shrinkage=0.0161


Tree=51
num_leaves=31
num_cat=0
split_feature=155 480 189 118 334 187 599 218 154 96 599 310 130 198 167 336 291 478 235 284 176 203 252 463 479 424 475 470 476 66
split_gain=59565.1 27391.2 19480.9 15199.5 14941.5 12087.5 11188.6 13471.6 9093.82 8651.93 8328.72 6443.42 6179.02 5884.28 5683.24 5659.03 5624.19 4996.92 4925.28 4895.72 5095.11 7071.23 4764.64 4500.48 4323.93 4069 4053.1 3915.12 3744.44 3724.95
threshold=13.500000000000002 63.500000000000007 16.500000000000004 20.000000000000004 24.500000000000004 8.0000000000000018 231.15000152587893 6.5000000000000009 6.5000000000000009 29.500000000000004 255.05000305175784 8.0000000000000018 6.5000000000000009 35.500000000000007 24.500000000000004 6.5000000000000009 20.000000000000004 29.500000000000004 24.500000000000004 4.5000000000000009 13.500000000000002 10.500000000000002 43.500000000000007 29.500000000000004 35.500000000000007 6.5000000000000009 13.500000000000002 5.5000000000000009 16.500000000000004 8.0000000000000018
decision_type=2 2 2 2 2 2 8 2 2 2 10 2 2 2 2 2 2 2 2 2 2 2 2 2 2 2 2 2 2 2
left_child=1 8 5 10 14 17 16 -8 -1 26 11 13 25 24 -4 -10 29 23 -17 -14 -21 -22 27 -2 -3 -7 -6 -13 -27 -5
right_child=2 3 4 6 9 12 7 -9 15 -11 -12 22 19 -15 -16 18 -18 -19 -20 20 21 -23 -24 -25 -26 28 -28 -29 -30 -31
leaf_value=-0.049843666699415951 -0.021087168369198831 -0.03364325931610513 0.033767428298655193 -0.0321632292621164 0.063031049929216709 -0.025867916116354066 0.22224839968999305 0.039423290199550667 -0.033951506228888678 0.21234911894744529 0.10318317228318617 -0.024978504091349361 0.015129137520001801 0.060416811424244175 0.1284857475815353 -0.0017818183360879766 0.087847376756373635 0.069418984514599297 0.09170775977670366 0.060615628739759231 0.2001184511776897 0.060857305319382583 0.090055931213552404 0.062519015205560205 0.048841370430665047 0.0159537915554002 0.15760885566474295 0.016681649179383494 0.10677137790726345 0.033456260399035494
leaf_weight=5056 1696 3024 1022 397 306 352 188 236 1786 274 177 852 308 202 196 1213 276 213 166 639 203 178 176 185 174 380 192 1863 171 515
leaf_count=5056 1696 3024 1022 397 306 352 188 236 1786 274 177 852 308 202 196 1213 276 213 166 639 203 178 176 185 174 380 192 1863 171 515
internal_value=0.000508129 -0.0157536 0.0424884 0.00529532 0.0841808 0.0232996 0.049529 0.120543 -0.0364443 0.13961 -0.00572526 -0.00879319 0.0493764 -0.0238199 0.0490288 -0.0150317 0.0241642 -0.00447206 0.00945512 0.0714762 0.0884678 0.135119 0.008871 -0.0128518 -0.029148 0.0168492 0.099542 0.00359952 0.0441813 0.00486583
internal_weight=22616 16301 6315 8080 1990 4325 1612 424 8221 772 6468 6291 2231 3400 1218 3165 1188 2094 1379 1328 1020 381 2891 1881 3198 903 498 2715 551 912
internal_count=22616 16301 6315 8080 1990 4325 1612 424 8221 772 6468 6291 2231 3400 1218 3165 1188 2094 1379 1328 1020 381 2891 1881 3198 903 498 2715 551 912
is_linear=0
shrinkage=0.0161


Tree=52
num_leaves=31
num_cat=0
split_feature=394 539 276 599 428 41 539 131 483 38 97 356 44 94 483 428 530 480 216 189 252 357 215 224 492 565 378 581 58 508
split_gain=55271.4 24607.9 23694 11494.9 10435.7 12430.7 8745.48 8002.34 7941.82 7713.74 7343.08 7107.86 7072.08 6692.29 6090.35 5764.65 6726.07 7764.37 6207.6 5114.88 4739.92 4449.74 4163.37 4158.89 3829.06 5964.22 4762.87 3651.37 3520.75 4785.08
threshold=10.500000000000002 73.500000000000014 8.0000000000000018 255.05000305175784 8.0000000000000018 29.500000000000004 210.50000000000003 4.5000000000000009 212.50000000000003 10.500000000000002 5.5000000000000009 10.500000000000002 52.000000000000007 24.500000000000004 215.50000000000003 4.5000000000000009 108.50000000000001 166.50000000000003 16.500000000000004 16.500000000000004 10.500000000000002 29.500000000000004 10.500000000000002 10.500000000000002 204.50000000000003 205.94999694824222 10.500000000000002 121.64999771118165 20.000000000000004 89.500000000000014
decision_type=2 2 2 10 2 2 2 2 2 2 2 2 2 2 2 2 2 2 2 2 2 2 2 2 2 8 2 8 2 2
left_child=1 10 6 7 14 9 21 -3 -8 -6 -1 -7 15 22 28 -9 17 18 -17 -12 -15 -2 -11 -24 27 26 -26 -18 -4 -30
right_child=2 3 4 -5 5 11 8 12 -10 13 19 -13 -14 20 -16 16 24 -19 -20 -21 -22 -23 23 -25 25 -27 -28 -29 29 -31
leaf_value=-0.056553314593073598 -0.01276212838230035 -0.030257808163541171 -0.0022351114288929421 0.12234876008284233 0.026978532079662023 0.091667348729537981 0.0071691833410406271 -0.026015002233282677 0.14885305532139889 0.0064585478111791926 -0.033200137058496899 0.21923421749359395 0.097354171710552731 0.082548038275669991 0.10490837325536888 0.010978174488416374 0.051021795207114272 0.1520723341713538 0.11371399490789245 0.012704338439803614 0.17197559737491439 0.048260760257544992 0.045091891626477192 0.12695094751467398 0.13974758914438523 -0.017306768104871081 0.020557376477194016 -0.02355697675774367 0 0.11932188796114887
leaf_weight=3439 3023 1706 1111 204 1090 245 225 1098 189 302 3464 212 231 334 208 775 195 161 190 768 287 345 395 273 169 327 180 1329 184 165
leaf_count=3439 3023 1706 1111 204 1090 245 225 1098 189 302 3464 212 231 334 208 775 195 161 190 768 287 345 395 273 169 327 180 1329 184 165
internal_value=-3.08503e-05 -0.0194914 0.0322254 0.00338645 0.0559485 0.0732489 0.00207295 -0.000425021 0.0719078 0.0600044 -0.0390738 0.150896 0.0105033 0.0826157 0.0233873 0.00596301 0.0165269 0.0485297 0.0312303 -0.0248641 0.123916 -0.00650428 0.056151 0.0785815 0.000136539 0.032039 0.0783416 -0.013999 0.0117572 0.0563677
internal_weight=22824 14236 8588 6565 4806 3138 3782 6361 414 2681 7671 457 4655 1591 1668 4424 3326 1126 965 4232 621 3368 970 668 2200 676 349 1524 1460 349
internal_count=22824 14236 8588 6565 4806 3138 3782 6361 414 2681 7671 457 4655 1591 1668 4424 3326 1126 965 4232 621 3368 970 668 2200 676 349 1524 1460 349
is_linear=0
shrinkage=0.0161


Tree=53
num_leaves=31
num_cat=0
split_feature=156 154 539 248 275 54 358 187 299 259 217 497 471 30 423 35 491 96 415 417 179 39 19 497 519 514 456 590 464 217
split_gain=53650.6 22060.7 15822.8 12042.3 11078.9 10385.6 8749.13 8438.37 8132.29 7686.82 7363.95 8882.92 7321.59 6970.18 7746.42 6956.47 6352.37 5869.9 4885.64 4769.97 4674.14 4519.99 5650.42 4158.4 4139.36 4243.45 3859.8 6299.34 3508.71 3493.59
threshold=8.0000000000000018 10.500000000000002 87.500000000000014 8.0000000000000018 16.500000000000004 29.500000000000004 35.500000000000007 10.500000000000002 20.000000000000004 8.0000000000000018 20.000000000000004 152.50000000000003 16.500000000000004 20.000000000000004 13.500000000000002 6.5000000000000009 146.50000000000003 29.500000000000004 24.500000000000004 29.500000000000004 6.5000000000000009 10.500000000000002 29.500000000000004 67.500000000000014 147.50000000000003 72.500000000000014 5.5000000000000009 106.25000000000001 13.500000000000002 4.5000000000000009
decision_type=2 2 2 2 2 2 2 2 2 2 2 2 2 2 2 2 2 2 2 2 2 2 2 2 2 2 2 10 2 2
left_child=2 5 15 18 19 8 9 -8 21 -4 20 17 -7 26 -15 -1 -10 -12 -3 -5 23 -2 -23 -6 25 -22 -11 -28 -29 -17
right_child=1 3 6 4 10 12 7 -9 16 13 11 -13 -14 14 -16 29 -18 -19 -20 -21 24 22 -24 -25 -26 -27 27 28 -30 -31
leaf_value=-0.050252714495510283 -0.025799063337129148 0.0043861895210841051 -0.025393637481960146 0.028586433853511669 0.090946595181464057 0.027212853872092532 0.01109656573102233 0.16267056914508959 0.011036924464075913 -0.027826499252880107 0.13045739878809259 0.056797301794333892 0.14780435239579465 0.012384418515958152 0.14224535760063564 -0.037557717170839264 0.11617129863178041 0.26321812847908826 0.078788225753568975 0.11784691914134279 0.11360658926695402 -0.0023601873272663543 0.084496238441484489 -0.020513845628987622 0.16059475822457053 0.010164403987922338 0.086581800113483792 -0.032973387868005438 0.038520525638448058 -0.0051707570524439006
leaf_weight=4331 2268 1255 2556 1180 160 364 236 160 389 726 167 168 204 271 213 1567 242 181 280 179 275 1544 222 189 220 165 275 435 301 1927
leaf_count=4331 2268 1255 2556 1180 160 364 236 160 389 726 167 168 204 271 213 1567 242 181 280 179 275 1544 222 189 220 165 275 435 301 1927
internal_value=-0.000817896 0.0279357 -0.0221714 0.0544238 0.0738163 0.00556339 -0.000319401 0.072398 -0.00234606 -0.0063524 0.103615 0.153135 0.0705653 0.0155503 0.0695826 -0.0366145 0.0513952 0.199576 0.0179732 0.0403607 0.0782668 -0.0107581 0.00854502 0.0305181 0.10348 0.0748693 0.000481102 0.0208321 -0.00370273 -0.0197025
internal_weight=22650 9652 12998 4419 2884 5233 5173 396 4665 4777 1525 516 568 2221 484 7825 631 348 1535 1359 1009 4034 1766 349 660 440 1737 1011 736 3494
internal_count=22650 9652 12998 4419 2884 5233 5173 396 4665 4777 1525 516 568 2221 484 7825 631 348 1535 1359 1009 4034 1766 349 660 440 1737 1011 736 3494
is_linear=0
shrinkage=0.0161


Tree=54
num_leaves=31
num_cat=0
split_feature=275 214 189 536 277 225 95 536 33 284 477 477 412 82 217 224 355 488 359 131 91 148 141 346 33 245 174 360 408 479
split_gain=49657.2 25370.7 14563 14344.4 11854 11092.6 9892.97 8831.27 7661.11 7071.17 7000.2 6725.4 6340.48 6204.99 5626.48 5261.74 4686.67 4626.12 4537.05 4577.56 4249.56 4165.58 5413.6 4659.72 3600.73 3293.44 3247.23 3223.64 3218.81 3075.93
threshold=5.5000000000000009 13.500000000000002 5.5000000000000009 39.500000000000007 20.000000000000004 10.500000000000002 52.000000000000007 135.50000000000003 35.500000000000007 24.500000000000004 16.500000000000004 52.000000000000007 24.500000000000004 13.500000000000002 5.5000000000000009 6.5000000000000009 16.500000000000004 181.50000000000003 24.500000000000004 10.500000000000002 29.500000000000004 20.000000000000004 6.5000000000000009 6.5000000000000009 29.500000000000004 16.500000000000004 13.500000000000002 8.0000000000000018 24.500000000000004 24.500000000000004
decision_type=2 2 2 2 2 2 2 2 2 2 2 2 2 2 2 2 2 2 2 2 2 2 2 2 2 2 2 2 2 2
left_child=3 5 25 -1 11 14 8 29 16 13 15 18 17 26 28 -5 -6 -12 24 -20 -17 -16 -23 -24 -4 -3 -9 -26 -2 -7
right_child=1 2 4 10 6 7 -8 9 -10 -11 12 -13 -14 -15 21 20 -18 -19 19 -21 -22 22 23 -25 27 -27 -28 -29 -30 -31
leaf_value=-0.052034691990979029 -0.034855986165853815 -0.015457128447116521 0.021702086137979859 -0.039994613706320882 0.034892426575394368 -0.00031884312016804882 0.2286544542402188 -0.020032735559469297 0.18947855474981429 0.13628149087689223 -0.01113219204813788 0.14928651959556102 0.1051904878375873 0.099134260006410596 -0.0040271683003447753 -0.0097147267217400548 0.12987155126360872 0.075811867550288098 0.042322465895483642 0.13792588219037386 0.074229808735603392 -0.011202587390505704 0.025911649610061777 0.14899514787760249 0.027691624526866077 0.042933383763517088 0.064645607161135418 0.1207644264975658 0.02597181380307139 0.056213997638778185
leaf_weight=3872 2112 886 1746 1915 429 1674 162 352 161 272 781 161 204 308 2949 1620 197 199 297 232 173 261 160 160 187 349 176 201 252 293
leaf_count=3872 2112 886 1746 1915 429 1674 162 352 161 272 781 161 204 308 2949 1620 197 199 297 232 173 261 160 160 187 349 176 201 252 293
internal_value=0.00116263 0.0200026 0.0490315 -0.028881 0.0647392 0.00379113 0.113985 0.0285816 0.0903515 0.0649382 -0.0105501 0.0481817 0.023523 0.0416979 -0.0091385 -0.0214363 0.0648196 0.00649876 0.0420603 0.0842951 -0.0016021 0.00372849 0.0431346 0.087527 0.0315796 0.00102445 0.0081488 0.0759678 -0.0283618 0.0080902
internal_weight=22741 13977 5008 8764 3773 8969 949 3075 787 1108 4892 2824 1184 836 5894 3708 626 980 2663 529 1793 3530 581 320 2134 1235 528 388 2364 1967
internal_count=22741 13977 5008 8764 3773 8969 949 3075 787 1108 4892 2824 1184 836 5894 3708 626 980 2663 529 1793 3530 581 320 2134 1235 528 388 2364 1967
is_linear=0
shrinkage=0.0161


Tree=55
num_leaves=31
num_cat=0
split_feature=335 299 8 599 599 268 219 538 590 97 453 358 33 427 18 479 235 538 454 136 234 176 488 454 178 454 456 131 11 590
split_gain=45782.1 20173.7 16335.4 13074.2 11721.5 11048.5 10387.6 10010 9305.98 7522.41 6999.49 6471.28 6236.52 8173.68 5339.73 5328.94 5007.11 4945.7 4800.4 4705.78 4491.6 4298.25 4347.48 4089.75 3933.67 3863.81 3309.14 3302.85 3259.52 3080.47
threshold=10.500000000000002 13.500000000000002 16.500000000000004 201.75000000000003 226.84999847412112 10.500000000000002 29.500000000000004 54.500000000000007 203.05000305175784 6.5000000000000009 16.500000000000004 52.000000000000007 29.500000000000004 10.500000000000002 13.500000000000002 43.500000000000007 10.500000000000002 160.50000000000003 20.000000000000004 6.5000000000000009 24.500000000000004 13.500000000000002 117.50000000000001 13.500000000000002 20.000000000000004 3.5000000000000004 13.500000000000002 16.500000000000004 13.500000000000002 108.14999771118165
decision_type=2 2 2 10 10 2 2 2 8 2 2 2 2 2 2 2 2 2 2 2 2 2 2 2 2 2 2 2 2 8
left_child=1 7 4 11 9 -6 10 25 -5 -2 24 16 19 -14 -11 23 -3 27 -8 -9 -21 28 -23 -12 29 -1 -27 -18 -16 -4
right_child=2 3 6 8 5 -7 18 12 -10 14 15 -13 13 -15 21 -17 17 -19 -20 20 -22 22 -24 -25 -26 26 -28 -29 -30 -31
leaf_value=-0.064843080522554594 -0.021685571254697202 -0.016882793975012821 0.045623340401528503 0.18799792969907558 0.20099361276584624 0.015516988485818242 0.082198589195981317 -0.033689140554133468 0.031167074718684389 0.0047614112997113114 0.011438545075687784 0.098444054729589059 -0.014763985523237103 0.12691169232652127 -0.001608580380881886 0.16493971447815806 -0.0071712148331231455 0.098919921907012626 0.1989729895259478 -0.010748564730888456 0.053955388186587232 0.044017781406049256 0.15087707026287109 0.085036185948833817 0.078557276183373395 -0.042498847064418595 -0.0045850579784439509 0.066237885898202384 0.063100948608236437 -0.0067316365525051406
leaf_weight=1620 1646 1876 471 181 161 173 186 2513 215 2095 272 180 247 184 473 160 671 200 181 2167 319 230 174 705 297 3078 742 208 351 762
leaf_count=1620 1646 1876 471 181 161 173 186 2513 215 2095 272 180 247 184 473 160 671 200 181 2167 319 230 174 705 297 3078 742 208 351 762
internal_value=-0.000307811 -0.0176911 0.0297166 0.0157386 0.0126645 0.104994 0.0595133 -0.0285525 0.102909 0.00645372 0.048449 0.00472006 -0.0130822 0.0456648 0.0203992 0.0787152 -0.000981051 0.0266447 0.139854 -0.0181519 -0.00243638 0.0470585 0.0900996 0.0645705 0.0259416 -0.0439902 -0.0351406 0.010173 0.0259272 0.0132486
internal_weight=22738 14401 8337 3531 5303 334 3034 10870 396 4969 2667 3135 5430 431 3323 1137 2955 1079 367 4999 2486 1228 404 977 1530 5440 3820 879 824 1233
internal_count=22738 14401 8337 3531 5303 334 3034 10870 396 4969 2667 3135 5430 431 3323 1137 2955 1079 367 4999 2486 1228 404 977 1530 5440 3820 879 824 1233
is_linear=0
shrinkage=0.0161


Tree=56
num_leaves=31
num_cat=0
split_feature=215 538 248 456 358 353 45 481 333 599 157 97 299 599 582 69 76 557 456 188 178 154 458 244 548 477 402 579 513 9
split_gain=49480.9 17804.9 16948.7 13528.8 10581.8 9681.45 12871.6 9218.83 9045.47 7590.05 7353.98 6824.8 6528.46 6515.45 6490.19 6016.28 5434.96 6315.44 4930.62 4437.28 4276.48 4180.56 4161 4081.25 4777.36 3919.4 3900.18 5143.68 3763.1 4340.08
threshold=8.0000000000000018 96.500000000000014 13.500000000000002 24.500000000000004 52.000000000000007 35.500000000000007 13.500000000000002 248.50000000000003 29.500000000000004 221.94999694824222 10.500000000000002 5.5000000000000009 20.000000000000004 228.75000000000003 117.85000228881837 6.5000000000000009 8.0000000000000018 95.850002288818374 8.0000000000000018 10.500000000000002 24.500000000000004 8.0000000000000018 16.500000000000004 4.5000000000000009 218.75000000000003 20.000000000000004 6.5000000000000009 171.05000305175784 182.50000000000003 29.500000000000004
decision_type=2 2 2 2 2 2 2 2 2 8 2 2 2 10 8 2 2 10 2 2 2 2 2 2 8 2 2 8 2 2
left_child=1 11 4 12 13 7 -7 10 14 -9 -3 -1 20 15 -5 -2 -12 -18 -17 -13 21 -4 -19 -20 -25 -21 -14 -28 29 -23
right_child=2 5 3 8 -6 6 -8 9 -10 -11 16 19 26 -15 -16 18 17 22 23 25 -22 28 -24 24 -26 -27 27 -29 -30 -31
leaf_value=-0.048930773828853732 -0.017872603913947717 -0.025333318590981323 -0.016035859611854116 0.14235023648404524 0.11389516394332659 0.0030215159526978709 0.19118380210877436 0.005551266347119518 0.19232745418551139 0.12973424168536285 -0.014841820816919567 -0.029362767196685 0.027001292254972151 0.08251457357406973 0.042091899982432186 -0.0083510518966763998 0.13456912336822446 -0.012727812596319707 -0.010676489763459175 -0.0061423282192770634 0.090330583794732494 0.029264446296522889 0.086496737672986893 0.03090988823750377 0.10214146446568961 0.073334761671515786 0.065325143405459432 0.18189089699051736 -0.023890121283016336 0.11244570567964431
leaf_weight=4042 2201 2636 696 264 248 224 163 280 243 235 545 3375 217 276 460 1156 182 304 399 939 219 693 171 1026 321 194 249 163 231 213
leaf_count=4042 2201 2636 696 264 248 224 163 280 243 235 545 3375 217 276 460 1156 182 304 399 939 219 693 171 1026 321 194 249 163 231 213
internal_value=5.55292e-05 -0.0198603 0.0285952 0.0556269 0.0110662 0.00516342 0.0823341 -0.00169198 0.107265 0.062263 -0.0102799 -0.0337359 0.0369929 0.0063209 0.0786827 0.00219529 0.0227129 0.0539015 0.0174237 -0.0201065 0.0230673 0.015018 0.0229435 0.0345023 0.0479024 0.00744551 0.0823856 0.111499 0.034048 0.0488463
internal_weight=22565 13290 9275 3648 5627 4740 387 4353 967 515 3838 8550 2681 5379 724 5103 1202 657 2902 4508 2052 1833 475 1746 1347 1133 629 412 1137 906
internal_count=22565 13290 9275 3648 5627 4740 387 4353 967 515 3838 8550 2681 5379 724 5103 1202 657 2902 4508 2052 1833 475 1746 1347 1133 629 412 1137 906
is_linear=0
shrinkage=0.0161


Tree=57
num_leaves=31
num_cat=0
split_feature=394 538 154 479 8 456 44 599 96 249 599 395 177 522 98 216 169 186 392 291 320 156 479 217 509 588 568 155 404 345
split_gain=50320.8 20500 19809.9 14283.4 9574.66 9340.75 7543.35 7200.27 6805.19 6508.28 6449.83 6506.87 6383.92 6064.47 6032.74 5188.31 4820.91 5704.26 4666.96 4549.05 4147 4121.82 4190.63 4037.72 3907.86 3768.19 6472.47 3603.99 3438.72 3279.92
threshold=10.500000000000002 59.500000000000007 13.500000000000002 35.500000000000007 20.000000000000004 29.500000000000004 52.000000000000007 205.94999694824222 6.5000000000000009 16.500000000000004 226.84999847412112 10.500000000000002 24.500000000000004 207.50000000000003 4.5000000000000009 13.500000000000002 24.500000000000004 13.500000000000002 13.500000000000002 6.5000000000000009 13.500000000000002 4.5000000000000009 20.000000000000004 6.5000000000000009 34.500000000000007 108.85000228881837 115.14999771118165 8.0000000000000018 24.500000000000004 24.500000000000004
decision_type=2 2 2 2 2 2 2 10 2 2 10 2 2 2 2 2 2 2 2 2 2 2 2 2 2 8 8 2 2 2
left_child=1 8 7 4 16 18 10 9 -1 -2 14 -12 15 -9 -3 -5 27 -18 -6 -20 -11 22 -16 -10 -23 26 -26 -4 -25 -29
right_child=2 6 3 12 5 -7 -8 13 23 20 11 -13 -14 -15 21 -17 17 -19 19 -21 -22 24 -24 28 25 -27 -28 29 -30 -31
leaf_value=-0.051929331766654575 -0.011341135231053921 -0.032779107440432796 -0.017105099820867796 0.0363488264026538 0.022692974856671069 0.16760737378814089 0.077626430674916272 0.14049464466902201 -0.038351301681940127 0.011812857995776225 0.0097235492512869563 0.13205125466969747 0.21356052144909629 0.0070148793844346941 -0.031789179511811573 0.14918039256132948 0.024200921101114575 0.14567418586787778 0.16299950636101598 0.058041853680705302 0.085184744051412187 0.080853986519518112 0.04665123077507962 -0.0096406486373536542 0.0053805876238018045 0.00018677630861947767 0.1313306107462921 0.019379469992986141 0.066648373983472092 0.085628855290317232
leaf_weight=3971 3002 1746 606 202 488 254 315 182 1470 542 318 175 166 172 1227 223 234 176 162 319 317 202 206 1278 299 2603 164 1302 174 228
leaf_count=3971 3002 1746 606 202 488 254 315 182 1470 542 318 175 166 172 1227 223 234 176 162 319 317 202 206 1278 299 2603 164 1302 174 228
internal_value=0.000330633 -0.0183208 0.0311066 0.0551678 0.0436191 0.0806528 0.000566406 0.00621203 -0.0382033 -0.000153557 -0.00292788 0.0531939 0.128778 0.0757066 -0.00722315 0.0956076 0.0258203 0.0764029 0.0578354 0.0934403 0.038917 0.00226359 -0.0204966 -0.0195415 0.012251 0.00772351 0.0500444 0.0161001 -0.000482366 0.0292673
internal_weight=22723 14148 8575 4360 3769 1223 7255 4215 6893 3861 6940 493 591 354 6447 425 2546 410 969 481 859 4701 1433 2922 3268 3066 463 2136 1452 1530
internal_count=22723 14148 8575 4360 3769 1223 7255 4215 6893 3861 6940 493 591 354 6447 425 2546 410 969 481 859 4701 1433 2922 3268 3066 463 2136 1452 1530
is_linear=0
shrinkage=0.0161


Tree=58
num_leaves=31
num_cat=0
split_feature=156 359 454 539 249 167 359 170 214 277 217 472 166 34 538 298 500 154 336 554 380 221 320 74 130 544 374 338 584 217
split_gain=53210.8 23898.8 19107.9 16491.9 8002.63 10032.6 7428.93 7253.82 6534.02 6322.92 6028.77 5900.36 8204.28 9423 5594.14 5468.59 5384.64 5160 4843.02 4683.25 4583.83 4164.09 3915.04 4675.59 3848.92 3844.16 4941.33 4588.24 3772.61 3514.38
threshold=8.0000000000000018 52.000000000000007 16.500000000000004 63.500000000000007 13.500000000000002 16.500000000000004 10.500000000000002 10.500000000000002 10.500000000000002 20.000000000000004 4.5000000000000009 8.0000000000000018 16.500000000000004 10.500000000000002 88.500000000000014 24.500000000000004 49.500000000000007 8.0000000000000018 10.500000000000002 108.14999771118165 35.500000000000007 20.000000000000004 10.500000000000002 10.500000000000002 13.500000000000002 240.75000000000003 24.500000000000004 10.500000000000002 207.44999694824222 16.500000000000004
decision_type=2 2 2 2 2 2 2 2 2 2 2 2 2 2 2 2 2 2 2 10 2 2 2 2 2 10 2 2 8 2
left_child=3 2 10 17 20 9 8 -7 -5 -6 -2 29 18 -14 24 -3 -16 -1 28 -11 21 -4 -10 -24 -12 26 -18 -28 -13 -8
right_child=1 15 4 6 5 7 11 -9 22 19 14 12 13 -15 16 -17 25 -19 -20 -21 -22 -23 23 -25 -26 -27 27 -29 -30 -31
leaf_value=-0.048576932216814805 -0.030140386959299607 0.095159898851935695 0.011276009075557751 -0.028971791273237579 0.026485005742135179 0.22177485701898733 -0.019043302683794824 0.086694482285213703 -0.0074563589599618129 0.16440903880048804 -0.019456508001098355 -0.02876867239785371 0.18436809497225926 0.02101894835125066 0.11943424598808504 0.20860536539398977 0.006777355829234207 -0.017571031004063778 0.085104729123252759 0.049713190326385714 0.11162873822644576 0.077022622908539631 0.1084722415904819 -0.0010568785347781634 0.022237493424584941 0.098978985683312912 0.012248855898933922 0.12843135215752363 0.053118831620441037 0.055696993325133733
leaf_weight=4651 1028 269 1385 2918 697 190 994 227 600 191 1580 477 194 174 163 188 1766 1989 207 180 167 305 216 189 901 163 170 184 210 195
leaf_count=4651 1028 269 1385 2918 697 190 994 227 600 191 1580 477 194 174 163 188 1766 1989 207 180 167 305 216 189 901 163 170 184 210 195
internal_value=-0.00022574 0.0282033 0.0226129 -0.0215351 0.0534241 0.081294 -0.00303273 0.148298 -0.0167746 0.0551101 0.00531735 0.0189525 0.0432019 0.107196 0.0127203 0.14188 0.0299992 -0.0392927 0.0168333 0.108825 0.0311245 0.0231554 0.0186163 0.0573005 -0.00430543 0.0236034 0.017797 0.072704 -0.0037033 -0.00676585
internal_weight=22768 9754 9297 13014 3342 1485 6374 417 3923 1068 5955 2451 1262 368 4927 457 2446 6640 894 371 1857 1690 1005 405 2481 2283 2120 354 687 1189
internal_count=22768 9754 9297 13014 3342 1485 6374 417 3923 1068 5955 2451 1262 368 4927 457 2446 6640 894 371 1857 1690 1005 405 2481 2283 2120 354 687 1189
is_linear=0
shrinkage=0.0161


Tree=59
num_leaves=31
num_cat=0
split_feature=156 479 537 94 166 359 218 599 219 417 599 249 297 455 555 354 454 154 442 106 54 357 188 404 513 356 56 385 599 410
split_gain=46707 21480.3 15073.8 13484 7773.39 7771.04 7405.71 7049.51 6808.3 6647.91 6212.92 8384.22 6652.04 5560.21 7144.42 5556.44 5487.67 5357.93 5326.92 5076.97 5057.04 4723.52 4467.9 4267.06 4019.01 3758.66 3756.71 4037.35 3387.1 3337.03
threshold=8.0000000000000018 24.500000000000004 36.500000000000007 16.500000000000004 4.5000000000000009 43.500000000000007 10.500000000000002 228.75000000000003 8.0000000000000018 20.000000000000004 228.75000000000003 8.0000000000000018 52.000000000000007 29.500000000000004 185.15000152587893 35.500000000000007 24.500000000000004 6.5000000000000009 4.5000000000000009 13.500000000000002 24.500000000000004 10.500000000000002 16.500000000000004 24.500000000000004 93.500000000000014 16.500000000000004 10.500000000000002 13.500000000000002 171.05000305175784 4.5000000000000009
decision_type=2 2 2 2 2 2 2 10 2 2 10 2 2 2 8 2 2 2 2 2 2 2 2 2 2 2 2 2 10 2
left_child=2 3 17 7 -4 16 -5 8 -2 -7 12 -12 15 26 -15 22 28 -1 -10 -18 23 -17 29 25 -24 -20 -8 -28 -3 -6
right_child=1 5 4 6 10 9 13 -9 18 -11 11 -13 -14 14 -16 21 19 -19 20 -21 -22 -23 24 -25 -26 -27 27 -29 -30 -31
leaf_value=-0.05384178174472426 -0.018716395331797066 0.018470260905925077 -0.030447327659999759 0.020676703915685022 -0.039499033920842426 0.089771760818148555 0.016314441882961245 0.086638572072161441 -0.027509710915867267 0.21796821856783893 0.15474132465831508 -0.0091834105610376585 0.09613120764740439 0.17862666140620703 0.041224510108467484 -0.0010478801676469956 0.055712159500547254 -0.019266587784259919 -0.0088676492419966051 0.17322706538312105 0.092319800112742142 0.11579157796089377 0.080013617206804791 0.079881120450727386 0.0021584325487324862 0.056891825819446545 0.040637590990618935 0.14712071812833102 0.09528756732748489 -0.0059262767437767566
leaf_weight=3247 2921 679 2355 1362 1045 297 405 241 509 163 162 161 181 246 164 177 214 1813 932 173 296 181 253 251 538 297 213 164 191 2898
leaf_count=3247 2921 679 2355 1362 1045 297 405 241 509 163 162 161 181 246 164 177 214 1813 932 173 296 181 253 251 538 297 213 164 191 2898
internal_value=0.000210644 0.0269167 -0.0197345 0.0158246 -0.00590667 0.0785909 0.0463482 0.00150834 -0.00242805 0.135249 0.00441672 0.0729598 0.000213615 0.0756611 0.123723 -0.00319125 0.0578381 -0.0414581 0.0183836 0.108305 0.0315499 0.0579588 -0.00782058 0.01938 0.02709 0.00700463 0.0504323 0.0870216 0.0353618 -0.0148299
internal_weight=22729 9718 13011 8001 7951 1717 2554 5447 5206 460 5596 323 5273 1192 410 5092 1257 5060 2285 387 1776 358 4734 1480 791 1229 782 377 870 3943
internal_count=22729 9718 13011 8001 7951 1717 2554 5447 5206 460 5596 323 5273 1192 410 5092 1257 5060 2285 387 1776 358 4734 1480 791 1229 782 377 870 3943
is_linear=0
shrinkage=0.0161


Tree=60
num_leaves=31
num_cat=0
split_feature=394 359 539 157 307 336 468 396 532 578 540 539 96 213 41 203 415 518 408 526 218 189 156 170 316 394 164 68 310 570
split_gain=49377.3 24797 18848.1 18228.8 10369.6 8052.97 8333.51 8010.65 7674.04 9498.64 7587.81 7316.59 6149.67 6022.02 6016.01 5966.59 5559.37 5550.15 5523.91 6793.27 5001.34 4971.76 4792 5126.98 5973.37 4540.39 4274.46 4267.78 4119.08 4045.15
threshold=10.500000000000002 35.500000000000007 53.500000000000007 8.0000000000000018 13.500000000000002 10.500000000000002 20.000000000000004 10.500000000000002 102.50000000000001 183.15000152587893 145.55000305175784 262.50000000000006 8.0000000000000018 20.000000000000004 20.000000000000004 4.5000000000000009 10.500000000000002 117.50000000000001 16.500000000000004 80.500000000000014 13.500000000000002 16.500000000000004 10.500000000000002 8.0000000000000018 8.0000000000000018 20.000000000000004 29.500000000000004 6.5000000000000009 24.500000000000004 200.34999847412112
decision_type=2 2 2 2 2 2 2 2 2 8 8 2 2 2 2 2 2 2 2 2 2 2 2 2 2 2 2 2 2 8
left_child=2 3 12 11 14 -6 13 15 25 -10 -8 -2 -1 17 26 -4 -16 20 27 -20 -7 -14 -17 -24 -25 -3 -5 -9 29 -29
right_child=1 8 7 4 5 6 10 18 9 -11 -12 -13 21 -15 16 22 -18 -19 19 -21 -22 -23 23 24 -26 -27 -28 28 -30 -31
leaf_value=-0.048361390896301405 -0.0074785243746472944 0.0064910301658613646 -0.04043250796618824 -0.0003254424674129702 0.021739816750061276 0.031152731048113568 0.24497171117692509 -0.020063132951514098 0.23195357334146641 0.079695609613618892 0.090904223335607492 0.10213280969131772 -0.027944006684044141 0.12894462410514906 0.026076396774032239 -0.010245054452559335 0.13505477860920248 -0.012278963268610546 0.15032773367715196 0.033306955080507607 0.15036175665409426 0.030383405571911281 -0.0095215516422696642 0.15013962908475748 0.017617041078266348 0.113034038327308 0.083693577935473523 0.065190513856829155 -0.035696907073269141 -0.0053211747366338309
leaf_weight=4337 3638 189 1393 1517 527 207 162 812 232 197 171 165 1806 324 289 2797 210 267 167 563 164 479 315 166 189 231 175 647 215 312
leaf_count=4337 3638 189 1393 1517 527 207 162 812 232 197 171 165 1806 324 289 2797 210 267 167 563 164 479 315 166 189 231 175 647 215 312
internal_value=0.00122716 0.0315148 -0.0172557 0.0225347 0.0464705 0.0748565 0.0964542 8.40867e-05 0.11416 0.16209 0.165927 -0.00271665 -0.037097 0.0723816 0.0228543 -0.012289 0.0719862 0.0436198 0.0222331 0.0601097 0.0839123 -0.0157066 -0.000974436 0.0376918 0.0796517 0.0651457 0.00835056 0.00829876 0.0279354 0.0422258
internal_weight=22863 8665 14198 7816 4013 1822 1295 7576 849 429 333 3803 6622 962 2191 4860 499 638 2716 730 371 2285 3467 670 355 420 1692 1986 1174 959
internal_count=22863 8665 14198 7816 4013 1822 1295 7576 849 429 333 3803 6622 962 2191 4860 499 638 2716 730 371 2285 3467 670 355 420 1692 1986 1174 959
is_linear=0
shrinkage=0.0161


Tree=61
num_leaves=31
num_cat=0
split_feature=156 599 274 521 537 488 237 247 59 249 513 9 418 216 508 479 49 200 104 197 170 517 479 266 222 564 11 30 204 434
split_gain=45397.3 21583.7 20065.9 14344.2 11850.9 10643.9 9127.63 8858.3 8285.64 8416.74 7759.65 7543.59 7053.71 7050.4 6981.29 5769.02 5446.13 5407.6 6953.38 4966.92 4888.78 4636.96 4053.64 3803.16 4749.32 3627.32 4183.74 3569.73 3404.72 3370
threshold=5.5000000000000009 228.75000000000003 16.500000000000004 167.50000000000003 152.50000000000003 101.50000000000001 24.500000000000004 6.5000000000000009 29.500000000000004 20.000000000000004 74.500000000000014 3.5000000000000004 20.000000000000004 10.500000000000002 248.50000000000003 43.500000000000007 13.500000000000002 16.500000000000004 8.0000000000000018 13.500000000000002 13.500000000000002 15.500000000000002 10.500000000000002 20.000000000000004 10.500000000000002 196.25000000000003 8.0000000000000018 13.500000000000002 16.500000000000004 13.500000000000002
decision_type=2 10 2 2 2 2 2 2 2 2 2 2 2 2 2 2 2 2 2 2 2 2 2 2 2 10 2 2 2 2
left_child=4 2 6 -3 15 -6 11 -4 9 29 -11 -2 28 23 -5 21 -14 -15 -19 -10 -20 -1 -7 -13 -25 26 -24 -23 -8 -9
right_child=1 3 7 14 5 22 12 8 19 10 -12 13 16 17 -16 -17 -18 18 20 -21 -22 27 25 24 -26 -27 -28 -29 -30 -31
leaf_value=-0.056930080074570538 -0.038882629557347358 0.23256498823300145 0.0048969171333545208 0.117613062006623 0.11769533066713811 -0.027871845801140292 -0.0066969217840848264 0.01201996768352669 0.079388749519609392 0.1581051650867554 0.043942486218711024 -0.02029019804893439 0.046550602167895597 0.0080938768745079555 -0.0011487761384571108 0.043010612842942678 0.16914180193378006 0.00028709340026922156 0.053275254199328805 0.18621658120125112 0.16115466453470823 -0.038378666188130788 0.10927487307006675 -0.012089990708041135 0.087448828061660294 -0.030170721776728686 0.0040775506783438716 -0.0085273267479819906 0.077592771021830237 0.060817814008574805
leaf_weight=2357 1354 175 1005 283 216 782 492 1072 283 296 324 2983 210 2576 234 233 171 331 267 189 185 3492 194 317 204 186 199 1481 166 559
leaf_count=2357 1354 175 1005 283 216 782 492 1072 283 296 324 2983 210 2576 234 233 171 331 267 189 185 3492 194 317 204 186 199 1481 166 559
internal_value=0.000340524 0.0189074 0.0142359 0.106524 -0.0274381 0.0126984 0.00153114 0.0457735 0.0608515 0.0479741 0.0984839 -0.00415141 0.0464946 0.00269728 0.0638146 -0.0358103 0.101634 0.0193669 0.0564243 0.122215 0.0974815 -0.038319 -0.00394801 -0.0132759 0.0268397 0.028323 0.0560669 -0.0294934 0.0145319 0.0287591
internal_weight=22816 13676 12984 692 9140 1577 9256 3728 2723 2251 620 8217 1039 6863 517 7563 381 3359 783 472 452 7330 1361 3504 521 579 393 4973 658 1631
internal_count=22816 13676 12984 692 9140 1577 9256 3728 2723 2251 620 8217 1039 6863 517 7563 381 3359 783 472 452 7330 1361 3504 521 579 393 4973 658 1631
is_linear=0
shrinkage=0.0161


Tree=62
num_leaves=31
num_cat=0
split_feature=155 480 187 599 277 561 419 278 455 280 155 501 236 116 587 169 261 286 369 537 114 9 406 524 320 520 250 480 83 428
split_gain=40928.9 18073.2 14702.1 11750.4 9717.12 11723.7 8975.29 7490.16 6634.37 6187.18 5458.85 5386.28 5068.55 4922.33 6830.11 4408.01 4235.4 4095.55 4290.51 5056.22 4040.4 3978.58 3959.65 3952.42 6332 3770.65 3617.69 4585.69 6255.42 3413.46
threshold=13.500000000000002 63.500000000000007 8.0000000000000018 260.05000305175787 20.000000000000004 156.05000305175784 52.000000000000007 16.500000000000004 13.500000000000002 5.5000000000000009 4.5000000000000009 135.50000000000003 8.0000000000000018 6.5000000000000009 210.94999694824222 43.500000000000007 10.500000000000002 8.0000000000000018 5.5000000000000009 167.50000000000003 16.500000000000004 16.500000000000004 16.500000000000004 187.50000000000003 10.500000000000002 122.50000000000001 8.0000000000000018 172.50000000000003 10.500000000000002 24.500000000000004
decision_type=2 2 2 10 2 8 2 2 2 2 2 2 2 2 8 2 2 2 2 2 2 2 2 2 2 2 2 2 2 2
left_child=1 10 8 6 17 7 9 -6 -2 16 -1 -8 26 -10 -15 20 -3 -4 -19 -20 29 -12 -23 24 -22 -7 -11 -28 -29 -14
right_child=2 3 4 -5 5 25 11 -9 13 12 21 -13 15 14 -16 -17 -18 18 19 -21 23 22 -24 -25 -26 -27 27 28 -30 -31
leaf_value=-0.045403765926350571 -0.020306788477241187 -0.039038013424422278 0.018489621389517371 0.12497215822704145 0.086415665144096668 0.10602927342462301 0.14869583334016939 0.21647089472085898 -0.0065612415590581737 -0.02691179519542487 -0.027172946709638789 0.016405171591518795 -0.0095543892940082552 0.026229999990249688 0.12963460198469304 0.10029970645715498 0.0037249461272081323 0.0026322503669261536 0.052283303795093737 0.13143787507506988 0.021767965632510301 -0.0058519990709027204 0.078636881727374833 -0.0062973428678646829 0.13659008175252058 0.009943691718380273 -0.01117578591077217 -0.003303463686693838 0.12122874268013915 0.060698061939794393
leaf_weight=3934 1345 1737 1298 197 213 161 160 251 572 1393 3373 160 1192 601 229 179 916 284 802 284 280 729 179 240 225 311 825 226 194 211
leaf_count=3934 1345 1737 1298 197 213 161 160 251 572 1393 3373 160 1192 601 229 179 916 284 802 284 280 729 179 240 225 311 825 226 194 211
internal_value=-0.00138942 -0.0148639 0.0332956 0.00214357 0.0546824 0.0993318 -0.000901742 0.15682 0.00522801 -0.0044134 -0.0317086 0.0826241 0.00618905 0.0297415 0.0547881 0.0235119 -0.0242644 0.0390095 0.0584337 0.0730047 0.0171019 -0.0191181 0.0107779 0.0474046 0.0729729 0.0427685 -0.0090826 0.0108471 0.0541625 0.000994243
internal_weight=22701 16350 6351 8135 3604 936 7938 464 2747 7618 8215 320 4965 1402 830 2327 2653 2668 1370 1086 2148 4281 908 745 505 472 2638 1245 420 1403
internal_count=22701 16350 6351 8135 3604 936 7938 464 2747 7618 8215 320 4965 1402 830 2327 2653 2668 1370 1086 2148 4281 908 745 505 472 2638 1245 420 1403
is_linear=0
shrinkage=0.0161


Tree=63
num_leaves=31
num_cat=0
split_feature=155 216 480 599 393 58 390 141 248 599 568 248 38 236 9 560 159 42 378 127 334 94 219 370 336 163 411 157 84 264
split_gain=44904.8 22452.6 19393.6 13203.5 9942.06 9915.16 11531.9 9208.59 9514.75 8190.85 7426.62 6949.67 6008.95 7665.52 6513.18 6591.47 5858.26 5198.83 4867.83 5288.17 4543.75 4298.68 4091.45 4022.78 3900.84 3730.53 3690.98 3496.78 3765.02 3239.04
threshold=8.0000000000000018 13.500000000000002 71.500000000000014 193.75000000000003 24.500000000000004 16.500000000000004 5.5000000000000009 13.500000000000002 16.500000000000004 231.15000152587893 172.25000000000003 10.500000000000002 8.0000000000000018 29.500000000000004 16.500000000000004 124.35000228881837 16.500000000000004 16.500000000000004 20.000000000000004 13.500000000000002 8.0000000000000018 8.0000000000000018 35.500000000000007 5.5000000000000009 20.000000000000004 8.0000000000000018 8.0000000000000018 24.500000000000004 16.500000000000004 8.0000000000000018
decision_type=2 2 2 8 2 2 2 2 2 10 8 2 2 2 2 8 2 2 2 2 2 2 2 2 2 2 2 2 2 2
left_child=2 9 21 16 12 10 -7 24 -9 11 -5 22 -3 14 -14 25 -4 -17 -13 -20 -8 -1 -2 -18 -6 -16 -25 28 -12 -26
right_child=1 4 3 5 7 6 20 8 -10 -11 27 18 13 -15 15 17 23 -19 19 -21 -22 -23 -24 26 29 -27 -28 -29 -30 -31
leaf_value=-0.044278145498241432 -0.015234823100950548 0.006791441819058803 -0.025425592417515346 0.10690694369577344 0.020409754620205379 0.20237976281538486 0.0060050317616693423 0.077177517824300851 0.23279856096672066 0.096810818416175101 -0.027780808165652274 0.013129435598240558 0.017653907210593584 0.14593067055060596 0.080902517690089937 -0.0058145734670211275 -0.036576628486116237 0.11064927737306907 0.021839117661350181 0.12845334912730413 0.11205955013841533 -0.017783893018913123 0.062433928267000123 0.001712881417028177 0.047254893542475696 0.19052779049309909 0.080802132713288177 0.070032371001065893 0.035605398765260574 0.14660267157321721
leaf_weight=4910 3180 872 2916 193 308 171 274 193 217 256 843 1750 934 226 161 256 217 162 264 223 170 2351 186 287 163 163 329 163 341 180
leaf_count=4910 3180 872 2916 193 308 171 274 193 217 256 843 1750 934 226 161 256 217 162 264 223 170 2351 186 287 163 163 329 163 341 180
internal_value=0.00128032 0.0275781 -0.0180821 0.00358477 0.0578646 0.0353444 0.0899992 0.0997964 0.1596 0.00775001 0.0135026 0.00367663 0.0418181 0.0578642 0.0459748 0.0815924 -0.014665 0.0392658 0.0256747 0.0707067 0.0466645 -0.035703 -0.010936 0.0229752 0.0620957 0.136126 0.0439919 0.000102076 -0.00950527 0.0994594
internal_weight=22859 9694 13165 5904 3835 2155 615 1061 410 5859 1540 5603 2774 1902 1676 742 3749 418 2237 487 444 7261 3366 833 651 324 616 1347 1184 343
internal_count=22859 9694 13165 5904 3835 2155 615 1061 410 5859 1540 5603 2774 1902 1676 742 3749 418 2237 487 444 7261 3366 833 651 324 616 1347 1184 343
is_linear=0
shrinkage=0.0161


Tree=64
num_leaves=31
num_cat=0
split_feature=275 157 539 599 359 229 237 454 338 393 174 191 118 97 347 538 515 129 599 490 54 395 599 307 116 273 336 571 292 220
split_gain=40187.1 15431.9 11890.7 11393 9743.28 9323.87 8114.68 8601.63 7276.12 7207.79 6811.62 6265.01 6864.48 6277.7 5549.34 6618.88 5259.88 5154.84 5877.1 4911.81 4751.8 4224.75 4167.66 4147.04 4319.83 4082.93 3213.55 3053.09 4625.83 2777.3
threshold=8.0000000000000018 10.500000000000002 50.500000000000007 231.15000152587893 43.500000000000007 6.5000000000000009 43.500000000000007 16.500000000000004 16.500000000000004 10.500000000000002 8.0000000000000018 5.5000000000000009 16.500000000000004 20.000000000000004 24.500000000000004 105.50000000000001 221.50000000000003 6.5000000000000009 203.05000305175784 136.50000000000003 29.500000000000004 6.5000000000000009 170.05000305175784 13.500000000000002 16.500000000000004 13.500000000000002 10.500000000000002 191.15000152587893 13.500000000000002 29.500000000000004
decision_type=2 2 2 10 2 2 2 2 2 2 2 2 2 2 2 2 2 2 8 2 2 2 8 2 2 2 2 8 2 2
left_child=2 3 21 9 11 16 7 20 -9 -2 -10 29 26 17 23 -16 22 -14 -19 -6 -7 -1 -3 -11 -25 -24 -13 28 -28 -4
right_child=1 5 4 -5 19 6 -8 8 10 14 -12 12 13 -15 15 -17 -18 18 -20 -21 -22 -23 25 24 -26 -27 27 -29 -30 -31
leaf_value=-0.045243328704301894 -0.017362449922156575 0.0078506176928246577 -0.034012331389909264 0.11655127441412093 0.020399933163611279 0.016133327600021678 0.17007944159901078 0.053895205720875243 0.19908950999957176 -0.010462846949234463 0.081269511384003956 -0.021048581610363212 -0.026540020235870238 0.12059318080585109 0.010118577699142666 0.14738716101699567 -0.064269572629095578 0.01173429268054421 0.13084252695903945 0.1436673254745329 0.10262880161618454 -0.015540773759271332 0.024053293078688615 0.014248730130748779 0.096482074009427779 0.11437181899601928 0.0051124100402272082 -0.022618948528421799 0.10123319765197869 0.028965573813727559
leaf_weight=4211 2840 1091 2393 226 177 1164 174 717 228 1090 290 1998 358 197 183 182 187 299 168 160 192 1764 303 588 231 228 382 345 197 196
leaf_count=4211 2840 1091 2393 226 177 1164 174 717 228 1090 290 1998 358 197 183 182 187 299 168 160 192 1764 303 588 231 228 382 345 197 196
internal_value=-0.00107108 0.0232799 -0.0198674 0.00468456 -0.00541719 0.0449841 0.0635801 0.0564189 0.0871664 -0.000254493 0.133174 -0.0097751 0.00299352 0.0389131 0.0211013 0.0786293 0.0165479 0.0193803 0.0546331 0.0789944 0.0283978 -0.0364782 0.0258798 0.0100896 0.0374715 0.0628785 -0.00956167 0.0152515 0.0378574 -0.0292355
internal_weight=22759 9914 12845 5340 6870 4574 2765 2591 1235 5114 518 6533 3944 1022 2274 365 1809 825 467 337 1356 5975 1622 1909 819 531 2922 924 579 2589
internal_count=22759 9914 12845 5340 6870 4574 2765 2591 1235 5114 518 6533 3944 1022 2274 365 1809 825 467 337 1356 5975 1622 1909 819 531 2922 924 579 2589
is_linear=0
shrinkage=0.0161


Tree=65
num_leaves=31
num_cat=0
split_feature=215 539 216 479 35 573 555 479 526 296 591 396 299 402 153 478 423 155 108 306 288 540 549 299 69 281 526 276 277 598
split_gain=46074.4 19764 15239 10876.3 10733.3 8460.07 9530.55 8452.39 8487.85 8293.07 7491.46 6308.52 4951.91 4951.7 4662.55 5631.92 5908.7 4597.91 4391.38 4333.92 4234.81 3885.42 5055.41 3800.9 3790.87 3775.53 3991.76 3618.51 3591.56 3577.95
threshold=13.500000000000002 140.50000000000003 16.500000000000004 35.500000000000007 6.5000000000000009 100.45000076293947 90.049999237060561 20.000000000000004 120.50000000000001 35.500000000000007 228.75000000000003 8.0000000000000018 13.500000000000002 6.5000000000000009 29.500000000000004 20.000000000000004 8.0000000000000018 35.500000000000007 10.500000000000002 24.500000000000004 20.000000000000004 216.75000000000003 169.15000152587893 29.500000000000004 35.500000000000007 13.500000000000002 50.500000000000007 43.500000000000007 16.500000000000004 216.75000000000003
decision_type=2 2 2 2 2 10 10 2 2 2 8 2 2 2 2 2 2 2 2 2 2 10 8 2 2 2 2 2 2 10
left_child=1 4 9 5 12 6 17 14 -9 13 19 18 -1 -2 15 28 -17 -4 -6 27 -13 22 -10 -5 29 -14 -27 -7 -3 -15
right_child=2 7 3 23 11 10 -8 8 21 -11 -12 20 25 24 -16 16 -18 -19 -20 -21 -22 -23 -24 -25 -26 26 -28 -29 -30 -31
leaf_value=-0.043071044813718068 -0.012071814738731004 -0.020718244883230437 0.035982269221253041 0.1022032761398232 -0.034372575303044835 0.010393136304098568 0.18100872262694348 0.15195979301955256 0.085905783224326432 0.1034968851992535 0.12751464484254577 0.0037780306505595636 -0.025547174885844494 0.013795272547178604 0.073165649188686441 -0.010567844266661432 0.10448851960253557 0.12058310298810505 0.0035921492681678558 0.074891100778945716 0.060850927117312298 0.10174355350035291 -0.02302442749523307 0.21342217914600545 0.10258979597198724 -0.022266369491591935 0.083980636534852188 -0.07403072415272742 0.025028834256601105 0.093399984855530263
leaf_weight=5522 1386 1843 515 161 2173 570 234 209 163 273 162 1943 905 1628 246 214 251 247 1239 203 408 167 342 160 161 168 201 171 586 161
leaf_count=5522 1386 1843 515 161 2173 570 234 209 163 273 162 1943 905 1628 246 214 251 247 1239 203 408 167 342 160 161 168 201 171 586 161
internal_value=0.00104594 -0.012815 0.0391489 0.0703836 -0.0227621 0.0570362 0.0910823 0.0182475 0.0623185 0.0181721 0.026355 -0.00659421 -0.0364689 0.0111826 0.00587485 0.000146764 0.0514872 0.0634363 -0.0205795 0.00897005 0.0136927 0.034404 0.0120886 0.157713 0.0277231 -0.00783425 0.0355442 -0.00905753 -0.009672 0.0209724
internal_weight=22612 16580 6032 2423 12559 2102 996 4021 881 3609 1106 5763 6796 3336 3140 2894 465 762 3412 944 2351 672 505 321 1950 1274 369 741 2429 1789
internal_count=22612 16580 6032 2423 12559 2102 996 4021 881 3609 1106 5763 6796 3336 3140 2894 465 762 3412 944 2351 672 505 321 1950 1274 369 741 2429 1789
is_linear=0
shrinkage=0.0161


Tree=66
num_leaves=31
num_cat=0
split_feature=395 336 539 187 599 154 419 35 529 392 295 214 42 511 473 419 233 368 37 99 424 400 135 52 34 116 85 435 400 452
split_gain=39817.2 15378.2 15224.1 12004 10285.8 8571.98 8113.51 7964.29 7550.53 7019.53 6643.72 6355.88 6313.67 5784.75 4912.45 5431.85 4894.71 4412.7 4360.66 4235.55 4174.62 5962.35 3847.85 3783.05 3688.82 3404.41 3174.01 3086.41 3057.93 3721.49
threshold=13.500000000000002 10.500000000000002 87.500000000000014 16.500000000000004 218.75000000000003 24.500000000000004 10.500000000000002 6.5000000000000009 67.500000000000014 29.500000000000004 29.500000000000004 13.500000000000002 24.500000000000004 88.500000000000014 8.0000000000000018 43.500000000000007 20.000000000000004 13.500000000000002 10.500000000000002 10.500000000000002 8.0000000000000018 8.0000000000000018 10.500000000000002 24.500000000000004 6.5000000000000009 24.500000000000004 6.5000000000000009 3.5000000000000004 8.0000000000000018 13.500000000000002
decision_type=2 2 2 2 10 2 2 2 2 2 2 2 2 2 2 2 2 2 2 2 2 2 2 2 2 2 2 2 2 2
left_child=2 4 7 10 24 12 11 -1 -8 13 16 22 26 -7 17 25 27 -10 -9 -18 -13 -22 -4 -24 -2 28 -5 -3 -16 -30
right_child=1 3 6 5 -6 9 8 18 14 -11 -12 20 -14 -15 15 -17 19 -19 -20 -21 21 -23 23 -25 -26 -27 -28 -29 29 -31
leaf_value=-0.040772939329297507 -0.02963168418272822 -0.031817524136211778 -0.034326046589653415 0.086637168100198392 0.12445378915278371 0.15471702978161092 0.099870638051563251 -0.022614719642832553 -0.032252619499282556 0.21247029757242455 0.10309404486295272 -0.0040095168033025784 0.14406630337447149 0.02447595866871918 -0.024607918123775763 0.112228550026461 0.013968278563541469 0.036866620380884292 0.011915356723167842 0.1185101732493699 0.13657097609550228 0.0067744211196084378 -0.0091635745349565641 0.075503980334999707 0.0098805509144265537 0.076155453170945048 0.012399891858679455 0.021629409130143364 0.00068460087300376568 0.096011245676762585
leaf_weight=5066 958 338 1950 219 171 193 319 2771 714 210 303 426 176 164 400 211 177 360 1440 234 179 189 878 162 1697 243 472 1627 284 170
leaf_count=5066 958 338 1950 219 171 193 319 2771 714 210 303 426 176 164 400 211 177 360 1440 234 179 189 878 162 1697 243 472 1627 284 170
internal_value=0.000205481 0.0323428 -0.013941 0.0522104 0.00341887 0.0898137 0.00498086 -0.0271707 0.0262985 0.138519 0.0320736 -0.0102293 0.0579343 0.0949523 0.0164357 0.0373901 0.0230067 -0.00906224 -0.0108012 0.0735457 0.03025 0.0699731 -0.0209865 0.00400239 -0.00436773 0.022974 0.0359621 0.012424 0.00781402 0.0364314
internal_weight=22701 6939 15762 4113 2826 1434 6485 9277 2701 567 2679 3784 867 357 2382 1308 2376 1074 4211 411 794 368 2990 1040 2655 1097 691 1965 854 454
internal_count=22701 6939 15762 4113 2826 1434 6485 9277 2701 567 2679 3784 867 357 2382 1308 2376 1074 4211 411 794 368 2990 1040 2655 1097 691 1965 854 454
is_linear=0
shrinkage=0.0161


Tree=67
num_leaves=31
num_cat=0
split_feature=156 479 537 335 99 395 489 293 238 230 359 599 599 404 139 368 147 380 404 154 237 163 296 262 504 274 597 251 523 417
split_gain=39903.7 16022.9 13196.2 12790.6 8796.2 8500.95 8210.47 7620.66 7083.28 6401.56 6396.91 6727.61 5852.88 5510.42 5049.88 5036.14 4789.3 4762.12 4373.59 4308.53 4147.92 4013.69 3522.63 3460.44 4336.5 3453.05 3441.85 4371.84 3431.57 3296.75
threshold=10.500000000000002 35.500000000000007 152.50000000000003 10.500000000000002 6.5000000000000009 4.5000000000000009 79.500000000000014 43.500000000000007 29.500000000000004 8.0000000000000018 13.500000000000002 233.25000000000003 201.75000000000003 24.500000000000004 20.000000000000004 24.500000000000004 16.500000000000004 16.500000000000004 13.500000000000002 29.500000000000004 6.5000000000000009 10.500000000000002 29.500000000000004 16.500000000000004 141.50000000000003 4.5000000000000009 117.14999771118165 10.500000000000002 136.50000000000003 20.000000000000004
decision_type=2 2 2 2 2 2 2 2 2 2 2 10 10 2 2 2 2 2 2 2 2 2 2 2 2 2 10 2 2 2
left_child=2 3 5 12 18 26 -4 9 21 19 14 23 22 16 -8 25 17 28 -5 -6 -20 -3 -2 24 -12 -7 -1 -28 -11 -27
right_child=1 8 6 4 7 15 10 -9 -10 13 11 -13 -14 -15 -16 -17 -18 -19 20 -21 -22 -23 -24 -25 -26 29 27 -29 -30 -31
leaf_value=-0.04707908459060605 -0.018965036430487744 0.037417684708429814 0.10910283206473065 -0.014460197558482534 0.0086622957804392726 -0.036017650169264455 -0.024809332053722231 0.16019717810852485 0.18857401967198661 0.037241001991081185 0.063924110651856172 0.1286033840178871 0.07513703596500175 0.13710556993966819 0.04526439412930152 0.026303518781648123 0.10901289335466081 0.089533580769082508 -0.0078803228869855583 0.082360394304862652 0.091984719723830002 0.12023402870295519 0.051613532222597083 0.076018616030815556 -0.028433603517619695 -0.016495484613827792 -0.03635316687796817 0.045481612099028228 -0.049124548618248408 0.019342109090507133
leaf_weight=3906 2304 367 217 951 1085 1870 1459 166 172 332 191 178 210 272 326 756 317 271 195 254 240 260 199 209 425 3633 523 250 186 814
leaf_count=3906 2304 367 217 951 1085 1870 1459 166 172 332 191 178 210 272 326 756 317 271 195 254 240 260 199 209 425 3633 523 250 186 814
internal_value=-0.000840416 0.0286608 -0.0163973 0.0208409 0.0382135 -0.0240967 0.0137059 0.0542382 0.0969649 0.0477558 0.00627239 0.0388116 -0.00648673 0.0721243 -0.0119984 -0.0129546 0.0561221 0.0348421 0.0048636 0.0226599 0.0471635 0.0717969 -0.0133443 0.0194098 0.000165076 -0.0176566 -0.0409346 -0.0098561 0.006184 -0.00993031
internal_weight=22538 7781 14757 6982 4269 11752 3005 2883 799 2717 2788 1003 2713 1378 1785 7073 1106 789 1386 1339 435 627 2503 825 616 6317 4679 773 518 4447
internal_count=22538 7781 14757 6982 4269 11752 3005 2883 799 2717 2788 1003 2713 1378 1785 7073 1106 789 1386 1339 435 627 2503 825 616 6317 4679 773 518 4447
is_linear=0
shrinkage=0.0161


Tree=68
num_leaves=31
num_cat=0
split_feature=394 479 538 456 188 417 599 569 239 599 156 395 189 263 273 46 224 486 311 149 54 40 217 54 106 345 207 156 397 185
split_gain=35922.4 18077.2 17021.5 11978.3 13084.9 11544.1 8189.05 7915.92 7859.09 7218.89 6631.08 5911.36 5693.98 5614.44 5331.69 5263.72 5158.41 5941.22 4848.49 7905.35 7633.72 4336.15 4072.8 3904.79 4960.56 3841.53 3586.75 3432.43 3342.75 3313.9
threshold=10.500000000000002 35.500000000000007 59.500000000000007 24.500000000000004 20.000000000000004 35.500000000000007 233.25000000000003 114.45000076293947 35.500000000000007 255.05000305175784 13.500000000000002 5.5000000000000009 5.5000000000000009 10.500000000000002 5.5000000000000009 10.500000000000002 3.5000000000000004 246.50000000000003 13.500000000000002 24.500000000000004 20.000000000000004 24.500000000000004 6.5000000000000009 35.500000000000007 43.500000000000007 8.0000000000000018 20.000000000000004 4.5000000000000009 16.500000000000004 5.5000000000000009
decision_type=2 2 2 2 2 2 10 8 2 10 2 2 2 2 2 2 2 2 2 2 2 2 2 2 2 2 2 2 2 2
left_child=2 3 11 6 21 10 12 -6 9 13 -3 -1 -2 27 -14 -10 -15 18 19 -18 25 29 -13 24 -16 -20 -24 -4 -12 -5
right_child=1 5 8 4 7 -7 -8 -9 15 -11 28 22 14 16 23 -17 17 -19 20 -21 -22 -23 26 -25 -26 -27 -28 -29 -30 -31
leaf_value=-0.046485439174461352 -0.016014772455231654 0.022237079315326102 -0.035035382330675671 -0.03995618373263779 0.22199046520530588 0.21219431786827883 0.09762715630113232 0.08075380843648812 0.017181905599557082 0.10096279771044218 0.066590192806638401 -0.032846297352721328 -0.015121606918057884 -0.03641356488378604 0.016489815410297586 0.13228062715211267 -0.0019871512408736781 -0.05065996727305664 -0.012527927983458479 0.11242708398352029 0.16488446387193115 0.094984653880444608 -0.0071800605649026102 0.089027386191448538 0.10496111590367753 0.078042411723146674 0.064293212267582694 -0.0044929713403669119 0.16661343161348388 0.033242749764235184
leaf_weight=3695 2059 402 1506 233 167 175 262 270 222 174 169 1822 995 423 2497 193 1015 237 216 185 165 199 1249 249 176 276 213 2607 180 513
leaf_count=3695 2059 402 1506 233 167 175 262 270 222 174 169 1822 995 423 2497 193 1015 237 216 185 165 199 1249 249 176 276 213 2607 180 513
internal_value=0.00111322 0.0271942 -0.0145837 0.0190275 0.0619166 0.0943716 0.00952188 0.134781 0.00274614 -0.0013992 0.0668849 -0.0325128 0.00565523 -0.00408917 0.0170522 0.0707665 0.0148451 0.0252109 0.0349067 0.0156321 0.0700755 0.0281965 -0.0167842 0.0280161 0.0223239 0.038232 0.00321684 -0.015682 0.118246 0.0103488
internal_weight=22744 8546 14198 7620 1382 926 6238 437 7219 6804 751 6979 5976 6630 3917 415 2517 2094 1857 1200 657 945 3284 2922 2673 492 1462 4113 349 746
internal_count=22744 8546 14198 7620 1382 926 6238 437 7219 6804 751 6979 5976 6630 3917 415 2517 2094 1857 1200 657 945 3284 2922 2673 492 1462 4113 349 746
is_linear=0
shrinkage=0.0161


Tree=69
num_leaves=31
num_cat=0
split_feature=395 94 359 517 599 10 158 247 96 191 157 214 507 334 210 599 61 290 32 249 153 577 229 255 235 178 62 480 235 175
split_gain=38363 15676.2 12612.1 9927.74 9666.46 9134.91 7565.26 7014.86 6966.75 6910.84 6188.88 6089.33 5995.29 4848.74 4665.97 4509.18 5457.94 4489.47 5638.58 3863.28 3967.19 3954.55 3824.58 3776.57 3717.81 3663.88 3490.7 5526.11 3119.17 3068.11
threshold=10.500000000000002 20.000000000000004 43.500000000000007 16.500000000000004 247.34999847412112 10.500000000000002 13.500000000000002 5.5000000000000009 13.500000000000002 13.500000000000002 5.5000000000000009 35.500000000000007 116.50000000000001 24.500000000000004 20.000000000000004 201.75000000000003 6.5000000000000009 8.0000000000000018 8.0000000000000018 8.0000000000000018 10.500000000000002 110.95000076293947 6.5000000000000009 8.0000000000000018 20.000000000000004 20.000000000000004 6.5000000000000009 59.500000000000007 8.0000000000000018 5.5000000000000009
decision_type=2 2 2 2 10 2 2 2 2 2 2 2 2 2 2 10 2 2 2 2 2 10 2 2 2 2 2 2 2 2
left_child=2 4 3 -1 5 22 25 -4 24 14 29 28 -9 17 -10 19 -17 -8 -19 -12 21 26 -2 -18 -3 -7 27 -21 -11 -5
right_child=1 8 7 10 -6 6 13 12 9 11 15 -13 -14 -15 -16 16 23 18 -20 20 -22 -23 -24 -25 -26 -27 -28 -29 -30 -31
leaf_value=-0.044062432919860291 -0.028652074052162444 0.0073786764150394358 -0.024630401933827688 -0.040697922765509882 0.13453965137779769 -0.0014317003281254337 0.0054182925447392822 0.038625361174647738 0.032720291489095228 0.041508658685721497 -0.018234924437722837 0.19255974573780091 0.16999523189923038 0.13235424702938975 0.11266166599623662 0.1097275462944851 -0.053547612789931351 0.14119081408455555 0.031568731481273843 -0.0060792957561428534 0.039184068485299046 -0.035569680331104525 0.0075042538982306502 0.049042801717257056 0.092688880653086642 0.059522424843349346 -0.011120821410421136 0.12619419471851234 0.12897986256421445 -0.014525901793479018
leaf_weight=3348 1527 710 173 2012 163 1499 394 194 740 208 2751 209 169 209 255 201 160 212 287 167 793 635 1505 222 163 308 432 160 217 2755
leaf_count=3348 1527 710 173 2012 163 1499 394 194 740 208 2751 209 169 209 255 201 160 212 287 167 793 635 1505 222 163 308 432 160 217 2755
internal_value=-0.000682844 0.0261287 -0.0169659 -0.0199784 0.0122121 0.00885189 0.0292358 0.0596296 0.060071 0.0797442 -0.0121386 0.121316 0.0998514 0.0624865 0.0532314 -0.000530937 0.0418098 0.0461081 0.0781888 -0.00553462 0.0104302 -0.00591008 -0.0106973 0.00601138 0.0233341 0.0089448 0.0188729 0.0585697 0.0862258 -0.0255772
internal_weight=22778 8606 14172 13636 6104 5941 2909 536 2502 1629 10288 634 363 1102 995 5521 583 893 499 4938 2187 1394 3032 382 873 1807 759 327 425 4767
internal_count=22778 8606 14172 13636 6104 5941 2909 536 2502 1629 10288 634 363 1102 995 5521 583 893 499 4938 2187 1394 3032 382 873 1807 759 327 425 4767
is_linear=0
shrinkage=0.0161


Tree=70
num_leaves=31
num_cat=0
split_feature=154 275 537 479 529 336 68 477 295 396 414 307 202 396 398 37 141 216 419 91 163 436 381 354 598 218 499 346 262 348
split_gain=34616.5 18155.5 14153.6 8959.11 12374.9 8703.29 8439.35 6539.74 7158.22 5698.85 5417.4 5827.15 5405.97 5094.71 4971.23 4530.79 4088.89 5187.75 4012.15 3924.63 4757.85 3820.9 3662.07 3617.15 3594.39 3474.94 3793.48 3175.33 3067.7 2926.47
threshold=8.0000000000000018 16.500000000000004 98.500000000000014 16.500000000000004 89.500000000000014 10.500000000000002 35.500000000000007 16.500000000000004 35.500000000000007 6.5000000000000009 35.500000000000007 4.5000000000000009 10.500000000000002 16.500000000000004 10.500000000000002 8.0000000000000018 5.5000000000000009 13.500000000000002 24.500000000000004 6.5000000000000009 13.500000000000002 20.000000000000004 8.0000000000000018 5.5000000000000009 235.84999847412112 8.0000000000000018 190.50000000000003 13.500000000000002 6.5000000000000009 20.000000000000004
decision_type=2 2 2 2 2 2 2 2 2 2 2 2 2 2 2 2 2 2 2 2 2 2 2 2 8 2 2 2 2 2
left_child=2 7 9 14 -5 21 10 25 16 -1 11 -7 -8 27 -4 -13 -9 24 23 20 28 -3 -11 -17 -18 -2 -27 -6 -16 -24
right_child=1 5 3 4 13 6 12 8 -10 22 -12 15 -14 -15 19 18 17 -19 -20 -21 -22 -23 29 -25 -26 26 -28 -29 -30 -31
leaf_value=-0.043510995932276461 -0.014837127238832843 0.00021662302621901108 -0.024126965725424845 0.16452137949755952 -0.030965200948976646 -0.028466640593508407 0.086707498858280899 -0.01493054505790066 0.12085418169660109 -0.030700775080418151 0.13958790497050624 -0.011311729974895811 0.21136070213039412 0.082892252104401723 0.063733028857296661 0.10177714300260958 -0.00075981954769499484 0.098894059170836088 0.12646679121958523 -0.0084916190172120657 0.11152299080906733 0.075091396543637876 -0.01016373274194367 0.028877315977326096 0.078300735258937576 0.0018520439987796272 0.058326240174493879 0.043878179378816773 -0.025128808443444717 0.041871550061298841
leaf_weight=4663 2913 839 2163 184 413 224 201 556 208 2092 185 191 165 238 182 275 620 277 277 803 194 224 1227 496 196 1586 383 228 225 363
leaf_count=4663 2913 839 2163 184 413 224 201 556 208 2092 185 191 165 238 182 275 620 277 277 803 194 224 1227 496 196 1586 383 228 225 363
internal_value=-0.00190046 0.0209109 -0.0191598 0.00341067 0.0444397 0.0533157 0.0729907 0.00611145 0.0318286 -0.0316852 0.0574353 0.0470308 0.142968 0.0192764 -0.00880979 0.0606991 0.020585 0.0386729 0.0738456 0.0147711 0.0458917 0.0160167 -0.0167022 0.0549097 0.0182014 -0.00366595 0.0128491 -0.00430712 0.0145501 0.00170122
internal_weight=22791 9816 12975 4630 1063 3077 2014 6739 1857 8345 1648 1463 366 879 3567 1239 1649 1093 1048 1404 601 1063 3682 771 816 4882 1969 641 407 1590
internal_count=22791 9816 12975 4630 1063 3077 2014 6739 1857 8345 1648 1463 366 879 3567 1239 1649 1093 1048 1404 601 1063 3682 771 816 4882 1969 641 407 1590
is_linear=0
shrinkage=0.0161


Tree=71
num_leaves=31
num_cat=0
split_feature=155 359 37 480 368 118 599 163 177 217 453 599 218 283 478 599 379 335 285 576 76 429 571 102 229 380 411 546 461 454
split_gain=35909.1 18596 15838.2 13969.7 8212.56 6927.08 7917.39 6896 5755.56 5260.3 5230.59 5216.01 5172.5 5147.34 6230.34 5055.7 4814.08 4279.21 4253.29 4105.28 3994.01 3879.15 3846.71 3841.73 4033.56 3615.1 3603.87 3783.76 3615.62 3367.89
threshold=8.0000000000000018 35.500000000000007 8.0000000000000018 72.500000000000014 20.000000000000004 20.000000000000004 231.15000152587893 5.5000000000000009 52.000000000000007 6.5000000000000009 35.500000000000007 220.15000152587893 35.500000000000007 8.0000000000000018 29.500000000000004 233.25000000000003 20.000000000000004 4.5000000000000009 13.500000000000002 201.75000000000003 10.500000000000002 3.5000000000000004 184.15000152587893 6.5000000000000009 13.500000000000002 16.500000000000004 8.0000000000000018 128.15000152587893 20.000000000000004 13.500000000000002
decision_type=2 2 2 2 2 2 8 2 2 2 2 10 2 2 2 10 2 2 2 8 2 2 10 2 2 2 2 8 2 2
left_child=3 2 11 17 8 9 23 -6 15 16 19 18 26 -3 -15 21 -5 -1 -2 25 -18 -4 29 -7 -25 -9 -11 -28 -29 -23
right_child=1 13 4 5 7 6 -8 10 -10 12 -12 -13 -14 14 -16 -17 20 -19 -20 -21 -22 22 -24 24 -26 -27 27 28 -30 -31
leaf_value=-0.043983609205350917 -0.02602948613941946 0.052490992952523872 -0.03324775248312218 -0.034627626593062413 0.013820462155831352 -0.033412794647591428 0.10771832887513931 0.066352653747563994 0.1144813988132497 -0.019359711591856132 0.15746303104932624 0.07449791855364965 0.08604352313439248 0.077638585619648426 0.19434479123976869 0.099818415392030138 -0.02128031575224703 -0.019270899440272816 0.013788904003076268 0.017185381334936651 0.077780083551390114 0.0057433999824847929 -0.02890148957106433 0.0030889918116617202 0.095658128710096116 0.15051332770334147 0.082456759982401262 -0.010241749649255488 0.069311591202905448 0.042484313542478891
leaf_weight=3737 2389 443 425 1948 488 309 303 437 163 1004 217 180 212 273 211 180 224 3543 980 274 199 1192 383 322 197 191 221 658 191 1418
leaf_count=3737 2389 443 425 1948 488 309 303 437 163 1004 217 180 212 273 211 180 224 3543 980 274 199 1192 383 322 197 191 221 658 191 1418
internal_value=0.000375626 0.0235995 0.0164615 -0.0171169 0.0339093 0.00154807 0.0372917 0.0643814 0.0208829 -0.00712759 0.0864102 -0.00992241 0.0102915 0.0922359 0.128565 0.0166361 -0.0239322 -0.0319598 -0.0144398 0.0692905 0.0252669 0.0122486 0.0187169 0.0114912 0.0382714 0.0919868 0.00253698 0.023105 0.00762769 0.0257136
internal_weight=22912 9844 8917 13068 5368 5788 1131 1607 3761 4657 1119 3549 2286 927 484 3598 2371 7280 3369 902 423 3418 2993 828 519 628 2074 1070 849 2610
internal_count=22912 9844 8917 13068 5368 5788 1131 1607 3761 4657 1119 3549 2286 927 484 3598 2371 7280 3369 902 423 3418 2993 828 519 628 2074 1070 849 2610
is_linear=0
shrinkage=0.0161


Tree=72
num_leaves=31
num_cat=0
split_feature=336 539 154 540 118 297 274 12 456 202 188 173 390 93 404 276 599 308 116 191 57 129 212 520 214 313 3 57 9 355
split_gain=34065.8 14150.8 13205.2 10802.9 10738.1 9574.41 9092.29 7459.18 8896.49 7224.76 6942.56 5937.94 5908.12 5755.38 5288.39 7915.97 4756.27 4712.99 4308.98 4065.18 3734.74 3678.04 3589.32 4390.87 3402.12 3393.67 3209.34 4519.67 3172.77 3083.98
threshold=10.500000000000002 140.50000000000003 8.0000000000000018 216.75000000000003 24.500000000000004 43.500000000000007 4.5000000000000009 10.500000000000002 24.500000000000004 6.5000000000000009 20.000000000000004 24.500000000000004 29.500000000000004 20.000000000000004 24.500000000000004 8.0000000000000018 215.15000152587893 10.500000000000002 10.500000000000002 16.500000000000004 8.0000000000000018 24.500000000000004 13.500000000000002 101.50000000000001 29.500000000000004 8.0000000000000018 16.500000000000004 8.0000000000000018 4.5000000000000009 8.0000000000000018
decision_type=2 2 2 8 2 2 2 2 2 2 2 2 2 2 2 2 10 2 2 2 2 2 2 2 2 2 2 2 2 2
left_child=1 6 9 12 13 7 -1 22 17 28 18 19 21 16 20 -16 -5 -9 -10 -11 -8 -3 23 -4 -22 -21 27 -24 -2 -30
right_child=2 3 5 4 -6 -7 14 8 10 11 -12 -13 -14 -15 15 -17 -18 -19 -20 25 24 -23 26 -25 -26 -27 -28 -29 29 -31
leaf_value=-0.042610448697827326 -0.05380735058067064 -0.024383909304169425 0.027957845476653462 -0.0080566127977336321 0.15751205511909158 0.13417813545779253 -0.029334437518246385 -0.0015814647403075434 0.019531634480734798 -0.00049288777353744461 0.16457095263291194 0.09306850392662655 0.067958076266548928 0.11144486783342264 -0.0050236984039775502 0.102358500354822 0.089717721934521474 0.061834092210248187 0.11560972604963109 0.10496543694359894 -0.0094377869900382407 0.047765613916568368 0.022692748440563813 -0.033755566692303382 0.055098144153584355 0.018513861597355498 0.0017314857393983928 0.12291372625853624 -0.026955946648792861 0.02114826058168123
leaf_weight=4058 474 1705 653 631 211 297 3321 539 252 1263 299 293 241 186 656 244 162 694 234 201 2659 205 246 551 230 286 284 223 778 621
leaf_count=4058 474 1705 653 631 211 297 3321 539 252 1263 299 293 241 186 656 244 162 694 234 201 2659 205 246 551 230 286 284 223 778 621
internal_value=0.000134489 -0.0146818 0.0263916 0.0143839 0.0533091 0.0459679 -0.0233792 0.0393712 0.0610946 0.00502968 0.103476 0.0259731 -0.00713977 0.0308267 -0.0123998 0.0240627 0.0118878 0.0340932 0.0658399 0.014726 -0.0176879 -0.0166278 0.0169587 -0.000265206 -0.00429178 0.0542434 0.0445299 0.070396 -0.0178021 -0.00558622
internal_weight=22697 14509 8188 3341 1190 4272 11168 3975 2018 3916 785 2043 2151 979 7110 900 793 1233 486 1750 6210 1910 1957 1204 2889 487 753 469 1873 1399
internal_count=22697 14509 8188 3341 1190 4272 11168 3975 2018 3916 785 2043 2151 979 7110 900 793 1233 486 1750 6210 1910 1957 1204 2889 487 753 469 1873 1399
is_linear=0
shrinkage=0.0161


Tree=73
num_leaves=31
num_cat=0
split_feature=154 275 336 69 540 598 359 237 564 423 54 61 598 229 393 220 511 583 359 68 163 455 95 44 365 428 569 347 59 96
split_gain=33914.3 15739.9 11995.7 10185 10076.6 8421.4 8325.8 7821.87 6833.85 6778.8 6548.05 6060.77 5905.88 5578.54 5768.92 5359.47 4076.19 3992.31 6600.77 3895.64 4043.1 4422.14 3721.08 4754.69 3573.49 3325.49 3201.92 3087.83 4480.98 2968.18
threshold=10.500000000000002 16.500000000000004 10.500000000000002 35.500000000000007 228.75000000000003 224.44999694824222 35.500000000000007 52.000000000000007 201.75000000000003 10.500000000000002 13.500000000000002 35.500000000000007 88.049999237060561 10.500000000000002 35.500000000000007 43.500000000000007 129.50000000000003 128.15000152587893 10.500000000000002 6.5000000000000009 4.5000000000000009 20.000000000000004 6.5000000000000009 35.500000000000007 8.0000000000000018 5.5000000000000009 163.25000000000003 5.5000000000000009 43.500000000000007 16.500000000000004
decision_type=2 2 2 2 10 10 2 2 10 2 2 2 8 2 2 2 2 8 2 2 2 2 2 2 2 2 10 2 2 2
left_child=2 4 5 6 7 12 13 22 -7 -5 19 17 -1 26 16 27 -15 18 -12 -4 -21 -22 -2 25 -23 -24 29 -14 -29 -3
right_child=1 3 10 9 -6 8 -8 -9 -10 -11 11 -13 15 14 -16 -17 -18 -19 -20 20 21 24 23 -25 -26 -27 -28 28 -30 -31
leaf_value=-0.043010664128555247 -0.019986309141102238 -0.0072322399630630266 -0.029028087813765625 0.19724928315795129 0.11112227607229709 0.12658844020511001 0.12068471320478903 0.11566184364657535 -0.019206989633421427 0.067313755083997048 0.012631528880307472 0.12599005333508778 -0.033814154902979253 0.075366389777745138 0.13667970550822039 0.059464685934997388 -0.0071351200966525479 -0.0011117466397592905 0.11696335214526452 -0.031712279172591742 0.0019024960423907728 0.019514339213640496 -0.022250930843690616 0.076536834487604288 0.11497305037934323 0.015404651704890901 -0.039248061778322761 -0.014627624981433161 0.069899153529152561 0.051644993773581338
leaf_weight=3777 1481 417 1271 204 243 170 320 160 163 214 425 161 2549 355 211 226 275 850 250 470 800 205 838 262 203 2212 270 3269 171 473
leaf_count=3777 1481 417 1271 204 243 170 320 160 163 214 425 161 2549 355 211 226 275 850 250 470 800 205 838 262 203 2212 270 3269 171 473
internal_value=-0.000540717 0.0263636 -0.0148127 0.0575968 0.0098949 -0.0244727 0.0444062 0.00492381 0.0551524 0.130784 0.0067008 0.032012 -0.0271287 0.0321959 0.0637721 -0.017473 0.0393165 0.0220749 0.0513078 -0.0077621 0.00833178 0.0239313 0.00122224 0.010713 0.0670674 0.00505091 0.00928292 -0.0203802 -0.010419 0.0240322
internal_weight=22895 7935 14960 2739 5196 10325 2321 4953 333 418 4635 1686 9992 2001 841 6215 630 1525 675 2949 1678 1208 4793 3312 408 3050 1160 5989 3440 890
internal_count=22895 7935 14960 2739 5196 10325 2321 4953 333 418 4635 1686 9992 2001 841 6215 630 1525 675 2949 1678 1208 4793 3312 408 3050 1160 5989 3440 890
is_linear=0
shrinkage=0.0161


Tree=74
num_leaves=31
num_cat=0
split_feature=394 456 156 479 11 446 476 599 130 178 290 277 599 150 189 512 538 539 273 131 35 283 5 106 377 518 102 96 506 239
split_gain=30941.3 12972.9 11951.1 10808.7 10247.1 9555.89 8438.12 7132.43 6682.04 5603.25 5406.08 5338.45 4793.42 4356.76 3956.8 4734.57 6209.74 3956.19 4702.55 8067.85 3863.25 3829.81 7919.99 3660.92 3846.25 6455.3 3241.18 3211.9 3107.01 3075.99
threshold=13.500000000000002 29.500000000000004 5.5000000000000009 35.500000000000007 16.500000000000004 16.500000000000004 29.500000000000004 255.05000305175784 6.5000000000000009 20.000000000000004 6.5000000000000009 3.5000000000000004 231.15000152587893 24.500000000000004 6.5000000000000009 119.50000000000001 123.50000000000001 97.500000000000014 4.5000000000000009 6.5000000000000009 20.000000000000004 24.500000000000004 16.500000000000004 16.500000000000004 8.0000000000000018 121.50000000000001 24.500000000000004 16.500000000000004 18.500000000000004 10.500000000000002
decision_type=2 2 2 2 2 2 2 8 2 2 2 2 10 2 2 2 2 2 2 2 2 2 2 2 2 2 2 2 2 2
left_child=2 3 10 11 20 -6 8 13 23 -5 29 -2 14 -8 -13 16 27 -12 19 -19 -3 28 -23 -4 -25 -26 -17 -16 -10 -1
right_child=1 4 6 9 5 -7 7 -9 21 -11 17 12 -14 -15 15 26 -18 18 -20 -21 -22 22 -24 24 25 -27 -28 -29 -30 -31
leaf_value=-0.047770107810626371 -0.027497973562090015 -0.015353183391332017 -0.031540623011076428 0.047973659134665163 0.083499280075327406 0.2356105647803812 0.0021889420038603549 0.1401475373371204 -0.028712232868581156 0.15028647636629375 -0.026548989142767938 -0.0060069284527360899 0.090601865439758136 0.097270487648528983 0.010092921313412979 -0.015479270679971046 0.13079430181536247 -0.024226701132046714 -0.010296590814565047 0.12743494279710649 0.06982443857820575 0.0076324400750421052 0.1406405467469877 -0.033670846471481955 -0.0091532132789724028 0.11806869300579174 0.060218880755474387 0.05904709285618006 0.0095236333449477822 -0.01431616185214173
leaf_weight=3253 815 245 2606 442 326 160 537 172 686 203 2092 1646 220 163 795 810 185 167 897 199 315 387 166 320 268 168 179 619 2795 915
leaf_count=3253 815 245 2606 442 326 160 537 172 686 203 2092 1646 220 163 795 810 185 167 897 199 315 387 166 320 268 168 179 619 2795 915
internal_value=-0.0010345 0.0272454 -0.0135006 0.0179961 0.0795174 0.133625 -0.000137268 0.0472282 -0.00572491 0.0802109 -0.0281841 0.0103757 0.0173112 0.024363 0.0134974 0.0259115 0.0430382 -0.0129617 0.0095254 0.0581698 0.0325172 0.00824134 0.0476015 -0.0224898 0.00867822 0.0398141 -0.0017548 0.03154 0.00198174 -0.0404316
internal_weight=22751 6960 15791 5914 1046 486 8268 872 7396 645 7523 5269 4454 700 4234 2588 1599 3355 1263 366 560 4034 553 3362 756 436 989 1414 3481 4168
internal_count=22751 6960 15791 5914 1046 486 8268 872 7396 645 7523 5269 4454 700 4234 2588 1599 3355 1263 366 560 4034 553 3362 756 436 989 1414 3481 4168
is_linear=0
shrinkage=0.0161


Tree=75
num_leaves=31
num_cat=0
split_feature=155 359 489 69 34 396 293 336 461 404 476 5 118 584 250 257 170 354 539 61 179 430 447 397 408 0 91 94 555 166
split_gain=29097 14347.7 13797.5 9510.53 7393.87 6407.7 6275.08 6018.92 5276.19 5034.68 4975.8 4920.83 4818.19 4640.71 4191.25 4143.06 4022.09 3927.44 3739.36 3662.29 3631.85 3621.47 5469.67 3429.04 3423.48 3391.85 3144.76 2846.01 2785.7 3504.72
threshold=10.500000000000002 35.500000000000007 35.500000000000007 8.0000000000000018 29.500000000000004 10.500000000000002 43.500000000000007 16.500000000000004 43.500000000000007 20.000000000000004 29.500000000000004 24.500000000000004 35.500000000000007 171.05000305175784 13.500000000000002 8.0000000000000018 16.500000000000004 6.5000000000000009 257.50000000000006 10.500000000000002 29.500000000000004 10.500000000000002 8.0000000000000018 6.5000000000000009 16.500000000000004 13.500000000000002 35.500000000000007 8.0000000000000018 76.049999237060561 6.5000000000000009
decision_type=2 2 2 2 2 2 2 2 2 2 2 2 2 8 2 2 2 2 2 2 2 2 2 2 2 2 2 2 10 2
left_child=2 3 23 14 8 9 24 -6 10 17 -5 21 15 -12 -2 -3 -16 -4 20 -9 28 -11 -23 -1 26 27 -7 -26 29 -19
right_child=1 12 5 4 7 6 -8 19 -10 11 13 -13 -14 -15 16 -17 -18 18 -20 -21 -22 22 -24 -25 25 -27 -28 -29 -30 -31
leaf_value=-0.044055929893887819 -0.015791476693001624 0.027395435879502873 -0.032475718140982497 0.0088624054333588213 0.033440931778531344 -0.004731463786426136 0.10786499455539827 0.1622714884351602 0.098131634594969361 -0.019185603401772791 0.022747230703748879 0.095265704758268802 0.16602081410479846 0.13634368107883338 0.0072332705461164186 0.110096455144105 0.098147597338097539 -0.021243525857788031 0.071436512470046634 0.068398621193791281 0.055975369977168829 0.10837138572497709 -0.0172211116318444 -0.018282198238086977 -0.025016950270783433 0.082623385104630936 0.064517044413423527 0.054211101332106194 -0.024446633510417138 0.068001682268495234
leaf_weight=3267 2195 313 2447 2724 460 1973 187 225 220 606 221 186 169 162 500 317 169 245 160 209 204 179 180 2273 241 304 186 229 1721 213
leaf_count=3267 2195 313 2447 2724 460 1973 187 225 220 606 221 186 169 162 500 317 169 245 160 209 204 179 180 2273 241 304 186 229 1721 213
internal_value=-7.83543e-05 0.0249041 -0.0133873 0.0176062 0.0329721 -0.00136178 0.0174237 0.0740898 0.0219163 -0.0109098 0.0165121 0.0194336 0.0895869 0.0708573 -0.005032 0.0690458 0.0302349 -0.0179136 -0.00389189 0.11712 -0.00895948 0.00479288 0.0453347 -0.0334855 0.0116494 0.0407012 0.00122346 0.0135356 -0.0150495 0.02021
internal_weight=22685 7884 14801 7085 4221 9261 3120 894 3327 6141 3107 1151 799 383 2864 630 669 4990 2543 434 2383 965 359 5540 2933 774 2159 470 2179 458
internal_count=22685 7884 14801 7085 4221 9261 3120 894 3327 6141 3107 1151 799 383 2864 630 669 4990 2543 434 2383 965 359 5540 2933 774 2159 470 2179 458
is_linear=0
shrinkage=0.0161


Tree=76
num_leaves=31
num_cat=0
split_feature=216 393 96 298 309 44 157 395 526 108 402 479 221 539 194 300 575 376 509 546 35 587 538 291 111 356 226 214 480 477
split_gain=35016.2 14908.1 12500 10161.7 8856.38 7850.78 9014 8198.2 7083.19 5668.82 5291.93 5225.33 5120.33 5117.56 8448.5 5062.52 5491.69 4824.7 4748.92 6458.73 5411.53 4487.07 4383.41 4306.99 3701.72 3546.74 3467.31 3392.48 3053.67 2984.78
threshold=10.500000000000002 24.500000000000004 4.5000000000000009 24.500000000000004 10.500000000000002 29.500000000000004 20.000000000000004 29.500000000000004 201.50000000000003 10.500000000000002 24.500000000000004 13.500000000000002 5.5000000000000009 145.50000000000003 8.0000000000000018 4.5000000000000009 171.05000305175784 24.500000000000004 221.50000000000003 195.05000305175784 29.500000000000004 196.25000000000003 147.50000000000003 13.500000000000002 10.500000000000002 24.500000000000004 20.000000000000004 3.5000000000000004 12.500000000000002 20.000000000000004
decision_type=2 2 2 2 2 2 2 2 2 2 2 2 2 2 2 2 8 2 2 10 2 8 2 2 2 2 2 2 2 2
left_child=2 4 11 8 17 6 26 -8 9 27 18 -1 -5 -13 -15 -14 29 25 19 20 -6 -10 -19 -12 -22 -2 -3 -4 -11 -17
right_child=1 5 3 12 10 -7 7 -9 21 28 23 13 15 14 -16 16 -18 22 -20 -21 24 -23 -24 -25 -26 -27 -28 -29 -30 -31
leaf_value=-0.040219685289908429 -0.017231455256707877 0.0135303578413879 -0.049085914491527195 -0.0031041252058793792 0.014482657529947334 0.16758972938629077 0.061492643335888615 0.19976238756720907 0.098670696736234187 -0.03345184950222381 0.044050339082841623 -0.022136556328508465 -0.0094157711369359659 0.12904898141959259 -0.02909351973913411 0 0.1514237041580937 0.0085260710730656279 -0.034878119203367669 0.13240050860056179 0.036066879657924648 0.014235017484200752 0.1137964061161427 0.1367043326714534 0.13989364945205018 0.03675834128061526 0.095147619895346258 -0.016421366705564339 0.012764483812741598 0.095852451545940229
leaf_weight=4495 2273 708 1071 399 1571 201 278 186 218 442 307 1098 167 172 178 163 233 275 280 165 195 652 164 227 165 366 167 3596 2289 175
leaf_count=4495 2273 708 1071 399 1571 201 278 186 218 442 307 1098 167 172 178 163 233 275 280 165 195 652 164 227 165 366 167 3596 2289 175
internal_value=0.000577113 0.0290198 -0.0133722 -0.00181957 0.0175248 0.073701 0.0595896 0.11697 -0.00802795 -0.0131405 0.0376624 -0.0316505 0.0433056 -0.00503326 0.048555 0.0684289 0.0912373 -0.00150606 0.0273548 0.0356796 0.0274028 0.0354195 0.0479062 0.083481 0.0837195 -0.00973475 0.0291345 -0.0239224 0.00527596 0.0496783
internal_weight=22876 7528 15348 9405 5988 1540 1339 464 8268 7398 2910 5943 1137 1448 350 738 571 3078 2376 2096 1931 870 439 534 360 2639 875 4667 2731 338
internal_count=22876 7528 15348 9405 5988 1540 1339 464 8268 7398 2910 5943 1137 1448 350 738 571 3078 2376 2096 1931 870 439 534 360 2639 875 4667 2731 338
is_linear=0
shrinkage=0.0161


Tree=77
num_leaves=31
num_cat=0
split_feature=455 599 274 187 359 94 488 191 200 404 99 262 372 479 415 108 354 43 227 503 591 449 116 421 97 58 240 8 13 215
split_gain=28537.8 18965.5 13527.3 12461.2 7603.28 6075.86 5938.06 5768.46 5814.27 5551.55 5163.95 4770.93 4710.89 4670.01 4628.69 4300.71 5245.28 4275.2 4267.48 4142.08 8356.8 3778.39 3515.47 3495.5 3455.4 3551.26 3425.52 3619.36 2932.32 4276.09
threshold=16.500000000000004 271.25000000000006 8.0000000000000018 10.500000000000002 29.500000000000004 16.500000000000004 9.5000000000000018 10.500000000000002 13.500000000000002 16.500000000000004 29.500000000000004 5.5000000000000009 13.500000000000002 29.500000000000004 10.500000000000002 13.500000000000002 35.500000000000007 13.500000000000002 24.500000000000004 154.50000000000003 124.95000076293947 35.500000000000007 13.500000000000002 10.500000000000002 4.5000000000000009 35.500000000000007 4.5000000000000009 8.0000000000000018 10.500000000000002 16.500000000000004
decision_type=2 10 2 2 2 2 2 2 2 2 2 2 2 2 2 2 2 2 2 2 8 2 2 2 2 2 2 2 2 2
left_child=1 2 6 10 11 9 -1 -7 -9 -5 26 -4 14 15 -6 -8 21 -15 24 20 -20 -17 -11 -12 -13 -26 -2 -28 -29 -30
right_child=3 -3 4 5 12 7 13 8 -10 22 23 18 -14 17 -16 16 -18 -19 19 -21 -22 -23 -24 -25 25 -27 27 28 29 -31
leaf_value=-0.050468623363085476 -0.02976552116105215 0.16083354994250018 -0.020665657758513045 0.011409895310741675 0.040534117953864211 0.045573465186939235 -0.029699247161738388 0.074971573121109789 0.17224205293577657 0.040360495805387961 0.013257715575529789 -0.026181113068210429 -0.0018309779526191339 -0.0082419809971335575 0.14177244505231817 -0.01685948879804201 0.079852187154505858 0.075923992632241546 0.013986439840684891 -0.011449461691087038 0.16961962395715474 0.062127619610280398 0.14217773328856251 0.11048101099522323 0.0068702784552699698 0.080297544602324022 -0.0097799646801176067 0.0069170640003653385 0.0198317725824954 0.12138937697499787
leaf_weight=1850 719 164 2033 937 275 603 5719 394 269 197 187 791 254 438 205 2036 179 243 202 179 161 170 160 198 2097 186 993 476 244 193
leaf_count=1850 719 164 2033 937 275 603 5719 394 269 197 187 791 254 438 205 2036 179 243 202 179 161 170 160 198 2097 186 993 476 244 193
internal_value=-0.00119528 -0.0114627 -0.0131244 0.0304727 0.00540076 0.0565863 -0.0242452 0.0816744 0.114473 0.0320229 0.00825522 -0.000929118 0.0541487 -0.0187203 0.0838204 -0.0221245 -0.0039512 0.0217562 0.0101607 0.0518165 0.0830787 -0.0107619 0.0860588 0.0633194 0.00280841 0.0128628 0.000170175 0.0114752 0.0346185 0.0647383
internal_weight=22752 17182 17018 5570 6383 2560 10635 1266 663 1294 3010 5649 734 8785 480 8104 2385 681 3616 542 363 2206 357 385 3074 2283 2625 1906 913 437
internal_count=22752 17182 17018 5570 6383 2560 10635 1266 663 1294 3010 5649 734 8785 480 8104 2385 681 3616 542 363 2206 357 385 3074 2283 2625 1906 913 437
is_linear=0
shrinkage=0.0161


Tree=78
num_leaves=31
num_cat=0
split_feature=157 599 274 395 541 551 310 359 285 299 454 490 125 296 383 385 536 108 404 335 169 567 550 540 247 408 518 409 389 278
split_gain=26022.7 14312.5 13892.2 10668.4 9620.55 9105.44 7486.68 7330.67 6223.93 5407.3 4876.59 6618.96 7320.14 4846.82 4802.34 4779.7 6757 4620.08 4047.79 4653.49 3373.28 3224.9 3143.87 3757.52 2882.89 2874.46 4330.66 2743.79 3163.25 2742.07
threshold=10.500000000000002 226.84999847412112 16.500000000000004 4.5000000000000009 220.15000152587893 240.75000000000003 5.5000000000000009 35.500000000000007 6.5000000000000009 16.500000000000004 29.500000000000004 157.50000000000003 8.0000000000000018 13.500000000000002 3.5000000000000004 24.500000000000004 122.50000000000001 43.500000000000007 24.500000000000004 10.500000000000002 24.500000000000004 171.05000305175784 197.65000152587893 171.05000305175784 16.500000000000004 13.500000000000002 171.50000000000003 4.5000000000000009 24.500000000000004 16.500000000000004
decision_type=2 10 2 2 8 10 2 2 2 2 2 2 2 2 2 2 2 2 2 2 2 10 10 10 2 2 2 2 2 2
left_child=1 3 5 13 -3 9 25 10 -8 17 20 12 -12 -1 -11 22 -17 18 -2 -20 21 29 23 27 -16 -5 -27 -10 -29 -4
right_child=2 4 7 6 -6 -7 8 -9 15 14 11 -13 -14 -15 24 16 -18 -19 19 -21 -22 -23 -24 -25 -26 26 -28 28 -30 -31
leaf_value=-0.043720732832259281 -0.013436909623142704 0.013741532096797659 0.0096548220572107192 -0.029677270115258558 0.15498963710184918 0.12599025662681507 -0.012179034520860416 0.12824902464529647 -0.021766808653726245 0.11462374490711164 0.041620685693413456 0.0092240809076534949 0.16386025151824954 -0.0044998595910200013 0.0064550630772413492 0.016278923548397939 0.13776961976039029 0.064262682707396573 -0.0040610376999377978 0.091203667310620462 0.083297134989317775 -0.035959657974220453 -0.03913930630800086 0.072999174689103635 0.068537406079402882 -0.012523733111556221 0.077666676014055899 0.012371526939364145 0.078507546392117655 0.071417047131499753
leaf_weight=3723 3394 312 577 3090 209 169 2396 316 478 174 227 250 290 1048 734 274 210 252 337 219 224 251 261 299 264 966 161 1186 223 276
leaf_count=3723 3394 312 577 3090 209 169 2396 316 478 174 227 250 290 1048 734 274 210 252 337 219 224 251 261 299 264 966 161 1186 223 276
internal_value=0.000162644 -0.0124332 0.0236598 -0.0154514 0.0704486 0.00962182 -0.00562149 0.0559238 0.00706238 0.00595792 0.0450034 0.0773409 0.110234 -0.0351104 0.0365388 0.0227997 0.0690405 -0.00256595 -0.0068354 0.03342 0.0263089 0.0147247 0.0136439 0.0199568 0.0229012 -0.0216496 0.000339727 0.0115396 0.0228555 0.0296664
internal_weight=22790 14836 7954 14315 521 5543 9544 2411 5327 5374 2095 767 517 4771 1172 2931 484 4202 3950 556 1328 1104 2447 2186 998 4217 1127 1887 1409 853
internal_count=22790 14836 7954 14315 521 5543 9544 2411 5327 5374 2095 767 517 4771 1172 2931 484 4202 3950 556 1328 1104 2447 2186 998 4217 1127 1887 1409 853
is_linear=0
shrinkage=0.0161


Tree=79
num_leaves=31
num_cat=0
split_feature=275 157 214 359 69 536 343 481 298 394 541 506 172 69 168 166 84 118 532 296 119 248 53 17 579 137 428 37 233 165
split_gain=30859.1 13365.2 10370.2 8949.73 8586.14 7872.23 7058 6816.3 6114.95 5940.5 5697.49 6550.64 5426.17 4697.22 4467.74 4295.26 4517 4186.84 3891.31 3842.38 3435.35 4411.13 4843.54 3503.76 5644.86 3102.43 2970.75 3575.64 3280.84 2638.18
threshold=6.5000000000000009 5.5000000000000009 13.500000000000002 43.500000000000007 29.500000000000004 20.500000000000004 52.000000000000007 235.50000000000003 24.500000000000004 43.500000000000007 216.75000000000003 160.50000000000003 20.000000000000004 29.500000000000004 10.500000000000002 16.500000000000004 24.500000000000004 16.500000000000004 150.50000000000003 29.500000000000004 8.0000000000000018 24.500000000000004 10.500000000000002 20.000000000000004 161.34999847412112 24.500000000000004 8.0000000000000018 20.000000000000004 8.0000000000000018 13.500000000000002
decision_type=2 2 2 2 2 2 2 2 2 2 10 2 2 2 2 2 2 2 2 2 2 2 2 2 8 2 2 2 2 2
left_child=5 7 6 4 10 -1 20 13 15 14 11 18 -10 19 -6 -7 25 -5 26 -2 -3 23 -23 -22 -25 -17 -4 -28 -29 -13
right_child=1 2 3 17 9 8 -8 -9 12 -11 -12 29 -14 -15 -16 16 -18 -19 -20 -21 21 22 -24 24 -26 -27 27 28 -30 -31
leaf_value=-0.040917706652354648 -0.025335840084200745 -0.0045195304904464698 -0.00074955337758161433 0.072910166939164134 0.016394472576992947 -0.022552952331927469 0.10730542404359356 0.073849929125868616 0.0092193590862624051 0.18048143755079246 0.1073062612180706 -0.050821492736584338 0.11124977929565416 0.05261186021621659 0.12339752578501048 -0.01535468105995785 0.073911220641446479 0.18560465355806063 0.10106619132810613 0.040130486137762503 0.0024261612333539382 0.13088468883349835 0.01332352158881862 0.00086120884634166269 0.11978805373762519 0.054129634640044812 0.022767766169672465 0.037461544805206665 0.13503825764983107 0.017611568054440759
leaf_weight=3232 2820 2313 575 177 223 5314 199 243 633 162 221 369 172 250 186 995 232 167 218 253 1548 190 175 228 190 200 664 181 178 241
leaf_count=3232 2820 2313 575 177 223 5314 199 243 633 162 221 369 172 250 186 995 232 167 218 253 1548 190 175 228 190 200 664 181 178 241
internal_value=-0.000127345 0.0176642 0.0287456 0.0496007 0.041246 -0.0198904 0.013402 -0.00844783 -0.0108812 0.0978861 0.0290189 0.0218775 0.0310489 -0.0144731 0.0651136 -0.0158919 0.00889658 0.127688 0.0372157 -0.0199383 0.00937305 0.0231684 0.0745842 0.0136108 0.0549752 -0.00370581 0.0284904 0.0449484 0.0859078 -0.0237462
internal_weight=22749 11971 8405 3562 3218 10778 4843 3566 7546 571 2647 2426 805 3323 409 6741 1427 344 1816 3073 4644 2331 365 1966 418 1195 1598 1023 359 610
internal_count=22749 11971 8405 3562 3218 10778 4843 3566 7546 571 2647 2426 805 3323 409 6741 1427 344 1816 3073 4644 2331 365 1966 418 1195 1598 1023 359 610
is_linear=0
shrinkage=0.0161


Tree=80
num_leaves=31
num_cat=0
split_feature=395 538 58 187 216 478 372 516 239 571 538 215 584 88 99 507 540 249 151 501 337 287 279 484 536 534 419 535 410 99
split_gain=28195.4 12836.4 15562.2 11768.3 8038.4 7846.5 7275.99 7877.5 6121.74 5594.57 5252.04 5049.94 4942.58 4789.58 4729.61 5214.37 4476.19 4253.86 4117.24 5321.48 3934.81 3502.09 4924.9 3490.4 3451.8 3395.97 3306.23 4331.94 3278.87 3150.41
threshold=10.500000000000002 107.50000000000001 52.000000000000007 10.500000000000002 16.500000000000004 24.500000000000004 35.500000000000007 68.500000000000014 43.500000000000007 76.049999237060561 174.50000000000003 3.5000000000000004 80.549999237060561 43.500000000000007 4.5000000000000009 59.500000000000007 210.94999694824222 10.500000000000002 24.500000000000004 161.50000000000003 5.5000000000000009 13.500000000000002 10.500000000000002 98.500000000000014 215.50000000000003 95.500000000000014 13.500000000000002 106.50000000000001 8.0000000000000018 10.500000000000002
decision_type=2 2 2 2 2 2 2 2 2 8 2 2 10 2 2 2 10 2 2 2 2 2 2 2 2 2 2 2 2 2
left_child=1 11 8 5 13 17 7 9 14 -6 23 -1 -11 21 -3 -16 25 24 28 -20 -13 26 -23 -7 -2 -9 -5 -28 -17 -19
right_child=3 2 -4 4 6 10 -8 16 -10 12 -12 20 -14 -15 15 18 -18 29 19 -21 -22 22 -24 -25 -26 -27 27 -29 -30 -31
leaf_value=-0.041152603795655003 -0.021198800939943151 -0.030742289705899182 0.13440294472660813 -0.016934921242038513 0.02477216900951568 0.059470021606663301 0.16388152512425372 0.063607092934299989 0.089316742957797082 0.18790215084321249 0.12880018866510504 -0.02915735758690784 0.080179108398232848 0.10816987828431041 0.093166184597149093 -0.023188243366425935 0.10421918339715287 -0.0034614076031820613 -0.016701618253166007 0.10203625608499586 -0.0036685434956243001 0.0061044137704945557 0.091131181436167732 -0.030970561614066291 0.04599344976415308 -0.012741765891745272 -0.0037577876890105897 0.09452239033422874 0.013177413844843736 0.041250546701920132
leaf_weight=3128 2264 1143 240 863 173 330 192 216 196 217 190 3068 227 162 174 1284 161 844 172 226 3220 376 334 166 217 501 289 194 1286 790
leaf_count=3128 2264 1143 240 863 173 330 192 216 196 217 190 3068 227 162 174 1284 161 844 172 226 3220 376 334 166 217 501 289 194 1286 790
internal_value=0.000468713 -0.0135671 0.00809548 0.023263 0.0440193 0.00637555 0.0705129 0.058506 0.00132527 0.102606 0.0567872 -0.0244307 0.132881 0.0238578 -0.00269405 0.00750187 0.0274884 -0.00202271 0.00247184 0.0506633 -0.0161086 0.0172031 0.0461361 0.0291541 -0.0153124 0.0102259 0.0019238 0.0356683 -0.00498211 0.0181414
internal_weight=22843 14137 4721 8706 3905 4801 1687 1495 4481 617 686 9416 444 2218 4285 3142 878 4115 2968 398 6288 2056 710 496 2481 717 1346 483 2570 1634
internal_count=22843 14137 4721 8706 3905 4801 1687 1495 4481 617 686 9416 444 2218 4285 3142 878 4115 2968 398 6288 2056 710 496 2481 717 1346 483 2570 1634
is_linear=0
shrinkage=0.0161


Tree=81
num_leaves=31
num_cat=0
split_feature=395 157 599 58 452 490 402 355 154 279 578 93 520 598 12 599 165 95 597 295 389 265 420 54 303 277 58 50 503 407
split_gain=26559.7 14689.2 12658.3 9724.44 8984.03 6675.78 6081.5 5152.95 5128.96 6231.13 6312.33 5093.83 4397.67 6802.63 4312.19 4297.1 6635.75 4131.99 3817.73 3700.33 3569.94 3579.3 3554.68 4110.7 3466.18 3442.67 4125.03 3291.37 3138.32 3754.29
threshold=6.5000000000000009 8.0000000000000018 226.84999847412112 52.000000000000007 20.000000000000004 21.500000000000004 24.500000000000004 20.000000000000004 24.500000000000004 6.5000000000000009 166.15000152587893 13.500000000000002 214.50000000000003 213.05000305175784 5.5000000000000009 197.65000152587893 13.500000000000002 52.000000000000007 1.0000000180025095e-35 24.500000000000004 24.500000000000004 35.500000000000007 16.500000000000004 8.0000000000000018 8.0000000000000018 5.5000000000000009 16.500000000000004 20.000000000000004 103.50000000000001 20.000000000000004
decision_type=2 2 10 2 2 2 2 2 2 2 8 2 2 10 2 10 2 2 10 2 2 2 2 2 2 2 2 2 2 2
left_child=3 2 11 5 6 -1 12 27 19 -10 -11 -2 13 17 -7 20 -17 28 24 -6 21 -16 23 -22 -13 -20 -27 -8 29 -3
right_child=1 4 -4 -5 8 14 7 -9 9 10 -12 18 -14 -15 15 16 -18 -19 25 -21 22 -23 -24 -25 -26 26 -28 -29 -30 -31
leaf_value=-0.041653535563658937 -0.019150486201719292 0.0095779968269510008 0.10464844636786062 0.068991434658071171 0.031188468422636329 -0.030298949909277569 0.015121295537854349 0.13737567961389474 0.023534982360096168 0.085706615996805485 0.2171892056023042 0.01112375166307694 -0.032760169242335449 0.11409166163398904 -0.019001024852092943 -0.0037864589951759138 0.12402479852997417 0.074203970648043807 -0.022855072955981461 0.10934575774475921 0.0051178995543354078 0.048992362928549048 -0.0250081721041235 0.11468605298781058 0.11038516644214311 -0.0012185535072645275 0.075134151733481258 0.098943234044179776 -0.01460467931010042 0.064919512370861868
leaf_weight=3076 3665 1686 271 315 940 2509 422 182 175 234 160 186 477 186 3426 287 166 272 742 189 180 213 203 176 180 530 280 171 1006 392
leaf_count=3076 3665 1686 271 315 940 2509 422 182 175 234 160 186 477 186 3426 287 166 272 742 189 180 213 203 176 180 530 280 171 1006 392
internal_value=-0.00034175 0.0156871 -0.00280289 -0.0190998 0.0323637 -0.021813 0.0210846 0.062387 0.0641943 0.10364 0.13916 -0.00802282 0.0131142 0.0192988 -0.013286 -0.00410328 0.0429975 0.014038 0.0132282 0.0442932 -0.00919146 -0.0150147 0.028675 0.0593525 0.0600051 0.00218182 0.0251459 0.0393322 0.00872394 0.0200291
internal_weight=22897 12346 5854 10551 6492 10236 4794 775 1698 569 394 5583 4019 3542 7160 4651 453 3356 1918 1129 4198 3639 559 356 366 1552 810 593 3084 2078
internal_count=22897 12346 5854 10551 6492 10236 4794 775 1698 569 394 5583 4019 3542 7160 4651 453 3356 1918 1129 4198 3639 559 356 366 1552 810 593 3084 2078
is_linear=0
shrinkage=0.0161


Tree=82
num_leaves=31
num_cat=0
split_feature=96 154 428 595 59 599 54 96 177 457 106 573 455 235 478 128 301 157 275 343 58 218 129 347 368 157 585 499 189 555
split_gain=28501.2 13090.7 9973.16 9592.5 8218.81 8044.36 7706.39 6414.32 6206.41 6032.98 6909 5027.54 5318.84 4972.03 5395.74 4966.07 3980.17 4604.57 3642.46 5476.19 3566.51 3427.85 3313.71 3892.27 3286.14 3264.23 3469.72 3218.12 3136.59 3109.66
threshold=8.0000000000000018 8.0000000000000018 20.000000000000004 90.549999237060561 52.000000000000007 255.05000305175784 24.500000000000004 24.500000000000004 52.000000000000007 6.5000000000000009 24.500000000000004 112.25000000000001 29.500000000000004 16.500000000000004 16.500000000000004 24.500000000000004 13.500000000000002 13.500000000000002 5.5000000000000009 29.500000000000004 35.500000000000007 6.5000000000000009 6.5000000000000009 5.5000000000000009 24.500000000000004 10.500000000000002 108.14999771118165 78.500000000000014 6.5000000000000009 131.75000000000003
decision_type=2 2 2 8 2 10 2 2 2 2 2 8 2 2 2 2 2 2 2 2 2 2 2 2 2 2 8 2 2 10
left_child=3 4 8 -1 6 13 18 29 15 -4 11 12 -11 25 22 20 17 -17 -2 -20 28 -16 -15 -24 -13 26 27 -5 -3 -8
right_child=1 2 9 5 -6 -7 7 -9 -10 10 -12 24 -14 14 21 16 -18 -19 19 -21 -22 -23 23 -25 -26 -27 -28 -29 -30 -31
leaf_value=-0.036133846097481215 -0.033624524802127471 -0.011623929767085008 0.012981379094278987 -0.010776601563075226 0.110218909183982 0.10169688129077423 -0.013390088195961689 0.11867556510818933 0.11213084897258158 0.061699509998330473 0.16070611465342904 0.084514430267861498 0.17774113516188364 -0.027776210689985838 0.11418643429817631 0.037865769181900308 0.0061088774305953575 0.1598712340787114 -0.0086085618491594466 0.065072973728092121 0.063080139981653238 0.024998952102523439 0.08433795981835697 -0.005496359383623646 0.0082598252880358904 0.0060955838121120806 -0.028964946738883866 0.061029294287470191 0.020976125744884163 0.070499800857129605
leaf_weight=4210 1310 1433 384 662 172 176 346 217 191 247 256 240 176 606 197 160 189 162 2656 290 310 260 196 344 378 1410 3605 214 1640 171
leaf_count=4210 1310 1433 384 662 172 176 346 217 191 247 256 240 176 606 197 160 189 162 2656 290 310 260 196 344 378 1410 3605 214 1640 171
internal_value=0.000654781 0.0194209 0.0360938 -0.0166055 0.000792608 -0.00588356 -0.00297448 0.0451977 0.0225023 0.0691084 0.0857076 0.0672416 0.110037 -0.00841327 0.0167196 0.0181 0.064891 0.0993205 -0.0112879 -0.00134747 0.0110253 0.0634967 -0.00191352 0.0270666 0.0379113 -0.0152562 -0.02198 0.00673815 0.00576642 0.0143113
internal_weight=22808 10928 5766 11880 5162 7670 4990 734 4085 1681 1297 1041 423 7494 1603 3894 511 322 4256 2946 3383 457 1146 540 618 5891 4481 876 3073 517
internal_count=22808 10928 5766 11880 5162 7670 4990 734 4085 1681 1297 1041 423 7494 1603 3894 511 322 4256 2946 3383 457 1146 540 618 5891 4481 876 3073 517
is_linear=0
shrinkage=0.0161


Tree=83
num_leaves=31
num_cat=0
split_feature=156 479 154 598 278 599 498 213 479 155 268 521 455 38 157 537 369 248 361 549 293 170 201 208 546 579 485 344 226 215
split_gain=26570.8 11575 11160.6 11051.9 10661.1 8025.35 8081.75 6933.09 6691.19 5877.88 5700.6 5206.78 6637.67 6123.75 5059.87 4856.09 4774.23 4717.66 4394.98 5491.36 4168.07 4077.81 3742.78 3673.34 3206.91 3205.71 4323.9 3325.08 3132.25 2985.35
threshold=10.500000000000002 61.500000000000007 8.0000000000000018 255.05000305175784 16.500000000000004 215.15000152587893 219.50000000000003 13.500000000000002 13.500000000000002 20.000000000000004 3.5000000000000004 107.50000000000001 43.500000000000007 35.500000000000007 6.5000000000000009 102.50000000000001 24.500000000000004 8.0000000000000018 5.5000000000000009 164.05000305175784 8.0000000000000018 29.500000000000004 4.5000000000000009 24.500000000000004 70.850002288818374 141.55000305175784 185.50000000000003 8.0000000000000018 16.500000000000004 16.500000000000004
decision_type=2 2 2 10 2 10 2 2 2 2 2 2 2 2 2 2 2 2 2 8 2 2 2 2 8 8 2 2 2 2
left_child=2 3 8 4 7 16 -7 17 24 21 -6 12 15 18 -9 -12 28 -2 -13 -20 -18 -10 -16 -19 -1 -24 27 -27 -4 -30
right_child=1 -3 5 -5 10 6 -8 14 9 -11 11 13 -14 -15 22 -17 20 23 19 -21 -22 -23 25 -25 -26 26 -28 -29 29 -31
leaf_value=-0.056125837196733294 -0.02599813804282811 0.12234472820993346 -0.01199456522642404 0.14506179341473233 -0.015943626929719765 0.011975344583521346 0.15951190700362336 -0.012592212251692299 -0.012574846632474252 0.093850159404913008 0.042307598218502551 -0.0095803882979283283 0.17159088838398995 -0.039815702165376977 -0.0041324548022985312 0.14085110892992028 0.091807832937661274 0.0024794487140883019 0.15670761359031177 0.04114038145802338 0.0048127630109099278 0.06863462889647623 0.032512973676441619 0.073745920498751116 -0.025750655306487437 0.076298434320460989 0.029556687615398532 0.17950859658309876 0.0069857493573882426 0.078837679217463097
leaf_weight=1055 1791 300 3492 180 312 221 171 474 1899 166 598 189 184 236 265 166 262 1628 166 300 315 175 446 212 6243 166 186 160 795 185
leaf_count=1055 1791 300 3492 180 312 221 171 474 1899 166 598 189 184 236 265 166 262 1628 166 300 315 175 446 212 6243 166 186 160 795 185
internal_value=0.000452965 0.0242258 -0.012177 0.0203794 0.0173755 0.00621954 0.0763944 0.005157 -0.0226739 0.0016565 0.0476297 0.0584282 0.0847057 0.0304431 0.0320241 0.0637497 0.000766561 -0.00739326 0.0557937 0.0823586 0.0443556 -0.0057112 0.0493354 0.0107034 -0.0301449 0.0641502 0.0916631 0.127026 -0.00485226 0.0205737
internal_weight=22938 7959 14979 7659 7479 5441 392 5328 9538 2240 2151 1839 948 891 1697 764 5049 3631 655 466 577 2074 1223 1840 7298 958 512 326 4472 980
internal_count=22938 7959 14979 7659 7479 5441 392 5328 9538 2240 2151 1839 948 891 1697 764 5049 3631 655 466 577 2074 1223 1840 7298 958 512 326 4472 980
is_linear=0
shrinkage=0.0161


Tree=84
num_leaves=31
num_cat=0
split_feature=336 95 537 599 529 9 37 274 234 56 97 567 535 34 290 540 179 99 442 131 570 16 531 538 84 208 224 359 555 325
split_gain=30016.4 11370.4 10839.2 13360.9 17559.4 8706.42 7385.87 6778.96 6721.54 6306.21 7299.61 6084.12 7661.22 6024.56 5345.66 5969.69 4766.72 4518.25 4189.32 4169.93 5095.99 5480.33 4935 3723.55 3247.6 3182.59 3172.23 3053.35 2704.58 2607.47
threshold=10.500000000000002 8.0000000000000018 122.50000000000001 226.84999847412112 97.500000000000014 10.500000000000002 6.5000000000000009 6.5000000000000009 20.000000000000004 20.000000000000004 20.000000000000004 132.44999694824222 78.500000000000014 29.500000000000004 20.000000000000004 210.94999694824222 13.500000000000002 20.000000000000004 13.500000000000002 3.5000000000000004 179.15000152587893 24.500000000000004 222.50000000000003 42.500000000000007 13.500000000000002 24.500000000000004 6.5000000000000009 29.500000000000004 85.149997711181655 13.500000000000002
decision_type=2 2 2 8 2 2 2 2 2 2 2 8 2 2 2 10 2 2 2 2 10 2 2 2 2 2 2 2 10 2
left_child=2 16 7 19 -5 9 -7 26 17 -3 -11 12 13 -8 15 23 25 -6 29 -4 21 22 -21 -13 -16 -2 -1 -9 -29 -18
right_child=1 5 3 4 8 6 11 27 -10 10 -12 14 -14 -15 24 -17 18 -19 -20 20 -22 -23 -24 -25 -26 -27 -28 28 -30 -31
leaf_value=-0.042646626381890269 -0.016815683965517227 -6.7062123339785662e-06 -0.053333906521446962 0.20738606240491464 -0.0082167069692453739 -0.012380126012691376 0.046669544865352422 -0.011293853592094612 0.10655663945501154 0.019057662684236296 0.147694940015521 0.078669593606713425 0.16508042776581161 0.14210774163124856 0.15111386079225073 0.11167980970326064 -0.013711926123743031 0.083927117271569388 0.08809866982998571 -0.010324925930660808 -0.033243649622219901 0.087278357288646427 0.085527107280073164 -0.0057666908989857137 0.050571712099784241 0.045989200457645783 -0.018558306482428621 -0.0067594480509583117 0.07534917780538182 0.061244574782626224
leaf_weight=3637 2110 1642 495 164 730 343 688 4079 231 318 179 166 294 229 166 179 384 170 259 1029 839 238 161 732 169 232 2329 206 209 175
leaf_count=3637 2110 1642 495 164 730 343 688 4079 231 318 179 166 294 229 166 179 384 170 259 1029 839 238 161 732 169 232 2329 206 209 175
internal_value=0.000610972 0.0251041 -0.0133321 0.00900206 0.0516748 0.0399614 0.0578196 -0.0219969 0.0290752 0.0151878 0.0654351 0.0670083 0.0935029 0.0705287 0.0442686 0.0267675 0.00109442 0.00916209 0.0345599 -0.0109971 -0.00174244 0.0167491 0.00262351 0.00981559 0.100463 -0.0105841 -0.033247 -0.00705654 0.0345349 0.00971178
internal_weight=22782 8265 14517 4057 1295 5105 2966 10460 1131 2139 497 2623 1211 917 1412 1077 3160 900 818 2762 2267 1428 1190 898 335 2342 5966 4494 415 559
internal_count=22782 8265 14517 4057 1295 5105 2966 10460 1131 2139 497 2623 1211 917 1412 1077 3160 900 818 2762 2267 1428 1190 898 335 2342 5966 4494 415 559
is_linear=0
shrinkage=0.0161


Tree=85
num_leaves=31
num_cat=0
split_feature=394 479 538 417 599 59 68 154 283 227 209 482 116 425 489 278 276 510 434 471 224 599 549 217 238 234 168 189 332 309
split_gain=25897.6 12923.2 10358 10109.8 9924.81 8213.07 8203.98 9326.96 5839.18 5177.21 6493.1 5176.03 11229.5 5163.92 4619.25 5113.5 4543.11 4108.53 4506.94 4892.46 3961.42 3632.06 5423.73 3621.54 3575.99 3329.05 3118.92 3067.45 3048.61 2793.64
threshold=10.500000000000002 35.500000000000007 59.500000000000007 35.500000000000007 247.34999847412112 52.000000000000007 16.500000000000004 24.500000000000004 61.500000000000007 10.500000000000002 16.500000000000004 221.50000000000003 16.500000000000004 29.500000000000004 147.50000000000003 13.500000000000002 5.5000000000000009 21.500000000000004 6.5000000000000009 43.500000000000007 4.5000000000000009 192.55000305175784 170.05000305175784 16.500000000000004 13.500000000000002 24.500000000000004 16.500000000000004 35.500000000000007 5.5000000000000009 4.5000000000000009
decision_type=2 2 2 2 10 2 2 2 2 2 2 2 2 2 2 2 2 2 2 2 2 8 8 2 2 2 2 2 2 2
left_child=2 4 16 23 6 8 11 9 17 -8 -11 29 -13 14 15 -9 -1 -4 25 20 26 -22 -23 -3 28 -19 -20 -18 -24 -2
right_child=1 3 5 -5 -6 -7 7 13 -10 10 -12 12 -14 -15 -16 -17 27 18 19 -21 21 22 24 -25 -26 -27 -28 -29 -30 -31
leaf_value=-0.039527755497660556 -0.025649753677574969 0.029896582911680885 0.063963078228756173 0.18538294518777804 0.11843207130593075 0.084645677166360289 -0.0073400922870218198 0.03654687815272184 0.091344805723154732 0.018555727840108911 0.13026911040251921 -0.011057255394747117 0.15412470967997202 0.15126332967261316 -0.012036842808053418 0.14871061287224022 -0.01719459666162804 -0.029738913523117069 -0.045265016692915501 0.077706849766677549 -0.0055133896375922408 0.11888827632067467 0.042748887062598835 0.10496550426570088 0.067615304510227264 0.025897510637378104 0.0294950419990565 0.05242107547900289 -0.034988986819895693 0.0023841487349303887
leaf_weight=3704 1314 560 213 182 233 287 1099 243 165 493 186 283 171 200 178 187 3128 2457 714 218 1628 162 209 238 248 314 181 173 349 3080
leaf_count=3704 1314 560 213 182 233 287 1099 243 165 493 186 283 171 200 178 187 3128 2457 714 218 1628 162 209 238 248 314 181 173 349 3080
internal_value=4.0874e-05 0.0219933 -0.0133725 0.0770517 0.0149526 0.000263446 0.0117062 0.034864 -0.00326443 0.0142358 0.0491923 -0.000641695 0.051107 0.080227 0.0568211 0.0853798 -0.0272843 -0.00560031 -0.00789052 0.00370964 -0.000904465 0.00915873 0.0338589 0.0523151 0.0167394 -0.0234259 -0.0301196 -0.013539 -0.00582993 -0.00599387
internal_weight=22797 8647 14150 980 7667 7145 7434 2586 6858 1778 679 4848 454 808 608 430 7005 6693 6480 3709 3491 2596 968 798 806 2771 895 3301 558 4394
internal_count=22797 8647 14150 980 7667 7145 7434 2586 6858 1778 679 4848 454 808 608 430 7005 6693 6480 3709 3491 2596 968 798 806 2771 895 3301 558 4394
is_linear=0
shrinkage=0.0161


Tree=86
num_leaves=31
num_cat=0
split_feature=275 599 580 396 539 479 118 8 365 343 509 368 155 94 540 108 226 367 544 276 395 368 102 575 490 89 567 297 231 353
split_gain=23551.2 14708.1 16927.8 11909.1 8704.32 8118.58 7744.25 7251.44 6934.5 5815.89 5225.35 6279.27 5191.88 5144.08 4689.43 4436.08 4021.36 3807.97 4711.42 3561.54 3576.42 4249.69 3575.84 3228.26 3472.64 3141.78 3352.47 3064.94 4245.92 3015.26
threshold=5.5000000000000009 226.84999847412112 192.55000305175784 6.5000000000000009 148.50000000000003 35.500000000000007 24.500000000000004 6.5000000000000009 13.500000000000002 52.000000000000007 136.50000000000003 24.500000000000004 35.500000000000007 10.500000000000002 171.05000305175784 10.500000000000002 16.500000000000004 13.500000000000002 143.15000152587893 43.500000000000007 29.500000000000004 8.0000000000000018 8.0000000000000018 152.44999694824222 70.500000000000014 8.0000000000000018 175.25000000000003 16.500000000000004 16.500000000000004 29.500000000000004
decision_type=2 10 8 2 2 2 2 2 2 2 2 2 2 2 10 2 2 2 10 2 2 2 2 8 2 2 8 2 2 2
left_child=4 3 -3 15 27 9 25 -4 -9 10 11 14 23 -7 19 -2 -15 -17 -19 20 29 -22 -23 24 -13 -6 -27 -1 -29 -5
right_child=1 2 7 5 6 13 -8 8 -10 -11 -12 12 -14 16 -16 17 -18 18 -20 -21 21 22 -24 -25 -26 26 -28 28 -30 -31
leaf_value=-0.032709336439829165 -0.023419899991625477 0.18666570293202278 -0.060452171429582278 0.00089960963189882038 -0.026266607310741003 0.0086592785286797244 0.099937919243606801 0.0034949816866169559 0.14713822812365984 0.083990594660064394 -0.0085976045991627958 0.030187879761734836 0.12843585905333837 0.066545445065220588 0.096822452924159794 -0.0075101904314361211 0.15975701605120621 0.012927299844508184 0.11336044302098158 -0.04901206987139585 -0.0010325027954690151 0.030275692793567444 0.13435939084464013 -0.011811939179964065 0.11023072254095426 0.06861341625848448 -0.005174130825939479 -0.019132063898336889 0.058113207367286826 0.057798291423776266
leaf_weight=6062 2979 261 165 2834 652 251 231 192 160 307 2158 409 207 373 163 1248 178 417 171 259 255 162 183 238 215 260 412 983 227 264
leaf_count=6062 2979 261 165 2834 652 251 231 192 160 307 2158 409 207 373 163 1248 178 417 171 259 255 162 183 238 215 260 412 983 227 264
internal_value=-3.46762e-05 0.012913 0.0809535 0.00892242 -0.0206448 0.0204322 0.013919 0.0275407 0.0688542 0.0153217 0.0124491 0.0212066 0.0559822 0.0691755 0.0121778 -0.0112859 0.0967001 0.00838922 0.0421749 0.00868506 0.0127324 0.0487152 0.0855535 0.0385559 0.0578045 -0.00107106 0.0233396 -0.0280389 -0.00462114 0.0057559
internal_weight=22876 14049 778 13271 8827 8456 1555 517 352 7654 7347 5189 1069 802 4120 4815 551 1836 588 3957 3698 600 345 862 624 1324 672 7272 1210 3098
internal_count=22876 14049 778 13271 8827 8456 1555 517 352 7654 7347 5189 1069 802 4120 4815 551 1836 588 3957 3698 600 345 862 624 1324 672 7272 1210 3098
is_linear=0
shrinkage=0.0161


Tree=87
num_leaves=31
num_cat=0
split_feature=157 274 454 395 140 598 536 505 66 542 456 479 114 221 536 113 96 441 430 237 355 350 403 136 410 230 31 427 17 224
split_gain=25118.5 14384.3 9023.86 7869.79 5807.13 5740.11 5708.53 5699.67 6790.57 11096.5 5139.34 4663.92 4596.08 4280.66 5810.37 3718.89 3486.12 3971.08 3683.52 4782.98 3431.55 3627.03 3227.28 3178.15 3176.94 3158.13 3666.95 3112.28 2973.96 2964.27
threshold=8.0000000000000018 10.500000000000002 29.500000000000004 4.5000000000000009 6.5000000000000009 224.44999694824222 259.50000000000006 181.50000000000003 29.500000000000004 95.250000000000014 29.500000000000004 13.500000000000002 16.500000000000004 8.0000000000000018 154.50000000000003 29.500000000000004 13.500000000000002 4.5000000000000009 10.500000000000002 6.5000000000000009 6.5000000000000009 5.5000000000000009 35.500000000000007 16.500000000000004 10.500000000000002 8.0000000000000018 6.5000000000000009 43.500000000000007 13.500000000000002 20.000000000000004
decision_type=2 2 2 2 2 10 2 2 2 10 2 2 2 2 2 2 2 2 2 2 2 2 2 2 2 2 2 2 2 2
left_child=3 12 7 -1 28 11 -7 8 25 -10 23 16 22 -13 20 29 -5 -18 -19 -20 -15 -22 27 24 -6 -3 -27 -2 -4 -14
right_child=1 2 4 5 10 6 -8 -9 9 -11 -12 13 15 14 -16 -17 17 18 19 -21 21 -23 -24 -25 -26 26 -28 -29 -30 -31
leaf_value=-0.032563402541399881 -0.015114218556358302 0.00638681183886572 0.0023959197048349238 -0.02485082290681934 0.14666311369224386 0.12799402775759494 0.0012508234735281807 -0.013617608300668447 0.024012739275739801 0.20065140700433667 0.16615756513038168 -0.0095923914526978293 -0.0011745608133572928 -0.024380769100244625 0.10200029757977599 0.072415039187275348 -0.037790883702364948 -0.0033754548304849698 0.0014066260430819189 0.11009512713576122 -0.018196375738412509 0.074070532277844894 0.043467970425443231 0.019027598710554476 0.052311588019866483 0.093998281910232503 0.024993800773393575 0.051259239763991681 0.086786861223969503 0.062351483789284526
leaf_weight=4562 3531 1022 306 4165 200 160 218 728 213 163 239 1373 933 362 246 338 432 678 205 216 171 310 297 172 174 298 609 193 168 239
leaf_count=4562 3531 1022 306 4165 200 160 218 728 213 163 239 1373 933 362 246 338 432 678 205 216 171 310 297 172 174 298 609 193 168 239
internal_value=-0.000894632 0.0185662 0.0406831 -0.0154913 0.0769263 -0.00636452 0.054961 0.0256307 0.0380369 0.10065 0.103809 -0.00920892 0.00139951 0.00930101 0.0331432 0.0253526 -0.0172137 0.00354745 0.0198183 0.0572267 0.0130218 0.0412199 -0.00758971 0.0764737 0.10283 0.0258202 0.0476916 -0.011668 0.0323563 0.0117599
internal_weight=22921 9823 4292 13098 1259 8536 378 3033 2305 376 785 8158 5531 2462 1089 1510 5696 1531 1099 421 843 481 4021 546 374 1929 907 3724 474 1172
internal_count=22921 9823 4292 13098 1259 8536 378 3033 2305 376 785 8158 5531 2462 1089 1510 5696 1531 1099 421 843 481 4021 546 374 1929 907 3724 474 1172
is_linear=0
shrinkage=0.0161


Tree=88
num_leaves=31
num_cat=0
split_feature=129 395 482 599 336 577 539 359 34 116 456 500 479 500 358 286 418 582 410 402 129 502 217 300 119 538 332 80 422 83
split_gain=22716.7 14003.2 12284.7 8615.71 9050.8 8075.7 8985.25 7150.16 6645.17 6487.86 6401.07 6102 5661.24 5135.52 5416.6 4622.6 4595.48 4338.59 3937.48 3677.27 3391.77 3365.59 4121.47 4333.71 6313.15 3121.81 7474.93 2958.98 3748.8 2866.88
threshold=6.5000000000000009 13.500000000000002 221.50000000000003 233.25000000000003 24.500000000000004 182.25000000000003 178.50000000000003 8.0000000000000018 24.500000000000004 24.500000000000004 35.500000000000007 160.50000000000003 24.500000000000004 98.500000000000014 8.0000000000000018 10.500000000000002 29.500000000000004 103.85000228881837 8.0000000000000018 16.500000000000004 4.5000000000000009 190.50000000000003 5.5000000000000009 16.500000000000004 16.500000000000004 110.50000000000001 4.5000000000000009 24.500000000000004 8.0000000000000018 6.5000000000000009
decision_type=2 2 2 10 2 10 2 2 2 2 2 2 2 2 2 2 2 8 2 2 2 2 2 2 2 2 2 2 2 2
left_child=2 7 12 4 21 6 -4 27 13 15 -10 17 18 14 -6 -9 -17 -11 -1 -14 -7 22 -3 -24 -25 -20 -27 -2 -29 -28
right_child=1 3 5 -5 8 20 -8 9 10 11 -12 -13 19 -15 -16 16 -18 -19 25 -21 -22 -23 23 24 -26 26 29 28 -30 -31
leaf_value=-0.033402300619903104 -0.018631398731887273 -0.0079002186409053189 0.022709471301095685 0.13658377839429031 0.029200121725342646 -0.051100011674183377 0.18721668134410707 -0.0087545246154275749 0.071220618900904545 0.098758385307982574 0.19937289527154614 0.14841855321830255 -0.0039563815703774581 -0.0024153167700738977 0.14191764017998471 0.02004963475861176 0.11138380731848144 -0.0088172303204958058 -0.021528623479417166 0.061578425992512793 0.04434765021618102 -0.019547441439740618 0.022997122435544082 0.040656719986712678 0.16113015938843547 0.084671884328496178 -0.054163805075304113 0.066511740995115684 -0.016159356218997469 0.0090503601285912769
leaf_weight=5516 3301 692 174 219 250 191 171 1532 258 162 167 174 859 359 199 848 172 242 2553 299 195 503 1421 379 161 269 287 258 316 527
leaf_count=5516 3301 692 174 219 250 191 171 1532 258 162 167 174 859 359 199 848 172 242 2553 299 195 503 1421 379 161 269 287 258 316 527
internal_value=0.000475676 0.0161969 -0.0160578 0.037995 0.0330704 0.047711 0.104316 0.00185432 0.0700663 0.0199558 0.121632 0.0686677 -0.0205815 0.042914 0.0792097 0.00891386 0.0354742 0.0342613 -0.0248261 0.0129446 -0.00282066 0.0186091 0.0258524 0.037775 0.0766192 -0.0118091 0.0110815 -0.0127609 0.0209584 -0.0132088
internal_weight=22654 11613 11041 4608 4389 731 345 7005 1233 3130 425 578 10310 808 449 2552 1020 404 9152 1158 386 3156 2653 1961 540 3636 1083 3875 574 814
internal_count=22654 11613 11041 4608 4389 731 345 7005 1233 3130 425 578 10310 808 449 2552 1020 404 9152 1158 386 3156 2653 1961 540 3636 1083 3875 574 814
is_linear=0
shrinkage=0.0161


Tree=89
num_leaves=31
num_cat=0
split_feature=394 359 157 8 283 494 544 516 177 455 276 12 385 45 506 174 359 42 317 487 555 82 599 102 120 460 34 369 532 587
split_gain=24179.1 12281.7 8843.34 8464.77 6884.47 10631.5 6043.72 6484.15 5835.37 5351.74 5958.57 5810.45 4695.74 4572.59 4336.24 4169.01 4617.17 3740.44 3812.09 3367.71 4665.01 3083.28 4381.98 3349.54 3935.52 2951.14 2817.99 2621.95 3059.13 2980.67
threshold=10.500000000000002 35.500000000000007 4.5000000000000009 20.000000000000004 29.500000000000004 149.50000000000003 160.44999694824222 54.500000000000007 52.000000000000007 16.500000000000004 16.500000000000004 24.500000000000004 24.500000000000004 5.5000000000000009 108.50000000000001 13.500000000000002 43.500000000000007 5.5000000000000009 35.500000000000007 193.50000000000003 176.25000000000003 24.500000000000004 197.65000152587893 16.500000000000004 13.500000000000002 6.5000000000000009 29.500000000000004 8.0000000000000018 135.50000000000003 83.450000762939467
decision_type=2 2 2 2 2 2 10 2 2 2 2 2 2 2 2 2 2 2 2 2 10 2 10 2 2 2 2 2 2 10
left_child=2 3 19 8 15 -6 7 -3 13 12 25 14 26 -2 -12 16 -4 -15 -19 -1 -21 22 23 27 -25 -11 -5 -17 29 -29
right_child=1 6 4 9 5 -7 -8 -9 -10 10 11 -13 -14 17 -16 21 -18 18 -20 20 -22 -23 -24 24 -26 -27 -28 28 -30 -31
leaf_value=-0.034049338335603224 -0.020515173278252974 0.11215705214909116 -0.017698715610747547 -0.011680221649466738 0.00041524777632879172 0.12619288429216788 0.14739949795270565 0.0083056411024675526 0.089284556007771895 0.078764682130958927 0.11723512170909427 0.18592743487004282 0.094384869483713316 -0.013684711032500798 0.0076124361385137658 -0.026164729473256987 0.059487762477588683 0.015667063485488873 0.083723915411834951 0.06692825730447706 -0.040750410777217638 -0.030989428291603817 0.088392435540772266 0.011247878327671003 0.1074227369647338 -0.0043227680796696089 0.057119604067585462 0.0015111305435006538 -0.038239600252919219 0.083253227910690619
leaf_weight=4638 1720 271 5772 725 529 260 239 368 202 177 221 162 173 1090 163 646 208 2341 235 211 206 391 208 300 175 295 196 238 171 226
leaf_count=4638 1720 271 5772 725 529 260 239 368 202 177 221 162 173 1090 163 646 208 2341 235 211 206 391 208 300 175 295 196 238 171 226
internal_value=-0.000115697 0.0212195 -0.0130247 0.0147105 -0.0035577 0.0418927 0.0782763 0.0523859 0.00432798 0.0421698 0.0687458 0.104976 0.0174185 0.00113735 0.0707639 -0.00786291 -0.01501 0.0113026 0.0218848 -0.0301075 0.013678 0.0102756 0.0185028 0.0102109 0.0467303 0.0267852 0.00293566 -0.00331223 0.0198991 0.0413759
internal_weight=22757 8578 14179 7700 9124 789 878 639 5588 2112 1018 546 1094 5386 384 8335 5980 3666 2576 5055 417 2355 1964 1756 475 472 921 1281 635 464
internal_count=22757 8578 14179 7700 9124 789 878 639 5588 2112 1018 546 1094 5386 384 8335 5980 3666 2576 5055 417 2355 1964 1756 475 472 921 1281 635 464
is_linear=0
shrinkage=0.0161


Tree=90
num_leaves=31
num_cat=0
split_feature=96 599 274 154 490 237 249 219 105 186 176 92 372 95 373 29 396 33 268 462 130 248 9 280 160 34 87 10 359 414
split_gain=22025.4 11728.8 10696.5 10512.1 6347.95 6272.95 6358.16 5613.08 5167.96 5156.52 6096.15 5122.52 5112.94 6274.5 6957.26 4788.66 4414.89 3728 3861.01 3725.61 3426.65 3341.47 3296.76 3250.72 2809.37 2785.8 2969.74 2778.63 3371.18 2532.99
threshold=20.000000000000004 260.05000305175787 20.000000000000004 8.0000000000000018 204.50000000000003 24.500000000000004 8.0000000000000018 52.000000000000007 20.000000000000004 29.500000000000004 16.500000000000004 10.500000000000002 6.5000000000000009 52.000000000000007 13.500000000000002 10.500000000000002 24.500000000000004 29.500000000000004 8.0000000000000018 8.0000000000000018 8.0000000000000018 24.500000000000004 16.500000000000004 13.500000000000002 35.500000000000007 8.0000000000000018 16.500000000000004 4.5000000000000009 35.500000000000007 5.5000000000000009
decision_type=2 10 2 2 2 2 2 2 2 2 2 2 2 2 2 2 2 2 2 2 2 2 2 2 2 2 2 2 2 2
left_child=1 3 5 7 12 6 -2 15 25 17 -11 -10 22 14 -14 27 -7 20 -19 -17 24 -21 -4 -20 -5 -8 29 -1 -29 -27
right_child=2 -3 4 9 -6 16 8 -9 11 10 -12 -13 13 -15 -16 19 -18 18 23 21 -22 -23 -24 -25 -26 26 -28 28 -30 -31
leaf_value=-0.044147990816082464 -0.02304977262509798 0.10263607131370003 -0.0070674385680792647 -0.019756043744759085 -0.012442429898855937 0.030632915106299657 -0.013115641281160549 0.057585120432300657 0.13604400748424023 0.018257378941138238 0.12414769953923316 0.016033688352705432 0.13511135405657201 0.19823939188378809 0.022744853433490839 -0.02253971941111798 0.13932824856904283 -0.0028182405531043861 0.031675166164186863 0.0013189145853788325 0.010232782308344531 0.070806843867851937 0.085820194559886764 0.12069147525509864 0.041448760026830622 0.060278641371754399 0.090830778278805244 -0.025310799520513835 0.046738611907513328 -0.023100896902478203
leaf_weight=2345 1136 242 206 2927 208 245 615 236 196 557 189 175 317 161 261 2071 161 466 309 1675 2285 201 190 163 208 161 178 4283 175 228
leaf_count=2345 1136 242 206 2927 208 245 615 236 196 557 189 175 317 161 261 2071 161 466 309 1675 2285 201 190 163 208 161 178 4283 175 228
internal_value=-0.000905427 -0.00869747 0.0312758 -0.0101881 0.0692246 0.0148012 0.00588531 -0.0200578 0.0270661 0.00507154 0.0451164 0.0794988 0.0842117 0.109243 0.0844122 -0.0217645 0.0737942 0.00036928 0.0300075 -0.00764918 -0.00475565 0.0087766 0.0374404 0.0624658 -0.0156877 0.0105889 0.0363417 -0.0299506 -0.0224772 0.0113479
internal_weight=22770 18332 4438 18090 1343 3095 2689 10986 1553 7104 746 371 1135 739 578 10750 406 6358 938 3947 5420 1876 396 472 3135 1182 567 6803 4458 389
internal_count=22770 18332 4438 18090 1343 3095 2689 10986 1553 7104 746 371 1135 739 578 10750 406 6358 938 3947 5420 1876 396 472 3135 1182 567 6803 4458 389
is_linear=0
shrinkage=0.0161


Tree=91
num_leaves=31
num_cat=0
split_feature=96 539 214 189 536 228 157 261 186 57 476 427 243 200 190 459 481 306 15 226 142 450 8 196 344 295 597 452 30 29
split_gain=22458.9 11908.3 11264.3 8347.99 6005.67 5717.1 5548.06 7118.63 7178.58 5257.32 5016.16 4866.26 4624.38 4327.85 4258.38 4140.7 9427.99 4068.79 3999.55 3593.99 3545.51 3508.18 3443.29 3438.81 3500.93 3407.82 3581.67 3270.82 4762.35 2954.03
threshold=8.0000000000000018 198.50000000000003 13.500000000000002 8.0000000000000018 35.500000000000007 6.5000000000000009 10.500000000000002 4.5000000000000009 24.500000000000004 24.500000000000004 52.000000000000007 20.000000000000004 10.500000000000002 6.5000000000000009 5.5000000000000009 8.0000000000000018 226.50000000000003 6.5000000000000009 8.0000000000000018 5.5000000000000009 8.0000000000000018 8.0000000000000018 20.000000000000004 8.0000000000000018 24.500000000000004 24.500000000000004 130.34999847412112 29.500000000000004 10.500000000000002 8.0000000000000018
decision_type=2 2 2 2 2 2 2 2 2 2 2 2 2 2 2 2 2 2 2 2 2 2 2 2 2 2 10 2 2 2
left_child=1 4 5 25 -1 23 14 -8 13 11 15 17 -10 -9 -5 -7 20 18 -3 29 -17 -15 -22 -2 -25 26 -4 -21 -29 -6
right_child=2 9 3 6 19 10 7 8 12 -11 -12 -13 -14 21 -16 16 -18 -19 -20 27 22 -23 -24 24 -26 -27 -28 28 -30 -31
leaf_value=-0.034644660605918899 -0.023022690484559301 0.095863422183955049 0.019614282625426596 0.092062066344893931 -0.041640537726496764 -0.0039422166779551149 0.0025487988269680571 0.01708108793300956 0.21944676486401982 0.10401420590255506 0.10653681745189189 0.095874146922398124 0.099873551592957119 0.14294842567735877 0.0080591687851820047 -0.0079776537192014548 0.13748557514190493 -0.032680427440150303 -0.011848724753805866 -0.0049811060696048166 0.020979083021671084 0.060679829350515975 0.093197871724800568 -0.0006958377439572756 0.074065850058646757 0.065984743759725628 -0.035152953328668447 -0.010067251473882162 0.11027459554921504 -0.0061125089267001047
leaf_weight=4560 2125 174 865 201 1321 1636 268 277 162 221 161 167 176 232 709 716 194 437 183 3309 642 323 234 1112 190 239 482 178 163 1125
leaf_count=4560 2125 174 865 201 1321 1636 268 277 162 221 161 167 176 232 709 716 194 437 183 3309 642 323 234 1112 190 239 482 178 163 1125
internal_value=8.07697e-05 -0.0152882 0.0167073 0.0385119 -0.0206676 0.00446727 0.0577894 0.0774854 0.0946302 0.0331884 0.0186892 0.0168762 0.157253 0.0691612 0.0266395 0.0145493 0.0315009 0.000231107 0.0405837 -0.0102084 0.0185709 0.095112 0.0402973 -0.0103952 0.010196 0.00995775 0 -8.21073e-05 0.0473878 -0.0253096
internal_weight=22782 11838 10944 3934 10656 7010 2348 1438 1170 1182 3583 961 338 832 910 3422 1786 794 357 6096 1592 555 876 3427 1302 1586 1347 3650 341 2446
internal_count=22782 11838 10944 3934 10656 7010 2348 1438 1170 1182 3583 961 338 832 910 3422 1786 794 357 6096 1592 555 876 3427 1302 1586 1347 3650 341 2446
is_linear=0
shrinkage=0.0161


Tree=92
num_leaves=31
num_cat=0
split_feature=275 69 393 176 479 536 598 397 456 390 469 55 404 91 298 152 419 384 294 16 131 246 509 455 390 54 166 599 535 121
split_gain=21178.1 12244.3 9625.29 6538.54 6428.75 6347.65 5590.7 5396.2 5360.43 5233.32 4383.71 4136.01 4121.15 4976.33 3752.72 3602.86 3583.92 3482.43 3630.09 3558.74 3722.81 3371.49 3218.02 3059.52 3538.21 3856.08 2754.57 2809.08 2733.14 2664.26
threshold=5.5000000000000009 6.5000000000000009 24.500000000000004 52.000000000000007 24.500000000000004 204.50000000000003 133.65000152587893 5.5000000000000009 35.500000000000007 52.000000000000007 29.500000000000004 4.5000000000000009 24.500000000000004 6.5000000000000009 24.500000000000004 24.500000000000004 8.0000000000000018 43.500000000000007 43.500000000000007 24.500000000000004 6.5000000000000009 10.500000000000002 126.50000000000001 16.500000000000004 4.5000000000000009 6.5000000000000009 16.500000000000004 128.94999694824222 91.500000000000014 5.5000000000000009
decision_type=2 2 2 2 2 2 10 2 2 2 2 2 2 2 2 2 2 2 2 2 2 2 2 2 2 2 2 8 2 2
left_child=9 4 3 7 17 8 -6 26 10 11 -4 -1 15 -14 -13 23 -17 18 19 -2 -21 -16 -15 -9 25 -25 -3 -28 -18 -26
right_child=1 2 5 -5 6 -7 -8 12 -10 -11 -12 14 13 22 21 16 28 -19 -20 20 -22 -23 -24 24 29 -27 27 -29 -30 -31
leaf_value=-0.037456419795578046 -0.026749386998371143 -0.020341277898925231 0.019928514892779747 0.091845211556987549 0.0036936088951057687 0.1243152502633461 0.096999143322086076 -0.0038664273729763399 0.11588678002580455 0.06267799921976383 0.10376590139598893 -0.017245851003420579 0.11302015887721829 0.058630751456021375 -0.0024784393170296059 0.0010536728998900384 0.04005134000886848 0.049054412221062368 0.052744699660088191 -0.024400503732428025 0.061063865916827061 0.083513318787683505 -0.030802698280881044 0.01113264252462264 -0.024401983967882072 0.10922017083247472 -0.020671271177307264 0.062291786722384654 0.13357331412132661 0.028250184322696489
leaf_weight=2665 3432 1508 1165 281 458 303 262 1945 229 199 188 5366 264 274 329 200 160 214 182 265 263 184 168 186 363 237 188 241 166 792
leaf_count=2665 3432 1508 1165 281 458 303 262 1945 229 199 188 5366 264 274 329 200 160 214 182 265 263 184 168 186 363 237 188 241 166 792
internal_value=0.000729845 0.0130553 0.0244807 0.0157501 -0.00687814 0.0567644 0.0376791 0.0125513 0.0438115 -0.018911 0.0315952 -0.020814 0.0217803 0.0576874 -0.0132659 0.0155136 0.0548274 -0.0142484 -0.0175247 -0.0207602 0.0181252 0.0283187 0.0245847 0.00963721 0.0262963 0.0661451 -0.0100922 0.0258802 0.0877452 0.011682
internal_weight=22677 13934 8858 6973 5076 1885 720 6692 1582 8743 1353 8544 4755 706 5879 4049 526 4356 4142 3960 528 513 442 3523 1578 423 1937 429 326 1155
internal_count=22677 13934 8858 6973 5076 1885 720 6692 1582 8743 1353 8544 4755 706 5879 4049 526 4356 4142 3960 528 513 442 3523 1578 423 1937 429 326 1155
is_linear=0
shrinkage=0.0161


Tree=93
num_leaves=31
num_cat=0
split_feature=215 599 589 97 188 237 168 587 239 188 54 283 199 538 438 79 512 155 113 214 154 9 426 42 308 514 153 262 539 346
split_gain=18786.3 11993.6 15280 8727.59 7260.62 8219.88 6642.3 7060.97 6156.33 5640.55 4396.31 4169.18 4047.94 4163.64 6604.37 3828.39 3645.3 3599.04 3570.7 3474.85 3186.68 3144.98 2992.08 2903.47 3086.14 2874.4 2651.32 2988.39 3413.8 2802.49
threshold=16.500000000000004 226.84999847412112 177.15000152587893 5.5000000000000009 5.5000000000000009 43.500000000000007 20.000000000000004 207.44999694824222 35.500000000000007 10.500000000000002 20.000000000000004 10.500000000000002 6.5000000000000009 115.50000000000001 20.000000000000004 20.000000000000004 107.50000000000001 43.500000000000007 3.5000000000000004 10.500000000000002 3.5000000000000004 16.500000000000004 10.500000000000002 16.500000000000004 16.500000000000004 120.50000000000001 24.500000000000004 5.5000000000000009 117.50000000000001 10.500000000000002
decision_type=2 10 8 2 2 2 2 8 2 2 2 2 2 2 2 2 2 2 2 2 2 2 2 2 2 2 2 2 2 2
left_child=1 3 -3 12 18 6 8 25 16 10 20 -4 -1 -14 -15 -12 17 19 -2 -6 -5 -20 -18 24 -24 -8 29 -28 -29 -11
right_child=4 2 11 9 5 -7 7 -9 -10 26 15 -13 13 14 -16 -17 22 -19 21 -21 -22 -23 23 -25 -26 -27 27 28 -30 -31
leaf_value=-0.035475246199117599 -0.068559759898626407 0.19211291352081175 -0.029358415666134782 -0.036761031674282088 -0.016472397653929015 0.13810024978223151 0.070990754611674603 0.14563935198004085 0.095924680974901491 -0.0032456625375050945 0.0023245311305896054 0.0591145770062282 -0.023172171134590164 -0.010423511107099909 0.085784168019048604 0.070059133671055998 -0.039013519304751644 0.08637087081865745 -0.009120269966365481 0.040496655399550871 -0.0090039302848366736 0.067155562871125327 0.035058322903404125 0.070385857470210089 -0.056373787186269418 -0.0067370069755670328 -0.0090329711956289686 0.029454153489934923 0.12786629844105624 0.029608199961914966
leaf_weight=4023 208 165 272 1447 457 203 317 246 256 1775 1017 280 2025 606 266 275 487 242 736 705 4153 173 198 173 185 201 163 205 166 1083
leaf_count=4023 208 165 272 1447 457 203 317 246 256 1775 1017 280 2025 606 266 275 487 242 736 705 4153 173 198 173 185 201 163 205 166 1083
internal_value=-0.000784415 -0.00835388 0.0561579 -0.0110439 0.0275483 0.0384884 0.0326491 0.0745775 0.0207894 -0.00163487 -0.0100018 0.0154766 -0.0250234 -0.0105011 0.0188973 0.0167599 0.0129193 0.0298604 -0.00837514 0.0180712 -0.0161804 0.00537058 -0.0098628 0.015628 -0.00904456 0.0407845 0.0153585 0.0482988 0.0735511 0.00919562
internal_weight=22708 17921 717 17204 4787 3670 3467 764 2703 10284 6892 552 6920 2897 872 1292 2447 1404 1117 1162 5600 909 1043 556 383 518 3392 534 371 2858
internal_count=22708 17921 717 17204 4787 3670 3467 764 2703 10284 6892 552 6920 2897 872 1292 2447 1404 1117 1162 5600 909 1043 556 383 518 3392 534 371 2858
is_linear=0
shrinkage=0.0161


Tree=94
num_leaves=31
num_cat=0
split_feature=335 9 538 359 96 219 308 42 118 511 505 26 104 533 411 131 34 179 200 377 431 69 486 139 463 87 116 145 183 582
split_gain=22107 10225 8986.8 7872.96 7548.44 8194.34 7625.83 7758.27 6303.71 5872.15 6030.13 5687.31 5486.01 5208.71 10315.9 5325.32 4190.87 4128.95 5265.23 4119.58 3995.66 3960.21 3860.67 3539.71 3522.76 4092.9 3473.82 3360.39 4646.87 2923.98
threshold=8.0000000000000018 4.5000000000000009 107.50000000000001 43.500000000000007 13.500000000000002 16.500000000000004 10.500000000000002 24.500000000000004 16.500000000000004 113.50000000000001 30.500000000000004 13.500000000000002 6.5000000000000009 120.50000000000001 6.5000000000000009 8.0000000000000018 24.500000000000004 16.500000000000004 13.500000000000002 10.500000000000002 6.5000000000000009 6.5000000000000009 104.50000000000001 24.500000000000004 20.000000000000004 6.5000000000000009 13.500000000000002 16.500000000000004 10.500000000000002 184.15000152587893
decision_type=2 2 2 2 2 2 2 2 2 2 2 2 2 2 2 2 2 2 2 2 2 2 2 2 2 2 2 2 2 8
left_child=2 23 21 12 17 9 29 8 22 10 -6 16 -4 14 -14 -16 -12 -3 -19 -20 -13 -1 -8 -2 -15 -26 -23 -11 -29 -7
right_child=1 4 3 -5 5 6 7 -9 -10 27 11 20 13 24 15 -17 -18 18 19 -21 -22 26 -24 -25 25 -27 -28 28 -30 -31
leaf_value=-0.032416042599519967 -0.0239280358087849 -0.00097645808550622811 -0.022297355508319038 0.098320298444231319 0.010718131803361371 -0.0078753536611778242 0.0797187801811855 0.18755713782399591 0.14695182815916297 -0.016325142705068053 0.015516991081832507 0.050190531493506232 -0.016938582793267178 -0.013627290217338746 0.053844656069853065 0.18445628873347253 0.10435876774699655 0.0090501753724288245 0.1416840724003923 0.032394698011246691 0.14994819814325397 -0.020508618890236256 -0.023562010167926941 0.044316730589956194 0.095035415240074667 0.004511038125290869 0.012912117328942003 0.10023146795921418 -0.019550881856495162 0.075844840614331874
leaf_weight=4813 1624 2720 1587 227 825 293 222 216 204 925 517 167 263 1164 164 161 188 617 178 181 280 2686 162 224 195 387 1151 176 160 171
leaf_count=4813 1624 2720 1587 227 825 293 222 216 204 925 517 167 263 1164 164 161 188 617 178 181 280 2686 162 224 195 387 1151 176 160 171
internal_value=0.000689006 0.0185612 -0.0133438 0.00613428 0.0262707 0.0402606 0.0749657 0.104968 0.0745896 0.0266627 0.0439786 0.0677775 0.000791315 0.0165005 0.0579475 0.11862 0.0392415 0.00920853 0.037617 0.0866483 0.112731 -0.022687 0.0360859 -0.0156432 0.00252893 0.0348818 -0.0104771 -0.000466423 0.0431222 0.0229277
internal_weight=22848 10050 12798 4148 8202 4506 1268 804 588 3238 1977 1152 3921 2334 588 325 705 3696 976 359 447 8650 384 1848 1746 582 3837 1261 336 464
internal_count=22848 10050 12798 4148 8202 4506 1268 804 588 3238 1977 1152 3921 2334 588 325 705 3696 976 359 447 8650 384 1848 1746 582 3837 1261 336 464
is_linear=0
shrinkage=0.0161


Tree=95
num_leaves=31
num_cat=0
split_feature=156 598 129 454 477 200 538 55 578 376 239 228 191 332 545 281 571 189 174 516 130 95 491 242 243 254 176 214 563 86
split_gain=20335.4 12699.9 10973.9 11204.2 7415.37 7409.84 6689.52 7345.48 6464 6751.76 5426.73 5222.51 7888.6 4275.2 4031.62 3734.11 3681.74 4144.89 3548.35 3435.96 3508.54 3532.71 3268.98 4422.65 3209.5 2954.57 2886.48 2840.56 2672.67 2830.42
threshold=5.5000000000000009 255.05000305175784 8.0000000000000018 29.500000000000004 61.500000000000007 10.500000000000002 109.50000000000001 43.500000000000007 92.149997711181655 8.0000000000000018 29.500000000000004 10.500000000000002 13.500000000000002 16.500000000000004 186.44999694824222 13.500000000000002 185.15000152587893 8.0000000000000018 4.5000000000000009 248.50000000000003 13.500000000000002 5.5000000000000009 198.50000000000003 5.5000000000000009 43.500000000000007 29.500000000000004 35.500000000000007 13.500000000000002 156.94999694824222 16.500000000000004
decision_type=2 10 2 2 2 2 2 2 10 2 2 2 2 2 8 2 8 2 2 2 2 2 2 2 2 2 2 2 8 2
left_child=10 2 6 4 19 14 -2 8 9 -8 18 -7 -13 -12 15 -5 17 -10 -1 20 21 -4 24 -24 27 -23 28 -20 29 -22
right_child=1 -3 3 5 -6 11 7 -9 16 -11 13 12 -14 -15 -16 -17 -18 -19 22 -21 26 25 23 -25 -26 -27 -28 -29 -30 -31
leaf_value=-0.035701102974812826 -0.01794274276252409 0.11631344957933562 -0.028368551495998155 0.024834886381818119 0.11757406747552394 0.054710649215874568 0.0064607472898095116 0.11943777311544068 -0.0018639124499810296 0.13447548586810179 -0.00085626151340317076 0.074872600736081277 0.2324288477948917 0.096960359878787789 -0.026435578422516808 0.11655115936019526 -0.03473253373563788 0.078089568994506489 -0.026101170302363273 -0.035050268531575196 0.023316903214438443 0.019398815304771125 0.092925441251592147 -0.0059894707493004908 0.051576410546346069 -0.045396290705138446 0.090286418011942079 0.0092933462333889237 0.0014660948561669113 0.077720860065775221
leaf_weight=3093 3990 298 719 335 174 262 237 166 910 195 349 171 160 173 216 176 676 206 3963 393 851 1866 164 409 164 202 186 689 818 351
leaf_count=3093 3990 298 719 335 174 262 237 166 910 195 349 171 160 173 216 176 676 206 3963 393 851 1866 164 409 164 202 186 689 818 351
internal_value=-9.13193e-05 0.0123638 0.0100259 0.0241307 0.0141145 0.0663025 -0.00518069 0.0161152 0.00839254 0.0642997 -0.0188485 0.108555 0.151104 0.0315168 0.0318055 0.0564701 -0.00507193 0.0128734 -0.0219509 0.0107678 0.0143788 0.00236242 -0.0140546 0.0222802 -0.0183825 0.0130583 0.0295493 -0.0208539 0.0239451 0.0392232
internal_weight=22562 13558 13260 6880 5560 1320 6380 2390 2224 432 9004 593 331 522 727 511 1792 1116 8482 5386 4993 2787 5389 573 4816 2068 2206 4652 2020 1202
internal_count=22562 13558 13260 6880 5560 1320 6380 2390 2224 432 9004 593 331 522 727 511 1792 1116 8482 5386 4993 2787 5389 573 4816 2068 2206 4652 2020 1202
is_linear=0
shrinkage=0.0161


Tree=96
num_leaves=31
num_cat=0
split_feature=395 276 368 261 357 567 335 192 4 58 344 108 560 119 427 543 476 139 582 217 456 543 215 473 22 358 373 163 105 356
split_gain=19307.2 8963.3 8594.04 7607.24 7936.31 6094 6207.64 6944.22 5973.25 5901.69 5695.89 5376.8 4740.45 4871.34 4300.34 6023.11 4120.93 3758.14 3595.87 3744.45 3463.49 3157.14 3078.83 2707.94 2621.93 3107.9 2475.43 2452.53 2310.74 2272.73
threshold=6.5000000000000009 6.5000000000000009 6.5000000000000009 6.5000000000000009 35.500000000000007 144.05000305175784 20.000000000000004 16.500000000000004 13.500000000000002 52.000000000000007 29.500000000000004 10.500000000000002 221.94999694824222 20.000000000000004 20.000000000000004 129.65000152587893 29.500000000000004 5.5000000000000009 107.54999923706056 16.500000000000004 16.500000000000004 220.15000152587893 16.500000000000004 16.500000000000004 29.500000000000004 3.5000000000000004 52.000000000000007 8.0000000000000018 24.500000000000004 29.500000000000004
decision_type=2 2 2 2 2 10 2 2 2 2 2 2 8 2 2 10 2 2 8 2 2 8 2 2 2 2 2 2 2 2
left_child=9 12 17 16 5 6 24 20 -6 11 23 26 -2 -14 -13 -16 18 -3 19 -4 -8 -19 -23 -7 25 -5 29 -22 -20 -1
right_child=1 2 3 4 8 10 7 -9 -10 -11 -12 14 13 -15 15 -17 -18 21 28 -21 27 22 -24 -25 -26 -27 -28 -29 -30 -31
leaf_value=-0.032227758204466099 -0.016768522691514246 -0.027043678297658073 0.0064304416423010278 0.10584917540666706 0.19037357181387982 -0.022692654712125115 0.020038023593125349 0.16323501248603023 0.056967215403211424 0.051801047736444117 0.099097345598314762 -0.010480067904156972 0.0062656655200794701 0.099698245505560085 -0.0040251997246632349 0.11175368492931646 0.067393982328929597 -0.00032027839701197393 -0.025118710036840776 0.083651897634653402 0.052485022962268028 0.016310558871803982 0.10549674129752716 0.034975556552597174 -0.017702938662460407 0.029605052287207851 0.031299347813769772 0.13876635368670556 0.038179238158242292 0.0068786160810346596
leaf_weight=5916 3088 981 578 171 167 670 290 238 183 312 160 3120 708 182 300 190 285 1235 1017 227 172 263 163 308 222 741 177 172 175 411
leaf_count=5916 3088 981 578 171 167 670 290 238 183 312 160 3120 708 182 300 190 285 1235 1017 227 172 263 163 308 222 741 177 172 175 411
internal_value=-0.000997243 0.0125825 0.0219945 0.0329967 0.0479307 0.0398236 0.0567088 0.0890216 0.120688 -0.0171452 0.0100386 -0.0192744 -0.00732855 0.0253985 -0.0035103 0.0408206 0.0101208 -0.00205004 0.00193538 0.0282352 0.0611251 0.0126972 0.050491 -0.00450723 0.0318408 0.0439266 -0.0280205 0.0956941 -0.0158061 -0.0296837
internal_weight=22822 12396 8418 5776 3494 3144 2006 872 350 10426 1138 10114 3978 890 3610 490 2282 2642 1997 805 634 1661 426 978 1134 912 6504 344 1192 6327
internal_count=22822 12396 8418 5776 3494 3144 2006 872 350 10426 1138 10114 3978 890 3610 490 2282 2642 1997 805 634 1661 426 978 1134 912 6504 344 1192 6327
is_linear=0
shrinkage=0.0161


Tree=97
num_leaves=31
num_cat=0
split_feature=396 155 479 599 580 390 599 389 187 252 237 550 429 503 108 395 185 292 311 518 396 96 263 19 174 441 173 136 287 41
split_gain=21436.8 10793.4 9482.88 8501.2 12472.7 9423.99 7388.49 7115.73 6565.36 6485.95 4744.37 4332.97 4247.37 4194.24 4136.95 4002.92 5089.42 3993.49 4627.69 3942.52 6657.64 4007.03 3411.22 3119.57 3122.87 3209.69 3028.1 2870.44 2833.7 4243.37
threshold=6.5000000000000009 4.5000000000000009 61.500000000000007 226.84999847412112 195.05000305175784 10.500000000000002 235.84999847412112 35.500000000000007 10.500000000000002 24.500000000000004 6.5000000000000009 218.75000000000003 3.5000000000000004 118.50000000000001 16.500000000000004 35.500000000000007 8.0000000000000018 13.500000000000002 10.500000000000002 87.500000000000014 20.000000000000004 29.500000000000004 6.5000000000000009 10.500000000000002 10.500000000000002 10.500000000000002 5.5000000000000009 6.5000000000000009 16.500000000000004 5.5000000000000009
decision_type=2 2 2 10 8 2 10 2 2 2 2 8 2 2 2 2 2 2 2 2 2 2 2 2 2 2 2 2 2 2
left_child=6 17 3 8 -5 -6 7 10 12 19 -1 -11 -3 -4 27 22 -17 -2 -19 20 -10 -22 -14 -21 25 -25 -12 -9 -28 -30
right_child=1 2 13 4 5 -7 -8 14 9 11 26 -13 15 -15 -16 16 -18 18 -20 23 21 -23 -24 24 -26 -27 28 -29 29 -31
leaf_value=-0.031850932078569809 -0.024371273166887863 -0.033265194683148445 0.16310207573331117 0.18529774167233648 0.10896688979346116 -0.055090094533584107 0.069467781407741944 -0.036890166395326419 0.01612714918272027 0.054495745429335975 -0.025683101620846981 0.15261214224682138 -0.013392949536536492 0.049054238913950249 0.10121314154619732 0.0081916144942645007 0.10747335910697245 -0.014988589124658457 0.066663836041451763 -0.018975642744532159 0.053709866405631329 0.14296684891548544 0.017600606369671326 0.012783680930034161 -0.0097083527902351099 0.101225602558759 -0.0075722382288055477 0.044919380805602149 -0.037392781665819434 0.057723167346153466
leaf_weight=5387 2055 682 171 194 178 185 254 200 1047 429 1688 161 1637 165 173 314 234 428 310 749 386 198 2102 218 331 209 1891 250 166 452
leaf_count=5387 2055 682 171 194 178 185 254 200 1047 429 1688 161 1637 165 173 314 234 428 310 749 386 198 2102 218 331 209 1891 250 166 452
internal_value=0.000681991 0.0150178 0.0231305 0.0200768 0.0810632 0.0252917 -0.0162855 -0.0184218 0.0161682 0.0323189 -0.0218506 0.0813098 0.00404634 0.107166 0.0342884 0.00998756 0.0506286 -0.0128293 0.019278 0.0231002 0.0404486 0.084012 0.00402479 0.00430872 0.0273477 0.0561277 -0.0090093 0.00850728 0.00219908 0.0321361
internal_weight=22844 12383 9590 9254 557 363 10461 10207 8697 3728 9584 590 4969 336 623 4287 548 2793 738 3138 1631 584 3739 1507 758 427 4197 450 2509 618
internal_count=22844 12383 9590 9254 557 363 10461 10207 8697 3728 9584 590 4969 336 623 4287 548 2793 738 3138 1631 584 3739 1507 758 427 4197 450 2509 618
is_linear=0
shrinkage=0.0161


Tree=98
num_leaves=31
num_cat=0
split_feature=275 157 393 58 294 130 599 252 201 158 224 474 404 310 365 31 479 158 276 291 556 8 127 486 99 302 29 154 271 575
split_gain=21743.3 12277.7 9148.12 7779.14 6677.48 7983.76 6642.8 6420.05 5550.75 5160.5 5063.96 4547.92 4090.6 5178.09 3908.52 3889.49 3857.75 3752.71 3210.8 3068.38 2968.66 2781.83 3402.96 2612.73 4457.77 3704.49 3369.73 3364.37 2377.84 2322.11
threshold=5.5000000000000009 5.5000000000000009 24.500000000000004 52.000000000000007 35.500000000000007 10.500000000000002 226.84999847412112 29.500000000000004 3.5000000000000004 5.5000000000000009 6.5000000000000009 4.5000000000000009 24.500000000000004 16.500000000000004 10.500000000000002 29.500000000000004 43.500000000000007 20.000000000000004 24.500000000000004 35.500000000000007 160.44999694824222 24.500000000000004 13.500000000000002 182.50000000000003 35.500000000000007 8.0000000000000018 4.5000000000000009 8.0000000000000018 20.000000000000004 104.35000228881837
decision_type=2 2 2 2 2 2 10 2 2 2 2 2 2 2 2 2 2 2 2 2 10 2 2 2 2 2 2 2 2 10
left_child=3 6 4 10 9 -6 18 8 -4 20 21 -10 23 14 -14 19 17 -13 -2 -12 28 -1 -23 24 27 -26 -25 -11 -3 -29
right_child=1 2 7 -5 5 -7 -8 -9 11 12 15 16 13 -15 -16 -17 -18 -19 -20 -21 -22 22 -24 26 25 -27 -28 29 -30 -31
leaf_value=-0.035787161146097791 -0.015430340296658527 -0.010506792727557444 -0.028719377973003894 0.074888129636217063 0.1326729452971919 0.0096306230087746646 0.089146822726416775 0.13335887260770329 0.1091860744879454 -0.0026931757069633341 -0.016014607681302702 0.0098013947656476526 -0.017920647421076699 0.10518415125117252 0.070071155232405757 0.04736409211898706 0.11307574334703759 0.077302079568702289 0.055338532138031533 0.049116669752731747 -0.054216659130623464 -0.034148901769746193 0.060175635946798575 0.053750510420484385 0.02026988281512784 0.12856065594085012 -0.026485725296506068 0.047093955158186929 0.046487872577322724 0.0059036449234529248
leaf_weight=4493 4141 1271 237 223 267 281 173 235 318 1589 3202 744 290 304 238 310 165 300 173 199 348 219 181 167 160 169 721 907 223 585
leaf_count=4493 4141 1271 237 223 267 281 173 235 318 1589 3202 744 290 304 238 310 165 300 173 199 348 219 181 167 160 169 721 907 223 585
internal_value=0.000818904 0.0132925 0.0236424 -0.0189706 0.0155005 0.069623 -0.00865924 0.0542596 0.0437087 0.0112431 -0.0214059 0.0549654 0.0195448 0.0522307 0.0216977 -0.00721493 0.0406844 0.0292207 -0.0125869 -0.0121967 -0.0118647 -0.032164 0.00847411 0.0132121 0.0196204 0.075968 -0.0113697 0.0135957 -0.0019838 0.0309594
internal_weight=22833 14006 9519 8827 7520 548 4487 1999 1764 6972 8604 1527 5130 832 528 3711 1209 1044 4314 3401 1842 4893 400 4298 3410 329 888 3081 1494 1492
internal_count=22833 14006 9519 8827 7520 548 4487 1999 1764 6972 8604 1527 5130 832 528 3711 1209 1044 4314 3401 1842 4893 400 4298 3410 329 888 3081 1494 1492
is_linear=0
shrinkage=0.0161


Tree=99
num_leaves=31
num_cat=0
split_feature=129 335 8 277 53 482 587 566 599 179 0 596 21 571 169 116 515 534 114 151 340 159 587 36 297 57 302 278 538 215
split_gain=18904.8 12847.4 8337.76 8656.75 8478.88 8029.79 14434.4 6375.42 5808.04 5418.44 4828.24 4809.47 7103.34 4473.34 4268.29 6753.11 4481.97 5045.01 4196.32 5958.31 4469.75 5633.74 3526.32 3059.82 2506.59 2415.19 2237.92 3313.08 5984.83 2059.2
threshold=6.5000000000000009 10.500000000000002 24.500000000000004 24.500000000000004 16.500000000000004 221.50000000000003 134.44999694824222 137.05000305175784 226.84999847412112 10.500000000000002 13.500000000000002 171.05000305175784 10.500000000000002 196.25000000000003 24.500000000000004 20.000000000000004 123.50000000000001 118.50000000000001 16.500000000000004 24.500000000000004 16.500000000000004 13.500000000000002 127.25000000000001 3.5000000000000004 43.500000000000007 35.500000000000007 10.500000000000002 13.500000000000002 96.500000000000014 29.500000000000004
decision_type=2 2 2 2 2 2 10 8 10 2 2 10 2 8 2 2 2 2 2 2 2 2 8 2 2 2 2 2 2 2
left_child=5 18 8 4 29 9 -7 -5 14 23 -6 24 -13 -8 16 22 17 -3 25 20 -20 -22 -16 -1 -11 -2 -25 -28 -29 -4
right_child=1 2 3 7 10 6 13 -9 -10 11 -12 12 -14 -15 15 -17 -18 -19 19 -21 21 -23 -24 26 -26 -27 27 28 -30 -31
leaf_value=-0.04265659397624634 -0.011923616884102518 0.010275028505052051 -0.00063084427483537612 0.20679187999896401 0.053108512181185848 0.15709879932120879 0.054357767124026013 0.072088566995215222 0.096915841356884122 -0.011686323490711858 0.16870547920520301 -0.010797201349224165 0.13206601129420223 -0.040736851291013634 0.073212191532295273 0.14295628404938793 -0.019772766718995981 0.080153419938065337 -0.0083541467439853002 0.096724063533956656 0.1181427178956443 -0.0085127755379243615 -0.02210336202443133 -0.026310030488331967 0.053373054321541394 0.034928410916079448 -0.016543399243915832 -0.016645285128578626 0.11258301736894012 0.059329172776468764
leaf_weight=2046 4348 1677 619 165 206 191 204 205 239 2609 173 197 166 345 181 163 1039 319 1040 232 189 175 226 3669 163 305 1192 219 161 195
leaf_count=2046 4348 1677 619 165 206 191 204 205 239 2609 173 197 166 345 181 163 1039 319 1040 232 189 175 226 3669 163 305 1192 219 161 195
internal_value=0.000292063 0.0145966 0.0327949 0.0641552 0.0430248 -0.0146948 0.0365414 0.132223 0.0200375 -0.018335 0.105937 -0.000628505 0.0544693 -0.00535827 0.0149342 0.0553648 0.0073332 0.0214548 -0.00104568 0.0211292 0.00862098 0.057186 0.0202273 -0.0259494 -0.00785219 -0.00884745 -0.0194227 -0.00333281 0.0380448 0.0137041
internal_weight=22858 11696 5407 1563 1193 11162 740 370 3844 10422 379 3135 363 549 3605 570 3035 1996 6289 1636 1404 364 407 7287 2772 4653 5241 1572 380 814
internal_count=22858 11696 5407 1563 1193 11162 740 370 3844 10422 379 3135 363 549 3605 570 3035 1996 6289 1636 1404 364 407 7287 2772 4653 5241 1572 380 814
is_linear=0
shrinkage=0.0161


Tree=100
num_leaves=31
num_cat=0
split_feature=276 394 479 478 492 201 332 169 118 239 283 94 599 546 538 9 395 539 385 290 309 519 84 293 599 186 467 84 22 201
split_gain=19668.2 12072 9224.44 7923.65 9787.89 6843.82 6524.43 6261.34 5924.85 5723.23 4896.35 4724.46 4592.79 4823.4 4165.2 5227.82 4146.48 4027.42 4025.28 7276.62 3971.29 3573.42 3488.14 3376.55 3317.4 3226.44 2900.07 2581.32 2579.63 3232.34
threshold=6.5000000000000009 10.500000000000002 61.500000000000007 16.500000000000004 207.50000000000003 3.5000000000000004 73.500000000000014 24.500000000000004 20.000000000000004 8.0000000000000018 35.500000000000007 13.500000000000002 235.84999847412112 160.44999694824222 162.50000000000003 20.000000000000004 29.500000000000004 185.50000000000003 20.000000000000004 8.0000000000000018 29.500000000000004 77.500000000000014 13.500000000000002 5.5000000000000009 216.75000000000003 8.0000000000000018 35.500000000000007 8.0000000000000018 35.500000000000007 6.5000000000000009
decision_type=2 2 2 2 2 2 2 2 2 2 2 2 10 8 2 2 2 2 2 2 2 2 2 2 10 2 2 2 2 2
left_child=3 9 5 23 17 21 7 12 11 26 18 -9 13 14 15 -7 27 -5 28 -20 25 -3 -13 -1 -25 -15 -2 -17 29 -11
right_child=1 2 -4 4 -6 6 -8 8 -10 10 -12 22 -14 20 -16 16 -18 -19 19 -21 -22 -23 -24 24 -26 -27 -28 -29 -30 -31
leaf_value=-0.033214460762163896 -0.016958450566376331 0.017300942420215022 0.12879657078914442 -0.0071651761508015385 0.10870693392298551 0.0091454361142518197 0.13498976979244467 -0.0063920870008884632 0.15278247868158054 -0.015787457604686063 0.092865601406809967 0.13984645125698558 0.099596113312835272 -0.046807604149871299 0.10817869676766298 0.084416241042968201 0.12985864881954937 0.069237070683718496 -0.015974146604119947 0.10735415476474305 0.054370001515807384 -0.051609594329496564 0.034435469554488049 -0.015829387942312673 0.049186089746492516 0.0065810565862936769 0.039277549239594763 0.0017278419552472723 -0.060521916565505186 0.02758162214322938
leaf_weight=3865 3462 399 245 1848 241 1278 164 239 186 863 208 165 192 507 182 174 187 198 224 277 252 381 162 4458 213 695 255 225 162 920
leaf_count=3865 3462 399 245 1848 241 1278 164 239 186 863 208 165 192 507 182 174 187 198 224 277 252 381 162 4458 213 695 255 225 162 920
internal_value=0.000790417 0.0149818 0.0321525 -0.0149473 0.0116598 0.0277536 0.0352206 0.0315334 0.0738917 -0.000196192 0.0178588 0.0479249 0.0228994 0.0186853 0.0346194 0.0274245 0.0672489 0.000217086 0.0114709 0.0521664 -0.00372029 -0.016329 0.0876965 -0.0220788 -0.0128596 -0.0159185 -0.0130941 0.0378464 0.000976294 0.00657711
internal_weight=22827 12004 5633 10823 2287 5388 4608 4444 752 6371 2654 566 3692 3500 2046 1864 586 2046 2446 501 1454 780 327 8536 4671 1202 3717 399 1945 1783
internal_count=22827 12004 5633 10823 2287 5388 4608 4444 752 6371 2654 566 3692 3500 2046 1864 586 2046 2446 501 1454 780 327 8536 4671 1202 3717 399 1945 1783
is_linear=0
shrinkage=0.0161


Tree=101
num_leaves=31
num_cat=0
split_feature=36 479 168 419 96 236 414 188 538 506 163 259 118 473 494 455 2 576 431 549 485 175 208 173 127 449 258 494 321 204
split_gain=18803.1 9028.5 7587.1 7553.42 7116.25 5670.96 5464.28 5057.77 7101.82 5825.54 7428.14 4799.68 4733.58 4414.02 4012.52 3818.19 4476.09 3551.71 3653.83 4826.16 5663.93 4074.42 3781.18 3458.27 2876.9 2874.7 2554.52 3020.59 2476.09 2399.08
threshold=8.0000000000000018 35.500000000000007 24.500000000000004 52.000000000000007 20.000000000000004 6.5000000000000009 16.500000000000004 10.500000000000002 201.50000000000003 230.50000000000003 6.5000000000000009 5.5000000000000009 35.500000000000007 10.500000000000002 185.50000000000003 29.500000000000004 13.500000000000002 213.05000305175784 8.0000000000000018 83.049999237060561 106.50000000000001 6.5000000000000009 16.500000000000004 8.0000000000000018 10.500000000000002 43.500000000000007 10.500000000000002 115.50000000000001 13.500000000000002 3.5000000000000004
decision_type=2 2 2 2 2 2 2 2 2 2 2 2 2 2 2 2 2 10 2 10 2 2 2 2 2 2 2 2 2 2
left_child=3 2 7 5 26 25 28 8 -2 10 -10 14 15 -5 -7 16 23 18 -9 -20 21 -21 24 -3 -22 -1 -4 -28 -6 -13
right_child=1 12 4 13 6 11 -8 17 9 -11 -12 29 -14 -15 -16 -17 -18 -19 19 20 22 -23 -24 -25 -26 -27 27 -29 -30 -31
leaf_value=-0.029314391318693976 -0.012774719020021846 0.1034364053461725 -0.0072367305321623726 0.0039592757156286379 0.098766060986127169 -0.033226863208929765 0.16589200299814225 0.0046630497911189939 0.16516391008909395 -0.021010274916167762 0.023958229807604307 -0.022256882782539993 0.12894198743657423 0.12192650591634831 0.037498665741709479 0.10565869232458139 -0.024461372420304248 -0.033774258765680187 0.0068318682851858789 0.046451672819147548 -0.046543057973498975 0.14231245219361599 0.087963605216735158 0.0086477991733078814 0.036468243823600206 0.036296431853987711 0.0070932821247846924 0.099517569441004164 0.013765686092073084 0.014330894158450699
leaf_weight=5914 4573 214 502 170 174 1680 172 1456 164 221 236 565 203 160 237 194 282 303 741 199 181 275 195 188 269 178 206 166 183 2604
leaf_count=5914 4573 214 502 170 174 1680 172 1456 164 221 236 565 203 160 237 194 282 303 741 199 181 275 195 188 269 178 206 166 183 2604
internal_value=-0.000186248 0.0145679 0.00988317 -0.0146719 0.0446591 -0.0169147 0.0912758 0.00434428 -0.00583317 0.045246 0.0819114 -0.00435861 0.0588188 0.0612268 -0.0244707 0.042579 0.0246536 0.0189575 0.023783 0.0387373 0.059844 0.102117 0.028742 0.059166 0.00302695 -0.0273935 0.0164168 0.0483996 0.0552604 0.00780024
internal_weight=22805 11297 10216 11508 1403 11178 529 8813 5194 621 400 5086 1081 330 1917 878 684 3619 3316 1860 1119 474 645 402 450 6092 874 372 357 3169
internal_count=22805 11297 10216 11508 1403 11178 529 8813 5194 621 400 5086 1081 330 1917 878 684 3619 3316 1860 1119 474 645 402 450 6092 874 372 357 3169
is_linear=0
shrinkage=0.0161


Tree=102
num_leaves=31
num_cat=0
split_feature=394 368 597 540 34 59 585 141 251 260 130 191 58 44 592 270 568 599 471 449 591 209 203 597 512 591 216 488 555 502
split_gain=16895.8 8799.08 8297.42 8262.66 6516.18 5867.27 6070.8 5741.82 6202.7 4602.02 5228.05 4583.71 4059.14 5095.41 4685.68 3577.5 3211.21 6764.32 3570.71 3070.46 5467.29 2858.42 2525.49 3584.18 2522.03 2492.46 3188.74 2834.55 3536.86 2398.34
threshold=10.500000000000002 16.500000000000004 89.549999237060561 226.84999847412112 29.500000000000004 52.000000000000007 173.15000152587893 6.5000000000000009 13.500000000000002 13.500000000000002 20.000000000000004 5.5000000000000009 20.000000000000004 8.0000000000000018 145.55000305175784 52.000000000000007 143.15000152587893 172.25000000000003 29.500000000000004 6.5000000000000009 205.94999694824222 5.5000000000000009 4.5000000000000009 193.75000000000003 39.500000000000007 135.15000152587893 13.500000000000002 95.500000000000014 90.049999237060561 141.50000000000003
decision_type=2 2 8 10 2 2 8 2 2 2 2 2 2 2 10 2 8 8 2 2 10 2 2 10 2 10 2 2 8 2
left_child=2 3 -1 12 9 11 -7 -6 -9 29 21 22 25 -14 -15 16 17 18 24 20 -18 -11 -4 -24 -13 26 -2 28 -28 -3
right_child=1 4 5 -5 7 6 -8 8 -10 10 -12 15 13 14 -16 -17 19 -19 -20 -21 -22 -23 23 -25 -26 -27 27 -29 -30 -31
leaf_value=-0.028848555431124058 -0.008451794701216344 0.021437479036128981 -0.039052557872286155 0.090574822694653223 0.023919008325859453 0.0007261716648643017 0.134429054140625 0.057087894768374871 0.17376945067629956 0.079785374706248302 0.12212008729203493 0.042528280117120967 -0.0099781537455431758 0.03026029370815175 0.12462186719062371 0.07613226003435386 -0.0030680566066750834 0.11353928960162814 0.072605107282520551 -0.021518540478114238 0.088812431364800423 -0.0014760719798610953 -0.016714878348076875 0.04969182361142542 -0.0091333837561851199 -0.026002297133426559 0.0086408754593153073 -0.014674789373860082 0.089521482352498849 -0.02622080711800465
leaf_weight=4831 2266 939 1170 282 290 195 161 239 235 177 227 301 540 501 188 172 1167 174 200 1904 196 305 2103 234 1315 1188 282 267 280 386
leaf_count=4831 2266 939 1170 282 290 195 161 239 235 177 227 301 540 501 188 172 1167 174 200 1904 196 305 2103 234 1315 1188 282 267 280 386
internal_value=-0.000901977 0.0168991 -0.0117333 0.00557219 0.0403462 -0.00283238 0.061259 0.0804495 0.114986 0.0252712 0.0583823 -0.00538834 0.0012191 0.0270147 0.0560419 0.00387572 0.00150713 0.0176337 0.00843152 -0.00830869 0.0101271 0.0283159 -0.0197362 -0.0100556 0.000474676 -0.00617743 0.00142464 0.0284494 0.0489791 0.00753587
internal_weight=22715 8592 14123 5794 2798 9292 356 764 474 2034 709 8936 5512 1229 689 5429 5257 1990 1816 3267 1363 482 3507 2337 1616 4283 3095 829 562 1325
internal_count=22715 8592 14123 5794 2798 9292 356 764 474 2034 709 8936 5512 1229 689 5429 5257 1990 1816 3267 1363 482 3507 2337 1616 4283 3095 829 562 1325
is_linear=0
shrinkage=0.0161


Tree=103
num_leaves=31
num_cat=0
split_feature=96 540 248 337 359 95 569 239 450 230 571 431 311 406 98 479 357 539 476 218 318 339 18 214 567 563 228 296 112 542
split_gain=18162.2 11665.6 11177.7 8331.27 7758.14 8301.52 6629.04 6236.97 5491.59 5269.47 4858.95 5646.18 4456.27 6824.25 3923.24 3586.81 4171.73 3954.37 3507.84 3302.03 3099.89 3117.47 3022.47 2984.22 3400.21 2931.11 2785.99 2821.62 2764.15 2399.86
threshold=5.5000000000000009 228.75000000000003 13.500000000000002 5.5000000000000009 61.500000000000007 43.500000000000007 134.44999694824222 35.500000000000007 16.500000000000004 13.500000000000002 238.25000000000003 13.500000000000002 16.500000000000004 10.500000000000002 10.500000000000002 24.500000000000004 24.500000000000004 268.50000000000006 35.500000000000007 4.5000000000000009 16.500000000000004 10.500000000000002 35.500000000000007 35.500000000000007 188.65000152587893 140.05000305175784 5.5000000000000009 5.5000000000000009 8.0000000000000018 71.950000762939467
decision_type=2 10 2 2 2 2 8 2 2 2 8 2 2 2 2 2 2 2 2 2 2 2 2 2 8 8 2 2 2 8
left_child=15 2 7 -3 5 14 -7 9 28 19 11 -5 20 -14 -4 17 -17 29 22 -2 -11 -22 23 24 25 26 -16 -28 -9 -1
right_child=1 3 4 10 -6 6 -8 8 -10 12 -12 -13 13 -15 18 16 -18 -19 -20 -21 21 -23 -24 -25 -26 -27 27 -29 -30 -31
leaf_value=-0.046457325223087556 -0.030292729202590133 0.17213144744058329 -0.00055554613504450116 0.019648195022183786 0.13455433447197576 0.14021644691909316 0.02375849753456144 -0.028980016345397413 0.12879146991530183 -0.011058840930341141 -0.029305872365582439 0.1467056833590315 0.0030505786454243381 0.11879526793577709 -0.017396896148565152 -0.0061275303686616775 0.083282132318981059 0.046184756563559838 0.095913573372109984 -0.0057055456823569039 0.0059745650142415492 0.089863328620223629 -0.040032613549679193 0.095169320061323753 -0.014201044167481889 0.080748831057396456 0.10009571067212161 0.016870444999051069 0.062430349079621951 -0.021149436793358505
leaf_weight=1166 2114 171 1971 207 169 266 243 177 163 1273 166 162 293 241 287 676 169 206 197 4297 319 180 171 169 434 312 164 299 166 5882
leaf_count=1166 2114 171 1971 207 169 266 243 177 163 1273 166 162 293 241 287 676 169 206 197 4297 319 180 171 169 434 312 164 299 166 5882
internal_value=-0.000307701 0.0104108 0.00716735 0.0742588 0.0274277 0.0234109 0.0846649 -0.00311516 0.051832 -0.0063074 0.0429322 0.0754933 0.0145594 0.0553315 0.0156182 -0.0196473 0.0117265 -0.0233052 0.0313104 -0.0138167 0.00225924 0.0362822 0.0243657 0.0309937 0.0237282 0.0392507 0.0219561 0.0464006 0.0151908 -0.0253396
internal_weight=22710 14611 13905 706 4682 4513 509 9223 506 8717 535 369 2306 534 4004 8099 845 7254 2033 6411 1772 499 1836 1665 1496 1062 750 463 343 7048
internal_count=22710 14611 13905 706 4682 4513 509 9223 506 8717 535 369 2306 534 4004 8099 845 7254 2033 6411 1772 499 1836 1665 1496 1062 750 463 343 7048
is_linear=0
shrinkage=0.0161


Tree=104
num_leaves=31
num_cat=0
split_feature=359 276 118 275 393 479 229 317 9 411 170 321 446 238 232 186 566 541 473 150 162 154 418 378 537 23 96 256 448 251
split_gain=17348.3 13143.9 7800.14 7162.4 7842.4 5908.6 5209.43 4993.28 4774.04 3892.88 4969.22 3825.98 6034.14 3764.14 3742.95 3541.79 3071.18 3210.45 3025.91 4907.21 2682.56 2732.86 2660.69 2783.86 3274.72 2547.5 2383.81 2691.49 5822.86 2348.25
threshold=35.500000000000007 5.5000000000000009 35.500000000000007 16.500000000000004 61.500000000000007 35.500000000000007 8.0000000000000018 52.000000000000007 13.500000000000002 6.5000000000000009 10.500000000000002 8.0000000000000018 52.000000000000007 35.500000000000007 6.5000000000000009 29.500000000000004 127.25000000000001 106.25000000000001 16.500000000000004 5.5000000000000009 3.5000000000000004 13.500000000000002 29.500000000000004 20.000000000000004 120.50000000000001 43.500000000000007 43.500000000000007 10.500000000000002 10.500000000000002 13.500000000000002
decision_type=2 2 2 2 2 2 2 2 2 2 2 2 2 2 2 2 10 10 2 2 2 2 2 2 2 2 2 2 2 2
left_child=1 7 8 11 6 -4 16 14 -2 -10 -11 13 18 25 -1 26 17 20 -13 -20 -5 -22 23 -16 -25 -3 27 -8 -29 -21
right_child=2 3 5 4 -6 -7 15 -9 9 10 -12 12 -14 -15 22 -17 -18 -19 19 29 21 -23 -24 24 -26 -27 -28 28 -30 -31
leaf_value=-0.031869156474192591 0.0042036223280496748 -0.017624407534264534 0.053740332741716398 -0.0494637101918977 0.11838916090909937 0.18870046269632795 0.017729597156057195 0.058519855521996733 0.012951742262262493 0.1642480350095569 0.0399970893035861 -0.0038715991683711311 0.093353396960890914 0.051287427156913763 -0.02033408031755252 0.0944554456694921 -0.028947806547741744 0.070582470387858393 0.082992469849154551 -0.016377880291356582 -0.0088886690537089905 0.054426526783738771 0.041394537540062053 -0.008998669324394748 0.074620259845447387 0.041352859477346307 -0.015973659136100861 0.11885524969870562 0.012512684228843352 0.045086212723185505
leaf_weight=4697 711 4491 175 206 215 163 737 202 209 166 169 2874 209 232 2717 247 651 217 301 456 444 293 244 352 185 198 257 265 270 249
leaf_count=4697 711 4491 175 206 215 163 737 202 209 166 169 2874 209 232 2717 247 651 217 301 456 444 293 244 352 185 198 257 265 270 249
internal_value=-0.00101974 -0.00486946 0.0502202 0.00538989 0.0239216 0.118894 0.0182528 -0.0205258 0.031706 0.0676078 0.101636 -0.00242745 0.00907869 -0.011993 -0.0224771 0.0378458 -0.000948507 0.0147446 0.00453309 0.0285675 0.00187042 0.0162508 -0.00985897 -0.0137094 0.0197648 -0.015129 0.0286855 0.0377271 0.065231 0.00529733
internal_weight=22802 21209 1593 12812 3802 338 3587 8397 1255 544 335 9010 4089 4921 8195 1776 1811 1160 3880 1006 943 737 3498 3254 537 4689 1529 1272 535 705
internal_count=22802 21209 1593 12812 3802 338 3587 8397 1255 544 335 9010 4089 4921 8195 1776 1811 1160 3880 1006 943 737 3498 3254 537 4689 1529 1272 535 705
is_linear=0
shrinkage=0.0161


Tree=105
num_leaves=31
num_cat=0
split_feature=95 491 188 118 477 167 487 263 337 309 106 483 489 283 35 194 293 560 538 264 182 392 453 570 490 558 77 213 513 396
split_gain=14393.2 9422.86 7370.82 6024.86 5162.72 5082.77 5338.58 5457.35 5972.72 6913.97 5770.56 5032.44 8893.13 5097.56 4380.9 4082.23 4053.33 4008.4 3990.84 7049.42 3820.68 3303.1 2991.84 2967.84 2931.88 7691.35 2850.1 5217.3 2768.26 2747.85
threshold=16.500000000000004 185.50000000000003 5.5000000000000009 24.500000000000004 52.000000000000007 6.5000000000000009 177.50000000000003 29.500000000000004 13.500000000000002 13.500000000000002 16.500000000000004 244.50000000000003 234.50000000000003 24.500000000000004 4.5000000000000009 10.500000000000002 8.0000000000000018 188.65000152587893 141.50000000000003 8.0000000000000018 13.500000000000002 61.500000000000007 6.5000000000000009 200.34999847412112 240.50000000000003 167.05000305175784 13.500000000000002 6.5000000000000009 190.50000000000003 8.0000000000000018
decision_type=2 2 2 2 2 2 2 2 2 2 2 2 2 2 2 2 2 10 2 2 2 2 2 10 2 10 2 2 2 2
left_child=1 3 16 14 5 22 7 8 26 -10 -11 13 -13 23 -1 -14 -2 -8 -5 -20 -18 29 -4 24 28 -26 27 -7 -3 -16
right_child=2 11 4 18 -6 6 17 -9 9 10 -12 12 15 -15 21 -17 20 -19 19 -21 -22 -23 -24 -25 25 -27 -28 -29 -30 -31
leaf_value=-0.028865133004479446 -0.034364508689529755 -0.031428886765124557 -0.025252865001269578 0.0026373103569984923 0.10699193865721864 0.13480781539600836 -0.041136787472914903 -0.016420880142600389 0.037210392030712046 0.091724173313873933 0.21157097723528948 0.16285434562728859 0.072174564768641342 0.072085620458702315 -0.018685039545542844 -0.025100596230342116 -0.0045886747693923372 0.042579649220702842 -0.015210894499575594 0.1260539612638103 0.082635216805089229 0.060996948817942466 0.020768295306848567 -0.044777943716074013 0.12987982407440582 -0.018516652749181555 0.0043846247337869975 0.027933119445877407 0.037555239459490145 0.00060559101640090022
leaf_weight=4767 799 488 529 1427 225 177 295 231 259 246 182 165 228 270 4750 219 462 298 167 202 181 169 1188 352 160 208 356 360 218 3202
leaf_count=4767 799 488 529 1427 225 177 295 231 259 246 182 165 228 270 4750 219 462 298 167 202 181 169 1188 352 160 208 356 360 218 3202
internal_value=-0.000535974 -0.0080061 0.0213902 -0.0127604 0.031857 0.027749 0.0428618 0.056591 0.0672804 0.102991 0.142742 0.0222314 0.0618133 0.00793443 -0.016611 0.0244636 -0.0101389 0.000893502 0.0148586 0.0620573 0.0199276 -0.00941501 0.00657567 -0.0041955 0.00908335 0.0459396 0.0397815 0.0632038 -0.0100945 -0.0109144
internal_weight=22780 16992 5788 14684 4346 4121 2404 1811 1580 687 428 2308 612 1696 12888 447 1442 593 1796 369 643 8121 1717 1426 1074 368 893 537 706 7952
internal_count=22780 16992 5788 14684 4346 4121 2404 1811 1580 687 428 2308 612 1696 12888 447 1442 593 1796 369 643 8121 1717 1426 1074 368 893 537 706 7952
is_linear=0
shrinkage=0.0161


Tree=106
num_leaves=31
num_cat=0
split_feature=479 69 479 454 287 200 297 63 116 294 517 470 521 483 575 57 8 465 230 463 517 228 428 230 574 130 500 518 229 67
split_gain=16749.5 13139 7235.53 7037.75 8051.95 6850.29 5399.63 4665.6 4180.09 7896.67 4062.82 4491.29 7450.78 4000.63 4851.38 3768.06 3429.71 3224.74 3181.33 3062.48 5822.11 3055.78 2948.15 2777.02 2723.66 3657.77 3549.68 2644.66 2949.08 2519.85
threshold=24.500000000000004 6.5000000000000009 102.50000000000001 16.500000000000004 16.500000000000004 13.500000000000002 43.500000000000007 8.0000000000000018 20.000000000000004 35.500000000000007 145.50000000000003 16.500000000000004 172.50000000000003 253.50000000000003 196.25000000000003 52.000000000000007 16.500000000000004 10.500000000000002 16.500000000000004 29.500000000000004 167.50000000000003 20.000000000000004 8.0000000000000018 24.500000000000004 140.84999847412112 24.500000000000004 90.500000000000014 226.50000000000003 4.5000000000000009 10.500000000000002
decision_type=2 2 2 2 2 2 2 2 2 2 2 2 2 2 10 2 2 2 2 2 2 2 2 2 10 2 2 2 2 2
left_child=1 13 6 8 21 17 10 -7 19 -10 16 12 -12 15 -15 27 -2 -6 -18 24 -21 22 29 -24 25 -3 -27 28 -1 -5
right_child=2 3 -4 4 5 7 -8 -9 9 -11 11 -13 -14 14 -16 -17 18 -19 -20 20 -22 -23 23 -25 -26 26 -28 -29 -30 -31
leaf_value=-0.035258333766272049 -0.0076671437787115531 -0.011113144171218812 0.12145101842729017 -0.061735060690697535 -0.020854468582583125 0.18510928568602741 0.095024054605293506 0.069501351281616233 0.0071918483802318085 0.1157731473312322 0.15012347085266206 -0.0060012805226890608 0.029461193812835847 0.097170532256748043 -0.026413127597677156 0.04214061533659804 0.016641324988798823 0.069762816423389967 0.09673679943722055 -0.0034993614552322029 0.10837166224771722 0.062776036534524224 0.008070867928985679 0.07722087066947679 -0.030792328656897905 0.0068542982840420555 0.097169289792654504 -0.06418924292065574 -0.014840437707173982 0.0096222590902282547
leaf_weight=2937 1309 3589 224 277 197 166 273 201 1279 201 215 253 348 162 167 225 513 210 172 462 163 264 1327 170 1465 379 161 416 4899 238
leaf_count=2937 1309 3589 224 277 197 166 273 201 1279 201 215 253 348 162 167 225 513 210 172 462 163 264 1327 170 1465 379 161 416 4899 238
internal_value=-0.000437967 -0.00610604 0.0330715 0.00583718 0.0265357 0.0713996 0.0266425 0.121857 -0.0023596 0.0219543 0.0199906 0.0502582 0.0755818 -0.0206871 0.0343681 -0.0228267 0.0075925 0.0258435 0.0367872 -0.0081496 0.0256389 0.0112685 0.00449832 0.0159393 -0.0119289 -0.00523031 0.0338251 -0.0246009 -0.0224962 -0.0287126
internal_weight=22862 19555 3307 10749 3050 774 3083 367 7699 1480 2810 816 563 8806 329 8477 1994 407 685 6219 625 2276 2012 1497 5594 4129 540 8252 7836 515
internal_count=22862 19555 3307 10749 3050 774 3083 367 7699 1480 2810 816 563 8806 329 8477 1994 407 685 6219 625 2276 2012 1497 5594 4129 540 8252 7836 515
is_linear=0
shrinkage=0.0161


Tree=107
num_leaves=31
num_cat=0
split_feature=479 129 394 599 297 355 96 393 289 186 284 189 267 482 577 264 490 359 540 499 12 228 252 141 428 519 104 563 120 103
split_gain=18379.4 12028.8 7288.21 7036.9 6958.04 5337.89 6322.1 4675.2 4539.38 6001.22 3982.34 3690.76 3559.67 3423.44 8561.95 3197.68 3627.81 8049.55 3100.08 2904.42 3015.99 2671.76 2586.35 2860.67 2561.27 2673.92 2844.04 4109.24 2799.25 2558.97
threshold=24.500000000000004 5.5000000000000009 13.500000000000002 233.25000000000003 43.500000000000007 24.500000000000004 13.500000000000002 20.000000000000004 8.0000000000000018 29.500000000000004 13.500000000000002 29.500000000000004 10.500000000000002 221.50000000000003 182.25000000000003 5.5000000000000009 244.50000000000003 8.0000000000000018 200.34999847412112 217.50000000000003 4.5000000000000009 29.500000000000004 20.000000000000004 8.0000000000000018 8.0000000000000018 10.500000000000002 4.5000000000000009 71.049999237060561 13.500000000000002 6.5000000000000009
decision_type=2 2 2 10 2 2 2 2 2 2 2 2 2 2 10 2 2 2 10 2 2 2 2 2 2 2 2 10 2 2
left_child=1 5 15 4 7 13 -7 22 11 21 -9 -4 -12 29 -15 -3 18 -18 19 20 -17 -10 -2 -24 -22 -26 -27 -28 -29 -1
right_child=3 2 8 -5 -6 6 -8 10 9 -11 12 -13 -14 14 -16 16 17 -19 -20 -21 24 -23 23 -25 25 26 27 28 -30 -31
leaf_value=-0.036649078460592101 0.00058549393863280578 -0.017310778259436888 -0.0032724170794048327 0.13066863739107629 0.1078886003789047 -0.0062067388279500616 0.097881743894129264 0.027082094613226516 0.020088976637171758 0.1082701925259571 0.04378994313179118 0.060066763367801174 0.14934123950896586 0.096146457950820732 -0.053737837748097692 -0.025511428096028594 -0.016682320476561499 0.1355224432362559 -0.043699388197810683 0.055488345712932839 -0.010501432304893267 0.075082830996254832 0.0034418768418108489 0.098854457059229378 -0.035701790336621637 -0.0097423750032550119 0.098085405103105899 0.0059908860502479785 0.067088096344378706 -0.016989441303808601
leaf_weight=3500 1636 2765 1638 192 273 629 199 562 1411 291 164 279 169 199 196 861 195 167 377 271 1088 274 167 160 192 389 252 639 280 3380
leaf_count=3500 1636 2765 1638 192 273 629 199 562 1411 291 164 279 169 199 196 861 195 167 377 271 1088 274 167 160 192 389 252 639 280 3380
internal_value=0.00102424 -0.00494686 0.00573452 0.0360206 0.0302091 -0.0199364 0.0187813 0.0227808 0.0235989 0.0407247 0.053282 0.00593368 0.0974287 -0.0243463 0.0217139 -0.00356488 0.00449793 0.0534687 0.000416312 0.00460945 0.000877565 0.0290456 0.00886217 0.0501989 0.00888618 0.0209394 0.0279257 0.040459 0.0246315 -0.0269941
internal_weight=22795 19472 11369 3323 3131 8103 828 2858 3893 1976 895 1917 333 7275 395 7476 4711 362 4349 3972 3701 1685 1963 327 2840 1752 1560 1171 919 6880
internal_count=22795 19472 11369 3323 3131 8103 828 2858 3893 1976 895 1917 333 7275 395 7476 4711 362 4349 3972 3701 1685 1963 327 2840 1752 1560 1171 919 6880
is_linear=0
shrinkage=0.0161


Tree=108
num_leaves=31
num_cat=0
split_feature=479 36 599 579 58 127 246 537 277 541 356 39 170 275 261 500 10 342 599 587 49 483 94 549 511 252 316 580 488 264
split_gain=15694.8 9927.06 12682.3 13779.3 9473.24 7645.54 6252.28 7313.72 5905.08 5509.47 5124.41 5277.37 5066.67 4290.92 4241.52 4064.33 3926.98 4568.4 3783.38 7890.82 3494.82 3158.3 2975 3239.41 3885.49 3634.41 3700.65 2946 4154.96 3185.6
threshold=24.500000000000004 4.5000000000000009 231.15000152587893 196.25000000000003 29.500000000000004 35.500000000000007 6.5000000000000009 127.50000000000001 24.500000000000004 216.75000000000003 10.500000000000002 24.500000000000004 13.500000000000002 24.500000000000004 6.5000000000000009 91.500000000000014 13.500000000000002 29.500000000000004 150.65000152587893 156.05000305175784 10.500000000000002 108.50000000000001 5.5000000000000009 84.750000000000014 207.50000000000003 29.500000000000004 3.5000000000000004 188.65000152587893 35.500000000000007 4.5000000000000009
decision_type=2 2 10 8 2 2 2 2 2 8 2 2 2 2 2 2 2 2 10 8 2 2 2 8 2 2 2 10 2 2
left_child=1 27 5 -4 13 10 -6 -8 20 -5 14 22 -13 18 -3 -15 -16 -18 -2 -20 -7 -22 -12 -24 25 26 -25 28 -1 -30
right_child=4 2 3 9 6 8 7 -9 -10 -11 11 12 -14 15 16 -17 17 -19 19 -21 21 -23 23 24 -26 -27 -28 -29 29 -31
leaf_value=-0.036261958517489229 -0.0027721184900435405 -0.024309469927376166 0.18770701729990841 -0.042981905105567327 0.00093621563117355451 -0.0092512801892019499 0.064717105202625955 0.1885855839807167 0.12146706349452333 0.086109401563880431 -0.019979565632471621 0.017923525201803889 0.1064213279141548 0.12445535036892172 -0.012386000108709728 0.021674990771622028 0.010371934443465096 0.10114651287144277 0.1412101764809201 0.0081426796663888867 0.10518331056318665 0.010014186626110056 -0.024403232609401394 0.081167625961177159 -0.03233023720266659 0.10153524312856217 0.011529853543047811 -0.066559876280214744 -0.03229474026240986 0.0050011378243086753
leaf_weight=2365 1658 3986 192 183 172 422 318 203 194 161 1183 496 254 177 2647 230 1223 163 160 417 186 177 533 233 309 165 1319 391 877 1835
leaf_count=2365 1658 3986 192 183 172 422 318 203 194 161 1183 496 254 177 2647 230 1223 163 160 417 186 177 533 233 309 165 1319 391 877 1835
internal_value=-2.53571e-05 -0.0055479 0.00162406 0.0784285 0.0322484 -0.00142588 0.0852396 0.113026 0.0419006 0.0173674 -0.00481811 0.00894592 0.0479262 0.0183398 -0.0125312 0.0664309 -0.000884431 0.0210644 0.00957179 0.0450826 0.0222071 0.0588434 0.00112692 0.0108934 0.0201909 0.0296566 0.0219997 -0.023949 -0.0206628 -0.00705083
internal_weight=22829 19494 14026 536 3335 13490 693 521 979 344 12511 4492 750 2642 8019 407 4033 1386 2235 577 785 363 3742 2559 2026 1717 1552 5468 5077 2712
internal_count=22829 19494 14026 536 3335 13490 693 521 979 344 12511 4492 750 2642 8019 407 4033 1386 2235 577 785 363 3742 2559 2026 1717 1552 5468 5077 2712
is_linear=0
shrinkage=0.0161


Tree=109
num_leaves=31
num_cat=0
split_feature=336 299 252 334 479 334 10 168 599 402 465 518 524 302 157 187 204 103 74 455 194 505 77 36 422 478 596 516 19 113
split_gain=16063.9 9873.93 6716.58 6741.06 6655.12 6654.82 5887.93 6736.28 4835.81 4771.6 4595.96 4458.94 10387.4 4545.86 4454.39 3641.99 3485.96 3491.73 4527.54 3450.3 3386.77 4939.88 5977.69 3323.51 3228.43 2956.8 2885.97 3665.23 2856.29 2634.53
threshold=10.500000000000002 73.500000000000014 43.500000000000007 13.500000000000002 73.500000000000014 10.500000000000002 5.5000000000000009 20.000000000000004 184.15000152587893 24.500000000000004 13.500000000000002 109.50000000000001 129.50000000000003 8.0000000000000018 10.500000000000002 4.5000000000000009 5.5000000000000009 16.500000000000004 13.500000000000002 61.500000000000007 13.500000000000002 83.500000000000014 8.0000000000000018 10.500000000000002 4.5000000000000009 35.500000000000007 235.84999847412112 242.50000000000003 10.500000000000002 24.500000000000004
decision_type=2 2 2 2 2 2 2 2 8 2 2 2 2 2 2 2 2 2 2 2 2 2 2 2 2 2 10 2 2 2
left_child=1 5 4 -4 6 8 24 19 -1 16 25 -10 13 -13 23 -12 -9 18 28 26 21 -17 -23 -14 -2 -7 27 -8 -18 -26
right_child=2 -3 3 -5 -6 10 7 9 11 -11 15 12 14 -15 -16 20 17 -19 -20 -21 -22 22 -24 -25 29 -27 -28 -29 -30 -31
leaf_value=-0.02532315698573509 -0.04902524001685267 0.10758071389895656 0.025985170115608459 0.15729745467474449 0.10276566846502995 -0.010845117485489249 0.0091068060721304217 -0.011993324952850713 -0.020499858250148533 0.12409116354132151 -0.02314111770155618 0.03935220995199086 -0.041517371449709781 0.16058307956210316 0.058204742602387428 0.020860866429451282 -0.00028277638425411523 -0.0033370928990762421 0.14886872356717026 0.064819197997851852 0.0042491064821376118 0.031432505847300979 0.1633806937608917 0.03487644299287472 -0.01035242519699661 0.051088159296545456 0.074703842429151332 -0.056056132728344553 0.091329626555551768 0.049806765135225889
leaf_weight=7366 475 183 242 175 217 2653 3981 250 1383 212 273 160 595 162 228 361 172 178 165 296 392 160 202 196 1118 216 162 237 180 227
leaf_count=7366 475 183 242 175 217 2653 3981 250 1383 212 273 160 595 162 228 361 172 178 165 296 392 160 202 196 1118 216 162 237 180 227
internal_value=0.000279153 -0.00992187 0.0181679 0.0811487 0.0148279 -0.0114223 0.0123313 0.0202211 -0.0185451 0.0550091 0.00545478 -0.000207876 0.0207021 0.100417 -0.00446447 0.0295087 0.0394864 0.0580381 0.0792148 0.0116084 0.0424207 0.0630843 0.105126 -0.0225582 -0.0129422 -0.00617411 0.00800706 0.00543987 0.0464976 -0.000181665
internal_weight=22817 14530 8287 417 7870 14347 7653 5833 10090 1157 4257 2724 1341 322 1019 1388 945 695 517 4676 1115 723 362 791 1820 2869 4380 4218 352 1345
internal_count=22817 14530 8287 417 7870 14347 7653 5833 10090 1157 4257 2724 1341 322 1019 1388 945 695 517 4676 1115 723 362 791 1820 2869 4380 4218 352 1345
is_linear=0
shrinkage=0.0161


Tree=110
num_leaves=31
num_cat=0
split_feature=275 94 69 479 477 174 446 119 239 88 76 41 532 157 262 464 37 475 182 174 411 219 68 410 141 414 137 598 142 393
split_gain=15307.4 9664.69 5717.42 5538.01 5399.66 5177.89 4999.36 4901.78 4675.5 4620.51 4363.45 6118.98 4844.61 4174.7 4680.67 4425.51 4172.78 4557.43 3628.76 4456.18 3505.48 3294.56 3200.45 3204.47 3174.47 2952.06 3851.08 2911.4 2577.36 2499.92
threshold=5.5000000000000009 16.500000000000004 8.0000000000000018 24.500000000000004 20.000000000000004 16.500000000000004 16.500000000000004 20.000000000000004 35.500000000000007 8.0000000000000018 16.500000000000004 8.0000000000000018 106.50000000000001 13.500000000000002 6.5000000000000009 20.000000000000004 8.0000000000000018 29.500000000000004 6.5000000000000009 29.500000000000004 3.5000000000000004 52.000000000000007 35.500000000000007 16.500000000000004 10.500000000000002 16.500000000000004 10.500000000000002 213.05000305175784 13.500000000000002 20.000000000000004
decision_type=2 2 2 2 2 2 2 2 2 2 2 2 2 2 2 2 2 2 2 2 2 2 2 2 2 2 2 10 2 2
left_child=3 5 8 21 -5 13 16 18 -3 -9 11 -8 -13 29 -15 24 -4 20 19 -7 -18 27 23 -22 -16 26 -20 -1 -26 -2
right_child=1 2 6 4 -6 7 10 9 -10 -11 -12 12 -14 14 15 -17 17 -19 25 -21 22 -23 -24 -25 28 -27 -28 -29 -30 -31
leaf_value=-0.024346394184111744 -0.017020362812782151 -0.0024336547690840329 -0.0068723958599773479 -0.0033561238007326576 0.084242028204355557 0.0042263848349093228 0.042652361436089144 0.13443473490324753 0.087713534000599808 0.030879784865654177 0.025362720039110165 0.085629378431615819 0.21106994489253186 -0.013753270607258609 -0.011964165292407222 0.091266063980761758 0.10056506913650297 0.11950149745313726 0.058905177803666033 0.089435780634188458 -0.011248253831476689 0.048926787800408614 0.08191163273625432 0.054317999930452922 0.090990801446860128 -0.036612668551262682 -0.038877428909246781 0.029821136259004205 0.013832301806050089 0.019250489750458958
leaf_weight=7460 4603 1547 583 652 253 393 257 175 165 311 298 161 160 909 463 276 173 182 265 268 608 171 193 283 201 511 172 266 256 551
leaf_count=7460 4603 1547 583 652 253 393 257 175 165 311 298 161 160 909 463 276 173 182 265 268 608 171 193 283 201 511 172 266 256 551
internal_value=2.27055e-05 0.0105051 0.0295847 -0.0166045 0.0211066 0.0010995 0.0433669 0.0233988 0.00624085 0.0682165 0.0755113 0.101326 0.148228 -0.00533298 0.0137665 0.0347022 0.0294293 0.044153 0.00984689 0.0388098 0.0332246 -0.0209292 0.0224557 0.00955053 0.0177074 -0.0103229 0.0203648 -0.0224784 0.04782 -0.0131382
internal_weight=22766 13964 4610 8802 905 9354 2898 2095 1712 486 876 578 321 7259 2105 1196 2022 1439 1609 661 1257 7897 1084 891 920 948 437 7726 457 5154
internal_count=22766 13964 4610 8802 905 9354 2898 2095 1712 486 876 578 321 7259 2105 1196 2022 1439 1609 661 1257 7897 1084 891 920 948 437 7726 457 5154
is_linear=0
shrinkage=0.0161


Tree=111
num_leaves=31
num_cat=0
split_feature=156 599 507 59 408 54 312 537 548 539 521 487 359 485 174 278 334 395 237 482 342 459 106 61 232 143 106 332 44 561
split_gain=14380.4 8932.72 12146.7 8028.38 7092.46 9476.55 6706.25 6365.18 6039.36 5779.37 9494.58 5700.31 5381.58 5744.23 5436.85 4557.02 4263.84 3822.25 4348.85 3809.74 3526.19 3481.47 3418.28 5540.83 3214.13 3083.23 2746.37 2486.51 2771.74 4190.82
threshold=6.5000000000000009 247.34999847412112 235.50000000000003 61.500000000000007 13.500000000000002 20.000000000000004 8.0000000000000018 107.50000000000001 185.15000152587893 166.50000000000003 99.500000000000014 118.50000000000001 10.500000000000002 188.50000000000003 8.0000000000000018 8.0000000000000018 10.500000000000002 35.500000000000007 35.500000000000007 82.500000000000014 4.5000000000000009 16.500000000000004 20.000000000000004 10.500000000000002 8.0000000000000018 10.500000000000002 4.5000000000000009 10.500000000000002 16.500000000000004 128.94999694824222
decision_type=2 10 2 2 2 2 2 2 8 2 2 2 2 2 2 2 2 2 2 2 2 2 2 2 2 2 2 2 2 10
left_child=9 3 -3 4 15 16 25 -5 19 24 -11 -12 26 -14 -15 -2 -6 18 27 -8 -18 -19 -22 -24 -1 -7 -13 28 -17 -30
right_child=1 2 -4 7 5 6 8 -9 -10 10 11 12 13 14 -16 17 20 21 -20 -21 22 -23 23 -25 -26 -27 -28 -29 29 -31
leaf_value=-0.0244396143309927 -0.013664988877181729 0.19247249654481577 -0.0024502886871917897 0.014267633944685514 -0.0087702507914880785 0.069034037358541189 0.11976149474783405 0.15072745762236789 0.18543093699074281 0.12010450923064321 0.079616053902333228 0.017163939441434121 -0.034631574619335533 -0.0004618955724794641 0.12821045974115491 -0.00049634536110440672 -0.017904051501189233 0.018329661011438826 0.078887978547695747 0.012519613377645632 0.025473238589274239 0.10067461048656963 0.15145800029759202 0.021475731683601403 -0.0045419738586921941 -0.02260455140860541 -0.056905165027165638 -0.019301716455691301 0.0089459380432119259 0.11187012105765701
leaf_weight=6251 3742 166 165 170 1374 178 184 186 177 195 206 167 243 160 181 1258 300 344 191 162 774 218 171 170 3177 204 575 1106 284 161
leaf_count=6251 3742 166 165 170 1374 178 184 186 177 195 206 167 243 160 181 1258 300 344 191 162 774 218 171 170 3177 204 575 1106 284 161
internal_value=0.000297844 0.0127809 0.0952344 0.010375 0.00793692 0.0261174 0.0713916 0.0856302 0.108858 -0.0127762 0.0142929 0.000809397 -0.0114158 0.0251193 0.0677673 -0.00125466 0.011418 0.0117762 0.00454908 0.069618 0.031038 0.0503132 0.0442274 0.0867265 -0.0177371 0.0200345 -0.0402029 -0.000497269 0.0117013 0.0462366
internal_weight=22840 11685 331 11354 10998 3694 905 356 523 11155 1727 1532 1326 584 341 7304 2789 3562 3000 346 1415 562 1115 341 9428 382 742 2809 1703 445
internal_count=22840 11685 331 11354 10998 3694 905 356 523 11155 1727 1532 1326 584 341 7304 2789 3562 3000 346 1415 562 1115 341 9428 382 742 2809 1703 445
is_linear=0
shrinkage=0.0161


Tree=112
num_leaves=31
num_cat=0
split_feature=129 95 492 96 332 482 510 479 540 43 466 353 85 43 155 576 299 575 482 298 509 473 160 310 187 8 539 36 375 570
split_gain=12732.9 8922.21 7522.09 8663.46 7608.45 7066.27 9695.38 5544.43 4658.41 4505.23 4181.29 5946.54 4135.71 5307.23 4339.21 3297.13 3214.37 3629.62 4808.7 4242.78 5100.32 3040.84 2761.89 3732.85 3260.74 2728.81 4056.29 2678.34 2558.59 3737.93
threshold=6.5000000000000009 35.500000000000007 197.50000000000003 29.500000000000004 10.500000000000002 221.50000000000003 187.50000000000003 16.500000000000004 221.94999694824222 6.5000000000000009 10.500000000000002 35.500000000000007 10.500000000000002 29.500000000000004 13.500000000000002 181.25000000000003 29.500000000000004 144.84999847412112 29.500000000000004 20.000000000000004 79.500000000000014 5.5000000000000009 35.500000000000007 10.500000000000002 20.000000000000004 10.500000000000002 75.500000000000014 3.5000000000000004 24.500000000000004 113.64999771118165
decision_type=2 2 2 2 2 2 2 2 10 2 2 2 2 2 2 10 2 10 2 2 2 2 2 2 2 2 2 2 2 10
left_child=5 7 3 21 -5 10 -7 16 9 -9 27 -12 13 14 -11 -8 17 18 -2 22 -21 -3 23 -20 -25 -23 -27 -1 29 -14
right_child=1 2 -4 4 -6 6 15 8 -10 12 11 -13 28 -15 -16 -17 -18 -19 19 20 -22 25 -24 24 -26 26 -28 -29 -30 -31
leaf_value=-0.039451218069499278 -0.015145593375839546 -0.01202726636313374 -0.035471707563028892 0.063466186154038234 0.21637504015444853 0.11921229626979839 0.054484248257708146 -0.0075849289805285589 0.096125234794093933 0.010950861719069435 -0.0071412072316044206 0.073197907789696065 0.030992244822729095 0.14196563231115528 0.094780303997080997 -0.034235442319196056 0.053682099592940256 -0.021108926321850761 -0.010893232841003551 0.0079077028386685469 0.118544984965388 0.0060713398597922125 0.066515316023758722 0.012479969462594347 0.076351124435265094 0.027840853928727507 0.14003380828349243 -0.016664807153142197 0.066457288302620349 -0.048974667846118383
leaf_weight=1841 1995 217 210 176 163 244 162 948 229 447 3373 257 330 168 250 329 279 1906 1590 216 217 164 205 931 267 161 175 4913 161 280
leaf_count=1841 1995 217 210 176 163 244 162 948 229 447 3373 257 330 168 250 329 279 1906 1590 216 217 164 205 931 267 161 175 4913 161 280
internal_value=0.000358761 0.0120953 0.0524576 0.0699658 0.137058 -0.0119731 0.0362596 0.00718864 0.026501 0.0203216 -0.0153893 -0.0014468 0.0365068 0.0606791 0.0410526 -0.00491543 4.30757e-05 -0.0019962 0.00471941 0.0162939 0.0634085 0.0382115 0.00946994 0.00526699 0.0267347 0.0600621 0.0863447 -0.0228794 0.00935688 -0.00567529
internal_weight=22804 11685 1266 1056 339 11119 735 10419 2813 2584 10384 3630 1636 865 697 491 7606 7327 5421 3426 433 717 2993 2788 1198 500 336 6754 771 610
internal_count=22804 11685 1266 1056 339 11119 735 10419 2813 2584 10384 3630 1636 865 697 491 7606 7327 5421 3426 433 717 2993 2788 1198 500 336 6754 771 610
is_linear=0
shrinkage=0.0161


Tree=113
num_leaves=31
num_cat=0
split_feature=479 249 336 12 234 357 196 514 531 537 485 355 573 202 98 551 599 511 599 336 359 486 204 40 84 297 37 329 575 481
split_gain=11923.7 9572.27 6944.88 9311.77 6681.36 6159.16 7851.48 4882.19 5200.57 4624.58 8260.28 4533.32 4213.74 3823.74 4859.42 3783.81 3726.89 3437.5 4143.11 3324.21 3679.13 3306.63 2774.62 3120.79 2765.51 3249.49 4328.61 4685.85 2512.2 3255.97
threshold=24.500000000000004 5.5000000000000009 20.000000000000004 24.500000000000004 6.5000000000000009 35.500000000000007 8.0000000000000018 125.50000000000001 36.500000000000007 130.50000000000003 96.500000000000014 29.500000000000004 99.950000762939467 13.500000000000002 10.500000000000002 143.15000152587893 228.75000000000003 290.50000000000006 226.84999847412112 35.500000000000007 6.5000000000000009 87.500000000000014 4.5000000000000009 52.000000000000007 8.0000000000000018 10.500000000000002 8.0000000000000018 10.500000000000002 159.44999694824222 78.500000000000014
decision_type=2 2 2 2 2 2 2 2 2 2 2 2 8 2 2 8 10 2 10 2 2 2 2 2 2 2 2 2 10 2
left_child=1 11 17 7 -5 9 -7 8 -4 -2 -11 16 -10 14 -12 -14 -1 18 22 20 -9 -13 -3 24 25 -24 27 -27 29 -26
right_child=5 2 3 4 -6 6 -8 19 12 10 13 21 15 -15 -16 -17 -18 -19 -20 -21 -22 -23 23 -25 28 26 -28 -29 -30 -31
leaf_value=-0.025195841889948067 0.0035250308522678502 -0.017442746780577095 -0.0090692443837939209 0.020994605859288536 0.13531106199537601 0.16143979753689672 0.024701973646976183 -0.047657544031346935 0.11701385487345581 0.15235153237287835 0.0068665263200529542 -0.012041380793710994 -0.01209862309407189 -0.021009821718939798 0.10567107376243801 0.076949440390699411 0.047403325021684345 -0.059615059126540533 0.055753019346818151 -0.066222334164809563 0.045552086770995578 0.063259888063772279 0.00028233659576964597 0.059846938273347743 -0.015197017579621181 0.021723318736475594 0.0016454629504351684 0.13455695908748266 -0.03491197722594299 0.019635046785886276
leaf_weight=6996 1835 2594 506 233 309 190 256 195 220 161 283 329 248 288 238 246 188 271 317 277 251 279 1419 236 1794 187 359 196 739 1136
leaf_count=6996 1835 2594 506 233 309 190 256 195 220 161 283 329 248 288 238 246 188 271 317 277 251 279 1419 236 1794 187 359 196 739 1136
internal_value=-0.00113065 -0.00588506 0.00329989 0.0271963 0.0862111 0.0274164 0.0830063 0.010722 0.0303767 0.0185691 0.0470044 -0.0197185 0.0583644 0.02601 0.052047 0.0321975 -0.0232927 -0.00311869 -0.00141054 -0.0224111 0.00474622 0.0224743 -0.00350574 0.00245026 0.00012279 0.0145754 0.0418777 0.0795273 -0.00838321 -0.00168413
internal_weight=22776 19525 11733 2485 542 3251 446 1943 1220 2805 970 7792 714 809 521 494 7184 9248 8977 723 446 608 8660 6066 5830 2161 742 383 3669 2930
internal_count=22776 19525 11733 2485 542 3251 446 1943 1220 2805 970 7792 714 809 521 494 7184 9248 8977 723 446 608 8660 6066 5830 2161 742 383 3669 2930
is_linear=0
shrinkage=0.0161


Tree=114
num_leaves=31
num_cat=0
split_feature=299 395 69 237 599 102 572 596 69 295 57 222 44 140 95 560 483 165 481 295 362 92 35 599 567 599 32 522 570 137
split_gain=13683.8 12326.6 6468.99 5646.5 6318.91 5706.63 4930.28 7943.7 4865.01 4790.35 4153.46 3850.73 3798.81 5080.23 3727.84 3351.39 3181.85 3162.01 2918.79 2686.28 2388.07 2378.64 2448.97 2322.15 3135.97 5560.3 2570.51 3359.03 2314.52 2305.75
threshold=87.000000000000014 6.5000000000000009 6.5000000000000009 43.500000000000007 247.34999847412112 16.500000000000004 106.25000000000001 112.25000000000001 43.500000000000007 10.500000000000002 52.000000000000007 43.500000000000007 24.500000000000004 16.500000000000004 52.000000000000007 99.350002288818374 242.50000000000003 3.5000000000000004 283.50000000000006 24.500000000000004 3.5000000000000004 43.500000000000007 6.5000000000000009 78.049999237060561 176.25000000000003 188.65000152587893 29.500000000000004 81.500000000000014 188.65000152587893 5.5000000000000009
decision_type=2 2 2 2 10 2 10 10 2 2 2 2 2 2 2 10 2 2 2 2 2 2 2 8 10 10 2 2 10 2
left_child=1 10 11 4 5 6 7 14 12 -5 17 16 19 -14 21 -12 28 -1 23 20 -7 22 -4 -19 25 26 -25 -28 29 -3
right_child=-2 2 3 9 -6 8 -8 -9 -10 -11 15 -13 13 -15 -16 -17 -18 18 -20 -21 -22 -23 -24 24 -26 -27 27 -29 -30 -31
leaf_value=-0.032831325769116251 0.11735738780534456 -0.025633033545931154 -0.024191494129054147 0.012005157642656457 0.10299771830430421 0.052566197498055391 -0.015666129832126844 0.12487057627528235 0.097927689288022063 0.1239426079781862 0.093766160512582047 0.067031498980129375 0.02483304274049639 0.1377474143359339 0.080940256803387858 -0.0096864623907877388 0.044190745876535438 -0.029851712672227207 0.048383144016008135 0.062777252987330931 -0.0080999202358824525 0.062719124336308191 0.011025384762725699 -0.011001990964930618 -0.039128919844407417 0.077691955880481625 -0.012848301261518718 0.084463741638233406 -0.056833614756480792 0.00072679359548632094
leaf_weight=2518 250 1518 721 175 201 202 2237 164 267 230 160 172 290 161 178 164 256 1742 202 224 1004 172 1764 4197 750 208 193 175 307 1981
leaf_count=2518 250 1518 721 175 201 202 2237 164 267 230 160 172 290 161 178 164 256 1742 202 224 1004 172 1764 4197 750 208 193 175 307 1981
internal_value=-0.00109849 -0.00241379 0.00852049 0.0170473 0.013916 0.0114879 0.00241767 0.0159145 0.0335868 0.0756327 -0.0153815 -0.00756489 0.0244413 0.0651939 0.00960328 0.0413286 -0.0107294 -0.017224 -0.0119578 0.0115721 0.00204189 0.00481536 0.000798058 -0.0136388 -0.00852086 -0.00370636 -0.00742036 0.0333638 -0.0144296 -0.0107024
internal_weight=22783 22533 12224 7990 7585 7384 5236 2999 2148 405 10309 4234 1881 451 2835 324 4062 9985 7467 1430 1206 2657 2485 7265 5523 4773 4565 368 3806 3499
internal_count=22783 22533 12224 7990 7585 7384 5236 2999 2148 405 10309 4234 1881 451 2835 324 4062 9985 7467 1430 1206 2657 2485 7265 5523 4773 4565 368 3806 3499
is_linear=0
shrinkage=0.0161


Tree=115
num_leaves=31
num_cat=0
split_feature=157 95 599 333 189 218 436 252 220 479 510 448 358 489 550 433 58 556 46 429 222 146 516 599 198 94 308 479 84 432
split_gain=13609.5 7077.96 6876.86 6156.68 5836.64 7496.99 6296.43 5350.08 4883.9 4475.89 4215.29 4321.83 4042.56 3981.18 3699.36 3536.88 3298.94 5516.93 3062.34 2965.95 2527.34 4444.78 2584.33 4194.1 2675.72 2656.44 3010.14 2042.47 2892.96 2433.34
threshold=10.500000000000002 16.500000000000004 255.05000305175784 10.500000000000002 20.000000000000004 16.500000000000004 10.500000000000002 43.500000000000007 43.500000000000007 35.500000000000007 147.50000000000003 8.0000000000000018 52.000000000000007 104.50000000000001 224.44999694824222 13.500000000000002 29.500000000000004 193.75000000000003 10.500000000000002 4.5000000000000009 29.500000000000004 8.0000000000000018 251.50000000000003 191.15000152587893 4.5000000000000009 20.000000000000004 10.500000000000002 24.500000000000004 13.500000000000002 52.000000000000007
decision_type=2 2 10 2 2 2 2 2 2 2 2 2 2 2 10 2 2 8 2 2 2 2 2 10 2 2 2 2 2 2
left_child=2 7 3 12 9 15 -7 14 16 10 11 -3 19 -13 20 -6 -5 -18 -12 -1 22 -22 23 24 -2 -26 -27 29 -29 -21
right_child=1 4 -4 8 5 6 -8 -9 -10 -11 18 13 -14 -15 -16 -17 17 -19 -20 27 21 -23 -24 -25 25 26 -28 28 -30 -31
leaf_value=-0.032125986753134224 -0.028167644633910589 -0.0026194069638864888 0.078497636565629761 -0.0045523940283504474 -0.013004895438462123 0.18393012256465743 0.060756664414286628 0.081307266879760851 0.080968398888132745 0.084410216504282834 0.01490414519931276 0.03379786478529611 0.05244228660120951 0.12675559630583494 0.061922462706907641 0.080485472327203933 0.0032486390099979471 0.11237850179906896 -0.059197728032379555 -0.01835765964590623 0.094432941421610475 -0.013087329215253745 -0.06213584002349179 0.05774516120819119 -0.0051894101961003384 0 0.08899356506197964 -0.009922306465213894 0.062722158488401986 0.040057897337355715
leaf_weight=3316 1106 539 226 4086 261 205 228 228 204 255 280 417 205 168 249 175 389 174 298 5522 186 214 199 277 2192 218 179 434 211 191
leaf_count=3316 1106 539 226 4086 261 205 228 228 204 255 280 417 205 168 249 175 389 174 298 5522 186 214 199 277 2192 218 179 434 211 191
internal_value=-0.000607581 0.0165236 -0.00962711 -0.0109806 0.0369261 0.0716599 0.119126 0.00509703 0.00386515 0.0214906 0.01205 0.0302285 -0.0182759 0.0605337 0.00148718 0.0244659 0.000476769 0.037018 -0.0232599 -0.0197769 -0.00179981 0.0368508 -0.00551206 -0.00266924 -0.00720465 0.00174149 0.0400691 -0.0133325 0.0138055 -0.0164006
internal_weight=22832 7874 14958 14732 2826 869 433 5048 4853 1957 1702 1124 9879 585 4820 436 4649 563 578 9674 4571 400 4171 3972 3695 2589 397 6358 645 5713
internal_count=22832 7874 14958 14732 2826 869 433 5048 4853 1957 1702 1124 9879 585 4820 436 4649 563 578 9674 4571 400 4171 3972 3695 2589 397 6358 645 5713
is_linear=0
shrinkage=0.0161


Tree=116
num_leaves=31
num_cat=0
split_feature=455 69 337 599 575 237 354 298 41 147 42 32 55 58 516 43 39 390 564 480 457 460 286 112 160 213 247 107 251 155
split_gain=15138.2 8788.59 6703.86 6410.99 7203.32 5946.83 5829.19 5224.83 5039.1 4873.32 4684.32 4047.46 3813 3552.44 3432.83 3749.67 3630.62 3401.77 3242.98 3729.11 4058.79 3857.32 6240.28 3148.16 3145.34 3126.26 3661.28 3038.99 3062.11 2710.3
threshold=10.500000000000002 6.5000000000000009 10.500000000000002 215.15000152587893 193.75000000000003 43.500000000000007 35.500000000000007 43.500000000000007 29.500000000000004 10.500000000000002 20.000000000000004 52.000000000000007 3.5000000000000004 35.500000000000007 107.50000000000001 16.500000000000004 16.500000000000004 6.5000000000000009 195.05000305175784 64.500000000000014 24.500000000000004 8.0000000000000018 8.0000000000000018 16.500000000000004 35.500000000000007 16.500000000000004 8.0000000000000018 16.500000000000004 4.5000000000000009 8.0000000000000018
decision_type=2 2 2 10 8 2 2 2 2 2 2 2 2 2 2 2 2 2 10 2 2 2 2 2 2 2 2 2 2 2
left_child=3 13 6 7 -5 8 27 12 11 -6 -10 14 -1 25 15 -4 -17 -9 19 -14 24 -22 -23 29 -21 -2 -27 -3 -29 -16
right_child=1 2 5 4 9 -7 -8 17 10 -11 -12 -13 18 -15 23 16 -18 -19 -20 20 21 22 -24 -25 -26 26 -28 28 -30 -31
leaf_value=-0.031507330421216069 -0.021575217851852773 -0.0063427550097333611 0.024438455704177041 0.11438587356642479 0.047174461015181017 0.13370942289442531 0.087403541680109789 0.095470803520248962 0.032781974416185695 -0.056547504697918478 0.14191644031924039 0.10362986667585899 -0.01690664110641529 0.053232824014342539 0.033937711497218602 0.03943504871855158 0.14196624312685655 0.0066488090173343157 -0.046962623259587152 -0.0065980737785888274 -0.0065537890488839845 0.0044131174830455561 0.14257771775841185 0.042557218320549678 0.056753983797648039 -0.018335550314200828 0.066631573967267002 0.092147546170326 0.013799365678323985 -0.039697407160782849
leaf_weight=2738 2014 2011 966 217 273 182 235 177 192 206 219 180 5170 233 179 202 162 305 581 3403 238 160 181 319 216 273 253 169 555 467
leaf_count=2738 2014 2011 966 217 273 182 235 177 192 206 219 180 5170 233 179 202 162 305 581 3403 238 160 181 319 216 273 253 169 555 467
internal_value=0.000303282 0.0168059 0.0277036 -0.0101822 0.0374304 0.0443973 0.0104511 -0.0127004 0.0387569 0.00251838 0.0909912 0.0300733 -0.0146784 -0.00691436 0.0242939 0.0410669 0.0851317 0.0393148 -0.0100446 -0.00775249 0.0035156 0.0430965 0.0778188 0.00115224 -0.0028104 -0.0124411 0.0224879 0.00383046 0.0321203 -0.0192574
internal_weight=22676 8811 6038 13865 696 3068 2970 13169 2886 479 411 2475 12687 2773 2295 1330 364 482 9949 9368 4198 579 341 965 3619 2540 526 2735 724 646
internal_count=22676 8811 6038 13865 696 3068 2970 13169 2886 479 411 2475 12687 2773 2295 1330 364 482 9949 9368 4198 579 341 965 3619 2540 526 2735 724 646
is_linear=0
shrinkage=0.0161


Tree=117
num_leaves=31
num_cat=0
split_feature=599 524 36 311 579 479 130 105 342 239 513 341 288 54 268 13 561 521 522 138 483 97 463 157 147 419 418 277 460 445
split_gain=12199.6 15193.8 12123.3 12003.2 7604.47 7135.68 6272.64 5876.3 6098.3 5030.18 4885.15 3887.57 3776.25 3994.42 3510.75 3434.4 4856.29 3261.67 3190.83 3816.75 3075.41 2906.58 3026.52 2866.17 2437.32 2374.76 2470.49 2265.13 2826.19 2605.63
threshold=226.84999847412112 278.50000000000006 10.500000000000002 5.5000000000000009 198.94999694824222 61.500000000000007 5.5000000000000009 16.500000000000004 43.500000000000007 35.500000000000007 132.50000000000003 35.500000000000007 16.500000000000004 20.000000000000004 3.5000000000000004 5.5000000000000009 171.05000305175784 117.50000000000001 142.50000000000003 6.5000000000000009 94.500000000000014 16.500000000000004 8.0000000000000018 10.500000000000002 6.5000000000000009 10.500000000000002 35.500000000000007 6.5000000000000009 6.5000000000000009 6.5000000000000009
decision_type=10 2 2 2 8 2 2 2 2 2 2 2 2 2 2 2 10 2 2 2 2 2 2 2 2 2 2 2 2 2
left_child=2 3 9 -2 -5 6 11 12 15 14 -11 -4 17 -14 -1 20 18 21 19 -17 -9 -8 -23 25 -24 -16 -27 28 -25 -29
right_child=1 -3 5 4 -6 -7 7 8 -10 10 -12 -13 13 -15 23 16 -18 -19 -20 -21 -22 22 24 27 -26 26 -28 29 -30 -31
leaf_value=-0.030279516197388036 0.17777774677182176 -0.071227054782385224 -0.016130228965889427 0.10711129077856361 -0.011185031049274093 0.089607449549413631 -0.0037001789656469553 0.029107568350642224 0.1328847013094292 0.0014430300271895638 0.10189532967807984 0.058638931072816612 0.016872462219853251 0.091194702241313957 -0.021454549896070724 0.097834402083286781 0.11096407357512246 -0.023759785651266054 -0.032498549554616757 0.020499768400980903 -0.059964988918610046 0.0059544021811105225 0.022961518895106354 -0.0085738209903804281 0.10477855463018135 -0.006805955809886668 0.050743751165255396 0.021539173893936187 0.076873415578525464 -0.016203491157166679
leaf_weight=2807 253 199 2526 265 300 298 1330 252 177 383 187 194 745 251 4718 240 246 1036 170 536 167 441 173 176 210 2002 214 771 232 1231
leaf_count=2807 253 199 2526 265 300 298 1330 252 177 383 187 194 745 251 4718 240 246 1036 170 536 167 441 173 176 210 2002 214 771 232 1231
internal_value=0.000375034 0.0548761 -0.00217662 0.0855828 0.0442574 0.0121311 0.00947274 0.0187019 0.0431371 -0.012292 0.0344397 -0.0107888 0.00825903 0.0356259 -0.0144862 0.033262 0.0472014 -0.000278236 0.0305955 0.044448 -0.00633773 0.0110047 0.034768 -0.0097392 0.0678835 -0.014997 -0.00123774 0.00537855 0.0399561 -0.00165647
internal_weight=22730 1017 21713 818 565 8992 8694 5974 1788 12721 570 2720 4186 996 12151 1611 1192 3190 946 776 419 2154 824 9344 383 6934 2216 2410 408 2002
internal_count=22730 1017 21713 818 565 8992 8694 5974 1788 12721 570 2720 4186 996 12151 1611 1192 3190 946 776 419 2154 824 9344 383 6934 2216 2410 408 2002
is_linear=0
shrinkage=0.0161


Tree=118
num_leaves=31
num_cat=0
split_feature=455 479 213 150 599 556 248 297 252 157 221 251 374 37 298 55 163 508 106 394 199 520 219 409 241 392 14 421 282 241
split_gain=12965.3 9672.53 6742.09 7574.31 6647.51 5816.83 5211.32 5866.61 4501.06 6807.42 4360.63 5781.24 4084.74 4126.53 4188.88 3629.56 3470.39 4738.04 4471.88 4061.77 3653.12 2553.39 2395.42 4124.79 2343.9 2537.66 2334.48 2498.17 2271.45 2210.97
threshold=8.0000000000000018 73.500000000000014 13.500000000000002 52.000000000000007 233.25000000000003 205.94999694824222 6.5000000000000009 35.500000000000007 16.500000000000004 20.000000000000004 20.000000000000004 6.5000000000000009 4.5000000000000009 5.5000000000000009 35.500000000000007 43.500000000000007 16.500000000000004 133.50000000000003 20.000000000000004 20.000000000000004 10.500000000000002 226.50000000000003 6.5000000000000009 16.500000000000004 6.5000000000000009 20.000000000000004 13.500000000000002 8.0000000000000018 43.500000000000007 5.5000000000000009
decision_type=2 2 2 2 10 10 2 2 2 2 2 2 2 2 2 2 2 2 2 2 2 2 2 2 2 2 2 2 2 2
left_child=4 2 6 8 12 -6 29 16 10 24 21 -12 -1 -14 15 28 17 19 26 -8 -21 22 -4 -24 -10 -26 27 -18 -15 -2
right_child=1 -3 3 -5 5 -7 7 -9 9 -11 11 -13 13 14 -16 -17 18 -19 -20 20 -22 -23 23 -25 25 -27 -28 -29 -30 -31
leaf_value=-0.028431426765963542 -0.033175346190288731 0.10773700527992579 -0.012713579986507085 0.11903924285658148 0.12348103877575292 -0.0096052014436353063 -0.0017011648880849834 0.080694402716747132 -0.020663881720462407 0.12066771136650725 0.12932061813921417 0.0066845775660832199 -0.02077987066299768 -0.0075778951962928763 0.063527108442803279 0.064605282051488119 -0.0015896413677771288 -0.033621522597144009 0.088407925936479975 0.018602704290485508 0.10800580403488665 -0.055198542548368333 0.0025297234613451906 0.07499345249152152 0.010737363594524277 0.094015161416207763 -0.025080559352136697 0.076781423386056535 0.04974558959815463 -0.0044122620194111846
leaf_weight=3592 1153 268 864 222 173 167 1545 301 207 269 173 236 3519 3788 274 205 223 859 274 335 184 190 686 290 223 166 273 199 188 1741
leaf_count=3592 1153 268 864 222 173 167 1545 301 207 269 173 236 3519 3788 274 205 223 859 274 335 184 190 686 290 223 166 273 199 188 1741
internal_value=-0.0004983 0.0122041 0.00978945 0.0279822 -0.0121091 0.058043 0.000734669 0.0122076 0.0218568 0.0534181 0.0106539 0.0586151 -0.0141733 -0.00774764 0.00254122 -0.00144983 0.00690494 -0.00184081 0.0333109 0.0113744 0.050344 0.000979162 0.00679291 0.0240851 0.023026 0.0463354 0.0115553 0.0353116 -0.00486151 -0.0158799
internal_weight=22787 10881 10613 3526 11906 340 7087 4193 3304 865 2439 409 11566 7974 4455 4181 3892 2923 969 2064 519 2030 1840 976 596 389 695 422 3976 2894
internal_count=22787 10881 10613 3526 11906 340 7087 4193 3304 865 2439 409 11566 7974 4455 4181 3892 2923 969 2064 519 2030 1840 976 596 389 695 422 3976 2894
is_linear=0
shrinkage=0.0161


Tree=119
num_leaves=31
num_cat=0
split_feature=157 599 479 453 477 252 550 427 542 268 129 64 280 325 57 481 356 248 557 259 294 21 157 456 356 96 295 99 391 69
split_gain=16060.9 10276.7 8520.1 5776.49 5061.86 5009.74 6729.52 6351.23 4806.17 4390.52 3938.02 4906.37 4487.47 6463.99 3438.06 3289.22 3201.91 3195.25 3110.15 2701.55 3266.92 2663.52 2511.74 2595.17 4335.03 2348.28 3724.97 2106.1 1996.46 1987.09
threshold=10.500000000000002 260.05000305175787 35.500000000000007 16.500000000000004 52.000000000000007 24.500000000000004 220.15000152587893 10.500000000000002 240.75000000000003 16.500000000000004 20.000000000000004 13.500000000000002 8.0000000000000018 8.0000000000000018 52.000000000000007 123.50000000000001 16.500000000000004 16.500000000000004 238.25000000000003 10.500000000000002 35.500000000000007 8.0000000000000018 61.500000000000007 43.500000000000007 6.5000000000000009 20.000000000000004 6.5000000000000009 10.500000000000002 6.5000000000000009 29.500000000000004
decision_type=2 10 2 2 2 2 8 2 8 2 2 2 2 2 2 2 2 2 10 2 2 2 2 2 2 2 2 2 2 2
left_child=1 3 5 14 25 10 9 -8 16 28 18 12 13 -12 19 -14 17 -4 22 -1 -21 -16 23 -2 -25 29 -27 -13 -7 -5
right_child=2 -3 8 4 -6 6 7 -9 -10 -11 11 27 15 -15 21 -17 -18 -19 -20 20 -22 -23 -24 24 -26 26 -28 -29 -30 -31
leaf_value=-0.024247741509527652 -0.004230594381392153 0.10610408452673327 -0.023220572479188354 -0.0080469696422344177 0.093872672453131412 -0.040182932000027823 0.035125248140110546 0.17770168280981166 0.14289726604649564 0.080996682113238933 0.15509453241790475 -0.044807532720395074 0.050926233935096599 0.027061601254323053 -0.011792402037448111 -0.035824029499130765 0.096875208410912156 0.07017174434311009 0.066898113162869574 -0.011257586423684031 0.052144401537842472 0.079859832439411541 -0.049769956608048789 -0.022426114368467705 0.085286487848473438 0.091240118394233585 -0.0022337904883145614 0.019646756374708415 0.020680932014840205 0.044402376887398842
leaf_weight=7678 3775 193 210 2269 166 241 165 160 175 211 208 236 317 202 164 176 213 173 170 3285 225 164 282 169 226 187 269 296 332 204
leaf_count=7678 3775 193 210 2269 166 241 165 160 175 211 208 236 317 202 164 176 213 173 170 3285 225 164 282 169 226 187 269 296 332 204
internal_value=-0.000689839 -0.0105979 0.0177876 -0.012141 0.00738074 0.0123121 0.0437757 0.105389 0.068649 0.0182044 0.00654736 0.0298461 0.0527001 0.0920723 -0.0173897 0.0199088 0.0468084 0.018903 -0.000681136 -0.0188973 -0.00718665 0.033962 -0.00326694 -0.000116489 0.0391423 0.0024708 0.0360471 -0.00890151 -0.00487693 -0.00371086
internal_weight=22741 14804 7937 14611 3095 7166 1109 325 771 784 6057 1435 903 410 11516 493 596 383 4622 11188 3510 328 4452 4170 395 2929 456 532 573 2473
internal_count=22741 14804 7937 14611 3095 7166 1109 325 771 784 6057 1435 903 410 11516 493 596 383 4622 11188 3510 328 4452 4170 395 2929 456 532 573 2473
is_linear=0
shrinkage=0.0161


Tree=120
num_leaves=31
num_cat=0
split_feature=395 297 359 158 61 351 249 343 480 597 579 599 368 155 169 168 212 12 58 493 120 418 296 478 302 272 32 99 565 488
split_gain=11827.4 6603.16 5714.98 5692.24 5215.87 5073.24 4116.42 5023.34 4067.75 4004.82 3635.51 6900.2 4450.2 4550.61 3224.73 2980.74 5428.37 5904.95 3862.11 2836.92 2697.99 4147.01 2683.57 2588.27 2428.06 2383.88 2350.95 2257.93 2054.33 4507.06
threshold=6.5000000000000009 52.000000000000007 61.500000000000007 5.5000000000000009 6.5000000000000009 35.500000000000007 3.5000000000000004 52.000000000000007 305.50000000000006 87.649997711181655 213.05000305175784 226.84999847412112 10.500000000000002 52.000000000000007 43.500000000000007 16.500000000000004 5.5000000000000009 10.500000000000002 52.000000000000007 257.50000000000006 13.500000000000002 5.5000000000000009 35.500000000000007 35.500000000000007 35.500000000000007 6.5000000000000009 43.500000000000007 4.5000000000000009 197.65000152587893 202.50000000000003
decision_type=2 2 2 2 2 2 2 2 2 8 10 10 2 2 2 2 2 2 2 2 2 2 2 2 2 2 2 2 10 2
left_child=2 3 9 5 -3 23 -5 8 10 -1 11 12 20 14 22 18 17 -17 27 -12 -8 -22 24 -2 26 -23 -14 -11 29 -29
right_child=1 4 -4 6 -6 -7 7 -9 -10 15 19 -13 13 -15 -16 16 -18 -19 -20 -21 21 25 -24 -25 -26 -27 -28 28 -30 -31
leaf_value=-0.028186022751428147 -0.015950319906024274 -0.00014818120698427726 0.080712580424382729 -0.016655087132516656 0.11332138675299901 0.064102490666726991 -0.01086232541347824 0.0844962522429617 0.096939708182608109 -0.031641201999872415 -0.054408197916144339 0.1152814171289267 0.014233965478519408 0.095188080519683582 0.087796517143107405 0.011378296890408097 -0.0096870845236745225 0.12313109101999929 0.063840988595096557 0.025399650960132331 0.079341584539876706 0.049849994903490638 0.07557279212225651 0.035948855838950571 -0.037341238351365581 -0.02108533851907015 0.076314931106737635 -0.010610516362759784 -0.043862391539668547 0.051799024009534053
leaf_weight=3605 3486 167 166 888 281 240 1805 301 162 1531 327 186 2140 245 186 313 946 202 165 178 248 177 198 268 218 401 171 2862 376 335
leaf_count=3605 3486 167 166 888 281 240 1805 301 162 1531 327 186 2140 245 186 313 946 202 165 178 248 177 198 268 218 401 171 2862 376 335
internal_value=-0.000438753 0.0102924 -0.012983 0.00799158 0.070971 -0.00764568 0.01597 0.0201461 0.0172263 -0.0144902 0.0152298 0.018738 0.015632 0.0285166 0.0229011 -0.00715042 0.0131895 0.0552571 -0.0127948 -0.0262313 0.000157699 0.0242675 0.0184661 -0.0122389 0.0139858 0.000596353 0.0188378 -0.0152769 -0.00825829 -0.00406352
internal_weight=22774 12273 10501 11825 448 3994 7831 6943 6642 10335 6480 5975 5789 3158 2913 6730 1461 515 5269 505 2631 826 2727 3754 2529 578 2311 5104 3573 3197
internal_count=22774 12273 10501 11825 448 3994 7831 6943 6642 10335 6480 5975 5789 3158 2913 6730 1461 515 5269 505 2631 826 2727 3754 2529 578 2311 5104 3573 3197
is_linear=0
shrinkage=0.0161


Tree=121
num_leaves=31
num_cat=0
split_feature=238 156 189 454 476 21 571 220 96 95 149 349 509 538 291 479 599 186 480 570 483 2 174 211 181 574 584 32 426 383
split_gain=13145.9 9333.76 6522.89 5186.22 4823.35 4426.66 4401.88 4163.51 4127.6 3518.54 4167.66 3454.96 3363.65 3205.32 3024.49 4164.62 5240.66 2961.62 2876.68 3127.11 2774.81 2689.71 2447.11 4089.06 2649.22 2371 2233.03 2231.54 2178.29 2110.4
threshold=87.000000000000014 4.5000000000000009 6.5000000000000009 16.500000000000004 43.500000000000007 35.500000000000007 228.75000000000003 10.500000000000002 13.500000000000002 43.500000000000007 13.500000000000002 3.5000000000000004 290.50000000000006 269.50000000000006 10.500000000000002 20.000000000000004 134.44999694824222 29.500000000000004 262.50000000000006 170.05000305175784 111.50000000000001 10.500000000000002 20.000000000000004 6.5000000000000009 10.500000000000002 124.95000076293947 244.44999694824222 16.500000000000004 35.500000000000007 6.5000000000000009
decision_type=2 2 2 2 2 2 10 2 2 2 2 2 2 2 2 2 8 2 2 8 2 2 2 2 2 8 8 2 2 2
left_child=1 14 11 4 12 6 8 -7 26 21 -11 -3 18 17 -1 -16 -17 28 19 22 -6 27 -4 -24 -25 -23 -5 29 -13 -10
right_child=-2 2 3 5 20 7 -8 -9 9 10 -12 13 -14 -15 15 16 -18 -19 -20 -21 -22 25 23 24 -26 -27 -28 -29 -30 -31
leaf_value=-0.025964112915869246 0.12816288903525053 -0.031233106962917711 0.0019105960953150131 -0.011271598713566412 0.11019678506765343 0.028495070357436984 -0.052696386749384892 0.14293250340842042 -0.0088220794913825146 0.041779080992379258 0.14530688793226204 -0.010516171078328378 -0.069646071815319496 0.054400680138242237 -0.013589168271761804 -0.018212232996465155 0.10247544302100427 0.043843857850045798 0.054782989595883139 -0.018718847088701005 0.017670021892175265 0.038938654590944678 0.092649457576583383 -0.042891554258532159 0.048339257130679637 -0.023395846895695276 0.046256622526932557 0.097679792008144126 0.046838135887440499 0.063532119259454747
leaf_weight=4914 198 1385 2621 773 162 169 189 162 183 252 169 4716 177 243 1641 175 199 298 252 1687 176 301 222 163 167 333 226 200 178 242
leaf_count=4914 198 1385 2621 773 162 169 189 162 183 252 169 4716 177 243 1641 175 199 298 252 1687 176 301 222 163 167 333 226 200 178 242
internal_value=-0.00244877 -0.00359538 0.00329262 0.0124318 0.00312161 0.0288009 0.0223557 0.0845748 0.0276593 0.0430704 0.0833937 -0.00853123 -0.000642178 -0.00274179 -0.0191522 -0.00252821 0.045941 -0.00542075 0.00174244 -0.00100297 0.0620868 0.0295679 0.00840867 0.0392201 0.00320544 0.00616117 0.00171923 0.0532741 -0.00842532 0.0323219
internal_weight=22773 22575 15646 8826 5627 3199 2868 331 2679 1680 421 6820 5289 5435 6929 2015 374 5192 5112 4860 338 1259 3173 552 330 634 999 625 4894 425
internal_count=22773 22575 15646 8826 5627 3199 2868 331 2679 1680 421 6820 5289 5435 6929 2015 374 5192 5112 4860 338 1259 3173 552 330 634 999 625 4894 425
is_linear=0
shrinkage=0.0161


Tree=122
num_leaves=31
num_cat=0
split_feature=157 598 520 214 36 186 169 43 300 58 246 575 598 576 209 230 512 358 534 305 510 12 335 534 63 308 17 510 538 198
split_gain=12539.2 8645.21 7752.74 6244.16 5209.92 5005.69 7166.17 4772.96 4378.25 5272 4438.71 3704.76 8584.83 3580.21 3234.06 3233.76 4557.15 4047.57 2994.26 2786.37 3231.97 2658.55 2623.66 4896.66 2559.23 2603.33 3507.91 2488 3591.96 4800.44
threshold=10.500000000000002 233.25000000000003 194.50000000000003 13.500000000000002 6.5000000000000009 20.000000000000004 24.500000000000004 16.500000000000004 20.000000000000004 16.500000000000004 13.500000000000002 224.44999694824222 215.15000152587893 99.350002288818374 43.500000000000007 8.0000000000000018 197.50000000000003 4.5000000000000009 129.50000000000003 13.500000000000002 171.50000000000003 20.000000000000004 35.500000000000007 76.500000000000014 4.5000000000000009 5.5000000000000009 8.0000000000000018 190.50000000000003 159.50000000000003 10.500000000000002
decision_type=2 10 2 2 2 2 2 2 2 2 2 10 10 10 2 2 2 2 2 2 2 2 2 2 2 2 2 2 2 2
left_child=1 4 -3 11 19 15 7 13 27 -10 -11 12 14 -7 22 21 17 -17 -19 -1 -21 -5 24 -24 25 -2 -27 28 -6 -30
right_child=3 2 -4 5 8 6 -8 -9 9 10 -12 -13 -14 -15 -16 16 -18 18 -20 20 -22 -23 23 -25 -26 26 -28 -29 29 -31
leaf_value=-0.025883774210388313 -0.010132558916471367 0.14222861064239894 0.0036438848486142262 -0.016416980640319167 -0.0078001568653171581 0.057659604421970802 0.16098850270546591 0.10045124064266331 0.0029137826819660337 0.028601395814804489 0.13601634997755083 -0.049132696982415541 0.11044521636638835 -0.036119038851729492 0.06921569199845938 0.13297756530009688 -0.014153111400443326 0.016079485374929318 0.097591532257417277 -0.012075831426317907 0.048616545886006272 0.042998178543657568 0.10121394616866673 -0.015675352336946873 -0.0096488328629138927 0.005749111114841189 0.081668009686455392 -0.03652481287442165 -0.003584280818954802 0.09140026023274006
leaf_weight=5597 457 182 247 685 4685 215 173 250 819 239 172 299 208 207 193 167 269 367 172 1387 272 273 186 185 2960 349 289 651 339 232
leaf_count=5597 457 182 247 685 4685 215 173 250 819 239 172 299 208 207 193 167 269 367 172 1387 272 273 186 185 2960 349 289 651 339 232
internal_value=1.15668e-05 -0.00872051 0.0624923 0.0163894 -0.0108447 0.0358295 0.0685296 0.0446919 -0.00107434 0.0265561 0.0736109 0.00584935 0.00925999 0.0116034 0.00469839 0.0215227 0.0421646 0.0636561 0.0421344 -0.0204516 -0.00211087 0.000489911 0.00187973 0.0428634 -0.00186414 0.0191579 0.0401756 -0.00683175 -0.00314953 0.0349672
internal_weight=22726 14822 429 7904 14393 2778 845 672 7137 1230 411 5126 4827 422 4619 1933 975 706 539 7256 1659 958 4426 371 4055 1095 638 5907 5256 571
internal_count=22726 14822 429 7904 14393 2778 845 672 7137 1230 411 5126 4827 422 4619 1933 975 706 539 7256 1659 958 4426 371 4055 1095 638 5907 5256 571
is_linear=0
shrinkage=0.0161


Tree=123
num_leaves=31
num_cat=0
split_feature=276 479 599 579 430 186 88 224 395 235 577 191 239 130 335 160 513 262 25 154 126 173 225 190 178 536 193 217 72 537
split_gain=15661.1 10637.8 10787.7 21612 7449.54 6495.17 6407.05 5840.82 6380.66 4538.73 4887.36 4865.54 4113.87 3506.99 4483.75 3551.37 3433.34 3368.35 3521.13 3342.1 5235.79 3113.25 3083.57 2464.1 4013.27 4587.04 2276.4 2501.51 2212.98 2519.96
threshold=5.5000000000000009 61.500000000000007 226.84999847412112 198.94999694824222 8.0000000000000018 20.000000000000004 8.0000000000000018 35.500000000000007 43.500000000000007 24.500000000000004 131.75000000000003 8.0000000000000018 35.500000000000007 6.5000000000000009 20.000000000000004 35.500000000000007 166.50000000000003 5.5000000000000009 20.000000000000004 16.500000000000004 20.000000000000004 8.0000000000000018 8.0000000000000018 13.500000000000002 8.0000000000000018 111.50000000000001 10.500000000000002 13.500000000000002 4.5000000000000009 76.500000000000014
decision_type=2 2 10 10 2 2 2 2 2 2 8 2 2 2 2 2 2 2 2 2 2 2 2 2 2 2 2 2 2 2
left_child=12 2 5 -4 -3 9 -5 8 19 13 11 -11 -1 15 -15 28 17 -16 26 23 -21 -12 -14 24 -7 -26 27 -19 29 -2
right_child=1 4 3 6 -6 7 -8 -9 -10 10 21 -13 22 14 16 -17 -18 18 -20 20 -22 -23 -24 -25 25 -27 -28 -29 -30 -31
leaf_value=-0.019027363213225172 -0.018677471033373989 0.0066618581504527133 0.18230141456197915 0.077422068991798043 0.14162788974945825 -0.024313760807134047 -0.045444178347064032 0.12090222244453343 0.10621461457481102 0.019307903990499906 0.043280832591986056 0.11629516676196718 -0.0087882532173283612 -0.0048879437057407892 0.0021441283006321614 0.045151823758213451 -0.021633416502608527 0.026208541100291312 0.12272374298654913 0.10303077237176038 0.01139959685312142 -0.027953605907131234 0.088982831536502244 -0.038883662575224798 -0.0037452849305929011 0.11016731901681029 0 0.11346314728744013 -0.010368632556198864 -0.063632790245342144
leaf_weight=8433 844 176 271 178 268 389 288 167 210 288 259 252 172 3815 376 233 279 184 183 229 552 412 162 373 194 173 214 160 2442 526
leaf_count=8433 844 176 271 178 268 389 288 167 210 288 259 252 172 3815 376 233 279 184 183 229 552 412 162 373 194 173 214 160 2442 526
internal_value=2.73964e-05 0.0106351 0.00808122 0.0679741 0.0881809 0.00461842 0.00143706 0.0291983 0.0219634 -0.000749949 0.0285578 0.0646122 -0.0168306 -0.00458694 0.00414081 -0.0158363 0.0288315 0.0414575 0.0613743 0.0126878 0.0382973 -0.000422673 0.0385632 -0.00500694 0.0116762 0.0498878 0.0412121 0.0668605 -0.0195703 -0.0359549
internal_weight=22702 13935 13491 737 444 12754 466 2287 2120 10467 1211 540 8767 9256 5211 4045 1396 1117 741 1910 781 671 334 1129 756 367 558 344 3812 1370
internal_count=22702 13935 13491 737 444 12754 466 2287 2120 10467 1211 540 8767 9256 5211 4045 1396 1117 741 1910 781 671 334 1129 756 367 558 344 3812 1370
is_linear=0
shrinkage=0.0161


Tree=124
num_leaves=31
num_cat=0
split_feature=248 479 214 298 477 95 21 236 190 43 391 540 531 397 598 556 104 545 518 393 31 117 502 94 527 309 213 486 550 404
split_gain=10990.5 7596.44 6561.8 7238.92 7681.44 6297.51 6185.23 4907.66 4875.5 4794.69 4617.66 4419.89 3938.19 3568.15 4654.67 3538.11 4428.47 5594.09 3641.85 3851.14 5588.85 3542.22 3287.3 3179.59 3706.39 3122.03 3115.9 3708.78 3992.77 3207.69
threshold=13.500000000000002 16.500000000000004 3.5000000000000004 52.000000000000007 29.500000000000004 43.500000000000007 35.500000000000007 6.5000000000000009 13.500000000000002 6.5000000000000009 5.5000000000000009 215.15000152587893 30.500000000000004 16.500000000000004 156.05000305175784 218.75000000000003 10.500000000000002 198.94999694824222 202.50000000000003 10.500000000000002 20.000000000000004 4.5000000000000009 94.500000000000014 24.500000000000004 125.50000000000001 6.5000000000000009 20.000000000000004 176.50000000000003 141.55000305175784 43.500000000000007
decision_type=2 2 2 2 2 2 2 2 2 2 2 10 2 2 8 10 2 10 2 2 2 2 2 2 2 2 2 2 8 2
left_child=2 5 -1 7 -5 26 9 11 -7 22 -11 -4 -9 -12 -15 16 21 18 19 -18 25 -14 -3 -23 -25 -21 29 28 -28 -2
right_child=1 6 3 4 -6 8 -8 12 -10 10 13 -13 15 14 -16 -17 17 -19 -20 20 -22 23 -24 24 -26 -27 27 -29 -30 -31
leaf_value=-0.025352340382339734 -0.0091069240857792784 0.037300588886601448 -0.016485019754061993 0.0071649587526640057 0.15136466453559388 0.013048110306196665 0.13056555514785495 -0.015071678428829617 0.12935307826713721 0.11447308158408599 0.012402083544282521 0.053310019656250443 0.054551638384489218 0.022405303925903255 0.13956914797181927 -0.029451605651560846 0.012815044272385027 0.12499940610241669 -0.035572634783032721 -0.0079044319268948907 0.13563419086658357 -0.013006552028460235 -0.035516899267600321 -0.00993080626759444 0.096826918243172203 0.076545130443639822 0.018377047875154283 -0.028335739013540279 0.11168648321607406 0.060123010202579992
leaf_weight=3786 3316 308 5791 233 163 193 193 1570 182 256 576 245 314 188 166 428 744 174 199 225 207 1628 336 175 162 228 304 191 196 183
leaf_count=3786 3316 308 5791 233 163 193 193 1570 182 256 576 245 314 188 166 428 744 174 199 225 207 1628 336 175 162 228 304 191 196 183
internal_value=0.000316955 0.0178624 -0.00678519 -0.00115338 0.0665793 0.00634756 0.0438347 -0.00337387 0.0695576 0.0346748 0.0538786 -0.0136482 0.00686598 0.0371735 0.077413 0.0145523 0.0192016 0.0382549 0.0288244 0.0379687 0.066288 0.00433483 -0.000654597 -0.00367766 0.0413191 0.034548 0.000684725 0.0319321 0.0550014 -0.00547943
internal_weight=22860 6588 16272 12486 396 4565 2023 12090 375 1830 1186 6036 6054 930 354 4484 4056 1777 1603 1404 660 2279 644 1965 337 453 4190 691 500 3499
internal_count=22860 6588 16272 12486 396 4565 2023 12090 375 1830 1186 6036 6054 930 354 4484 4056 1777 1603 1404 660 2279 644 1965 337 453 4190 691 500 3499
is_linear=0
shrinkage=0.0161


Tree=125
num_leaves=31
num_cat=0
split_feature=95 237 490 599 248 97 12 544 559 319 536 480 481 574 599 383 164 200 132 395 415 583 6 541 360 338 332 319 321 75
split_gain=12370.2 8189.38 7384.3 13341 8379.21 5417.34 4986.84 6887.53 8124.81 4067.06 3868.73 4393.54 3623.32 8953.67 4004.66 3568.48 3537.7 2876.53 2711.09 2755.81 2479.97 4396.78 2282.03 2739.54 2648.91 4366.51 3654.41 3409.27 5624.64 2725.59
threshold=16.500000000000004 43.500000000000007 210.50000000000003 224.44999694824222 13.500000000000002 4.5000000000000009 10.500000000000002 85.149997711181655 108.85000228881837 10.500000000000002 176.50000000000003 197.50000000000003 242.50000000000003 149.65000152587893 231.15000152587893 73.500000000000014 6.5000000000000009 10.500000000000002 3.5000000000000004 4.5000000000000009 35.500000000000007 164.05000305175784 13.500000000000002 179.15000152587893 8.0000000000000018 6.5000000000000009 3.5000000000000004 10.500000000000002 5.5000000000000009 29.500000000000004
decision_type=2 2 2 10 2 2 2 10 10 2 2 2 2 10 10 2 2 2 2 2 2 8 2 10 2 2 2 2 2 2
left_child=5 2 3 4 -2 10 -6 9 -9 -8 -1 16 15 -14 -15 18 -12 -10 -7 -20 22 -22 24 -24 29 -26 -27 28 -28 -21
right_child=1 -3 -4 -5 6 12 7 8 17 -11 11 -13 13 14 -16 -17 -18 -19 19 20 21 -23 23 -25 25 26 27 -29 -30 -31
leaf_value=-0.023512303274963706 0.0010674627607165368 0.10442243994872609 -0.031304145754390555 0.16612623567879792 0.017098905242200941 -0.018710996205031648 -0.014943167017624437 0.19349889035796522 0.023527476805204887 0.079924855173009277 0.0054904113422608375 -0.028705718652205049 0.13898407143722069 -0.020578754026078772 0.069974195870127862 0.065570105846163795 0.11141919907634543 0.11284243394312814 -0.013096475591687388 -0.0064753716787517906 0.0039114253549210861 0.10910499244927781 -0.0021207787395446684 -0.057987952536214638 -0.0049725032540401896 0.11647476744397918 -0.0076278982317779373 -0.0040284641612317327 0.10792306907926888 0.059569173958400848
leaf_weight=4736 2666 297 698 167 897 2188 284 188 208 199 161 264 167 432 179 202 167 171 2426 1798 270 167 1737 262 652 171 178 342 281 178
leaf_count=4736 2666 297 698 167 897 2188 284 188 208 199 161 264 167 432 179 202 167 171 2426 1798 270 167 1737 262 652 171 178 342 281 178
internal_value=0.00171455 0.0220669 0.0175975 0.0247433 0.0196199 -0.005215 0.0450113 0.0688341 0.106904 0.0240945 -0.0186595 0.0201227 0.000942274 0.034506 0.00591133 -0.00146181 0.0594954 0.0638874 -0.00273542 0.00139257 0.00721993 0.0441651 0.00433217 -0.00945481 0.0119943 0.0272284 0.0488524 0.0343868 0.0630612 -0.000514104
internal_weight=22733 5775 5478 4780 4613 16958 1947 1050 567 483 5328 592 11630 778 611 10852 328 379 10650 8462 6036 437 5599 1999 3600 1624 972 801 459 1976
internal_count=22733 5775 5478 4780 4613 16958 1947 1050 567 483 5328 592 11630 778 611 10852 328 379 10650 8462 6036 437 5599 1999 3600 1624 972 801 459 1976
is_linear=0
shrinkage=0.0161


Tree=126
num_leaves=31
num_cat=0
split_feature=154 157 59 454 277 194 499 102 73 313 14 512 530 476 499 462 264 564 597 488 587 596 288 486 566 217 253 583 409 456
split_gain=12016 7122.05 6272.27 5558.51 7067.07 5258.72 5150.21 6585.4 4816.1 4151.48 7624.59 4142.79 8160.04 3990.06 3687.83 3670.77 3591.55 2835.14 5311.32 3161.67 4158.56 6803.35 3075.73 2767.14 4411.36 2652.92 2699.06 2636.15 2567.89 2232.88
threshold=8.0000000000000018 10.500000000000002 52.000000000000007 29.500000000000004 16.500000000000004 3.5000000000000004 164.50000000000003 16.500000000000004 8.0000000000000018 20.000000000000004 16.500000000000004 142.50000000000003 143.50000000000003 61.500000000000007 278.50000000000006 43.500000000000007 8.0000000000000018 197.65000152587893 220.15000152587893 57.500000000000007 112.95000076293947 125.85000228881837 16.500000000000004 219.50000000000003 155.05000305175784 29.500000000000004 6.5000000000000009 195.05000305175784 13.500000000000002 8.0000000000000018
decision_type=2 2 2 2 2 2 2 2 2 2 2 2 2 2 2 2 2 10 10 2 8 10 2 2 10 2 2 10 2 2
left_child=2 13 5 9 28 -1 7 -6 -4 11 -11 12 -3 14 29 17 -17 18 19 -7 21 22 -21 27 -25 26 -13 -22 -5 -2
right_child=1 3 8 4 6 15 -8 -9 -10 10 -12 25 -14 -15 -16 16 -18 -19 -20 20 23 -23 -24 24 -26 -27 -28 -29 -30 -31
leaf_value=-0.031607920295151692 -0.012221289629064748 0.0086741916810902219 0.11879997281713812 -0.019681212646099917 0.076421311023624053 -0.018407319974463574 0.022764986858737488 0.20728835107495988 -0.0024500003472201215 0.12803148593597924 0.012959897879248596 0.034091552116999033 0.1154205012181716 0.075341524752610509 0.064194217455276315 -0.0098220160321462243 0.077282398388060281 -0.039697168363454723 0.082270201625731162 -0.0035282524653273625 -0.019482273673559997 0.12465341119119829 0.070599831380374053 0.091096810046085969 -0.018182407950261839 -0.071906569623318206 -0.03349311374556755 0.036959446130659261 0.061369524102975588 0.0093881032222183948
leaf_weight=2989 3311 1325 167 262 254 4196 170 165 172 232 420 267 216 181 213 234 257 739 170 713 2329 163 182 177 208 201 359 236 165 1980
leaf_count=2989 3311 1325 167 262 254 4196 170 165 172 232 420 267 216 181 213 234 257 739 170 713 2329 163 182 177 208 201 359 236 165 1980
internal_value=-0.000947709 0.0125756 -0.011115 0.0289313 0.061516 -0.0129562 0.0976752 0.128012 0.0572114 0.0179612 0.0539417 0.00804448 0.023652 0.000959978 -0.0014818 -0.00714892 0.0357224 -0.00946136 -0.00679026 -0.00863861 0.00158245 0.0289717 0.0115195 -0.00823256 0.0319965 -0.0210094 -0.00462947 -0.01428 0.011583 -0.00413017
internal_weight=22653 9721 12932 4036 1016 12593 589 419 339 3020 652 2368 1541 5685 5504 9604 491 9113 8374 8204 4008 1058 895 2950 385 827 626 2565 427 5291
internal_count=22653 9721 12932 4036 1016 12593 589 419 339 3020 652 2368 1541 5685 5504 9604 491 9113 8374 8204 4008 1058 895 2950 385 827 626 2565 427 5291
is_linear=0
shrinkage=0.0161


Tree=127
num_leaves=31
num_cat=0
split_feature=599 567 247 154 140 177 41 155 578 590 552 556 465 96 321 249 220 8 155 567 475 431 247 308 7 425 585 446 37 354
split_gain=9432.26 15800.4 9297.9 6311.75 5200.97 4677.09 4993.7 4377.88 3646.47 6478.54 3309.11 4191.44 3262.89 3193.21 3147.05 3111.29 4898.19 2979.07 4759.64 3005.46 2591.42 3567.87 2459.51 2815.66 2424.87 2284.84 2521.91 2452.15 3283.13 2190.97
threshold=255.05000305175784 220.15000152587893 6.5000000000000009 10.500000000000002 61.500000000000007 52.000000000000007 5.5000000000000009 4.5000000000000009 238.25000000000003 213.05000305175784 207.44999694824222 204.25000000000003 13.500000000000002 4.5000000000000009 10.500000000000002 13.500000000000002 20.000000000000004 24.500000000000004 29.500000000000004 182.25000000000003 43.500000000000007 8.0000000000000018 10.500000000000002 8.0000000000000018 43.500000000000007 5.5000000000000009 150.65000152587893 6.5000000000000009 8.0000000000000018 10.500000000000002
decision_type=10 10 2 2 2 2 2 2 8 8 10 8 2 2 2 2 2 2 2 10 2 2 2 2 2 2 10 2 2 2
left_child=2 -2 4 12 13 6 -5 -8 10 -10 11 17 24 -1 -11 25 -17 19 29 22 -15 -22 23 -9 -4 -14 27 -27 -29 -19
right_child=1 -3 3 5 -6 -7 7 8 9 14 -12 -13 15 20 -16 16 -18 18 -20 -21 21 -23 -24 -25 -26 26 -28 28 -30 -31
leaf_value=-0.027030086234566601 0.16455438087331076 -0.037773990691839662 -0.01405593562826111 -0.0084129209667784029 0.06772613380854671 0.084929956684709318 -0.027434811411961968 0.015091261303069045 0.15544758810482975 0.0071023375584523931 -0.032678239929501758 0.1093397691808196 -0.031678991984523022 -0.010692881165065475 0.090572619051083145 0.017724661063996887 0.11858903499278473 0.056296600104843261 0.12347270053720029 -0.053595327215245556 -0.019427352067488923 0.084431767209212721 0.0041960377547180759 0.099431830815828945 0.031576232988047653 -0.0062279405444126664 -0.02721374991960724 0.098925901290343482 0.0060709906880812257 -0.015302244924801235
leaf_weight=3676 228 178 4191 1420 201 278 340 237 162 315 238 162 421 6473 187 536 163 257 180 163 164 179 862 182 325 281 281 213 185 194
leaf_count=3676 228 178 4191 1420 201 278 340 237 162 315 238 162 421 6473 187 536 163 257 180 163 164 179 862 182 325 281 281 213 185 194
internal_value=-0.00111706 0.0757909 -0.00250797 0.00736176 -0.0133767 0.0206687 0.0170173 0.0274037 0.0333511 0.0668733 0.0243481 0.0304258 -0.00307888 -0.0149327 0.0382427 0.0136014 0.0412789 0.0242535 0.0534464 0.0114804 -0.0084049 0.0347046 0.0197793 0.0517822 -0.0107667 -0.000390746 0.0133059 0.0301094 0.0558238 0.0254458
internal_weight=22872 406 22466 11773 10693 5177 4899 3479 3139 664 2475 2237 6596 10492 502 2080 699 2075 631 1444 6816 343 1281 419 4516 1381 960 679 398 451
internal_count=22872 406 22466 11773 10693 5177 4899 3479 3139 664 2475 2237 6596 10492 502 2080 699 2075 631 1444 6816 343 1281 419 4516 1381 960 679 398 451
is_linear=0
shrinkage=0.0161


Tree=128
num_leaves=31
num_cat=0
split_feature=599 569 276 94 238 540 597 105 113 172 536 462 392 356 39 594 276 83 94 570 599 166 135 338 59 197 330 9 576 389
split_gain=11000.8 16084.3 10625.3 6444 4562.4 4475.64 5459.47 4184.78 4346.42 3936.37 6448.75 3612.69 3456.23 3262.57 3405.68 6897.75 3145.02 3070.27 3146.23 2705.84 5169.47 2552.66 4028.6 4280.88 5395.61 2582.12 2352.13 2340.45 2756.85 2335.47
threshold=260.05000305175787 226.84999847412112 3.5000000000000004 16.500000000000004 61.500000000000007 221.94999694824222 192.55000305175784 16.500000000000004 16.500000000000004 10.500000000000002 117.50000000000001 20.000000000000004 5.5000000000000009 8.0000000000000018 24.500000000000004 231.15000152587893 16.500000000000004 5.5000000000000009 5.5000000000000009 172.25000000000003 186.44999694824222 13.500000000000002 20.000000000000004 6.5000000000000009 10.500000000000002 4.5000000000000009 10.500000000000002 20.000000000000004 113.64999771118165 35.500000000000007
decision_type=10 8 2 2 2 10 10 2 2 2 2 2 2 2 2 8 2 2 2 10 10 2 2 2 2 2 2 2 8 2
left_child=2 -2 29 4 13 6 7 8 27 10 16 12 -10 19 21 17 -9 -16 -19 20 -4 25 23 24 -23 -15 -25 -5 -29 -1
right_child=1 -3 3 5 -6 -7 -8 9 11 -11 -12 -13 -14 14 15 -17 -18 18 -20 -21 -22 22 -24 26 -26 -27 -28 28 -30 -31
leaf_value=-0.025691129558644395 0.19360439866129847 -0.024174019549633264 -0.0088292186619691061 -0.011239870938853794 0.070598922632515451 0.078904858737775224 -0.037970729392132509 0.0098707787201588668 0.12377029245551595 0.013046096528160505 0.14496845622901899 -0.020058256375589188 0.038570847020492419 -0.029349610251641331 -0.042370051158306207 0.12371714273451316 0.093824328333677709 -0.014741671925298721 0.065991201634557337 -0.037359179897670763 0.082754694639942838 0.0186523861677577 -0.030394858649825499 0.036746728187918833 0.12743338577274374 0.0023398000018830631 -0.029561397500463091 0.065364008309244895 -0.0058530654174225611 0.029366186187940613
leaf_weight=4317 184 168 6121 1570 223 313 440 329 162 533 214 193 525 941 192 182 179 211 306 831 164 249 320 286 226 2281 269 261 305 209
leaf_count=4317 184 168 6121 1570 223 313 440 329 162 533 214 193 525 941 192 182 179 211 306 831 164 249 320 286 226 2281 269 261 305 209
internal_value=0.000292312 0.0895978 -0.00111302 0.00447917 -0.00158317 0.0199317 0.0160085 0.021575 0.0112845 0.0462864 0.0707927 0.0413969 0.0586958 -0.00286468 0.00649075 0.035287 0.0394992 0.0125539 0.0329967 -0.0100502 -0.00643569 0.000873728 0.0194634 0.0349762 0.0704588 -0.00690793 0.00456579 -0.00111038 0.0269457 -0.0231435
internal_weight=22704 352 22352 17826 12802 5024 4711 4271 3016 1255 722 880 687 12579 5463 891 508 709 517 7116 6285 4572 1350 1030 475 3222 555 2136 566 4526
internal_count=22704 352 22352 17826 12802 5024 4711 4271 3016 1255 722 880 687 12579 5463 891 508 709 517 7116 6285 4572 1350 1030 475 3222 555 2136 566 4526
is_linear=0
shrinkage=0.0161


Tree=129
num_leaves=31
num_cat=0
split_feature=394 479 357 520 165 456 251 386 192 385 128 369 390 599 570 483 409 298 522 491 531 564 504 479 539 128 207 483 592 413
split_gain=11496.7 7907.12 7807 5670.2 5138.89 5294.15 6880.8 4467.55 5041.43 4552.33 4454.82 4093.14 3930.45 3656.53 5792.16 4375.06 3114.8 3150.32 4307.86 3986.72 3297.03 2994.86 5456.49 3017.11 4353.65 2844.49 3597.42 3633.94 2604.73 2596.23
threshold=10.500000000000002 35.500000000000007 35.500000000000007 15.500000000000002 4.5000000000000009 29.500000000000004 20.000000000000004 8.0000000000000018 29.500000000000004 13.500000000000002 13.500000000000002 10.500000000000002 52.000000000000007 231.15000152587893 191.15000152587893 217.50000000000003 4.5000000000000009 20.000000000000004 135.50000000000003 152.50000000000003 160.50000000000003 191.15000152587893 210.50000000000003 16.500000000000004 157.50000000000003 20.000000000000004 6.5000000000000009 80.500000000000014 133.65000152587893 10.500000000000002
decision_type=2 2 2 2 2 2 2 2 2 2 2 2 2 10 10 2 2 2 2 2 2 10 2 2 2 2 2 2 10 2
left_child=3 4 10 -1 28 13 11 21 12 -10 -3 -7 25 14 15 16 -6 19 -19 20 -18 22 23 -5 -25 -9 -27 -28 -2 -12
right_child=1 2 -4 7 5 6 -8 8 9 -11 29 -13 -14 -15 -16 -17 17 18 -20 -21 -22 -23 -24 24 -26 26 27 -29 -30 -31
leaf_value=-0.025993806330835888 -0.00083594665128532456 0.0020872200161551648 0.15977986223817819 -0.018168746117607302 -0.015057980488228619 -0.022657400123414287 0.12551968596754362 -0.0048722985497171275 0.012784054747268571 0.11486849391501512 0.0388991861526908 0.064512869111356799 0.077448066081472255 0.071116944517929548 -0.043236543314809091 0.083527645458617711 0.013263617610885034 0.024123366945954371 0.12212418908160549 -0.036294766465348877 0.084067767469220581 -0.049008201149120752 0.066307263562813912 -0.0037850739918987922 0.080590937291727158 0.091581266115145527 0.06706642069721841 -0.022169265631809203 -0.042251562290349001 0.12738601355046822
leaf_weight=3434 1543 410 167 3997 919 257 255 3750 247 210 184 305 180 255 500 227 1759 391 166 389 189 516 242 777 199 184 181 341 529 163
leaf_count=3434 1543 410 167 3997 919 257 255 3750 247 210 184 305 180 255 500 227 1759 391 166 389 189 516 242 777 199 184 181 341 529 163
internal_value=0.000901676 0.0155951 0.0600985 -0.00796757 0.0102405 0.0182424 0.0561334 -0.00224643 0.00872313 0.0597453 0.0380769 0.0246084 0.00368848 0.0117814 0.00844349 0.0148454 0.0107503 0.018954 0.0533723 0.0107406 0.0201453 -0.0119989 -0.0083325 -0.0119694 0.0133945 0.00070368 0.0303545 0.00872752 -0.0114211 0.0805329
internal_weight=22866 8608 924 14258 7684 5612 817 10824 5093 457 757 562 4636 4795 4540 4040 3813 2894 557 2337 1948 5731 5215 4973 976 4456 706 522 2072 347
internal_count=22866 8608 924 14258 7684 5612 817 10824 5093 457 757 562 4636 4795 4540 4040 3813 2894 557 2337 1948 5731 5215 4973 976 4456 706 522 2072 347
is_linear=0
shrinkage=0.0161


Tree=130
num_leaves=31
num_cat=0
split_feature=276 599 154 239 514 359 52 252 421 157 326 140 138 166 65 251 537 443 99 507 535 139 533 307 209 158 388 141 455 422
split_gain=9755.72 7121.18 6350.08 5444.39 4776.56 5024.54 7390.77 4447.53 4399.47 5373.53 4300.52 6697.12 5468.56 3546.71 4521.79 3030.96 4394.74 2757.73 2892.4 3667.74 3307.5 3282.8 5072.58 2755.54 2727.84 2697.35 2659.71 2643.58 4453.81 3520.51
threshold=6.5000000000000009 255.05000305175784 8.0000000000000018 43.500000000000007 219.50000000000003 43.500000000000007 13.500000000000002 16.500000000000004 20.000000000000004 24.500000000000004 8.0000000000000018 16.500000000000004 6.5000000000000009 13.500000000000002 29.500000000000004 24.500000000000004 102.50000000000001 35.500000000000007 10.500000000000002 122.50000000000001 118.50000000000001 6.5000000000000009 126.50000000000001 20.000000000000004 16.500000000000004 8.0000000000000018 6.5000000000000009 10.500000000000002 8.0000000000000018 8.0000000000000018
decision_type=2 10 2 2 2 2 2 2 2 2 2 2 2 2 2 2 2 2 2 2 2 2 2 2 2 2 2 2 2 2
left_child=3 2 10 13 5 7 -7 17 9 15 -2 27 -13 -1 23 16 -9 18 19 20 -4 22 -20 -15 -23 -14 -6 -12 -29 -30
right_child=1 -3 4 -5 26 6 -8 8 -10 -11 11 12 25 14 -16 -17 -18 -19 21 -21 -22 24 -24 -25 -26 -27 -28 28 29 -31
leaf_value=-0.018284725961042057 -0.016360534250136689 0.088610404875113694 0.0073043611242348313 0.055197272874709415 0.022843940687749274 0.015639983073132364 0.15054414233816202 0.019052455274131946 -0.0065141194281702767 0.12806217666114683 -0.015523819149819587 0.12452738975552183 -0.025250799266150717 -0.010667806960107121 0.067122190686126751 -0.015350707354140004 0.11706509558849151 -0.033497464489264044 0.031963974836285367 -0.033349787744011185 0.084003935459864371 -0.0063553586259376292 0.13750484808876012 0.042220337695753403 0.060567799035546335 0.057451037919836197 -0.043227037530689051 -0.025644279153683818 0.012497801273684467 0.11600484647062155
leaf_weight=7969 3194 292 1153 312 244 227 197 274 299 251 1363 209 172 1939 261 182 210 323 400 523 167 564 168 294 219 251 446 256 175 167
leaf_count=7969 3194 292 1153 312 244 227 197 274 299 251 1363 209 172 1939 261 182 210 323 400 523 167 564 168 294 219 251 446 256 175 167
internal_value=4.05323e-05 0.0100737 0.00810052 -0.0110622 0.0199346 0.0252595 0.078375 0.0204962 0.0470445 0.0645336 -0.0038522 0.0115462 0.0571255 -0.0130403 0.00370762 0.0405559 0.0616272 0.0113104 0.0158491 0.00271766 0.0170259 0.0337453 0.0632217 -0.00369394 0.0123326 0.0237672 -0.0198287 -0.00313128 0.0250752 0.0631095
internal_weight=22701 11926 11634 10775 5847 5157 424 4733 1216 917 5787 2593 632 10463 2494 666 484 3517 3194 1843 1320 1351 568 2233 783 423 690 1961 598 342
internal_count=22701 11926 11634 10775 5847 5157 424 4733 1216 917 5787 2593 632 10463 2494 666 484 3517 3194 1843 1320 1351 568 2233 783 423 690 1961 598 342
is_linear=0
shrinkage=0.0161


Tree=131
num_leaves=31
num_cat=0
split_feature=249 167 456 198 481 556 505 547 537 437 96 190 200 536 563 277 302 446 495 411 273 28 524 284 108 221 53 132 247 132
split_gain=9176.92 8192.78 6503.28 5076.56 4617.54 4260.29 4190.46 4173.27 7904.49 11631.1 5329.34 6036.09 3541.31 6365.02 9225.86 3462.6 3185.94 5759.89 3649.76 3507.41 3127.75 3002.6 2976.35 2895.59 3225.69 2863.86 3585.15 2672.7 2608.84 2545.4
threshold=5.5000000000000009 16.500000000000004 6.5000000000000009 8.0000000000000018 290.50000000000006 93.649997711181655 142.50000000000003 203.05000305175784 162.50000000000003 13.500000000000002 20.000000000000004 20.000000000000004 8.0000000000000018 116.50000000000001 121.64999771118165 24.500000000000004 10.500000000000002 4.5000000000000009 93.500000000000014 24.500000000000004 10.500000000000002 29.500000000000004 62.500000000000007 16.500000000000004 10.500000000000002 8.0000000000000018 24.500000000000004 2.5000000000000004 13.500000000000002 10.500000000000002
decision_type=2 2 2 2 2 8 2 10 2 2 2 2 2 2 10 2 2 2 2 2 2 2 2 2 2 2 2 2 2 2
left_child=3 2 -2 27 6 -5 12 8 10 20 21 22 15 23 -15 -4 19 -18 -19 -7 -10 -3 -12 -14 -25 -8 -27 -1 -17 -9
right_child=1 7 4 5 -6 16 25 29 9 -11 11 -13 13 14 -16 28 17 18 -20 -21 -22 -23 -24 24 -26 26 -28 -29 -30 -31
leaf_value=-0.044929558909372114 -0.015137638554026438 0 -0.0022287294763756412 -0.023286676668499755 0.087341249990305361 -0.0097420705274423366 -0.033809187937774252 -0.054629039965557631 -0.01234776806839466 0.17546285571993675 -0.013439771543829564 0.14155365223239952 0.005146798827088587 0.18618920635750202 0.024580345264622376 0.017080948161696197 0.11726119525252464 0.073992046046879117 -0.010147329598039115 0.065077038828755387 0.081069621684035309 0.06118879517700223 0.069130714358874634 0.0093191396336844232 0.10737829095496171 -0.0089629199610212883 0.067269382085562462 -0.016597425948233397 0.095673056227658593 0.021999757344985733
leaf_weight=1068 3953 1477 2382 1030 199 1118 844 222 196 241 206 182 1030 160 215 307 198 198 410 190 176 242 250 173 176 781 201 4533 171 227
leaf_count=1068 3953 1477 2382 1030 199 1118 844 222 196 241 206 182 1030 160 215 307 198 198 410 190 176 242 250 173 176 781 201 4533 171 227
internal_value=0.000127426 0.00820585 0.00120886 -0.0128129 0.0109455 0.00355341 0.00858113 0.0298755 0.036794 0.088311 0.0233856 0.0631299 0.0167533 0.0347669 0.0935962 0.00569759 0.0166418 0.041821 0.0172146 0.00110815 0.0317864 0.00862102 0.0317775 0.018752 0.0588376 -0.0120558 0.00661667 -0.022004 0.0452458 -0.0158356
internal_weight=22756 14011 10592 8745 6639 3144 6440 3419 2970 613 2357 638 4614 1754 375 2860 2114 806 608 1308 372 1719 456 1379 349 1826 982 5601 478 449
internal_count=22756 14011 10592 8745 6639 3144 6440 3419 2970 613 2357 638 4614 1754 375 2860 2114 806 608 1308 372 1719 456 1379 349 1826 982 5601 478 449
is_linear=0
shrinkage=0.0161


Tree=132
num_leaves=31
num_cat=0
split_feature=428 96 177 429 516 332 473 476 97 280 448 492 565 534 570 223 511 204 196 467 155 567 429 471 36 322 210 464 49 54
split_gain=8053.49 6267.87 5685.01 5036.33 5922.59 5069.68 8650.32 5638.71 5048.07 4505.92 5629.23 3834.72 4976.53 5511 6783.94 3737.05 4469.03 3628 3067.36 4719.34 3035.96 6390.9 2714.18 2445.57 2355.1 2490.77 2282.91 2505.7 2393.58 2222.21
threshold=4.5000000000000009 20.000000000000004 73.500000000000014 4.5000000000000009 259.50000000000006 5.5000000000000009 20.000000000000004 43.500000000000007 29.500000000000004 52.000000000000007 8.0000000000000018 201.50000000000003 216.75000000000003 240.50000000000003 154.15000152587893 24.500000000000004 121.50000000000001 8.0000000000000018 5.5000000000000009 8.0000000000000018 35.500000000000007 132.44999694824222 20.000000000000004 10.500000000000002 5.5000000000000009 52.000000000000007 13.500000000000002 10.500000000000002 6.5000000000000009 43.500000000000007
decision_type=2 2 2 2 2 2 2 2 2 2 2 2 8 2 10 2 2 2 2 2 2 8 2 2 2 2 2 2 2 2
left_child=15 2 9 -3 5 6 8 20 18 11 -11 24 13 14 -13 -1 -17 -14 -5 -20 22 -22 26 -16 -2 29 28 -28 -7 -26
right_child=1 3 -4 4 -6 7 -8 -9 -10 10 -12 12 17 -15 23 16 -18 -19 19 -21 21 -23 -24 -25 25 -27 27 -29 -30 -31
leaf_value=-0.020488848459286359 -0.015842187968673371 -0.026756878161713502 0.086872880966151617 -0.024921039844966058 -0.055728099732422633 -0.044379021783919337 0.15539176820511358 0.10658248925940801 0.1181285878959325 0.12398649353845699 -0.0018347620804586369 0.097981769856865603 0.029161342138107841 0.11828430027332404 0.024802492885651107 -0.008438630304992454 0.089909538021860858 -0.050479804094031702 0.10541229116835613 -0.0063974145232758182 0.12576029815953366 -0.0089333026445262403 -0.025641269642461377 -0.045625910728599825 -0.00084353756635016587 -0.05146261145972747 0.095841682404177148 0.0075772380324472532 0.024321047100870852 0.041301183141629803
leaf_weight=5524 4193 450 192 243 193 203 218 183 173 165 208 221 265 203 268 365 178 336 190 201 172 194 554 244 6254 240 172 163 373 342
leaf_count=5524 4193 450 192 243 193 203 218 183 173 165 208 221 265 203 268 365 178 336 190 201 172 194 554 244 6254 240 172 163 373 342
internal_value=-0.000622952 0.0051139 -8.97435e-05 0.0236779 0.0307073 0.0362044 0.0653642 0.0213522 0.0410153 -0.00138199 0.0537603 -0.00302067 0.0208003 0.0440209 0.023422 -0.0165249 0.0237574 -0.0153243 0.0199362 0.0478745 0.0128209 0.054301 0.00244191 -0.00871507 -0.00634249 -0.000512216 0.0195458 0.0529654 6.81815e-05 0.00133808
internal_weight=22880 16813 13131 3682 3232 3039 1025 2014 807 12939 373 12566 1537 936 733 6067 543 601 634 391 1831 366 1465 512 11029 6836 911 335 576 6596
internal_count=22880 16813 13131 3682 3232 3039 1025 2014 807 12939 373 12566 1537 936 733 6067 543 601 634 391 1831 366 1465 512 11029 6836 911 335 576 6596
is_linear=0
shrinkage=0.0161


Tree=133
num_leaves=31
num_cat=0
split_feature=10 332 456 54 599 408 314 34 201 131 94 371 489 211 404 239 355 599 34 431 248 513 496 316 53 507 352 489 528 569
split_gain=8128.23 7164.21 6202.08 4884.2 7980.71 4726.65 4629.55 4256.02 5006.9 4083.25 7107.39 3761.36 4261.03 5608.64 3300.38 4277.22 3106.02 3196.52 2892.94 2844.68 3251.48 2798.67 2983.46 2816.52 2581.03 3144.46 2423.77 2698.14 2460 2362.03
threshold=3.5000000000000004 87.000000000000014 5.5000000000000009 20.000000000000004 231.15000152587893 20.000000000000004 8.0000000000000018 24.500000000000004 3.5000000000000004 20.000000000000004 29.500000000000004 13.500000000000002 138.50000000000003 6.5000000000000009 24.500000000000004 24.500000000000004 43.500000000000007 231.15000152587893 5.5000000000000009 24.500000000000004 16.500000000000004 142.50000000000003 106.50000000000001 6.5000000000000009 8.0000000000000018 120.50000000000001 5.5000000000000009 174.50000000000003 53.500000000000007 171.05000305175784
decision_type=2 2 2 2 10 2 2 2 2 2 2 2 2 2 2 2 2 10 2 2 2 2 2 2 2 2 2 2 2 10
left_child=18 2 16 7 5 11 -7 14 -9 26 -11 -5 13 -13 19 24 17 -2 -1 20 -4 22 -22 -23 -16 -26 28 -28 -10 -20
right_child=1 -3 3 4 -6 6 -8 8 9 10 -12 12 -14 -15 15 -17 -18 -19 29 -21 21 23 -24 -25 25 -27 27 -29 -30 -31
leaf_value=-0.035124169074924959 -0.014751328399375626 0.10016743927472921 -0.0067519813596257968 -0.0081489153709503569 0.13814207267470624 0.10809269244631882 0.021196250597702745 -0.039587361355224268 0.010331170328667091 0.163279142588037 0.016487567233748581 0.13127298831543327 -0.018617275576766283 0.020008562997164813 -0.012712948008894564 0.10083818914317502 0.04718771093577883 0.056550603267381649 -0.0025961915502055459 -0.02940066405639731 0.020746236884928954 0.038702118979457911 0.087054423911246737 -0.044034368168690864 0.072259620311946063 -0.01354891825739137 0.025068498598213355 -0.046809278722466867 0.093463351146374024 -0.048389681830886537
leaf_weight=1818 5324 202 4468 1185 164 287 358 242 164 167 176 199 229 288 508 166 235 168 2239 999 734 174 232 275 291 178 536 181 213 336
leaf_count=1818 5324 202 4468 1185 164 287 358 242 164 167 176 199 229 288 508 166 235 168 2239 999 734 174 232 275 291 178 536 181 213 336
internal_value=9.88913e-05 0.00481091 0.00374782 0.0101428 0.0292543 0.0222311 0.0598983 0.00480311 0.0281135 0.0395312 0.0880261 0.00943842 0.0385788 0.0655222 -7.09899e-05 0.025261 -0.0101099 -0.0125659 -0.0195708 -0.00428168 -1.21873e-05 0.0212527 0.0366955 -0.0119193 0.0123957 0.0396424 0.0243051 0.00689079 0.0573622 -0.00858072
internal_weight=22736 18343 18141 12414 2710 2546 645 9704 1679 1437 343 1901 716 487 8025 1143 5727 5492 4393 6882 5883 1415 966 449 977 469 1094 717 377 2575
internal_count=22736 18343 18141 12414 2710 2546 645 9704 1679 1437 343 1901 716 487 8025 1143 5727 5492 4393 6882 5883 1415 966 449 977 469 1094 717 377 2575
is_linear=0
shrinkage=0.0161


Tree=134
num_leaves=31
num_cat=0
split_feature=456 479 117 137 599 224 154 512 126 534 215 12 310 280 538 568 261 61 290 586 227 320 262 89 253 464 465 586 538 73
split_gain=7022.76 9521.01 5144.94 6169.89 7884.21 4439.53 4085.31 4129.58 4991.91 4316.27 3831.6 4374.27 3665.78 3430 3101.32 6391.55 5712.08 4376.72 3001.88 2854.68 2597.6 2402.82 2929.63 2732.97 3328.71 2382.76 2474.53 2382.6 4748.39 2361.76
threshold=8.0000000000000018 87.000000000000014 29.500000000000004 20.000000000000004 228.75000000000003 6.5000000000000009 8.0000000000000018 107.50000000000001 35.500000000000007 143.50000000000003 29.500000000000004 13.500000000000002 20.000000000000004 4.5000000000000009 107.50000000000001 175.25000000000003 3.5000000000000004 4.5000000000000009 29.500000000000004 168.05000305175784 16.500000000000004 13.500000000000002 10.500000000000002 5.5000000000000009 10.500000000000002 13.500000000000002 5.5000000000000009 173.15000152587893 63.500000000000007 16.500000000000004
decision_type=2 2 2 2 8 2 2 2 2 2 2 2 2 2 2 10 2 2 2 10 2 2 2 2 2 2 2 8 2 2
left_child=5 2 6 4 12 20 21 9 18 10 -8 -12 -4 -7 -15 16 -16 -18 -9 -19 -1 25 -23 -24 -25 -2 -27 28 -22 -17
right_child=1 -3 3 -5 -6 13 7 8 -10 -11 11 -13 -14 14 15 29 17 19 -20 -21 27 22 23 24 -26 26 -28 -29 -30 -31
leaf_value=-0.02341114821126895 -0.024324215694246851 0.12057954095276444 0.010374992705603258 -0.02991765084179605 0.13628547854428968 -0.019583675937322693 0.012066318822780158 -0.021216174421933444 0.065783596220872584 0.10654884000475688 0.017278967172451521 0.1286464879850619 0.095453593589579458 -0.0039930985889270083 0.13466883956099962 0.0079434616165714421 0.10165178880137002 -0.0055730741012868703 0.042646221656569706 0.070452448086225389 -0.016012216694865262 -0.013105528856124827 0.080434583390740402 0.052942896458749104 -0.031486857782305304 0.055581402591735135 -0.0076169018854180589 -0.030261422346599634 0.070650823851332131 -0.05494046208409302
leaf_weight=5455 2442 191 580 283 237 1558 1959 1569 233 164 199 170 170 2212 173 468 189 499 217 172 368 753 215 246 238 202 782 333 295 231
leaf_count=5455 2442 191 580 283 237 1558 1959 1569 233 164 199 170 170 2212 173 468 189 499 217 172 368 753 215 246 238 202 782 333 295 231
internal_value=-0.00146983 0.00790689 0.00588569 0.0363001 0.0553104 -0.00998326 0.00176919 0.0128149 -0.0042889 0.0266818 0.0210453 0.0686503 0.0296909 0.000637116 0.00863091 0.0247671 0.0502133 0.0331966 -0.0134437 0.0138798 -0.0190449 -0.00844068 0.008906 0.0326517 0.0113772 -0.0157994 0.00533281 0.00484475 0.0225128 -0.0128042
internal_weight=22803 10850 10659 1270 987 11953 9389 4511 2019 2492 2328 369 750 5502 3944 1732 1033 860 1786 671 6451 4878 1452 699 484 3426 984 996 663 699
internal_count=22803 10850 10659 1270 987 11953 9389 4511 2019 2492 2328 369 750 5502 3944 1732 1033 860 1786 671 6451 4878 1452 699 484 3426 984 996 663 699
is_linear=0
shrinkage=0.0161


Tree=135
num_leaves=31
num_cat=0
split_feature=299 249 95 177 490 167 461 544 591 395 44 295 32 337 571 344 539 520 580 446 77 539 268 167 356 313 160 507 597 557
split_gain=9618.15 9280.81 7074.7 6560.58 6148.56 7549.23 4888.68 4627.97 7747.32 4170.51 4062.02 3732.23 3640.38 3989.79 3515.84 2905.45 4237.75 3223.6 2867.01 2748.72 3136.77 2247.52 5843.43 2298.34 2173.56 3252.06 2926.29 2236.46 3043.59 9995.3
threshold=87.000000000000014 5.5000000000000009 43.500000000000007 87.000000000000014 201.50000000000003 16.500000000000004 43.500000000000007 235.84999847412112 183.15000152587893 6.5000000000000009 20.000000000000004 24.500000000000004 52.000000000000007 10.500000000000002 104.95000076293947 29.500000000000004 211.50000000000003 231.50000000000003 73.950000762939467 10.500000000000002 20.000000000000004 242.50000000000003 8.0000000000000018 52.000000000000007 24.500000000000004 24.500000000000004 16.500000000000004 137.50000000000003 117.14999771118165 101.04999923706056
decision_type=2 2 2 2 2 2 2 8 8 2 2 2 2 2 10 2 2 2 10 2 2 2 2 2 2 2 2 2 10 10
left_child=1 7 3 6 5 14 12 -1 -9 -8 -11 19 15 -14 18 17 -17 21 -4 20 -10 23 -23 24 27 26 -26 28 -3 -30
right_child=-2 2 4 -5 -6 -7 9 8 11 10 -12 -13 13 -15 -16 16 -18 -19 -20 -21 -22 22 -24 -25 25 -27 -28 -29 29 -31
leaf_value=-0.019491408544724392 0.10062418792336252 -0.0078405038695411548 0.025255292331752777 0.10239129922415732 -0.037435961772743831 0.15305248699311211 -0.0091126523242962519 0.11493703361621355 -0.0072750275716106771 0.034585635081748903 0.13113280823063642 0.065346225116005782 -0.0030430204580726228 0.090013451642133369 -0.0091915833033174438 0.010180296535173449 0.096363271799185427 -0.034732670396197221 0.1217108118954735 -0.038508958623620221 0.065068015550453676 0.10001267657292462 -0.020211013703337759 0.043551046896170051 0.014604729202964843 -0.045902283980281539 0.085489546768117611 -0.023670527739556795 0.13723349476717331 0.0013660371722974056
leaf_weight=6871 247 5042 161 176 167 208 252 163 831 295 184 195 233 244 228 932 176 793 160 546 191 195 226 271 699 175 193 1645 165 942
leaf_count=6871 247 5042 161 176 167 208 252 163 831 295 184 195 233 244 228 932 176 793 160 546 191 195 226 271 699 175 193 1645 165 942
internal_value=0.000702394 -0.000390613 0.00786461 0.00476569 0.0508953 0.070413 0.00340685 -0.0133077 0.00874029 0.0438233 0.0717218 -0.00106489 0.000928606 0.0445089 0.0390604 -0.000884232 0.0238913 -0.00353983 0.0734061 -0.00933893 0.00622202 -0.000948026 0.0354186 -0.00262717 -0.00404211 0.0175026 0.0299683 -0.00699461 -0.00252958 0.0216385
internal_weight=22806 22559 13762 12838 924 757 12662 8797 1926 731 479 1763 11931 477 549 11454 1108 10346 321 1568 1022 9553 421 9132 8861 1067 892 7794 6149 1107
internal_count=22806 22559 13762 12838 924 757 12662 8797 1926 731 479 1763 11931 477 549 11454 1108 10346 321 1568 1022 9553 421 9132 8861 1067 892 7794 6149 1107
is_linear=0
shrinkage=0.0161


Tree=136
num_leaves=31
num_cat=0
split_feature=599 221 479 407 402 129 51 215 268 482 71 447 247 31 528 554 108 531 409 455 300 516 62 319 77 11 54 458 108 498
split_gain=10132.3 11755.1 9626.41 8195.29 7087.35 5194.04 5077.02 6377.72 4367.67 4246.7 3852.02 4087.79 4676.39 3776.52 4505.29 4479.4 4360.07 3281.48 3184.39 3180.28 3373.28 3129.17 2936.31 2829.5 2428.35 2330.46 2056.48 2014.62 2476.24 2444.14
threshold=255.05000305175784 8.0000000000000018 35.500000000000007 16.500000000000004 24.500000000000004 5.5000000000000009 13.500000000000002 13.500000000000002 5.5000000000000009 227.50000000000003 10.500000000000002 4.5000000000000009 24.500000000000004 24.500000000000004 181.50000000000003 149.65000152587893 13.500000000000002 268.50000000000006 29.500000000000004 20.000000000000004 20.000000000000004 111.50000000000001 10.500000000000002 6.5000000000000009 6.5000000000000009 52.000000000000007 6.5000000000000009 13.500000000000002 24.500000000000004 142.50000000000003
decision_type=10 2 2 2 2 2 2 2 2 2 2 2 2 2 2 8 2 2 2 2 2 2 2 2 2 2 2 2 2 2
left_child=2 -2 3 5 6 27 -4 -8 18 10 -10 -12 24 17 15 16 -15 19 -5 25 21 23 -23 -21 -13 -7 -25 28 -1 -29
right_child=1 -3 4 8 -6 13 7 -9 9 -11 11 12 -14 14 -16 -17 -18 -19 -20 20 -22 22 -24 26 -26 -27 -28 29 -30 -31
leaf_value=-0.028413531350796536 0.18155047132928523 0.0033023639490413707 -0.0041358432451714233 -0.015994430285870047 0.10887082508123769 -0.0076871400867897909 0.010727113967191145 0.12277343076292704 0.0020729832530438854 0.081271786062202089 0.11211794422409635 0.050166584135433595 0.099789471753212219 0.011706698589509706 0.086452801946469343 -0.0314545780875728 0.10854933737474441 -0.06174441880300046 0.049305520624065312 -0.0063643543107402729 0.063986978317547183 -0.064839129043225835 0.02121682682521123 0.010461484756981134 -0.0057983078325419962 -0.061704308424738688 0.082009021183192324 -0.015502729791217718 0.020974378570840769 0.031582861916605115
leaf_weight=4758 171 219 829 1421 287 5699 304 233 1564 316 175 301 195 482 240 423 161 266 224 443 306 261 169 182 603 215 246 1327 278 364
leaf_count=4758 171 219 829 1421 287 5699 304 233 1564 316 175 301 195 482 240 423 161 266 224 443 306 261 169 182 603 215 246 1327 278 364
internal_value=0.000162948 0.0815177 -0.00126058 -0.00425856 0.0361211 -0.00984988 0.0208189 0.0593869 0.0141684 0.0252625 0.0190178 0.0398013 0.0282645 -0.00191229 0.0234196 0.00920618 0.0359916 -0.00616386 -0.00708821 -0.00419498 0.0158836 0.00455145 -0.0309624 0.0221111 0.01281 -0.00965488 0.0516396 -0.0205758 -0.0256825 -0.0053533
internal_weight=22662 390 22272 20619 1653 15820 1366 537 4799 3154 2838 1274 1099 9093 1306 1066 643 7787 1645 7521 1607 1301 430 871 904 5914 428 6727 5036 1691
internal_count=22662 390 22272 20619 1653 15820 1366 537 4799 3154 2838 1274 1099 9093 1306 1066 643 7787 1645 7521 1607 1301 430 871 904 5914 428 6727 5036 1691
is_linear=0
shrinkage=0.0161


Tree=137
num_leaves=31
num_cat=0
split_feature=95 157 507 101 293 482 10 176 361 538 181 538 127 219 537 511 596 472 220 591 131 572 156 130 419 162 548 552 518 134
split_gain=9681.22 6365.59 5528.87 4705 4626.85 6875.16 3967.79 4285.92 5482.44 5104.29 7861.01 7358.45 3826.74 4461.86 3520.12 3132.86 5586.23 3737.28 2964.79 2934.74 2676.52 2683.18 2676.16 2632.45 3092.77 4745.67 2049.34 2040.98 2799.78 2031.47
threshold=8.0000000000000018 4.5000000000000009 290.50000000000006 73.500000000000014 43.500000000000007 126.50000000000001 5.5000000000000009 13.500000000000002 35.500000000000007 121.50000000000001 8.0000000000000018 193.50000000000003 35.500000000000007 10.500000000000002 211.50000000000003 97.500000000000014 123.45000076293947 24.500000000000004 61.500000000000007 203.05000305175784 24.500000000000004 104.35000228881837 35.500000000000007 5.5000000000000009 16.500000000000004 13.500000000000002 79.649997711181655 195.05000305175784 171.50000000000003 4.5000000000000009
decision_type=2 2 2 2 2 2 2 2 2 2 2 2 2 2 2 2 10 2 2 10 2 10 2 2 2 2 10 10 2 2
left_child=4 27 3 6 18 -6 14 12 9 20 -11 -12 15 -14 -3 16 22 19 23 -17 21 26 -8 24 -1 -26 -9 28 -2 -25
right_child=1 2 -4 -5 5 -7 7 8 -10 10 11 -13 13 -15 -16 17 -18 -19 -20 -21 -22 -23 -24 29 25 -27 -28 -29 -30 -31
leaf_value=-0.026993096742193655 -0.013691182530714666 -0.010391085057096645 -0.051067852254124031 0.098970464440233594 -0.010848534678334035 0.12092337213442396 0.007793025285595348 0.014147381855775725 -0.02418424460886542 0.028348429844562338 0.20584635641943591 0.06257029360533739 0.010627998541151892 0.10995061804910608 0.056924060978513762 -0.0086346744054280923 0.1101410796624709 -0.065563609583307342 0.051267014988436797 0.053708017421745698 0.08561089781975563 -0.02551553383954579 0.070496192864276899 -0.020116894846697868 -0.017005713264632464 0.067742930475830923 0.074557457771733976 -0.062679233111458094 0.04615620805603373 0.00040638951726191375
leaf_weight=4368 2027 1667 294 191 256 171 1706 378 267 310 197 177 246 225 229 1060 172 246 188 240 196 244 197 1794 617 237 238 190 225 4117
leaf_count=4368 2027 1667 294 191 256 171 1706 378 267 310 197 177 246 225 229 1060 172 246 188 240 196 244 197 1794 617 237 238 190 225 4117
internal_value=-5.71269e-07 0.0109102 0.0175071 0.0199729 -0.0101462 0.0418668 0.0180827 0.0244069 0.0436843 0.0541122 0.0883944 0.138102 0.0149461 0.0581251 -0.00224831 0.00932311 0.0222525 -0.00801519 -0.0121101 0.00285664 0.0318843 0.0196123 0.0142965 -0.0131824 -0.0215135 0.00648596 0.0375258 -0.0119885 -0.00770131 -0.00581849
internal_weight=22670 10922 8480 8186 11748 427 7995 6099 2007 1740 684 374 4092 471 1896 3621 2075 1546 11321 1300 1056 860 1903 11133 5222 854 616 2442 2252 5911
internal_count=22670 10922 8480 8186 11748 427 7995 6099 2007 1740 684 374 4092 471 1896 3621 2075 1546 11321 1300 1056 860 1903 11133 5222 854 616 2442 2252 5911
is_linear=0
shrinkage=0.0161


Tree=138
num_leaves=31
num_cat=0
split_feature=214 175 129 177 227 114 359 136 8 217 55 558 598 147 434 229 314 397 537 571 596 481 582 318 504 236 590 446 236 492
split_gain=8896.04 5481.21 4940.07 4921.2 4574.79 6117.38 4287.13 4014.61 3929.44 6171.65 4132.51 3549 2924.27 4885.91 4857.25 2559.82 2423.81 2823.58 3602.01 2367.23 5596.9 3530.75 2587.95 3083.85 2332.11 2232.77 2181.13 2328.52 2173.79 2376.74
threshold=13.500000000000002 5.5000000000000009 5.5000000000000009 52.000000000000007 43.500000000000007 16.500000000000004 61.500000000000007 24.500000000000004 24.500000000000004 29.500000000000004 24.500000000000004 131.75000000000003 255.05000305175784 10.500000000000002 8.0000000000000018 10.500000000000002 10.500000000000002 5.5000000000000009 102.50000000000001 210.94999694824222 221.94999694824222 248.50000000000003 193.75000000000003 13.500000000000002 115.50000000000001 52.000000000000007 131.75000000000003 8.0000000000000018 4.5000000000000009 95.500000000000014
decision_type=2 2 2 2 2 2 2 2 2 2 2 10 8 2 2 2 2 2 2 10 10 2 10 2 2 2 10 2 2 2
left_child=1 7 24 8 6 -6 19 15 12 10 -10 -9 -4 14 -14 -1 26 -18 -19 20 21 22 25 -24 28 -3 27 -17 -2 -30
right_child=2 4 3 -5 5 -7 -8 11 9 -11 -12 -13 13 -15 -16 16 17 18 -20 -21 -22 -23 23 -25 -26 -27 -28 -29 29 -31
leaf_value=-0.026291049051612635 -0.025484107435582382 -0.0070552302744580882 0.0042900265703882624 0.10102261366644573 0.0022797374986713572 0.13166876309554873 0.071190963237803079 -0.00091181246003060933 0.01594654966717951 0.13339718488002186 0.10042285644300818 0.082141424581330766 0.022199961628883814 -0.014603187350482735 0.13188910053317801 -0.022779128982118983 -0.028243789014885314 0.0021637670576322219 0.10889320724096765 -0.033253920342341661 0.076899842295242118 0.056276900959649385 0.071449680724894354 -0.017882104038615891 -0.031426493268577937 0.050791443500951203 -0.053483969046114216 0.033723821943358552 0.0080991065394480991 0.07893611662507441
leaf_weight=4724 334 7421 2402 216 227 163 215 521 821 182 184 179 215 245 205 523 160 169 160 572 242 264 249 167 615 177 294 296 532 160
leaf_count=4724 334 7421 2402 216 227 163 215 521 821 182 184 179 215 245 205 523 160 169 160 572 242 264 249 167 615 177 294 296 532 160
internal_value=0.000626544 -0.00544719 0.0172514 0.0260232 0.00239658 0.0564181 0.000130342 -0.0162762 0.0222096 0.0470895 0.0314363 0.0202925 0.0125728 0.0424549 0.0757947 -0.0203264 -0.0027231 0.0271362 0.0541402 -0.00154745 0.000578437 -0.00164991 -0.00356109 0.0355315 -0.00662824 -0.00570456 -0.015863 -0.0023293 0.00821327 0.0245116
internal_weight=22834 16723 6111 4470 9697 390 9307 7026 4254 1187 1005 700 3067 665 420 6326 1602 489 329 9092 8520 8278 8014 416 1641 7598 1113 819 1026 692
internal_count=22834 16723 6111 4470 9697 390 9307 7026 4254 1187 1005 700 3067 665 420 6326 1602 489 329 9092 8520 8278 8014 416 1641 7598 1113 819 1026 692
is_linear=0
shrinkage=0.0161


Tree=139
num_leaves=31
num_cat=0
split_feature=428 479 599 594 497 499 339 367 455 32 150 476 599 567 155 162 503 44 531 482 594 81 51 346 225 471 51 75 13 189
split_gain=8546.88 6796.79 7990.55 10086.5 5388.77 10982.8 4961.74 5561.9 4912.66 4125.6 4901.65 3701.4 7444.57 3224.75 7487.61 5121.03 4569.87 4605.89 3881.39 3167.2 3971.41 3031.45 2745.74 2637.62 2532.75 2957.67 4165.5 2240.87 2992.38 2140.43
threshold=4.5000000000000009 16.500000000000004 215.15000152587893 226.84999847412112 195.50000000000003 136.50000000000003 24.500000000000004 13.500000000000002 4.5000000000000009 35.500000000000007 24.500000000000004 43.500000000000007 176.25000000000003 144.84999847412112 35.500000000000007 8.0000000000000018 102.50000000000001 5.5000000000000009 299.50000000000006 86.500000000000014 116.54999923706056 10.500000000000002 8.0000000000000018 4.5000000000000009 10.500000000000002 8.0000000000000018 5.5000000000000009 29.500000000000004 35.500000000000007 13.500000000000002
decision_type=2 2 8 8 2 2 2 2 2 2 2 2 8 8 2 2 2 2 2 2 8 2 2 2 2 2 2 2 2 2
left_child=24 8 6 -4 5 -5 19 -8 -2 11 21 13 -13 14 16 -16 -10 -18 27 20 -3 -11 -19 -21 -1 -26 -27 28 -15 -29
right_child=1 2 3 4 -6 -7 7 -9 9 10 -12 12 -14 18 15 -17 17 22 -20 23 -22 -23 -24 -25 25 26 -28 29 -30 -31
leaf_value=-0.022233923016275064 -0.017724734088870774 0.005552573148072875 0.14129338536683023 0.017133147536647134 -0.049638841124380981 0.1677307142584685 0.0032071085412622739 0.10881966157630964 -0.003249906011694152 0.056513359072989558 0.12198888091626525 -0.0051078543738206856 0.13562470838832619 -0.014068931585963819 0.018709703688085638 0.14462284577337414 0.10511770268081108 -0.028151668597182818 0.06021644546517739 -0.063509922623351769 0.07288680043736559 -0.02191865526223109 0.049578591877188598 -0.0050197960330338404 -0.020838915240019462 0.095023679550180998 0.0047707114238386755 -0.020572988927303991 0.046725837821652072 -0.092865298835172125
leaf_weight=4370 2956 1206 294 548 168 163 257 261 3627 275 161 246 161 2759 165 171 209 215 190 247 280 238 260 1053 847 162 733 283 227 171
leaf_count=4370 2956 1206 294 548 168 163 257 261 3627 275 161 246 161 2759 165 171 209 215 190 247 280 238 260 1053 847 162 733 283 227 171
internal_value=0.000610264 0.00654511 0.0235333 0.0596364 0.0322978 0.0516914 0.0107087 0.0564666 0.000366793 0.00608405 0.0444581 0.00310298 0.0505049 0.000769265 0.00965379 0.0828605 0.00394258 0.0421161 -0.0105979 0.00219252 0.0182559 0.0200799 0.0143459 -0.016151 -0.0156902 0.000711944 0.0211333 -0.014516 -0.00943934 -0.0478539
internal_weight=22903 16791 4477 1173 879 711 3304 518 12314 9358 674 8684 407 8277 4647 336 4311 684 3630 2786 1486 513 475 1300 6112 1742 895 3440 2986 454
internal_count=22903 16791 4477 1173 879 711 3304 518 12314 9358 674 8684 407 8277 4647 336 4311 684 3630 2786 1486 513 475 1300 6112 1742 895 3440 2986 454
is_linear=0
shrinkage=0.0161


Tree=140
num_leaves=31
num_cat=0
split_feature=599 549 188 359 454 200 293 443 484 476 556 33 517 485 284 217 116 238 313 4 332 187 426 51 537 107 77 509 147 295
split_gain=10899.5 13370.4 8673.12 6147.73 5381.43 4975.11 4597.14 5571.77 3824.12 3703.49 4492.47 3337.95 3707.9 3701.52 3697.23 3063.65 3018.78 3838.91 3128.46 2655.61 2606.57 3062.46 2447.17 3134.27 3446.65 2394.59 2262.67 2388.5 2895.1 2185.71
threshold=255.05000305175784 210.94999694824222 8.0000000000000018 73.500000000000014 35.500000000000007 16.500000000000004 35.500000000000007 20.000000000000004 156.50000000000003 29.500000000000004 187.55000305175784 29.500000000000004 117.50000000000001 169.50000000000003 5.5000000000000009 6.5000000000000009 5.5000000000000009 35.500000000000007 8.0000000000000018 6.5000000000000009 6.5000000000000009 10.500000000000002 16.500000000000004 8.0000000000000018 183.50000000000003 13.500000000000002 61.500000000000007 187.50000000000003 5.5000000000000009 8.0000000000000018
decision_type=10 8 2 2 2 2 2 2 2 2 8 2 2 2 2 2 2 2 2 2 2 2 2 2 2 2 2 2 2 2
left_child=2 -2 6 4 9 8 16 -8 19 11 25 12 13 15 -13 -4 -1 26 -19 -6 21 -17 -14 -24 -25 -11 27 -18 -29 -21
right_child=1 -3 3 -5 5 -7 7 -9 -10 10 -12 14 22 -15 -16 20 17 18 -20 29 -22 -23 23 24 -26 -27 -28 28 -30 -31
leaf_value=-0.022935684117533207 0.18832870681061623 0.0030276890342871947 -0.014936097697602489 0.099683024780989019 0.090058680261570698 0.096172858443813 0.0014451679294813305 0.10144609337821299 -0.048967920360819518 -0.016665808332187611 0.083093744701852448 0.078042552573726859 -0.032772231814581471 0.072748844817947231 0.0063612512811576129 0.0083187756123419502 -0.0074085496461622708 -0.0012972666002166271 0.091894947413633785 0.05343727773993065 -0.0043984929767618359 0.064685990505025673 -0.034560783616780548 0.070244946297320698 -0.025157760468430379 0.049773627825750642 0.047606770561981877 0.009135262275788654 -0.057478268805598143 -0.026197904843942108
leaf_weight=4959 174 241 1699 192 180 311 543 197 165 380 313 271 1547 196 601 586 6109 193 180 181 970 437 323 248 162 223 176 243 552 176
leaf_count=4959 174 241 1699 192 180 311 543 197 165 380 313 271 1547 196 601 586 6109 193 180 181 970 437 323 248 162 223 176 243 552 176
internal_value=-0.000974497 0.0807769 -0.00249605 0.00952963 0.00759709 0.0425488 -0.0108743 0.0280988 0.0187587 0.0031439 0.033597 -0.000815126 -0.00498674 0.00456749 0.0286653 0.000941516 -0.0131998 -0.00671863 0.0436117 0.0396124 0.0144887 0.0324204 -0.0212895 0.00291266 0.0324918 0.00786563 -0.00937354 -0.0108295 -0.0370875 0.0141114
internal_weight=22728 415 22313 9161 8969 1013 13152 740 702 7956 916 7040 6168 3888 872 3692 12412 7453 373 537 1993 1023 2280 733 410 603 7080 6904 795 357
internal_count=22728 415 22313 9161 8969 1013 13152 740 702 7956 916 7040 6168 3888 872 3692 12412 7453 373 537 1993 1023 2280 733 410 603 7080 6904 795 357
is_linear=0
shrinkage=0.0161


Tree=141
num_leaves=31
num_cat=0
split_feature=238 129 262 540 581 61 215 399 482 577 313 516 542 479 461 268 572 235 47 279 311 285 67 471 107 302 522 52 488 484
split_gain=10472.3 9102.87 7063.28 6539.51 8690.28 10573.1 5979.06 5992.73 4178.7 10745.9 6740.83 3882.24 3673.67 4273.12 3172.6 4446.09 3188.3 2871.72 2836.17 2614.96 2575.33 4032.56 2416.45 2294.83 2421.21 2071.1 2062.42 2202.83 4385.21 2043.27
threshold=87.000000000000014 6.5000000000000009 3.5000000000000004 221.94999694824222 238.25000000000003 8.0000000000000018 52.000000000000007 13.500000000000002 221.50000000000003 180.15000152587893 8.0000000000000018 187.50000000000003 192.55000305175784 61.500000000000007 24.500000000000004 20.000000000000004 180.15000152587893 16.500000000000004 13.500000000000002 10.500000000000002 16.500000000000004 8.0000000000000018 61.500000000000007 43.500000000000007 10.500000000000002 8.0000000000000018 115.50000000000001 13.500000000000002 40.500000000000007 107.50000000000001
decision_type=2 2 2 10 8 2 2 2 2 10 2 2 10 2 2 2 8 2 2 2 2 2 2 2 2 2 2 2 2 2
left_child=1 8 26 6 5 -5 12 -8 17 10 -10 -7 13 14 22 16 -16 -1 19 -14 -19 -22 23 29 -25 -11 27 -3 -29 -4
right_child=-2 2 3 4 -6 11 7 -9 9 25 -12 -13 18 -15 15 -17 -18 20 -20 -21 21 -23 -24 24 -26 -27 -28 28 -30 -31
leaf_value=-0.017804298299791268 0.11927505524476627 -0.02110553644020154 0.0070628344733292599 0.19068859809522917 -0.033898376988322883 -0.0165046187427236 0.0061303341180380059 0.13692909443902831 0.16722218785570944 -0.067926242384830707 0.02235977473962537 0.094529141498425839 -0.040846501126439616 0.074657713266186365 -0.0022793150121214025 0.09068763849643488 0.0609990278717467 -0.0056995203862166503 -0.068829596782317315 0.044375164208767526 -0.0063894320612724364 0.095975877794349351 0.056197884578869352 0.084827690759448612 -0.00010049708702290965 0.0037818194433178859 -0.045735010013644967 -0.027276063655760019 0.083249445144412293 -0.013238852962550925
leaf_weight=8478 190 986 3845 192 180 160 173 192 164 191 170 166 195 268 685 269 295 1413 266 179 217 184 227 176 171 229 539 197 176 1930
leaf_count=8478 190 986 3845 192 180 160 173 192 164 191 170 166 195 268 685 269 295 1413 266 179 217 184 227 176 171 229 539 197 176 1930
internal_value=0.000247224 -0.000756274 0.00929052 0.0149194 0.0623755 0.0958751 0.0111828 0.0749985 -0.0111881 0.0253863 0.0935603 0.0399618 0.00844164 0.0114618 0.00922965 0.0326888 0.0167447 -0.0138699 -0.0286415 0 0.00450527 0.0405225 0.00461097 0.00269431 0.0429076 -0.0287722 -0.019076 -0.00848531 0.0248123 0.000273953
internal_weight=22703 22513 11467 9569 698 518 8871 365 11046 754 334 326 8506 7866 7598 1249 980 10292 640 374 1814 401 6349 6122 347 420 1898 1359 373 5775
internal_count=22703 22513 11467 9569 698 518 8871 365 11046 754 334 326 8506 7866 7598 1249 980 10292 640 374 1814 401 6349 6122 347 420 1898 1359 373 5775
is_linear=0
shrinkage=0.0161


Tree=142
num_leaves=31
num_cat=0
split_feature=155 359 49 408 54 276 12 498 131 480 485 368 155 190 40 167 331 212 237 509 395 56 418 269 22 275 429 539 480 358
split_gain=7653.87 5877.47 5885.21 4794.91 4880.23 8738.09 6975.2 4395.96 8025.8 4097.02 4243.06 3722.53 4021.52 4534.15 3189.43 2974.83 2869.99 2795.71 2696.88 2678.97 3088.82 3164.66 5916.88 3239.25 2797.21 2651.4 3073.84 4736 2745.64 2623.4
threshold=4.5000000000000009 61.500000000000007 13.500000000000002 13.500000000000002 20.000000000000004 13.500000000000002 10.500000000000002 278.50000000000006 8.0000000000000018 293.50000000000006 226.50000000000003 5.5000000000000009 35.500000000000007 10.500000000000002 52.000000000000007 29.500000000000004 8.0000000000000018 8.0000000000000018 43.500000000000007 275.50000000000006 4.5000000000000009 24.500000000000004 8.0000000000000018 4.5000000000000009 43.500000000000007 35.500000000000007 10.500000000000002 154.50000000000003 170.50000000000003 6.5000000000000009
decision_type=2 2 2 2 2 2 2 2 2 2 2 2 2 2 2 2 2 2 2 2 2 2 2 2 2 2 2 2 2 2
left_child=14 3 -3 7 19 29 -7 9 -9 10 11 -2 15 -14 -1 18 -17 -15 -13 20 -5 23 -23 -22 25 26 27 -25 -28 -6
right_child=1 2 -4 4 5 6 -8 8 -10 -11 -12 12 13 17 -16 16 -18 -19 -20 -21 21 22 -24 24 -26 -27 28 -29 -30 -31
leaf_value=-0.016081034928206263 -0.016724224784788674 0.012546505595135629 0.13358365986901871 -0.024072616054149561 0.049504368052498277 0.0271911410359112 0.14705221392888482 0.13673816643325887 -0.017724307435714404 0.071995383238847271 -0.047086358957869605 -0.0052753757273488362 -0.002796007804708392 0.13029580548346623 0.048646372356112827 0.089874758182667949 -0.0031543910234330648 0.039320941424131881 0.056083346061512072 -0.053398617063650379 -0.019853740823944456 0.13250456091381443 0.012095500556589377 0.0084219066118583399 0.084831996864740647 0.071386531705352932 0.00062831041976263013 0.099898240068195393 -0.07497029335513862 -0.013921308205664165
leaf_weight=6863 3183 241 184 548 265 221 294 163 187 181 592 4869 309 164 203 182 162 190 193 175 672 168 287 647 164 194 559 190 160 466
leaf_count=6863 3183 241 184 548 265 221 294 163 187 181 592 4869 309 164 203 182 162 190 193 175 672 168 287 647 164 194 559 190 160 466
internal_value=-0.000287023 0.00593776 0.0650039 0.00430457 0.0172393 0.0448615 0.0956624 -0.00193925 0.0541438 -0.00389961 -0.00529747 -0.00262102 0.00477179 0.0421954 -0.0142181 0.000177754 0.0459961 0.081534 -0.00293129 0.00808928 0.011094 0.0174389 0.056606 0.0105384 0.0212213 0.0152467 0.0082321 0.0292153 -0.016162 0.00903939
internal_weight=22876 15810 425 15385 5010 1246 515 10375 350 10025 9844 9252 6069 663 7066 5406 344 354 5062 3764 3589 3041 455 2586 1914 1750 1556 837 719 731
internal_count=22876 15810 425 15385 5010 1246 515 10375 350 10025 9844 9252 6069 663 7066 5406 344 354 5062 3764 3589 3041 455 2586 1914 1750 1556 837 719 731
is_linear=0
shrinkage=0.0161


Tree=143
num_leaves=31
num_cat=0
split_feature=599 596 269 244 98 214 479 236 379 230 123 456 395 361 550 340 471 485 553 438 12 439 140 35 509 488 378 329 284 401
split_gain=8211.21 13284.1 7938.91 7597.61 6750.01 5253.59 4485.42 3193.42 4728.76 3125.5 3104.7 3610.99 3861.45 3258.53 3173.9 5455.38 2931.52 2684.03 3051.79 2658.19 2568.85 2563.25 3149.81 2496.34 2471 3883.43 2360.7 2236.22 4293.42 2486.81
threshold=226.84999847412112 213.05000305175784 13.500000000000002 8.0000000000000018 8.0000000000000018 13.500000000000002 35.500000000000007 29.500000000000004 8.0000000000000018 10.500000000000002 29.500000000000004 29.500000000000004 29.500000000000004 10.500000000000002 224.44999694824222 5.5000000000000009 43.500000000000007 241.50000000000003 220.15000152587893 8.0000000000000018 10.500000000000002 43.500000000000007 29.500000000000004 4.5000000000000009 214.50000000000003 202.50000000000003 24.500000000000004 16.500000000000004 20.000000000000004 13.500000000000002
decision_type=10 10 2 2 2 2 2 2 2 2 2 2 2 2 8 2 2 2 10 2 2 2 2 2 2 2 2 2 2 2
left_child=4 -2 3 -3 6 7 9 17 -9 23 11 14 19 -12 26 -16 24 18 21 -13 -8 -6 -23 -1 25 -11 -7 -25 29 -29
right_child=1 2 -4 -5 5 10 20 8 -10 16 13 12 -14 -15 15 -17 -18 -19 -20 -21 -22 22 -24 27 -26 -27 -28 28 -30 -31
leaf_value=-0.030558571525609986 0.16741385730287059 0.12964718561717734 -0.041443430835693774 0.00046207920383375934 -0.0040420614281716461 0.0034458183085474877 0.0055333143583942753 0.082132986118108445 -0.010985827413409961 -0.0036549913849311072 0.041131406881322184 0.080950536174223126 0.11980039267763171 -0.049173188258319157 0.12932480969883223 0.020256239350766779 0.059359586242961754 -0.046274769821166822 0.067855685902599938 -0.008934445472782937 0.068881337416746652 0.092506465313530239 -0.0058702289798450054 -0.015967048517056947 -0.054253290410620762 0.069146822098893321 0.053190035381827067 -0.022820938678495554 0.081633285028102812 0.040654064574166711
leaf_weight=2460 191 221 338 254 5740 1415 423 297 269 2431 169 163 227 267 180 352 215 337 169 178 274 163 174 4167 219 206 300 572 182 222
leaf_count=2460 191 221 338 254 5740 1415 423 297 269 2431 169 163 227 267 180 352 215 337 169 178 274 163 174 4167 219 206 300 572 182 222
internal_value=0.00155796 0.0465748 0.0181568 0.0606167 -0.000516972 0.00885581 -0.00909146 0.00113582 0.0378353 -0.011677 0.025825 0.0320195 0.0683086 -0.0141158 0.0228358 0.0572034 0.00202418 -0.00201599 0.0003682 0.0339621 0.03047 -0.00150474 0.0416427 -0.0172142 -0.00228379 0.00202329 0.0121612 -0.0108268 0.0110952 -0.00504388
internal_weight=22775 1004 813 475 21771 10400 11371 7149 566 10674 3251 2815 568 436 2247 532 3071 6583 6246 341 697 6077 337 7603 2856 2637 1715 5143 976 794
internal_count=22775 1004 813 475 21771 10400 11371 7149 566 10674 3251 2815 568 436 2247 532 3071 6583 6246 341 697 6077 337 7603 2856 2637 1715 5143 976 794
is_linear=0
shrinkage=0.0161


Tree=144
num_leaves=31
num_cat=0
split_feature=599 575 154 35 96 456 41 354 401 415 482 307 507 178 229 318 490 495 395 403 137 115 113 49 139 305 517 368 44 17
split_gain=9630.95 13089.6 7912.28 5196.29 6656.05 6366.68 6090.93 4518.03 4416.81 4297.16 6461.42 3801.68 3662.41 3490.36 3148.35 3067.05 2761.53 6653.57 2748.31 3665.93 2709.85 2604.16 2471.89 2453.39 2615.96 2241.19 2804.8 2842.06 2394.41 1971.25
threshold=255.05000305175784 220.15000152587893 8.0000000000000018 29.500000000000004 20.000000000000004 24.500000000000004 13.500000000000002 43.500000000000007 10.500000000000002 24.500000000000004 211.50000000000003 16.500000000000004 143.50000000000003 61.500000000000007 5.5000000000000009 10.500000000000002 230.50000000000003 215.50000000000003 24.500000000000004 13.500000000000002 4.5000000000000009 43.500000000000007 6.5000000000000009 16.500000000000004 29.500000000000004 16.500000000000004 184.50000000000003 10.500000000000002 10.500000000000002 6.5000000000000009
decision_type=10 10 2 2 2 2 2 2 2 2 2 2 2 2 2 2 2 2 2 2 2 2 2 2 2 2 2 2 2 2
left_child=2 -2 7 9 12 11 -7 14 -9 13 20 -6 15 23 21 -5 18 -18 -16 22 -11 -1 -20 -4 25 26 27 -25 -29 -22
right_child=1 -3 3 4 5 6 -8 8 -10 10 -12 -13 -14 -15 16 -17 17 -19 19 -21 29 -23 -24 24 -26 -27 -28 28 -30 -31
leaf_value=-0.022516251914402728 0.17763061585950418 -0.0049008752454474426 -0.0090404702940710315 -0.0024866748709770855 0.070880735327382205 0.05350485984903991 0.1828513093032379 -0.0034888516754414995 0.09327647582373122 0.063033775607865716 0.12282308683488255 -0.024908920683816761 -0.041821831963691089 0.068237160742101968 -0.010651239900191985 0.073243426448628066 0.10662420634365527 -0.016653695062121516 0.043898355722991528 0.082113819614832925 0.046108712798114862 0.042366402530405217 -0.033274508346112223 0.0056060698686475402 0.060591515270899836 -0.023037413462513305 -0.035809641870810226 0.10307473206834489 0.020913869578308136 -0.012421182867742605
leaf_weight=5411 185 226 4681 343 230 194 185 286 213 250 174 201 294 184 5642 232 191 279 184 198 199 165 259 495 257 498 201 197 174 595
leaf_count=5411 185 226 4681 343 230 194 185 286 213 250 174 201 294 184 5642 232 191 279 184 198 199 165 259 495 257 498 201 197 174 595
internal_value=-2.70263e-05 0.0772032 -0.00144436 0.00962173 0.0353468 0.0685517 0.116704 -0.00971384 0.0377686 0.00415482 0.031969 0.0261539 0.00436922 -0.000907852 -0.0116375 0.0280278 -0.00424022 0.0333943 -0.00705921 0.0245206 0.0168041 -0.0205921 -0.00116764 -0.0028679 0.0129775 0.00514337 0.0183182 0.0309086 0.0646045 0.00221851
internal_weight=22823 411 22412 9584 1679 810 379 12828 499 7905 1218 431 869 6687 12329 575 6753 470 6283 641 1044 5576 443 6503 1822 1565 1067 866 371 794
internal_count=22823 411 22412 9584 1679 810 379 12828 499 7905 1218 431 869 6687 12329 575 6753 470 6283 641 1044 5576 443 6503 1822 1565 1067 866 371 794
is_linear=0
shrinkage=0.0161


Tree=145
num_leaves=31
num_cat=0
split_feature=395 599 535 549 217 513 537 100 2 455 171 30 266 496 539 139 185 497 448 293 508 535 404 462 597 464 140 484 95 80
split_gain=9022.34 7823.19 18240.8 7482.77 5773.91 5163.52 6437.98 7238.93 7706.91 4126.89 4021.5 3602.88 3134.44 3107.48 5458.98 3688.26 3643.15 2996.71 2900.37 2742.65 3357.06 2682.24 2642.23 2450.49 3609.43 2372.42 2353.91 2339.31 2247.27 2670.53
threshold=6.5000000000000009 226.84999847412112 234.50000000000003 207.44999694824222 5.5000000000000009 119.50000000000001 107.50000000000001 4.5000000000000009 5.5000000000000009 61.500000000000007 6.5000000000000009 10.500000000000002 43.500000000000007 132.50000000000003 195.50000000000003 8.0000000000000018 8.0000000000000018 240.50000000000003 35.500000000000007 35.500000000000007 108.50000000000001 173.50000000000003 35.500000000000007 13.500000000000002 204.25000000000003 3.5000000000000004 35.500000000000007 170.50000000000003 10.500000000000002 20.000000000000004
decision_type=2 10 2 8 2 2 2 2 2 2 2 2 2 2 2 2 2 2 2 2 2 2 2 2 8 2 2 2 2 2
left_child=10 4 -3 -4 18 6 9 -8 -9 12 17 -10 28 14 15 -7 -17 -1 22 25 -21 27 -2 -23 -25 -12 -27 -15 -6 -30
right_child=1 2 3 -5 5 13 7 8 11 -11 19 -13 -14 21 -16 16 -18 -19 -20 20 -22 23 -24 24 -26 26 -28 -29 29 -31
leaf_value=-0.02292114453025489 -0.018478178343505739 0.16750512724754046 0.074193095934730335 -0.060045313784799943 -0.0062124650248938694 -0.030840948535492484 -0.02140663977959982 0.17799830349363113 0.0074855448361514252 0.084321881848581803 -0.028497141383958667 0.098376157289216573 0.080144919753385793 -0.0109031448601347 0.10480356114634527 -0.0094302588079137415 0.091838023112100348 0.037786185493363857 0.042820675305144731 -0.0033981427592253556 0.097193225001570877 -0.016962212668389751 0.038451930290112207 0.077699604415990733 -0.020566067159757728 -0.0019687496196569339 0.047678045986214869 -0.061150529811754326 0.0094217602171393581 0.050632376038692216
leaf_weight=5430 3203 262 189 250 1569 407 196 185 219 213 830 235 166 518 164 190 178 219 243 185 160 607 226 221 172 3392 267 450 1821 526
leaf_count=5430 3203 262 189 250 1569 407 196 185 219 213 830 235 166 518 164 190 178 219 243 185 160 607 226 221 172 3392 267 450 1821 526
internal_value=-0.000340767 0.00894764 0.0611947 -0.00219885 0.00581768 0.013461 0.023176 0.0640901 0.0903513 0.0152163 -0.0113388 0.0545843 0.0116046 -0.0036751 0.0204126 0.00252397 0.0394888 -0.0205635 -0.0109049 -0.00055406 0.0431847 -0.0151801 -0.0147191 0.00329111 0.0346329 -0.00392083 0.00164758 -0.0342863 0.00869313 0.0186677
internal_weight=22893 12410 701 439 11709 8037 5130 835 639 4295 10483 454 4082 2907 939 775 368 5649 3672 4834 345 1968 3429 1000 393 4489 3659 968 3916 2347
internal_count=22893 12410 701 439 11709 8037 5130 835 639 4295 10483 454 4082 2907 939 775 368 5649 3672 4834 345 1968 3429 1000 393 4489 3659 968 3916 2347
is_linear=0
shrinkage=0.0161


Tree=146
num_leaves=31
num_cat=0
split_feature=299 97 8 283 393 457 111 4 263 260 595 9 195 129 412 112 294 458 224 448 535 319 513 535 106 57 476 517 482 62
split_gain=8852.92 9172.75 5218.15 4671.9 3995.1 4021.12 5926.38 6828.21 3753.85 4486.38 4292.4 4151.8 2920.44 4117.2 3682.46 4953.97 3146.86 4117.43 2765.12 3168.7 4181.54 2700.48 2634.22 2682.28 2434.43 2405.05 2375.51 2536.93 2617.52 3044.48
threshold=87.000000000000014 4.5000000000000009 6.5000000000000009 43.500000000000007 20.000000000000004 20.000000000000004 5.5000000000000009 16.500000000000004 20.000000000000004 10.500000000000002 170.05000305175784 16.500000000000004 20.000000000000004 20.000000000000004 10.500000000000002 10.500000000000002 35.500000000000007 8.0000000000000018 6.5000000000000009 13.500000000000002 182.50000000000003 13.500000000000002 133.50000000000003 118.50000000000001 2.5000000000000004 52.000000000000007 52.000000000000007 226.50000000000003 191.50000000000003 10.500000000000002
decision_type=2 2 2 2 2 2 2 2 2 2 10 2 2 2 2 2 2 2 2 2 2 2 2 2 2 2 2 2 2 2
left_child=1 25 3 24 12 8 -7 -8 9 -6 11 -11 13 16 15 -15 18 -18 22 20 -20 -16 23 -4 -3 -1 27 28 -26 -30
right_child=-2 2 4 -5 5 6 7 -9 -10 10 -12 -13 -14 14 21 -17 17 -19 19 -21 -22 -23 -24 -25 26 -27 -28 -29 29 -31
leaf_value=-0.019937917736091226 0.097165666103052828 -0.03718370387923 -0.0099473512088386756 0.05817150195818005 0.0036228222773596864 -0.013537732876799907 0.13855662174026676 0.023165634458693043 -0.02825626582228977 -0.002859298700774318 0.13173918625817646 0.095798672623927522 -0.016843576281137574 0.030235266941746598 0.031346745136974385 0.1187174003391548 -0.005219788689715097 0.10961440582829475 0.01395182429468945 -0.01443473216947003 0.08522332753673173 -0.03864926758819491 -0.042816850581001827 0.050893531862968959 -0.0084418730586177781 0.042127731256089679 0.052596838485605993 -0.045667773362730667 -0.0064909113997734845 0.079835160527075566
leaf_weight=6113 237 744 1587 273 837 203 306 236 388 283 163 181 1234 508 391 243 162 161 1242 742 258 225 557 213 4225 166 173 426 228 197
leaf_count=6113 237 744 1587 273 837 203 306 236 388 283 163 181 1234 508 391 243 162 161 1242 742 258 225 557 213 4225 166 173 426 228 197
internal_value=-0.000722098 -0.00174671 0.00459239 -0.00695155 0.0117424 0.0289617 0.0605601 0.088356 0.016238 0.0280462 0.0606122 0.0355751 0.005795 0.0102408 0.0349611 0.0588966 0.00337035 0.0519467 -3.61731e-05 0.0127588 0.0262262 0.00574181 -0.0122168 -0.00273477 -0.00992203 -0.0182933 -0.00605345 -0.008057 -0.0046063 0.0334684
internal_weight=22902 22665 16386 6266 10120 2597 745 542 1852 1464 627 464 7523 6289 1367 751 4922 323 4599 2242 1500 616 2357 1800 5993 6279 5249 5076 4650 425
internal_count=22902 22665 16386 6266 10120 2597 745 542 1852 1464 627 464 7523 6289 1367 751 4922 323 4599 2242 1500 616 2357 1800 5993 6279 5249 5076 4650 425
is_linear=0
shrinkage=0.0161


Tree=147
num_leaves=31
num_cat=0
split_feature=238 599 479 199 268 237 396 505 187 202 481 403 503 13 515 220 227 532 278 109 36 234 587 580 110 514 599 589 163 309
split_gain=9321.71 7616.99 6043.88 5706.05 4106.77 5249.36 4003.19 4456.27 6107.23 5577.46 4241.34 4069.81 3959.17 6414.35 7487.68 3537.34 3306.52 3243.33 3166.1 3353.15 3053.52 2912.87 2768.8 2904.46 2282.1 2173.93 2419.19 2602.83 2108.36 2064.79
threshold=87.000000000000014 271.25000000000006 102.50000000000001 5.5000000000000009 3.5000000000000004 61.500000000000007 6.5000000000000009 143.50000000000003 29.500000000000004 8.0000000000000018 286.50000000000006 24.500000000000004 90.500000000000014 10.500000000000002 112.50000000000001 43.500000000000007 43.500000000000007 188.50000000000003 24.500000000000004 10.500000000000002 4.5000000000000009 6.5000000000000009 207.44999694824222 209.25000000000003 52.000000000000007 228.50000000000003 182.25000000000003 187.55000305175784 20.000000000000004 43.500000000000007
decision_type=2 10 2 2 2 2 2 2 2 2 2 2 2 2 2 2 2 2 2 2 2 2 10 10 2 2 10 8 2 2
left_child=1 2 3 20 -5 6 15 8 12 -10 11 22 18 21 -15 16 -6 -13 -8 -20 -1 -14 28 -24 25 26 29 -28 -9 -22
right_child=-2 -3 -4 4 5 -7 7 10 9 -11 -12 17 13 14 -16 -17 -18 -19 19 -21 24 -23 23 -25 -26 -27 27 -29 -30 -31
leaf_value=-0.025769261671670689 0.10915869943720632 0.091748509204093928 0.086728641203281748 -0.015071781845498492 -0.010791910884006299 0.088650833195541762 0.00048560240861281569 -0.043912816978677265 0.024117660686568853 0.13471532999357066 0.067021245239148361 -0.0051436070422014651 0.050483584336309409 0.15491581567004759 0.026454020087363913 0.064021627277373483 0.05917746257710866 0.091582255401673376 0.0033431775751859923 0.099771302303665099 -0.0097745775880527137 -0.023275824692286722 0.067189058617082825 -0.02338004150308887 0.044786742680148373 -0.047784115344407574 0.083149612385739716 -0.007996289034308865 0.016326198652287006 0.043063754920359867
leaf_weight=2858 203 230 200 2271 4000 209 2281 990 237 237 199 204 242 228 244 186 183 160 190 185 5132 325 161 213 224 329 162 162 177 199
leaf_count=2858 203 230 200 2271 4000 209 2281 990 237 237 199 204 242 228 244 186 183 160 190 185 5132 325 161 213 224 329 162 162 177 199
internal_value=0.000544367 -0.000429422 -0.00137745 -0.00217269 0.00461246 0.00873434 0.00716263 0.0154043 0.0250451 0.0794662 -0.0036874 -0.0110861 0.0180576 0.0447079 0.0885575 -0.00466539 -0.00772523 0.0373086 0.00762335 0.0509772 -0.011996 0.00816375 -0.0225327 0.0155453 -0.00565139 -0.00754338 -0.00519807 0.037504 -0.0347561 -0.00779777
internal_weight=22821 22618 22388 22188 13122 10851 10642 6273 4169 474 2104 1905 3695 1039 472 4369 4183 364 2656 375 9066 567 1541 374 6208 5984 5655 324 1167 5331
internal_count=22821 22618 22388 22188 13122 10851 10642 6273 4169 474 2104 1905 3695 1039 472 4369 4183 364 2656 375 9066 567 1541 374 6208 5984 5655 324 1167 5331
is_linear=0
shrinkage=0.0161


Tree=148
num_leaves=31
num_cat=0
split_feature=157 8 33 234 57 230 8 112 484 76 485 353 304 481 264 355 368 294 418 313 481 282 576 547 394 63 437 207 125 229
split_gain=6898.39 5347.81 5190.41 5150.86 4142.32 3355.23 3288.46 4744.4 3556.35 3036.39 3944.17 2900.49 2817.48 4868.63 2765.87 4778.07 3920.13 2982.59 2709.7 2706.72 2667.17 2638.76 3223.42 5032.11 2515.05 2447.77 2408.37 3864.24 5785.63 2353.94
threshold=5.5000000000000009 24.500000000000004 43.500000000000007 35.500000000000007 52.000000000000007 8.0000000000000018 5.5000000000000009 2.5000000000000004 255.50000000000003 24.500000000000004 167.50000000000003 24.500000000000004 6.5000000000000009 89.500000000000014 16.500000000000004 8.0000000000000018 24.500000000000004 10.500000000000002 5.5000000000000009 13.500000000000002 286.50000000000006 24.500000000000004 103.25000000000001 92.149997711181655 29.500000000000004 5.5000000000000009 29.500000000000004 8.0000000000000018 6.5000000000000009 13.500000000000002
decision_type=2 2 2 2 2 2 2 2 2 2 2 2 2 2 2 2 2 2 2 2 2 2 10 10 2 2 2 2 2 2
left_child=4 5 3 21 11 26 9 -8 14 10 29 20 -13 -14 15 17 18 25 -17 -16 -1 22 23 24 -3 -9 -2 28 -28 -7
right_child=1 2 -4 -5 -6 6 7 8 -10 -11 -12 12 13 -15 19 16 -18 -19 -20 -21 -22 -23 -24 -25 -26 -27 27 -29 -30 -31
leaf_value=-0.017412554287799167 -0.0090273335715094546 -0.0084793408096399698 0.099279344453874527 0.10028901004546636 0.051065351775281195 -0.020051091734011411 0.10467809923809804 0.054733699547828626 0.078434254743678475 0.041441230844917396 -0.065493096965131725 -0.015650059038849112 -0.0066946699604495683 0.095912669310487031 0.012128471742444117 0.083823590244209489 0.11714258070292735 -0.048013779811524486 0.015278824424074564 -0.043289691495506023 0.048756768606183526 0.055113098325669678 -0.018921333248785869 0.10296594452781697 0.06086303300283754 -0.0068387367872165461 -0.0077462263424489981 -0.01639470586576372 0.12506712947852697 0.028103221715984162
leaf_weight=7765 5569 589 242 193 270 673 169 261 227 291 319 430 257 224 563 203 178 263 572 384 161 328 780 176 176 465 163 323 177 432
leaf_count=7765 5569 589 242 193 270 673 169 261 227 291 319 430 257 224 563 203 178 263 572 384 161 328 780 176 176 465 163 323 177 432
internal_value=-0.000173157 0.00703832 0.0284165 0.0207571 -0.0110369 0.00230837 0.0121338 0.0215695 0.0170544 -0.00592604 -0.0156223 -0.012937 0.0142561 0.0410403 0.0122234 0.0232278 0.048955 -0.00153907 0.0332635 -0.0103182 -0.0160655 0.0132543 0.00526287 0.0253343 0.00744317 0.0152644 -0.00557092 0.0234264 0.0613256 -0.00120385
internal_weight=22823 13716 2484 2242 9107 11232 5000 3285 3116 1715 1424 8837 911 481 2889 1942 953 989 775 947 7926 2049 1721 941 765 726 6232 663 340 1105
internal_count=22823 13716 2484 2242 9107 11232 5000 3285 3116 1715 1424 8837 911 481 2889 1942 953 989 775 947 7926 2049 1721 941 765 726 6232 663 340 1105
is_linear=0
shrinkage=0.0161


Tree=149
num_leaves=31
num_cat=0
split_feature=599 583 479 577 96 180 509 275 67 414 412 494 428 3 495 353 318 228 389 444 76 416 264 54 363 222 401 280 56 505
split_gain=9446.73 11316.5 7817.42 6201.92 5854.92 4986.2 5622.11 4738.88 3460.01 4178.09 4810.39 3392.03 3482.26 4089.99 4026.78 2988.98 5660.99 3035.18 2849.96 3305.65 2534.17 3734.64 2451.75 2474.2 3723.1 2640.37 2445.32 2442.93 2450.93 2275.51
threshold=255.05000305175784 216.75000000000003 61.500000000000007 98.750000000000014 4.5000000000000009 4.5000000000000009 310.50000000000006 16.500000000000004 61.500000000000007 35.500000000000007 13.500000000000002 250.50000000000003 6.5000000000000009 6.5000000000000009 185.50000000000003 43.500000000000007 10.500000000000002 5.5000000000000009 35.500000000000007 10.500000000000002 10.500000000000002 8.0000000000000018 16.500000000000004 10.500000000000002 24.500000000000004 3.5000000000000004 5.5000000000000009 43.500000000000007 35.500000000000007 157.50000000000003
decision_type=10 8 2 10 2 2 2 2 2 2 2 2 2 2 2 2 2 2 2 2 2 2 2 2 2 2 2 2 2 2
left_child=2 -2 4 -4 18 29 7 15 9 11 -11 12 -9 20 -15 17 -17 -7 27 -20 21 -14 23 26 25 -25 -19 28 -1 -6
right_child=1 -3 3 -5 5 6 -8 8 -10 10 -12 -13 13 14 -16 16 -18 22 19 -21 -22 -23 -24 24 -26 -27 -28 -29 -30 -31
leaf_value=-0.023147131899968525 0.15787178728307982 -0.011355609197410259 0.1137022883910198 0.0079085269681439876 -0.0067435424301382097 -0.012284241021861033 -0.072262148542366317 -0.010723100149433364 0.096886532030151448 0.013558400866714714 0.1368896077649954 -0.050494173896646483 0.048257919083593358 0.0028584299466567881 0.088702124905147034 -0.0069250823244796861 0.10731504629919984 -0.019972855702806994 -0.019851963105135699 0.081845546192737109 0.025513266718150043 0.14949280257051947 -0.010923895260175917 0.073850078943661676 0.099157395340625135 0.010589258084121023 0.017855657034340524 0.039786506578481581 0.024279289210011004 -0.038007978026176982
leaf_weight=5259 214 196 270 308 3804 2866 220 670 171 161 168 186 227 1044 164 256 200 686 169 162 259 163 1182 209 189 949 1249 179 298 718
leaf_count=5259 214 196 270 308 3804 2866 220 670 171 161 168 186 227 1044 164 256 200 686 169 162 259 163 1182 209 189 949 1249 179 298 718
internal_value=0.000331423 0.0769154 -0.00107016 0.0573685 -0.0026201 0.00255765 0.00831172 0.00992548 0.0263773 0.0224061 0.0766076 0.0158245 0.0207152 0.0320707 0.0145322 0.00313338 0.0431286 0.000642057 -0.0160578 0.0298503 0.0646793 0.0906293 0.00894634 0.0161097 0.0328669 0.0220271 0.00443245 -0.0187111 -0.0205996 -0.0117129
internal_weight=22796 410 22386 578 21808 15741 11219 10999 3213 3042 329 2713 2527 1857 1208 7786 456 7330 6067 331 649 390 4464 3282 1347 1158 1935 5736 5557 4522
internal_count=22796 410 22386 578 21808 15741 11219 10999 3213 3042 329 2713 2527 1857 1208 7786 456 7330 6067 331 649 390 4464 3282 1347 1158 1935 5736 5557 4522
is_linear=0
shrinkage=0.0161


Tree=150
num_leaves=31
num_cat=0
split_feature=479 395 408 390 295 110 599 324 572 493 555 216 540 368 593 456 599 573 381 435 485 539 525 203 571 533 456 488 461 90
split_gain=8248.08 6004.62 5290.67 4459.79 6724.52 3964.35 3635.09 7770.31 4300.1 3566.62 6129.73 3404.19 3181.29 3167.98 3014.98 3934.84 2718.89 5257.88 2544.72 3066.56 2375.66 2214.61 5200.86 6513.12 2205.64 3558.86 2935.09 2605.63 2150.32 2006.81
threshold=102.50000000000001 4.5000000000000009 13.500000000000002 16.500000000000004 24.500000000000004 52.000000000000007 231.15000152587893 13.500000000000002 185.15000152587893 143.50000000000003 127.25000000000001 16.500000000000004 215.15000152587893 5.5000000000000009 166.15000152587893 43.500000000000007 128.15000152587893 140.05000305175784 5.5000000000000009 16.500000000000004 12.500000000000002 141.50000000000003 135.50000000000003 6.5000000000000009 124.95000076293947 106.50000000000001 35.500000000000007 222.50000000000003 6.5000000000000009 6.5000000000000009
decision_type=2 2 2 2 2 2 10 2 10 2 10 2 10 2 10 2 8 8 2 2 2 2 2 2 8 2 2 2 2 2
left_child=1 21 6 5 9 14 8 -8 12 10 11 -5 13 -3 15 16 -4 -18 -19 -20 -15 -1 23 -23 25 26 29 -26 -24 -22
right_child=-2 2 3 4 -6 -7 7 -9 -10 -11 -12 -13 -14 20 -16 -17 17 18 19 -21 24 22 28 -25 27 -27 -28 -29 -30 -31
leaf_value=-0.017933451313164057 0.10111663464378522 -0.014042729795472383 -0.0070187180637465612 -0.0016920558497424195 0.1099389865879804 0.073321209124521336 0.10152561376575095 -0.038786725618778807 -0.034758762736456103 -0.015431277652686582 0.13333155920764464 0.080301202915707387 0.069751517428924825 -0.01546203787072702 -0.023827478500923722 0.085848037271119254 0.095725476795996675 -0.037056878407287719 0.003026900981138289 0.078432473325251634 0.025724978687314971 -0.012235246104731128 0.015640260718667923 0.11434149853873102 -0.0057432134821609835 0.070941621275374955 0.07537352710689256 0.051590184967583531 -0.03774206246723566 -0.0056031944493904213
leaf_weight=5130 211 3171 1454 456 302 234 254 171 1001 385 160 184 168 1126 747 178 226 232 490 196 955 207 315 214 2261 320 184 226 514 1189
leaf_count=5130 211 3171 1454 456 302 234 254 171 1001 385 160 184 168 1126 747 178 226 232 490 196 955 207 315 214 2261 320 184 226 514 1189
internal_value=0.000921253 -1.10952e-05 0.00517886 0.0184918 0.0420965 0.00914294 -0.00115067 0.0450152 -0.00300371 0.0247868 0.0441711 0.0218442 0.000304967 -0.000929499 0.00487349 0.0126052 0.00757794 0.0261506 0.00899646 0.0246057 0.00570818 -0.01325 0.00595209 0.0520495 0.010355 0.0205811 0.0136486 -0.000523718 -0.0174297 0.00834031
internal_weight=22861 22650 16270 5244 1487 3757 11026 425 10601 1185 800 640 9600 9432 3523 2776 2598 1144 918 686 6261 6380 1250 421 5135 2648 2328 2487 829 2144
internal_count=22861 22650 16270 5244 1487 3757 11026 425 10601 1185 800 640 9600 9432 3523 2776 2598 1144 918 686 6261 6380 1250 421 5135 2648 2328 2487 829 2144
is_linear=0
shrinkage=0.0161


Tree=151
num_leaves=31
num_cat=0
split_feature=599 567 429 155 11 278 208 568 178 160 541 33 312 512 236 572 460 126 569 480 519 519 462 518 261 146 381 415 493 546
split_gain=7787.25 13966.4 6239.68 5325.26 6535.76 7495.96 6241.51 4845.66 4407.3 3679.07 5354.19 2733.33 3041.76 3006.69 3103.33 4185.59 5699.65 2432.2 2421.85 2370.22 2266.31 2762.53 6019.21 2120.28 2092.19 2259.2 2352.94 2318.44 2617.92 6031.52
threshold=255.05000305175784 220.15000152587893 5.5000000000000009 35.500000000000007 13.500000000000002 10.500000000000002 10.500000000000002 125.85000228881837 87.000000000000014 35.500000000000007 169.15000152587893 29.500000000000004 20.000000000000004 257.50000000000006 8.0000000000000018 220.15000152587893 16.500000000000004 24.500000000000004 215.15000152587893 269.50000000000006 204.50000000000003 166.50000000000003 10.500000000000002 130.50000000000003 43.500000000000007 3.5000000000000004 5.5000000000000009 10.500000000000002 160.50000000000003 164.05000305175784
decision_type=10 10 2 2 2 2 2 8 2 2 8 2 2 2 2 8 2 2 8 2 2 2 2 2 2 2 2 2 2 10
left_child=2 -2 9 8 7 -6 -7 -5 11 19 -11 13 -13 14 24 17 23 -16 -9 20 21 -1 -23 -17 25 -4 -27 28 -28 -30
right_child=1 -3 3 4 5 6 -8 18 -10 10 -12 12 -14 -15 15 16 -18 -19 -20 -21 -22 22 -24 -25 -26 26 27 -29 29 -31
leaf_value=-0.017122002128628105 0.15580564229807073 -0.036029559682933976 -0.022476866641496347 0.056859885797781666 0.0023153546450366135 0.059389085332039383 0.19379128518036251 -0.074594610753533089 0.085151595567883639 -0.013596336184942619 0.1027802724784984 0.0096486920287174628 0.067114618591246844 -0.040340529039451761 0.0075208225649976528 -0.0023626530225024944 0.10221767359961582 -0.030283593104033314 0.0091324679998396937 0.043822059863237443 -0.049197854463021419 -0.025622607698599472 0.097033115830244335 0.059097319159141848 -0.049255426150006901 -0.014225581620421479 0.0094184352720152516 -0.014602761061945659 0.11992222879729238 -0.0072624608780608906
leaf_weight=6340 221 177 1480 236 223 196 166 199 163 255 171 1106 305 498 3183 499 273 512 162 170 525 250 177 205 291 1809 1819 791 191 195
leaf_count=6340 221 177 1480 236 223 196 166 199 163 255 171 1106 305 498 3183 499 273 512 162 170 525 250 177 205 291 1809 1819 791 191 195
internal_value=-0.000157162 0.0704329 -0.00141301 0.00485411 0.0376063 0.0758513 0.121086 9.05617e-05 0.00194596 -0.012938 0.033063 0.000913346 0.0220871 -0.00162817 8.37062e-05 0.0101188 0.0397558 0.00227606 -0.0369566 -0.0155673 -0.0169551 -0.0144502 0.0251655 0.0155006 -0.00704226 -0.00508402 0.000268297 0.00902763 0.0175152 0.0556099
internal_weight=22788 398 22390 14502 1182 585 362 597 13320 7888 426 13157 1411 11746 11248 4672 977 3695 361 7462 7292 6767 427 704 6576 6285 4805 2996 2205 386
internal_count=22788 398 22390 14502 1182 585 362 597 13320 7888 426 13157 1411 11746 11248 4672 977 3695 361 7462 7292 6767 427 704 6576 6285 4805 2996 2205 386
is_linear=0
shrinkage=0.0161


Tree=152
num_leaves=31
num_cat=0
split_feature=359 396 478 343 508 454 599 272 516 69 280 599 575 286 90 539 58 365 543 377 395 534 369 174 205 26 552 473 250 307
split_gain=8000.54 6824.57 5275.53 4918.1 4611.79 4920.98 8197.02 4298.05 3800.93 3216.34 3201.69 3074.5 3603.1 3994.02 2915.68 4168.56 2894.78 2873.44 3609.14 5765.74 3660.89 3151.36 2584.74 3919.46 2688.42 5158.13 2970.14 3434 3430.25 5198.65
threshold=52.000000000000007 4.5000000000000009 43.500000000000007 87.000000000000014 288.50000000000006 16.500000000000004 231.15000152587893 20.000000000000004 226.50000000000003 43.500000000000007 3.5000000000000004 100.45000076293947 106.25000000000001 10.500000000000002 24.500000000000004 141.50000000000003 2.5000000000000004 6.5000000000000009 193.75000000000003 13.500000000000002 24.500000000000004 102.50000000000001 4.5000000000000009 16.500000000000004 29.500000000000004 24.500000000000004 170.05000305175784 24.500000000000004 13.500000000000002 16.500000000000004
decision_type=2 2 2 2 2 2 10 2 2 2 2 8 8 2 2 2 2 2 8 2 2 2 2 2 2 2 8 2 2 2
left_child=1 14 7 4 5 10 8 -2 9 17 -3 -12 13 -13 -1 -16 -14 -7 20 -20 -19 -22 23 -18 26 -26 -24 28 -28 -30
right_child=2 3 -4 -5 -6 6 -8 -9 -10 -11 11 12 16 -15 15 -17 22 18 19 -21 21 -23 24 -25 25 -27 27 -29 29 -31
leaf_value=-0.018694740401086356 -0.0039983206566873708 -0.017793486717963488 0.1182392848711792 0.087541860126020624 -0.045304325915199721 -0.002603935054489236 0.12920127952172625 0.091646308151860395 -0.042520329413167322 0.069068096447109623 -0.0085804100244111919 0.014451251499970718 -0.031705388687315948 0.10308490097161842 -0.0074517213515214401 0.080414437234449049 0.016032128681324663 -0.0013168741206750401 0.022845826169593048 0.13265730206683249 0.022286808924380178 0.11054618126685417 -0.018439179605703925 0.090414039232620119 0.108548767256872 -0.011872151669996252 0.0039406091316057292 -0.035148546594095144 0.019852076720915584 0.12291262694891737
leaf_weight=5616 394 2142 221 185 476 1382 172 176 271 316 3123 324 453 223 530 190 787 1085 336 197 307 160 1353 240 176 193 905 314 380 191
leaf_count=5616 394 2142 221 185 476 1382 172 176 271 316 3123 324 453 223 530 190 787 1085 336 197 307 160 1353 240 176 193 905 314 380 191
internal_value=0.00112696 -0.000678563 0.0514353 0.00501498 0.00402885 0.00559279 0.0203227 0.0254928 0.0156975 0.0198742 -0.000166665 0.0041895 0.0113937 0.0506283 -0.0147822 0.0157025 0.00708983 0.0153837 0.0273177 0.063477 0.0148844 0.052576 0.0109668 0.0334374 0.00438917 0.0455006 -0.00042998 0.0131694 0.0234644 0.0543671
internal_weight=22818 22027 791 15691 15506 15030 4226 570 4054 3783 10804 8662 5539 547 6336 720 4992 3467 2085 533 1552 467 4539 1027 3512 369 3143 1790 1476 571
internal_count=22818 22027 791 15691 15506 15030 4226 570 4054 3783 10804 8662 5539 547 6336 720 4992 3467 2085 533 1552 467 4539 1027 3512 369 3143 1790 1476 571
is_linear=0
shrinkage=0.0161


Tree=153
num_leaves=31
num_cat=0
split_feature=599 394 547 507 201 35 96 450 217 235 359 223 502 78 525 237 212 509 553 207 104 547 126 538 121 548 265 568 516 159
split_gain=7367.02 7218.48 4997.43 4475.48 4541.12 4281 6393.9 6289.58 5362.16 3190.59 3785.48 4190.89 3911.23 9054.39 3123.13 3625.96 5310.1 2851.22 4295.41 2674.27 3409.1 2117.34 2082.55 3896.83 2032.45 2422.81 2980.63 1973.85 4060.92 6031.36
threshold=271.25000000000006 4.5000000000000009 271.25000000000006 288.50000000000006 3.5000000000000004 29.500000000000004 20.000000000000004 20.000000000000004 16.500000000000004 6.5000000000000009 35.500000000000007 10.500000000000002 218.50000000000003 8.0000000000000018 171.50000000000003 24.500000000000004 8.0000000000000018 135.50000000000003 116.54999923706056 16.500000000000004 16.500000000000004 71.049999237060561 4.5000000000000009 109.50000000000001 5.5000000000000009 79.049999237060561 8.0000000000000018 163.25000000000003 177.50000000000003 8.0000000000000018
decision_type=10 2 10 2 2 2 2 2 2 2 2 2 2 2 2 2 2 2 10 2 2 8 2 2 2 10 2 10 2 2
left_child=1 21 3 4 -3 9 17 8 -8 -6 12 -12 14 -14 15 22 -17 18 -7 20 -16 -1 23 -11 25 -24 -27 28 -23 -30
right_child=-2 2 -4 -5 5 6 7 -9 -10 10 11 -13 13 -15 19 16 -18 -19 -20 -21 -22 27 24 -25 -26 26 -28 -29 29 -31
leaf_value=-0.038421495980206256 0.090264908741271396 -0.011865139064119562 0.094987524811503882 -0.045564878371444885 -0.0028052475568993472 0.0020433749033957355 -0.0095444157239812366 0.13538135387494252 0.085706682620059538 0.0089864548410349462 0.012791378179934332 0.10543054221143343 0.12883465596376839 -0.0068589243672346877 -0.032435044691531849 0.11468401845950696 0.0078376877514043618 -0.030805193180760117 0.095958530799037045 -0.070730366430013583 0.055763251144438197 -0.011297072629747662 -0.012235086307719054 0.088900877502226153 -0.011797842339249168 0.0045079926240938111 0.089583561352990476 -0.035980466485085752 0.11333192153437159 -0.023683872266439199
leaf_weight=841 237 2906 161 444 5037 510 306 240 306 733 268 241 227 290 355 207 290 358 168 224 167 4377 341 202 1695 224 205 710 172 161
leaf_count=841 237 2906 161 444 5037 510 306 240 306 733 268 241 227 290 355 207 290 358 168 224 167 4377 341 202 1695 224 205 710 172 161
internal_value=0.000973685 2.64639e-05 0.00573042 0.00482764 0.00627266 0.0104597 0.0328155 0.0654896 0.0380427 0.0065151 0.0148005 0.0567002 0.0106629 0.0526747 0.00597975 0.0117611 0.0523864 0.00592171 0.0253491 -0.0241898 -0.00417326 -0.0146419 0.00581573 0.0262766 -0.00193572 0.0197432 0.0452167 -0.0109478 -0.00716928 0.0470164
internal_weight=22603 22366 16105 15944 15500 12594 1888 852 612 10706 5669 509 5160 517 4643 3897 497 1036 678 746 522 6261 3400 935 2465 770 429 5420 4710 333
internal_count=22603 22366 16105 15944 15500 12594 1888 852 612 10706 5669 509 5160 517 4643 3897 497 1036 678 746 522 6261 3400 935 2465 770 429 5420 4710 333
is_linear=0
shrinkage=0.0161


Tree=154
num_leaves=31
num_cat=0
split_feature=298 169 294 269 544 479 88 340 585 28 34 77 249 276 266 70 572 598 488 466 352 189 557 517 482 156 483 567 471 180
split_gain=7791.61 6122.06 4825.92 4509.95 4390.89 4306.24 3839.74 3647.44 3463.39 5958.87 3679.41 4133.3 2864.6 3937.1 2824.37 2662.27 2806.61 3175.35 3001.03 3070.54 4800.6 4941.68 3278.12 3204.89 3416.29 2980.07 3301.21 2977.7 2559.37 4133.49
threshold=102.50000000000001 16.500000000000004 35.500000000000007 13.500000000000002 260.05000305175787 29.500000000000004 29.500000000000004 3.5000000000000004 198.94999694824222 6.5000000000000009 5.5000000000000009 2.5000000000000004 13.500000000000002 16.500000000000004 16.500000000000004 2.5000000000000004 182.25000000000003 240.75000000000003 43.500000000000007 10.500000000000002 20.000000000000004 8.0000000000000018 205.94999694824222 185.50000000000003 162.50000000000003 4.5000000000000009 53.500000000000007 139.25000000000003 16.500000000000004 6.5000000000000009
decision_type=2 2 2 2 10 2 2 2 10 2 2 2 2 2 2 2 10 10 2 2 2 2 10 2 2 2 2 10 2 2
left_child=1 4 6 -4 5 7 8 -1 10 -10 -3 -12 -13 -14 -8 -9 18 -18 -17 22 23 -22 27 24 25 -21 -27 -20 -7 -30
right_child=-2 2 3 -5 -6 28 14 15 9 -11 11 12 13 -15 -16 16 17 -19 19 20 21 -23 -24 -25 -26 26 -28 -29 29 -31
leaf_value=-0.023283841513835384 0.1075979919941996 -0.014046677804555634 0.015355818068098945 0.12283465925745578 0.062795189963306575 0.0065445379533605012 0.00016837964364401186 -0.024936858053378533 0.12337506278968022 0.0079442352839798405 0.087020005041609172 0.0015954881775065723 0.0098723329935688706 0.08392838332512681 -0.07345109728969107 -0.0090473730181463916 -0.035677673107486416 0.034580346144270434 0.0043057809380554783 -0.031669800970554746 0.12575630245627861 0.019622408588024314 0.065588118645514323 -0.042583459156672145 0.073109303835817166 0.081089319183150557 0.0073303751311829396 -0.032527513836915878 0.1118356109819964 0.01163591565116444
leaf_weight=3421 174 1097 206 200 244 1213 341 1455 201 275 226 1477 461 313 223 4178 1047 198 2315 336 218 239 182 243 263 206 669 754 178 268
leaf_count=3421 174 1097 206 200 244 1213 341 1455 201 275 226 1477 461 313 223 4178 1047 198 2315 336 218 239 182 243 263 206 669 754 178 268
internal_value=0.000271782 -0.000551781 0.0151328 0.068359 -0.00501995 -0.0059732 0.0104442 -0.00857711 0.0159288 0.0567365 0.0104873 0.0213623 0.0147598 0.0398505 -0.0288983 -0.00448581 -0.00174062 -0.0244852 0.00120569 0.00910631 0.0239186 0.0703023 -0.00079168 0.0115593 0.0205011 0.00905646 0.0247222 -0.00473585 0.0186924 0.0516787
internal_weight=22821 22647 5020 406 17627 17383 4614 15724 4050 476 3574 2477 2251 774 564 12303 10848 1245 9603 5425 2174 457 3251 1717 1474 1211 875 3069 1659 446
internal_count=22821 22647 5020 406 17627 17383 4614 15724 4050 476 3574 2477 2251 774 564 12303 10848 1245 9603 5425 2174 457 3251 1717 1474 1211 875 3069 1659 446
is_linear=0
shrinkage=0.0161


Tree=155
num_leaves=31
num_cat=0
split_feature=477 599 174 158 214 68 277 344 397 544 206 382 486 491 129 547 515 480 387 386 253 37 116 139 538 392 31 407 574 74
split_gain=6997.79 9555.54 7403.84 5351.51 4119.97 5000.63 7630.46 4934.97 4763.5 3706.73 4292.92 4950.17 3738.64 4379.94 4379.24 4180.13 3375.56 5252.14 6715.23 2676.43 2401.41 2401.25 2732.04 2362.52 3376.69 2323.14 2373.4 2269.3 2211.12 2174.28
threshold=52.000000000000007 255.05000305175784 16.500000000000004 5.5000000000000009 13.500000000000002 29.500000000000004 24.500000000000004 6.5000000000000009 52.000000000000007 235.84999847412112 13.500000000000002 8.0000000000000018 163.50000000000003 87.500000000000014 16.500000000000004 92.649997711181655 257.50000000000006 240.50000000000003 6.5000000000000009 61.500000000000007 8.0000000000000018 5.5000000000000009 43.500000000000007 13.500000000000002 108.50000000000001 29.500000000000004 20.000000000000004 16.500000000000004 132.44999694824222 52.000000000000007
decision_type=2 8 2 2 2 2 2 2 2 8 2 2 2 2 2 10 2 2 2 2 2 2 2 2 2 2 2 2 10 2
left_child=3 2 28 19 16 8 7 -7 9 12 11 -11 13 15 20 -6 17 21 -19 25 -15 23 29 -5 -25 27 -27 -1 -2 -23
right_child=1 -3 -4 4 5 6 -8 -9 -10 10 -12 -13 -14 14 -16 -17 -18 18 -20 -21 -22 22 -24 24 -26 26 -28 -29 -30 -31
leaf_value=-0.019959684324349542 0.01064427893294133 0.14960983378031853 0.098979818576015816 -0.02513422094264826 0.020315106808873044 0.086846176530024896 0.14048090917672065 -0.015595541549844954 -0.063583441110196773 0.025279183585036984 -0.014164971209134134 0.12812999930327151 -0.031797489908566998 0.063448223678539889 0.11731303776140976 -0.046171375125573406 -0.044062953522206828 0.13475798628538974 0.0070581941450242351 0.052603725781373699 -0.011664930576136366 0.0022365279342801869 0.048973243539637321 -0.01274954214883876 0.075252336203136122 -0.0031224232273401346 0.065807139676972992 0.0015933332622774703 -0.061265216000020682 -0.052365986704960635
leaf_weight=6503 267 178 197 1816 687 197 201 319 217 262 208 227 554 205 180 381 467 167 297 162 238 5316 316 384 160 466 179 1570 189 196
leaf_count=6503 267 178 197 1816 687 197 201 319 217 262 208 227 554 205 180 381 467 167 297 162 238 5316 316 384 160 466 179 1570 189 196
internal_value=-0.000830592 0.0450253 0.0164807 -0.00257367 0.00400773 0.0179132 0.0563046 0.0234693 0.00919201 0.0145679 0.0470048 0.073072 0.00448678 0.016388 0.0503162 -0.00338135 -0.00190015 0.000372908 0.0530698 -0.0122075 0.0230408 -0.00261046 0.00293432 -0.0163132 0.0130901 -0.0134146 0.0159704 -0.0157652 -0.0191087 0.000290659
internal_weight=22706 831 653 21875 12995 3876 717 516 3159 2942 697 489 2245 1691 623 1068 9119 8652 464 8880 443 8188 5828 2360 544 8718 645 8073 456 5512
internal_count=22706 831 653 21875 12995 3876 717 516 3159 2942 697 489 2245 1691 623 1068 9119 8652 464 8880 443 8188 5828 2360 544 8718 645 8073 456 5512
is_linear=0
shrinkage=0.0161


Tree=156
num_leaves=31
num_cat=0
split_feature=358 598 554 541 588 163 407 378 533 95 9 455 456 374 195 220 335 412 548 514 296 52 332 575 293 138 95 361 199 27
split_gain=7630.19 5195.43 12745.7 7379.79 9376.66 4962.49 4510.59 7323.17 11059.4 4030.32 4761.2 5285.95 5021.56 3955.1 3760.76 3525.06 3112.79 3103.31 4171.95 4639.65 3069.51 2673.09 2589.7 3184.67 2537.14 3919.55 2381.85 2284.51 2188.89 2054.39
threshold=43.500000000000007 213.05000305175784 151.55000305175784 220.15000152587893 233.25000000000003 3.5000000000000004 5.5000000000000009 13.500000000000002 136.50000000000003 10.500000000000002 20.000000000000004 35.500000000000007 24.500000000000004 20.000000000000004 10.500000000000002 61.500000000000007 35.500000000000007 16.500000000000004 82.250000000000014 104.50000000000001 43.500000000000007 6.5000000000000009 20.000000000000004 218.75000000000003 35.500000000000007 8.0000000000000018 20.000000000000004 2.5000000000000004 8.0000000000000018 4.5000000000000009
decision_type=2 10 10 8 8 2 2 2 2 2 2 2 2 2 2 2 2 2 10 2 2 2 2 8 2 2 2 2 2 2
left_child=1 5 -3 13 -5 29 -2 8 -8 15 16 14 -13 -4 17 21 20 18 -12 -20 22 -7 27 -24 -23 -26 -16 -11 -18 -1
right_child=6 2 3 4 -6 9 7 -9 -10 10 11 12 -14 -15 26 -17 28 -19 19 -21 -22 24 23 -25 25 -27 -28 -29 -30 -31
leaf_value=-0.032877802736494474 -0.0067766926817433952 0.15623624873150843 -0.045769156237356251 0.11533847676905798 -0.037607515212473866 -0.016214503223394856 0.039891836109266679 0.0048779625539071376 0.2025192692938147 0.04267347496900107 0.011391743432850524 0.02440860849908922 0.14436320429318042 0.041833273054575286 0.025498980652706383 0.065886112176079425 -0.065131501485083107 -0.0092348342431946787 0.16205755537595751 0.039587060664533581 0.068713331979419395 -0.0016860276427984368 0.01255106923107647 0.08697167925355101 -0.012164839249120908 0.099225997735285898 -0.041082825534257107 -0.0063171648303323447 0.00039543754200163888 -0.0098585973412198338
leaf_weight=1497 330 180 508 292 161 4059 267 316 183 270 237 169 196 181 248 178 275 214 160 162 204 4831 648 194 160 167 317 2857 253 3072
leaf_count=1497 330 180 508 292 161 4059 267 316 183 270 237 169 196 181 248 178 275 214 160 162 204 4831 648 194 160 167 317 2857 253 3072
internal_value=0.00147402 -0.000619191 0.0303084 0.0104392 0.0609282 -0.00262772 0.0429204 0.0643612 0.106079 0.00164455 0.0114949 0.0345609 0.0888871 -0.0227219 0.0197234 -0.00506735 0.00313397 0.0428065 0.0627714 0.100515 0.00779868 -0.00644017 0.00466184 0.0297258 0.00124701 0.0446509 -0.0118159 -0.00207955 -0.0336886 -0.0174058
internal_weight=22786 21690 1322 1142 453 20368 1096 766 450 15799 6404 1703 365 689 1338 9395 4701 773 559 322 4173 9217 3969 842 5158 327 565 3127 528 4569
internal_count=22786 21690 1322 1142 453 20368 1096 766 450 15799 6404 1703 365 689 1338 9395 4701 773 559 322 4173 9217 3969 842 5158 327 565 3127 528 4569
is_linear=0
shrinkage=0.0161


Tree=157
num_leaves=31
num_cat=0
split_feature=479 277 354 288 252 500 365 222 237 516 36 490 247 96 3 420 345 554 566 42 222 253 478 532 597 556 230 116 79 471
split_gain=6359.39 4588.11 4319.6 5311.58 4184.03 10643.3 3860.97 4801.58 5288.67 3829.49 3575.06 4047.4 3460.21 3726.15 5304.75 3295.45 3613.84 4251.08 3290.18 3288.29 2479.92 2333.13 3133.16 3312.84 7551.93 2134.22 2517.06 2090.14 2077.16 1986.06
threshold=24.500000000000004 3.5000000000000004 43.500000000000007 20.000000000000004 43.500000000000007 161.50000000000003 4.5000000000000009 35.500000000000007 43.500000000000007 248.50000000000003 5.5000000000000009 253.50000000000003 6.5000000000000009 43.500000000000007 8.0000000000000018 13.500000000000002 16.500000000000004 155.05000305175784 187.55000305175784 8.0000000000000018 20.000000000000004 5.5000000000000009 4.5000000000000009 224.50000000000003 164.05000305175784 195.05000305175784 8.0000000000000018 10.500000000000002 35.500000000000007 10.500000000000002
decision_type=2 2 2 2 2 2 2 2 2 2 2 2 2 2 2 2 2 10 10 2 2 2 2 2 10 8 2 2 2 2
left_child=1 28 4 25 9 27 -2 8 21 10 -3 12 29 15 -15 16 -14 19 -17 -18 -11 -8 -23 24 -24 26 -4 -6 -1 -12
right_child=6 2 3 -5 5 -7 7 -9 -10 20 11 -13 13 14 -16 18 17 -19 -20 -21 -22 22 23 -25 -26 -27 -28 -29 -30 -31
leaf_value=-0.020772678218353824 -0.015666551033962899 -0.012772368869836653 0 0.11545258434191691 -0.029773832031271937 0.143167375621889 -0.0088753470774166621 0.10135850352030187 0.098448374184238213 -0.049436715151862272 -0.017271505363383215 0.063704820346336385 0.0075010250420599264 0.11442365201694708 0.0031749584571806036 -0.003027400873607409 -0.01311153623666212 0.12112793979688991 -0.07667897453338457 0.066306937329071114 0.015108770964171717 0.08967152023633139 0.0098694609045726026 -0.048796058463119303 0.11993389116748521 -0.031659476180369676 0.080117087645397836 0.038274120569910371 0.028877844452542933 0.0069225542231553753
leaf_weight=3895 596 4187 232 178 278 183 691 222 220 691 2375 297 2259 214 232 1249 264 164 180 276 198 181 997 167 193 177 181 202 231 1395
leaf_count=3895 596 4187 232 178 278 183 691 222 220 691 2375 297 2259 214 232 1249 264 164 180 276 198 181 997 167 193 177 181 202 231 1395
internal_value=0.000567481 -0.00290805 0.00112733 0.0383472 -0.000823052 0.0386936 0.0213598 0.0296305 0.0231188 -0.00269868 -0.000501142 0.00526597 0.00324693 0.0122597 0.0566071 0.00775093 0.0174393 0.0492958 -0.0123212 0.0274365 -0.0350345 0.0156733 0.026718 0.0183037 0.02774 0.015045 0.0351182 -0.00108795 -0.0179872 -0.00831282
internal_weight=22805 19538 15412 768 14644 663 3267 2671 2449 13981 13092 8905 8608 4838 446 4392 2963 704 1429 540 889 2229 1538 1357 1190 590 413 480 4126 3770
internal_count=22805 19538 15412 768 14644 663 3267 2671 2449 13981 13092 8905 8608 4838 446 4392 2963 704 1429 540 889 2229 1538 1357 1190 590 413 480 4126 3770
is_linear=0
shrinkage=0.0161


Tree=158
num_leaves=31
num_cat=0
split_feature=154 283 239 238 516 54 288 97 599 512 96 252 586 491 201 167 585 181 68 186 469 36 516 284 589 455 517 491 495 565
split_gain=7114.91 4721.84 4382.56 4354.31 4337.54 4095.93 4172.83 4003.28 4121.45 4804.39 6412.97 5342.99 3634.03 4760.81 3573.66 3344.7 3961.67 3009.11 3077.48 2491.93 3592.67 2760.7 2458.85 2253.65 2339.98 2218.43 2173.92 2804.08 4208.69 2579.03
threshold=8.0000000000000018 61.500000000000007 29.500000000000004 43.500000000000007 159.50000000000003 35.500000000000007 16.500000000000004 5.5000000000000009 247.34999847412112 107.50000000000001 43.500000000000007 35.500000000000007 216.75000000000003 87.500000000000014 3.5000000000000004 4.5000000000000009 133.05000305175784 29.500000000000004 35.500000000000007 24.500000000000004 4.5000000000000009 35.500000000000007 57.500000000000007 24.500000000000004 196.25000000000003 1.0000000180025095e-35 252.50000000000003 200.50000000000003 173.50000000000003 218.75000000000003
decision_type=2 2 2 2 2 2 2 2 10 2 2 2 8 2 2 2 8 2 2 2 2 2 2 2 10 2 2 2 2 8
left_child=1 2 5 7 22 25 -7 23 9 10 12 14 -9 -14 -11 -4 -17 18 19 20 -16 -22 -5 24 -2 -1 27 -27 -29 -30
right_child=3 -3 15 4 -6 6 -8 8 -10 11 -12 -13 13 -15 17 16 -18 -19 -20 -21 21 -23 -24 -25 -26 26 -28 28 29 -31
leaf_value=-0.043597375977276837 -0.019250873725547388 0.061570475980713732 0.091251968529881419 0.071899279594127202 0.12197922000631393 0.0029733393773419057 0.090979419904910722 0.0098173236794501396 0.084120701985860705 -0.064718689166171794 0.10061993880221436 0.070747176167787196 0.027607254482273094 0.12722122534554303 0.037560387568979212 0.061796626089611451 -0.029517750127784802 -0.057047102426382584 0.058319005992182565 0.039235780121010873 -0.01609258706481221 -0.088154855072078694 -0.011136425877640433 0.031849516738853161 0.036649529406067437 -0.013031949161811943 -0.048012666801386807 0.091349443692506457 0.025061908802109595 -0.044510560273478397
leaf_weight=615 2161 249 175 160 170 554 187 2755 213 286 263 225 529 163 285 215 288 247 227 278 968 161 218 311 213 9547 421 164 371 220
leaf_count=615 2161 249 175 160 170 554 187 2755 213 286 263 225 529 163 285 215 288 247 227 278 968 161 218 311 213 9547 421 164 371 220
internal_value=-3.87005e-05 -0.00785318 -0.00921009 0.010295 0.0544026 -0.0114472 0.0252145 0.00768928 0.0144335 0.0121058 0.0239681 -0.00432514 0.0181129 0.0511053 -0.0112235 0.030611 0.00946645 -0.00414911 0.00264727 -0.00480778 -0.0134836 -0.0263898 0.0239487 -0.00887989 -0.0142255 -0.0138453 -0.0121368 -0.0106684 0.019188 -0.000796647
internal_weight=22839 13006 12757 9833 548 12079 741 9285 6600 6387 3710 2677 3447 692 2452 678 503 2166 1919 1692 1414 1129 378 2685 2374 11338 10723 10302 755 591
internal_count=22839 13006 12757 9833 548 12079 741 9285 6600 6387 3710 2677 3447 692 2452 678 503 2166 1919 1692 1414 1129 378 2685 2374 11338 10723 10302 755 591
is_linear=0
shrinkage=0.0161


Tree=159
num_leaves=31
num_cat=0
split_feature=479 238 213 210 519 68 99 599 571 199 175 24 99 105 155 254 260 569 67 598 585 40 544 582 49 443 326 120 322 355
split_gain=8849.28 6523.92 5116.32 4709.23 6294.66 3887.64 5059.41 3842.01 4190.4 3878.06 3235.42 7060.77 2584.13 2545.47 3158.4 2930.05 2506.87 2699.78 2256.18 2432.21 8428.79 2591.74 2251.02 4560.45 3653.66 2625.18 2531.35 2721.6 3297.28 4033.41
threshold=102.50000000000001 87.000000000000014 13.500000000000002 43.500000000000007 123.50000000000001 43.500000000000007 13.500000000000002 255.05000305175784 196.25000000000003 5.5000000000000009 43.500000000000007 10.500000000000002 4.5000000000000009 16.500000000000004 5.5000000000000009 5.5000000000000009 20.000000000000004 138.55000305175784 8.0000000000000018 117.85000228881837 125.85000228881837 24.500000000000004 244.44999694824222 224.44999694824222 5.5000000000000009 35.500000000000007 2.5000000000000004 5.5000000000000009 10.500000000000002 20.000000000000004
decision_type=2 2 2 2 2 2 2 10 10 2 2 2 2 2 2 2 2 10 2 10 10 2 8 8 2 2 2 2 2 2
left_child=1 2 7 5 -5 22 -7 8 9 -1 12 -12 -11 18 -15 -16 17 -17 19 21 -21 -14 24 -24 -4 26 -26 -28 29 -29
right_child=-2 -3 3 4 -6 6 -8 -9 -10 10 11 -13 13 14 15 16 -18 -19 -20 20 -22 -23 23 -25 25 -27 27 28 -30 -31
leaf_value=-0.013792869132274848 0.1039322030878769 0.092631620627681543 -0.025757733517550521 0.012730946280613492 0.14311397801123535 0.0017139974541283409 0.11829579678692177 0.056178114910627013 -0.03751872754056676 -0.014510874020550138 -0.014589027559347358 0.12665559251118752 -0.0092404377268367095 -0.0038818612580884294 0.080176062393945202 -0.018979235309427581 0.072751599387013047 0.05964396229195356 -0.014118315855341375 0.13672181745902495 0.0029111330399480494 0.049493221591710303 0.090828482277112807 0.008256833007749589 -0.046847476988504527 -0.03834885831348888 0.042857328113801947 0.010099150554100569 -0.019096233435712814 0.099520994538216528
leaf_weight=6796 212 193 1168 241 160 205 183 254 1083 2192 203 167 1370 719 324 381 187 161 1858 162 496 227 214 918 168 282 759 665 736 163
leaf_count=6796 212 193 1168 241 160 205 183 254 1083 2192 203 167 1370 719 324 381 187 161 1858 162 496 227 214 918 168 282 759 665 736 163
internal_value=0.000396489 -0.00057219 -0.00137479 0.0115522 0.0648128 0.00763699 0.0567604 -0.00594666 -0.00691464 -0.0047387 0.00254301 0.0490983 0.000407438 0.0059681 0.0221005 0.0398639 0.0219151 0.0043322 -0.000976499 0.00984122 0.0358912 -0.000877208 0.00387523 0.0238875 -0.00186705 0.00818732 0.013465 0.017837 0.00567969 0.0277312
internal_weight=22847 22635 22442 5862 401 5461 388 16580 16326 15243 8447 370 8077 5885 1772 1053 729 542 4113 2255 658 1597 5073 1132 3941 2773 2491 2323 1564 828
internal_count=22847 22635 22442 5862 401 5461 388 16580 16326 15243 8447 370 8077 5885 1772 1053 729 542 4113 2255 658 1597 5073 1132 3941 2773 2491 2323 1564 828
is_linear=0
shrinkage=0.0161


Tree=160
num_leaves=31
num_cat=0
split_feature=479 238 395 599 519 102 150 408 510 131 515 396 562 218 75 75 552 591 203 323 33 111 137 268 528 539 428 577 550 354
split_gain=9150.3 6518.54 5801.4 5370.16 13510 16006.1 4718.82 4576.73 3170.63 3398.03 4285.26 3515 2398.78 2385.91 5321.62 2341.38 5160.26 8103.14 2197.69 2296.48 2042.74 2007.76 1964.67 3831.05 2103.11 2890.72 1948.07 2479.85 3534.65 2701.41
threshold=102.50000000000001 87.000000000000014 4.5000000000000009 213.05000305175784 207.50000000000003 10.500000000000002 6.5000000000000009 13.500000000000002 205.50000000000003 24.500000000000004 149.50000000000003 29.500000000000004 200.34999847412112 29.500000000000004 10.500000000000002 20.000000000000004 137.84999847412112 163.25000000000003 24.500000000000004 24.500000000000004 52.000000000000007 52.000000000000007 16.500000000000004 10.500000000000002 80.500000000000014 58.500000000000007 10.500000000000002 112.95000076293947 114.45000076293947 4.5000000000000009
decision_type=2 2 2 10 2 2 2 2 2 2 2 2 8 2 2 2 8 8 2 2 2 2 2 2 2 2 2 8 8 2
left_child=1 2 21 7 5 -5 -6 8 9 20 11 -11 -8 15 -15 18 -17 -18 19 22 26 -1 24 -24 25 -9 -4 28 -28 -29
right_child=-2 -3 3 4 6 -7 12 13 -10 10 -12 -13 -14 14 -16 16 17 -19 -20 -21 -22 -23 23 -25 -26 -27 27 29 -30 -31
leaf_value=-0.016036330893696903 0.10798988089175565 0.094333206895789209 -0.013777278848011096 0.18694979335559156 0.048301129757298555 0.0050470609125053637 -0.00011456376226095251 -0.0033171209013549844 -0.034144535239775724 -0.0051596383781077476 0.093160068577181815 0.074852980506808942 -0.077893075664175415 0.1044088291658818 -0.0045644987026618603 -0.0047761815677114412 0.16140302979041657 0.021941645768733434 -0.027137884841729142 0.052359858728492102 0.036693126113471294 0.03539078320270074 -0.0036589972979823187 0.081234288155509177 -0.02033404414275047 0.057109139686339468 0.0085299562139964976 0.024115923805920543 0.088040636510913664 -0.024347651328274992
leaf_weight=6159 203 186 4750 262 222 241 185 766 877 760 193 175 233 228 236 476 165 314 496 292 284 203 336 233 941 280 1464 400 161 1167
leaf_count=6159 203 186 4750 262 222 241 185 766 877 760 193 175 233 228 236 476 165 314 496 292 284 203 336 233 941 280 1464 400 161 1167
internal_value=0.000377192 -0.000584758 -0.00137049 0.00376164 0.0374014 0.0998424 -0.0116366 0.0011957 -0.00487171 -0.00212467 0.0240761 0.00979081 -0.0435259 0.0142335 0.048932 0.010483 0.0327201 0.0700307 0.00412533 0.00957831 -0.00572035 -0.0143917 0.00468169 0.0310626 -0.00286094 0.0128357 -0.00723998 0.00248076 0.0164221 -0.0119616
internal_weight=22888 22685 22499 16137 1143 503 640 14994 10231 9354 1128 935 418 4763 464 4299 955 479 3344 2848 8226 6362 2556 569 1987 1046 7942 3192 1625 1567
internal_count=22888 22685 22499 16137 1143 503 640 14994 10231 9354 1128 935 418 4763 464 4299 955 479 3344 2848 8226 6362 2556 569 1987 1046 7942 3192 1625 1567
is_linear=0
shrinkage=0.0161


Tree=161
num_leaves=31
num_cat=0
split_feature=187 479 409 477 32 33 584 583 471 293 482 246 155 484 169 540 247 129 522 583 513 489 130 539 587 150 539 383 296 187
split_gain=5727.48 6577.61 5875.18 4900.17 11303.5 4571.33 6651.97 6300.49 4409.08 4878.41 9282.97 3626.38 4132.24 3016.48 4395.78 2906.05 6029.01 2906.03 2748.51 5148.65 2745.89 3860.1 2745.15 2413.02 4783.98 4287.08 5778.13 2822.96 3316.41 2817.32
threshold=10.500000000000002 73.500000000000014 3.5000000000000004 43.500000000000007 13.500000000000002 29.500000000000004 175.25000000000003 226.84999847412112 8.0000000000000018 43.500000000000007 126.50000000000001 13.500000000000002 8.0000000000000018 144.50000000000003 29.500000000000004 226.84999847412112 13.500000000000002 20.000000000000004 202.50000000000003 188.65000152587893 246.50000000000003 250.50000000000003 5.5000000000000009 52.500000000000007 134.44999694824222 3.5000000000000004 109.50000000000001 20.000000000000004 13.500000000000002 3.5000000000000004
decision_type=2 2 2 2 2 2 8 8 2 2 2 2 2 2 2 8 2 2 2 10 2 2 2 2 10 2 2 2 2 2
left_child=8 2 -2 5 -5 11 -7 -8 18 20 -11 12 -4 14 -13 16 -14 -18 19 22 21 23 -1 -10 25 26 -25 28 -27 -26
right_child=1 -3 3 4 -6 6 7 -9 9 10 -12 13 15 -15 -16 -17 17 -19 -20 -21 -22 -23 -24 24 29 27 -28 -29 -30 -31
leaf_value=-0.021902817137128699 -0.023904690277914149 0.10235540565275614 -0.0015079747170891522 0.16176959761355394 0.0022467530374623728 0.010356412683432813 0.17408512627589462 0.036321289750971 -0.009708964939347281 -0.013633361907136864 0.15113324096604425 -0.0056668164258865715 0.11586805640619142 -0.033026061686059656 0.076606624632399492 -0.00088040291319198163 0.0047062971009364778 0.078432588882532114 -0.044290480104425378 0.075231648266961978 -0.041821925818787471 0.073024630429185833 -0.0023776445495227315 0.021893181021054531 0.031793218151031713 0.009849007462687135 0.14850218226428258 -0.022063833304621631 0.069609463462769361 -0.024733100308949103
leaf_weight=3730 1143 204 1293 190 293 554 161 186 2674 191 165 1315 284 853 193 342 459 199 662 179 359 203 3742 222 292 795 162 392 346 1048
leaf_count=3730 1143 204 1293 190 293 554 161 186 2674 191 165 1315 284 853 193 342 459 199 662 179 359 203 3742 222 292 795 162 392 346 1048
internal_value=0.00080734 0.0121467 0.00967835 0.0157538 0.0650477 0.0116722 0.0450255 0.100308 -0.00492659 0.00463593 0.0626671 0.00558168 0.0187908 -0.00882593 0.00484727 0.0392502 0.0538449 0.0270392 -0.0128079 -0.0100808 0.00145056 0.00398697 -0.0121277 0.00162006 0.0109284 0.027246 0.0753676 0.0151767 0.0279916 -0.0123979
internal_weight=22831 7669 7465 6322 483 5839 901 347 15162 6849 356 4938 2577 2361 1508 1284 942 658 8313 7651 6493 6134 7472 5931 3257 1917 384 1533 1141 1340
internal_count=22831 7669 7465 6322 483 5839 901 347 15162 6849 356 4938 2577 2361 1508 1284 942 658 8313 7651 6493 6134 7472 5931 3257 1917 384 1533 1141 1340
is_linear=0
shrinkage=0.0161


Tree=162
num_leaves=31
num_cat=0
split_feature=298 34 598 579 229 250 519 36 224 218 150 68 513 56 340 456 500 573 592 476 283 536 277 438 592 593 564 353 254 104
split_gain=6119.86 5088.65 4376.02 15761.4 11104.9 7110.51 4180.9 3694.73 3595.51 2925.2 3636.74 3595.07 3192.54 2864.66 4155.24 4493.16 2789.86 3296.41 5906.62 2719.81 2573.33 3685.71 2538.83 2922.11 2353.82 2451.02 3084.3 2701.81 5126.3 2229.72
threshold=102.50000000000001 3.5000000000000004 218.75000000000003 198.94999694824222 10.500000000000002 10.500000000000002 250.50000000000003 8.0000000000000018 52.000000000000007 5.5000000000000009 61.500000000000007 61.500000000000007 197.50000000000003 13.500000000000002 10.500000000000002 6.5000000000000009 212.50000000000003 100.45000076293947 112.25000000000001 8.0000000000000018 20.000000000000004 173.50000000000003 8.0000000000000018 8.0000000000000018 167.05000305175784 102.04999923706056 91.049999237060561 4.5000000000000009 10.500000000000002 24.500000000000004
decision_type=2 2 10 8 2 2 2 2 2 2 2 2 2 2 2 2 2 10 10 2 2 2 2 2 10 8 8 2 2 2
left_child=1 13 7 4 -4 6 -5 20 9 -9 11 12 16 -1 -15 -16 17 18 -11 -18 24 -22 23 -19 25 -3 -27 28 -28 -24
right_child=-2 2 3 5 -6 -7 -8 8 -10 10 -12 -13 -14 14 15 -17 19 22 -20 -21 21 -23 29 -25 -26 26 27 -29 -30 -31
leaf_value=-0.024184680424110677 0.096045863122359645 -0.016927948524158007 0.040007146956985477 -0.023898974332435565 0.20618443853921178 -0.07668937524879077 0.088285114120758693 -0.0059032226393376389 0.064677002055360006 0.0149112521580489 0.082346730972378393 0.07640110811349031 -0.024512690071332058 -0.017294367940586104 -0.015639345277704279 0.086396352662998901 0.011150756618386 -0.017336289378061902 0.11484991831305562 0.098635897460084443 0.0027595486300447825 0.075911734389201513 -0.031986342618932115 0.056796372055234877 -0.03709662546102966 0.071584107200766064 -0.0037478728479943047 -0.010571866394178238 0.075953251948083833 0.026609615844881841
leaf_weight=3066 173 3084 245 170 182 278 174 2970 290 2372 194 212 654 812 193 265 181 268 164 189 1082 214 932 283 735 162 646 2131 309 205
leaf_count=3066 173 3084 245 170 182 278 174 2970 290 2372 194 212 654 812 193 265 181 268 164 189 1082 214 932 283 735 162 646 2131 309 205
internal_value=0.000651479 -7.57163e-05 0.00363422 0.0355638 0.110892 -0.0161107 0.0327769 0.0016942 0.0089068 0.00702868 0.0138259 0.0113869 0.00875611 -0.0157611 0.00455633 0.0433474 0.0134974 0.00977731 0.0213834 0.0559027 -0.00599078 0.0148569 -0.00764545 0.0206964 -0.00981731 -0.00664709 0.00310741 -0.000479656 0.0220156 -0.0214008
internal_weight=22835 22662 18326 1049 427 622 344 17277 8914 8624 5654 5460 5248 4336 1270 458 4594 4224 2536 370 8363 1296 1688 551 7067 6332 3248 3086 955 1137
internal_count=22835 22662 18326 1049 427 622 344 17277 8914 8624 5654 5460 5248 4336 1270 458 4594 4224 2536 370 8363 1296 1688 551 7067 6332 3248 3086 955 1137
is_linear=0
shrinkage=0.0161


Tree=163
num_leaves=31
num_cat=0
split_feature=540 260 587 597 570 237 394 479 58 463 567 598 392 505 396 486 255 499 455 9 60 77 270 326 67 178 587 394 480 165
split_gain=5252.69 8637.57 8844.34 13948.3 4534.52 4363.28 4276.08 3513.71 3154.8 2832.51 2796.4 5733.47 8581.42 2783.08 2777.65 2813.55 3543.55 4248.08 3719.63 6141.56 3823.74 2551.14 2304.36 2250.97 2435.73 4602.62 2221.38 2878.67 6521.48 2211.96
threshold=221.94999694824222 10.500000000000002 228.75000000000003 198.94999694824222 204.25000000000003 87.000000000000014 4.5000000000000009 35.500000000000007 35.500000000000007 24.500000000000004 163.25000000000003 150.65000152587893 5.5000000000000009 305.50000000000006 6.5000000000000009 200.50000000000003 35.500000000000007 232.50000000000003 43.500000000000007 29.500000000000004 8.0000000000000018 5.5000000000000009 52.000000000000007 8.0000000000000018 4.5000000000000009 20.000000000000004 132.44999694824222 20.000000000000004 73.500000000000014 3.5000000000000004
decision_type=10 2 8 8 10 2 2 2 2 2 10 10 2 2 2 2 2 2 2 2 2 2 2 2 2 2 10 2 2 2
left_child=5 4 3 -3 -2 6 10 13 9 -9 11 23 -13 14 22 16 17 18 29 20 -20 -17 26 -1 -25 -26 27 -8 -29 -16
right_child=1 2 -4 -5 -6 -7 7 8 -10 -11 -12 12 -14 -15 15 21 -18 -19 19 -21 -22 -23 -24 24 25 -27 -28 28 -30 -31
leaf_value=-0.021547537569433492 0.040447898892641942 0.017961153537004289 -0.0070280289415741047 0.22074173436874911 -0.051238746125876901 0.079014870212119864 -0.0084498382889602597 0.0045660886866340684 0.082131395649581551 0.073080684149811379 -0.046750903567904296 0.13641913520013449 -0.018975198530897516 -0.060835743261361784 -0.012473339085942753 0.025695430160926565 -0.030451730851858139 0.074683011694623283 -0.038782022451942372 0.132687333042176 0.059788876551994843 -0.037267328552949432 0.05257018797888708 -0.023069485524160268 0.0013582137358530834 0.091558980664535175 -0.026673147838609332 -0.011310771951646219 0.091479103827749944 0.012504014096358545
leaf_weight=3361 258 162 193 193 305 176 3816 890 232 190 573 169 202 188 1149 229 495 288 180 167 235 611 165 686 936 174 1334 423 257 4578
leaf_count=3361 258 162 193 193 305 176 3816 890 232 190 573 169 202 188 1149 229 495 288 180 167 235 611 165 686 936 174 1334 423 257 4578
internal_value=0.000926395 0.0350713 0.0805775 0.128272 -0.00918068 -0.000820353 -0.00147413 0.00303702 0.0282399 0.0166414 -0.0128849 -0.0093703 0.0517475 0.000692733 0.00152499 0.00777722 0.0110794 0.0141992 0.0114344 0.0502206 0.0169785 -0.0200745 -0.00674342 -0.0137717 0.000766639 0.015519 -0.00842615 -0.00300687 0.0275031 0.00748873
internal_weight=22815 1111 548 355 563 21704 21528 15427 1312 1080 6101 5528 371 14115 13927 7932 7092 6597 6309 582 415 840 5995 5157 1796 1110 5830 4496 680 5727
internal_count=22815 1111 548 355 563 21704 21528 15427 1312 1080 6101 5528 371 14115 13927 7932 7092 6597 6309 582 415 840 5995 5157 1796 1110 5830 4496 680 5727
is_linear=0
shrinkage=0.0161


Tree=164
num_leaves=31
num_cat=0
split_feature=154 44 453 315 280 248 455 157 599 290 275 455 472 497 361 115 280 268 57 485 521 481 419 481 457 294 515 383 489 294
split_gain=7270.94 4714.24 4722.52 5581.01 4336.3 4239.29 4313.33 3820.44 3743.49 3643.59 2929.33 3493.33 4171.89 2899.03 3522.88 3346.35 3844.22 2825.58 3021.36 2810.5 2669.21 5765.28 2829.89 2376.95 2337.97 2267.23 2383.14 2231.67 2092.31 2069.95
threshold=8.0000000000000018 35.500000000000007 13.500000000000002 8.0000000000000018 3.5000000000000004 13.500000000000002 52.000000000000007 61.500000000000007 255.05000305175784 61.500000000000007 52.000000000000007 29.500000000000004 8.0000000000000018 257.50000000000006 2.5000000000000004 24.500000000000004 13.500000000000002 3.5000000000000004 61.500000000000007 107.50000000000001 222.50000000000003 244.50000000000003 43.500000000000007 177.50000000000003 10.500000000000002 24.500000000000004 149.50000000000003 20.000000000000004 72.500000000000014 35.500000000000007
decision_type=2 2 2 2 2 2 2 2 10 2 2 2 2 2 2 2 2 2 2 2 2 2 2 2 2 2 2 2 2 2
left_child=4 5 24 -4 -1 7 13 10 9 17 11 25 -13 14 -7 19 -17 -6 20 27 21 22 29 -22 -3 -2 -27 28 -16 -19
right_child=1 2 3 -5 8 6 -8 -9 -10 -11 -12 12 -14 -15 15 16 -18 18 -20 -21 23 -23 -24 -25 -26 26 -28 -29 -30 -31
leaf_value=-0.023896646925647105 -0.0039784884885575647 -0.038084951784632788 0.017589775547762313 0.12623543277226279 -0.021150890046168488 0.080357198103573751 0.088467847482117584 -0.077071410336433777 0.074019873616392548 0.065651041508201141 -0.061493698465596207 -0.0072219202328308238 0.088871974143069729 0.07710122696389049 0.013205122399613885 0.010761445298993788 0.10646361569060245 -0.0058466419651245711 0.064505074072192206 -0.022366271678130607 -0.00016651023458211323 0.077441013287950958 0.052323013146210413 -0.062683134413603792 0.045548370478638293 0.0087900962081557728 0.07970407709166033 -0.024630537273263628 0.068377439965181433 0.033239886877284935
leaf_weight=2983 4270 180 216 285 2069 189 241 163 166 196 182 211 262 198 698 284 177 5978 184 875 300 249 244 334 167 421 174 277 240 373
leaf_count=2983 4270 180 216 285 2069 189 241 163 166 196 182 211 262 198 698 284 177 5978 184 875 300 249 244 334 167 421 174 277 240 373
internal_value=0.000994254 0.0115491 0.0478199 0.0794412 -0.00684179 0.00807571 0.0229643 -0.000248613 -0.00179887 -0.00306909 0.00201562 0.00418539 0.0459558 0.0175831 0.0132735 0.00829418 0.0475572 -0.00445565 4.95554e-05 -0.000354952 -0.00153326 0.00139106 -0.0014767 -0.0331383 0.00209726 0.000119423 0.0295675 0.0154775 0.0273468 -0.00354735
internal_weight=22786 9710 848 501 13076 8862 3179 5683 10093 9927 5520 5338 473 2938 2740 2551 461 9731 7662 2090 7478 6844 6595 634 347 4865 595 1215 938 6351
internal_count=22786 9710 848 501 13076 8862 3179 5683 10093 9927 5520 5338 473 2938 2740 2551 461 9731 7662 2090 7478 6844 6595 634 347 4865 595 1215 938 6351
is_linear=0
shrinkage=0.0161


Tree=165
num_leaves=31
num_cat=0
split_feature=599 566 165 236 169 587 66 387 404 573 592 594 539 22 337 427 392 93 248 214 518 517 255 565 521 544 235 593 361 171
split_gain=4830.58 10099.2 4526.4 3596.07 3488.34 4425.84 6685.89 5013.52 3448.84 3035.7 2877.7 2862.98 2878.16 4209.18 2670.25 2843.88 2781.92 3962.19 2667.17 2493.69 3028.13 2479.15 5659.32 7237.23 2737.33 2600.49 3253.48 3216.42 2420.49 2282.08
threshold=255.05000305175784 221.94999694824222 3.5000000000000004 6.5000000000000009 10.500000000000002 184.15000152587893 29.500000000000004 5.5000000000000009 24.500000000000004 213.05000305175784 165.25000000000003 155.05000305175784 136.50000000000003 8.0000000000000018 5.5000000000000009 43.500000000000007 4.5000000000000009 8.0000000000000018 13.500000000000002 3.5000000000000004 201.50000000000003 147.50000000000003 8.0000000000000018 156.05000305175784 118.50000000000001 85.549999237060561 24.500000000000004 91.049999237060561 4.5000000000000009 8.0000000000000018
decision_type=10 10 2 2 2 8 2 2 2 10 10 10 2 2 2 2 2 2 2 2 2 2 2 10 2 8 2 10 2 2
left_child=2 -2 11 9 19 10 7 -7 -9 14 28 12 -1 -14 -4 16 17 18 -16 -5 21 24 -23 -24 25 -21 -27 -28 -6 -30
right_child=1 -3 3 4 5 6 -8 8 -10 -11 -12 -13 13 -15 15 -17 -18 -19 -20 20 -22 22 23 -25 -26 26 27 -29 29 -31
leaf_value=-0.01582126444216388 0.12281608420636632 -0.041436176345628989 -0.014569280441210197 -0.023367919685991403 0.050518207436947724 0.086636630684830712 0.13441970966328473 -0.0080250488278289494 0.068690005546515956 -0.050960161654859733 -0.038418777792673456 -0.049799215645293993 -0.014802706711406256 0.088611321583582106 -0.0080458577962444593 0.05211291956723562 -0.0070300481713869547 0.084637123011400153 0.052478664836849043 -0.0089641149812346513 -0.027295995350474507 -0.0139487705307702 0.15737408641800857 0.015287330283071623 -0.027139982534356809 0.012744344770356726 0.11776708311381955 0.017761861540282631 0.028681263760962285 -0.0098783007091988798
leaf_weight=3781 233 166 3426 938 390 298 184 651 198 370 307 572 242 176 709 300 3156 214 257 959 625 292 172 203 565 1272 172 163 673 972
leaf_count=3781 233 166 3426 938 390 298 184 651 198 370 307 572 242 176 709 300 3156 214 257 959 625 292 172 203 565 1272 172 163 673 972
internal_value=-0.00109983 0.0544216 -0.00209711 0.00169808 0.00875691 0.0208438 0.0442906 0.0298117 0.00983837 -0.00586192 0.00750845 -0.0159957 -0.0113853 0.0286837 -0.00378925 0.00417211 0.000849742 0.0219448 0.00803206 0.000471412 0.00553242 0.0109409 0.0391284 0.0805206 0.00492854 0.0119988 0.0245233 0.0691781 0.0144486 0.00588282
internal_weight=22636 399 22237 17466 9034 3673 1331 1147 849 8432 2342 4771 4199 418 8062 4636 4336 1180 966 5361 4423 3798 667 375 3131 2566 1607 335 2035 1645
internal_count=22636 399 22237 17466 9034 3673 1331 1147 849 8432 2342 4771 4199 418 8062 4636 4336 1180 966 5361 4423 3798 667 375 3131 2566 1607 335 2035 1645
is_linear=0
shrinkage=0.0161


Tree=166
num_leaves=31
num_cat=0
split_feature=237 157 332 295 555 44 84 99 59 559 169 534 534 70 362 456 599 506 266 410 79 583 358 494 483 538 463 268 338 523
split_gain=6263.16 5733.98 6399.76 5989.46 5833.32 4676.35 6421.14 4304.68 4286.49 5830.41 3943.47 3873.11 3551.02 3273.26 2974.87 2713.93 2783.7 6313.93 5666.28 5758.54 5018.94 3331.12 2514.19 3027.68 2379.09 5458.96 2269.47 2227.96 2224.95 2084.54
threshold=87.000000000000014 8.0000000000000018 73.500000000000014 29.500000000000004 203.05000305175784 35.500000000000007 24.500000000000004 16.500000000000004 52.000000000000007 175.25000000000003 43.500000000000007 232.50000000000003 214.50000000000003 10.500000000000002 8.0000000000000018 5.5000000000000009 112.95000076293947 144.50000000000003 6.5000000000000009 6.5000000000000009 10.500000000000002 135.84999847412112 5.5000000000000009 178.50000000000003 101.50000000000001 127.50000000000001 8.0000000000000018 13.500000000000002 29.500000000000004 137.50000000000003
decision_type=2 2 2 2 8 2 2 2 2 8 2 2 2 2 2 2 10 2 2 2 2 8 2 2 2 2 2 2 2 2
left_child=1 8 3 5 14 10 7 -7 15 -10 11 12 22 -12 -5 -1 -17 18 21 -20 -21 -18 23 29 25 26 -24 -13 -26 -3
right_child=-2 2 -4 4 -6 6 -8 -9 9 -11 13 27 -14 -15 -16 16 17 -19 19 20 -22 -23 24 -25 28 -27 -28 -29 -30 -31
leaf_value=-0.015564788071141526 0.093620037853982624 0.010835565746555788 0.09420987284038207 0.068335463122817797 0.1105435208843762 -0.016089936594194505 0.1313125099073402 0.075280788438363735 -0.0036801064267240518 0.11923795483641338 -0.00099740516303310441 -0.017876322405817432 0.066011980502518011 0.093711970585423285 -0.0034343517169736098 -0.0089813095821916333 0.043047094708473795 -0.012278513150747013 0.015083381475780741 0.1798872900154759 0.055710555234369963 -0.04007110953478589 -0.02112788950777942 0.062417744876637642 -0.01680376350693763 0.086112760533470778 0.011736003464361742 -0.080551923376837656 -0.070449811838868504 -0.035466826153374729
leaf_weight=6525 188 2011 227 227 264 370 163 209 258 163 174 402 209 206 438 3802 254 1167 236 172 167 246 1211 266 1315 179 989 233 237 288
leaf_count=6525 188 2011 227 227 264 370 163 209 258 163 174 402 209 206 438 3802 254 1167 236 172 167 246 1211 266 1315 179 989 233 237 288
internal_value=0.0010762 0.000305593 0.0097295 0.00768493 0.0464924 0.00342167 0.0420274 0.0168512 -0.0066702 0.0438546 -0.000285829 -0.00290705 0.000688615 0.0502831 0.0210291 -0.00836441 -0.000587106 0.0136373 0.041793 0.0762627 0.118784 0.00210587 -0.00140945 0.010986 -0.00950352 0.000603286 -0.00634338 -0.0409109 -0.025011 0.00502494
internal_weight=22796 22608 9618 9391 929 8462 742 579 12990 421 7720 7340 6705 380 665 12569 6044 2242 1075 575 339 500 6496 2565 3931 2379 2200 635 1552 2299
internal_count=22796 22608 9618 9391 929 8462 742 579 12990 421 7720 7340 6705 380 665 12569 6044 2242 1075 575 339 500 6496 2565 3931 2379 2200 635 1552 2299
is_linear=0
shrinkage=0.0161


Tree=167
num_leaves=31
num_cat=0
split_feature=455 477 521 452 40 507 598 512 537 220 55 492 488 520 488 275 111 332 512 540 273 271 79 527 556 55 221 113 458 118
split_gain=4972.81 4689.92 6434.4 4269.14 5258.31 3561.91 4069.31 2687.27 5716.71 5961.91 4727.15 3936.47 4110.09 4302.58 6955.67 3686.45 3710.58 3461.73 2947 2543.36 4191.36 2892.6 2405 3322.44 2234.78 2219.8 2568.29 2196.6 2643.98 1873.85
threshold=4.5000000000000009 73.500000000000014 122.50000000000001 73.500000000000014 16.500000000000004 299.50000000000006 255.05000305175784 99.500000000000014 99.500000000000014 16.500000000000004 73.500000000000014 101.50000000000001 84.500000000000014 90.500000000000014 147.50000000000003 24.500000000000004 16.500000000000004 3.5000000000000004 58.500000000000007 216.75000000000003 6.5000000000000009 16.500000000000004 3.5000000000000004 164.50000000000003 100.45000076293947 6.5000000000000009 6.5000000000000009 3.5000000000000004 8.0000000000000018 8.0000000000000018
decision_type=2 2 2 2 2 2 10 2 2 2 2 2 2 2 2 2 2 2 2 10 2 2 2 2 8 2 2 2 2 2
left_child=-1 3 -3 5 -5 6 7 8 15 17 11 24 -13 14 -14 -2 25 -10 -19 22 -21 -22 23 -15 29 -17 -27 28 -24 -9
right_child=1 2 -4 4 -6 -7 -8 10 9 -11 -12 12 13 19 -16 16 -18 18 -20 20 21 -23 27 -25 -26 26 -28 -29 -30 -31
leaf_value=-0.013375636063605522 -0.0021456746162280744 0.12049798213482749 -0.015382898377207516 0.0023220909390831816 0.12600071895565756 -0.047109476087941839 0.072394307532083549 0.041033326161978238 0.083992528110892958 0.10548416726321513 0.079206452348210485 0.064017664522912965 -0.010459194695236153 -0.022392751764578885 0.12565799286598833 0.043897333524250584 0.078927684662215711 0.064021678318112021 -0.013697135737062821 0.077228739008166916 -0.042291680961078743 0.043111310028795084 -0.029681045582210588 0.064853708122758202 -0.046861797706459409 -0.058120423211512846 0.020575975756116711 -0.028318968797747073 0.056827955274222769 -0.036757028196059742
leaf_weight=6056 7149 205 161 202 160 387 212 161 175 276 160 229 243 249 162 317 292 164 552 209 275 164 181 207 953 183 260 2402 185 160
leaf_count=6056 7149 205 161 202 160 387 212 161 175 276 160 229 243 249 162 317 292 164 552 209 275 164 181 207 953 183 260 2402 185 160
internal_value=-0.000883194 0.00366329 0.0606609 0.00237958 0.0570517 0.00113391 0.0023384 0.00136666 0.00673941 0.0400811 -0.00710276 -0.00949601 -0.00242551 -0.00598853 0.0439296 0.00199203 0.0301327 0.0197951 0.00407151 -0.0112159 0.0178717 -0.0103335 -0.0170696 0.0171609 -0.0344851 0.0113542 -0.0118798 -0.0227172 0.0139819 0.002186
internal_weight=22691 16635 366 16269 362 15907 15520 15308 9368 1167 5940 5780 4506 4277 405 8201 1052 891 716 3872 648 439 3224 456 1274 760 443 2768 366 321
internal_count=22691 16635 366 16269 362 15907 15520 15308 9368 1167 5940 5780 4506 4277 405 8201 1052 891 716 3872 648 439 3224 456 1274 760 443 2768 366 321
is_linear=0
shrinkage=0.0161


Tree=168
num_leaves=31
num_cat=0
split_feature=477 234 275 63 536 439 332 165 560 511 592 475 41 96 240 581 37 395 250 290 509 480 220 308 137 599 284 581 578 576
split_gain=5630.32 6198.65 4358.95 3901.51 4080.66 3603.13 5229.57 3794.98 6286.05 3253.43 5893.98 4522.07 2823.79 2883.37 2912.15 2646.15 3513.44 2642.5 5187.76 2317.57 2197.93 2994.52 2441.19 2152.71 2048.11 3362.7 3871.59 4158.15 1841.02 2743.98
threshold=52.000000000000007 16.500000000000004 5.5000000000000009 6.5000000000000009 129.50000000000003 20.000000000000004 35.500000000000007 24.500000000000004 128.94999694824222 95.500000000000014 145.55000305175784 43.500000000000007 61.500000000000007 73.500000000000014 43.500000000000007 150.65000152587893 29.500000000000004 29.500000000000004 16.500000000000004 2.5000000000000004 268.50000000000006 261.50000000000006 43.500000000000007 24.500000000000004 24.500000000000004 188.65000152587893 13.500000000000002 213.05000305175784 88.549999237060561 103.85000228881837
decision_type=2 2 2 2 2 2 2 2 10 2 10 2 2 2 2 10 2 2 2 2 2 2 2 2 2 10 2 10 10 10
left_child=2 3 19 -2 -5 9 7 15 -9 10 17 12 13 14 23 16 28 -4 -19 -1 21 22 -21 24 25 -11 27 -27 -7 -30
right_child=1 -3 5 4 -6 6 -8 8 -10 11 -12 -13 -14 -15 -16 -17 -18 18 -20 20 -22 -23 -24 -25 -26 26 -28 -29 29 -31
leaf_value=-0.033219399452235177 -0.048183226861126201 0.10662908789013609 -0.0010417393363867443 -0.001617135978148856 0.10254867241340636 -0.013869418754687259 0.082638325138622612 0.0083283155544733988 0.13088783421868491 -0.019280354140453995 0.089763182654140516 0.047610618081663829 0.048125195985702758 -0.082781914199380538 0.039787376758013492 -0.027256206060839738 0.075589654633301251 0.00024159228388379047 0.088542359162988069 -0.010574616447559741 -0.062256720377766174 0.057095855105173933 0.043422068993631893 -0.04678065360665682 -0.047216431769014931 0.031470987481162192 0.074303185010945585 -0.068800825665239568 0.077431932317887558 0.00092676033121511881
leaf_weight=1147 194 250 4894 246 161 706 299 301 170 2001 212 311 171 174 230 578 203 492 266 6830 193 183 224 614 412 290 239 170 178 385
leaf_count=1147 194 250 4894 246 161 706 299 301 170 2001 212 311 171 174 230 578 203 492 266 6830 193 183 224 614 412 290 239 170 178 385
internal_value=-0.00138095 0.0392464 -0.00296269 0.0111779 0.0395307 0.00280846 0.018963 0.0114016 0.0526142 -0.00153789 0.00641647 -0.0116567 -0.0159477 -0.0186063 -0.0157777 0.00192121 0.0133941 0.00328607 0.0312595 -0.0119118 -0.00861932 -0.00718564 -0.00885661 -0.0192139 -0.0137674 -0.00865465 0.0217295 -0.00553482 0.00342622 0.0251567
internal_weight=22724 851 21873 601 407 13296 2820 2521 471 10476 5864 4612 4301 4130 3956 2050 1472 5652 758 8577 7430 7237 7054 3726 3112 2700 699 460 1269 563
internal_count=22724 851 21873 601 407 13296 2820 2521 471 10476 5864 4612 4301 4130 3956 2050 1472 5652 758 8577 7430 7237 7054 3726 3112 2700 699 460 1269 563
is_linear=0
shrinkage=0.0161


Tree=169
num_leaves=31
num_cat=0
split_feature=336 549 132 576 308 54 336 408 455 456 480 599 543 515 376 594 494 542 478 598 288 445 392 536 418 160 481 590 113 426
split_gain=5236.3 5352.43 6269.61 5475.57 4414.95 4880.39 6410.04 4987.99 4358.11 9443.45 3757.6 6083.7 3490.54 3341.43 4206.41 6499.76 3133.54 2875.74 2990.53 5400.94 5751.21 2676.8 3631.9 3349.76 2572.12 2251.21 1991.67 6197.16 2540.97 3249.59
threshold=10.500000000000002 235.84999847412112 10.500000000000002 233.25000000000003 10.500000000000002 20.000000000000004 13.500000000000002 16.500000000000004 43.500000000000007 29.500000000000004 248.50000000000003 231.15000152587893 220.15000152587893 112.50000000000001 5.5000000000000009 157.84999847412112 104.50000000000001 200.34999847412112 29.500000000000004 164.05000305175784 6.5000000000000009 4.5000000000000009 5.5000000000000009 67.500000000000014 4.5000000000000009 20.000000000000004 152.50000000000003 133.65000152587893 16.500000000000004 10.500000000000002
decision_type=2 10 2 10 2 2 2 2 2 2 2 8 8 2 2 10 2 10 2 8 2 2 2 2 2 2 2 8 2 2
left_child=10 3 -3 4 5 -2 -7 16 13 -10 17 12 -12 21 15 -15 -8 18 26 -20 -21 -6 23 -23 -16 -24 -1 -28 -29 -30
right_child=1 2 -4 -5 8 6 7 -9 9 -11 11 -13 -14 14 24 -17 -18 -19 19 20 -22 22 25 -25 -26 -27 27 28 29 -31
leaf_value=-0.011606034122921261 -0.012089904711656264 -0.00012498028272066994 0.13300813531220287 -0.06378620889589659 -0.0072674238857249746 0.11529554394473025 0.017026601344124346 0.079447880570235288 0.0028100330879683266 0.13900797576592519 0.042511286892242588 0.090117718963339075 -0.050733637509397619 -0.027434558247230616 0.030565432098375488 0.11522357104676723 -0.064761350651873342 -0.044969918565076719 -0.0079131599801549081 0.13558520048698983 0.014507255306681467 0.043592439827183006 0.032873290309061373 0.13275863401821275 -0.039981171150524228 -0.024982913437449537 0.086457983928242929 -0.019125913274461098 -0.012648933373322844 0.082627713086320817
leaf_weight=10568 3035 174 193 274 442 185 280 186 291 242 192 269 227 170 167 161 214 530 759 172 250 323 833 166 671 220 223 959 205 169
leaf_count=10568 3035 174 193 274 442 185 280 186 291 242 192 269 227 170 167 161 214 530 759 172 250 323 833 166 671 220 223 959 205 169
internal_value=-0.000542646 0.00971876 0.0698237 0.00690934 0.00946591 -0.0024693 0.031259 0.00836151 0.0221004 0.0646927 -0.00635716 0.0303594 -0.00794948 0.014893 -0.00668288 0.0418839 -0.0183562 -0.00818474 -0.00671764 0.0177319 0.0639123 0.0276176 0.0376323 0.0739097 -0.0258943 0.0207632 -0.00910122 0.00789582 -0.00522933 0.030341
internal_weight=22750 8227 367 7860 7586 3900 865 680 3686 533 14523 688 419 3153 1169 331 494 13835 13305 1181 422 1984 1542 489 838 1053 12124 1556 1333 374
internal_count=22750 8227 367 7860 7586 3900 865 680 3686 533 14523 688 419 3153 1169 331 494 13835 13305 1181 422 1984 1542 489 838 1053 12124 1556 1333 374
is_linear=0
shrinkage=0.0161


Tree=170
num_leaves=31
num_cat=0
split_feature=599 237 274 163 20 446 54 12 288 269 201 169 186 148 63 453 505 151 480 572 94 18 253 206 331 584 389 318 599 206
split_gain=6451.96 4792.57 3975.92 3699.16 4084.57 4693.87 3641.21 4219.98 3374.8 2575.74 2649.96 2860.94 4116.7 6279.48 3204.3 3862.24 3143.93 4465.27 2969.83 5243.74 4820.91 4215.75 2921.31 3324.35 2478.01 4247.3 2449.82 3470.69 4650.28 3290.89
threshold=271.25000000000006 87.000000000000014 8.0000000000000018 13.500000000000002 29.500000000000004 10.500000000000002 24.500000000000004 24.500000000000004 20.000000000000004 29.500000000000004 3.5000000000000004 20.000000000000004 20.000000000000004 8.0000000000000018 24.500000000000004 73.500000000000014 146.50000000000003 24.500000000000004 63.500000000000007 100.45000076293947 20.000000000000004 20.000000000000004 8.0000000000000018 10.500000000000002 5.5000000000000009 180.15000152587893 10.500000000000002 6.5000000000000009 106.25000000000001 10.500000000000002
decision_type=10 2 2 2 2 2 2 2 2 2 2 2 2 2 2 2 2 2 2 10 2 2 2 2 2 10 2 2 10 2
left_child=1 2 3 6 26 -6 -1 8 -8 10 -4 14 22 -14 15 16 18 24 -12 20 -20 -21 23 -13 25 -18 -5 28 -28 -29
right_child=-2 -3 9 4 5 -7 7 -9 -10 -11 11 12 13 -15 -16 -17 17 -19 19 21 -22 -23 -24 -25 -26 -27 27 29 -30 -31
leaf_value=-0.016499105008200645 0.085396236651530941 0.078846127390870518 -0.010981260389388604 -0.011923421038864993 0.11153474008394031 -0.0025448713305848904 -0.012755456447418495 0.089145818251013684 0.067642275267840904 -0.017508486252434671 0.0054205604348518148 0.078673709780402043 0.14293301165617084 0.015717909006344781 -0.020411548521811224 0.087057250335977859 -0.033668681303573221 0.057399694678585883 0.039996909212245697 -0.0066814640549893861 0.1422970730484501 0.080074900200481039 -0.0087554649101871853 -0.0046295562197858579 -0.041243868655838095 0.072677339245331887 0.011397332920869991 0.028177961111146604 0.1193161424296319 -0.042459742536689785
leaf_weight=8411 225 192 1464 1659 196 178 774 167 164 1090 1901 300 193 211 893 175 246 210 333 673 187 185 570 211 726 161 259 381 173 310
leaf_count=8411 225 192 1464 1659 196 178 774 167 164 1090 1901 300 193 211 893 175 246 210 333 673 187 185 570 211 726 161 259 381 173 310
internal_value=-0.000390694 -0.00124607 -0.0019336 -0.00787762 0.00722235 0.0571772 -0.012888 0.0145773 0.0012762 0.00580606 0.00875042 0.0127798 0.032685 0.0765497 0.00758071 0.0127966 0.00997983 -0.0107573 0.0184804 0.0364799 0.0768309 0.0119973 0.0162697 0.0442304 -0.0234108 0.00834157 0.000498177 0.0188695 0.0546693 -0.00347783
internal_weight=22818 22593 22401 12672 3156 374 9516 1105 938 9729 8639 7175 1485 404 5690 4797 4622 1343 3279 1378 520 858 1081 511 1133 407 2782 1123 432 691
internal_count=22818 22593 22401 12672 3156 374 9516 1105 938 9729 8639 7175 1485 404 5690 4797 4622 1343 3279 1378 520 858 1081 511 1133 407 2782 1123 432 691
is_linear=0
shrinkage=0.0161


Tree=171
num_leaves=31
num_cat=0
split_feature=299 456 507 540 427 241 441 292 332 598 241 466 106 113 201 261 457 332 8 175 276 547 590 542 156 221 593 280 12 157
split_gain=4842.97 4408.42 3757.12 5127.84 3317.83 4819.59 4308.83 3035.73 2795.83 4921.9 3660.92 2964.79 2697.37 2623.71 2436.25 2810.48 2763.19 2730.99 2609.43 2948.16 2473.15 2474.19 2562.98 3406.65 2510.07 2366.75 2352.47 2116.49 3638.83 3138.71
threshold=87.000000000000014 6.5000000000000009 290.50000000000006 247.34999847412112 43.500000000000007 6.5000000000000009 10.500000000000002 3.5000000000000004 3.5000000000000004 162.34999847412112 4.5000000000000009 24.500000000000004 73.500000000000014 13.500000000000002 3.5000000000000004 35.500000000000007 61.500000000000007 73.500000000000014 3.5000000000000004 43.500000000000007 61.500000000000007 228.75000000000003 133.05000305175784 145.55000305175784 24.500000000000004 29.500000000000004 247.34999847412112 5.5000000000000009 35.500000000000007 5.5000000000000009
decision_type=2 2 2 10 2 2 2 2 2 10 2 2 2 2 2 2 2 2 2 2 2 10 8 8 2 2 8 2 2 2
left_child=1 7 3 4 8 -6 -7 -1 9 10 -3 -12 14 -4 -10 16 17 18 26 20 21 22 23 24 -20 -24 -16 -9 29 -29
right_child=-2 2 13 -5 5 6 -8 27 12 -11 11 -13 -14 -15 15 -17 -18 -19 19 -21 -22 -23 25 -25 -26 -27 -28 28 -30 -31
leaf_value=-0.024665856896655194 0.073072692269699438 -0.017984488519633544 -0.081709155164236907 0.077619363108146003 -0.013731955900875744 0.02025464153571737 0.11453945850621959 -0.013970043603042335 -0.020028886511798422 0.095045159583156569 0.018638816030050246 0.091699988873595345 0.055228740415652108 0.0033970476265676574 -0.03210805735184856 -0.030976112986520764 -0.04681155475379295 0.071983566916303865 0.0039214367996221796 0.058621009800001692 -0.052801885107663593 0.065768904612832912 -0.01147427330397305 0.074625473034740292 0.049437028889276112 0.043810532504142477 0.03180855621842657 -0.0042067577921921272 -0.043719874676674764 0.024487339953731802
leaf_weight=2365 233 668 213 262 301 251 253 3096 1572 206 984 169 220 167 750 612 256 164 1866 302 174 191 2000 247 378 223 186 2342 388 1708
leaf_count=2365 233 668 213 262 301 251 253 3096 1572 206 984 169 220 167 750 612 256 164 1866 302 174 191 2000 247 378 223 186 2342 388 1708
internal_value=4.72889e-05 -0.000707414 0.00560238 0.00715249 0.00560853 0.037179 0.0676308 -0.00875081 0.00333079 0.0204376 0.0119848 0.0293681 -0.000460043 -0.0442453 -0.00183602 0.00205236 0.00505621 0.00710862 0.00542063 0.00973923 0.00682806 0.00894817 0.00664093 0.017858 0.011599 -0.0059178 -0.0193815 -0.00375179 0.00337129 0.00788855
internal_weight=22747 22514 12615 12235 11973 805 504 9899 11168 2027 1821 1153 9141 380 8921 7349 6737 6481 6317 5381 5079 4905 4714 2491 2244 2223 936 7534 4438 4050
internal_count=22747 22514 12615 12235 11973 805 504 9899 11168 2027 1821 1153 9141 380 8921 7349 6737 6481 6317 5381 5079 4905 4714 2491 2244 2223 936 7534 4438 4050
is_linear=0
shrinkage=0.0161


Tree=172
num_leaves=31
num_cat=0
split_feature=299 96 540 582 492 489 14 408 176 102 592 183 492 566 3 19 510 537 118 223 426 598 162 480 568 70 574 519 539 84
split_gain=7227.47 5002.05 5729.63 6617.67 8640.64 12549.7 4807.29 3652.59 4269 5575.03 3134.69 4688.88 4591 3262.77 3157.64 4062.31 2886 4262.08 5720.41 2959.19 2842.46 3952.57 2787.69 2844.21 2771.07 2555.79 2887.41 2372.65 2753.7 8370.19
threshold=87.000000000000014 4.5000000000000009 221.94999694824222 247.34999847412112 159.50000000000003 200.50000000000003 10.500000000000002 13.500000000000002 29.500000000000004 16.500000000000004 209.25000000000003 13.500000000000002 104.50000000000001 191.15000152587893 10.500000000000002 16.500000000000004 106.50000000000001 123.50000000000001 13.500000000000002 16.500000000000004 10.500000000000002 159.44999694824222 5.5000000000000009 182.50000000000003 143.15000152587893 43.500000000000007 210.94999694824222 218.50000000000003 160.50000000000003 16.500000000000004
decision_type=2 2 10 8 2 2 2 2 2 2 8 2 2 10 2 2 2 2 2 2 2 10 2 2 8 2 8 2 2 2
left_child=1 27 7 4 -4 -6 -7 16 10 24 13 14 -13 25 15 -12 17 -3 -19 22 -21 -22 23 -18 -10 26 -9 28 -1 -30
right_child=-2 2 3 -5 5 6 -8 8 9 -11 11 12 -14 -15 -16 -17 19 18 -20 20 21 -23 -24 -25 -26 -27 -28 -29 29 -31
leaf_value=-0.013843526399076312 0.088183602885949106 -0.00086845103286698833 -0.023036285648422299 -0.049548191422667053 0.20975781483132191 0.10459460569130845 -0.013040396246201187 0.0047147498566160843 0.060047883346033587 0.12242046833913255 0.00026130486455002507 0.021931813563538596 0.14009757678432433 -0.056119027331646434 -0.035840678633848849 0.094760615669437803 -0.018738367172224372 0.0084319394859058185 0.11943325729515546 -0.015665536010730147 -0.0035559658614822765 0.10032943690886495 -0.036487832585856486 0.041262739636109366 -0.031784024025603007 -0.051189869638359649 0.075215893132939582 -0.050268735759048853 -0.015098243383158492 0.11427352207881938
leaf_weight=5161 242 6463 212 162 176 174 186 2582 178 205 347 171 171 247 263 179 777 353 183 461 208 174 1638 278 163 197 160 405 456 181
leaf_count=5161 242 6463 212 162 176 174 186 2582 178 205 347 171 171 247 263 179 777 353 183 461 208 174 1638 278 163 197 160 405 456 181
internal_value=0.000666931 -0.000272854 0.00440669 0.0436635 0.0638825 0.0983047 0.0437511 0.00208514 0.0136275 0.0560511 0.00825644 0.0312828 0.0810835 7.49173e-05 0.00966632 0.0324646 -0.00324062 0.0027461 0.0463737 -0.0150971 0.0112085 0.0437019 -0.0233404 -0.00290534 0.0160827 0.00480559 0.00883719 -0.0125794 -0.00994269 0.0216251
internal_weight=22753 22511 16308 910 748 536 360 15398 4863 546 4317 1131 342 3186 789 526 10535 6999 536 3536 843 382 2693 1055 341 2939 2742 6203 5798 637
internal_count=22753 22511 16308 910 748 536 360 15398 4863 546 4317 1131 342 3186 789 526 10535 6999 536 3536 843 382 2693 1055 341 2939 2742 6203 5798 637
is_linear=0
shrinkage=0.0161


Tree=173
num_leaves=31
num_cat=0
split_feature=238 132 225 454 275 200 540 419 565 476 423 507 488 525 104 9 39 118 547 490 571 534 325 597 33 246 163 266 599 216
split_gain=7687.71 4470.12 3860.65 3326.86 4233.98 4524.94 6142.19 7490.08 5098.76 3194.75 3021.7 2523.18 3135.93 2284.68 2589.91 2227.34 2129.32 2034.27 3235.65 2018.87 2182.02 1998.16 5090.29 2314.05 2202.86 2677.31 3516.94 2343.96 2471.25 1994.72
threshold=87.000000000000014 2.5000000000000004 3.5000000000000004 16.500000000000004 16.500000000000004 16.500000000000004 85.549999237060561 8.0000000000000018 102.04999923706056 61.500000000000007 4.5000000000000009 288.50000000000006 310.50000000000006 211.50000000000003 16.500000000000004 29.500000000000004 35.500000000000007 16.500000000000004 171.05000305175784 230.50000000000003 156.94999694824222 252.50000000000003 10.500000000000002 215.15000152587893 29.500000000000004 6.5000000000000009 13.500000000000002 52.000000000000007 198.94999694824222 20.000000000000004
decision_type=2 2 2 2 2 2 10 2 10 2 2 2 2 2 2 2 2 2 8 2 10 2 2 10 2 2 2 2 10 2
left_child=1 17 15 9 16 8 -7 -8 10 11 -6 12 21 14 -10 -3 19 -1 -19 20 -5 23 -23 24 27 -26 -27 28 -4 -12
right_child=-2 2 3 4 5 6 7 -9 13 -11 29 -13 -14 -15 -16 -17 -18 18 -20 -21 -22 22 -24 -25 25 26 -28 -29 -30 -31
leaf_value=-0.027070310216862594 0.097408053616190746 -0.016774603409879817 -0.0057460930360429992 0.010229884664180506 0.10972672868739644 -0.0063845987338075694 0.18324486437583654 0.047641074131248892 -0.021377693229541844 0.051039530873397111 0.0066459666087380076 -0.04268222605288198 0.068125957824350783 -0.063568662105595267 0.05096436209082067 0.028438688803171307 -0.047430484094815512 -0.019930423946492543 0.068036100410482969 0.058367902621487465 -0.034826271371114867 0.083419495595820736 -0.026852596242090583 -0.048510781389835875 -0.01764340431989192 0.015577258466724409 0.10193629389916105 0.043607380223949638 0.046394647159039522 0.074576875438062837
leaf_weight=2225 207 3482 8831 1502 166 190 179 259 364 316 324 362 175 168 198 307 206 327 162 180 342 238 199 270 260 359 186 272 242 172
leaf_count=2225 207 3482 8831 1502 166 190 179 259 364 316 324 362 175 168 198 307 206 327 162 180 342 238 199 270 260 359 186 272 242 172
internal_value=-0.00025746 -0.00115851 0.00150284 0.00497232 0.0171739 0.0340589 0.0699471 0.103113 0.017851 0.000541882 0.0502148 -0.000856549 0.00051377 -0.0114659 0.00406749 -0.013105 0.00186848 -0.0205331 0.00916373 0.00689769 0.00186072 -0.000573878 0.0331502 -0.00199048 -0.000750672 0.0248014 0.0450934 -0.0029543 -0.00435277 0.0302501
internal_weight=22670 22463 19749 15960 4250 2020 628 438 1392 11710 662 11394 11032 730 562 3789 2230 2714 489 2024 1844 10857 437 10420 10150 805 545 9345 9073 496
internal_count=22670 22463 19749 15960 4250 2020 628 438 1392 11710 662 11394 11032 730 562 3789 2230 2714 489 2024 1844 10857 437 10420 10150 805 545 9345 9073 496
is_linear=0
shrinkage=0.0161


Tree=174
num_leaves=31
num_cat=0
split_feature=299 237 356 156 157 576 548 462 41 161 72 54 418 229 59 561 161 61 135 535 225 552 468 556 517 503 598 358 214 505
split_gain=7784.47 5153.78 3833.36 3771.83 4022.04 5089.06 5804.71 4673.29 3587.37 4748.31 5421.51 4501.42 3304.13 3359.27 3214.13 4992.89 2610.69 2521.37 2329.42 2203.6 2171.95 2329.51 2606.92 2628.87 2571.49 2316.14 4338.65 2297.03 2102.59 2524.68
threshold=102.50000000000001 87.000000000000014 3.5000000000000004 87.000000000000014 10.500000000000002 226.84999847412112 231.15000152587893 52.000000000000007 5.5000000000000009 8.0000000000000018 24.500000000000004 24.500000000000004 3.5000000000000004 35.500000000000007 52.000000000000007 148.75000000000003 43.500000000000007 8.0000000000000018 16.500000000000004 129.50000000000003 4.5000000000000009 210.94999694824222 5.5000000000000009 201.75000000000003 238.50000000000003 166.50000000000003 175.25000000000003 8.0000000000000018 16.500000000000004 143.50000000000003
decision_type=2 2 2 2 2 10 10 2 2 2 2 2 2 2 2 8 2 2 2 2 2 10 2 10 2 2 10 2 2 2
left_child=1 2 19 4 14 6 7 8 -6 10 11 18 17 16 20 -16 -14 -11 -10 -1 -4 22 -22 25 -23 26 28 -27 29 -24
right_child=-2 -3 3 -5 5 -7 -8 -9 9 12 -12 -13 13 -15 15 -17 -18 -19 -20 -21 21 24 23 -25 -26 27 -28 -29 -30 -31
leaf_value=-0.0094186835118841485 0.10540345008356217 0.082602151565823609 -0.015181255663662695 -0.064358819649905655 -0.010532992788176774 -0.043238672888146534 0.10828396303754481 0.076391960784376836 0.0044944103126874505 0.097917223506001225 0.11783617346487482 0.097729036703515279 -0.014820851830295538 0.068005975182250156 -0.014455399617777219 0.10779561222494673 0.044626267959645576 0.0090990725719015814 0.069406478049791595 -0.038153821077911834 -0.010857101671608331 -0.061104178721269317 0.0061424132787694392 0.070533487572359083 0.0063515013762246043 0.01028033065774746 0.080635831637927757 -0.048481243936458911 0.033706460886328941 -0.053038559627986384
leaf_weight=3665 180 190 3475 221 1517 392 174 294 865 161 208 206 1742 162 177 169 215 172 172 854 2393 323 2649 178 267 337 227 352 668 201
leaf_count=3665 180 190 3475 221 1517 392 174 294 865 161 208 206 1742 162 177 169 215 172 172 854 2393 323 2649 178 267 337 227 352 668 201
internal_value=-5.43829e-05 -0.000894388 -0.00160253 0.00173849 0.00256529 0.0129148 0.0166573 0.013863 0.0104668 0.018635 0.0417218 0.0289661 0.00496349 -0.00243475 -0.00312596 0.0451888 -0.00827784 0.0521119 0.0152836 -0.0148543 -0.0046382 0.000182552 0.00277334 0.00985079 -0.0305377 0.00740942 0.0124043 -0.0197059 0.007995 0.00196034
internal_weight=22806 22626 22436 17917 17696 6280 5888 5714 5420 3903 1451 1243 2452 2119 11416 346 1957 333 1037 4519 11070 7595 7005 4612 590 4434 3745 689 3518 2850
internal_count=22806 22626 22436 17917 17696 6280 5888 5714 5420 3903 1451 1243 2452 2119 11416 346 1957 333 1037 4519 11070 7595 7005 4612 590 4434 3745 689 3518 2850
is_linear=0
shrinkage=0.0161


Tree=175
num_leaves=31
num_cat=0
split_feature=97 599 200 541 427 510 537 266 599 566 248 458 237 352 224 168 506 86 359 536 506 520 585 215 478 476 470 586 599 147
split_gain=5895.33 5635.13 4218.34 5825.28 5046.98 3762.32 5754.36 4117.62 5219.3 3760.42 3642.73 3441.6 3126.1 3047.62 3798.06 2971 3256.45 2797.22 2415.21 3156.4 2805.31 2683.22 5584.7 2941.86 2406.49 2610.32 2397.86 2154.18 2565.08 2118.7
threshold=4.5000000000000009 271.25000000000006 13.500000000000002 224.44999694824222 43.500000000000007 132.50000000000003 159.50000000000003 10.500000000000002 114.45000076293947 186.44999694824222 10.500000000000002 20.000000000000004 43.500000000000007 13.500000000000002 16.500000000000004 16.500000000000004 130.50000000000003 5.5000000000000009 35.500000000000007 185.50000000000003 17.500000000000004 94.500000000000014 109.54999923706056 16.500000000000004 35.500000000000007 8.0000000000000018 8.0000000000000018 109.54999923706056 94.250000000000014 13.500000000000002
decision_type=2 10 2 10 2 2 2 2 10 10 2 2 2 2 2 2 2 2 2 2 2 2 10 2 2 2 2 10 8 2
left_child=24 2 9 4 5 6 7 -4 11 10 15 -9 18 14 -7 -2 27 -11 19 20 -12 22 23 -22 -1 -26 -25 28 -17 -15
right_child=1 -3 3 -5 -6 13 -8 8 -10 17 12 -13 -14 29 -16 16 -18 -19 -20 -21 21 -23 -24 26 25 -27 -28 -29 -30 -31
leaf_value=-0.015425383612770316 -0.0098655086301691151 0.091417677262285529 -0.0052128199523825795 0.084247637858535049 0.076332840484651221 -0.018379878824594981 0.097262710154738349 -0.00020645251593308663 0.11368479372122041 0.013685383621341723 -0.015599234068282876 0.078196927045050241 0.080378272020766126 -0.016655112837742209 0.058949919794363564 -0.0090278542527125992 0.068917699039094074 -0.041327287776796444 0.054828267481442657 -0.040340023115203065 0.0011972776371257368 0.00071757185593014324 0.10302443014269763 0.017884736455557913 -0.016742325278941549 0.072931599665079491 0.10093664288994411 -0.037881281308881756 0.05637871148765964 -0.082703727168451216
leaf_weight=6024 5547 194 1518 313 297 544 220 592 187 321 702 192 179 290 236 358 259 938 305 323 731 975 259 191 165 171 172 234 274 224
leaf_count=6024 5547 194 1518 313 297 544 220 592 187 321 702 192 179 290 236 358 259 938 305 323 731 975 259 191 165 171 172 234 274 224
internal_value=9.24149e-05 0.00514973 0.00412662 0.0171762 0.0122885 0.00753091 0.0183224 0.0113355 0.0372303 -0.000986737 0.00216129 0.0189644 0.0146623 -0.015043 0.00498717 -0.00502439 0.0188246 -0.0272823 0.0114401 0.00748638 0.0125925 0.0211037 0.035777 0.0198349 -0.0130839 0.0288252 0.057302 0.00381582 0.0192915 -0.0454847
internal_weight=22935 16575 16381 4613 4300 4003 2709 2489 971 11768 10509 784 3837 1294 780 6672 1125 1259 3658 3353 3030 2328 1353 1094 6360 336 363 866 632 514
internal_count=22935 16575 16381 4613 4300 4003 2709 2489 971 11768 10509 784 3837 1294 780 6672 1125 1259 3658 3353 3030 2328 1353 1094 6360 336 363 866 632 514
is_linear=0
shrinkage=0.0161


Tree=176
num_leaves=31
num_cat=0
split_feature=477 412 453 428 319 118 598 41 509 537 188 548 555 76 87 550 489 27 335 256 95 44 483 486 189 241 467 446 31 441
split_gain=5823.99 6743.17 3908.11 3626.55 3287.93 3192.31 4403.69 7100.73 7595.76 6620.49 7409.79 3488.92 3573 4083.82 3155.19 2758.27 3341.72 2701.59 3172.34 2679.13 2908.45 4039.25 2667.32 5439.39 2666.51 2164.01 2348.12 2262.81 2523.57 2146.72
threshold=52.000000000000007 20.000000000000004 20.000000000000004 5.5000000000000009 5.5000000000000009 16.500000000000004 166.15000152587893 29.500000000000004 197.50000000000003 129.50000000000003 8.0000000000000018 164.05000305175784 166.15000152587893 8.0000000000000018 10.500000000000002 124.35000228881837 83.500000000000014 6.5000000000000009 13.500000000000002 2.5000000000000004 16.500000000000004 2.5000000000000004 230.50000000000003 246.50000000000003 29.500000000000004 13.500000000000002 6.5000000000000009 24.500000000000004 20.000000000000004 13.500000000000002
decision_type=2 2 2 2 2 2 8 2 2 2 2 10 10 2 2 10 2 2 2 2 2 2 2 2 2 2 2 2 2 2
left_child=3 2 4 22 -2 11 15 8 9 -8 -11 12 19 -14 -10 16 29 18 -13 -5 25 -22 -1 -24 -23 26 -21 28 -28 -7
right_child=1 -3 -4 5 -6 6 7 -9 14 10 -12 17 13 -15 -16 -17 -18 -19 -20 20 21 24 23 -25 -26 -27 27 -29 -30 -31
leaf_value=-0.012760684001964565 -0.065383318015298078 0.12547203715348751 0.07773965999196393 -0.024923880237413779 0.023609406679786029 -0.010891487325697054 0.0068366736454670328 0.13955443592327593 0.013338305744520104 0.18429946209533057 0.044568591262038708 -0.020979783833231003 -0.0054653609172525958 0.089444942751900305 -0.079250156369322672 -0.027036960906262845 0.074787744914823068 -0.033420460138772465 0.052138934691129402 -0.009497217594818308 0.088004254872913648 0.0047950431079373784 0.08809418801884962 -0.027228149685203224 0.060408387844530023 -0.020218903212190945 0.0010900250040928778 0.0595193080179615 0.054160064477746621 0.033584471853469182
leaf_weight=7406 168 191 193 934 299 835 406 161 187 160 257 410 215 258 194 606 201 1345 246 1862 206 1564 206 218 261 1309 1563 263 273 424
leaf_count=7406 168 191 193 934 299 835 406 161 187 160 257 410 215 258 194 606 201 1345 246 1862 206 1564 206 218 261 1309 1563 263 273 424
internal_value=-0.000117371 0.0412071 0.0167857 -0.00171913 -0.00835471 0.00314718 0.0166627 0.0391035 0.0256516 0.0531772 0.0982388 -0.00118079 0.00322203 0.0462541 -0.0337447 0.0018247 0.0138204 -0.0203528 0.00640386 0.000747505 0.00403481 0.0204047 -0.0105101 0.0287456 0.0127614 -0.00226951 0.00365632 0.0153359 0.00899398 0.00406822
internal_weight=22821 851 660 21970 467 14140 3431 1365 1204 823 417 10709 8708 473 381 2066 1460 2001 656 8235 7301 2031 7830 424 1825 5270 3961 2099 1836 1259
internal_count=22821 851 660 21970 467 14140 3431 1365 1204 823 417 10709 8708 473 381 2066 1460 2001 656 8235 7301 2031 7830 424 1825 5270 3961 2099 1836 1259
is_linear=0
shrinkage=0.0161


Tree=177
num_leaves=31
num_cat=0
split_feature=332 8 359 323 166 454 224 4 37 474 75 551 555 120 263 266 454 346 303 298 21 534 575 536 263 574 538 40 529 493
split_gain=5573.43 4814.22 4918.7 3854.07 3562.69 6576.4 3334.48 3287.58 3060.76 3433.77 2894.28 2830.19 3309.02 2783.45 3055.15 3131.66 3683.31 3901.75 4000.09 3055.29 2915.42 2537.53 2354.51 4162.07 6080.21 2273.96 3342.63 2574.77 2130.5 3711.4
threshold=87.000000000000014 6.5000000000000009 61.500000000000007 10.500000000000002 52.000000000000007 16.500000000000004 43.500000000000007 10.500000000000002 5.5000000000000009 73.500000000000014 43.500000000000007 215.15000152587893 209.25000000000003 13.500000000000002 20.000000000000004 4.5000000000000009 35.500000000000007 13.500000000000002 10.500000000000002 8.0000000000000018 6.5000000000000009 88.500000000000014 165.25000000000003 149.50000000000003 8.0000000000000018 210.94999694824222 224.50000000000003 61.500000000000007 77.500000000000014 63.500000000000007
decision_type=2 2 2 2 2 2 2 2 2 2 2 10 10 2 2 2 2 2 2 2 2 2 10 2 2 10 2 2 2 2
left_child=1 6 4 -4 8 -6 11 -8 22 10 13 12 25 28 15 -15 17 20 -19 -16 21 -17 23 -3 -25 26 27 -1 29 -10
right_child=-2 2 3 -5 5 -7 7 -9 9 -11 -12 -13 -14 14 19 16 -18 18 -20 -21 -22 -23 -24 24 -26 -27 -28 -29 -30 -31
leaf_value=-0.012038859170715963 0.079421661451129194 -0.010750898713708655 0.017101917949483354 0.12382432152624188 0.0048219497135709964 0.13174063338222861 0.093774259055731293 -0.0088350819098145725 0.0025492604232176252 0.075554911346692358 -0.029772615133847023 -0.053831726717216609 0.059189140961467608 -0.0090505443349044243 0.033301878608251997 0.011589807987104609 0.10894896590046312 0.030278800246063182 0.13473628422416628 -0.043576021183832504 -0.0083345586570933248 0.098771827959075215 -0.040252278674249201 -0.0087991112878439554 0.12083493321410266 -0.064495335443768481 0.043150959061914934 0.050542188913946025 -0.0071393168538083831 0.04639170665710457
leaf_weight=7976 232 2750 194 161 310 161 161 162 2117 193 524 373 183 353 240 190 198 214 172 303 530 160 539 222 162 194 310 174 2711 656
leaf_count=7976 232 2750 194 161 310 161 161 162 2117 193 524 373 183 353 240 190 198 214 172 303 530 160 539 222 162 194 310 174 2711 656
internal_value=0.000911595 0.00010436 0.00645497 0.0655691 0.00480137 0.048256 -0.00859337 0.0422379 0.00312647 0.00840269 0.00685107 -0.0103786 -0.00854184 0.00930063 0.0239219 0.0339387 0.0443204 0.034194 0.0768856 -0.00955349 0.0154412 0.0515117 -0.00916489 -0.00381082 0.045829 -0.00997682 -0.00872385 -0.0106999 0.0030042 0.0129294
internal_weight=22825 22593 13060 355 12705 471 9533 323 12234 8561 8368 9210 8837 7844 2360 1817 1464 1266 386 543 880 350 3673 3134 384 8654 8460 8150 5484 2773
internal_count=22825 22593 13060 355 12705 471 9533 323 12234 8561 8368 9210 8837 7844 2360 1817 1464 1266 386 543 880 350 3673 3134 384 8654 8460 8150 5484 2773
is_linear=0
shrinkage=0.0161


Tree=178
num_leaves=31
num_cat=0
split_feature=298 292 120 274 508 482 193 18 512 207 562 498 563 243 334 539 322 43 226 494 146 595 33 577 582 374 395 189 89 273
split_gain=5026.21 4253.47 4452.89 4312.11 3605.34 8827.69 7861.05 4723.93 3409.74 4371.36 3664.49 3629.13 5785.87 5707.93 2791.43 3723.4 2760.11 3422.71 4304.08 4940.91 3660.6 2626.19 2446.63 2433.57 2914.22 2384.46 2368.53 2654.18 2333.96 3152.99
threshold=102.50000000000001 13.500000000000002 52.000000000000007 4.5000000000000009 253.50000000000003 214.50000000000003 6.5000000000000009 10.500000000000002 162.50000000000003 20.000000000000004 165.25000000000003 136.50000000000003 139.25000000000003 8.0000000000000018 29.500000000000004 200.50000000000003 29.500000000000004 24.500000000000004 13.500000000000002 99.500000000000014 5.5000000000000009 158.65000152587893 29.500000000000004 128.94999694824222 127.25000000000001 24.500000000000004 29.500000000000004 16.500000000000004 20.000000000000004 5.5000000000000009
decision_type=2 2 2 2 2 2 2 2 2 2 10 2 10 2 2 2 2 2 2 2 2 10 2 10 10 2 2 2 2 2
left_child=1 3 4 28 5 8 -7 -8 11 10 -10 21 13 -13 16 22 17 23 20 -20 -19 26 -16 24 -5 -25 -3 -28 -1 -30
right_child=-2 2 -4 14 -6 6 7 -9 9 -11 -12 12 -14 -15 15 -17 -18 18 19 -21 -22 -23 -24 25 -26 -27 27 -29 29 -31
leaf_value=-0.021314983113054003 0.083196180849799586 -0.0039246225546058569 0.074061239423895531 -0.00052711722856218037 -0.0380527202531247 0.1576070692219132 0.092477996023591344 -0.024699766157513337 -0.040871787032350823 -0.096743252947354211 0.036978485769329689 0.025736363588447782 0.002652526228357903 0.15924661921837965 -0.0020884580477922325 0.08583391068005812 -0.030677575528133529 0.045128692478463808 0.015737521045800205 0.12359927726388457 -0.025283452010319583 0.067572544349938743 0.05295283200660747 -0.02438898978631826 0.049786037059185453 0.023198201345959443 0.00016049150919593151 0.084278005614807611 0.041179108389492652 -0.026819976278356233
leaf_weight=4354 189 3065 277 5075 410 187 164 195 348 175 285 166 416 167 854 206 796 320 239 205 476 160 277 1908 317 318 217 177 387 325
leaf_count=4354 189 3065 277 5075 410 187 164 195 348 175 285 166 416 167 854 206 796 320 239 205 476 160 277 1908 317 318 217 177 387 325
internal_value=0.000516775 -0.000177735 0.0109096 -0.00460462 0.00805307 0.0113608 0.0729349 0.0287643 0.00486101 -0.0255131 -0.00578353 0.010485 0.0427463 0.0927626 0.00105774 0.0228618 -0.0019595 0.000618515 0.0254265 0.0655916 0.00299337 0.00380166 0.0113712 -0.00341646 0.00242647 -0.0175802 0.000845061 0.0380091 -0.0168941 0.0101071
internal_weight=22655 22466 6409 16057 6132 5722 546 359 5176 808 633 4368 749 333 10991 1337 9654 8858 1240 444 796 3619 1131 7618 5392 2226 3459 394 5066 712
internal_count=22655 22466 6409 16057 6132 5722 546 359 5176 808 633 4368 749 333 10991 1337 9654 8858 1240 444 796 3619 1131 7618 5392 2226 3459 394 5066 712
is_linear=0
shrinkage=0.0161


Tree=179
num_leaves=31
num_cat=0
split_feature=298 599 94 545 509 36 479 136 592 176 536 533 64 241 487 539 323 411 337 578 564 597 590 531 356 248 287 275 212 35
split_gain=9182.5 5341.58 4027.22 4591.63 4615.85 3293.56 3298.63 3422.6 4516.98 3104.47 3554.79 3849.01 3064.92 4372.3 3061.09 4987.19 3045.27 2521.8 2179.91 2579.12 2222.36 2997.65 2177.1 5939.22 2113.43 2274.91 4167.6 4374.88 2572.29 2905.97
threshold=102.50000000000001 271.25000000000006 8.0000000000000018 260.05000305175787 262.50000000000006 6.5000000000000009 35.500000000000007 8.0000000000000018 135.84999847412112 61.500000000000007 255.50000000000003 224.50000000000003 2.5000000000000004 6.5000000000000009 104.50000000000001 127.50000000000001 29.500000000000004 6.5000000000000009 20.000000000000004 191.15000152587893 204.25000000000003 198.94999694824222 130.34999847412112 47.500000000000007 43.500000000000007 8.0000000000000018 13.500000000000002 24.500000000000004 10.500000000000002 20.000000000000004
decision_type=2 10 2 10 2 2 2 2 8 2 2 2 2 2 2 2 2 2 2 8 10 10 8 2 2 2 2 2 2 2
left_child=1 2 17 4 5 14 9 8 -8 10 11 12 13 -7 15 -4 24 -1 20 22 21 -19 23 -20 25 -14 28 -28 29 -27
right_child=-2 -3 3 -5 -6 6 7 -9 -10 -11 -12 -13 16 -15 -16 -17 -18 18 19 -21 -22 -23 -24 -25 -26 26 27 -29 -30 -31
leaf_value=-0.016252477979527866 0.11383422753022736 0.07538308523354012 -0.0027842957202583942 0.089810511609287186 -0.044604938396977295 0.0036947831503435567 0.02481606619224232 0.011233531943282483 0.13727775354693941 0.0741133336630658 -0.062087070621257248 0.073809142688726348 -0.0045183022772387841 0.096337030476178656 -0.028498707563197043 0.090318122573522314 -0.032862952016741206 -0.0056012799490925006 -0.026892775558831239 0.058919279459799599 -0.047137909982641953 0.058159029422172624 -0.035207680882425159 0.095685040810084013 -0.044746910112190591 0.00010791100960373704 0.026513573027593225 0.11258230371620787 -0.018890590988072071 0.063102890489062494
leaf_weight=5753 181 233 2020 163 489 319 193 404 179 181 190 226 1776 226 1137 161 576 4294 241 312 313 200 246 178 198 513 555 212 682 302
leaf_count=5753 181 233 2020 163 489 319 193 404 179 181 190 226 1776 226 1137 161 576 4294 241 312 313 200 246 178 198 513 555 212 682 302
internal_value=-0.000379786 -0.00130077 -0.00210525 0.00500688 0.00369304 0.00604541 0.0125172 0.043747 0.078994 0.00844439 0.00638212 0.00871563 0.00596612 0.0421548 -0.00707839 0.00407767 0.00186426 -0.00870467 -0.00119325 0.0207257 -0.00565306 -0.00275847 0.00277085 0.0251247 0.0065897 0.00911153 0.0198139 0.0503338 0.00416102 0.0234797
internal_weight=22653 22472 22239 10702 10539 10050 6732 776 372 5956 5775 5585 5359 545 3318 2181 4814 11537 5784 977 4807 4494 665 419 4238 4040 2264 767 1497 815
internal_count=22653 22472 22239 10702 10539 10050 6732 776 372 5956 5775 5585 5359 545 3318 2181 4814 11537 5784 977 4807 4494 665 419 4238 4040 2264 767 1497 815
is_linear=0
shrinkage=0.0161


Tree=180
num_leaves=31
num_cat=0
split_feature=157 599 545 84 517 218 155 39 220 57 156 222 580 78 27 72 3 123 441 53 170 74 438 470 480 542 598 260 28 57
split_gain=4890.58 4448.27 4074.94 4485.51 3766.94 3530.59 4179.64 7128.96 3440.4 3661.23 3330.31 3656.19 3155.17 2676.87 2871.01 3696.46 3562.37 5654.27 3151.32 3765.63 2980.43 2421.47 2758.93 2184.95 2197.68 3122.62 2907.27 1959.98 2339.47 3028.11
threshold=5.5000000000000009 260.05000305175787 264.34999084472662 87.000000000000014 242.50000000000003 6.5000000000000009 52.000000000000007 20.000000000000004 43.500000000000007 61.500000000000007 35.500000000000007 35.500000000000007 233.25000000000003 52.000000000000007 10.500000000000002 8.0000000000000018 16.500000000000004 10.500000000000002 6.5000000000000009 10.500000000000002 24.500000000000004 13.500000000000002 4.5000000000000009 3.5000000000000004 272.50000000000006 184.15000152587893 196.25000000000003 5.5000000000000009 16.500000000000004 8.0000000000000018
decision_type=2 10 10 2 2 2 2 2 2 2 2 2 10 2 2 2 2 2 2 2 2 2 2 2 2 10 10 2 2 2
left_child=8 2 3 4 5 10 13 -8 9 23 11 27 -6 14 -7 16 17 18 -16 -20 21 22 -17 -1 25 26 -25 -2 -29 -30
right_child=1 -3 -4 -5 12 6 7 -9 -10 -11 -12 -13 -14 -15 15 20 -18 -19 19 -21 -22 -23 -24 24 -26 -27 -28 28 29 -31
leaf_value=-0.026533350117242852 -0.017854171814138307 0.074434430666554946 0.083983042868215105 0.076805135946602252 -0.052812592864921078 0.0024522364101545791 0.0063799124841993748 0.1459250181826881 0.047672450871175526 0.060818942701381239 -0.057461272353779284 0.062809409668459285 0.012339657877967878 -0.035179271479812119 -0.0001061308856653274 0.067996300778810012 0.0043304585392557552 0.14448219479789362 0.015059500273916402 0.12038930977813191 0.054448639011765561 -0.02141231163365025 0.0020963912403457411 -0.0075609797038039593 0.047065373367596731 -0.049936707497435028 0.05775522930943898 -0.0048494612074614562 0.073357803060297253 0.0032470625085474626
leaf_weight=1916 1737 250 171 221 536 3575 230 162 278 186 292 219 300 323 263 220 362 181 160 197 323 706 658 5930 189 442 182 1917 258 421
leaf_count=1916 1737 250 171 221 536 3575 230 162 278 186 292 219 300 323 263 220 362 181 160 197 323 706 658 5930 189 442 182 1917 258 421
internal_value=0.00104786 0.00713692 0.00588261 0.00487373 0.00365284 0.00591926 0.0129454 0.0641091 -0.00808149 -0.0098365 -0.00475138 -0.00136499 -0.0294044 0.0100637 0.0122664 0.0236872 0.0463149 0.0652598 0.042094 0.0732486 0.00987518 0.000771161 0.0186357 -0.0113569 -0.00704112 -0.008605 -0.00561218 -0.00461395 0.0042361 0.0299217
internal_weight=22805 13682 13432 13261 13040 12204 7360 392 9123 8845 4844 4552 836 6968 6645 3070 1163 801 620 357 1907 1584 878 8659 6743 6554 6112 4333 2596 679
internal_count=22805 13682 13432 13261 13040 12204 7360 392 9123 8845 4844 4552 836 6968 6645 3070 1163 801 620 357 1907 1584 878 8659 6743 6554 6112 4333 2596 679
is_linear=0
shrinkage=0.0161


Tree=181
num_leaves=31
num_cat=0
split_feature=299 477 499 434 508 540 492 549 521 362 517 209 36 419 75 579 107 578 553 439 545 555 176 354 573 470 249 413 485 597
split_gain=6422.25 3870.39 5767.08 3568.75 3614.4 4002.46 6666.95 7481.62 2945.17 2826.52 2790.41 3077.29 5070.94 6399.69 3090.78 3460.22 2713.56 3173.5 2676.44 3264.85 2443.98 3231.83 3004.43 2388.07 2366.15 2886.64 2339.76 4212.9 2358.57 2623.71
threshold=87.000000000000014 73.500000000000014 130.50000000000003 3.5000000000000004 290.50000000000006 221.94999694824222 157.50000000000003 203.05000305175784 13.500000000000002 10.500000000000002 248.50000000000003 16.500000000000004 29.500000000000004 6.5000000000000009 43.500000000000007 181.25000000000003 61.500000000000007 117.85000228881837 135.84999847412112 43.500000000000007 201.75000000000003 195.05000305175784 8.0000000000000018 43.500000000000007 133.65000152587893 29.500000000000004 29.500000000000004 10.500000000000002 103.50000000000001 115.14999771118165
decision_type=2 2 2 2 2 10 2 10 2 2 2 2 2 2 2 10 2 10 10 2 8 10 2 2 10 2 2 2 2 10
left_child=1 3 -3 24 5 8 -7 -8 -5 -9 11 16 14 -14 15 23 17 18 19 26 21 -12 -22 -13 25 -1 28 -28 29 -10
right_child=-2 2 -4 4 -6 6 7 9 10 -11 20 12 13 -15 -16 -17 -18 -19 -20 -21 22 -23 -24 -25 -26 -27 27 -29 -30 -31
leaf_value=-0.014389200561110132 0.08026442717615076 0.094346113402618642 -0.0261318708961201 -0.014133046451015678 -0.042547510658253032 -0.042003636010940357 0.14733930209211463 -0.023116553969224483 -0.0003465862225335193 0.06858475037039044 -0.039932906698908567 0.0036724198235335362 0.14599720213802606 0.019720862345219706 -0.050605386461811043 0.073972529490601707 0.048940622979042829 -0.012889769407458155 0.060386418841536837 0.054484326198610301 -0.0096162095378590096 0.055939697575149529 -0.10294638550061397 0.064357131296502265 -0.040619998909792086 0.04168443141907778 -0.0064706127904804343 0.089527502482162069 -0.025307918744412398 0.047003677895374588
leaf_weight=3041 251 258 171 3068 491 196 195 174 4022 174 210 1853 174 260 196 239 295 3507 228 317 176 161 183 185 817 258 271 210 908 328
leaf_count=3041 251 258 171 3068 491 196 195 174 4022 174 210 1853 174 260 196 239 295 3507 228 317 176 161 183 185 817 258 271 210 908 328
internal_value=-0.000723553 -0.00162542 0.0462686 -0.00255464 0.000533489 0.00174149 0.0384119 0.0674818 0.000126166 0.0226665 0.00331576 0.00503814 0.0196331 0.070402 0.0107139 0.0160024 0.000829227 -0.000617952 0.00622701 0.0041841 -0.0273079 0.00160874 -0.0572568 0.00919264 -0.016081 -0.0099968 0.00140161 0.0353923 -0.00170338 0.00321832
internal_weight=22817 22566 429 22137 18021 17530 739 543 16791 348 13723 12993 2907 434 2473 2277 10086 9791 6284 6056 730 371 359 2038 4116 3299 5739 481 5258 4350
internal_count=22817 22566 429 22137 18021 17530 739 543 16791 348 13723 12993 2907 434 2473 2277 10086 9791 6284 6056 730 371 359 2038 4116 3299 5739 481 5258 4350
is_linear=0
shrinkage=0.0161


end of trees

feature_importances:
Column_599=166
Column_479=97
Column_359=75
Column_539=62
Column_538=59
Column_157=58
Column_156=50
Column_395=50
Column_456=50
Column_155=46
Column_96=44
Column_154=44
Column_275=42
Column_216=40
Column_215=39
Column_276=39
Column_214=37
Column_537=37
Column_598=36
Column_129=35
Column_95=34
Column_394=34
Column_336=32
Column_454=32
Column_455=31
Column_94=29
Column_480=29
Column_540=29
Column_189=28
Column_97=26
Column_393=26
Column_34=25
Column_69=25
Column_130=25
Column_277=25
Column_299=25
Column_419=25
Column_237=24
Column_274=24
Column_597=24
Column_8=23
Column_58=23
Column_118=23
Column_396=23
Column_536=23
Column_54=22
Column_217=22
Column_248=22
Column_9=21
Column_239=21
Column_131=20
Column_249=20
Column_298=20
Column_332=20
Column_476=20
Column_37=19
Column_477=19
Column_481=19
Column_35=18
Column_36=18
Column_478=18
Column_517=18
Column_176=17
Column_218=17
Column_404=17
Column_482=17
Column_488=17
Column_68=16
Column_169=16
Column_174=16
Column_219=16
Column_252=16
Column_335=16
Column_368=16
Column_509=16
Column_516=16
Column_534=16
Column_187=15
Column_224=15
Column_278=15
Column_295=15
Column_408=15
Column_576=15
Column_12=14
Column_33=14
Column_44=14
Column_57=14
Column_59=14
Column_99=14
Column_116=14
Column_163=14
Column_179=14
Column_200=14
Column_238=14
Column_334=14
Column_428=14
Column_471=14
Column_483=14
Column_485=14
Column_513=14
Column_555=14
Column_567=14
Column_178=13
Column_186=13
Column_188=13
Column_220=13
Column_235=13
Column_293=13
Column_356=13
Column_358=13
Column_418=13
Column_511=13
Column_575=13
Column_587=13
Column_84=12
Column_170=12
Column_177=12
Column_229=12
Column_247=12
Column_250=12
Column_268=12
Column_337=12
Column_457=12
Column_490=12
Column_507=12
Column_521=12
Column_522=12
Column_541=12
Column_550=12
Column_571=12
Column_579=12
Column_41=11
Column_166=11
Column_213=11
Column_283=11
Column_284=11
Column_297=11
Column_308=11
Column_333=11
Column_355=11
Column_397=11
Column_427=11
Column_429=11
Column_489=11
Column_492=11
Column_505=11
Column_512=11
Column_518=11
Column_556=11
Column_590=11
Column_102=10
Column_106=10
Column_108=10
Column_222=10
Column_230=10
Column_236=10
Column_251=10
Column_280=10
Column_290=10
Column_354=10
Column_392=10
Column_411=10
Column_453=10
Column_473=10
Column_484=10
Column_486=10
Column_499=10
Column_508=10
Column_519=10
Column_520=10
Column_535=10
Column_549=10
Column_570=10
Column_572=10
Column_596=10
Column_32=9
Column_67=9
Column_113=9
Column_127=9
Column_158=9
Column_167=9
Column_168=9
Column_191=9
Column_201=9
Column_221=9
Column_225=9
Column_228=9
Column_234=9
Column_260=9
Column_261=9
Column_288=9
Column_294=9
Column_296=9
Column_307=9
Column_309=9
Column_357=9
Column_446=9
Column_463=9
Column_532=9
Column_544=9
Column_548=9
Column_573=9
Column_577=9
Column_578=9
Column_582=9
Column_592=9
Column_11=8
Column_31=8
Column_39=8
Column_42=8
Column_43=8
Column_61=8
Column_77=8
Column_139=8
Column_140=8
Column_141=8
Column_150=8
Column_160=8
Column_165=8
Column_175=8
Column_190=8
Column_199=8
Column_262=8
Column_263=8
Column_264=8
Column_320=8
Column_343=8
Column_365=8
Column_369=8
Column_390=8
Column_402=8
Column_426=8
Column_458=8
Column_461=8
Column_487=8
Column_510=8
Column_514=8
Column_515=8
Column_547=8
Column_568=8
Column_585=8
Column_10=7
Column_21=7
Column_40=7
Column_49=7
Column_55=7
Column_56=7
Column_71=7
Column_75=7
Column_98=7
Column_104=7
Column_120=7
Column_136=7
Column_137=7
Column_147=7
Column_212=7
Column_226=7
Column_227=7
Column_246=7
Column_266=7
Column_273=7
Column_302=7
Column_310=7
Column_311=7
Column_389=7
Column_409=7
Column_415=7
Column_431=7
Column_491=7
Column_494=7
Column_500=7
Column_503=7
Column_506=7
Column_531=7
Column_542=7
Column_546=7
Column_557=7
Column_560=7
Column_564=7
Column_566=7
Column_569=7
Column_583=7
Column_591=7
Column_13=6
Column_19=6
Column_53=6
Column_70=6
Column_76=6
Column_114=6
Column_119=6
Column_162=6
Column_172=6
Column_183=6
Column_203=6
Column_207=6
Column_241=6
Column_253=6
Column_279=6
Column_287=6
Column_292=6
Column_313=6
Column_319=6
Column_344=6
Column_353=6
Column_361=6
Column_385=6
Column_403=6
Column_407=6
Column_410=6
Column_417=6
Column_438=6
Column_441=6
Column_462=6
Column_464=6
Column_470=6
Column_501=6
Column_502=6
Column_524=6
Column_527=6
Column_533=6
Column_552=6
Column_554=6
Column_563=6
Column_565=6
Column_574=6
Column_580=6
Column_584=6
Column_594=6
Column_3=5
Column_27=5
Column_38=5
Column_63=5
Column_74=5
Column_88=5
Column_103=5
Column_105=5
Column_128=5
Column_132=5
Column_151=5
Column_153=5
Column_181=5
Column_196=5
Column_202=5
Column_204=5
Column_209=5
Column_291=5
Column_318=5
Column_321=5
Column_338=5
Column_345=5
Column_346=5
Column_347=5
Column_366=5
Column_372=5
Column_374=5
Column_378=5
Column_380=5
Column_383=5
Column_412=5
Column_414=5
Column_448=5
Column_460=5
Column_495=5
Column_497=5
Column_526=5
Column_529=5
Column_543=5
Column_545=5
Column_561=5
Column_593=5
Column_4=4
Column_17=4
Column_18=4
Column_22=4
Column_30=4
Column_51=4
Column_52=4
Column_72=4
Column_79=4
Column_83=4
Column_91=4
Column_92=4
Column_107=4
Column_111=4
Column_112=4
Column_115=4
Column_126=4
Column_135=4
Column_171=4
Column_173=4
Column_194=4
Column_198=4
Column_208=4
Column_243=4
Column_254=4
Column_259=4
Column_269=4
Column_282=4
Column_285=4
Column_286=4
Column_300=4
Column_316=4
Column_322=4
Column_340=4
Column_352=4
Column_362=4
Column_377=4
Column_379=4
Column_421=4
Column_422=4
Column_423=4
Column_434=4
Column_442=4
Column_452=4
Column_465=4
Column_466=4
Column_467=4
Column_472=4
Column_475=4
Column_493=4
Column_498=4
Column_504=4
Column_525=4
Column_581=4
Column_586=4
Column_589=4
Column_2=3
Column_7=3
Column_14=3
Column_16=3
Column_24=3
Column_28=3
Column_29=3
Column_45=3
Column_46=3
Column_47=3
Column_62=3
Column_66=3
Column_78=3
Column_86=3
Column_87=3
Column_89=3
Column_90=3
Column_93=3
Column_125=3
Column_138=3
Column_146=3
Column_149=3
Column_159=3
Column_164=3
Column_185=3
Column_192=3
Column_206=3
Column_210=3
Column_211=3
Column_223=3
Column_232=3
Column_233=3
Column_240=3
Column_255=3
Column_256=3
Column_270=3
Column_314=3
Column_323=3
Column_325=3
Column_326=3
Column_329=3
Column_339=3
Column_342=3
Column_363=3
Column_364=3
Column_367=3
Column_376=3
Column_381=3
Column_391=3
Column_398=3
Column_401=3
Column_406=3
Column_413=3
Column_425=3
Column_430=3
Column_439=3
Column_443=3
Column_449=3
Column_450=3
Column_459=3
Column_468=3
Column_474=3
Column_496=3
Column_528=3
Column_551=3
Column_553=3
Column_559=3
Column_562=3
Column_595=3
Column_0=2
Column_5=2
Column_15=2
Column_26=2
Column_50=2
Column_60=2
Column_64=2
Column_73=2
Column_80=2
Column_82=2
Column_85=2
Column_101=2
Column_110=2
Column_117=2
Column_121=2
Column_123=2
Column_142=2
Column_144=2
Column_148=2
Column_161=2
Column_180=2
Column_182=2
Column_193=2
Column_195=2
Column_197=2
Column_231=2
Column_244=2
Column_245=2
Column_258=2
Column_265=2
Column_267=2
Column_271=2
Column_272=2
Column_281=2
Column_303=2
Column_304=2
Column_305=2
Column_306=2
Column_312=2
Column_315=2
Column_317=2
Column_324=2
Column_331=2
Column_350=2
Column_351=2
Column_360=2
Column_370=2
Column_371=2
Column_373=2
Column_375=2
Column_386=2
Column_387=2
Column_400=2
Column_405=2
Column_416=2
Column_420=2
Column_424=2
Column_435=2
Column_436=2
Column_437=2
Column_445=2
Column_447=2
Column_469=2
Column_523=2
Column_530=2
Column_558=2
Column_588=2
Column_6=1
Column_20=1
Column_23=1
Column_25=1
Column_48=1
Column_65=1
Column_81=1
Column_100=1
Column_109=1
Column_124=1
Column_134=1
Column_143=1
Column_145=1
Column_152=1
Column_205=1
Column_242=1
Column_257=1
Column_289=1
Column_301=1
Column_330=1
Column_341=1
Column_348=1
Column_349=1
Column_382=1
Column_384=1
Column_388=1
Column_399=1
Column_432=1
Column_433=1
Column_440=1
Column_444=1
Column_451=1

parameters:
[boosting: gbdt]
[objective: regression]
[metric: rmse,l2]
[tree_learner: serial]
[device_type: cpu]
[data_sample_strategy: bagging]
[data: ]
[valid: ]
[num_iterations: 3000]
[learning_rate: 0.0161]
[num_leaves: 31]
[num_threads: 10]
[seed: 11]
[deterministic: 0]
[force_col_wise: 0]
[force_row_wise: 0]
[histogram_pool_size: -1]
[max_depth: -1]
[min_data_in_leaf: 160]
[min_sum_hessian_in_leaf: 0.001]
[bagging_fraction: 0.694]
[pos_bagging_fraction: 1]
[neg_bagging_fraction: 1]
[bagging_freq: 1]
[bagging_seed: 27648]
[bagging_by_query: 0]
[feature_fraction: 0.725]
[feature_fraction_bynode: 1]
[feature_fraction_seed: 4989]
[extra_trees: 0]
[extra_seed: 22223]
[early_stopping_round: 0]
[early_stopping_min_delta: 0]
[first_metric_only: 0]
[max_delta_step: 0]
[lambda_l1: 1.4619]
[lambda_l2: 0]
[linear_lambda: 0]
[min_gain_to_split: 0]
[drop_rate: 0.1]
[max_drop: 50]
[skip_drop: 0.5]
[xgboost_dart_mode: 0]
[uniform_drop: 0]
[drop_seed: 21136]
[top_rate: 0.2]
[other_rate: 0.1]
[min_data_per_group: 100]
[max_cat_threshold: 32]
[cat_l2: 10]
[cat_smooth: 10]
[max_cat_to_onehot: 4]
[top_k: 20]
[monotone_constraints: ]
[monotone_constraints_method: basic]
[monotone_penalty: 0]
[feature_contri: ]
[forcedsplits_filename: ]
[refit_decay_rate: 0.9]
[cegb_tradeoff: 1]
[cegb_penalty_split: 0]
[cegb_penalty_feature_lazy: ]
[cegb_penalty_feature_coupled: ]
[path_smooth: 0]
[interaction_constraints: ]
[verbosity: -1]
[saved_feature_importance_type: 0]
[use_quantized_grad: 0]
[num_grad_quant_bins: 4]
[quant_train_renew_leaf: 0]
[stochastic_rounding: 1]
[linear_tree: 0]
[max_bin: 255]
[max_bin_by_feature: ]
[min_data_in_bin: 3]
[bin_construct_sample_cnt: 200000]
[data_random_seed: 74]
[is_enable_sparse: 1]
[enable_bundle: 1]
[use_missing: 1]
[zero_as_missing: 0]
[feature_pre_filter: 1]
[pre_partition: 0]
[two_round: 0]
[header: 0]
[label_column: ]
[weight_column: ]
[group_column: ]
[ignore_column: ]
[categorical_feature: ]
[forcedbins_filename: ]
[precise_float_parser: 0]
[parser_config_file: ]
[objective_seed: 24011]
[num_class: 1]
[is_unbalance: 0]
[scale_pos_weight: 1]
[sigmoid: 1]
[boost_from_average: 1]
[reg_sqrt: 0]
[alpha: 0.9]
[fair_c: 1]
[poisson_max_delta_step: 0.7]
[tweedie_variance_power: 1.5]
[lambdarank_truncation_level: 30]
[lambdarank_norm: 1]
[label_gain: ]
[lambdarank_position_bias_regularization: 0]
[eval_at: ]
[multi_error_top_k: 1]
[auc_mu_weights: ]
[num_machines: 1]
[local_listen_port: 12400]
[time_out: 120]
[machine_list_filename: ]
[machines: ]
[gpu_platform_id: -1]
[gpu_device_id: -1]
[gpu_device_id_list: ]
[gpu_use_dp: 0]
[num_gpu: 1]

end of parameters

pandas_categorical:null
