tree
version=v4
num_class=1
num_tree_per_iteration=1
label_index=0
max_feature_idx=599
objective=regression
feature_names=Column_0 Column_1 Column_2 Column_3 Column_4 Column_5 Column_6 Column_7 Column_8 Column_9 Column_10 Column_11 Column_12 Column_13 Column_14 Column_15 Column_16 Column_17 Column_18 Column_19 Column_20 Column_21 Column_22 Column_23 Column_24 Column_25 Column_26 Column_27 Column_28 Column_29 Column_30 Column_31 Column_32 Column_33 Column_34 Column_35 Column_36 Column_37 Column_38 Column_39 Column_40 Column_41 Column_42 Column_43 Column_44 Column_45 Column_46 Column_47 Column_48 Column_49 Column_50 Column_51 Column_52 Column_53 Column_54 Column_55 Column_56 Column_57 Column_58 Column_59 Column_60 Column_61 Column_62 Column_63 Column_64 Column_65 Column_66 Column_67 Column_68 Column_69 Column_70 Column_71 Column_72 Column_73 Column_74 Column_75 Column_76 Column_77 Column_78 Column_79 Column_80 Column_81 Column_82 Column_83 Column_84 Column_85 Column_86 Column_87 Column_88 Column_89 Column_90 Column_91 Column_92 Column_93 Column_94 Column_95 Column_96 Column_97 Column_98 Column_99 Column_100 Column_101 Column_102 Column_103 Column_104 Column_105 Column_106 Column_107 Column_108 Column_109 Column_110 Column_111 Column_112 Column_113 Column_114 Column_115 Column_116 Column_117 Column_118 Column_119 Column_120 Column_121 Column_122 Column_123 Column_124 Column_125 Column_126 Column_127 Column_128 Column_129 Column_130 Column_131 Column_132 Column_133 Column_134 Column_135 Column_136 Column_137 Column_138 Column_139 Column_140 Column_141 Column_142 Column_143 Column_144 Column_145 Column_146 Column_147 Column_148 Column_149 Column_150 Column_151 Column_152 Column_153 Column_154 Column_155 Column_156 Column_157 Column_158 Column_159 Column_160 Column_161 Column_162 Column_163 Column_164 Column_165 Column_166 Column_167 Column_168 Column_169 Column_170 Column_171 Column_172 Column_173 Column_174 Column_175 Column_176 Column_177 Column_178 Column_179 Column_180 Column_181 Column_182 Column_183 Column_184 Column_185 Column_186 Column_187 Column_188 Column_189 Column_190 Column_191 Column_192 Column_193 Column_194 Column_195 Column_196 Column_197 Column_198 Column_199 Column_200 Column_201 Column_202 Column_203 Column_204 Column_205 Column_206 Column_207 Column_208 Column_209 Column_210 Column_211 Column_212 Column_213 Column_214 Column_215 Column_216 Column_217 Column_218 Column_219 Column_220 Column_221 Column_222 Column_223 Column_224 Column_225 Column_226 Column_227 Column_228 Column_229 Column_230 Column_231 Column_232 Column_233 Column_234 Column_235 Column_236 Column_237 Column_238 Column_239 Column_240 Column_241 Column_242 Column_243 Column_244 Column_245 Column_246 Column_247 Column_248 Column_249 Column_250 Column_251 Column_252 Column_253 Column_254 Column_255 Column_256 Column_257 Column_258 Column_259 Column_260 Column_261 Column_262 Column_263 Column_264 Column_265 Column_266 Column_267 Column_268 Column_269 Column_270 Column_271 Column_272 Column_273 Column_274 Column_275 Column_276 Column_277 Column_278 Column_279 Column_280 Column_281 Column_282 Column_283 Column_284 Column_285 Column_286 Column_287 Column_288 Column_289 Column_290 Column_291 Column_292 Column_293 Column_294 Column_295 Column_296 Column_297 Column_298 Column_299 Column_300 Column_301 Column_302 Column_303 Column_304 Column_305 Column_306 Column_307 Column_308 Column_309 Column_310 Column_311 Column_312 Column_313 Column_314 Column_315 Column_316 Column_317 Column_318 Column_319 Column_320 Column_321 Column_322 Column_323 Column_324 Column_325 Column_326 Column_327 Column_328 Column_329 Column_330 Column_331 Column_332 Column_333 Column_334 Column_335 Column_336 Column_337 Column_338 Column_339 Column_340 Column_341 Column_342 Column_343 Column_344 Column_345 Column_346 Column_347 Column_348 Column_349 Column_350 Column_351 Column_352 Column_353 Column_354 Column_355 Column_356 Column_357 Column_358 Column_359 Column_360 Column_361 Column_362 Column_363 Column_364 Column_365 Column_366 Column_367 Column_368 Column_369 Column_370 Column_371 Column_372 Column_373 Column_374 Column_375 Column_376 Column_377 Column_378 Column_379 Column_380 Column_381 Column_382 Column_383 Column_384 Column_385 Column_386 Column_387 Column_388 Column_389 Column_390 Column_391 Column_392 Column_393 Column_394 Column_395 Column_396 Column_397 Column_398 Column_399 Column_400 Column_401 Column_402 Column_403 Column_404 Column_405 Column_406 Column_407 Column_408 Column_409 Column_410 Column_411 Column_412 Column_413 Column_414 Column_415 Column_416 Column_417 Column_418 Column_419 Column_420 Column_421 Column_422 Column_423 Column_424 Column_425 Column_426 Column_427 Column_428 Column_429 Column_430 Column_431 Column_432 Column_433 Column_434 Column_435 Column_436 Column_437 Column_438 Column_439 Column_440 Column_441 Column_442 Column_443 Column_444 Column_445 Column_446 Column_447 Column_448 Column_449 Column_450 Column_451 Column_452 Column_453 Column_454 Column_455 Column_456 Column_457 Column_458 Column_459 Column_460 Column_461 Column_462 Column_463 Column_464 Column_465 Column_466 Column_467 Column_468 Column_469 Column_470 Column_471 Column_472 Column_473 Column_474 Column_475 Column_476 Column_477 Column_478 Column_479 Column_480 Column_481 Column_482 Column_483 Column_484 Column_485 Column_486 Column_487 Column_488 Column_489 Column_490 Column_491 Column_492 Column_493 Column_494 Column_495 Column_496 Column_497 Column_498 Column_499 Column_500 Column_501 Column_502 Column_503 Column_504 Column_505 Column_506 Column_507 Column_508 Column_509 Column_510 Column_511 Column_512 Column_513 Column_514 Column_515 Column_516 Column_517 Column_518 Column_519 Column_520 Column_521 Column_522 Column_523 Column_524 Column_525 Column_526 Column_527 Column_528 Column_529 Column_530 Column_531 Column_532 Column_533 Column_534 Column_535 Column_536 Column_537 Column_538 Column_539 Column_540 Column_541 Column_542 Column_543 Column_544 Column_545 Column_546 Column_547 Column_548 Column_549 Column_550 Column_551 Column_552 Column_553 Column_554 Column_555 Column_556 Column_557 Column_558 Column_559 Column_560 Column_561 Column_562 Column_563 Column_564 Column_565 Column_566 Column_567 Column_568 Column_569 Column_570 Column_571 Column_572 Column_573 Column_574 Column_575 Column_576 Column_577 Column_578 Column_579 Column_580 Column_581 Column_582 Column_583 Column_584 Column_585 Column_586 Column_587 Column_588 Column_589 Column_590 Column_591 Column_592 Column_593 Column_594 Column_595 Column_596 Column_597 Column_598 Column_599
feature_infos=[0:400] [0:400] [0:400] [0:400] [0:400] [0:400] [0:400] [0:400] [0:400] [0:400] [0:400] [0:400] [0:400] [0:400] [0:400] [0:400] [0:400] [0:400] [0:400] [0:400] [0:400] [0:400] [0:400] [0:400] [0:400] [0:400] [0:400] [0:400] [0:400] [0:400] [0:400] [0:400] [0:400] [0:400] [0:400] [0:400] [0:400] [0:400] [0:400] [0:400] [0:400] [0:400] [0:400] [0:400] [0:400] [0:400] [0:400] [0:400] [0:400] [0:400] [0:400] [0:400] [0:400] [0:400] [0:400] [0:400] [0:400] [0:400] [0:400] [0:400] [0:400] [0:400] [0:400] [0:400] [0:400] [0:400] [0:400] [0:400] [0:400] [0:400] [0:400] [0:400] [0:400] [0:400] [0:400] [0:400] [0:400] [0:400] [0:400] [0:400] [0:400] [0:400] [0:400] [0:400] [0:400] [0:400] [0:400] [0:400] [0:400] [0:400] [0:400] [0:400] [0:400] [0:400] [0:400] [0:400] [0:400] [0:400] [0:400] [0:400] [0:400] [0:400] [0:400] [0:400] [0:400] [0:400] [0:400] [0:400] [0:400] [0:400] [0:400] [0:400] [0:400] [0:400] [0:400] [0:400] [0:400] [0:400] [0:400] [0:400] [0:400] [0:400] [0:400] [0:400] [0:400] [0:400] [0:400] [0:400] [0:400] [0:400] [0:400] [0:400] [0:400] [0:400] [0:400] [0:400] [0:400] [0:400] [0:400] [0:400] [0:400] [0:400] [0:400] [0:400] [0:400] [0:400] [0:400] [0:400] [0:400] [0:400] [0:400] [0:400] [0:400] [0:400] [0:400] [0:400] [0:400] [0:400] [0:400] [0:400] [0:400] [0:400] [0:400] [0:400] [0:400] [0:400] [0:400] [0:400] [0:400] [0:400] [0:400] [0:400] [0:400] [0:400] [0:400] [0:400] [0:400] [0:400] [0:400] [0:400] [0:400] [0:400] [0:400] [0:400] [0:400] [0:400] [0:400] [0:400] [0:400] [0:400] [0:400] [0:400] [0:400] [0:400] [0:400] [0:400] [0:400] [0:400] [0:400] [0:400] [0:400] [0:400] [0:400] [0:400] [0:400] [0:400] [0:400] [0:400] [0:400] [0:400] [0:400] [0:400] [0:400] [0:400] [0:400] [0:400] [0:400] [0:400] [0:400] [0:400] [0:400] [0:400] [0:400] [0:400] [0:400] [0:400] [0:400] [0:400] [0:400] [0:400] [0:400] [0:400] [0:400] [0:400] [0:400] [0:400] [0:400] [0:400] [0:400] [0:400] [0:400] [0:400] [0:400] [0:400] [0:400] [0:400] [0:400] [0:400] [0:400] [0:400] [0:400] [0:400] [0:400] [0:400] [0:400] [0:400] [0:400] [0:400] [0:400] [0:400] [0:400] [0:400] [0:400] [0:400] [0:400] [0:400] [0:400] [0:400] [0:400] [0:400] [0:400] [0:400] [0:400] [0:400] [0:400] [0:400] [0:400] [0:400] [0:400] [0:400] [0:400] [0:400] [0:400] [0:400] [0:400] [0:400] [0:400] [0:400] [0:400] [0:400] [0:400] [0:400] [0:400] [0:400] [0:400] [0:400] [0:400] [0:400] [0:400] [0:400] [0:400] [0:400] [0:400] [0:400] [0:400] [0:400] [0:400] [0:400] [0:400] [0:400] [0:400] [0:400] [0:400] [0:400] [0:400] [0:400] [0:400] [0:400] [0:400] [0:400] [0:400] [0:400] [0:400] [0:400] [0:400] [0:400] [0:400] [0:400] [0:400] [0:400] [0:400] [0:400] [0:400] [0:400] [0:400] [0:400] [0:400] [0:400] [0:400] [0:400] [0:400] [0:400] [0:400] [0:400] [0:400] [0:400] [0:400] [0:400] [0:400] [0:400] [0:400] [0:400] [0:400] [0:400] [0:400] [0:400] [0:400] [0:400] [0:400] [0:400] [0:400] [0:400] [0:400] [0:400] [0:400] [0:400] [0:400] [0:400] [0:400] [0:400] [0:400] [0:400] [0:400] [0:400] [0:400] [0:400] [0:400] [0:400] [0:400] [0:400] [0:400] [0:400] [0:400] [0:400] [0:400] [0:400] [0:400] [0:400] [0:400] [0:400] [0:400] [0:400] [0:400] [0:400] [0:400] [0:400] [0:400] [0:400] [0:400] [0:400] [0:400] [0:400] [0:400] [0:400] [0:400] [0:400] [0:400] [0:400] [0:400] [0:400] [0:400] [0:400] [0:400] [0:400] [0:400] [0:400] [0:400] [0:400] [0:400] [0:400] [0:400] [0:400] [0:400] [0:400] [0:400] [0:400] [0:400] [0:400] [0:400] [0:400] [0:400] [0:400] [0:400] [0:400] [0:400] [0:400] [0:400] [0:400] [0:400] [0:400] [0:400] [0:400] [0:400] [0:400] [0:400] [0:400] [0:400] [0:400] [0:400] [0:400] [0:400] [0:400] [0:400] [0:400] [0:400] [0:400] [0:400] [0:400] [0:400] [0:400] [0:400] [0:400] [0:400] [0:400] [0:400] [0:400] [0:400] [0:400] [0:400] [0:400] [0:400] [0:400] [0:400] [0:400] [0:400] [0:400] [0:400] [0:400] [0:400] [0:400] [0:503] [0:503] [0:503] [0:503] [0:503] [0:503] [0:503] [0:503] [0:503] [0:503] [0:503] [0:503] [0:503] [0:503] [0:503] [0:503] [0:503] [0:503] [0:503] [0:503] [0:503] [0:503] [0:503] [0:503] [0:503] [0:503] [0:503] [0:503] [0:503] [0:503] [0:503] [0:503] [0:503] [0:503] [0:503] [0:503] [0:503] [0:503] [0:503] [0:503] [0:503] [0:503] [0:503] [0:503] [0:503] [0:503] [0:503] [0:503] [0:503] [0:503] [0:503] [0:503] [0:503] [0:503] [0:503] [0:503] [0:503] [0:503] [0:503] [0:503] [53.5:938.5999755859375] [53.5:938.5999755859375] [53.5:938.5999755859375] [53.5:938.5999755859375] [53.5:938.5999755859375] [53.5:938.5999755859375] [53.5:938.5999755859375] [53.5:938.5999755859375] [53.5:938.5999755859375] [53.5:938.5999755859375] [53.5:938.5999755859375] [53.5:938.5999755859375] [53.5:938.5999755859375] [53.5:938.5999755859375] [53.5:938.5999755859375] [53.5:938.5999755859375] [53.5:938.5999755859375] [53.5:938.5999755859375] [53.5:938.5999755859375] [53.5:938.5999755859375] [53.5:938.5999755859375] [53.5:938.5999755859375] [53.5:938.5999755859375] [53.5:938.5999755859375] [53.5:938.5999755859375] [53.5:938.5999755859375] [53.5:938.5999755859375] [53.5:938.5999755859375] [53.5:938.5999755859375] [53.5:938.5999755859375] [53.5:938.5999755859375] [53.5:938.5999755859375] [53.5:938.5999755859375] [53.5:938.5999755859375] [53.5:938.5999755859375] [53.5:938.5999755859375] [53.5:938.5999755859375] [53.5:938.5999755859375] [53.5:938.5999755859375] [53.5:938.5999755859375] [53.5:938.5999755859375] [53.5:938.5999755859375] [53.5:938.5999755859375] [53.5:938.5999755859375] [53.5:938.5999755859375] [53.5:938.5999755859375] [53.5:938.5999755859375] [53.5:938.5999755859375] [53.5:938.5999755859375] [53.5:938.5999755859375] [53.5:938.5999755859375] [53.5:938.5999755859375] [53.5:938.5999755859375] [53.5:938.5999755859375] [53.5:938.5999755859375] [53.5:938.5999755859375] [53.5:938.5999755859375] [53.5:938.5999755859375] [53.5:938.5999755859375] [53.5:938.5999755859375]
tree_sizes=2759 2888 2909 2899 2890 2893 2898 2910 2887 2887 2901 2885 2895 2888 2892 2895 2915 2909 2917 2886 2904 2888 2895 2889 2901 2900 2899 2892 2906 2914 2906 2900 2893 2896 2903 2889 2902 2891 2908 2894 2903 2913 2916 2908 2890 2892 2912 2893 2918 2905 2908 2908 2897 2898 2899 2895 2898 2908 2897 2907 2888 2905 2907 2922 2915 2907 2916 2915 2890 2905 2901 2906 2887 2907 2890 2911 2916 2905 2902 2898 2900 2894 2910 2902 2910 2903 2893 2909 2899 2900 2911 2922 2918 2898 2894 2904 2895 2911 2923 2906 2917 2918 2914 2911 2917 2909 2886 2909 2900 2905 2914 2902 2927 2925 2918 2894 2914 2915 2914 2916 2921 2929 2919 2918 2915 2902 2922 2908 2910 2913 2921 2911 2925 2934 2920 2920 2931 2919 2943 2921 2925 2943 2910 2928 2904 2910 2911 2919 2923 2905 2903 2919 2913 2921 2912 2918 2917 2933 2922 2938 2910 2914 2925 2922 2915 2936 2928 2958 2923 2936 2924 2918 2923 2926 2933 2910 2931 2922 2912 2947 2927 2924 2923 2920 2927 2941 2929 2927 2924 2903 2947 2919 2934 2949 2941

Tree=0
num_leaves=31
num_cat=0
split_feature=179 503 177 298 238 479 118 298 540 488 298 151 74 417 379 153 211 494 179 118 480 511 505 164 417 40 417 197 529 271
split_gain=204507 74037.2 66938.8 28754 25396.2 25140.2 21491.9 20990.3 16497.8 12376 10997 9341.43 9148.28 9562.74 9041.21 8994.81 8657.22 8396.04 8144.17 6969.76 7303.45 6415.82 5893.1 5818.82 6979.68 5684.93 5432.76 5321.68 5296.8 4907.7
threshold=10.500000000000002 66.500000000000014 13.500000000000002 16.500000000000004 5.5000000000000009 24.500000000000004 29.500000000000004 8.0000000000000018 192.55000305175784 67.500000000000014 5.5000000000000009 10.500000000000002 16.500000000000004 10.500000000000002 6.5000000000000009 5.5000000000000009 20.000000000000004 85.500000000000014 5.5000000000000009 16.500000000000004 164.50000000000003 9.5000000000000018 231.50000000000003 6.5000000000000009 20.000000000000004 20.000000000000004 16.500000000000004 24.500000000000004 127.50000000000001 20.000000000000004
decision_type=2 2 2 2 2 2 2 2 10 2 2 2 2 2 2 2 2 2 2 2 2 2 2 2 2 2 2 2 2 2
left_child=1 4 7 27 21 11 -7 9 10 -2 17 -5 -10 -14 -9 -16 -8 -3 -6 20 -17 -1 25 -12 -25 -19 -20 -4 -26 -21
right_child=2 8 3 5 18 6 16 14 12 -11 23 -13 13 -15 15 19 -18 22 26 29 -22 -23 -24 24 28 -27 -28 -29 -30 -31
leaf_value=13.272793035231775 13.340568946893621 13.320787384307895 13.452796317935062 13.45402784826428 13.335309972833258 13.544748839850833 13.650907448062336 13.41700732479913 13.420942476212872 13.422570819178137 13.382399382554386 13.55227400959321 13.449477145519497 13.610752030367916 13.407110272921026 13.432066569774397 13.816420302668737 13.358323782463327 13.366787876470786 13.504121262335058 13.549279018461801 13.314105309708275 13.472968227565749 13.408547044633242 13.550845961522786 13.437741259491355 13.431839099351146 13.542118507720946 13.432472385199294 13.605479204417184
leaf_weight=1420 947 867 1220 394 1692 294 164 1186 854 961 1461 695 237 160 385 527 166 1312 1127 361 187 3132 167 1369 177 284 472 202 221 190
leaf_count=1420 947 867 1220 394 1692 294 164 1186 854 961 1461 695 237 160 385 527 166 1312 1127 361 187 3132 167 1369 177 284 472 202 221 190
internal_value=13.3949 13.36 13.4613 13.519 13.3258 13.5635 13.645 13.4232 13.3976 13.3819 13.3863 13.5168 13.4507 13.5145 13.4509 13.4753 13.7342 13.3618 13.3599 13.4961 13.4628 13.3012 13.382 13.4062 13.4258 13.3725 13.386 13.4655 13.4852 13.5391
internal_weight=22831 14952 7879 3135 7843 1713 624 4744 7109 1908 5858 1089 1251 397 2836 1650 330 2630 3291 1265 714 4552 1763 3228 1767 1596 1599 1422 398 551
internal_count=22831 14952 7879 3135 7843 1713 624 4744 7109 1908 5858 1089 1251 397 2836 1650 330 2630 3291 1265 714 4552 1763 3228 1767 1596 1599 1422 398 551
is_linear=0
shrinkage=1


Tree=1
num_leaves=31
num_cat=0
split_feature=238 492 359 237 179 32 179 299 540 392 560 35 221 511 93 118 237 66 151 516 298 374 483 457 416 258 475 164 546 33
split_gain=205713 74175.5 56125.3 30285.6 23849.2 18400.2 17232.1 14692.7 12987.8 11707.9 10460.7 10248.2 8264.69 8074.16 8005.22 7381.07 7187.3 6357.19 6510.85 6332.29 6319.23 5749.56 5180.16 4835.66 4734.77 4700.3 4659.6 4373.02 4307.95 4213
threshold=10.500000000000002 77.500000000000014 10.500000000000002 13.500000000000002 5.5000000000000009 13.500000000000002 5.5000000000000009 24.500000000000004 210.94999694824222 5.5000000000000009 203.05000305175784 13.500000000000002 13.500000000000002 49.500000000000007 13.500000000000002 8.0000000000000018 10.500000000000002 16.500000000000004 24.500000000000004 207.50000000000003 16.500000000000004 6.5000000000000009 14.500000000000002 20.000000000000004 24.500000000000004 6.5000000000000009 20.000000000000004 6.5000000000000009 213.05000305175784 5.5000000000000009
decision_type=2 2 2 2 2 2 2 2 10 2 10 2 2 2 2 2 2 2 2 2 2 2 2 2 2 2 2 2 8 2
left_child=1 4 9 14 13 23 19 20 17 -2 16 -9 -10 -1 27 22 -11 18 -8 29 -7 -21 -6 -5 -22 -16 -19 -4 -23 -3
right_child=2 6 3 5 15 7 8 11 12 10 -12 -13 -14 -15 25 -17 -18 26 -20 21 24 28 -24 -25 -26 -27 -28 -29 -30 -31
leaf_value=-0.10217776032938335 -0.022456375842153025 -0.062046803989956288 -0.003726001513025292 0.072486431832810089 -0.08590216672683243 0.085048743446860933 -0.0076508189966905272 0.16779037488958851 0.05836378742653426 -0.0021231580395253908 0.1404788424016564 0.32235113065193444 0.2020379819210148 -0.054329389735332807 0.046870052209694507 -0.0063552468113037795 0.057928440156388046 0.034563857487013586 0.07613958543039076 -0.042288837616992897 0.13387324845853379 0.0090212905405809164 -0.035734147834913944 0.16162451420294394 0.23447896093660789 0.12486804344771223 0.1251963005301826 0.061070135669281093 0.11725820601299701 -0.018131691177747669
leaf_weight=3658 1156 931 473 673 825 278 1958 185 294 1010 242 282 161 1222 306 1371 1056 709 274 221 259 200 1518 207 231 586 186 627 183 1451
leaf_count=3658 1156 931 473 673 825 278 1958 185 294 1010 242 282 161 1222 306 1371 1056 709 274 221 259 200 1518 207 231 586 186 627 183 1451
internal_value=-0.00144367 -0.0356684 0.067093 0.107353 -0.0667998 0.14979 0.00506248 0.189895 0.0288755 0.0193536 0.040305 0.261173 0.109254 -0.0902009 0.0622826 -0.0360457 0.0285598 0.0171723 0.00262473 -0.0234956 0.146521 0.0230409 -0.053409 0.0934809 0.18135 0.0981373 0.0534255 0.0331864 0.0607991 -0.0353057
internal_weight=22733 15162 7571 4107 8594 2115 6568 1235 3582 3464 2308 467 455 4880 1992 3714 2066 3127 2232 2986 768 604 2343 880 490 892 895 1100 383 2382
internal_count=22733 15162 7571 4107 8594 2115 6568 1235 3582 3464 2308 467 455 4880 1992 3714 2066 3127 2232 2986 768 604 2343 880 490 892 895 1100 383 2382
is_linear=0
shrinkage=0.0161


Tree=2
num_leaves=31
num_cat=0
split_feature=298 495 237 119 179 179 152 541 476 152 397 418 479 555 564 150 374 434 29 94 500 118 364 576 237 452 299 69 204 482
split_gain=199156 65500.1 64883.2 36152.6 21570.1 17641.7 17517.5 13421.1 12800.8 10511.1 9843.42 9532.14 8974.71 8854.88 7647.14 7016.72 8982.86 6843.54 6678.35 6458.43 6081.23 5825.23 5609.4 6041.67 5506.74 5420.81 5353.07 4948.03 5534.52 4849.46
threshold=8.0000000000000018 77.500000000000014 13.500000000000002 20.000000000000004 10.500000000000002 5.5000000000000009 8.0000000000000018 216.75000000000003 43.500000000000007 6.5000000000000009 13.500000000000002 5.5000000000000009 8.0000000000000018 153.34999847412112 82.250000000000014 24.500000000000004 13.500000000000002 20.000000000000004 10.500000000000002 6.5000000000000009 35.500000000000007 35.500000000000007 8.0000000000000018 99.950000762939467 3.5000000000000004 8.0000000000000018 4.5000000000000009 10.500000000000002 8.0000000000000018 221.50000000000003
decision_type=2 2 2 2 2 2 2 10 2 2 2 2 2 10 10 2 2 2 2 2 2 2 2 10 2 2 2 2 2 2
left_child=1 5 4 9 13 20 -5 11 21 -4 25 19 -9 26 -12 29 -17 -15 -16 -3 -1 -8 -13 -24 -7 -6 -2 -27 -29 -11
right_child=2 7 3 6 10 24 8 12 -10 15 14 22 -14 17 18 16 -18 -19 -20 -21 -22 -23 23 -25 -26 27 -28 28 -30 -31
leaf_value=-0.10609306622857276 -0.064026850675319158 -0.056518923216442044 0.019544439783183713 0.080251339899428148 -0.0042396800422760473 -0.080286627021425541 0.13747206011938573 0.012014913464491305 0.29653834136615254 0.057399357216101586 0.024670746594942613 -0.008793958798033687 0.14441756474043563 0.0084508903758095475 0.072244695656257421 0.082565475777491751 0.23918172342123659 0.12087221894240968 0.17523814985443381 -0.0054547905851966439 -0.065968796337028776 0.23009142352804451 0.10511724768848595 0.018887101035810268 -0.030457165327010396 0.024841522245391743 -0.01066040747520206 0.039968539430341003 0.15779767446834717 0.15180917638144117
leaf_weight=3172 703 1227 874 455 755 778 545 273 266 1067 296 1156 259 556 330 227 164 188 325 1349 1422 262 290 773 2214 673 1592 220 196 163
leaf_count=3172 703 1227 874 455 755 778 545 273 266 1067 296 1156 259 556 330 227 164 188 325 1349 1422 262 290 773 2214 673 1592 220 196 163
internal_value=-0.00187255 -0.0434742 0.0526246 0.102368 0.0183183 -0.0738598 0.164051 -0.000198615 0.199564 0.0645828 0.0506006 -0.00871519 0.0765183 -0.0113643 0.0926843 0.0888518 0.148316 0.0368901 0.123384 -0.0297868 -0.0936784 0.167571 0.0157359 0.0424339 -0.043422 0.0288841 -0.0270178 0.0518704 0.0955408 0.0699297
internal_weight=22770 12913 9857 4023 5834 7586 1528 5327 1073 2495 2795 4795 532 3039 951 1621 391 744 655 2576 4594 807 2219 1063 2992 1844 2295 1089 416 1230
internal_count=22770 12913 9857 4023 5834 7586 1528 5327 1073 2495 2795 4795 532 3039 951 1621 391 744 655 2576 4594 807 2219 1063 2992 1844 2295 1089 416 1230
is_linear=0
shrinkage=0.0161


Tree=3
num_leaves=31
num_cat=0
split_feature=238 503 359 237 239 92 504 478 178 502 418 266 558 532 425 389 540 177 317 477 32 31 334 299 202 141 398 564 328 451
split_gain=200133 66618.5 60279.8 32543.3 26977.5 21733.9 17526 12984.1 10861.7 10718.8 10244.5 8740.84 8564 12457.9 7367.35 7331.76 6856.4 6857.26 6624.21 8199.2 5724.27 5691.63 5680.37 5538.09 5482.02 5470.17 5102.29 4770.07 4746.29 4731.42
threshold=10.500000000000002 68.500000000000014 10.500000000000002 13.500000000000002 4.5000000000000009 10.500000000000002 242.50000000000003 43.500000000000007 5.5000000000000009 71.500000000000014 4.5000000000000009 13.500000000000002 201.75000000000003 250.50000000000003 24.500000000000004 13.500000000000002 192.55000305175784 24.500000000000004 20.000000000000004 16.500000000000004 13.500000000000002 13.500000000000002 4.5000000000000009 4.5000000000000009 24.500000000000004 4.5000000000000009 8.0000000000000018 71.049999237060561 10.500000000000002 8.0000000000000018
decision_type=2 2 2 2 2 2 2 2 2 2 2 2 8 2 2 2 10 2 2 2 2 2 2 2 2 2 2 8 2 2
left_child=1 4 9 18 27 15 10 16 -6 29 26 22 -8 -14 -13 -5 17 -7 19 -4 -10 -19 -12 -24 -25 -11 -3 -1 -20 -2
right_child=2 6 3 5 8 7 12 -9 20 25 11 14 13 -15 -16 -17 -18 21 28 -21 -22 -23 23 24 -26 -27 -28 -29 -30 -31
leaf_value=-0.12917410759499601 -0.043272449997871755 -0.05768035502081198 0.018281119054706328 0.039160025289910971 -0.062386697272166641 0.10293967091332895 0.00060854354342532158 0.2899765182832954 -0.030333542449462778 -0.0067536227993556111 -0.045325764818713095 0.023895589897070621 0.17550229735097692 0.015532171599684053 0.12229220131614696 0.14027261300293958 0.26150529550371793 0.11055479769343374 0.068280370595097686 0.094649013102497889 0.026959913020964951 0.22549732212650192 -0.042441681776738294 0.010039822447814253 0.1063152927561704 0.057278312954136192 -0.0079086648077277572 -0.086977515372610281 0.17823944771430644 0.012728979768353865
leaf_weight=922 746 1200 1007 440 2313 454 280 267 1371 448 771 1035 313 212 244 323 164 165 224 572 674 352 466 1355 173 1507 964 2856 188 821
leaf_count=922 746 1200 1007 440 2313 454 280 267 1371 448 771 1035 313 212 244 323 164 165 224 572 674 352 466 1355 173 1507 964 2856 188 821
internal_value=-0.000504988 -0.0344446 0.0664561 0.107986 -0.0657903 0.151197 0.00191728 0.188842 -0.0384848 0.0174442 -0.00724438 0.00788014 0.0725994 0.11095 0.0426855 0.0819948 0.16503 0.148711 0.0609858 0.0459606 -0.011439 0.188859 -0.00821119 0.00612772 0.0209555 0.042593 -0.0355194 -0.0972816 0.118513 -0.0139165
internal_weight=22827 15149 7678 4156 8136 2165 7013 1402 4358 3522 6208 4044 805 525 1279 763 1135 971 1991 1579 2045 517 2765 1994 1528 1955 2164 3778 412 1567
internal_count=22827 15149 7678 4156 8136 2165 7013 1402 4358 3522 6208 4044 805 525 1279 763 1135 971 1991 1579 2045 517 2765 1994 1528 1955 2164 3778 412 1567
is_linear=0
shrinkage=0.0161


Tree=4
num_leaves=31
num_cat=0
split_feature=179 417 502 416 359 480 357 272 482 418 395 504 119 536 35 237 126 569 153 456 377 220 357 514 299 337 174 332 239 416
split_gain=185799 67786.3 60833.6 31075.5 16480.9 15929.7 15663.3 15656.7 13696.7 12583.8 10079.4 9873.79 8684.51 10657.6 8346.46 7840.33 7672.01 7444.18 6689.79 6213.5 6080.2 5877.82 5679.95 5632.22 5117.19 5134.07 4899.61 4662.02 4494.8 4448.8
threshold=8.0000000000000018 10.500000000000002 78.500000000000014 24.500000000000004 13.500000000000002 64.500000000000014 10.500000000000002 10.500000000000002 235.50000000000003 20.000000000000004 10.500000000000002 222.50000000000003 20.000000000000004 191.50000000000003 35.500000000000007 13.500000000000002 13.500000000000002 71.250000000000014 13.500000000000002 10.500000000000002 10.500000000000002 4.5000000000000009 29.500000000000004 42.500000000000007 8.0000000000000018 8.0000000000000018 20.000000000000004 4.5000000000000009 3.5000000000000004 13.500000000000002
decision_type=2 2 2 2 2 2 2 2 2 2 2 2 2 2 2 2 2 8 2 2 2 2 2 2 2 2 2 2 2 2
left_child=2 5 6 7 24 18 17 11 15 20 -11 27 -9 22 19 21 -10 -1 -2 -7 -6 -4 -14 -8 -5 -26 -17 -3 -19 -21
right_child=1 3 8 4 9 14 23 12 16 10 -12 -13 13 -15 -16 26 -18 28 -20 29 -22 -23 -24 -25 25 -27 -28 -29 -30 -31
leaf_value=-0.11562935061101551 -0.042922603739109735 -0.016995296735286217 -0.051704471298735351 0.028152504087339537 0.07073784377588288 0.0047169635819433895 -0.049719724577192544 0.066074417554091616 0.026798539269074172 0.17631372387166946 0.3158180502317447 0.14731146170477727 0.13255728413707854 0.023751639334672638 0.12190171876894758 0.010506178166561795 0.13470058799426426 -0.09091316507641585 0.019847898612325741 0.035741322474107863 0.20047500336264701 -0.0066152968612859381 0.22893706375034514 0.010167134941817188 0.0635557775026757 0.18718987085563396 0.092051100589923038 0.041482444830700217 -0.058642565969668221 0.11030793702160888
leaf_weight=1294 1436 533 1069 224 215 1446 1028 833 473 261 279 181 449 168 262 813 268 1905 634 754 167 2512 247 673 171 179 250 1046 2730 287
leaf_count=1294 1436 533 1069 224 215 1446 1028 833 473 261 279 181 449 168 262 813 268 1905 634 754 167 2512 247 673 171 179 250 1046 2730 287
internal_value=-2.00187e-05 0.053035 -0.0398569 0.0948618 0.156177 0.0100402 -0.0690989 0.068321 0.0015717 0.198362 0.248435 0.0346565 0.103221 0.139008 0.0354445 -0.00868042 0.0658556 -0.0814564 -0.0236859 0.026327 0.127517 -0.0200819 0.166795 -0.0260117 0.0883768 0.126853 0.0297063 0.0217281 -0.071911 0.0563217
internal_weight=22787 9772 13015 4953 1496 4819 7630 3457 5385 922 540 1760 1697 864 2749 4644 741 5929 2070 2487 382 3581 696 1701 574 350 1063 1579 4635 1041
internal_count=22787 9772 13015 4953 1496 4819 7630 3457 5385 922 540 1760 1697 864 2749 4644 741 5929 2070 2487 382 3581 696 1701 574 350 1063 1579 4635 1041
is_linear=0
shrinkage=0.0161


Tree=5
num_leaves=31
num_cat=0
split_feature=178 502 179 297 479 179 505 239 356 272 299 57 416 210 283 84 32 557 272 373 400 243 107 94 479 580 464 391 177 222
split_gain=182035 66413.7 62529.7 28693.4 21916.8 20045.5 16395.2 15711.3 15655.3 10142.8 9993.01 7563.23 7049.24 6898.62 6625.03 7872.74 6565.53 6381.73 6264.47 6140.03 6926.97 6085.79 6854.89 10124.2 5873.2 7028.62 5484.96 5473.72 5031 4958.83
threshold=10.500000000000002 55.500000000000007 8.0000000000000018 16.500000000000004 20.000000000000004 5.5000000000000009 230.50000000000003 6.5000000000000009 35.500000000000007 8.0000000000000018 4.5000000000000009 8.0000000000000018 13.500000000000002 10.500000000000002 10.500000000000002 20.000000000000004 10.500000000000002 170.05000305175784 3.5000000000000004 24.500000000000004 16.500000000000004 5.5000000000000009 24.500000000000004 8.0000000000000018 8.0000000000000018 207.44999694824222 16.500000000000004 13.500000000000002 6.5000000000000009 8.0000000000000018
decision_type=2 2 2 2 2 2 2 2 2 2 2 2 2 2 2 2 2 10 2 2 2 2 2 2 2 8 2 2 2 2
left_child=1 5 10 9 12 28 7 21 16 -4 -2 -7 -5 -12 -11 29 -6 -14 -9 -20 -21 -3 -23 -24 -8 -26 -15 -13 -1 -16
right_child=2 6 3 4 8 11 24 18 -10 14 13 27 17 26 15 -17 -18 -19 19 20 -22 22 23 -25 25 -27 -28 -29 -30 -31
leaf_value=-0.10420595204047932 -0.043645764502091247 -0.056537865639080191 0.022384023926313598 0.052526684435664377 0.08245834377799631 -0.059681842441828677 0.022178720457431866 -0.039890528782970669 0.29950494868635069 0.056090176512185425 -0.0038801692467608979 -0.02929372448663474 0.10118792028656404 0.030333059522831274 0.023629625596868525 0.21181496008764494 0.18977536615036611 0.20371866530788921 0.015373663579625793 0.029002935004335539 0.16016298448857802 -0.027298170380851867 -0.032834336385877266 0.14040794846785087 0.048200718387862891 0.17342425938687472 0.12336344316363816 0.044448585873016061 -0.065388335838523048 0.12938946836184961
leaf_weight=2881 889 1569 1113 567 220 1710 544 427 273 841 1116 890 666 544 185 190 456 207 2113 260 175 1890 182 168 285 197 236 369 1243 306
leaf_count=2881 889 1569 1113 567 220 1710 544 427 273 841 1116 890 666 544 185 190 456 207 2113 260 175 1890 182 168 285 197 236 369 1243 306
internal_value=-0.00088387 -0.033879 0.0620823 0.0960026 0.136419 -0.0695429 -0.00148618 -0.0105608 0.196512 0.0593506 0.000883327 -0.0376308 0.096799 0.0217746 0.0863679 0.123725 0.154885 0.125526 0.0171577 0.0267272 0.0818226 -0.0322164 -0.01517 0.0502547 0.0584933 0.0994301 0.0585109 -0.00766191 -0.0925118 0.089589
internal_weight=22712 14903 7809 5024 2389 7093 7810 6784 949 2635 2785 2969 1440 1896 1522 681 676 873 2975 2548 435 3809 2240 350 1026 482 780 1259 4124 491
internal_count=22712 14903 7809 5024 2389 7093 7810 6784 949 2635 2785 2969 1440 1896 1522 681 676 873 2975 2548 435 3809 2240 350 1026 482 780 1259 4124 491
is_linear=0
shrinkage=0.0161


Tree=6
num_leaves=31
num_cat=0
split_feature=298 497 299 416 177 95 239 501 541 452 417 211 330 178 77 479 417 368 178 540 535 153 338 364 239 408 433 418 239 248
split_gain=187239 60546.2 58228 46679.5 17569.7 16067.5 15865.9 14823.2 13273.2 11903 9878.52 9707.77 9058.09 8823.44 8521.81 8370.4 8113.64 8092.88 7187.22 6927.49 6687.37 6453.28 6391.14 5885.37 5309.36 4864.72 4795.16 4688.98 4570.23 4352.34
threshold=8.0000000000000018 70.500000000000014 8.0000000000000018 24.500000000000004 6.5000000000000009 16.500000000000004 4.5000000000000009 135.50000000000003 216.75000000000003 13.500000000000002 6.5000000000000009 8.0000000000000018 10.500000000000002 35.500000000000007 29.500000000000004 8.0000000000000018 8.0000000000000018 10.500000000000002 16.500000000000004 218.75000000000003 177.50000000000003 5.5000000000000009 8.0000000000000018 35.500000000000007 8.0000000000000018 16.500000000000004 13.500000000000002 13.500000000000002 13.500000000000002 8.0000000000000018
decision_type=2 2 2 2 2 2 2 2 10 2 2 2 2 2 2 2 2 2 2 10 2 2 2 2 2 2 2 2 2 2
left_child=1 6 7 4 14 12 -1 16 11 27 -8 20 -5 -11 21 -10 -2 -7 -14 -9 -3 -4 -20 24 -13 -26 -18 -6 -12 -22
right_child=2 8 3 5 9 17 10 19 15 13 28 23 18 -15 -16 -17 26 -19 22 -21 29 -23 -24 -25 25 -27 -28 -29 -30 -31
leaf_value=-0.095803212918207634 -0.049265436145790681 -0.038441212282740916 -0.045094335543937304 0.061560996450733492 0.018823674155864493 0.31289305603053891 -0.071099881498965067 0.03447543683910944 0.011819216427556709 0.099382285385180763 -0.032721907378305673 -0.010450480615985601 0.087028012706344124 0.20612990063183845 0.11332571848516053 0.1400154077007848 -0.012544752958983107 0.18106092798719367 0.13477489215900221 0.14035064956200832 -0.020938059904180843 0.02689816481072721 0.26677976783755192 0.10918522174924056 0.020052736308262754 0.11952108885916087 0.047312917863306096 0.076715722998948396 0.032096011027464219 0.06126617745023423
leaf_weight=3570 1148 2545 449 365 599 213 2061 950 267 983 1192 1146 207 253 221 262 1062 282 180 193 345 1147 204 171 465 176 515 924 369 323
leaf_count=3570 1148 2545 449 365 599 213 2061 950 267 983 1192 1146 207 253 221 262 1062 282 180 193 345 1147 204 171 465 176 515 924 369 323
internal_value=-0.000215301 -0.0406486 0.052462 0.0837501 0.0585114 0.163329 -0.0717101 0.00370379 -0.00145245 0.0841156 -0.0479564 -0.0093146 0.124726 0.121252 0.0196202 0.075356 -0.0167021 0.237836 0.163696 0.0523735 -0.0265383 0.00662989 0.204964 0.0189368 0.0102876 0.0474006 0.00698801 0.0539621 -0.0173847 0.0187752
internal_weight=22787 12892 9895 6027 4576 1451 7192 3868 5700 2759 3622 5171 956 1236 1817 529 2725 495 591 1143 3213 1596 384 1958 1787 641 1577 1523 1561 668
internal_count=22787 12892 9895 6027 4576 1451 7192 3868 5700 2759 3622 5171 956 1236 1817 529 2725 495 591 1143 3213 1596 384 1958 1787 641 1577 1523 1561 668
is_linear=0
shrinkage=0.0161


Tree=7
num_leaves=31
num_cat=0
split_feature=238 502 359 237 479 179 502 177 451 154 91 417 272 152 317 179 256 415 434 520 174 113 372 178 31 199 106 389 563 419
split_gain=180067 65273.8 61003.7 31800.6 19283.3 14458.1 13741.3 13682.2 13510.7 10960.8 9542.92 9317.44 8678.91 8575.36 8435.51 8338.65 10941.5 7104.25 6023.75 5321.55 5304.59 5288.25 7011.74 5285.48 5184.96 5172.27 5130.26 4660.9 4356.65 4285.81
threshold=8.0000000000000018 63.500000000000007 10.500000000000002 13.500000000000002 24.500000000000004 5.5000000000000009 269.50000000000006 10.500000000000002 16.500000000000004 5.5000000000000009 35.500000000000007 35.500000000000007 8.0000000000000018 13.500000000000002 10.500000000000002 8.0000000000000018 20.000000000000004 16.500000000000004 13.500000000000002 163.50000000000003 20.000000000000004 16.500000000000004 16.500000000000004 4.5000000000000009 20.000000000000004 8.0000000000000018 16.500000000000004 8.0000000000000018 71.750000000000014 10.500000000000002
decision_type=2 2 2 2 2 2 2 2 2 2 2 2 2 2 2 2 2 2 2 2 2 2 2 2 2 2 2 2 8 2
left_child=1 5 7 13 10 28 9 19 17 -3 27 -10 -9 18 -8 21 24 -6 20 -2 -4 29 -23 -7 -17 -21 -20 -5 -1 -11
right_child=2 6 3 4 8 23 14 12 11 15 -12 -13 -14 -15 -16 16 -18 -19 26 25 -22 22 -24 -25 -26 -27 -28 -29 -30 -31
leaf_value=-0.11692485511523364 -0.027341861252331394 -0.034322061194658929 -0.012761770827598542 0.039316013029439462 0.066797219973449173 -0.069052575628542737 0.024084799135666871 0.0097737744532280634 0.19222368727544833 -0.036512584410392783 0.1918701425929667 0.33935808977562459 0.074295756352082271 0.089202998544936393 0.1701980771595433 -0.00038468935085658534 0.13518199085309632 0.20404027302174774 0.037029260087173589 -0.022227025058598516 0.087906750279055423 -0.0022537235413002676 0.11604775301278827 -0.024589938229005764 0.0829691839640119 0.078326959868411483 0.14657219054042367 0.10551088443838558 -0.080337127320635457 0.023111788392677801
leaf_weight=1169 1877 2321 785 419 217 1206 232 1112 252 1319 252 202 1053 1033 184 809 265 179 332 253 164 446 183 1635 254 278 167 814 3072 409
leaf_count=1169 1877 2321 785 419 217 1206 232 1112 252 1319 252 202 1053 1033 184 809 265 179 332 253 164 446 183 1635 254 278 167 814 3072 409
internal_value=-0.000236125 -0.0378875 0.0539146 0.0939053 0.136557 -0.0715947 -0.000712611 0.0117937 0.197741 -0.00691435 0.10152 0.257741 0.0411665 0.053754 0.0887684 0.010342 0.0426101 0.128893 0.0284486 -0.0146052 0.00461031 -0.00782871 0.0321273 -0.0434725 0.0195103 0.0303727 0.0737371 0.0830355 -0.0904278 -0.0223865
internal_weight=22893 13504 9389 4816 2335 7082 6422 4573 850 6006 1485 454 2165 2481 416 3685 1328 396 1448 2408 949 2357 629 2841 1063 531 499 1233 4241 1728
internal_count=22893 13504 9389 4816 2335 7082 6422 4573 850 6006 1485 454 2165 2481 416 3685 1328 396 1448 2408 949 2357 629 2841 1063 531 499 1233 4241 1728
is_linear=0
shrinkage=0.0161


Tree=8
num_leaves=31
num_cat=0
split_feature=238 480 239 416 479 239 546 477 92 444 177 92 359 357 195 177 273 564 227 186 484 119 94 76 129 177 567 90 496 319
split_gain=176975 68604.9 54002.2 32079.9 24612 22743.9 14033.2 13094.8 12594.3 10789.8 9246.29 9124.31 9058.72 8678.97 7906.67 7774.76 6928.85 6453.54 6443.5 6065.48 5887.21 5478.84 5264.12 5167.65 6952.87 4730.83 4463.45 4434.66 4369.95 4343.3
threshold=10.500000000000002 77.500000000000014 10.500000000000002 24.500000000000004 35.500000000000007 6.5000000000000009 210.94999694824222 35.500000000000007 10.500000000000002 20.000000000000004 8.0000000000000018 8.0000000000000018 24.500000000000004 8.0000000000000018 16.500000000000004 10.500000000000002 13.500000000000002 71.750000000000014 29.500000000000004 16.500000000000004 191.50000000000003 6.5000000000000009 8.0000000000000018 6.5000000000000009 8.0000000000000018 6.5000000000000009 138.55000305175784 10.500000000000002 32.500000000000007 6.5000000000000009
decision_type=2 2 2 2 2 2 10 2 2 2 2 2 2 2 2 2 2 8 2 2 2 2 2 2 2 2 8 2 2 2
left_child=1 5 8 7 11 17 10 16 26 19 22 -5 -9 -7 -13 -10 25 -1 21 -8 -17 -12 -3 -23 -25 -4 -2 -26 -15 -24
right_child=2 6 3 4 -6 13 9 12 15 -11 18 14 -14 28 -16 20 -18 -19 -20 -21 -22 23 29 24 27 -27 -28 -29 -30 -31
leaf_value=-0.10993540489962209 -0.03475037825368639 -0.035891079065583087 0.00035507285676183601 0.059938639825726364 0.3332757977953138 -0.044745685705598316 0.0016666707342993022 0.085046789060201952 0.011429494280207024 0.16909386188334666 -0.013432402519543585 0.13316638501872291 0.21479158732128437 -0.017822121112955856 0.2501443541027894 0.062816079018595788 0.091611093805119531 -0.070317783694067063 0.11012285757244691 0.11386910662886017 0.17071077642930027 -0.0030195359092038592 -0.027246422548778702 0.016230690537264354 0.18076080466051464 0.05920832505915101 0.013986819497115355 0.061520484205518249 0.050501851016881288 0.025382326790585715
leaf_weight=1412 1002 1898 580 271 206 1830 420 307 697 211 917 475 257 508 220 646 973 4387 206 178 165 434 700 328 163 912 947 162 464 969
leaf_count=1412 1002 1898 580 271 206 1830 420 307 697 211 917 475 257 508 220 646 973 4387 206 178 165 434 700 328 163 912 947 162 464 969
internal_value=-2.34096e-06 -0.031824 0.0631018 0.101886 0.173425 -0.0617679 0.00727773 0.0741982 0.0159634 0.0700798 -0.00151288 0.139313 0.14421 -0.0240919 0.170229 0.0509018 0.0581698 -0.0799683 0.0243597 0.0351041 0.0847965 0.0155319 -0.0175493 0.0399881 0.0686081 0.0363455 -0.0110574 0.121397 0.0147692 0.00329505
internal_weight=22845 15187 7658 4201 1172 8601 6586 3029 3457 809 5777 966 564 2802 695 1508 2465 5799 2210 598 811 2004 3567 1087 653 1492 1949 325 972 1669
internal_count=22845 15187 7658 4201 1172 8601 6586 3029 3457 809 5777 966 564 2802 695 1508 2465 5799 2210 598 811 2004 3567 1087 653 1492 1949 325 972 1669
is_linear=0
shrinkage=0.0161


Tree=9
num_leaves=31
num_cat=0
split_feature=238 480 239 417 212 504 416 418 299 359 477 528 180 80 502 199 406 272 556 226 332 436 448 197 35 210 267 297 387 208
split_gain=169032 60196.9 52587.4 26954.5 30417.7 16097.4 13578.9 12501.2 11112.7 9939.51 9004.98 8039.2 8019.1 7869.02 7432.49 7421.46 8567.39 7380.02 6540.28 6372.2 5919.56 5780.2 5766.77 5721.03 9469.54 5570.07 5308.6 5035.5 5027.86 4770.05
threshold=8.0000000000000018 68.500000000000014 10.500000000000002 29.500000000000004 16.500000000000004 224.50000000000003 10.500000000000002 6.5000000000000009 5.5000000000000009 29.500000000000004 16.500000000000004 85.500000000000014 13.500000000000002 5.5000000000000009 52.500000000000007 10.500000000000002 8.0000000000000018 13.500000000000002 238.25000000000003 6.5000000000000009 10.500000000000002 8.0000000000000018 3.5000000000000004 13.500000000000002 20.000000000000004 10.500000000000002 10.500000000000002 8.0000000000000018 10.500000000000002 13.500000000000002
decision_type=2 2 2 2 2 2 2 2 2 2 2 2 2 2 2 2 2 2 8 2 2 2 2 2 2 2 2 2 2 2
left_child=1 7 6 10 21 8 14 -1 -3 -6 22 27 18 -13 -2 16 -15 -12 -7 29 -9 -5 -4 -24 -25 -23 -21 -8 -28 -10
right_child=2 5 3 4 9 12 11 20 19 -11 17 13 -14 15 -16 -17 -18 -19 -20 26 -22 25 23 24 -26 -27 28 -29 -30 -31
leaf_value=-0.083327573381895406 -0.048182032225973823 -0.037478340438745726 -0.014324687519103301 0.027432855367024559 0.17701990604474263 -0.0066109805533283014 -0.046648993269454542 -0.054844992853900071 -0.032500525294455129 0.31126537738656224 0.064122223733895589 0.0059671335477555192 0.13379996361120053 0.074629680505000601 0.0093425272358469841 0.04930683398877353 0.22579273780810638 0.14097698908965919 0.10738258284578459 0.007240398208775924 0.00104306392792668 0.057303708853237427 0.037485038914182436 0.059072369398327135 0.19722014614729963 0.17908108162252775 0.13837105046921014 0.032835509928259565 0.038853994187388621 0.038552957895579339
leaf_weight=4895 958 2285 340 301 312 406 288 1630 1041 266 698 315 285 194 1483 362 196 607 192 944 702 186 1263 481 176 206 184 730 466 320
leaf_count=4895 958 2285 340 301 312 406 288 1630 1041 266 698 315 285 194 1483 362 196 607 192 944 702 186 1263 481 176 206 184 730 466 320
internal_value=-0.000457393 -0.0372397 0.0519908 0.0889061 0.152579 -9.34842e-05 0.0125419 -0.0687081 -0.0108134 0.238841 0.0661988 0.0427184 0.0634953 0.0736016 -0.013224 0.101901 0.150659 0.099888 0.0299496 0.00979768 -0.038011 0.0805968 0.0467351 0.05756 0.0961158 0.121359 0.0316488 0.0103256 0.0670612 -0.015777
internal_weight=22712 13350 9362 4836 1271 6123 4526 7227 5240 578 3565 2085 883 1067 2441 752 390 1305 598 2955 2332 693 2260 1920 657 392 1594 1018 650 1361
internal_count=22712 13350 9362 4836 1271 6123 4526 7227 5240 578 3565 2085 883 1067 2441 752 390 1305 598 2955 2332 693 2260 1920 657 392 1594 1018 650 1361
is_linear=0
shrinkage=0.0161


Tree=10
num_leaves=31
num_cat=0
split_feature=238 299 490 271 357 504 239 479 297 484 298 48 233 479 299 296 47 9 357 219 507 119 496 237 481 163 592 577 212 499
split_gain=164339 55668.2 54591.9 30220.9 16172.5 16139 14046.9 13906.4 11107.7 10630.3 9155.46 8865.9 7524.46 6977.44 6461.94 6187.4 6090.72 7117.09 6078.42 5443.47 5166.42 5085.71 5057.82 4888.3 4769.33 5713.32 4677.55 6149.68 4629.46 4453.72
threshold=8.0000000000000018 8.0000000000000018 67.500000000000014 16.500000000000004 29.500000000000004 242.50000000000003 4.5000000000000009 29.500000000000004 13.500000000000002 34.500000000000007 6.5000000000000009 6.5000000000000009 29.500000000000004 5.5000000000000009 3.5000000000000004 16.500000000000004 24.500000000000004 8.0000000000000018 5.5000000000000009 6.5000000000000009 102.50000000000001 20.000000000000004 205.50000000000003 16.500000000000004 56.500000000000007 24.500000000000004 74.750000000000014 103.25000000000001 5.5000000000000009 20.500000000000004
decision_type=2 2 2 2 2 2 2 2 2 2 2 2 2 2 2 2 2 2 2 2 2 2 2 2 2 2 10 10 2 2
left_child=2 9 6 8 15 11 -1 -6 24 -2 -7 23 21 22 -11 26 -15 -18 -8 -16 -17 -10 -13 -4 -3 -26 -5 -28 -23 -20
right_child=1 3 5 4 7 10 18 -9 12 14 -12 13 -14 16 19 20 17 -19 29 -21 -22 28 -24 -25 25 -27 27 -29 -30 -31
leaf_value=-0.088111887364520788 -0.03805957189665634 -0.0066786224506655539 -0.042801630907113773 0.02370522074505851 0.14698506508424755 0.032627879886093954 -0.063329273686681675 0.30967654527749228 0.046226205751113005 -0.026903334749965112 0.16086701412143331 -0.035693049292911457 0.17315605074319929 0.011078153994856198 0.0052013813699081273 0.19665871150948142 0.006125666058573705 0.13407681775301211 -0.050760349918773734 0.058279491670071314 0.099051429939887289 0.032690929300673188 0.057919315506681987 0.032280161676260563 0.031719693005125164 0.12541163291181417 0.17867424082178035 0.070932831471378258 0.13255666813272618 0.00023443826212381298
leaf_weight=3554 1106 654 1932 283 405 425 1910 206 844 559 219 1061 220 1599 897 272 202 256 789 1137 294 163 174 254 1033 202 193 481 467 1013
leaf_count=3554 1106 654 1932 283 405 425 1910 206 844 559 219 1061 220 1599 897 272 202 256 789 1137 294 163 174 254 1033 202 193 481 467 1013
internal_value=0.000859959 0.0523975 -0.0353855 0.0838864 0.131859 2.93916e-05 -0.0652277 0.201875 0.0553078 0.00372345 0.0762737 -0.00892968 0.0852494 0.00775508 0.0215544 0.103754 0.0259223 0.0776956 -0.0433112 0.0348835 0.146 0.072113 -0.0224849 -0.0340668 0.0284446 0.0470633 0.0787445 0.10182 0.106756 -0.0220804
internal_weight=22804 9416 13388 5717 2134 6122 7266 611 3583 3699 644 5478 1694 3292 2593 1523 2057 458 3712 2034 566 1474 1235 2186 1889 1235 957 674 630 1802
internal_count=22804 9416 13388 5717 2134 6122 7266 611 3583 3699 644 5478 1694 3292 2593 1523 2057 458 3712 2034 566 1474 1235 2186 1889 1235 957 674 630 1802
is_linear=0
shrinkage=0.0161


Tree=11
num_leaves=31
num_cat=0
split_feature=179 117 503 298 298 271 238 515 210 35 56 136 283 169 179 540 126 419 419 266 487 481 447 239 279 358 329 444 435 119
split_gain=162703 64732.5 50239.5 24070.2 18120 16659.8 14870.5 13249.5 12690.1 11646.7 9022.48 8791.18 7870.24 7539.48 7357.53 7170.33 7023.32 6958.93 6909.58 6483.01 6132.63 6097.5 5841.63 5827.94 5748.71 5322.1 5376.58 4923.72 4548.7 6988.58
threshold=8.0000000000000018 16.500000000000004 74.500000000000014 16.500000000000004 13.500000000000002 13.500000000000002 5.5000000000000009 188.50000000000003 10.500000000000002 16.500000000000004 29.500000000000004 16.500000000000004 13.500000000000002 29.500000000000004 24.500000000000004 188.65000152587893 10.500000000000002 4.5000000000000009 10.500000000000002 16.500000000000004 47.500000000000007 197.50000000000003 20.000000000000004 5.5000000000000009 10.500000000000002 13.500000000000002 8.0000000000000018 13.500000000000002 8.0000000000000018 20.000000000000004
decision_type=2 2 2 2 2 2 2 2 2 2 2 2 2 2 2 10 2 2 2 2 2 2 2 2 2 2 2 2 2 2
left_child=2 4 6 13 7 24 -1 20 18 10 -7 -9 -6 25 -11 16 -14 -10 21 22 -2 -4 -19 -8 -5 -3 -27 -21 -22 -30
right_child=1 3 8 5 12 9 23 11 17 14 -12 -13 15 -15 -16 -17 -18 19 -20 27 28 -23 -24 -25 -26 26 -28 -29 29 -31
leaf_value=-0.08357600579584952 -0.038387050857853773 0.027850520726213756 -0.042192831485141025 0.051139172901989827 0.033796943436677419 0.10517621115545686 -0.055659920637290083 0.028266544004848012 -0.010964266369454531 0.18650479251294758 0.24169484068892599 0.16427828344416384 0.02030662055448712 0.15963517853382289 0.3261584145042673 0.19096327504741642 0.12406696899480449 0.0092507258984431354 0.021344131572714788 0.057717585762978182 -0.019454637008755871 0.014343793942188909 0.10893969245191722 -0.0094605142405068503 0.14240571991405454 0.022397328411920943 0.12831667519478079 0.17457210849853297 -0.00027366445825170439 0.09501753786687997
leaf_weight=4361 1492 931 2276 410 1733 408 1720 418 623 186 182 175 347 188 209 160 331 700 890 208 922 631 195 1205 319 192 355 171 598 299
leaf_count=4361 1492 931 2276 410 1733 408 1720 418 623 186 182 175 347 188 209 160 331 700 890 208 922 631 195 1205 319 192 355 171 598 299
internal_value=0.00071218 0.0500343 -0.0367335 0.107147 0.0202174 0.149515 -0.0647347 -0.0016333 -0.000899349 0.192719 0.147329 0.0684446 0.0534062 0.0635436 0.260457 0.0939305 0.0709972 0.0331008 -0.0178922 0.0546675 -0.0141914 -0.0299128 0.030997 -0.0366354 0.0911084 0.0513049 0.0911814 0.110503 0.00564175 0.0314638
internal_weight=22835 9855 12980 3380 6475 1714 7286 3904 5694 985 590 593 2571 1666 395 838 678 1897 3797 1274 3311 2907 895 2925 729 1478 547 379 1819 897
internal_count=22835 9855 12980 3380 6475 1714 7286 3904 5694 985 590 593 2571 1666 395 838 678 1897 3797 1274 3311 2907 895 2925 729 1478 547 379 1819 897
is_linear=0
shrinkage=0.0161


Tree=12
num_leaves=31
num_cat=0
split_feature=179 494 178 57 178 479 177 504 212 284 482 299 239 551 150 211 417 532 329 161 212 117 594 197 2 36 482 298 117 569
split_gain=157514 59002.6 50053.8 27192.6 24141.8 18113.7 13752.8 13263.2 11655.9 10145.7 9902.58 9349.29 8675.59 8213.28 7995.74 7457.15 6796.35 6308.03 6144.76 6078.57 5897.53 5564.85 5561.67 5261.58 5023.25 5012.39 6412.57 4930.28 4762.55 4480.45
threshold=10.500000000000002 78.500000000000014 13.500000000000002 24.500000000000004 6.5000000000000009 24.500000000000004 8.0000000000000018 215.50000000000003 4.5000000000000009 6.5000000000000009 207.50000000000003 29.500000000000004 6.5000000000000009 172.25000000000003 10.500000000000002 8.0000000000000018 29.500000000000004 64.500000000000014 20.000000000000004 20.000000000000004 10.500000000000002 20.000000000000004 71.750000000000014 8.0000000000000018 5.5000000000000009 6.5000000000000009 137.50000000000003 13.500000000000002 10.500000000000002 110.95000076293947
decision_type=2 2 2 2 2 2 2 2 2 2 2 2 2 8 2 2 2 2 2 2 2 2 8 2 2 2 2 2 2 10
left_child=1 4 7 15 22 -5 13 8 -2 21 19 -7 -6 -3 -12 -4 -17 -11 24 -8 -9 -10 -1 -18 -15 -19 29 -14 -29 -27
right_child=2 6 3 5 12 11 10 20 9 17 14 -13 27 18 -16 16 23 25 -20 -21 -22 -23 -24 -25 -26 26 -28 28 -30 -31
leaf_value=-0.10761391674128024 -0.039715122926667401 -0.036228949618717247 0.037718171759272799 0.11817550485753392 -0.041988558765860141 0.18059949500270372 0.0026014709852684556 0.15914673752559405 -0.022440922917216902 0.014657114111294615 0.041715902556503738 0.33049484821037894 -0.014605119450668808 -0.043908307731945935 0.15442393142299621 0.074594690305860023 0.085991478639348667 0.030045286240735273 0.080778888267635546 0.070891222952854049 0.044783754332506115 0.067572022101412416 -0.069203535157732338 0.20528822318418019 0.019670717829167707 0.21849764359457971 0.052965414955079941 -0.0090085573068873596 0.096550686163892535 0.097624767015596497
leaf_weight=1289 891 1934 968 743 2010 238 1637 234 1034 613 401 199 643 481 276 1097 172 324 282 426 235 215 4082 219 975 160 285 184 277 160
leaf_count=1289 891 1934 968 743 2010 238 1637 234 1034 613 401 199 643 481 276 1097 172 324 282 426 235 215 4082 219 975 160 285 184 277 160
internal_value=0.000780277 -0.029892 0.0594613 0.103077 -0.057746 0.166612 0.00696349 0.0212513 0.010973 0.0271632 0.034262 0.248912 -0.0220696 -0.0133999 0.0876996 0.0725411 0.0951788 0.0547914 0.01199 0.0167144 0.101894 -0.00692746 -0.0784261 0.15287 -0.0013169 0.0812487 0.108631 0.0141746 0.0543675 0.158135
internal_weight=22684 14897 7787 3636 8485 1180 6412 4151 3682 2791 2740 437 3114 3672 677 2456 1488 1542 1738 2063 469 1249 5371 391 1456 929 605 1104 461 320
internal_count=22684 14897 7787 3636 8485 1180 6412 4151 3682 2791 2740 437 3114 3672 677 2456 1488 1542 1738 2063 469 1249 5371 391 1456 929 605 1104 461 320
is_linear=0
shrinkage=0.0161


Tree=13
num_leaves=31
num_cat=0
split_feature=298 512 297 239 239 563 416 59 299 539 118 136 370 45 357 486 207 537 560 177 375 248 438 34 211 93 176 553 222 117
split_gain=143844 56485.4 36429.6 20575.2 18516 17827.1 17641 13789 11943.3 10588.1 9799.27 8042.48 10230.1 7955.48 7540.25 7505.2 7457.9 10926.3 10233 7149.02 7140.36 6744.52 6247.2 5983.81 5909.36 5614.17 5469.22 5346.66 4887.67 4741.09
threshold=13.500000000000002 43.500000000000007 16.500000000000004 16.500000000000004 8.0000000000000018 221.94999694824222 35.500000000000007 6.5000000000000009 8.0000000000000018 118.50000000000001 20.000000000000004 5.5000000000000009 13.500000000000002 20.000000000000004 5.5000000000000009 174.50000000000003 13.500000000000002 113.50000000000001 121.64999771118165 8.0000000000000018 10.500000000000002 10.500000000000002 10.500000000000002 16.500000000000004 4.5000000000000009 6.5000000000000009 6.5000000000000009 118.54999923706056 6.5000000000000009 10.500000000000002
decision_type=2 2 2 2 2 10 2 2 2 2 2 2 2 2 2 2 2 2 10 2 2 2 2 2 2 2 2 8 2 2
left_child=1 4 8 24 19 7 9 16 27 -5 15 -7 -13 25 -6 29 -3 -18 -19 -1 -17 -22 -15 -8 -4 -10 -26 -2 -12 -9
right_child=2 5 3 6 14 11 23 10 13 -11 28 12 -14 22 -16 20 17 18 -20 -21 21 -23 -24 -25 26 -27 -28 -29 -30 -31
leaf_value=-0.086398301488438328 -0.041266524135197505 -0.03700068160883651 -0.012447819107303689 0.16681389116841303 -0.051905242629624676 0.0012586504786149721 0.18592327283449364 -0.022763888053993969 -0.0035970410778587815 0.056724266714327155 0.022439952496779113 0.057282958656296949 0.21449750962564237 0.045745874782433547 0.018206015087361839 0.0043600967445857819 -0.038295135268028066 0.15845061085345696 0.011718865235754982 -0.043676400304902031 0.037932840412726251 0.17336774310876335 0.15506070000530658 0.31538660867130569 0.027108131785645317 0.05762551914048749 0.10260091252420986 0.022637291343661343 0.11509922196616405 0.019745335139042568
leaf_weight=3742 592 3315 202 521 704 218 188 1783 564 402 258 267 180 238 913 445 566 189 355 1397 212 174 317 185 347 1241 887 795 347 1099
leaf_count=3742 592 3315 202 521 704 218 188 1783 564 402 258 267 180 238 913 445 566 189 355 1397 212 174 317 185 347 1241 887 795 347 1099
internal_value=0.00136877 -0.0243213 0.0654648 0.110178 -0.0598373 0.00118063 0.156701 -0.00492905 0.0328574 0.118891 0.0155357 0.0815422 0.120643 0.054894 -0.0123041 0.00573853 -0.0249043 0.0112003 0.0627406 -0.0747892 0.0483695 0.0990448 0.108226 0.250197 0.0681748 0.0384825 0.0813915 -0.0046212 0.0756239 -0.00654558
internal_weight=22643 16164 6479 2732 6756 9408 1296 8743 3747 923 4318 665 447 2360 1617 3713 4425 1110 544 5139 831 386 555 373 1436 1805 1234 1387 605 2882
internal_count=22643 16164 6479 2732 6756 9408 1296 8743 3747 923 4318 665 447 2360 1617 3713 4425 1110 544 5139 831 386 555 373 1436 1805 1234 1387 605 2882
is_linear=0
shrinkage=0.0161


Tree=14
num_leaves=31
num_cat=0
split_feature=238 520 359 273 563 179 418 245 237 555 177 298 238 533 417 92 314 135 364 346 416 586 295 58 176 292 54 359 179 209
split_gain=140799 59878.7 42369.2 24635.3 18441.4 17125.1 13910.4 11471.7 10225.2 9272.3 9227.45 8508.6 8347.36 7540.35 7415.09 7273.91 6853.38 6433.78 6188.29 6084.35 5820.78 5591.75 5534.44 5500.47 5436.08 5541.29 5018.22 4947.77 4311.91 5634.79
threshold=10.500000000000002 67.500000000000014 10.500000000000002 13.500000000000002 221.94999694824222 6.5000000000000009 29.500000000000004 10.500000000000002 13.500000000000002 140.84999847412112 10.500000000000002 6.5000000000000009 29.500000000000004 98.500000000000014 6.5000000000000009 6.5000000000000009 35.500000000000007 16.500000000000004 35.500000000000007 4.5000000000000009 16.500000000000004 196.25000000000003 29.500000000000004 6.5000000000000009 8.0000000000000018 5.5000000000000009 16.500000000000004 10.500000000000002 10.500000000000002 13.500000000000002
decision_type=2 2 2 2 10 2 2 2 2 8 2 2 2 2 2 2 2 2 2 2 2 8 2 2 2 2 2 2 2 2
left_child=1 5 9 8 7 23 10 19 -4 -2 -5 -6 -8 -14 -7 -10 18 -12 22 -3 -11 -22 -9 -1 -17 -26 -27 -16 -21 -30
right_child=2 4 3 6 11 14 12 16 15 20 17 -13 13 -15 27 24 -18 -19 -20 28 21 -23 -24 -25 25 26 -28 -29 29 -31
leaf_value=-0.088081172542885042 -0.010203038576206658 -0.047739169059064175 0.024861964885426351 0.044587925743872693 0.033464129477404958 -0.050222979348599817 0.13116233964621074 -0.0026057884115245678 0.024725962172104231 0.021843466167021493 0.10484996823553588 0.15588922597299557 0.31557341544952788 0.17087640440326604 -0.02574113268133868 0.053857095520146114 0.10731700666643133 0.2107432912377144 0.086205747036418326 -0.016607782078769791 0.1477981683426226 0.043416097921983178 0.091726188809208339 -0.053716117147405144 0.065637419152554805 0.1244487180246437 0.23801437443308462 0.038954944767138677 0.0010679386400040513 0.10102086232467512
leaf_weight=3292 1748 1252 1193 437 309 1430 297 1706 300 1147 456 282 194 182 675 245 242 222 290 2220 223 332 178 1914 165 222 187 561 538 201
leaf_count=3292 1748 1252 1193 437 309 1430 297 1706 300 1147 456 282 194 182 675 245 242 222 290 2220 223 332 178 1914 165 222 187 561 538 201
internal_value=0.000653594 -0.0277452 0.0574167 0.0924039 0.00574466 -0.0584557 0.13729 -0.00193695 0.0576805 0.0158308 0.102357 0.09192 0.195131 0.245597 -0.025259 0.0926483 0.0260247 0.139558 0.0169648 -0.0179851 0.0425821 0.0853994 0.00629419 -0.0754513 0.117499 0.144623 0.17643 0.00360431 -0.00538779 0.0282859
internal_weight=22640 15090 7550 4100 7218 7872 1788 6627 2312 3450 1115 591 673 376 2666 1119 2416 678 2174 4211 1702 555 1884 5206 819 574 409 1236 2959 739
internal_count=22640 15090 7550 4100 7218 7872 1788 6627 2312 3450 1115 591 673 376 2666 1119 2416 678 2174 4211 1702 555 1884 5206 819 574 409 1236 2959 739
is_linear=0
shrinkage=0.0161


Tree=15
num_leaves=31
num_cat=0
split_feature=239 178 489 237 501 416 91 74 505 418 455 118 475 389 434 338 32 227 249 392 457 230 33 540 418 215 571 375 72 153
split_gain=142700 63660.6 39622.5 26851.7 17560.3 15816.7 15432.6 14639 11084.5 9243.58 8915.08 8580.34 8085.18 7891.6 7579.18 7355.79 7219.04 6829.54 6269.36 5491.57 5299.91 7894.72 6090.36 5055.48 4962.15 4942.54 4749.5 4637.05 4619.46 4323.37
threshold=6.5000000000000009 10.500000000000002 56.500000000000007 13.500000000000002 61.500000000000007 24.500000000000004 6.5000000000000009 52.000000000000007 255.50000000000003 5.5000000000000009 8.0000000000000018 5.5000000000000009 29.500000000000004 8.0000000000000018 10.500000000000002 16.500000000000004 35.500000000000007 6.5000000000000009 8.0000000000000018 10.500000000000002 20.000000000000004 10.500000000000002 5.5000000000000009 184.15000152587893 13.500000000000002 24.500000000000004 238.25000000000003 20.000000000000004 8.0000000000000018 5.5000000000000009
decision_type=2 2 2 2 2 2 2 2 2 2 2 2 2 2 2 2 2 2 2 2 2 2 2 10 2 2 8 2 2 2
left_child=2 4 11 15 24 16 -7 13 9 23 28 -1 -12 -6 -10 19 29 -11 -17 -3 22 -22 -15 -4 -2 -19 -24 -21 -8 -5
right_child=1 3 8 5 7 6 10 -9 14 17 12 -13 -14 20 -16 18 -18 25 -20 27 21 -23 26 -25 -26 -27 -28 -29 -30 -31
leaf_value=-0.088985759355466265 -0.045210104754757591 0.0010528484754032748 -0.046608823932325384 0.022618272630533249 -0.0055147261523383713 0.037474276397828771 0.063514127829000025 0.17698825442786015 0.012873603407731004 -0.02292858608910546 0.17332978894636344 -0.049564087838896397 0.29543057132153738 -0.029915965592197242 0.1543592481668406 0.14276661553128558 0.16968139051767614 0.01632095348534637 0.045957513642896179 0.036299710875668675 0.17593315071156226 0.019701027854460464 0.030916134227791176 0.022819695049227158 0.0058190360378052083 0.10140944240775643 0.12040902089174975 0.12225032711778749 0.17736432069661576 0.085606812965371065
leaf_weight=2977 1707 1027 2236 380 1629 220 169 160 239 1244 320 2764 253 325 167 304 214 1228 406 782 177 160 659 309 694 207 201 206 206 1113
leaf_count=2977 1707 1027 2236 380 1629 220 169 160 239 1244 320 2764 253 325 167 304 214 1228 406 782 177 160 659 309 694 207 201 206 206 1113
internal_value=2.81355e-05 0.0405163 -0.0402479 0.0790902 0.00269469 0.113418 0.159092 0.0267373 -0.00989456 -0.0161961 0.18729 -0.0700103 0.227283 0.0191005 0.0711289 0.0428643 0.0821524 0.00466992 0.0874413 0.0271456 0.0454617 0.101828 0.029412 -0.0381699 -0.0304505 0.0286114 0.0518599 0.0542444 0.126119 0.0695907
internal_weight=22683 11312 11371 5600 5712 2875 1168 3311 5630 5224 948 5741 573 3151 406 2725 1707 2679 710 2015 1522 337 1185 2545 2401 1435 860 988 375 1493
internal_count=22683 11312 11371 5600 5712 2875 1168 3311 5630 5224 948 5741 573 3151 406 2725 1707 2679 710 2015 1522 337 1185 2545 2401 1435 860 988 375 1493
is_linear=0
shrinkage=0.0161


Tree=16
num_leaves=31
num_cat=0
split_feature=238 539 239 417 239 212 481 435 177 178 495 417 326 599 303 490 504 530 157 478 151 42 238 521 223 451 359 564 154 496
split_gain=140295 56161.9 37723.4 22124.6 18335.1 16761.1 16442.8 14961.5 13691.8 10989.4 10584.9 8573.23 7424.6 8592.89 7598.37 10202.8 6853.29 8854.54 6442.35 6176.04 5729.15 5725.45 5643.19 5454.73 5074.38 4493.51 4489.04 4469.07 4254.31 4088.26
threshold=10.500000000000002 79.500000000000014 16.500000000000004 20.000000000000004 4.5000000000000009 16.500000000000004 197.50000000000003 29.500000000000004 8.0000000000000018 35.500000000000007 251.50000000000003 8.0000000000000018 10.500000000000002 197.65000152587893 4.5000000000000009 137.50000000000003 238.50000000000003 210.50000000000003 4.5000000000000009 10.500000000000002 13.500000000000002 13.500000000000002 29.500000000000004 150.50000000000003 16.500000000000004 8.0000000000000018 13.500000000000002 71.750000000000014 4.5000000000000009 61.500000000000007
decision_type=2 2 2 2 2 2 2 2 2 2 2 2 2 8 2 2 2 2 2 2 2 2 2 2 2 2 2 8 2 2
left_child=1 4 8 20 27 24 12 16 23 21 19 28 18 -14 -15 -16 -8 -18 -3 -10 -4 -7 -22 25 -5 -2 -21 -1 -6 -13
right_child=2 6 3 5 11 9 7 -9 10 -11 -12 29 13 14 15 -17 17 -19 -20 26 22 -23 -24 -25 -26 -27 -28 -29 -30 -31
leaf_value=-0.10892042167328976 -0.047729373205249184 -0.057557328958689508 0.035857365063052635 0.065781856146656395 -0.074127093774529529 0.093879137243138469 0.0075515266873127261 0.17622497219941141 0.013003462423855933 0.29456866864925962 0.15318831779522454 -0.018746172365810082 -0.0045723690425827452 -0.020764339897536212 0.19974868133105894 0.036778447656295128 0.17799249473739481 0.030230941630075812 -0.0063869148694821638 0.042337206112884392 0.06683984595305234 0.22343122395837919 0.17105951904304481 0.041843227617121226 0.16355405443741955 0.0095148096213866391 0.098967299026236799 -0.069835016720273105 -0.034729327630928342 0.038371062971723095
leaf_weight=1014 733 921 879 441 1103 185 900 221 1108 257 243 1195 1244 166 178 227 166 288 2078 1018 430 171 197 500 201 689 566 3046 2008 446
leaf_count=1014 733 921 879 441 1103 185 900 221 1108 257 243 1195 1244 166 178 227 166 288 2078 1018 430 171 197 500 201 689 566 3046 2008 446
internal_value=0.000137082 -0.0281226 0.0565296 0.104051 -0.0544735 0.15399 0.00821813 0.0533752 0.0295106 0.214234 0.051386 -0.0329988 -0.00655106 0.0191435 0.0708531 0.108463 0.0333063 0.0843101 -0.0221093 0.0421878 0.0624207 0.156174 0.0996226 -0.00388202 0.0964294 -0.0199764 0.0625873 -0.0796025 -0.0487053 -0.00320819
internal_weight=22819 15201 7618 2761 8812 1255 6389 1575 4857 613 2935 4752 4814 1815 571 405 1354 454 2999 2692 1506 356 627 1922 642 1422 1584 4060 3111 1641
internal_count=22819 15201 7618 2761 8812 1255 6389 1575 4857 613 2935 4752 4814 1815 571 405 1354 454 2999 2692 1506 356 627 1922 642 1422 1584 4060 3111 1641
is_linear=0
shrinkage=0.0161


Tree=17
num_leaves=31
num_cat=0
split_feature=358 179 494 117 479 477 540 478 213 239 435 554 118 535 450 374 272 364 512 448 272 33 39 316 253 459 315 210 512 270
split_gain=140637 45343.6 45257.7 25686.6 14486.1 13881 13556.9 13414.2 9531.76 8834.25 8170.7 9535.23 7914.65 7646.41 6358.37 7109.02 6097.8 5994.03 5776.08 5569.05 5339.89 5332.03 4976.02 4931.78 4830.04 4713.08 5040.5 4512.75 4127.08 4118.72
threshold=10.500000000000002 8.0000000000000018 78.500000000000014 16.500000000000004 29.500000000000004 13.500000000000002 226.84999847412112 35.500000000000007 13.500000000000002 3.5000000000000004 6.5000000000000009 231.15000152587893 16.500000000000004 177.50000000000003 16.500000000000004 16.500000000000004 6.5000000000000009 8.0000000000000018 36.500000000000007 20.000000000000004 13.500000000000002 20.000000000000004 6.5000000000000009 10.500000000000002 16.500000000000004 16.500000000000004 10.500000000000002 10.500000000000002 188.50000000000003 8.0000000000000018
decision_type=2 2 2 2 2 2 10 2 2 2 2 8 2 2 2 2 2 2 2 2 2 2 2 2 2 2 2 2 2 2
left_child=2 14 5 6 10 9 8 -6 29 -1 27 -12 13 20 -2 -16 -14 -10 -11 25 28 -7 -18 -24 -22 -15 -27 -5 -4 -3
right_child=1 3 12 4 7 21 -8 -9 17 18 11 -13 16 19 15 -17 22 -19 -20 -21 24 -23 23 -25 -26 26 -28 -29 -30 -31
leaf_value=-0.087768392885336582 -0.017212120025721249 -0.0020409676144765372 -0.035709073012795849 0.0051854461175114951 0.12054924791635853 -0.022639629945258914 0.18090777268174951 0.27812673458370163 0.029600021026454149 -0.064213733856927885 0.098330872172312789 0.20885089085086533 -0.0047318236578564356 -0.0087318960797369075 0.0089448263476830173 0.12693808241501325 0.017085199058527463 0.10860010252855376 -0.025734652128208038 0.089838093500502703 -0.0048208442136279516 0.060203100333728617 0.061725224297815455 0.18369922504420341 0.078388703493905226 0.0042323237910742257 0.12146109470618041 0.089123482910395319 0.02147494770216286 0.04432619027700932
leaf_weight=2496 1893 1008 2370 293 317 1223 193 252 390 2680 898 262 346 892 502 180 198 693 1628 289 705 241 186 161 243 205 178 385 379 977
leaf_count=2496 1893 1008 2370 293 317 1223 193 252 390 2680 898 262 346 892 502 180 198 693 1628 289 705 241 186 161 243 205 178 385 379 977
internal_value=0.000948631 0.0539962 -0.0293737 0.0794479 0.119348 -0.0539774 0.0499894 0.190379 0.041746 -0.0636546 0.0973463 0.123313 0.00368873 -0.00382229 -0.00201799 0.0401213 0.0480647 0.0801731 -0.0496779 0.0260138 -0.0164507 -0.00898619 0.0816264 0.118386 0.0164834 0.0115285 0.0587761 0.0528841 -0.0278166 0.0207687
internal_weight=22663 8243 14420 5668 2407 8268 3261 569 3068 6804 1838 1160 6152 5261 2575 682 891 1083 4308 1564 3697 1464 545 347 948 1275 383 678 2749 1985
internal_count=22663 8243 14420 5668 2407 8268 3261 569 3068 6804 1838 1160 6152 5261 2575 682 891 1083 4308 1564 3697 1464 545 347 948 1275 383 678 2749 1985
is_linear=0
shrinkage=0.0161


Tree=18
num_leaves=31
num_cat=0
split_feature=238 239 489 57 177 503 479 239 92 332 378 179 256 484 599 177 178 459 539 221 220 119 50 117 133 580 413 57 323 598
split_gain=135110 50680.1 47971.2 23845.3 17204.1 13423.3 11498.6 11265.4 10719.9 9713.92 9467.96 8694.77 9538.15 8481.92 7865.16 6727.41 6266.8 5436.85 5385.56 5254.17 4903.85 4895.45 4831.01 5148.24 5069.34 4969.68 4618.27 4533.93 4132.05 4085.59
threshold=8.0000000000000018 16.500000000000004 73.500000000000014 24.500000000000004 10.500000000000002 241.50000000000003 29.500000000000004 4.5000000000000009 10.500000000000002 10.500000000000002 8.0000000000000018 6.5000000000000009 24.500000000000004 190.50000000000003 101.54999923706056 5.5000000000000009 52.000000000000007 5.5000000000000009 182.50000000000003 24.500000000000004 6.5000000000000009 20.000000000000004 4.5000000000000009 5.5000000000000009 8.0000000000000018 171.05000305175784 20.000000000000004 8.0000000000000018 29.500000000000004 92.149997711181655
decision_type=2 2 2 2 2 2 2 2 2 2 2 2 2 2 10 2 2 2 2 2 2 2 2 2 2 8 2 2 2 10
left_child=2 4 7 9 17 11 -5 29 26 -3 -7 20 27 19 -8 -9 18 -2 -11 -10 -4 28 -22 -24 -25 -26 -6 -13 -19 -1
right_child=1 3 5 6 8 10 14 15 13 16 -12 12 -14 -15 -16 -17 -18 21 -20 -21 22 -23 23 24 25 -27 -28 -29 -30 -31
leaf_value=-0.086946911705234844 -0.034947253285875932 0.032578058493475663 -0.043980673138180285 0.12692820041858544 0.0024298121420875231 0.010962837076450148 0.32559676047223574 -0.060903346606477178 0.045344807536930092 0.066951700829282326 0.13397680337144732 -0.019932741417101156 0.10247327943886028 0.15433144762602616 0.16600486646960438 -0.01846699314538261 0.19326398363406605 -0.0094224353455158935 0.15385958599275601 0.14204741476909344 -0.05331027582171588 0.069829094537092129 -0.029109266360295778 -0.0058973606207668172 0.029356192824460694 0.14978810209800175 0.067908253309489228 0.030807129723934845 0.067554783008601071 -0.040971061443900232
leaf_weight=3103 1090 967 1563 614 1181 333 161 1989 1031 826 317 947 300 304 161 1891 165 1586 239 170 372 298 439 310 201 160 366 881 204 600
leaf_count=3103 1090 967 1563 614 1181 333 161 1989 1031 826 317 947 300 304 161 1891 165 1586 239 170 372 298 439 310 201 160 366 881 204 600
internal_value=5.3005e-05 0.0469828 -0.0327219 0.099805 0.0204153 0.00202891 0.167873 -0.0594102 0.0477174 0.070795 0.070992 -0.00663192 0.0183302 0.0783139 0.245874 -0.0402272 0.100821 -0.00579695 0.0864771 0.0590525 -0.0240845 0.00940913 -0.00308494 0.0137261 0.0417862 0.0827984 0.0179364 0.00450834 -0.000636464 -0.0795038
internal_weight=22769 9363 13406 3133 6230 5823 936 7583 3052 2197 650 5173 2128 1505 322 3880 1230 3178 1065 1201 3045 2088 1482 1110 671 361 1547 1828 1790 3703
internal_count=22769 9363 13406 3133 6230 5823 936 7583 3052 2197 650 5173 2128 1505 322 3880 1230 3178 1065 1201 3045 2088 1482 1110 671 361 1547 1828 1790 3703
is_linear=0
shrinkage=0.0161


Tree=19
num_leaves=31
num_cat=0
split_feature=239 503 118 272 297 417 210 356 541 478 252 373 238 418 488 42 248 5 203 31 219 511 253 164 364 418 503 555 410 210
split_gain=122869 54440.6 41358.9 18707.8 17311.8 14737.1 12513.5 12328 12320.4 11113.6 7276.06 7234.55 7037.05 6611.3 6192.09 5979.37 7426.35 5966.72 5919.65 5904.67 5697.3 5531.53 4888.87 4841.99 4818.05 4521.03 4399.39 4806.99 4214.92 4177.64
threshold=10.500000000000002 63.500000000000007 16.500000000000004 13.500000000000002 6.5000000000000009 29.500000000000004 10.500000000000002 24.500000000000004 186.44999694824222 43.500000000000007 6.5000000000000009 13.500000000000002 4.5000000000000009 10.500000000000002 215.50000000000003 8.0000000000000018 6.5000000000000009 20.000000000000004 8.0000000000000018 13.500000000000002 10.500000000000002 181.50000000000003 20.000000000000004 6.5000000000000009 8.0000000000000018 24.500000000000004 161.50000000000003 112.95000076293947 20.000000000000004 10.500000000000002
decision_type=2 2 2 2 2 2 2 2 10 2 2 2 2 2 2 2 2 2 2 2 2 2 2 2 2 2 2 10 2 2
left_child=1 4 8 20 -1 19 10 15 12 -7 26 14 -2 -6 -10 -8 -17 -18 -9 -5 29 24 -23 -21 -12 -22 -3 -28 -15 -4
right_child=2 6 3 5 13 9 7 18 11 -11 21 -13 -14 28 -16 16 17 -19 -20 23 25 22 -24 -25 -26 -27 27 -29 -30 -31
leaf_value=-0.076332267673755297 -0.029830368583361744 -0.048002607092135455 0.0029459868355084322 0.047547819850848758 -0.043244445290790051 0.156096370820936 -0.01352882146673067 0.052382621342687188 -0.024645264001423896 0.31024125943549519 -0.030654204025680691 0.14589215705726555 0.02154935520916167 -0.008871493736237232 0.10514700259976019 -0.0079975015664097912 0.046924754724297128 0.15341635613295451 0.17663892713639601 0.061704790651837496 0.062832264169812496 0.02004144197692051 0.11585086355709791 0.16475577890865387 0.020845526756914892 0.15056146552427599 0.077934358396935702 -0.023752567727313986 0.076060046684044771 0.070342285114312245
leaf_weight=4732 916 1515 522 375 2099 434 905 197 196 169 1052 283 2810 778 185 480 549 182 202 177 412 539 186 361 852 243 163 462 188 440
leaf_count=4732 916 1515 522 375 2099 434 905 197 196 169 1052 283 2810 778 185 480 549 182 202 177 412 539 186 361 852 243 163 462 188 440
internal_value=-0.000943156 -0.0274557 0.0522022 0.0968898 -0.057022 0.137533 0.0041896 0.0332505 0.0203048 0.199337 -0.0111312 0.0842006 0.00891184 -0.0272016 0.0383155 0.0177588 0.0411599 0.0734706 0.115348 0.0966879 0.0587708 0.00680346 0.044654 0.130896 -0.00759679 0.0954151 -0.0331749 0.00272972 0.00763326 0.0337962
internal_weight=22604 15081 7523 3133 7797 1516 7284 2515 4390 603 4769 664 3726 3065 381 2116 1211 731 399 913 1617 2629 725 538 1904 655 2140 625 966 962
internal_count=22604 15081 7523 3133 7797 1516 7284 2515 4390 603 4769 664 3726 3065 381 2116 1211 731 399 913 1617 2629 725 538 1904 655 2140 625 966 962
is_linear=0
shrinkage=0.0161


Tree=20
num_leaves=31
num_cat=0
split_feature=179 417 503 479 236 553 212 541 418 482 211 237 30 153 91 439 417 379 510 168 87 177 222 553 275 403 478 514 451 32
split_gain=131154 46050.2 40152.8 19452.3 16825.1 13891.5 12520.9 10828.3 10659.7 9450.94 8769.04 7680.77 7449.67 7252.28 6629.32 6436.98 7088.95 6409.02 6244.17 6064.08 5735.43 5652.87 5507.61 6700.61 5445.45 5293.07 4713.89 4499.16 4413.04 4245.64
threshold=8.0000000000000018 10.500000000000002 71.500000000000014 29.500000000000004 24.500000000000004 215.15000152587893 5.5000000000000009 85.149997711181655 5.5000000000000009 215.50000000000003 20.000000000000004 16.500000000000004 4.5000000000000009 6.5000000000000009 3.5000000000000004 10.500000000000002 8.0000000000000018 5.5000000000000009 200.50000000000003 6.5000000000000009 6.5000000000000009 8.0000000000000018 4.5000000000000009 226.84999847412112 29.500000000000004 29.500000000000004 16.500000000000004 105.50000000000001 10.500000000000002 10.500000000000002
decision_type=2 2 2 2 2 10 2 8 2 2 2 2 2 2 2 2 2 2 2 2 2 2 2 8 2 2 2 2 2 2
left_child=2 7 8 5 10 6 -3 28 -1 14 -5 25 -11 27 -4 -14 -17 -15 -7 -16 29 -10 -22 -24 26 -8 -13 -9 -2 -21
right_child=1 3 9 4 -6 18 11 13 21 12 -12 24 15 17 19 16 -18 -19 -20 20 22 -23 23 -25 -26 -27 -28 -29 -30 -31
leaf_value=-0.076167207476020002 -0.05805726450226089 0.0017398666278856481 -0.049607636625248322 0.064064081532538578 0.2564142671057062 0.23462355649853503 0.030492205412406402 -0.031782176790009539 -0.053978767365109967 -0.038947991532744822 0.18503710630860784 0.052262606566944529 0.020604288185824104 -0.00022290027808210714 -0.024066508436082167 0.048056537538093573 0.18538374722660295 0.060286900852870931 0.093139674037275313 -0.051415736964866815 -0.020032023684027289 -0.0091426828612765701 0.031941527127563596 0.12960779146301959 0.18441067985542492 0.12644986283581108 0.11449062907653693 0.024854850745160535 0.0056166423077405854 0.025126493048383301
leaf_weight=4061 715 878 954 473 256 164 1127 755 1855 229 232 585 413 649 1773 211 182 1502 161 437 329 1203 740 242 165 172 690 701 465 329
leaf_count=4061 715 878 954 473 256 164 1127 755 1855 229 232 585 413 649 1773 211 182 1502 161 437 329 1203 740 242 165 172 690 701 465 329
internal_value=0.000103805 0.044908 -0.033399 0.0795888 0.144558 0.0637443 0.054675 0.00938192 -0.0590661 -0.00210123 0.103907 0.071635 0.042023 0.0232355 -0.0116125 0.0650576 0.111713 0.0420189 0.164607 -0.00219147 0.0164705 -0.0363482 0.036927 0.056034 0.0972549 0.043216 0.0859574 -0.00449777 -0.0329455 -0.0185098
internal_weight=22648 9690 12958 4903 961 3942 3617 4787 7119 5839 705 2739 1035 3607 4804 806 393 2151 325 3850 2077 3058 1311 982 1440 1299 1275 1456 1180 766
internal_count=22648 9690 12958 4903 961 3942 3617 4787 7119 5839 705 2739 1035 3607 4804 806 393 2151 325 3850 2077 3058 1311 982 1440 1299 1275 1456 1180 766
is_linear=0
shrinkage=0.0161


Tree=21
num_leaves=31
num_cat=0
split_feature=179 477 501 236 92 178 480 479 334 230 299 299 151 332 186 283 570 555 68 9 358 494 333 75 296 449 28 353 177 299
split_gain=124948 42190.1 36218.7 17904.9 14710.1 11544.1 11277.4 10255.5 9580.29 10125 8422.13 8310.76 7026.67 6779.54 6105.75 5942.9 6359.14 5913.15 8413.04 5340.31 5700.38 5322 4822.75 4701.58 4512.17 4436.13 4304.94 4177.63 4145 4129.28
threshold=8.0000000000000018 29.500000000000004 60.500000000000007 13.500000000000002 24.500000000000004 6.5000000000000009 23.500000000000004 8.0000000000000018 16.500000000000004 16.500000000000004 8.0000000000000018 29.500000000000004 10.500000000000002 8.0000000000000018 8.0000000000000018 8.0000000000000018 140.84999847412112 188.65000152587893 13.500000000000002 35.500000000000007 8.0000000000000018 144.50000000000003 8.0000000000000018 10.500000000000002 4.5000000000000009 20.000000000000004 8.0000000000000018 24.500000000000004 10.500000000000002 3.5000000000000004
decision_type=2 2 2 2 2 2 2 2 2 2 2 2 2 2 2 2 8 8 2 2 2 2 2 2 2 2 2 2 2 2
left_child=2 3 5 6 13 29 28 21 12 14 -5 -6 -8 -3 -10 -15 -17 -9 -19 20 -12 27 -22 -20 -7 -23 -16 -4 -2 -1
right_child=1 4 7 10 11 24 8 17 9 -11 19 -13 -14 15 26 16 -18 18 23 -21 22 25 -24 -25 -26 -27 -28 -29 -30 -31
leaf_value=-0.091661928085324196 -0.048230181995250782 0.041980079066516782 -0.04394893200313546 0.015138797477216422 0.14275591165749102 -0.064454218254108991 -0.0090855207982234662 0.0022847514353151266 -0.017831182584322466 0.14347345406829484 0.024635177334428063 0.28091328839242335 0.04139448295819257 0.06915258242841428 0.018484240225970894 0.23142583357578286 0.095193542600640363 0.014681361433097499 0.05854434784723124 0.16415813702988505 0.049599626391296031 -0.010736519051442654 0.116414281277104 0.17981799784943664 -0.01324683012716257 0.058068408363177261 0.11405488641067113 0.022196582751107335 0.01890851271349165 -0.060297688366651912
leaf_weight=1916 921 528 2104 679 344 633 1935 1477 336 306 467 169 1133 327 223 181 176 512 168 183 453 1420 740 165 1516 293 272 280 321 2537
leaf_count=1916 921 528 2104 679 344 633 1935 1477 336 306 467 169 1133 327 223 181 176 512 168 183 453 1420 740 165 1516 293 272 280 321 2537
internal_value=5.20047e-05 0.0438159 -0.0325279 0.0281851 0.116012 -0.0590051 0.0117586 -0.00529222 0.0243518 0.0642745 0.0636535 0.188316 0.00954887 0.0853887 0.0350826 0.118863 0.16433 0.0217345 0.0557034 0.0815146 0.0723897 -0.0206155 0.0910635 0.118706 -0.0283412 0.00101848 0.0710474 -0.0361703 -0.030859 -0.0737981
internal_weight=22715 9694 13021 7969 1725 6602 5447 6419 4205 1137 2522 513 3068 1212 831 684 357 2322 845 1843 1660 4097 1193 333 2149 1713 495 2384 1242 4453
internal_count=22715 9694 13021 7969 1725 6602 5447 6419 4205 1137 2522 513 3068 1212 831 684 357 2322 845 1843 1660 4097 1193 333 2149 1713 495 2384 1242 4453
is_linear=0
shrinkage=0.0161


Tree=22
num_leaves=31
num_cat=0
split_feature=298 359 491 237 479 397 560 91 334 548 297 179 33 298 18 85 74 92 339 535 479 177 84 559 195 11 374 58 330 409
split_gain=117747 40775.8 35323.7 29077.8 15863.3 13304.1 12564 12424 9123.53 8667.21 8607.84 8314.29 7277.08 6883.08 6641.31 5555.33 6930.97 5533.19 5128.68 5072.74 5007.55 4984.08 4950.26 4723.22 4705.89 5341.98 4260.84 4175.31 4124.88 4054.25
threshold=8.0000000000000018 10.500000000000002 65.500000000000014 13.500000000000002 29.500000000000004 8.0000000000000018 238.25000000000003 35.500000000000007 13.500000000000002 255.05000305175784 13.500000000000002 3.5000000000000004 4.5000000000000009 5.5000000000000009 6.5000000000000009 13.500000000000002 10.500000000000002 29.500000000000004 20.000000000000004 178.50000000000003 10.500000000000002 3.5000000000000004 8.0000000000000018 79.649997711181655 10.500000000000002 10.500000000000002 10.500000000000002 10.500000000000002 10.500000000000002 8.0000000000000018
decision_type=2 2 2 2 2 2 10 2 2 10 2 2 2 2 2 2 2 2 2 2 2 2 2 8 2 2 2 2 2 2
left_child=2 6 11 12 7 -6 10 28 -7 13 23 -1 -3 18 -15 -16 -17 24 -4 -20 -14 -13 27 -2 -12 -26 -25 -22 -5 -24
right_child=1 3 9 4 5 8 -8 -9 -10 -11 17 21 20 14 15 16 -18 -19 19 -21 22 -23 29 26 25 -27 -28 -29 -30 -31
leaf_value=-0.080766085390357525 -0.052867878745014828 -0.023751537912910167 -0.029501587979707471 0.037910305921146664 0.094245308992262758 0.14944656644099386 0.13195124785067402 0.18757677543106754 0.30829938920028449 0.11195979029108678 -0.0022360306447466423 -0.071421247766152399 0.0065595836233662838 -0.019421979401056669 0.013679864801248776 0.022461634509773176 0.14897832196005206 0.10861705506623727 -0.0092467584768086506 0.087421867997026281 -0.010924113672574705 -0.033618481193100049 0.044977703830359379 -0.021766992571082083 0.0078930685100214275 0.10632920995880936 0.02341497689892548 0.064562630343666147 0.092711456307887588 0.11335030727518822
leaf_weight=2575 666 440 3011 635 273 163 200 271 223 162 961 1266 575 799 754 227 223 205 468 201 340 3180 374 1384 293 280 888 429 816 569
leaf_count=2575 666 440 3011 635 273 163 200 271 223 162 961 1266 575 799 754 227 223 205 468 201 340 3180 374 1384 293 280 888 429 816 569
internal_value=-0.0011957 0.0402887 -0.0333926 0.0720802 0.113195 0.180405 0.00698652 0.0874599 0.24128 -0.00415046 0.00163769 -0.0577333 0.0361737 -0.00746445 0.0165457 0.0404341 0.08521 0.0300322 -0.0205394 0.019762 0.0477132 -0.0443881 0.0615214 -0.015161 0.019515 0.0560356 -0.00409748 0.0311569 0.0687451 0.0862582
internal_weight=22851 9985 12866 5108 2381 659 4877 1722 386 5845 4677 7021 2727 5683 2003 1204 450 1739 3680 669 2287 4446 1712 2938 1534 573 2272 769 1451 943
internal_count=22851 9985 12866 5108 2381 659 4877 1722 386 5845 4677 7021 2727 5683 2003 1204 450 1739 3680 669 2287 4446 1712 2938 1534 573 2272 769 1451 943
is_linear=0
shrinkage=0.0161


Tree=23
num_leaves=31
num_cat=0
split_feature=238 488 239 210 237 504 532 559 32 37 226 92 237 164 208 554 477 279 559 492 299 297 298 312 437 57 152 471 498 386
split_gain=123163 45259.8 41865.8 17961.5 14585.7 13753.2 10741.7 10732.1 9148.04 8853.63 8438.28 8393.78 8317.07 8303.47 8138.4 7958.04 7019.82 6773.87 7013.25 6978.77 6200.8 6118.81 5866.5 5637.56 6634.63 5527.41 5232.83 5191.85 4737.35 4672.91
threshold=8.0000000000000018 57.500000000000007 16.500000000000004 20.000000000000004 10.500000000000002 248.50000000000003 252.50000000000003 235.84999847412112 10.500000000000002 10.500000000000002 8.0000000000000018 35.500000000000007 4.5000000000000009 8.0000000000000018 8.0000000000000018 180.15000152587893 35.500000000000007 10.500000000000002 137.84999847412112 116.50000000000001 5.5000000000000009 6.5000000000000009 4.5000000000000009 10.500000000000002 13.500000000000002 20.000000000000004 6.5000000000000009 8.0000000000000018 43.500000000000007 24.500000000000004
decision_type=2 2 2 2 2 2 2 8 2 2 2 2 2 2 2 10 2 2 8 2 2 2 2 2 2 2 2 2 2 2
left_child=1 12 4 8 15 10 7 -7 -4 25 29 17 -1 -11 -10 20 27 -6 -19 -20 -2 -12 -23 -24 -25 -5 -14 -16 -22 -3
right_child=2 5 3 9 11 6 -8 -9 14 13 21 -13 26 -15 16 -17 -18 18 19 -21 28 22 23 24 -26 -27 -28 -29 -30 -31
leaf_value=-0.0786496435607901 -0.044176256424091918 -0.031682456321215982 0.031707310470570522 0.049625515271726518 0.017462662090731537 0.050454461726716929 -0.018047732722442596 0.22064769514332933 0.054783824105972843 0.12402439356609914 -0.010147635952705032 0.12999394332275299 -0.05836788457771265 0.25858409512399627 0.16351688869117167 0.060730178360988374 0.22633657812134225 0.024413651195372515 0.19543523476438587 0.07199900007822925 -0.027053276943434231 -0.012658964653384796 0.02613109099742595 0.17182466169235483 0.037793682312962637 0.16559545760172786 -0.018050006973239417 0.059333092874196289 0.027356299914834695 0.025780189915328044
leaf_weight=3202 1028 3025 987 246 1651 229 221 166 621 211 1369 284 2160 275 224 442 167 491 166 421 688 396 500 202 183 189 1363 280 1044 417
leaf_count=3202 1028 3025 987 246 1651 229 221 166 621 211 1369 284 2160 275 224 442 167 491 166 421 688 396 500 202 183 189 1363 280 1044 417
internal_value=0.000948267 -0.0303449 0.0455989 0.0929152 0.0212327 -0.000751362 0.0717419 0.122038 0.0686482 0.152938 -0.00808547 0.0466592 -0.0598602 0.200213 0.0968503 -0.00268569 0.135747 0.0379782 0.0693766 0.106946 -0.01285 0.0135039 0.0387986 0.0618502 0.108178 0.100067 -0.0427761 0.105684 0.00572967 -0.024714
internal_weight=22848 13433 9415 3200 6215 6708 616 395 2279 921 6092 3013 6725 486 1292 3202 671 2729 1078 587 2760 2650 1281 885 385 435 3523 504 1732 3442
internal_count=22848 13433 9415 3200 6215 6708 616 395 2279 921 6092 3013 6725 486 1292 3202 671 2729 1078 587 2760 2650 1281 885 385 435 3523 504 1732 3442
is_linear=0
shrinkage=0.0161


Tree=24
num_leaves=31
num_cat=0
split_feature=178 503 359 237 215 239 226 541 179 118 281 198 91 481 498 478 393 494 17 486 271 297 418 463 393 536 266 44 32 282
split_gain=118677 44066.4 34659.5 20627.4 14530.5 12775.9 10722.1 10668 10175.8 9427.76 7873.4 8075.59 7494.47 6975.61 6767.89 6154.48 5919.2 5996.98 7930.36 5689.77 5491.31 5243.84 5218.04 5184.63 5001.75 4963.3 4926.77 4908.91 4903.7 4773.26
threshold=10.500000000000002 71.500000000000014 13.500000000000002 13.500000000000002 13.500000000000002 8.0000000000000018 6.5000000000000009 189.94999694824222 8.0000000000000018 24.500000000000004 10.500000000000002 6.5000000000000009 29.500000000000004 238.50000000000003 205.50000000000003 13.500000000000002 4.5000000000000009 76.500000000000014 20.000000000000004 75.500000000000014 16.500000000000004 4.5000000000000009 4.5000000000000009 13.500000000000002 29.500000000000004 191.50000000000003 20.000000000000004 8.0000000000000018 13.500000000000002 8.0000000000000018
decision_type=2 2 2 2 2 2 2 8 2 2 2 2 2 2 2 2 2 2 2 2 2 2 2 2 2 2 2 2 2 2
left_child=1 5 8 15 12 22 14 9 19 -6 20 -12 28 26 -3 -4 -10 -18 25 -2 24 -7 -1 -17 -8 -19 -13 -22 -5 -21
right_child=2 6 3 4 7 21 10 -9 16 -11 11 13 -14 -15 -16 23 17 18 -20 29 27 -23 -24 -25 -26 -27 -28 -29 -30 -31
leaf_value=-0.079086494748683858 -0.02935422744782186 -0.030153135708350865 0.0033808566289859291 0.035337426017668858 0.047626068274995687 -0.050346931800501434 -0.021929235541174343 0.26988307031053532 -0.0048538461505836256 0.19819203892291976 0.00016303849101632559 0.037836214626941235 0.17257337385109081 0.17384711822539264 0.030380710264106017 0.040038944620875407 0.025724716894501367 0.088957827787435953 0.16565395396242763 -0.009775777366601391 -0.0034647127569841837 0.0029897644393927325 -0.049129928913550926 0.11374198723467932 0.07061835609044384 -0.0023790485854489805 0.13471274185618795 0.10100852431062539 0.10822921200663493 0.055576527017228872
leaf_weight=3053 1124 2514 575 500 183 775 1445 240 480 264 543 644 231 163 591 630 769 465 243 605 225 1244 2990 409 169 230 173 241 461 555
leaf_count=3053 1124 2514 575 500 183 775 1445 240 480 264 543 644 231 163 591 630 769 465 243 605 225 1244 2990 409 169 230 173 241 461 555
internal_value=-0.000172514 -0.0271849 0.0499216 0.0879228 0.124191 -0.0525518 0.00329879 0.183198 0.0202276 0.136604 0.0221977 0.0500118 0.0901627 0.0776081 -0.0186237 0.0456853 0.0450501 0.0590966 0.0864308 -0.00353044 0.00182054 -0.017472 -0.0642683 0.0690746 -0.0122241 0.0586974 0.0583787 0.0505149 0.0703287 0.0214716
internal_weight=22734 14770 7964 3493 1879 8062 6708 687 4471 447 3603 1523 1192 980 3105 1614 2187 1707 938 2284 2080 2019 6043 1039 1614 695 817 466 961 1160
internal_count=22734 14770 7964 3493 1879 8062 6708 687 4471 447 3603 1523 1192 980 3105 1614 2187 1707 938 2284 2080 2019 6043 1039 1614 695 817 466 961 1160
is_linear=0
shrinkage=0.0161


Tree=25
num_leaves=31
num_cat=0
split_feature=239 494 418 416 298 560 212 212 299 297 285 450 297 477 163 59 529 488 17 448 437 120 32 406 390 538 48 299 206 545
split_gain=104379 45211.3 36768.6 21977.5 16905.9 12945.5 11807.1 9697.19 9273.27 8094.43 7670.03 7480.15 6997.14 6761.11 6600.86 6545.75 6505.49 8902.44 7989.06 6327.41 6055.87 5378.37 5306.93 4952.73 4734.51 4667.95 4654.62 4624.68 4169.71 4031.78
threshold=10.500000000000002 78.500000000000014 13.500000000000002 24.500000000000004 5.5000000000000009 240.75000000000003 8.0000000000000018 3.5000000000000004 29.500000000000004 6.5000000000000009 4.5000000000000009 10.500000000000002 13.500000000000002 29.500000000000004 5.5000000000000009 5.5000000000000009 132.50000000000003 86.500000000000014 13.500000000000002 10.500000000000002 35.500000000000007 43.500000000000007 10.500000000000002 6.5000000000000009 20.000000000000004 159.50000000000003 24.500000000000004 4.5000000000000009 16.500000000000004 235.84999847412112
decision_type=2 2 2 2 2 10 2 2 2 2 2 2 2 2 2 2 2 2 2 2 2 2 2 2 2 2 2 2 2 10
left_child=1 4 9 7 27 11 -5 -4 23 25 -9 21 -6 22 -12 -11 17 24 -19 -18 -17 29 -13 -8 -16 -2 28 -1 -24 -3
right_child=2 5 3 6 12 -7 8 10 -10 15 14 13 -14 -15 16 20 19 18 -20 -21 -22 -23 26 -25 -26 -27 -28 -29 -30 -31
leaf_value=-0.083205052122342568 -0.033388671045777037 -0.020275405304298888 -0.030758581693048955 0.058458326028056305 -0.037888634913253096 0.10765833082238718 0.20772822292149917 0.017592694438837583 0.2612535795393453 -0.030588712762225721 0.039186047020143347 -0.0097296256625538733 0.0092111369683440785 0.10614100915297212 0.052474188745762235 0.035041248760528408 0.0061138731099141209 0.11647932279547821 0.27504078467198417 0.1098192001386767 0.13913158170247117 0.074305749673846108 0.0039882827091559563 0.10355537103927025 0.14773996799444417 0.03308331357160791 0.11094175850918742 -0.050921824146673941 0.083286022300849 0.058090857635722831
leaf_weight=2708 1183 3400 284 302 2878 317 182 612 237 356 649 1089 1141 236 349 1389 294 168 163 318 162 178 658 343 222 356 199 2009 233 179
leaf_count=2708 1183 3400 284 302 2878 317 182 612 237 356 649 1089 1141 236 349 1389 294 168 163 318 162 178 658 343 222 356 199 2009 233 179
internal_value=-0.000579441 -0.0248725 0.0482828 0.0807247 -0.0487842 0.00731564 0.143767 0.0587892 0.177546 0.0094605 0.0679622 0.00215813 -0.0245111 0.0242684 0.0822029 0.0316319 0.100627 0.12814 0.194634 0.0600384 0.0459285 -0.0120481 0.0153902 0.139713 0.0895539 -0.0179971 0.0405086 -0.0694604 0.0247514 -0.0163494
internal_weight=22794 15225 7569 4123 8736 6489 1064 3059 762 3446 2775 6172 4019 2415 2163 1907 1514 902 331 612 1551 3757 2179 525 571 1539 1090 4717 891 3579
internal_count=22794 15225 7569 4123 8736 6489 1064 3059 762 3446 2775 6172 4019 2415 2163 1907 1514 902 331 612 1551 3757 2179 525 571 1539 1090 4717 891 3579
is_linear=0
shrinkage=0.0161


Tree=26
num_leaves=31
num_cat=0
split_feature=178 511 299 57 299 390 119 74 418 557 54 417 507 488 258 40 32 403 344 244 531 32 353 470 272 177 153 470 163 556
split_gain=108750 43277.5 33048.1 19939.3 12853.3 12228.1 9665.08 9468.16 8861.57 8025.34 7816.53 7727.14 7212.64 6883.4 6735.97 6444.52 5829.99 6564.44 5532.95 5562.11 5455.58 6501.35 5454.28 5049.84 4541.7 4376.58 4483.04 4252.65 4218.29 5713.84
threshold=10.500000000000002 44.500000000000007 10.500000000000002 24.500000000000004 6.5000000000000009 8.0000000000000018 8.0000000000000018 52.000000000000007 43.500000000000007 209.25000000000003 35.500000000000007 16.500000000000004 217.50000000000003 49.500000000000007 5.5000000000000009 43.500000000000007 13.500000000000002 16.500000000000004 6.5000000000000009 29.500000000000004 246.50000000000003 6.5000000000000009 24.500000000000004 24.500000000000004 4.5000000000000009 4.5000000000000009 20.000000000000004 4.5000000000000009 10.500000000000002 203.05000305175784
decision_type=2 2 2 2 2 2 2 2 2 10 2 2 2 2 2 2 2 2 2 2 2 2 2 2 2 2 2 2 2 8
left_child=1 6 11 9 12 -5 -1 10 -7 16 14 13 15 -2 -6 -3 23 -18 -16 -20 21 -14 -12 -4 -13 -8 -27 -26 -15 -30
right_child=2 4 3 5 7 8 25 -9 -10 -11 22 24 20 28 18 -17 17 -19 19 -21 -22 -23 -24 -25 27 26 -28 -29 29 -31
leaf_value=-0.069897659661322234 -0.038648127596157822 -0.032638952626926454 0.00968000267876464 0.046423097372256139 -0.02425957457221509 0.13596615272366355 -0.056819654807168343 0.12696448235631258 0.25457159258793072 0.13469198004268068 0.02173079514271797 -0.010593446126095656 0.14708882786988856 -0.003586871165137073 -0.008163393052951641 0.061167784509250242 0.048313928458117286 0.12816248377602163 0.030089018682391205 0.12606798231290328 -0.040326005876600582 0.0076123884463347082 0.15090756363930438 0.098881993452758943 0.11467718007073914 -0.020628452609466913 0.067288597333750116 0.041276201330112512 0.017745244051443069 0.13002769248087767
leaf_weight=4364 897 3678 1088 318 1209 758 776 201 209 307 167 317 162 866 948 200 914 378 1311 178 163 187 173 194 266 1029 176 896 368 173
leaf_count=4364 897 3678 1088 318 1209 758 776 201 209 307 167 317 162 866 948 200 914 378 1311 178 163 187 173 194 266 1029 176 896 368 173
internal_value=0.000994592 -0.024628 0.0490967 0.0803804 -0.00104256 0.133134 -0.0565064 0.0191357 0.161625 0.0568427 0.0136923 0.0146394 -0.0202931 -0.0037869 0.00680048 -0.027795 0.0475485 0.0716934 0.0222191 0.0415785 0.036482 0.0724225 0.0875282 0.0231969 0.04336 -0.0269944 -0.00776792 0.0580991 0.0184213 0.0536942
internal_weight=22871 14922 7949 4166 8577 1285 6345 4187 967 2881 3986 3783 4390 2304 3646 3878 2574 1292 2437 1489 512 349 340 1282 1479 1981 1205 1162 1407 541
internal_count=22871 14922 7949 4166 8577 1285 6345 4187 967 2881 3986 3783 4390 2304 3646 3878 2574 1292 2437 1489 512 349 340 1282 1479 1981 1205 1162 1407 541
is_linear=0
shrinkage=0.0161


Tree=27
num_leaves=31
num_cat=0
split_feature=238 239 503 118 177 416 239 95 541 170 233 152 418 56 59 426 345 417 332 269 320 391 503 588 373 274 519 336 100 346
split_gain=105552 37251.4 36348.5 20169.8 17302.7 16733.9 11714 10966.2 8691.44 8542.11 7370.86 7117.71 7033.78 7005.06 6785.52 9252.27 6198.18 6134.39 6080.11 5901.9 5842.35 5808.5 5448.55 10288 5105.1 4673.15 4600.58 4400.19 4272.48 4152.18
threshold=8.0000000000000018 16.500000000000004 81.500000000000014 20.000000000000004 10.500000000000002 24.500000000000004 4.5000000000000009 16.500000000000004 192.55000305175784 24.500000000000004 43.500000000000007 24.500000000000004 10.500000000000002 29.500000000000004 4.5000000000000009 20.000000000000004 5.5000000000000009 16.500000000000004 16.500000000000004 16.500000000000004 8.0000000000000018 4.5000000000000009 208.50000000000003 210.94999694824222 13.500000000000002 13.500000000000002 74.500000000000014 3.5000000000000004 10.500000000000002 8.0000000000000018
decision_type=2 2 2 2 2 2 2 2 10 2 2 2 2 2 2 2 2 2 2 2 2 2 2 8 2 2 2 2 2 2
left_child=2 4 6 16 11 9 -1 19 13 17 21 26 -8 27 -10 29 -3 -5 -14 -7 -15 -6 -23 -24 -18 -19 -2 -4 -26 -16
right_child=1 3 8 5 10 7 12 -9 14 -11 -12 -13 18 20 15 -17 24 25 -20 -21 -22 22 23 -25 28 -27 -28 -29 -30 -31
leaf_value=-0.071244082603242179 -0.037529645351115221 -0.0035761907307673359 -0.048123860863741014 0.016434563207854067 -0.01016231463588043 0.073484748474084829 -0.044639095809669509 0.28793921715510301 -0.021372163676157605 0.19227291204495808 0.14473965486074403 0.059299569066638302 -0.018393575422308919 -0.007043502466119721 -0.0068380661517151017 0.17839844050667775 0.037738299353039344 0.058883703343568489 0.07112604603164277 0.20773510510628393 0.11960788570682747 0.040238731704740432 0.20248607889098943 0.023521902713358592 0.17135679207730431 0.15454969534042573 0.0035537200955961059 -0.004867629658099012 0.064509361940030777 0.081491158301580324
leaf_weight=3854 1363 479 749 354 502 170 3035 215 279 173 184 365 807 179 256 164 619 289 260 171 199 2061 162 172 175 246 1465 3284 220 298
leaf_count=3854 1363 479 749 354 502 170 3035 215 279 173 184 365 807 179 256 164 619 289 260 171 199 2061 162 172 175 246 1465 3284 220 298
internal_value=-0.000129912 0.0412528 -0.0291931 0.0868063 0.018661 0.126193 -0.0510846 0.197786 0.00300829 0.0886895 0.0458806 -0.0075964 -0.0321381 -0.00669064 0.0459426 0.0721325 0.0441059 0.0685057 0.00339796 0.140876 0.0595705 0.0395936 0.0500324 0.110395 0.0666534 0.102916 -0.0162387 -0.0129069 0.111906 0.0406323
internal_weight=22749 9385 13364 3111 6274 1618 7956 556 5408 1062 3081 3193 4102 4411 997 718 1493 889 1067 341 378 2897 2395 334 1014 535 2828 4033 395 554
internal_count=22749 9385 13364 3111 6274 1618 7956 556 5408 1062 3081 3193 4102 4411 997 718 1493 889 1067 341 378 2897 2395 334 1014 535 2828 4033 395 554
is_linear=0
shrinkage=0.0161


Tree=28
num_leaves=31
num_cat=0
split_feature=298 501 477 119 417 151 67 299 588 540 190 359 480 5 155 91 287 90 497 10 580 551 156 239 239 485 336 332 513 508
split_gain=99618.2 42225.2 26796.4 16346.8 15566.4 14413.7 9064.97 8850.16 8411.44 8383.28 7081.55 7020.4 6675.9 5571.76 6204.75 5466.59 5362.46 5139.13 5369.3 4889.91 4884.19 7937.1 7830.38 4774.56 4673.59 4505.32 4402.97 4371.84 4288.04 4110.67
threshold=16.500000000000004 56.500000000000007 16.500000000000004 5.5000000000000009 10.500000000000002 8.0000000000000018 6.5000000000000009 29.500000000000004 130.34999847412112 192.55000305175784 20.000000000000004 10.500000000000002 10.500000000000002 10.500000000000002 13.500000000000002 13.500000000000002 5.5000000000000009 10.500000000000002 191.50000000000003 6.5000000000000009 98.149997711181655 94.750000000000014 5.5000000000000009 4.5000000000000009 10.500000000000002 226.50000000000003 13.500000000000002 8.0000000000000018 141.50000000000003 111.50000000000001
decision_type=2 2 2 2 2 2 2 2 10 10 2 2 2 2 2 2 2 2 2 2 10 10 2 2 2 2 2 2 2 2
left_child=1 4 11 16 12 -4 15 17 -9 20 -11 -2 -1 -13 -15 -5 -3 -7 29 -17 21 22 -8 -14 -6 -18 -22 -21 -28 -19
right_child=2 3 5 6 24 7 9 8 -10 10 -12 13 23 14 -16 19 25 18 -20 27 26 -23 -24 -25 -26 -27 28 -29 -30 -31
leaf_value=-0.082320392875691539 -0.0049899638296714297 -0.047373406687634491 0.04346480999635062 -0.02030556516520992 -0.022821933088009193 0.056462645915025055 0.10408143241269353 0.24951053212713548 0.1023979611669301 0.057946972746393439 0.17578239910601012 0.015852211636081533 -0.064922331306153658 0.041535446090303962 0.13791519858637441 -0.014377880731093005 -0.015782453912105622 0.13078903483932733 0.20971711260703174 0.0080609730877307054 -0.0085644129484715812 0.15721569190084328 -0.0033270960739116796 -0.030208095288573048 0.029903215458333725 0.050269417239912635 0.0074141189349736835 0.11606161172283949 0.090518323414096741 0.044115917204217987
leaf_weight=2007 1101 1352 799 1565 1518 390 268 252 169 536 176 667 1938 430 291 310 2040 537 165 168 1187 163 511 2193 611 308 373 232 284 194
leaf_count=2007 1101 1352 799 1565 1518 390 268 252 169 536 176 667 1938 430 291 310 2040 537 165 168 1187 163 511 2193 611 308 373 232 284 194
internal_value=-0.000730772 -0.0186147 0.0627803 0.00458714 -0.0452042 0.0999471 0.0215208 0.126371 0.190512 0.0377914 0.0871079 0.0253502 -0.058216 0.0494338 0.0804675 -0.00348628 -0.0218276 0.105355 0.12661 0.0335541 0.0251795 0.0550104 0.0335945 -0.0464995 -0.00767933 -0.00710804 0.00992772 0.0707602 0.0433732 0.107819
internal_weight=22735 17740 4995 9473 8267 2506 5773 1707 421 3498 712 2489 6138 1388 721 2275 3700 1286 896 710 2786 942 779 4131 2129 2348 1844 400 657 731
internal_count=22735 17740 4995 9473 8267 2506 5773 1707 421 3498 712 2489 6138 1388 721 2275 3700 1286 896 710 2786 942 779 4131 2129 2348 1844 400 657 731
is_linear=0
shrinkage=0.0161


Tree=29
num_leaves=31
num_cat=0
split_feature=298 477 512 479 31 152 479 239 560 519 505 119 198 333 239 541 484 476 374 174 119 341 355 451 173 344 407 526 297 160
split_gain=98170.8 33635.8 29611.6 25185.8 12431.3 11808.7 10860.7 9126.53 8837.39 8514.46 7832.98 7342.84 7086.28 6846.21 6452 5769.5 5588.48 4510.63 4421.12 4919.26 4318.47 4311.62 4301 4249.78 4070.18 4062.24 3922.25 3774.41 3745.58 3697.21
threshold=8.0000000000000018 16.500000000000004 43.500000000000007 29.500000000000004 20.000000000000004 8.0000000000000018 8.0000000000000018 5.5000000000000009 216.75000000000003 76.500000000000014 231.50000000000003 8.0000000000000018 8.0000000000000018 16.500000000000004 16.500000000000004 228.75000000000003 135.50000000000003 24.500000000000004 35.500000000000007 29.500000000000004 4.5000000000000009 6.5000000000000009 20.000000000000004 35.500000000000007 24.500000000000004 13.500000000000002 10.500000000000002 82.500000000000014 6.5000000000000009 5.5000000000000009
decision_type=2 2 2 2 2 2 2 2 10 2 2 2 2 2 2 10 2 2 2 2 2 2 2 2 2 2 2 2 2 2
left_child=2 7 11 5 21 22 20 16 14 -6 18 28 -12 15 -7 17 -2 -9 19 -8 24 -5 -3 27 -4 -22 -18 -16 -1 -15
right_child=1 3 6 4 9 8 10 13 -10 -11 12 -13 -14 29 23 -17 26 -19 -20 -21 25 -23 -24 -25 -26 -27 -28 -29 -30 -31
leaf_value=-0.077989125698015777 -0.042267174166623886 0.0010071011416908056 -0.04993786981774137 0.03346510788054103 0.31255809184804068 0.044174195097832471 -0.007915372991631411 -0.0014576318209827193 0.18865320916047426 0.15025237539642325 0.010978686081046973 -0.027108739920968628 0.15772828603653341 0.017229551002668028 0.12363482740040038 0.10553355594980478 -0.015338238586831539 0.05528211094078711 0.074550202237195537 0.069029333232438497 -0.023315890452126047 0.13856619303270235 0.068184867715111314 0.17872738217713899 0.027957911746906781 0.022895269546422334 0.084197756309142224 0.038994283948596935 -0.044515422202273495 0.075652672241228985
leaf_weight=2925 1034 1033 1722 164 164 1127 2099 2563 173 173 162 1565 181 424 298 161 238 423 226 240 1649 267 325 162 193 703 180 254 1237 838
leaf_count=2925 1034 1033 1722 164 164 1127 2099 2563 173 173 162 1565 181 424 298 161 238 423 226 240 1649 267 325 162 193 703 180 254 1237 838
internal_value=-0.000213786 0.0376449 -0.0295618 0.0727771 0.156002 0.0538151 -0.00776685 0.0128248 0.0785586 0.229308 0.0162226 -0.0568633 0.0884866 0.0243567 0.0682002 0.0116426 -0.0221757 0.0065723 0.0065501 -1.01716e-05 -0.0241214 0.0986287 0.0171016 0.106091 -0.042075 -0.00949362 0.0274678 0.0847305 -0.068046 0.0560426
internal_weight=22903 10001 12902 4140 768 3372 7175 5861 2014 337 2908 5727 343 4409 1841 3147 1452 2986 2565 2339 4267 431 1358 714 1915 2352 418 552 4162 1262
internal_count=22903 10001 12902 4140 768 3372 7175 5861 2014 337 2908 5727 343 4409 1841 3147 1452 2986 2565 2339 4267 431 1358 714 1915 2352 418 552 4162 1262
is_linear=0
shrinkage=0.0161


Tree=30
num_leaves=31
num_cat=0
split_feature=298 359 496 57 554 126 153 215 297 119 541 297 91 118 405 406 457 201 353 418 359 213 117 74 520 461 63 210 165 299
split_gain=94472.8 31881.9 29522.2 17935.1 11111.6 11142.6 9942.26 9888.38 9721.46 8936.3 8974.33 8098.18 7755.29 7253.53 5423.4 5715.86 6579.64 7644.54 5338.63 5168.67 4726.24 4344.77 4244.24 5550.95 4038.49 3991.54 3759.9 3718.11 3629.59 3471.41
threshold=8.0000000000000018 10.500000000000002 70.500000000000014 24.500000000000004 184.15000152587893 13.500000000000002 5.5000000000000009 13.500000000000002 8.0000000000000018 4.5000000000000009 220.15000152587893 8.0000000000000018 10.500000000000002 35.500000000000007 8.0000000000000018 16.500000000000004 6.5000000000000009 6.5000000000000009 10.500000000000002 29.500000000000004 10.500000000000002 20.000000000000004 20.000000000000004 43.500000000000007 105.50000000000001 10.500000000000002 10.500000000000002 10.500000000000002 8.0000000000000018 10.500000000000002
decision_type=2 2 2 2 10 2 2 2 2 2 10 2 2 2 2 2 2 2 2 2 2 2 2 2 2 2 2 2 2 2
left_child=2 4 8 6 11 25 -3 12 20 -4 22 -2 -5 14 -8 16 -16 -18 -12 -9 -1 24 23 -11 -15 -6 -14 -13 -24 -10
right_child=1 3 9 7 5 -7 13 19 29 10 18 27 26 21 15 -17 17 -19 -20 -21 -22 -23 28 -25 -26 -27 -28 -29 -30 -31
leaf_value=-0.069945794574839487 -0.027355768769674254 -0.00070117273302629755 -0.029364523637152522 0.016577429394018565 -0.018674566432919686 0.16745844243085456 0.022442419163878211 0.12443998954234357 -0.030986934631896973 -0.0087341995828906054 0.028781311516361364 -0.00083776166576243641 0.17442660640488244 0.13750768621533474 0.037192304843715954 0.029261334601879966 0.065353774064264319 0.1948329599130865 0.15930299802641332 0.22854863343441803 -0.031896338415098216 0.18348181895833537 0.086825259719165437 0.082016240373436397 0.026308483054338656 0.077034670225593072 0.086832957547831741 0.041778056042900677 -0.0012756769576269221 0.023001708459735284
leaf_weight=4278 1927 892 2040 310 254 202 1082 278 1382 2655 165 1192 194 173 278 498 218 260 161 225 1058 167 278 187 167 203 374 955 214 397
leaf_count=4278 1927 892 2040 310 254 202 1082 278 1382 2655 165 1192 194 173 278 498 218 260 161 225 1058 167 278 187 167 203 374 955 214 397
internal_value=-0.000847399 0.0366466 -0.0296654 0.0645087 0.00652496 0.0678624 0.046168 0.114095 -0.0515376 -0.00235924 0.0126864 -0.00339105 0.0814355 0.0608817 0.0488836 0.0716794 0.0995902 0.135831 0.0933136 0.171056 -0.0624059 0.116116 0.00479563 -0.00275465 0.0829585 0.0237881 0.116792 0.0181071 0.0484571 -0.0189256
internal_weight=22664 9849 12815 5116 4733 659 3735 1381 7115 5700 3660 4074 878 2843 2336 1254 756 478 326 503 5336 507 3334 2842 340 457 568 2147 492 1779
internal_count=22664 9849 12815 5116 4733 659 3735 1381 7115 5700 3660 4074 878 2843 2336 1254 756 478 326 503 5336 507 3334 2842 340 457 568 2147 492 1779
is_linear=0
shrinkage=0.0161


Tree=31
num_leaves=31
num_cat=0
split_feature=238 499 177 92 479 479 356 58 563 408 341 151 153 153 283 114 154 150 458 348 240 233 253 0 478 479 230 96 450 211
split_gain=86777.7 33552.7 29884.2 21662.1 16995.3 11323.3 9535.91 9511.22 8970.16 7655.91 6833.46 6521.74 6434.17 5902.93 5713.63 7531.36 4980.95 4917.27 5675.02 4842.01 4747.74 4738.24 5848.44 4518.26 4432.9 4429.87 4028.91 3669.53 3614.48 3568.56
threshold=13.500000000000002 39.500000000000007 10.500000000000002 10.500000000000002 16.500000000000004 5.5000000000000009 35.500000000000007 6.5000000000000009 221.94999694824222 13.500000000000002 10.500000000000002 4.5000000000000009 20.000000000000004 6.5000000000000009 8.0000000000000018 5.5000000000000009 3.5000000000000004 13.500000000000002 16.500000000000004 29.500000000000004 20.000000000000004 10.500000000000002 20.000000000000004 8.0000000000000018 16.500000000000004 13.500000000000002 16.500000000000004 16.500000000000004 43.500000000000007 5.5000000000000009
decision_type=2 2 2 2 2 2 2 2 10 2 2 2 2 2 2 2 2 2 2 2 2 2 2 2 2 2 2 2 2 2
left_child=1 7 13 12 17 21 20 -1 9 16 -10 -11 29 -2 19 -16 -7 -5 -19 -13 23 -3 -23 -6 -15 -9 -26 -17 -18 -4
right_child=2 5 3 4 6 8 -8 25 10 11 -12 14 -14 24 15 27 28 18 -20 -21 -22 22 -24 -25 26 -27 -28 -29 -30 -31
leaf_value=-0.066512982385242711 -0.019622765758157606 -0.037725172375990296 -0.020706581996637299 0.032199454152055565 0.15896702314299335 -0.045391496743862635 0.24805271834780582 -0.038407646722619371 0.015727655869603292 -0.020053228357340285 0.13622738380362248 -0.014809320602227387 0.11471448562556327 0.00071105166884437374 0.16485560164858637 0.02198453242788085 -0.0035280083140032869 0.068332979967955509 0.17802717988990174 0.079471641907585239 0.20633548930472909 -0.016231843433659431 0.073404523829317642 0.060909996228327268 0.033766516633339613 0.0093258400858765144 0.11294143040026959 0.11048413704833526 0.068335636454050774 0.038716111896795503
leaf_weight=3700 1048 2491 388 457 236 746 267 2132 242 480 247 463 217 762 195 400 3021 385 180 203 174 974 234 254 665 659 223 175 193 804
leaf_count=3700 1048 2491 388 457 236 746 267 2132 242 480 247 463 217 762 195 400 3021 385 180 203 174 974 234 254 665 659 223 175 193 804
internal_value=-0.00195977 -0.0210419 0.0501657 0.082195 0.116912 -0.00263188 0.166692 -0.0495821 0.0103843 0.00486631 0.0766417 0.0312888 0.0340572 0.0102451 0.0484669 0.0783408 -0.00791197 0.0715414 0.103321 0.0138926 0.133941 -0.0250356 0.00111201 0.108185 0.02923 -0.0271286 0.0536759 0.0489601 0.000780065 0.0193541
internal_weight=22615 16555 6060 3362 1953 10064 931 6491 6365 5876 489 1916 1409 2698 1436 770 3960 1022 565 666 664 3699 1208 490 1650 2791 888 575 3214 1192
internal_count=22615 16555 6060 3362 1953 10064 931 6491 6365 5876 489 1916 1409 2698 1436 770 3960 1022 565 666 664 3699 1208 490 1650 2791 888 575 3214 1192
is_linear=0
shrinkage=0.0161


Tree=32
num_leaves=31
num_cat=0
split_feature=358 152 494 177 178 482 238 448 239 478 269 548 371 207 405 15 238 502 104 263 142 175 419 482 56 453 417 536 478 359
split_gain=94453.8 31422 30249.5 20046.2 11733.3 11465.7 10012.7 7695.91 7384 7374.92 6612.44 6921.57 9541.94 8086.79 6543.01 6502.63 6236.37 5863.95 5522.13 5456.87 5176.13 4775.71 4772.96 4637.05 5291.2 4362.81 4726.84 4336.17 4237.13 4101.62
threshold=8.0000000000000018 8.0000000000000018 90.500000000000014 13.500000000000002 20.000000000000004 218.50000000000003 4.5000000000000009 5.5000000000000009 6.5000000000000009 8.0000000000000018 5.5000000000000009 228.75000000000003 10.500000000000002 10.500000000000002 6.5000000000000009 10.500000000000002 52.000000000000007 244.50000000000003 13.500000000000002 13.500000000000002 8.0000000000000018 20.000000000000004 6.5000000000000009 205.50000000000003 24.500000000000004 5.5000000000000009 20.000000000000004 122.50000000000001 8.0000000000000018 10.500000000000002
decision_type=2 2 2 2 2 2 2 2 2 2 2 8 2 2 2 2 2 2 2 2 2 2 2 2 2 2 2 2 2 2
left_child=2 5 6 9 23 8 -1 -6 -2 -3 17 21 -13 -14 -11 -16 29 -4 -17 -7 -20 -12 -8 24 -5 -10 -27 -28 -23 -9
right_child=1 3 10 4 7 19 22 16 25 14 11 12 13 -15 15 18 -18 -19 20 -21 -22 28 -24 -25 -26 26 27 -29 -30 -31
leaf_value=-0.065730145718340349 -0.031290808547590927 -0.011306207219442982 -0.032988971069221773 0.023236530098694478 0.053067059099883455 0.036688774399456135 -0.04570986657102237 0.066959919315600719 -0.016962136809474948 0.013556459582844557 -0.010523110148346953 0.0084372115956786072 0.050455219546488732 0.20147488497353644 0.034160152064819149 0.057903404564472294 0.23877304347616421 0.069430617558273136 0.08442682931549382 0.14574585928167819 0.20727705414255473 0.0090183041398676639 -0.0094723147418060063 0.13219516426258443 0.101521032793881 0.011383979652372216 0.11097482645701368 0.0083873210177922534 0.11274677769005174 0.15157770854413335
leaf_weight=4277 1598 722 1524 743 270 329 2159 195 833 887 1762 495 212 163 683 345 171 160 172 187 186 264 1675 196 321 1197 284 172 167 638
leaf_count=4277 1598 722 1524 743 270 329 2159 195 833 887 1762 495 212 163 683 345 171 160 172 187 186 264 1675 196 321 1197 284 172 167 638
internal_value=-0.000930148 0.0358392 -0.0298973 0.0617047 0.0950381 0.0047448 -0.0487891 0.129508 -0.00428477 0.0334942 0.00237739 0.0164714 0.054897 0.116161 0.047735 0.0695914 0.150041 -0.0232439 0.103981 0.076257 0.14832 0.00121652 -0.0298845 0.0601669 0.0468764 0.0130652 0.0282112 0.0723312 0.0492647 0.131797
internal_weight=22987 10129 12858 5529 2534 4600 8111 1274 4084 2995 4747 3063 870 375 2273 1386 1004 1684 703 516 358 2193 3834 1260 1064 2486 1653 456 431 833
internal_count=22987 10129 12858 5529 2534 4600 8111 1274 4084 2995 4747 3063 870 375 2273 1386 1004 1684 703 516 358 2193 3834 1260 1064 2486 1653 456 431 833
is_linear=0
shrinkage=0.0161


Tree=33
num_leaves=31
num_cat=0
split_feature=298 502 477 418 416 179 480 121 215 357 179 223 128 412 89 117 212 135 456 177 209 426 152 48 293 446 2 98 119 130
split_gain=93953.4 38453.7 22004.8 18363.7 15324.2 11074.7 10069.7 9271.47 8102.41 7415.19 7087.71 6907.28 7486.75 6653.61 6565.6 5771.85 5489.65 5338.11 5961.93 5170.38 4935.02 4922.3 4870.87 4387.29 4375.15 4364.75 5307.61 4309.55 4079.48 4266.45
threshold=16.500000000000004 81.500000000000014 16.500000000000004 6.5000000000000009 20.000000000000004 5.5000000000000009 214.50000000000003 20.000000000000004 16.500000000000004 10.500000000000002 10.500000000000002 16.500000000000004 13.500000000000002 29.500000000000004 29.500000000000004 8.0000000000000018 8.0000000000000018 10.500000000000002 10.500000000000002 3.5000000000000004 8.0000000000000018 16.500000000000004 13.500000000000002 6.5000000000000009 16.500000000000004 13.500000000000002 8.0000000000000018 13.500000000000002 20.000000000000004 6.5000000000000009
decision_type=2 2 2 2 2 2 2 2 2 2 2 2 2 2 2 2 2 2 2 2 2 2 2 2 2 2 2 2 2 2
left_child=1 3 10 19 11 13 16 21 14 -5 -2 15 -13 23 22 -4 17 -7 -19 -1 -12 -8 -6 -3 -22 -25 -27 -10 -18 -30
right_child=2 5 4 9 8 6 7 -9 27 -11 20 12 -14 -15 -16 -17 28 18 -20 -21 24 -23 -24 25 -26 26 -28 -29 29 -31
leaf_value=-0.076026342615848522 -0.005954916509010629 -0.044296632129296534 -0.0067714216182367601 -0.027704341160418925 0.034962363550711174 -0.026032126899221696 0.01340148791404944 0.15566225032803402 0.2659814902620094 0.017411009330906516 0.022089754833468204 0.061342323792363339 0.20024079617289914 0.057331830608636725 0.19427650884796333 0.0699150454925732 0.019059452299579553 -0.010922228050665381 0.086610327691400563 -0.044590642943760132 0.052510039014924619 0.10033844614320063 0.13538723057672786 -0.022617407947383199 0.13773521997276636 -0.023051130299118566 0.076833223122201991 0.15066731061671962 0.13444336682454255 0.034911890700247195
leaf_weight=2029 973 1190 406 2508 271 1186 498 253 168 1514 788 246 171 314 183 679 1211 377 285 4114 474 256 234 1076 234 246 313 171 188 277
leaf_count=2029 973 1190 406 2508 271 1186 498 253 168 1514 788 246 171 314 183 679 1211 377 285 4114 474 256 234 1076 234 246 313 171 188 277
internal_value=0.00035681 -0.0169308 0.0620513 -0.0374667 0.0954341 0.0102821 0.0263863 0.0712912 0.14338 -0.0107157 0.0278477 0.0626352 0.118357 -0.012956 0.111563 0.0411978 0.0135479 -0.00557784 0.0310313 -0.0549775 0.0498487 0.0429498 0.0815425 -0.0207769 0.0807109 -0.0036441 0.0328349 0.207884 0.0346504 0.0752032
internal_weight=22833 17835 4998 10165 2529 7670 4531 1007 1027 4022 2469 1502 417 3139 688 1085 3524 1848 662 6143 1496 754 505 2825 708 1635 559 339 1676 465
internal_count=22833 17835 4998 10165 2529 7670 4531 1007 1027 4022 2469 1502 417 3139 688 1085 3524 1848 662 6143 1496 754 505 2825 708 1635 559 339 1676 465
is_linear=0
shrinkage=0.0161


Tree=34
num_leaves=31
num_cat=0
split_feature=238 503 179 416 179 226 479 95 504 417 272 419 479 599 5 221 540 206 500 265 318 178 14 447 354 152 176 448 479 111
split_gain=86514.5 30241.6 24822.3 14457.8 11415.2 11283.2 9009.46 9542.44 8531.8 8504.96 7688.5 7124.75 6762.92 9544.77 6542.26 7259.03 11596.3 6160.69 5654.07 7714.73 8254.94 5238.01 5139.72 4965.23 4654.34 4383.86 6184.15 4174.4 3955.3 3578.37
threshold=10.500000000000002 66.500000000000014 10.500000000000002 20.000000000000004 5.5000000000000009 6.5000000000000009 24.500000000000004 10.500000000000002 244.50000000000003 10.500000000000002 13.500000000000002 24.500000000000004 29.500000000000004 120.95000076293947 10.500000000000002 16.500000000000004 207.44999694824222 24.500000000000004 154.50000000000003 5.5000000000000009 8.0000000000000018 4.5000000000000009 13.500000000000002 35.500000000000007 29.500000000000004 8.0000000000000018 20.000000000000004 13.500000000000002 10.500000000000002 5.5000000000000009
decision_type=2 2 2 2 2 2 2 2 2 2 2 2 2 8 2 2 8 2 2 2 2 2 2 2 2 2 2 2 2 2
left_child=1 4 9 10 -1 8 22 -8 25 -2 17 24 -12 -14 23 18 -17 -4 19 -16 -21 -6 -5 29 -11 -3 28 -24 -27 -7
right_child=2 5 3 6 21 14 7 -9 -10 11 12 -13 13 -15 15 16 -18 -19 -20 20 -22 -23 27 -25 -26 26 -28 -29 -30 -31
leaf_value=-0.061153056386270943 -0.0202967690027498 -0.044134017183126775 0.013082722263740564 0.049420271715574206 -0.047564620244535158 -0.037063632356415063 0.080915527579189531 0.22446359960361137 0.05862990272515662 0.012398595097970378 0.055452895292072597 0.1298702396340809 0.22950828787607644 0.059893952742929461 -0.024083692978859834 0.03893586612320233 0.20830450048214444 0.11029538405557619 -0.014973806997191225 0.0080869662031295263 0.14647134490903607 -0.0063099277380465699 0.072612903375840809 0.082169807808553694 0.094399205624528831 -0.046787882238408268 0.086948321338825713 0.18034545776206717 0.018891323578202612 0.0085684528822711024
leaf_weight=4561 1381 1897 1418 545 1293 655 203 296 317 1500 987 176 160 187 223 305 160 192 565 187 279 2087 186 180 204 574 165 189 405 1391
leaf_count=4561 1381 1897 1418 545 1293 655 203 296 317 1500 987 176 160 187 223 305 160 192 565 187 279 2087 186 180 204 574 165 189 405 1391
internal_value=-0.000639082 -0.0227862 0.0436405 0.0687568 -0.0445329 0.000857037 0.110984 0.166113 -0.0208303 0.0100295 0.0483953 0.0323189 0.0769869 0.13817 0.0193234 0.0429172 0.0972639 0.0246904 0.0227459 0.0537113 0.0909899 -0.0220986 0.081057 0.00109281 0.0222294 -0.0291212 -0.00420604 0.126973 -0.0195932 -0.00602856
internal_weight=22868 15244 7624 4363 7941 7303 1419 499 3358 3261 2944 1880 1334 347 3945 1719 465 1610 1254 689 466 3380 920 2226 1704 3041 1144 375 979 2046
internal_count=22868 15244 7624 4363 7941 7303 1419 499 3358 3261 2944 1880 1334 347 3945 1719 465 1610 1254 689 466 3380 920 2226 1704 3041 1144 375 979 2046
is_linear=0
shrinkage=0.0161


Tree=35
num_leaves=31
num_cat=0
split_feature=179 178 511 416 479 504 453 118 485 177 298 15 109 172 283 270 270 20 178 272 508 549 123 512 66 86 373 92 563 81
split_gain=87242.1 35008.6 28776 18106.3 12808.2 9381.52 9187.87 8905.37 8007 7622.93 7171.73 7006.57 6736.6 8660.1 6342.53 5994.74 5736.06 5029.38 4831.53 4813.52 4863.33 4728.04 6011.59 4528.43 4257.98 4425.95 4184.32 4089.16 4816.3 4802.76
threshold=8.0000000000000018 8.0000000000000018 51.500000000000007 24.500000000000004 24.500000000000004 257.50000000000006 6.5000000000000009 29.500000000000004 73.500000000000014 6.5000000000000009 4.5000000000000009 13.500000000000002 20.000000000000004 13.500000000000002 8.0000000000000018 5.5000000000000009 16.500000000000004 8.0000000000000018 52.000000000000007 13.500000000000002 117.50000000000001 92.149997711181655 8.0000000000000018 60.500000000000007 16.500000000000004 16.500000000000004 10.500000000000002 8.0000000000000018 80.250000000000014 10.500000000000002
decision_type=2 2 2 2 2 2 2 2 2 2 2 2 2 2 2 2 2 2 2 2 2 10 2 2 2 2 2 2 10 2
left_child=2 8 10 6 15 9 27 -6 -2 24 -1 -7 -10 -14 19 -5 -11 -18 -16 -8 23 -17 -23 -21 -4 -26 -19 -3 -29 -30
right_child=1 3 5 4 7 11 14 -9 12 16 -12 -13 13 -15 18 21 17 26 -20 20 -22 22 -24 -25 25 -27 -28 28 29 -31
leaf_value=-0.071931976225321798 -0.026895370940818571 -0.017772010356948861 -0.037854925135253154 -0.010877256413934021 0.10959357732679884 0.012545571864237978 0.0082677402081982633 0.24951625171709227 0.0033041093378970488 -0.0050100806348743242 -0.03676537558694408 0.13476154565124973 0.016098928816742481 0.1577855895348996 0.072760536929934894 0.050460574095790203 -0.0054765092298243168 0.03379053196283921 0.16622875246140123 0.058960599278919334 0.0074830160571287638 0.19946706222373267 0.08424009301816994 0.16350156649286071 -0.017446627328088344 0.073400080757561839 0.13343677506281748 -0.015361832406568254 0.021298054674920977 0.12445663919370437
leaf_weight=2911 1831 702 2567 171 246 309 781 228 1505 2449 3117 201 277 188 1346 389 291 233 161 301 242 182 334 168 525 189 207 292 261 213
leaf_count=2911 1831 702 2567 171 246 309 781 228 1505 2449 3117 201 277 188 1346 389 291 233 161 301 242 182 334 168 525 189 207 292 261 213
internal_value=-0.000630143 0.0355934 -0.0279912 0.0597571 0.10718 -0.00571202 0.0432966 0.176948 -0.00265168 -0.0109626 -0.0537517 0.0607592 0.0198695 0.0734336 0.059453 0.0764237 0.00679488 0.0463761 0.0827618 0.0358941 0.0662073 0.0929452 0.124928 0.0964583 -0.0281806 0.00656807 0.0807231 0.0102745 0.0360084 0.0677038
internal_weight=22817 9818 12999 6017 1550 6971 4467 474 3801 6461 6028 510 1970 465 2999 1076 3180 731 1507 1492 711 905 516 469 3281 714 440 1468 766 474
internal_count=22817 9818 12999 6017 1550 6971 4467 474 3801 6461 6028 510 1970 465 2999 1076 3180 731 1507 1492 711 905 516 469 3281 714 440 1468 766 474
is_linear=0
shrinkage=0.0161


Tree=36
num_leaves=31
num_cat=0
split_feature=238 489 152 417 359 119 330 119 416 540 462 556 341 291 417 431 88 287 480 214 130 596 376 540 46 392 343 238 359 135
split_gain=81659 35472.3 24277.2 19613.5 12341.6 11564.5 14656 10577.1 9398.76 8044.31 6914.12 6257.03 7859.15 6048.14 5306.67 5233.82 5183.2 4958.86 4980.92 5317.68 5547.91 5463.84 4924.46 4852.19 4898.95 5965.5 4831.71 4310.47 4222.37 4097.04
threshold=13.500000000000002 55.500000000000007 8.0000000000000018 10.500000000000002 24.500000000000004 5.5000000000000009 13.500000000000002 8.0000000000000018 43.500000000000007 195.05000305175784 24.500000000000004 101.04999923706056 6.5000000000000009 43.500000000000007 4.5000000000000009 10.500000000000002 3.5000000000000004 5.5000000000000009 84.500000000000014 6.5000000000000009 8.0000000000000018 145.55000305175784 24.500000000000004 201.75000000000003 10.500000000000002 6.5000000000000009 13.500000000000002 5.5000000000000009 8.0000000000000018 16.500000000000004
decision_type=2 2 2 2 2 2 2 2 2 10 2 10 2 2 2 2 2 2 2 2 2 10 2 8 2 2 2 2 2 2
left_child=1 7 23 -4 10 16 13 27 26 11 28 12 -8 -7 -9 -12 -3 -18 -19 -20 21 -21 -13 -2 -25 -26 -6 -1 -5 -30
right_child=2 5 3 4 8 6 9 14 -10 -11 15 22 -14 -15 -16 -17 17 18 19 20 -22 -23 -24 24 25 -27 -28 -29 29 -31
leaf_value=-0.065313975805112806 -0.0036826568336127035 -0.057710264638135222 0.020541683814429283 0.024737922399075362 0.091144174824110705 -0.0045508180233429923 0.15768047446908717 -0.050961099332463351 0.2658206325160215 0.13022818638692413 0.20169193833526761 0.00037344806546998649 0.028160419875385694 0.088751526185691057 -0.0016084333575054407 0.075892050301505268 -0.037889355418857899 -0.036184008114025244 -0.012404501087046105 0.16820515427361191 0.008718441353088387 0.040204846270478808 0.095319052349530517 0.0060970376655218143 0.025341474646290427 0.15969839939489119 0.18361458858554025 -0.033765763102350223 0.063660112399013438 0.14447169270218252
leaf_weight=3700 1664 708 1087 498 378 3452 225 809 160 317 184 804 265 190 1874 162 979 492 569 161 353 188 172 376 178 166 241 1617 668 216
leaf_count=3700 1664 708 1087 498 378 3452 225 809 160 317 184 804 265 190 1874 162 979 492 569 161 353 188 172 376 178 166 241 1617 668 216
internal_value=0.000127475 -0.0179854 0.0512614 0.0776873 0.102455 0.00417419 0.0188324 -0.0425717 0.155689 0.056653 0.0784435 0.0407274 0.0876819 0.000310222 -0.0164984 0.142859 -0.0188684 -0.00883067 0.00729238 0.0241405 0.0537952 0.0993211 0.0171298 0.0114131 0.0463337 0.0902449 0.127184 -0.055724 0.0622991 0.0834326
internal_weight=22853 16875 5978 3594 2507 8875 5425 8000 779 1783 1728 1466 490 3642 2683 346 3450 2742 1763 1271 702 349 976 2384 720 344 619 5317 1382 884
internal_count=22853 16875 5978 3594 2507 8875 5425 8000 779 1783 1728 1466 490 3642 2683 346 3450 2742 1763 1271 702 349 976 2384 720 344 619 5317 1382 884
is_linear=0
shrinkage=0.0161


Tree=37
num_leaves=31
num_cat=0
split_feature=178 239 482 272 477 419 253 540 86 223 418 177 436 15 237 556 355 301 408 490 206 91 57 368 74 436 576 299 9 547
split_gain=81140 28117.3 26853.4 14260.4 12572.1 11528.2 9292.32 9150.78 9033.53 7267.56 6840.83 6619.59 6606.1 6332.11 6184.87 6465.42 5643.94 4866.47 4397.99 6331.6 4189.63 4109.7 3859.27 3853.6 3709.83 3681.65 3677.57 3638.33 3636.72 3613.03
threshold=10.500000000000002 10.500000000000002 37.500000000000007 13.500000000000002 20.000000000000004 10.500000000000002 29.500000000000004 209.25000000000003 8.0000000000000018 16.500000000000004 10.500000000000002 10.500000000000002 13.500000000000002 24.500000000000004 16.500000000000004 203.05000305175784 24.500000000000004 35.500000000000007 24.500000000000004 130.50000000000003 5.5000000000000009 13.500000000000002 29.500000000000004 5.5000000000000009 13.500000000000002 8.0000000000000018 124.35000228881837 8.0000000000000018 5.5000000000000009 132.44999694824222
decision_type=2 2 2 2 2 2 2 10 2 2 2 2 2 2 2 8 2 2 2 2 2 2 2 2 2 2 8 2 2 10
left_child=2 7 10 16 13 6 14 11 -8 12 -1 26 22 25 -4 -16 20 18 21 -20 -3 -7 -6 -22 -18 -5 -2 -13 -23 -27
right_child=1 3 5 4 9 17 8 -9 -10 -11 -12 27 -14 -15 15 -17 24 -19 19 -21 23 28 -24 -25 -26 29 -28 -29 -30 -31
leaf_value=-0.058061539570165965 -0.042138793150771077 -0.004881967416093023 -0.030568369918273389 0.0021040166721972477 0.037593693703452495 -0.0085137850366028417 -0.030300515510165171 0.097613457073222276 0.10206268806037394 0.2059181747661413 -0.013637033590923995 0.0071727527808999603 0.17820983940410628 0.14359424034764603 -0.011278675023661229 0.10133415736494937 0.053676817151961466 0.093166236835831528 0.0056319418698060134 0.12521976367576784 0.094809231302868238 0.090873751005093789 0.13607164153747675 0.028038749501559858 0.14776442602601395 0.11645362487837985 0.0043300513407365038 0.055394488994038649 0.013668364560633368 0.018658918288761882
leaf_weight=4694 902 620 4886 364 275 1657 234 284 311 314 1113 1114 252 188 428 191 264 219 254 210 317 226 166 770 186 221 863 639 530 177
leaf_count=4694 902 620 4886 364 275 1657 234 284 311 314 1113 1114 252 188 428 191 264 219 254 210 317 226 166 770 186 221 863 639 530 177
internal_value=-0.000407215 0.0412721 -0.0224735 0.0704428 0.101921 -0.00527878 -0.0182113 0.00970133 0.0451883 0.141573 -0.049551 0.0025977 0.112384 0.0598643 -0.0244922 0.0234314 0.0418727 0.0199855 0.0144067 0.0598065 0.0284813 0.00566695 0.0747159 0.0475326 0.0926187 0.0391756 -0.0194044 0.0247639 0.0367794 0.0730211
internal_weight=22869 7916 14953 4114 1957 9146 6050 3802 545 1007 5807 3518 693 950 5505 619 2157 3096 2877 464 1707 2413 441 1087 450 762 1765 1753 756 398
internal_count=22869 7916 14953 4114 1957 9146 6050 3802 545 1007 5807 3518 693 950 5505 619 2157 3096 2877 464 1707 2413 441 1087 450 762 1765 1753 756 398
is_linear=0
shrinkage=0.0161


Tree=38
num_leaves=31
num_cat=0
split_feature=178 503 179 476 214 299 277 545 35 77 118 299 168 202 32 177 237 221 107 477 164 315 599 308 263 509 179 359 197 284
split_gain=80816.6 30890 29274.9 13675.1 10159.6 9788.98 8409.42 8017.71 7526.93 11876.4 7508.54 7485.01 6259.16 6465.84 6182.21 5165.16 4777.06 4662.85 4633.1 4427.56 4062.62 5414.39 5044.14 8998.03 4059.45 4006.86 3727.23 3655.53 3586.69 3527.54
threshold=8.0000000000000018 80.500000000000014 8.0000000000000018 29.500000000000004 13.500000000000002 20.000000000000004 3.5000000000000004 203.05000305175784 20.000000000000004 29.500000000000004 43.500000000000007 3.5000000000000004 4.5000000000000009 35.500000000000007 10.500000000000002 6.5000000000000009 8.0000000000000018 8.0000000000000018 13.500000000000002 10.500000000000002 8.0000000000000018 4.5000000000000009 172.25000000000003 16.500000000000004 13.500000000000002 190.50000000000003 13.500000000000002 8.0000000000000018 10.500000000000002 10.500000000000002
decision_type=2 2 2 2 2 2 2 10 2 2 2 2 2 2 2 2 2 2 2 2 2 2 8 2 2 2 2 2 2 2
left_child=1 11 7 8 -5 -6 -3 16 14 10 27 -1 25 20 -4 -13 17 -2 19 -16 -14 -22 -23 28 -21 -8 -17 -10 -24 -29
right_child=2 6 3 4 5 -7 12 -9 9 -11 -12 15 13 -15 18 26 -18 -19 -20 24 21 22 23 -25 -26 -27 -28 29 -30 -31
leaf_value=-0.069636506586325919 -0.048024454477294164 -0.042366634149797015 0.01033109200560803 0.069341861464620486 0.083110235700641133 0.23067614931268965 -0.035736157909682278 0.078546158921007428 -0.021866289541481541 0.20872943055725413 0.15947876839836739 -0.047790885845559579 -0.00086907142472167245 0.097539138102478218 0.027832895672934361 -0.026558149691378253 0.0111479800379662 0.0080215595816695781 0.021522119372358536 0.07116582289550788 -0.022761432323319487 0.016706445868313411 0.089009425199294584 0.17655869546027469 0.15099902280596478 0.031334219552389249 0.027540338120267582 0.024697704432758611 -0.0043260767870168179 0.10359623148765043
leaf_weight=2477 1001 877 1607 777 213 259 928 315 191 163 163 3298 1637 279 389 1474 1891 624 749 581 320 555 215 188 232 307 425 340 211 260
leaf_count=2477 1001 877 1607 777 213 259 928 315 191 163 163 3298 1637 279 389 1474 1891 624 749 581 320 555 215 188 232 307 425 340 211 260
internal_value=0.000277639 -0.0257048 0.0354143 0.0578433 0.105183 0.164134 0.00334852 0.000725498 0.0451907 0.0816659 0.0599312 -0.0465949 0.0119942 0.0232589 0.0337331 -0.0356083 -0.0062398 -0.0264883 0.0529968 0.07259 0.0166217 0.0358668 0.0519357 0.0837415 0.0939762 -0.0190445 -0.0144384 0.0393878 0.0427246 0.0589263
internal_weight=22946 13191 9755 5924 1249 472 5517 3831 4675 1117 954 7674 4640 3405 3558 5197 3516 1625 1951 1202 3126 1489 1169 614 813 1235 1899 791 426 600
internal_count=22946 13191 9755 5924 1249 472 5517 3831 4675 1117 954 7674 4640 3405 3558 5197 3516 1625 1951 1202 3126 1489 1169 614 813 1235 1899 791 426 600
is_linear=0
shrinkage=0.0161


Tree=39
num_leaves=31
num_cat=0
split_feature=179 358 502 476 213 119 374 357 81 401 259 550 397 338 135 330 298 237 573 81 395 69 176 114 479 118 197 412 237 435
split_gain=81038.3 30750.1 24781 15151.1 8711.58 8854.31 8240.52 7705.58 7510.73 7227.09 7164.72 7038.1 7017.44 6961.44 7290.82 6869.14 6502.98 5407.84 5344.71 5306.17 5088.15 5725.49 4696.52 4574.74 3772.33 3696.68 3509.1 3483.17 3454.94 3439.42
threshold=8.0000000000000018 13.500000000000002 55.500000000000007 16.500000000000004 13.500000000000002 20.000000000000004 20.000000000000004 35.500000000000007 13.500000000000002 20.000000000000004 8.0000000000000018 147.15000152587893 24.500000000000004 16.500000000000004 13.500000000000002 8.0000000000000018 5.5000000000000009 10.500000000000002 271.25000000000006 10.500000000000002 6.5000000000000009 13.500000000000002 29.500000000000004 5.5000000000000009 8.0000000000000018 8.0000000000000018 16.500000000000004 35.500000000000007 5.5000000000000009 6.5000000000000009
decision_type=2 2 2 2 2 2 2 2 2 2 2 8 2 2 2 2 2 2 8 2 2 2 2 2 2 2 2 2 2 2
left_child=2 11 16 8 15 -6 17 -7 13 24 -11 25 22 28 -15 -5 -1 27 -19 -14 -17 -22 -13 -10 -8 -2 -25 -4 -3 -20
right_child=1 3 6 4 5 7 9 -9 23 10 -12 12 19 14 -16 20 -18 18 29 -21 21 -23 -24 26 -26 -27 -28 -29 -30 -31
leaf_value=-0.062105960616492283 -0.028455383437098403 -0.030410071584206479 -0.027753023944792704 0.01247245357431976 0.068884111453390059 0.12960136748966453 -0.017856669835276642 0.25658582244146172 0.13321528469731517 0.16759291108616395 0.025768269648044718 0.0066976639587972148 0.15607687491092317 0.027873608664631951 0.15964240432574789 0.047973658633214789 -0.029090877413156954 -0.0031662106598988101 0.12355796231956605 0.031909731717824005 0.18940507068638124 0.064734590891077318 0.087040422212916024 0.033905011885055208 0.048298337535469187 0.009095699712824588 0.11115690857582604 0.032291202344073948 0.022763264945787832 0.017795199323302716
leaf_weight=3825 1398 488 3564 358 291 314 573 206 272 173 199 1655 178 301 171 287 2602 1219 160 180 229 165 213 535 366 1321 214 269 902 160
leaf_count=3825 1398 488 3564 358 291 314 573 206 272 173 199 1655 178 301 171 287 2602 1219 160 180 229 165 213 535 366 1321 214 269 902 160
internal_value=-8.40615e-05 0.0352516 -0.0261712 0.0645862 0.100555 0.140128 -0.00446022 0.179952 0.0414973 0.0317241 0.0917876 0.00716989 0.0284008 0.0222367 0.0756617 0.0696431 -0.0487433 -0.0132951 0.0121877 0.0937122 0.099663 0.137255 0.0158714 0.0765998 0.00790392 -0.0102029 0.0560084 -0.023533 0.00407828 0.0707501
internal_weight=22788 9678 13110 4733 1850 811 6683 520 2883 1311 372 4945 2226 1862 472 1039 6427 5372 1539 358 681 394 1868 1021 939 2719 749 3833 1390 320
internal_count=22788 9678 13110 4733 1850 811 6683 520 2883 1311 372 4945 2226 1862 472 1039 6427 5372 1539 358 681 394 1868 1021 939 2719 749 3833 1390 320
is_linear=0
shrinkage=0.0161


Tree=40
num_leaves=31
num_cat=0
split_feature=238 359 492 177 35 479 237 504 594 254 152 99 271 476 418 81 503 378 402 35 357 493 398 418 539 71 284 398 152 578
split_gain=68420.9 26820.4 22103.3 13508.3 10178.7 9450.82 8386.23 8301.83 8727.69 10445 7133.74 7096.79 6330.72 6099.68 5279.3 6700.96 4956.65 5543.53 4777.91 4716.37 4990.11 5521.45 4370.33 4242.94 4086.7 3713.12 4191.91 3646.91 3522.29 3370.56
threshold=8.0000000000000018 10.500000000000002 79.500000000000014 10.500000000000002 10.500000000000002 24.500000000000004 20.000000000000004 242.50000000000003 209.25000000000003 10.500000000000002 6.5000000000000009 13.500000000000002 5.5000000000000009 16.500000000000004 24.500000000000004 10.500000000000002 215.50000000000003 8.0000000000000018 24.500000000000004 3.5000000000000004 10.500000000000002 105.50000000000001 16.500000000000004 10.500000000000002 10.500000000000002 8.0000000000000018 10.500000000000002 3.5000000000000004 8.0000000000000018 178.05000305175784
decision_type=2 2 2 2 2 2 2 2 10 2 2 2 2 2 2 2 2 2 2 2 2 2 2 2 2 2 2 2 2 10
left_child=2 13 10 14 12 22 -7 19 9 -9 24 -8 -5 16 -3 -16 28 -18 -15 -4 27 -22 -6 -12 -1 -14 -27 -21 -2 -23
right_child=1 3 7 4 5 6 11 8 -10 -11 23 -13 25 18 15 -17 17 -19 -20 20 21 29 -24 -25 -26 26 -28 -29 -30 -31
leaf_value=-0.076271346815524124 -0.030796664136556066 0.0085794614807811493 -0.041270318285479238 -0.02613379935753575 0.051651516611797586 0.090319469794353957 0.28104942128865201 0.030084598824758647 -0.022464278514913758 0.1969397141885611 -0.033076680857942374 0.13577085328261407 0.032207916975833431 0.018538907925564816 0.023051939705594209 0.12192449130699831 -0.019155784889189412 0.10898291516783652 0.096580855911157532 -0.050964787110989965 0.099545582446346675 -0.011632855126844928 0.13241070653306344 0.012124251666712898 -0.044220901475386057 0.054054745777506796 0.1408369328087713 -0.0024842131791917412 0.0053229078857037525 0.058149163052379223
leaf_weight=1475 1607 1335 858 235 575 260 182 230 237 169 2198 169 465 1181 451 294 164 187 246 482 233 559 250 712 3455 321 264 2437 1238 264
leaf_count=1475 1607 1335 858 235 575 260 182 230 237 169 2198 169 465 1181 451 294 164 187 246 482 233 559 250 712 3455 321 264 2437 1238 264
internal_value=-0.00117846 0.0320135 -0.0246832 0.0586663 0.0822825 0.111752 0.159781 0.00015449 0.05484 0.100817 -0.0420124 0.211168 0.0493318 0.00432937 0.027761 0.0621017 -0.00802212 0.0490448 0.032009 -0.00703699 0.000346316 0.0303435 0.0761525 -0.0220091 -0.0538148 0.0662441 0.0932582 -0.0104976 -0.015071 0.0107231
internal_weight=22733 9424 13309 4801 2721 1436 611 5469 636 399 7840 351 1285 4623 2080 745 3196 351 1427 4833 3975 1056 825 2910 4930 1050 585 2919 2845 823
internal_count=22733 9424 13309 4801 2721 1436 611 5469 636 399 7840 351 1285 4623 2080 745 3196 351 1427 4833 3975 1056 825 2910 4930 1050 585 2919 2845 823
is_linear=0
shrinkage=0.0161


Tree=41
num_leaves=31
num_cat=0
split_feature=179 416 298 91 543 494 273 178 557 419 460 89 418 213 15 175 351 486 112 578 245 330 119 391 270 482 39 419 155 52
split_gain=81274.9 28234.7 23533.8 13195.2 12279.7 11673.2 10517.7 9653.7 9357.19 9343.01 7933.73 7750.56 6546.29 8869.01 6349.38 5094.44 6205.98 4939.06 4826.51 4664.55 5510.67 4476.52 4474.62 3902.56 3890.31 3802.34 3770.94 3406.32 3404.34 3483
threshold=10.500000000000002 13.500000000000002 5.5000000000000009 10.500000000000002 235.84999847412112 97.500000000000014 6.5000000000000009 8.0000000000000018 221.94999694824222 10.500000000000002 13.500000000000002 13.500000000000002 29.500000000000004 16.500000000000004 13.500000000000002 10.500000000000002 35.500000000000007 174.50000000000003 6.5000000000000009 108.14999771118165 13.500000000000002 24.500000000000004 24.500000000000004 16.500000000000004 16.500000000000004 23.500000000000004 29.500000000000004 10.500000000000002 3.5000000000000004 13.500000000000002
decision_type=2 2 2 2 10 2 2 2 10 2 2 2 2 2 2 2 2 2 2 8 2 2 2 2 2 2 2 2 2 2
left_child=2 6 5 10 9 25 24 17 12 15 -3 -12 26 -14 19 -4 -17 -8 -16 20 -9 23 -20 -11 -2 -1 -5 -26 -7 -30
right_child=1 3 4 8 -6 28 7 14 -10 21 11 -13 13 -15 18 16 -18 -19 22 -21 -22 -23 -24 -25 27 -27 -28 -29 29 -31
leaf_value=-0.070790757140946334 -0.02643629019734757 0.0055554089814058103 -0.029514488627599682 0.061620897592781998 0.10327016022213202 -0.053095095544723567 -0.015017166850923701 0.024226166423024355 0.2179863257941472 -0.002494945190161428 0.032607372888365717 0.16633001053802546 0.077671733301584708 0.20906601697040766 0.1576571878780246 -0.0054357264152191951 0.099466813346323957 0.06751142272136533 0.018726166146416524 0.010174622544843625 0.14823077138113766 0.075967997819807953 0.11847239856135683 0.053528308393833754 -0.01959390248831621 -0.042883988901577387 0.14554364727619051 0.080933933906745761 -0.019387811087779715 0.027509093709290115
leaf_weight=2533 1419 761 3450 1032 273 434 1009 206 174 1258 261 198 278 257 228 1586 161 231 241 710 170 339 227 433 165 2543 161 185 1164 634
leaf_count=2533 1419 761 3450 1032 273 434 1009 206 174 1258 261 198 278 257 228 1586 161 231 241 710 170 339 227 433 165 2543 161 185 1164 634
internal_value=-0.000498076 0.0411559 -0.0227585 0.0788321 -0.00271997 -0.0433202 0.0165998 0.0348532 0.105348 -0.00672701 0.0374743 0.0903429 0.0939923 0.140834 0.0588572 -0.0181705 0.00421841 0.00033813 0.0968379 0.0344944 0.0803547 0.0225578 0.0671576 0.0118365 -0.0145694 -0.0568145 0.0729663 0.033475 -0.0126209 -0.00283821
internal_weight=22721 7913 14808 3122 7500 7308 4791 3022 1902 7227 1220 459 1728 535 1782 5197 1747 1240 696 1086 376 2030 468 1691 1769 5076 1193 350 2232 1798
internal_count=22721 7913 14808 3122 7500 7308 4791 3022 1902 7227 1220 459 1728 535 1782 5197 1747 1240 696 1086 376 2030 468 1691 1769 5076 1193 350 2232 1798
is_linear=0
shrinkage=0.0161


Tree=42
num_leaves=31
num_cat=0
split_feature=298 297 512 479 153 475 36 515 520 370 515 118 239 135 119 590 212 297 374 585 537 359 246 483 154 299 451 167 296 175
split_gain=71226.9 29314 19029.9 17150.2 11193.3 11012.3 8928.5 8594.16 7971.81 7448.98 8651.56 7352.44 7184.36 7149.36 5990.73 6812.27 5926.09 5677.31 4882.42 4669.34 4579.86 4673.47 4454.1 4436.1 4407.04 4125.57 4158.68 3688.17 3617.01 3523.53
threshold=8.0000000000000018 16.500000000000004 43.500000000000007 29.500000000000004 6.5000000000000009 20.000000000000004 6.5000000000000009 205.50000000000003 150.50000000000003 13.500000000000002 238.50000000000003 29.500000000000004 5.5000000000000009 16.500000000000004 20.000000000000004 91.049999237060561 6.5000000000000009 4.5000000000000009 10.500000000000002 187.55000305175784 129.50000000000003 6.5000000000000009 16.500000000000004 25.500000000000004 6.5000000000000009 6.5000000000000009 13.500000000000002 24.500000000000004 6.5000000000000009 24.500000000000004
decision_type=2 2 2 2 2 2 2 2 2 2 2 2 2 2 2 10 2 2 2 10 2 2 2 2 2 2 2 2 2 2
left_child=2 4 17 5 19 16 -5 14 11 22 -11 -8 18 -7 24 -16 -3 -1 -6 28 21 -18 -9 -14 -4 -19 -27 -26 -2 -25
right_child=1 3 7 6 12 13 8 9 -10 10 -12 -13 23 -15 15 -17 20 25 -20 -21 -22 -23 -24 29 27 26 -28 -29 -30 -31
leaf_value=-0.064746955648750618 -0.039324560820252576 -0.0093361640828147994 -0.034856155623513733 0.038635964815543607 -0.049651580691323423 0.069246483439464476 0.14619506192676957 -0.020807808914491823 0.084662747405918837 0.17426700347599303 0.026257814098822215 0.29791426331606691 0.0026552096128165813 0.16682007250469538 0.11286029081118455 -0.0034815609775334148 0.0061224052074402109 -0.045916233155380376 0.035631760342440387 0.046170752996118981 0.012897710503743083 0.094527527907872611 0.071862188747593939 0.043410245777440508 -0.013564337407630545 -0.026765485153957325 0.043429791256444188 0.04068203830813915 -0.00061061588381757144 0.099405330057275643
leaf_weight=2566 1239 639 2778 160 430 666 166 559 163 172 254 167 603 276 189 420 205 2020 292 313 533 643 177 1967 2307 773 305 378 1266 343
leaf_count=2566 1239 639 2778 160 430 666 166 559 163 172 254 167 603 276 189 420 205 2020 292 313 533 643 177 1967 2307 773 305 378 1266 343
internal_value=0.000126667 0.0322127 -0.0249249 0.0688978 0.0116408 0.052389 0.143403 -0.00761662 0.177152 0.0324914 0.0860726 0.222353 0.0303126 0.0978599 -0.015296 0.0325859 0.0311725 -0.0470266 -0.0151277 -0.012436 0.0499333 0.0731838 0.00144634 0.0415833 -0.020638 -0.0323416 -0.00688321 -0.00591865 -0.0197683 0.0517349
internal_weight=22969 10071 12898 3618 6453 2962 656 7234 496 1162 426 333 3635 942 6072 609 2020 5664 722 2818 1381 848 736 2913 5463 3098 1078 2685 2505 2310
internal_count=22969 10071 12898 3618 6453 2962 656 7234 496 1162 426 333 3635 942 6072 609 2020 5664 722 2818 1381 848 736 2913 5463 3098 1078 2685 2505 2310
is_linear=0
shrinkage=0.0161


Tree=43
num_leaves=31
num_cat=0
split_feature=418 502 359 117 479 478 237 481 540 476 415 254 237 398 132 397 153 523 531 245 317 445 481 581 93 401 397 152 34 539
split_gain=70871.9 28468.1 23696.7 16120.5 12344.7 9660.71 8539.65 8231.08 7794.03 7725.35 7318.1 8209.33 7019.6 6578.79 6448.96 5759.65 5507.85 6514.11 7328.42 5084.87 4951.36 4714.82 4562.05 4079.44 3947.33 3558.95 3403.66 3497.65 3347.27 3336.37
threshold=10.500000000000002 56.500000000000007 10.500000000000002 16.500000000000004 29.500000000000004 29.500000000000004 13.500000000000002 241.50000000000003 228.75000000000003 16.500000000000004 29.500000000000004 10.500000000000002 8.0000000000000018 35.500000000000007 61.500000000000007 4.5000000000000009 6.5000000000000009 103.50000000000001 92.500000000000014 10.500000000000002 20.000000000000004 6.5000000000000009 68.500000000000014 240.75000000000003 24.500000000000004 13.500000000000002 8.0000000000000018 13.500000000000002 13.500000000000002 7.5000000000000009
decision_type=2 2 2 2 2 2 2 2 10 2 2 2 2 2 2 2 2 2 2 2 2 2 2 8 2 2 2 2 2 2
left_child=1 12 9 8 10 -6 14 21 16 13 26 -12 29 -2 15 24 -4 18 22 -17 -21 -8 -18 28 -3 -11 27 -5 -23 -1
right_child=2 6 3 4 5 -7 7 -9 -10 25 11 -13 -14 -15 -16 19 17 -19 -20 20 -22 23 -24 -25 -26 -27 -28 -29 -30 -31
leaf_value=-0.074010425003616376 -0.014245818727758451 -0.047711145561250244 -0.004062922969616775 -0.022436501210169189 0.087817787136651948 0.22001802349539407 -0.017719407945052928 0.13060336759276811 0.1443901313680398 0.022863181241913642 0.05575995698705527 0.21470067831154685 -0.016935258676676317 0.078779872477139287 0.090534439619573678 -0.014974193985134172 0.032339434475830077 0.0094963327538382693 0.16097295752396665 0.0068201212074400939 0.077975058127520341 -0.005422162480116224 0.12710008897653921 0.10479830418791398 0.036182303811167847 0.082558571935963207 0.077028165094488815 0.06370333131586875 0.06702921663333157 -0.045648841131172846
leaf_weight=1573 2483 1323 837 254 265 314 540 198 164 783 167 171 1731 214 166 2670 659 734 196 1196 322 413 165 209 163 388 564 235 275 3429
leaf_count=1573 2483 1323 837 254 265 314 540 198 164 783 167 171 1731 214 166 2670 659 734 196 1196 322 413 165 209 163 388 564 235 275 3429
internal_value=0.0011864 -0.0208871 0.0376863 0.0618773 0.0970521 0.159553 0.000738851 0.0332645 0.0367166 0.00812944 0.0710195 0.13624 -0.0448998 -0.00685574 -0.0083632 -0.0112607 0.0298922 0.0461088 0.0724323 -0.00159245 0.0219291 0.0198361 0.0513431 0.042471 -0.038493 0.0426628 0.050062 0.0189118 0.0235031 -0.0545725
internal_weight=22801 14208 8593 4725 1970 579 7475 1635 2755 3868 1391 338 6733 2697 5840 5674 2591 1754 1020 4188 1518 1437 824 897 1486 1171 1053 489 688 5002
internal_count=22801 14208 8593 4725 1970 579 7475 1635 2755 3868 1391 338 6733 2697 5840 5674 2591 1754 1020 4188 1518 1437 824 897 1486 1171 1053 489 688 5002
is_linear=0
shrinkage=0.0161


Tree=44
num_leaves=31
num_cat=0
split_feature=178 299 504 416 178 450 15 38 277 371 500 176 32 386 459 480 34 69 168 319 477 83 234 32 418 348 238 55 419 376
split_gain=64105 23880.5 23648.3 17283 8999.3 8223.96 7285.57 8088.25 6640.04 6511.65 5702.97 5565.8 5422.97 5231.88 6962.52 5204.84 5091.3 6521.67 5089.91 4500.54 4464.42 4111.3 4039.51 3673.69 3602.45 4365.85 3378.98 4675.26 3349.08 3265.41
threshold=10.500000000000002 8.0000000000000018 72.500000000000014 24.500000000000004 5.5000000000000009 13.500000000000002 24.500000000000004 16.500000000000004 3.5000000000000004 61.500000000000007 255.50000000000003 10.500000000000002 16.500000000000004 20.000000000000004 8.0000000000000018 41.500000000000007 16.500000000000004 13.500000000000002 6.5000000000000009 29.500000000000004 35.500000000000007 13.500000000000002 10.500000000000002 8.0000000000000018 20.000000000000004 8.0000000000000018 10.500000000000002 5.5000000000000009 6.5000000000000009 20.000000000000004
decision_type=2 2 2 2 2 2 2 2 2 2 2 2 2 2 2 2 2 2 2 2 2 2 2 2 2 2 2 2 2 2
left_child=2 10 4 6 28 22 20 -8 -4 11 23 24 -6 19 -15 -14 18 -18 -7 -13 29 -22 -5 -2 -10 -26 -25 -28 -1 -3
right_child=1 3 8 5 12 16 7 -9 9 -11 -12 13 15 14 -16 -17 17 -19 -20 -21 21 -23 -24 26 25 -27 27 -29 -30 -31
leaf_value=-0.062314295280773868 -0.024903506538687819 0.0084797542057359308 -0.03529928483060147 0.016202657692442706 -0.029114477108201024 0.16702949527466315 0.043916181571775827 0.16250166666166865 -0.012855508404935163 0.098135523504308292 0.091944089638291079 0.0018197264813541118 -0.01046748717401 0.0022070557087958053 0.13441925419324097 0.085565939411823264 0.25329400692063297 0.11207500210734962 0.05620326422319892 0.092326460339454408 0.03469239913100193 0.12790237600892679 0.10412224750502681 -0.02091228569170658 -0.014298941352689415 0.097287189340678107 0.080326045189694897 0.0050308399073574284 -0.035614368844594332 0.056122374099494741
leaf_weight=3396 1358 1876 1118 282 2168 189 407 236 3191 199 164 1239 401 183 238 230 181 161 251 161 325 198 262 536 184 179 316 663 1907 466
leaf_count=3396 1358 1876 1118 282 2168 189 407 236 3191 199 164 1239 401 183 238 230 181 161 251 161 325 198 262 536 184 179 316 663 1907 466
internal_value=-0.00213694 0.0349831 -0.0218879 0.0572112 -0.0403876 0.106737 0.0384842 0.0874772 0.000506245 0.00769213 -0.000389716 0.00433924 -0.0170195 0.0272298 0.0770053 0.0244995 0.1402 0.186883 0.103862 0.0122448 0.0274804 0.0700253 0.0585895 -0.00566862 -0.00738282 0.0406608 0.0115574 0.0293585 -0.0527172 0.0179695
internal_weight=22665 7871 14794 4834 8102 1326 3508 643 6692 5574 3037 5375 2799 1821 421 631 782 342 440 1400 2865 523 544 2873 3554 363 1515 979 5303 2342
internal_count=22665 7871 14794 4834 8102 1326 3508 643 6692 5574 3037 5375 2799 1821 421 631 782 342 440 1400 2865 523 544 2873 3554 363 1515 979 5303 2342
is_linear=0
shrinkage=0.0161


Tree=45
num_leaves=31
num_cat=0
split_feature=179 118 271 503 540 513 299 599 192 546 243 223 236 480 449 375 329 212 94 423 274 170 140 480 384 476 220 108 223 192
split_gain=60489.9 25816.1 18070.3 16714.9 15270.6 10747.3 10412.6 8895.27 7027.34 8028.31 10028.7 6200.49 6093.32 5799.04 5017.36 5184.06 4816.2 4882.36 4591.15 4497.58 4480 5122.73 4303.32 3950.29 3880.7 3917.96 3880.62 3291.29 3260.85 4499.67
threshold=6.5000000000000009 16.500000000000004 16.500000000000004 75.500000000000014 213.05000305175784 234.50000000000003 24.500000000000004 95.850002288818374 13.500000000000002 215.15000152587893 6.5000000000000009 10.500000000000002 5.5000000000000009 17.500000000000004 10.500000000000002 13.500000000000002 5.5000000000000009 16.500000000000004 5.5000000000000009 20.000000000000004 16.500000000000004 20.000000000000004 8.0000000000000018 255.50000000000003 6.5000000000000009 24.500000000000004 8.0000000000000018 4.5000000000000009 10.500000000000002 8.0000000000000018
decision_type=2 2 2 2 10 2 2 8 2 8 2 2 2 2 2 2 2 2 2 2 2 2 2 2 2 2 2 2 2 2
left_child=3 4 16 12 13 23 28 -8 19 -10 -11 -9 -1 -2 20 -16 17 -3 -17 -5 -15 26 -21 -6 -18 27 -22 -26 -4 -30
right_child=1 2 6 8 5 -7 7 11 9 10 -12 -13 -14 14 15 18 24 -19 -20 22 21 -23 -24 -25 25 -27 -28 -29 29 -31
leaf_value=-0.060272588847717717 -0.03126924145608409 -0.023492418978965091 0.04092276581448677 -0.025977466833475845 0.08238952313907412 0.17380046550306305 0.23840385521527635 0.039716486045357602 -0.0027038529240913868 -0.010433228871124176 0.14566150575817238 0.16713932682803653 -0.029006990490884805 -0.017375881912967513 0.0056277196000693603 0.12060649229678763 0.015514863800218682 0.072229978528828814 0.033987208063441618 -0.020621507511107105 -0.035092655567719025 0.10811409002399397 0.06804313009628854 -0.028169294411393892 0.10494022604181061 0.1114446840815221 0.045658800254115783 0.025740817053523081 0.15201341298367074 0.050597155319507772
leaf_weight=3451 1356 655 588 2895 173 220 199 190 852 180 261 208 3046 2478 1391 215 765 175 610 284 304 160 283 162 176 309 313 605 215 242
leaf_count=3451 1356 655 588 2895 173 220 199 190 852 180 261 208 3046 2478 1391 215 765 175 610 284 304 160 283 162 176 309 313 605 215 242
internal_value=-0.00217177 0.023444 0.0546697 -0.02883 0.00513772 0.0863533 0.0967486 0.15042 -0.00588699 0.0261322 0.081896 0.106368 -0.0456179 -0.00146124 0.00592244 0.0246109 0.0289278 -0.00328163 0.0565892 -0.0178524 -0.00679343 0.0269257 0.0235911 0.028855 0.0433523 0.062868 0.00583387 0.0436187 0.0660642 0.0983609
internal_weight=22961 11709 4327 11252 7382 555 1642 597 4755 1293 441 398 6497 6827 5471 2216 2685 830 825 3462 3255 777 567 335 1855 1090 617 781 1045 457
internal_count=22961 11709 4327 11252 7382 555 1642 597 4755 1293 441 398 6497 6827 5471 2216 2685 830 825 3462 3255 777 567 335 1855 1090 617 781 1045 457
is_linear=0
shrinkage=0.0161


Tree=46
num_leaves=31
num_cat=0
split_feature=179 357 511 479 418 212 275 497 502 315 439 51 241 184 434 211 40 334 267 553 151 349 256 407 473 463 117 277 179 559
split_gain=59307.7 27195.4 18148.7 13780.9 11596.3 10095.2 7184.07 7121.79 6565.09 6022.96 5902.69 7411.17 5767.15 5707.76 5570.2 5464.44 5424.01 5329.37 5033.58 4882.27 4316.77 4557.06 4135.33 4025.21 4614.75 3881.37 3520.81 3373.98 4122.82 5320.65
threshold=6.5000000000000009 20.000000000000004 43.500000000000007 29.500000000000004 13.500000000000002 24.500000000000004 29.500000000000004 81.500000000000014 265.50000000000006 5.5000000000000009 8.0000000000000018 35.500000000000007 35.500000000000007 5.5000000000000009 29.500000000000004 8.0000000000000018 20.000000000000004 13.500000000000002 10.500000000000002 207.44999694824222 13.500000000000002 16.500000000000004 6.5000000000000009 8.0000000000000018 5.5000000000000009 8.0000000000000018 10.500000000000002 4.5000000000000009 13.500000000000002 88.049999237060561
decision_type=2 2 2 2 2 2 2 2 2 2 2 2 2 2 2 2 2 2 2 10 2 2 2 2 2 2 2 2 2 10
left_child=2 4 26 6 7 17 22 -2 9 -4 16 19 20 -11 23 -16 -6 -5 -10 27 -9 -22 -3 -15 -25 -24 -1 -12 -29 -30
right_child=1 3 8 5 10 -7 -8 12 18 13 11 -13 -14 14 15 -17 -18 -19 -20 -21 21 -23 25 24 -26 -27 -28 28 29 -31
leaf_value=-0.058342888406185033 -0.023758512119628851 0.01204935485942259 -0.033129158411245349 0.039576684245989438 -0.0019066513333361758 0.23380823067484185 0.13220500221244297 -0.007144435090490041 0.10990010096878289 -0.025009708929753474 -0.010823083464758758 0.1481783535631731 0.095069850809456624 -0.019178275130092865 0.13696057233398926 0.013194877690746691 0.070440667915918159 0.15274781538261092 -0.0097975226331793088 0.11726128048424159 0.015288016688250267 0.11015263759395179 0.021177622484741348 0.0879343348652879 0.0062079794659039254 0.079909909017912423 -0.026963556557448101 0.0034547723057431943 0.11813437229971167 0.031065851870973615
leaf_weight=3580 2562 836 2281 233 1441 187 244 1604 207 1387 362 189 211 888 181 190 330 202 162 197 467 183 463 250 634 794 1255 396 315 433
leaf_count=3580 2562 836 2281 233 1441 187 244 1604 207 1387 362 189 211 888 181 190 330 202 162 197 467 183 463 250 634 794 1255 396 315 433
internal_value=-5.30558e-05 0.0252716 -0.0268375 0.0674298 0.0109137 0.1348 0.0494889 -0.00495817 -0.00855354 -0.0127384 0.0327023 0.0524793 0.0145724 0.000430905 0.0169077 0.07364 0.0115609 0.0921838 0.0572861 0.0418447 0.00702651 0.0420323 0.0398347 0.00501644 0.0293473 0.0582953 -0.0502028 0.0319638 0.0455236 0.0677639
internal_weight=22664 11649 11015 2959 8690 622 2337 5027 6180 5811 3663 1892 2465 3530 2143 371 1771 435 369 1703 2254 650 2093 1772 884 1257 4835 1506 1144 748
internal_count=22664 11649 11015 2959 8690 622 2337 5027 6180 5811 3663 1892 2465 3530 2143 371 1771 435 369 1703 2254 650 2093 1772 884 1257 4835 1506 1144 748
is_linear=0
shrinkage=0.0161


Tree=47
num_leaves=31
num_cat=0
split_feature=238 489 271 478 595 118 209 223 561 354 501 567 246 298 90 564 451 69 363 313 511 454 542 194 550 529 224 529 111 355
split_gain=61303.2 21246.7 19830.9 11510 10499.6 8837.62 7989 7616.98 7480.85 6608.57 10722.9 7164.08 6419.68 6192.77 5712.48 5607.76 5590.08 4676.64 4301.8 4554.92 5301.92 8188.22 4738.88 4184.13 4917.99 4137.43 4524.26 3856.21 5996.61 4438.74
threshold=8.0000000000000018 75.500000000000014 16.500000000000004 16.500000000000004 147.15000152587893 43.500000000000007 13.500000000000002 4.5000000000000009 247.34999847412112 24.500000000000004 144.50000000000003 235.84999847412112 8.0000000000000018 5.5000000000000009 29.500000000000004 174.34999847412112 10.500000000000002 10.500000000000002 5.5000000000000009 3.5000000000000004 95.500000000000014 10.500000000000002 205.94999694824222 16.500000000000004 121.64999771118165 143.50000000000003 10.500000000000002 109.50000000000001 13.500000000000002 16.500000000000004
decision_type=2 2 2 2 8 2 2 2 10 2 2 10 2 2 2 8 2 2 2 2 2 2 10 2 10 2 2 2 2 2
left_child=1 13 4 23 15 14 -7 -6 12 11 -11 27 -3 -1 25 16 -2 -16 -14 -20 21 -21 -22 -4 -25 26 -5 28 -9 -29
right_child=2 8 3 5 7 6 -8 9 -10 10 -12 -13 18 -15 17 -17 -18 -19 19 20 22 -23 -24 24 -26 -27 -28 29 -30 -31
leaf_value=-0.04965005692362439 -0.025347991290775231 -0.017931692283815335 0.015198579037741427 0.042375208357959493 -0.0086463214833639428 0.083643130302762311 0.23676091268196672 0.026256008973290095 0.094212294468951213 0.2061590695940568 0.041551974827490117 0.13955726843938995 -0.013363803388685208 -0.01910307565987206 0.19062556378899681 0.082266833103154607 0.018637960903797067 0.071241299300516606 -0.036204461249110198 0.021288509107602677 0.0085843109252612682 0.18103449229693541 0.088185910304987986 0.020981385628867009 0.14441123855909468 0.0061164115325692625 0.13241784218902203 -0.0070994219126040894 0.13561513825053736 0.064746097878742484
leaf_weight=5030 1951 2999 998 358 696 164 193 388 218 175 249 168 831 2619 173 187 1215 169 226 174 933 160 245 173 163 306 244 834 196 304
leaf_count=5030 1951 2999 998 358 696 164 193 388 218 175 249 168 831 2619 173 187 1215 169 226 174 933 160 245 173 163 306 244 834 196 304
internal_value=0.000413078 -0.0215846 0.0321803 0.0667566 0.0161954 0.0957831 0.166487 0.0380241 0.00169056 0.0520717 0.109547 0.0391653 -0.00192765 -0.0391939 0.0755712 -0.00339333 -0.00846029 0.1317 0.016746 0.0311561 0.0412401 0.097884 0.0251598 0.0317722 0.0809296 0.0544042 0.07891 0.0293573 0.062999 0.0120724
internal_weight=22739 13435 9304 2941 6363 1607 357 3010 5786 2314 424 1890 5568 7649 1250 3353 3166 342 2569 1738 1512 334 1178 1334 336 908 602 1722 584 1138
internal_count=22739 13435 9304 2941 6363 1607 357 3010 5786 2314 424 1890 5568 7649 1250 3353 3166 342 2569 1738 1512 334 1178 1334 336 908 602 1722 584 1138
is_linear=0
shrinkage=0.0161


Tree=48
num_leaves=31
num_cat=0
split_feature=299 297 510 416 480 95 273 391 281 152 504 238 239 304 113 37 478 174 169 571 561 548 214 150 374 177 416 152 434 31
split_gain=57826.6 28075.4 18265.1 15736.4 11251.9 9365.16 8808.47 8531.67 7933.5 7403.99 7218.04 7925.43 7200.85 5590.1 5802.65 5259.58 5396.3 5103.12 5059.63 4560.28 6486.83 5796.03 4364.27 4363.11 4260.48 3895.9 3836.06 3488.87 3622.28 5547.73
threshold=6.5000000000000009 16.500000000000004 38.500000000000007 35.500000000000007 21.500000000000004 16.500000000000004 4.5000000000000009 16.500000000000004 10.500000000000002 6.5000000000000009 288.50000000000006 6.5000000000000009 10.500000000000002 5.5000000000000009 20.000000000000004 5.5000000000000009 29.500000000000004 10.500000000000002 29.500000000000004 231.15000152587893 106.25000000000001 93.149997711181655 13.500000000000002 4.5000000000000009 29.500000000000004 4.5000000000000009 20.000000000000004 5.5000000000000009 8.0000000000000018 20.000000000000004
decision_type=2 2 2 2 2 2 2 2 2 2 2 2 2 2 2 2 2 2 2 10 10 10 2 2 2 2 2 2 2 2
left_child=2 4 25 9 26 7 -6 -5 23 17 11 18 13 -10 -15 -11 -17 -3 -8 20 21 -13 -18 -4 -22 -1 -2 -25 -29 -30
right_child=1 3 8 5 6 -7 10 -9 12 15 -12 19 -14 14 -16 16 22 -19 -20 -21 24 -23 -24 27 -26 -27 -28 28 29 -31
leaf_value=-0.066699442982643256 -0.034883436872019384 -0.031902915388426843 -0.045803994713200569 0.027372981545544656 -0.015705035426449448 0.2028088045877724 -0.0083598614020699707 0.15761537823783467 -0.024936612699307019 0.020546697947367475 0.11912876975589626 0.044066477703924717 0.11785194578358084 0.0095951897470745329 0.090214090363369512 0.0602321717928661 0.078112351009841222 0.051184531223311271 0.071622594957246613 0.12319367165399869 0.0046972872152815483 0.12510389019570514 0.19266367022796019 -0.0310552604010647 0.083701690580083921 -0.036943069978931778 0.037065326984696036 -0.017008735654430965 0.0065528557527232871 0.1119637064014091
leaf_weight=2105 1599 453 1328 288 1477 273 1822 239 826 563 220 880 166 973 304 1005 178 332 231 169 1340 310 169 1134 204 2502 218 779 499 175
leaf_count=2105 1599 453 1328 288 1477 273 1822 239 826 563 220 880 166 973 304 1005 178 332 231 169 1340 310 169 1134 204 2502 218 779 499 175
internal_value=0.000751344 0.025118 -0.0262754 0.0634766 0.00926456 0.126209 0.0189643 0.0864839 -0.00819156 0.0448804 0.0288619 0.0248501 0.0157561 0.00768595 0.0288056 0.0619509 0.079175 0.00320727 0.000628161 0.0419718 0.0369425 0.0651968 0.13397 -0.0220768 0.0151509 -0.0505443 -0.0262382 -0.00988767 0.00661646 0.0339571
internal_weight=22761 11970 10791 3500 8470 800 6653 527 6184 2700 5176 4956 2269 2103 1277 1915 1352 785 2053 2903 2734 1190 347 3915 1544 4607 1817 2587 1453 674
internal_count=22761 11970 10791 3500 8470 800 6653 527 6184 2700 5176 4956 2269 2103 1277 1915 1352 785 2053 2903 2734 1190 347 3915 1544 4607 1817 2587 1453 674
is_linear=0
shrinkage=0.0161


Tree=49
num_leaves=31
num_cat=0
split_feature=179 178 511 416 479 563 540 47 134 148 314 113 206 27 153 418 252 117 152 338 174 289 212 542 446 479 450 516 76 110
split_gain=63512.7 25858.9 19952 10310.6 11047.4 9888.79 9764.84 7218.55 6871.82 6293 6280.69 6401.98 5694.39 6267.89 5266.15 5825.51 4794.41 4532.44 4493.77 4395.73 4369.81 9824.94 4244.3 4215.48 4174.91 3970.95 3839.99 3750.34 3630.33 3523.69
threshold=8.0000000000000018 13.500000000000002 38.500000000000007 24.500000000000004 43.500000000000007 216.75000000000003 205.94999694824222 13.500000000000002 13.500000000000002 6.5000000000000009 13.500000000000002 20.000000000000004 20.000000000000004 10.500000000000002 5.5000000000000009 13.500000000000002 8.0000000000000018 10.500000000000002 6.5000000000000009 8.0000000000000018 4.5000000000000009 8.0000000000000018 4.5000000000000009 89.549999237060561 35.500000000000007 8.0000000000000018 35.500000000000007 72.500000000000014 29.500000000000004 35.500000000000007
decision_type=2 2 2 2 2 10 10 2 2 2 2 2 2 2 2 2 2 2 2 2 2 2 2 10 2 2 2 2 2 2
left_child=2 6 17 14 9 10 12 -8 -7 -5 18 25 22 -14 -3 -16 -13 -1 -4 -11 21 -17 -2 -21 26 -12 -20 -27 -22 -24
right_child=1 3 5 4 -6 8 7 -9 -10 19 11 16 13 -15 15 20 -18 -19 24 23 28 -23 29 -25 -26 27 -28 -29 -30 -31
leaf_value=-0.055870169124152651 -0.033223693962455378 0.0068992256395654858 -0.034664163585240583 0.020291907579808231 0.22487330679702522 0.018271281244081873 0.022757517223065783 0.15150789979748008 0.13423341868235805 0.064702828834791087 -0.023403523394469408 -0.00054443828809684484 0.12554707055289496 0.016735257304467784 0.017531251614011392 0.046407937176549216 0.10239514024162265 -0.021809485154515099 -0.017238191704098904 0.076379447074990364 0.046841749964018027 0.20155460218965601 -0.0011049490192262305 0.18173273156089373 0.07242874402711201 0.088415705710186129 0.05973097735797591 0.0034464195633258816 0.12602452598267933 0.062160496151630024
leaf_weight=3824 1071 709 2845 309 161 402 257 202 198 358 1025 191 179 591 690 231 302 1381 1923 160 1076 196 2851 260 170 186 184 490 175 248
leaf_count=3824 1071 709 2845 309 161 402 257 202 198 358 1025 191 179 591 690 231 302 1381 1923 160 1076 196 2851 260 170 186 184 490 175 248
internal_value=0.00075572 0.03194 -0.0223532 0.0612749 0.100324 -0.00625101 0.00843616 0.0794702 0.056578 0.0818543 -0.011407 0.0113787 0.00183127 0.042061 0.0454296 0.0569559 0.0624661 -0.0468376 -0.0211717 0.106275 0.0731535 0.117678 -0.0055916 0.141654 -0.00430329 -0.00341415 -0.0105055 0.0268604 0.0579373 0.00395032
internal_weight=22845 9724 13121 4325 1248 7916 5399 459 600 1087 7316 2194 4940 770 3077 2368 493 5205 5122 778 1678 427 4170 420 2277 1701 2107 676 1251 3099
internal_count=22845 9724 13121 4325 1248 7916 5399 459 600 1087 7316 2194 4940 770 3077 2368 493 5205 5122 778 1678 427 4170 420 2277 1701 2107 676 1251 3099
is_linear=0
shrinkage=0.0161


Tree=50
num_leaves=31
num_cat=0
split_feature=359 477 503 32 154 357 297 170 244 316 106 447 560 426 275 542 329 418 539 178 236 233 324 389 279 20 508 462 212 519
split_gain=61312.3 24948.1 23859.6 11402.1 9849.09 8067.59 7204.04 6753.45 6153.93 6013.06 5921 5840.98 6803.91 5837.99 5692.32 5419.22 5730.28 5163.75 5216.92 4914.47 4904.12 5277.93 4234.6 5635.58 4202.45 6780.18 4049.44 5151.95 3858.39 4871.63
threshold=10.500000000000002 16.500000000000004 63.500000000000007 10.500000000000002 5.5000000000000009 10.500000000000002 8.0000000000000018 6.5000000000000009 4.5000000000000009 24.500000000000004 43.500000000000007 8.0000000000000018 216.75000000000003 13.500000000000002 29.500000000000004 177.15000152587893 20.000000000000004 35.500000000000007 102.50000000000001 3.5000000000000004 13.500000000000002 6.5000000000000009 13.500000000000002 6.5000000000000009 10.500000000000002 13.500000000000002 140.50000000000003 10.500000000000002 6.5000000000000009 108.50000000000001
decision_type=2 2 2 2 2 2 2 2 2 2 2 2 10 2 2 8 2 2 2 2 2 2 2 2 2 2 2 2 2 2
left_child=2 4 6 20 -2 8 -1 -6 -4 17 14 28 26 -11 19 -10 24 -5 -19 -9 -3 -22 -21 -24 -17 -26 27 -13 -7 -30
right_child=1 3 5 9 7 11 -8 10 15 13 -12 12 -14 -15 -16 16 -18 18 -20 22 21 -23 23 -25 25 -27 -28 -29 29 -31
leaf_value=-0.049677463814555234 -0.017039795559476132 0.00051984256474129308 -0.039961239916005101 0.065786366003549132 0.0048825761422058786 -0.032442823832889808 -0.015545182405205152 -0.037190564983759979 -0.01742286755152667 0.095454735230692686 0.14064013758220317 0.021532258943790319 0.14349408600574845 0.22848441641335471 0.11408401149347278 -0.016357830549936784 0.091759282895409494 0.18082669815184341 0.062740674483082487 0.019551825006986486 -0.0039569082129464412 0.10913505420589772 0.14559079298035862 0.03699087206928451 -0.002391213726893807 0.11893419471423337 0.0028597364546251529 0.11510264014262411 0.092374122758903512 -0.004257244924635778
leaf_weight=5197 1702 596 1328 1130 1573 547 2321 239 1825 183 169 349 169 162 241 699 266 240 164 852 163 309 198 333 307 195 562 272 197 430
leaf_count=5197 1702 596 1328 1130 1573 547 2321 239 1825 183 169 349 169 162 241 699 266 240 164 852 163 309 198 333 307 195 562 272 197 430
internal_value=0.000635059 0.0357359 -0.0191207 0.0732998 0.0148721 0.00194065 -0.0391431 0.0299449 -0.010705 0.0971811 0.0493344 0.0250785 0.0478927 0.157989 0.0410391 0.00108995 0.0241366 0.0834899 0.132949 0.0301714 0.0312618 0.0700301 0.0418295 0.0775301 0.00913977 0.0446903 0.0342155 0.0625543 -0.00117473 0.0260663
internal_weight=22918 8254 14664 2947 5307 7146 7518 3605 4620 1879 2032 2526 1352 345 1863 3292 1467 1534 404 1622 1068 472 1383 531 1201 502 1183 621 1174 627
internal_count=22918 8254 14664 2947 5307 7146 7518 3605 4620 1879 2032 2526 1352 345 1863 3292 1467 1534 404 1622 1068 472 1383 531 1201 502 1183 621 1174 627
is_linear=0
shrinkage=0.0161


Tree=51
num_leaves=31
num_cat=0
split_feature=178 489 177 479 478 303 44 91 479 313 333 335 72 547 316 55 284 207 559 308 414 476 365 483 468 386 239 355 451 550
split_gain=53312 19891.9 18940.9 12787.7 9932.96 7454.2 6704.01 7354.21 6554.52 6273.61 5387.28 5153.06 6265.53 5345.6 4934.97 5676.69 4881.87 4869.14 5018.37 4851.24 4765.55 4679.54 4658.33 4553.18 4548.08 5713.29 4469.66 4202.67 4182.06 3809.21
threshold=10.500000000000002 56.500000000000007 13.500000000000002 20.000000000000004 43.500000000000007 4.5000000000000009 10.500000000000002 10.500000000000002 10.500000000000002 61.500000000000007 5.5000000000000009 16.500000000000004 29.500000000000004 146.25000000000003 20.000000000000004 13.500000000000002 13.500000000000002 5.5000000000000009 205.94999694824222 10.500000000000002 4.5000000000000009 43.500000000000007 20.000000000000004 169.50000000000003 6.5000000000000009 24.500000000000004 10.500000000000002 4.5000000000000009 13.500000000000002 79.350002288818374
decision_type=2 2 2 2 2 2 2 2 2 2 2 2 2 8 2 2 2 2 8 2 2 2 2 2 2 2 2 2 2 10
left_child=1 8 6 10 16 -3 26 23 -1 11 -4 13 20 -7 21 -16 -5 -9 -19 -18 -13 -12 -22 -8 -15 27 -2 -26 -10 -30
right_child=2 5 3 4 -6 9 7 17 28 -11 14 12 -14 24 15 -17 19 18 -20 -21 22 -23 -24 -25 25 -27 -28 -29 29 -31
leaf_value=-0.047479663868839582 -0.029444931808721934 -0.026238518064012714 0.0050975411618750391 0.047980546663487167 0.1918428560511222 -0.026670700527990965 -0.018511616072597561 0.012036368631116335 -0.028750367544773215 0.10321003912279748 0.028534695837857196 0.080639414027868436 0.11822656284648857 -0.016389933361773117 0.047312148981835334 0.17275560076527174 0.063925683304883782 0.062358649415207919 0.16550645251231116 0.18714674874764736 -0.016084227972816962 0.10775678938013436 0.066532373011489024 0.063674354853531914 0.069227589991198921 0.10215813262106835 0.015800962490570194 -0.0012535107913814452 -0.006607847407212466 0.078597985004396465
leaf_weight=5182 1242 2135 793 525 263 1559 727 299 1318 178 1169 258 190 913 196 180 163 434 171 170 766 232 230 230 287 235 1039 927 399 206
leaf_count=5182 1242 2135 793 525 263 1559 727 299 1318 178 1169 258 190 913 196 180 163 434 171 170 766 232 230 230 287 235 1039 927 399 206
internal_value=-0.000649019 -0.0186434 0.0333083 0.0598309 0.105218 -0.000674784 0.00966802 0.0323473 -0.0380579 0.00916737 0.0400242 0.00604283 0.0320453 -0.0035272 0.0555973 0.107427 0.0786383 0.0652779 0.0915517 0.126902 0.0189688 0.0416704 0.00297027 0.0012159 0.0117383 0.0294779 -0.00882502 0.0153894 -0.0126564 0.0223655
internal_weight=22616 14783 7833 3691 1121 7678 4142 1861 7105 5543 2570 5365 1444 3921 1777 376 858 904 605 333 1254 1401 996 957 2362 1449 2281 1214 1923 605
internal_count=22616 14783 7833 3691 1121 7678 4142 1861 7105 5543 2570 5365 1444 3921 1777 376 858 904 605 333 1254 1401 996 957 2362 1449 2281 1214 1923 605
is_linear=0
shrinkage=0.0161


Tree=52
num_leaves=31
num_cat=0
split_feature=178 511 359 235 505 210 234 483 531 338 154 233 282 57 167 501 529 246 272 450 32 355 63 297 299 196 448 374 123 200
split_gain=52224 22844.2 20906.2 12995.3 12569.1 9793.43 8470.68 8466.47 10093.7 11437.8 7127.48 8348.05 6660.72 6590.1 7357.66 6253.31 6802.42 6128.68 5853.64 5559.51 5319.01 5546.1 5171.64 4822.93 4796.92 4371.46 4323.17 4140.51 4065.86 3937.51
threshold=10.500000000000002 44.500000000000007 10.500000000000002 61.500000000000007 219.50000000000003 13.500000000000002 29.500000000000004 176.50000000000003 251.50000000000003 5.5000000000000009 5.5000000000000009 43.500000000000007 10.500000000000002 24.500000000000004 16.500000000000004 85.500000000000014 141.50000000000003 8.0000000000000018 10.500000000000002 10.500000000000002 16.500000000000004 4.5000000000000009 10.500000000000002 5.5000000000000009 20.000000000000004 10.500000000000002 8.0000000000000018 16.500000000000004 10.500000000000002 13.500000000000002
decision_type=2 2 2 2 2 2 2 2 2 2 2 2 2 2 2 2 2 2 2 2 2 2 2 2 2 2 2 2 2 2
left_child=1 23 12 5 10 18 13 -6 9 -9 26 19 -2 -7 24 -14 22 -11 27 -12 21 -21 -17 -1 -15 -20 -3 -4 -22 -27
right_child=2 4 3 -5 7 6 -8 8 -10 17 11 -13 15 14 -16 16 -18 -19 25 20 28 -23 -24 -25 -26 29 -28 -29 -30 -31
leaf_value=-0.052788223078710526 -0.010011908658483419 -0.044924951912468078 -0.012059898510282354 0.19920408744679582 -0.017409650537150274 0.040414590795585979 0.16282650579959512 0.23102570876113671 0.00032472383754868201 0.0035142000254037415 -0.014156338621340341 0.10584421753139708 -0.0038511374122378707 0.016249824824277587 0.1978613222700128 0.17733659575601637 0.023363176066011473 0.13314329136388581 0.030294853972116918 0.071323027206945167 0.02315033990076798 -0.019661385457238081 0.051438849998755962 -0.024239760603109724 0.12834703938998288 0.1361576563094288 -0.0056972197791073011 0.05783736832499739 0.10778782400504225 0.035412355734413918
leaf_weight=3580 2373 1624 877 164 354 973 276 162 293 187 2639 203 633 202 171 181 460 192 611 225 321 761 160 2691 195 263 1323 293 273 164
leaf_count=3580 2373 1624 877 164 354 973 276 162 293 187 2639 203 633 202 171 181 460 192 611 225 321 761 160 2691 195 263 1323 293 273 164
internal_value=0.000684888 -0.0171979 0.0338501 0.0586686 -8.78739e-05 0.0529366 0.0806286 0.0485068 0.0765139 0.117734 -0.0079253 0.00499639 0.00653511 0.0658913 0.109492 0.0339337 0.0638231 0.0692459 0.0301377 0.000138451 0.0240293 0.00107691 0.118333 -0.0405413 0.0713695 0.0579714 -0.0273224 0.00542417 0.062089 0.097519
internal_weight=22824 14828 7996 4189 8557 4025 1817 1188 834 541 7369 4422 3807 1541 568 1434 801 379 2208 4219 1580 986 341 6271 397 1038 2947 1170 594 427
internal_count=22824 14828 7996 4189 8557 4025 1817 1188 834 541 7369 4422 3807 1541 568 1434 801 379 2208 4219 1580 986 341 6271 397 1038 2947 1170 594 427
is_linear=0
shrinkage=0.0161


Tree=53
num_leaves=31
num_cat=0
split_feature=418 501 239 210 326 416 210 35 590 491 185 210 400 171 297 572 58 332 169 312 299 375 592 388 414 333 297 442 574 550
split_gain=52451.5 22231.9 18537.5 12682.1 9294.5 9240.71 8961 8634.76 8035.14 6643.12 6568.25 6196.75 5975.58 5580.95 5614.67 5360.37 5221.53 5196.32 4475.71 4405.87 4009.33 4552.88 5665.39 3971.79 3848.28 3745.01 3510.49 3475.53 4299.27 3346.47
threshold=10.500000000000002 61.500000000000007 16.500000000000004 24.500000000000004 16.500000000000004 35.500000000000007 10.500000000000002 24.500000000000004 210.94999694824222 16.500000000000004 13.500000000000002 10.500000000000002 24.500000000000004 10.500000000000002 6.5000000000000009 136.55000305175784 6.5000000000000009 10.500000000000002 24.500000000000004 16.500000000000004 6.5000000000000009 13.500000000000002 160.44999694824222 4.5000000000000009 10.500000000000002 10.500000000000002 10.500000000000002 6.5000000000000009 144.84999847412112 156.05000305175784
decision_type=2 2 2 2 2 2 2 2 8 2 2 2 2 2 2 10 2 2 2 2 2 2 8 2 2 2 2 2 10 8
left_child=1 16 9 5 10 17 19 24 15 -2 23 -7 25 14 -11 -8 -1 -4 -19 -6 -15 -22 -23 -3 -5 -12 -25 -27 -29 -16
right_child=2 4 3 7 6 11 8 -9 -10 13 12 -13 -14 20 29 -17 -18 18 -20 -21 21 22 -24 26 -26 27 -28 28 -30 -31
leaf_value=-0.050846673396569675 -0.026865554572576184 -0.045437830882285125 0.0051883796887151204 0.049195620378952136 -0.015859947495065793 0.050276408806794758 0.10944957568154196 0.21537535240099281 0.1544938530939983 -0.025396743849606229 -0.018367435911616402 0.18654010038914723 0.10277499042296903 0.011939309139988141 0.0031762183732058006 -0.0071080145517380426 -0.022965619810758071 0.041721686475974511 0.12885715061725361 0.059490674148570184 0.03679224031775815 0.16025605397303663 0.038690110886207892 -0.021698505547128231 0.13623032799299328 -0.019915218520862459 0.017261839816491285 0.1308142976534242 0.012975219162758553 0.047534621709002779
leaf_weight=4157 909 1120 999 296 756 166 167 187 240 932 638 182 200 637 970 263 3003 995 181 274 652 222 181 1920 239 161 871 160 162 810
leaf_count=4157 909 1120 999 296 756 166 167 187 240 932 638 182 200 637 970 263 3003 995 181 274 652 222 181 1920 239 161 871 160 162 810
internal_value=-0.000164705 -0.0192586 0.0312734 0.0615952 0.00129019 0.044554 0.0339985 0.121112 0.0798316 0.0127494 -0.00933303 0.121608 0.0216976 0.0209314 0.00660553 0.038105 -0.0391563 0.0322145 0.0551529 0.00416193 0.0438796 0.0631425 0.105715 -0.0198201 0.0881205 0.00721138 -0.00953154 0.0410475 0.0716019 0.023375
internal_weight=22650 14092 8558 3245 6932 2523 1700 722 670 5313 5232 348 1321 4404 2712 430 7160 2175 1176 1030 1692 1055 403 3911 535 1121 2791 483 322 1780
internal_count=22650 14092 8558 3245 6932 2523 1700 722 670 5313 5232 348 1321 4404 2712 430 7160 2175 1176 1030 1692 1055 403 3911 535 1121 2791 483 322 1780
is_linear=0
shrinkage=0.0161


Tree=54
num_leaves=31
num_cat=0
split_feature=298 179 497 416 479 418 126 508 273 533 43 372 532 511 19 536 36 268 357 194 115 493 35 60 423 554 510 418 134 478
split_gain=55209.3 20429.7 17900.8 13250.6 8527.82 9236.18 8076.71 7754.27 6558.86 6233.16 5994.02 10067.6 5160.37 5730.45 4962.07 5265.9 4923.02 4760.83 4607.91 4518.02 4079 4007.49 4187.27 5049.73 4170.38 3987.52 5472.42 3976.56 3520.28 3672.32
threshold=8.0000000000000018 10.500000000000002 40.500000000000007 20.000000000000004 24.500000000000004 29.500000000000004 10.500000000000002 212.50000000000003 5.5000000000000009 283.50000000000006 10.500000000000002 13.500000000000002 90.500000000000014 104.50000000000001 4.5000000000000009 235.50000000000003 5.5000000000000009 6.5000000000000009 8.0000000000000018 16.500000000000004 16.500000000000004 12.500000000000002 8.0000000000000018 29.500000000000004 10.500000000000002 154.15000152587893 54.500000000000007 4.5000000000000009 3.5000000000000004 8.0000000000000018
decision_type=2 2 2 2 2 2 2 2 2 2 2 2 2 2 2 2 2 2 2 2 2 2 2 2 2 8 2 2 2 2
left_child=2 6 27 8 17 -6 18 16 -3 10 -9 -12 -8 -14 -10 21 -4 -5 -2 -19 -18 -16 24 25 -23 26 -24 -1 -22 -30
right_child=1 3 7 4 5 -7 12 9 14 -11 11 -13 13 -15 15 -17 20 19 -20 -21 28 22 23 -25 -26 -27 -28 -29 29 -31
leaf_value=-0.058150068651824004 -0.032927581931753248 -0.0033212061370222162 -0.032365612020037723 0.010863189421411998 0.078688998994906389 0.21159701462852762 0.0020688790290655811 0.010701647689282487 0.0046843284537634805 -0.053301006694004997 0.02815664766344253 0.18533614748688954 0.14523949187058474 0.03971087785669164 -0.0046451605167166475 -0.016731409284589958 -0.011668607582772763 0.056691569787374517 0.0067546192592956508 0.13969980299025869 0.088121896506781497 0.081443406041570979 0.049627839814724191 0.17462356228048323 -0.0028170726060759207 0.041842020491128534 0.1539860467669788 -0.030540894673141 -0.012995117607779756 0.054411295714763892
leaf_weight=2671 1402 952 2113 330 295 252 724 443 600 173 249 184 167 669 189 224 3094 519 1651 254 187 303 236 163 305 442 293 2750 579 328
leaf_count=2671 1402 952 2113 330 295 252 724 443 600 173 249 184 167 669 189 224 3094 519 1651 254 187 303 236 163 305 442 293 2750 579 328
internal_value=0.000210548 0.0286033 -0.0219531 0.0499902 0.0879523 0.139962 0.00376196 -0.00557959 0.0330868 0.0349439 0.0523981 0.0950032 0.0335683 0.0608195 0.0456762 0.0570783 -0.0123297 0.0621384 -0.0114605 0.0839977 -0.00221528 0.0656526 0.0732931 0.091586 0.0391359 0.0776224 0.107474 -0.0441486 0.0244987 0.0113552
internal_weight=22741 9970 12771 5357 1650 547 4613 7350 3707 1049 876 433 1560 836 2755 2155 6301 1103 3053 773 4188 1931 1742 1134 608 971 529 5421 1094 907
internal_count=22741 9970 12771 5357 1650 547 4613 7350 3707 1049 876 433 1560 836 2755 2155 6301 1103 3053 773 4188 1931 1742 1134 608 971 529 5421 1094 907
is_linear=0
shrinkage=0.0161


Tree=55
num_leaves=31
num_cat=0
split_feature=178 480 416 558 119 179 299 507 479 453 14 372 113 546 209 453 306 100 116 283 418 115 397 455 481 480 449 139 119 198
split_gain=56397.3 19673.1 16822.9 11376 10659.9 9017.46 8082.65 10687.9 7646.51 6561.6 6504.9 5777.25 6882.02 6748.62 5259.4 6723.83 4773.85 4550.18 5195.31 6225.11 4180.88 4115.99 4824.12 4093.2 4091.88 4055.83 3558 4854.44 3338.83 3292.84
threshold=10.500000000000002 35.500000000000007 24.500000000000004 218.75000000000003 8.0000000000000018 10.500000000000002 8.0000000000000018 119.50000000000001 29.500000000000004 8.0000000000000018 43.500000000000007 16.500000000000004 16.500000000000004 205.94999694824222 24.500000000000004 20.000000000000004 8.0000000000000018 8.0000000000000018 5.5000000000000009 8.0000000000000018 4.5000000000000009 16.500000000000004 8.0000000000000018 8.0000000000000018 232.50000000000003 275.50000000000006 10.500000000000002 10.500000000000002 20.000000000000004 10.500000000000002
decision_type=2 2 2 10 2 2 2 2 2 2 2 2 2 8 2 2 2 2 2 2 2 2 2 2 2 2 2 2 2 2
left_child=1 20 4 6 -2 11 -4 8 23 21 16 24 -13 -14 17 -16 -7 -11 19 -19 -1 -6 -23 -8 -3 -26 29 -28 -20 -18
right_child=2 5 3 -5 9 10 7 -9 -10 14 -12 12 13 -15 15 -17 26 18 28 -21 -22 22 -24 -25 25 -27 27 -29 -30 -31
leaf_value=-0.057553019381330658 -0.0087235865574886353 -0.026396761085149736 0.010560081570007061 0.20626089585293034 -0.0025154369413333635 -0.0084287214483826731 0.048635365688326701 0.022667346722681274 0.21066133234036322 0.015701016122930476 0.12047732048169743 -0.0080808064211329092 0.020828556506769128 0.14942487301039456 0.042794647065496176 0.17991281493435149 -0.013783399767435421 0.046246619302088759 0.004425367010260973 0.18498166812667388 -0.029564752096117381 0.0025838545980552572 0.10456207597824188 0.13285752980848764 0.061430287163614615 -0.032827414446446247 0.11371680821895185 0.012345217096914631 0.073928667216248065 0.059443850884584426
leaf_weight=2522 1990 4704 507 161 1228 1112 280 434 192 828 164 1165 310 161 189 183 420 162 335 175 3077 244 238 324 287 201 288 214 387 256
leaf_count=2522 1990 4704 507 161 1228 1112 280 434 192 828 164 1165 310 161 189 183 420 162 335 175 3077 244 238 324 287 201 288 214 387 256
internal_value=8.26079e-05 -0.0183407 0.0349789 0.0767271 0.0216778 -0.00396046 0.0647072 0.0870073 0.122058 0.0369265 0.0225061 -0.0134761 0.0128974 0.0648361 0.0549405 0.110311 0.0154796 0.0440123 0.0661258 0.11836 -0.0421759 0.0131154 0.0529871 0.0938531 -0.0217909 0.0225587 0.0380683 0.0705495 0.0417125 0.0139128
internal_weight=22738 14881 7857 1898 5959 9282 1737 1230 796 3969 2454 6828 1636 471 2259 372 2290 1887 1059 337 5599 1710 482 604 5192 488 1178 502 722 676
internal_count=22738 14881 7857 1898 5959 9282 1737 1230 796 3969 2454 6828 1636 471 2259 372 2290 1887 1059 337 5599 1710 482 604 5192 488 1178 502 722 676
is_linear=0
shrinkage=0.0161


Tree=56
num_leaves=31
num_cat=0
split_feature=417 481 418 239 212 178 177 374 578 555 197 302 321 524 239 153 313 442 232 118 353 93 108 151 274 355 482 494 512 67
split_gain=43370.6 18115.6 17526.7 11741.4 10296.3 10614 9510.88 6538.23 6183.39 6107.01 5434.82 4962.78 4941.14 10305.3 4537.83 4302.47 4464.31 4712.79 4288.99 4211.66 4186.54 4085.12 3972.02 3950.45 3947.31 3854.63 3837.01 3665.51 3332.41 4202.19
threshold=10.500000000000002 136.50000000000003 20.000000000000004 8.0000000000000018 16.500000000000004 35.500000000000007 10.500000000000002 10.500000000000002 135.84999847412112 207.44999694824222 29.500000000000004 10.500000000000002 10.500000000000002 122.50000000000001 10.500000000000002 5.5000000000000009 13.500000000000002 8.0000000000000018 16.500000000000004 20.000000000000004 13.500000000000002 10.500000000000002 24.500000000000004 6.5000000000000009 16.500000000000004 13.500000000000002 25.500000000000004 30.500000000000004 182.50000000000003 8.0000000000000018
decision_type=2 2 2 2 2 2 2 2 8 10 2 2 2 2 2 2 2 2 2 2 2 2 2 2 2 2 2 2 2 2
left_child=1 3 6 24 15 -6 18 10 -7 19 -3 -11 14 -14 -9 25 -17 -18 28 -8 -15 -5 -21 -20 -1 -4 -23 -28 -2 -30
right_child=2 7 4 21 5 8 9 12 -10 11 -12 -13 13 20 -16 16 17 -19 23 22 -22 26 -24 -25 -26 -27 27 -29 29 -31
leaf_value=-0.044348754751525464 -0.028455522503239988 -0.013619926502111872 -0.041373483997645899 -0.019138065116869718 0.065434184887319696 0.24529980657520029 0.010546799571878146 -0.016583363841097785 0.10899499485282794 0.15992694926038759 0.079945128594014037 0.03445322172050852 0.18281364751021337 0.0029451779317430427 0.065683447380517956 0.03236796073580659 0.040844250877168309 0.15784195712784604 -0.019979503051455145 0.0355006014684403 0.095212189398282993 -0.020218258317154302 0.11719086350677957 0.067158945713282334 -0.011808566880770905 0.051302541239814183 0.091539305993500117 0.018380827170599693 -0.028897793675883628 0.084765832537396044
leaf_weight=6264 1798 1768 278 1682 649 170 2009 508 177 164 177 164 163 347 264 726 172 187 232 831 202 465 190 321 1145 200 234 741 172 165
leaf_count=6264 1798 1768 278 1682 649 170 2009 508 177 164 177 164 163 347 264 726 172 187 232 831 202 465 190 321 1145 200 234 741 172 165
internal_value=-0.000296093 -0.0178213 0.0281326 -0.0282876 0.0634533 0.103923 0.013179 0.0143152 0.17584 0.0312473 -0.00509316 0.0972618 0.0397686 0.0703659 0.0115188 0.0376497 0.0553805 0.101853 -0.00938404 0.0240934 0.0369369 -0.0020909 0.0507256 0.0305592 -0.0393231 -0.00254766 0.0178048 0.035963 -0.019741 0.0266837
internal_weight=22565 13960 8605 10531 2559 996 6046 3429 347 3358 1945 328 1484 712 772 1563 1085 359 2688 3030 549 3122 1021 553 7409 478 1440 975 2135 337
internal_count=22565 13960 8605 10531 2559 996 6046 3429 347 3358 1945 328 1484 712 772 1563 1085 359 2688 3030 549 3122 1021 553 7409 478 1440 975 2135 337
is_linear=0
shrinkage=0.0161


Tree=57
num_leaves=31
num_cat=0
split_feature=178 539 417 479 57 540 14 68 35 238 277 458 32 303 579 126 492 261 420 150 419 474 434 590 456 476 95 226 23 25
split_gain=52832.3 19174.6 16478.5 13205.5 11385.9 10142.8 8981.13 9881.17 8366.4 6951.41 5883.09 5567.95 5744.58 5514.6 5077.6 5056.16 7303.92 6404.81 5347.05 4854.74 4575.47 4536.24 4505.74 4500.17 6041.35 4101.29 4065.59 3977.7 4331.98 3897.35
threshold=10.500000000000002 74.500000000000014 10.500000000000002 24.500000000000004 29.500000000000004 226.84999847412112 43.500000000000007 13.500000000000002 16.500000000000004 4.5000000000000009 16.500000000000004 16.500000000000004 10.500000000000002 5.5000000000000009 185.15000152587893 8.0000000000000018 133.50000000000003 20.000000000000004 20.000000000000004 10.500000000000002 6.5000000000000009 8.0000000000000018 29.500000000000004 177.15000152587893 10.500000000000002 43.500000000000007 6.5000000000000009 6.5000000000000009 20.000000000000004 13.500000000000002
decision_type=2 2 2 2 2 10 2 2 2 2 2 2 2 2 8 2 2 2 2 2 2 2 2 8 2 2 2 2 2 2
left_child=1 9 13 5 10 11 14 -8 -6 -1 -5 12 -4 -2 26 18 21 -18 -16 29 -11 -17 -15 24 -21 -14 -3 -28 -29 -13
right_child=2 6 3 4 8 -7 7 -9 -10 20 -12 19 25 22 15 16 17 -19 -20 23 -22 -23 -24 -25 -26 -27 27 28 -30 -31
leaf_value=-0.04867321788277218 -0.026669398352953327 -0.033593165115811778 -0.0073930331823447021 0.035739166075943851 0.10278266286106771 0.14090797440779013 0.0075211283180455883 0.17198119330512787 0.25460763881970233 -0.035565675894901144 0.12956020392432666 -0.012405981190248314 0.029037897317012576 0.0099647832303838557 -0.02092060949663916 0.044468723633097597 -0.0086274405086509218 0.094990133602932639 0.064583295746479724 0.19308522433256134 -0.00023655918272166265 0.16595913818773964 0.087267265887658499 0.023475581583506707 0.066037973478803191 0.10890157412706464 -0.022618012349692383 0.0032734647888961362 0.076806334752985983 0.08362698769450698
leaf_weight=4260 1060 1600 1251 584 214 227 223 165 169 1995 247 292 1238 1543 1100 160 669 201 229 178 1817 160 224 166 215 193 1033 861 274 175
leaf_count=4260 1060 1600 1251 584 214 227 223 165 169 1995 247 292 1238 1543 1100 160 669 201 229 178 1817 160 224 166 215 193 1033 861 274 175
internal_value=0.000211537 -0.0178418 0.0335938 0.0507412 0.0971728 0.0364104 0.00234326 0.0775197 0.169837 -0.0345365 0.0636541 0.0300068 0.017792 0.00235372 -0.00229248 0.015399 0.0395069 0.0152847 -0.00616972 0.0619138 -0.0187321 0.105287 0.0197776 0.093938 0.123641 0.0398256 -0.0141259 0.000230158 0.0210457 0.0235303
internal_weight=22723 14747 7976 5149 1214 3935 6675 388 383 8072 831 3708 2682 2827 6287 2519 1190 870 1329 1026 3812 320 1767 559 393 1431 3768 2168 1135 467
internal_count=22723 14747 7976 5149 1214 3935 6675 388 383 8072 831 3708 2682 2827 6287 2519 1190 870 1329 1026 3812 320 1767 559 393 1431 3768 2168 1135 467
is_linear=0
shrinkage=0.0161


Tree=58
num_leaves=31
num_cat=0
split_feature=418 512 359 91 175 523 531 203 417 451 298 478 435 435 546 232 560 539 547 267 153 175 561 478 177 370 538 64 154 226
split_gain=49674.3 16777.8 15865.3 9568.15 10031.5 9847.21 8310.31 6612.52 6601.91 6274.48 6170.34 5781.9 6582.27 5121.98 5025.91 5489.99 4526.67 5691.43 4364.97 4540.26 6441.39 4358.89 4030.95 4829.66 3907.87 3818.86 9453.28 3754.53 3746.37 4160.27
threshold=13.500000000000002 43.500000000000007 10.500000000000002 13.500000000000002 52.000000000000007 98.500000000000014 96.500000000000014 8.0000000000000018 13.500000000000002 4.5000000000000009 20.000000000000004 4.5000000000000009 43.500000000000007 8.0000000000000018 92.649997711181655 13.500000000000002 216.75000000000003 87.500000000000014 247.34999847412112 8.0000000000000018 6.5000000000000009 24.500000000000004 118.54999923706056 20.000000000000004 20.000000000000004 13.500000000000002 161.50000000000003 6.5000000000000009 8.0000000000000018 13.500000000000002
decision_type=2 2 2 2 2 2 2 2 2 2 2 2 2 2 8 2 10 2 8 2 2 2 10 2 2 2 2 2 2 2
left_child=1 8 13 7 5 6 10 28 -1 -3 -5 25 18 -2 -9 -16 17 -7 21 -20 -21 -13 -15 -24 -12 -11 -27 -23 -4 -30
right_child=2 9 3 4 -6 16 -8 14 -10 11 24 12 -14 22 15 -17 -18 -19 19 20 -22 27 23 -25 -26 26 -28 -29 29 -31
leaf_value=-0.042617270550847616 -0.014276585822587893 -0.023393657328070878 -0.024522419515088774 0.036767239185880755 0.20049625661979653 0.096476709692662768 0.20444963243591321 -0.013301155057751398 0.00031000723741475447 -0.030648971823596421 0.080786341672950457 -0.0037548238270912206 0.092143220317131777 0.0054425561206538136 0.046480103277867682 0.13546706571087275 0.1076507399119406 -0.010106415506992129 0.0076162341040069267 0.15598692812136172 0.029214931764141965 0.10917618543716985 0.025083606354697394 0.12097852891255789 0.17559255064850501 -0.026534827371773522 0.10187914769357422 0.016400802828456695 0.0048400667944949868 0.10220798721542559
leaf_weight=5405 1457 2491 563 399 166 168 177 182 1120 1425 252 3013 280 795 468 293 164 571 444 176 255 169 362 219 206 449 222 344 368 165
leaf_count=5405 1457 2491 563 399 166 168 177 182 1120 1425 252 3013 280 795 468 293 164 571 444 176 255 169 362 219 206 449 222 344 368 165
internal_value=0.000335048 -0.015468 0.0361201 0.0562024 0.0803043 0.0699918 0.103925 0.0313323 -0.0352453 -0.0015415 0.0831359 0.00648715 0.0164407 0.00675042 0.0625914 0.0807728 0.0311097 0.0140917 0.011619 0.0438082 0.0810372 0.00362432 0.0290323 0.0612704 0.12348 -0.0157308 0.0159158 0.0470101 0.00441546 0.0350263
internal_weight=22768 15793 6975 4142 2103 1937 1034 2039 6525 9268 857 6777 4681 2833 943 761 903 739 4401 875 431 3526 1376 581 458 2096 671 513 1096 533
internal_count=22768 15793 6975 4142 2103 1937 1034 2039 6525 9268 857 6777 4681 2833 943 761 903 739 4401 875 431 3526 1376 581 458 2096 671 513 1096 533
is_linear=0
shrinkage=0.0161


Tree=59
num_leaves=31
num_cat=0
split_feature=178 478 511 32 545 477 207 555 597 48 201 385 164 296 153 375 210 503 362 413 417 538 481 211 372 262 31 19 92 585
split_gain=45864.8 21122.3 15617.5 11073.7 8708.14 7764.23 7047.6 6852.68 6339.99 6535.28 11656 6053.28 6031.76 5381.04 4773.92 4684.71 4664.16 4878.55 4531.39 4014.19 3879.79 3539.53 3966.42 3462.41 4873.15 3338.23 3379.35 3677.83 3334.79 3327.25
threshold=8.0000000000000018 13.500000000000002 44.500000000000007 16.500000000000004 235.84999847412112 35.500000000000007 8.0000000000000018 203.05000305175784 196.25000000000003 10.500000000000002 5.5000000000000009 16.500000000000004 8.0000000000000018 16.500000000000004 5.5000000000000009 20.000000000000004 20.000000000000004 77.500000000000014 13.500000000000002 24.500000000000004 4.5000000000000009 226.50000000000003 169.50000000000003 10.500000000000002 16.500000000000004 6.5000000000000009 8.0000000000000018 16.500000000000004 6.5000000000000009 147.15000152587893
decision_type=2 2 2 2 10 2 2 10 8 2 2 2 2 2 2 2 2 2 2 2 2 2 2 2 2 2 2 2 2 8
left_child=2 4 20 7 13 15 14 16 -8 18 -11 12 -7 28 -4 25 21 -18 -10 -15 -1 22 -3 -16 -25 -5 -27 -28 -2 -17
right_child=1 3 6 5 -6 11 8 -9 9 10 -12 -13 -14 19 23 29 17 -19 -20 -21 -22 -23 -24 24 -26 26 27 -29 -30 -31
leaf_value=-0.053901373081587788 -0.029609604268733776 0.0070545553375233761 -0.036664072767749814 0.011086149549250718 0.11398096863297495 0.10123497223935601 -0.0022752073573795669 0.10120587422132474 -0.018829390711386753 0.19968182323722361 0.034704485033207014 0.057831088227566503 0.23347523400385442 0.012665405567369217 -0.016050186882447814 0.15731148931723804 0.12139906036265907 0.017270449755889275 0.077845124861358694 0.0814669501038566 -0.026944103998168968 -0.057101930442830323 0.074540933343589091 0.0012248691246509295 0.091542082981920028 0.0022982702917294798 0.11759332940138319 0.026393021797019814 0.0025728394759092659 0.060700073471294178
leaf_weight=2569 1457 1532 1853 467 179 173 2061 311 427 164 345 192 187 1071 1561 190 222 247 178 277 3012 184 265 584 211 160 344 173 1951 182
leaf_count=2569 1457 1532 1853 467 179 173 2061 311 427 164 345 192 187 1071 1561 190 222 247 178 277 3012 184 265 584 211 160 344 173 1951 182
internal_value=0.000814878 0.0271699 -0.0190314 0.0511089 0.00374044 0.0792868 -0.00366565 0.029995 0.0144403 0.0453866 0.0879065 0.131022 0.169992 -0.000403696 -0.0173292 0.0604336 0.020946 0.0666097 0.00957479 0.0268209 -0.0393571 0.0101233 0.0170197 -0.00211229 0.0252255 0.0442602 0.0671091 0.0871212 -0.011179 0.110108
internal_weight=22729 9764 12965 4829 4935 2068 7384 2761 3175 1114 509 552 360 4756 4209 1516 2450 469 605 1348 5581 1981 1797 2356 795 1144 677 517 3408 372
internal_count=22729 9764 12965 4829 4935 2068 7384 2761 3175 1114 509 552 360 4756 4209 1516 2450 469 605 1348 5581 1981 1797 2356 795 1144 677 517 3408 372
is_linear=0
shrinkage=0.0161


Tree=60
num_leaves=31
num_cat=0
split_feature=237 489 238 212 35 299 239 319 33 418 509 15 570 128 270 452 197 475 189 299 184 107 8 445 518 37 511 482 459 240
split_gain=42740.9 21229.9 15263.9 11712.9 8792.16 10734.2 8751.54 7657.2 6500.08 7296.53 8651.24 5668.06 5632.52 5095.33 4926.09 4806.87 4387.22 4255.19 4400.88 4215.22 4122.75 4006.58 5253.67 4640.22 3812.53 3773.22 3424.96 3362.74 3298.99 5486.87
threshold=13.500000000000002 73.500000000000014 16.500000000000004 6.5000000000000009 16.500000000000004 29.500000000000004 6.5000000000000009 6.5000000000000009 5.5000000000000009 29.500000000000004 147.50000000000003 10.500000000000002 228.75000000000003 16.500000000000004 6.5000000000000009 16.500000000000004 6.5000000000000009 10.500000000000002 10.500000000000002 6.5000000000000009 6.5000000000000009 24.500000000000004 10.500000000000002 13.500000000000002 190.50000000000003 10.500000000000002 93.500000000000014 201.50000000000003 13.500000000000002 13.500000000000002
decision_type=2 2 2 2 2 2 2 2 2 2 2 2 10 2 2 2 2 2 2 2 2 2 2 2 2 2 2 2 2 2
left_child=1 6 14 -4 17 13 -1 12 11 16 -11 -9 -3 -6 -2 -8 -10 -5 25 -16 -13 23 -23 26 -25 -19 -18 -28 -21 -30
right_child=2 7 3 4 5 -7 15 8 9 10 -12 20 -14 -15 19 -17 21 18 -20 28 -22 22 -24 24 -26 -27 27 -29 29 -31
leaf_value=-0.043330397074142553 -0.011604387368617582 -0.018709533623054657 0.0064237522015209783 0.024633821504918631 0.13406518162396777 0.23740566069727034 -0.022590999024301041 -0.041446073341783539 -0.002054192322948518 0.18727954257924695 0.022205020755313533 -0.016361066096607271 0.070271496034201936 0.026476132101012167 0.00013912746668359044 0.020116191284539113 0.062423663736619145 0.079219527865399472 0.03338794312270723 0.026240200692721909 0.070037835095763321 0.15367958012896635 0.026696338307690949 0.099809236944305213 0.0052848426917761733 0.18024208864585911 -0.039951463093894655 0.03653808513286879 0.1174212959403457 0.012556499211177942
leaf_weight=5718 1247 3093 629 501 303 186 2455 717 1084 162 168 288 196 184 888 946 202 238 245 941 284 166 173 316 171 162 429 228 329 214
leaf_count=5718 1247 3093 629 501 303 186 2455 717 1084 162 168 288 196 184 888 946 202 238 245 941 284 166 173 316 171 162 429 228 329 214
internal_value=-0.00132547 -0.0145566 0.0353 0.0663526 0.0870627 0.133281 -0.0311651 0.00516836 0.0190914 0.031731 0.103313 -0.0112786 -0.0133998 0.0934638 0.0142887 -0.0107049 0.0231916 0.0599002 0.0872567 0.027911 0.0264951 0.0394468 0.0889464 0.0269625 0.0666673 0.120193 0.00442501 -0.0133713 0.0445133 0.0761367
internal_weight=22863 16796 6067 2448 1819 673 9119 7677 4388 3099 330 1289 3289 487 3619 3401 2769 1146 645 2372 572 1685 339 1346 487 400 859 657 1484 543
internal_count=22863 16796 6067 2448 1819 673 9119 7677 4388 3099 330 1289 3289 487 3619 3401 2769 1146 645 2372 572 1685 339 1346 487 400 859 657 1484 543
is_linear=0
shrinkage=0.0161


Tree=61
num_leaves=31
num_cat=0
split_feature=179 495 418 93 297 110 54 400 177 275 483 415 104 26 264 316 502 195 176 283 594 540 427 217 238 118 433 550 389 284
split_gain=49853.3 17984.4 16344.1 10408.2 8595.56 7509.07 7343.56 6993.48 6599.27 7002.14 7908.98 6058.21 6050.88 6095.51 5556.07 4710.19 4616.26 4798.99 4517.1 4456.65 4328.14 8337.12 4276.17 4245.13 3888.19 3793.49 3620.13 3572.98 3375.12 3284.68
threshold=10.500000000000002 85.500000000000014 13.500000000000002 6.5000000000000009 5.5000000000000009 52.000000000000007 16.500000000000004 3.5000000000000004 8.0000000000000018 20.000000000000004 185.50000000000003 16.500000000000004 20.000000000000004 16.500000000000004 10.500000000000002 43.500000000000007 242.50000000000003 20.000000000000004 20.000000000000004 5.5000000000000009 103.85000228881837 87.149997711181655 24.500000000000004 3.5000000000000004 20.000000000000004 10.500000000000002 29.500000000000004 209.25000000000003 8.0000000000000018 4.5000000000000009
decision_type=2 2 2 2 2 2 2 2 2 2 2 2 2 2 2 2 2 2 2 2 10 10 2 2 2 2 2 8 2 2
left_child=1 4 5 6 -1 16 -4 -3 23 22 -11 -8 19 14 24 25 17 18 -2 28 21 -21 26 -9 -14 -6 -10 -22 -5 -30
right_child=2 7 3 12 15 -7 11 8 9 10 -12 -13 13 -15 -16 -17 -18 -19 -20 20 27 -23 -24 -25 -26 -27 -28 -29 29 -31
leaf_value=-0.046224315067934611 -0.02134610759164067 -0.034367250174584203 -0.013039496551707313 -0.0075786739219291148 -0.030189428732622686 0.11480571121421386 0.012113575162357174 -0.047104075125948885 7.4898056644632304e-05 0.037426487627629068 0.17736309629287933 0.14040047336028816 0.042444625689642683 0.047736242013572995 0.20558159117581243 0.069573699159470592 0.06596367355930044 0.044863688324628295 0.033367209227371193 0.066935867279024827 0.028276584397278693 0.18639270562066976 0.081243785790477169 0.0056097955678419643 0.15442062706123053 0.001021012362057054 0.075907715155742364 0.11206925504067507 0.0035011520072637317 0.088289184556036626
leaf_weight=4489 2127 960 817 385 2549 163 204 475 1335 274 170 180 162 286 206 166 276 465 479 522 595 214 250 2379 161 1669 186 170 193 309
leaf_count=4489 2127 960 817 385 2549 163 204 475 1335 274 170 180 162 286 206 166 276 465 479 522 595 214 250 2379 161 1669 186 170 193 309
internal_value=0.00135984 -0.0159823 0.0340179 0.0546744 -0.030562 0.00809337 0.0142298 0.00547117 0.0130207 0.0338738 0.0910588 0.0723094 0.0698322 0.107743 0.140141 -0.0145193 0.00288941 -0.0027716 -0.0112804 0.0568837 0.0738011 0.101701 0.0195239 -0.00315529 0.0983322 -0.0178343 0.00936381 0.0469279 0.0282292 0.0557383
internal_weight=22816 14902 7914 4404 8873 3510 1201 6029 5069 2215 444 384 3203 815 529 4384 3347 3071 2606 2388 1501 736 1771 2854 323 4218 1521 765 887 502
internal_count=22816 14902 7914 4404 8873 3510 1201 6029 5069 2215 444 384 3203 815 529 4384 3347 3071 2606 2388 1501 736 1771 2854 323 4218 1521 765 887 502
is_linear=0
shrinkage=0.0161


Tree=62
num_leaves=31
num_cat=0
split_feature=419 477 212 495 545 194 119 546 457 541 243 311 547 119 85 567 58 210 118 597 428 434 66 175 118 480 487 256 248 479
split_gain=47496.3 26941.8 18357.4 11556.5 10814.5 8661.05 9736.12 7737.68 7193.93 5776.99 6168.88 8387.17 8664.47 5639.05 5859.22 8517.71 5320.24 5190.07 4657.83 5461.91 4611.17 4007.33 4556.19 3838.16 3716.06 3419.68 5630.24 3381.44 3924.7 3372.18
threshold=6.5000000000000009 16.500000000000004 8.0000000000000018 75.500000000000014 255.05000305175784 20.000000000000004 43.500000000000007 169.15000152587893 6.5000000000000009 198.94999694824222 5.5000000000000009 13.500000000000002 244.44999694824222 20.000000000000004 16.500000000000004 156.05000305175784 6.5000000000000009 10.500000000000002 16.500000000000004 156.05000305175784 3.5000000000000004 24.500000000000004 5.5000000000000009 8.0000000000000018 16.500000000000004 139.50000000000003 177.50000000000003 6.5000000000000009 10.500000000000002 29.500000000000004
decision_type=2 2 2 2 10 2 2 8 2 8 2 2 8 2 2 8 2 2 2 10 2 2 2 2 2 2 2 2 2 2
left_child=3 4 -3 16 8 6 20 -7 17 18 -11 25 -13 21 24 -16 -1 -2 -5 -20 -4 -10 -23 -24 -15 -12 -27 -19 -29 -22
right_child=1 2 5 9 -6 7 -8 -9 13 10 11 12 -14 14 15 -17 -18 27 19 -21 29 22 23 -25 -26 26 -28 28 -30 -31
leaf_value=-0.052488913813119646 -0.027471585901067016 0.014812395227736466 0.12251935757199262 -0.028225686909019498 0.13485230078341531 0.088243328777442703 0.16209618906001638 0.21720409689870082 -0.0019414156751153657 -0.023231513850975428 -0.050809397654282683 0.019235684571037474 0.17581367292761826 0.0013565688196603902 0.031510111901336589 0.18630396436997865 -0.021989297082666667 -0.016295737222651561 0.066052253148144821 -0.044625677495212374 0.030224171534434151 -0.025091196322962306 0.13163153678878167 0.029844949710027883 0.07609503066046884 0.10483719868631422 -0.0084063695968914116 0.008068667009161163 0.096309330582499658 0.089579837306605722
leaf_weight=3337 2404 1607 226 2316 165 272 255 218 2924 567 181 169 201 615 213 163 2674 454 319 181 1070 167 174 216 240 174 328 330 217 324
leaf_count=3337 2404 1607 226 2316 165 272 255 218 2924 567 181 169 201 615 213 163 2674 454 319 181 1070 167 174 216 240 174 328 330 217 324
internal_value=0.000843011 0.0223466 0.056819 -0.0243777 0.00581096 0.0853522 0.0695777 0.145666 0.00318495 -0.00466012 0.0195565 0.0426185 0.104359 0.0160718 0.045692 0.0986775 -0.038925 -0.0146416 -0.0185999 0.0259398 0.0550001 0.00559033 0.0451709 0.0753178 0.0223633 0.00913735 0.0307985 0.0161474 0.0431176 0.0440368
internal_weight=22701 12254 3972 10447 8282 2365 1875 490 8117 4436 1620 1053 370 4712 1231 376 6011 3405 2816 500 1620 3481 557 390 855 683 502 1001 547 1394
internal_count=22701 12254 3972 10447 8282 2365 1875 490 8117 4436 1620 1053 370 4712 1231 376 6011 3405 2816 500 1620 3481 557 390 855 683 502 1001 547 1394
is_linear=0
shrinkage=0.0161


Tree=63
num_leaves=31
num_cat=0
split_feature=298 177 537 152 462 479 414 238 42 504 595 152 546 156 56 177 373 285 105 93 241 392 262 286 320 526 112 228 153 577
split_gain=43624.8 21044.5 13057.5 9971.77 9398.66 7146.81 6628.97 6514.65 6286.52 7226.65 6225.93 5941.35 5101.39 5022.65 4304.68 4291.46 5219.29 3782.37 3674.75 4422.8 3450.6 3193.89 3138.95 3570.29 5102.59 5177.22 5029.77 3475.07 3102.51 2979.78
threshold=6.5000000000000009 10.500000000000002 41.500000000000007 8.0000000000000018 20.000000000000004 29.500000000000004 16.500000000000004 29.500000000000004 16.500000000000004 224.50000000000003 103.85000228881837 6.5000000000000009 238.25000000000003 3.5000000000000004 35.500000000000007 24.500000000000004 52.000000000000007 4.5000000000000009 16.500000000000004 10.500000000000002 43.500000000000007 8.0000000000000018 4.5000000000000009 20.000000000000004 5.5000000000000009 75.500000000000014 10.500000000000002 6.5000000000000009 5.5000000000000009 84.750000000000014
decision_type=2 2 2 2 2 2 2 2 2 2 10 2 10 2 2 2 2 2 2 2 2 2 2 2 2 2 2 2 2 10
left_child=2 8 28 17 7 6 -6 14 11 18 -9 -2 13 -4 -5 16 20 -3 -10 -20 -15 -17 -19 24 27 -26 -27 -24 -1 -13
right_child=1 3 12 4 5 -7 -8 10 9 -11 -12 29 -14 15 -16 21 -18 22 19 -21 -22 -23 23 -25 25 26 -28 -29 -30 -31
leaf_value=-0.053710032487250335 -0.028071048251637479 -0.016612438921801562 -0.039174556469886594 0.021981120709396052 0.047412217882631148 0.20279932002164788 0.15468923897646247 0.14457355135292044 -0.0013296605463942724 0.12124601174135295 0.038110387446641157 -0.01146200528049934 0.077295719955313369 -0.013095336577827651 0.086371014201249333 0.0033795834567392617 0.079910343185038757 -0.0071958047301483438 0.0056607569259801297 0.10129881144754167 0.056781254968917637 0.10448242968226498 -0.044195766163989125 -0.0050755251829542117 0.021973332180875504 0.17271256138804769 0.061162075064584417 0.060307941631553168 -0.027729650616588324 0.02353867249266221
leaf_weight=2739 2095 589 1178 1627 425 169 231 303 1010 192 270 1107 181 3944 323 161 175 424 260 243 192 164 169 301 224 214 207 161 2118 1463
leaf_count=2739 2095 589 1178 1627 425 169 231 303 1010 192 270 1107 181 3944 323 161 175 424 260 243 192 164 169 301 224 214 207 161 2118 1463
internal_value=0.00063005 0.0217758 -0.0227641 0.044434 0.0621429 0.109338 0.085224 0.0467013 0.00172111 0.0281802 0.0944487 -0.00794431 -0.00686329 -0.00948736 0.0326588 -0.00193881 -0.00619685 0.0185219 0.0163546 0.0519104 -0.00984586 0.0544701 0.0307087 0.0433224 0.0582878 0.0846359 0.117921 0.00671805 -0.0423856 0.00845335
internal_weight=22859 12007 10852 5637 3348 825 656 2523 6370 1705 573 4665 5995 5814 1950 4636 4311 2289 1513 503 4136 325 1700 1276 975 645 421 330 4857 2570
internal_count=22859 12007 10852 5637 3348 825 656 2523 6370 1705 573 4665 5995 5814 1950 4636 4311 2289 1513 503 4136 325 1700 1276 975 645 421 330 4857 2570
is_linear=0
shrinkage=0.0161


Tree=64
num_leaves=31
num_cat=0
split_feature=299 357 500 512 464 212 197 227 36 531 541 21 263 118 270 53 318 335 331 30 359 475 212 525 152 543 216 207 569 491
split_gain=39277.1 20387.9 9938.17 7899.97 7677.73 9143.24 5663.62 6075.66 6354.56 5656.41 9340.18 5041.45 5029.6 5840.16 4759.78 4893.19 6719.04 7213.39 4632.03 5773.77 4290.01 4067.98 5157.05 4455.03 3884.89 3850.34 3259.13 3236.78 5695.72 4481.81
threshold=5.5000000000000009 20.000000000000004 35.500000000000007 30.500000000000004 5.5000000000000009 4.5000000000000009 3.5000000000000004 43.500000000000007 10.500000000000002 252.50000000000003 191.15000152587893 3.5000000000000004 13.500000000000002 24.500000000000004 6.5000000000000009 13.500000000000002 6.5000000000000009 13.500000000000002 3.5000000000000004 10.500000000000002 10.500000000000002 29.500000000000004 16.500000000000004 83.500000000000014 35.500000000000007 238.25000000000003 6.5000000000000009 6.5000000000000009 110.95000076293947 87.500000000000014
decision_type=2 2 2 2 2 2 2 2 2 2 10 2 2 2 2 2 2 2 2 2 2 2 2 2 2 10 2 2 10 2
left_child=3 2 24 -1 -3 -6 -4 12 -9 10 11 -7 25 18 -5 -16 -17 26 -14 -20 -21 22 -13 -23 -2 27 -18 -8 29 -29
right_child=1 4 6 14 5 9 7 8 -10 -11 -12 21 13 -15 15 16 17 -19 19 20 -22 23 -24 -25 -26 -27 -28 28 -30 -31
leaf_value=-0.045805192621086968 -0.021701009719015004 0.013290470238651989 -0.014749221794470479 -0.029403504563573424 -0.012255234100929732 0.00071778145871918776 -0.010975946246613182 0.16130018885967931 0.023254285872281906 -0.0098483528484931433 0.18505746713487833 0.041673726524591719 0.097198159989797944 0.10835357214480403 -0.015174896913943289 -0.018384788809998314 0.072597061865285556 0.15194908908587812 -0.012939539440356486 0.0060473106103730665 0.08495784312787949 0.076965304694650169 0.11559004053661076 0.19725819302817957 0.053300952283916798 0.080344920996931163 -0.02719823751467897 0.017136285607587412 -0.0032038302648425623 0.09267089276570184
leaf_weight=3418 3053 911 1264 2709 311 203 1776 163 185 160 233 615 222 277 1699 403 180 179 753 317 411 161 408 160 190 184 160 449 1231 374
leaf_count=3418 3053 911 1264 2709 311 203 1776 163 185 160 233 615 222 277 1699 403 180 179 753 317 411 161 408 160 190 184 160 449 1231 374
internal_value=6.95665e-05 0.016783 0.00629566 -0.0266964 0.0527582 0.0687207 0.0163591 0.0225629 0.0879814 0.0817141 0.0899576 0.075619 0.0187609 0.0397627 -0.0144379 0.00102112 0.0308916 0.0691997 0.0285923 0.0182925 0.0506294 0.0869147 0.0711766 0.136998 -0.0172996 0.00839546 0.0255653 0.00493273 0.0186997 0.0514905
internal_weight=22759 14011 10849 8748 3162 2251 7606 6342 348 1940 1780 1547 5994 1980 5330 2621 922 519 1703 1481 728 1344 1023 321 3243 4014 340 3830 2054 823
internal_count=22759 14011 10849 8748 3162 2251 7606 6342 348 1940 1780 1547 5994 1980 5330 2621 922 519 1703 1481 728 1344 1023 321 3243 4014 340 3830 2054 823
is_linear=0
shrinkage=0.0161


Tree=65
num_leaves=31
num_cat=0
split_feature=418 299 416 495 541 357 587 549 66 280 118 495 210 439 524 500 435 447 449 92 121 237 351 444 69 153 51 176 402 154
split_gain=41631.4 17718 13784.5 13593.7 11552.5 8218.97 6789.26 7080.8 5927.67 9222.21 5889.26 5489.37 7236.9 5173.52 6160 11503.3 8157.42 4303.92 5395.99 3860.74 3687.09 3636.4 3373.63 3332.89 3316.65 3266.17 3395.74 3240.18 3001.38 2690.16
threshold=10.500000000000002 8.0000000000000018 24.500000000000004 96.500000000000014 187.55000305175784 20.000000000000004 134.44999694824222 89.549999237060561 29.500000000000004 10.500000000000002 10.500000000000002 107.50000000000001 6.5000000000000009 5.5000000000000009 87.500000000000014 59.500000000000007 8.0000000000000018 24.500000000000004 20.000000000000004 10.500000000000002 6.5000000000000009 6.5000000000000009 8.0000000000000018 10.500000000000002 16.500000000000004 8.0000000000000018 8.0000000000000018 2.5000000000000004 24.500000000000004 2.5000000000000004
decision_type=2 2 2 2 10 2 10 10 2 2 2 2 2 2 2 2 2 2 2 2 2 2 2 2 2 2 2 2 2 2
left_child=3 21 13 10 5 -4 7 -7 11 -10 27 12 -5 -3 15 25 -17 29 -19 -12 24 -2 -22 -24 -16 -15 -27 -1 -23 -13
right_child=1 2 4 8 -6 6 -8 -9 9 -11 19 17 -14 14 20 16 -18 18 -20 -21 22 28 23 -25 -26 26 -28 -29 -30 -31
leaf_value=-0.061280185465867859 -0.024651069184936595 0.0024469719565394718 0.016634731154856877 -0.0094992229832297891 0.19515716945200165 0.079571300981666107 0.016032324603387698 0.20451512210824796 -0.0064277287314954204 0.12421853753281301 -0.023315351755890536 -0.056929464202111257 0.12400779143724427 -0.0058408793066762558 -0.034178501580938249 0.050403891241648312 0.18820335148557729 0.00017136970570663426 0.10655854698391663 0.022068157200657555 0.0040805749732361653 0.0017656942089584423 0.020067624245049119 0.10006891258381553 0.051094675686535834 0.016943871262337522 0.095459866095342807 -0.032129345621892041 0.060015729352125874 -0.010843086488860721
leaf_weight=1202 1299 1252 467 228 223 260 164 216 313 253 1293 366 195 344 444 189 273 428 174 778 407 1438 240 311 161 282 291 5627 273 3221
leaf_count=1202 1299 1252 467 228 223 260 164 216 313 253 1293 366 195 344 444 189 273 428 174 778 407 1438 240 311 161 282 291 5627 273 3221
internal_value=-0.000973474 0.0270837 0.0442084 -0.0179832 0.0893802 0.0680507 0.105532 0.136318 0.00275402 0.0519291 -0.0300508 -0.0032758 0.0519909 0.0298779 0.0415434 0.0663529 0.131882 -0.00886219 0.0309602 -0.00625504 0.0196395 -0.00433598 0.039296 0.0652653 -0.0114471 0.0333127 0.0568596 -0.0372637 0.0110736 -0.0155521
internal_weight=22612 8534 5524 14078 1330 1107 640 476 5178 566 8900 4612 423 4194 2942 1379 462 4189 602 2071 1563 3010 958 551 605 917 573 6829 1711 3587
internal_count=22612 8534 5524 14078 1330 1107 640 476 5178 566 8900 4612 423 4194 2942 1379 462 4189 602 2071 1563 3010 958 551 605 917 573 6829 1711 3587
is_linear=0
shrinkage=0.0161


Tree=66
num_leaves=31
num_cat=0
split_feature=177 419 501 210 178 35 507 493 372 179 256 561 542 561 565 374 559 497 107 391 202 567 282 424 345 418 392 345 272 363
split_gain=35395.9 17520.7 15122.9 12356.8 11165.3 6799.19 6624.09 8628.17 6547.07 5682.03 5752.82 5203.42 5139.46 4969.9 4567.81 4465.32 4024.29 3908.01 4281.63 3901.87 3902.98 3616.51 3593.25 4242.72 3439.36 3365.69 3320.42 3888.21 3299.09 3235.64
threshold=8.0000000000000018 6.5000000000000009 52.500000000000007 8.0000000000000018 13.500000000000002 10.500000000000002 108.50000000000001 71.500000000000014 43.500000000000007 6.5000000000000009 6.5000000000000009 147.94999694824222 189.94999694824222 153.34999847412112 209.25000000000003 35.500000000000007 158.65000152587893 253.50000000000003 24.500000000000004 20.000000000000004 29.500000000000004 82.250000000000014 13.500000000000002 13.500000000000002 24.500000000000004 3.5000000000000004 10.500000000000002 8.0000000000000018 5.5000000000000009 3.5000000000000004
decision_type=2 2 2 2 2 2 2 2 2 2 2 8 10 8 10 2 8 2 2 2 2 8 2 2 2 2 2 2 2 2
left_child=2 11 25 19 14 24 7 21 9 22 28 -2 -8 -10 -5 29 -13 18 -18 20 -3 -7 -4 -24 26 -1 -6 -28 -11 -12
right_child=1 3 8 4 5 6 12 -9 13 10 15 16 -14 -15 -16 -17 17 -19 -20 -21 -22 -23 23 -25 -26 -27 27 -29 -30 -31
leaf_value=-0.054199445774303974 -0.022021640496424733 -0.0046226832772457791 -0.030279264281229047 0.015957943935557491 0.028992098406170945 0.045077340344771941 0.028298504534986189 0.23082608032191934 -0.0045281293063151335 -0.052008617295309555 -0.03252988975891917 0.08569597604083784 0.14030979498284815 0.11167087944140806 0.10650140606967168 0.10689765906172327 -0.016576975965690636 0.07622694580313355 0.067685778831133192 0.053217695255757702 0.073316704721078374 0.14420924251485673 -0.014706245547598876 0.061857927418137823 -0.015368500813246576 -0.028399245214553049 0.049420779295063028 0.14654968225765475 0.002298377833593288 0.030273179392683969
leaf_weight=1900 2073 1850 2433 1344 348 166 314 208 165 430 251 193 161 225 162 172 1007 184 185 485 183 227 660 262 162 4252 224 206 888 1381
leaf_count=1900 2073 1850 2433 1344 348 166 314 208 165 430 251 193 161 225 162 172 1007 184 185 485 183 227 660 262 162 4252 224 206 888 1381
internal_value=-0.000700281 0.022611 -0.0180383 0.0394293 0.0589023 0.0836835 0.111338 0.146884 -0.00161068 -0.00547157 0.0101556 -0.00527453 0.066314 0.0624494 0.0257133 0.0288407 0.0168371 0.00716178 -0.00347954 0.0121825 0.00238143 0.102397 -0.0200205 0.00702507 0.0520027 -0.0363713 0.0660615 0.096007 -0.0154015 0.0205997
internal_weight=22701 9682 13019 6040 3522 2016 1076 601 6867 6477 3122 3642 475 390 1506 1804 1569 1376 1192 2518 2033 393 3355 922 940 6152 778 430 1318 1632
internal_count=22701 9682 13019 6040 3522 2016 1076 601 6867 6477 3122 3642 475 390 1506 1804 1569 1376 1192 2518 2033 393 3355 922 940 6152 778 430 1318 1632
is_linear=0
shrinkage=0.0161


Tree=67
num_leaves=31
num_cat=0
split_feature=118 512 57 479 335 211 255 504 96 59 475 209 350 427 282 73 264 316 35 462 598 419 108 398 152 286 316 272 554 425
split_gain=35084.9 16195.4 14469.2 9606.58 8914.1 7184.99 6898.09 5403.81 10712.4 5328.73 5093.37 5343 5416.65 4712.38 5090 4053.28 3897.63 3472.26 5119.35 4509.97 3597.98 4151.22 3322.36 3303.15 3267.78 3176.1 3089.48 2979.67 2977.72 3300.6
threshold=16.500000000000004 38.500000000000007 29.500000000000004 24.500000000000004 13.500000000000002 6.5000000000000009 8.0000000000000018 251.50000000000003 8.0000000000000018 5.5000000000000009 20.000000000000004 10.500000000000002 13.500000000000002 24.500000000000004 13.500000000000002 43.500000000000007 20.000000000000004 10.500000000000002 24.500000000000004 16.500000000000004 123.45000076293947 20.000000000000004 8.0000000000000018 6.5000000000000009 3.5000000000000004 13.500000000000002 20.000000000000004 20.000000000000004 101.54999923706056 24.500000000000004
decision_type=2 2 2 2 2 2 2 2 2 2 2 2 2 2 2 2 2 2 2 2 8 2 2 2 2 2 2 2 10 2
left_child=1 9 5 27 -5 16 13 10 -9 -1 15 -12 -13 24 22 25 26 20 19 23 21 -7 -15 -19 -3 -8 -2 -4 29 -26
right_child=2 6 3 4 -6 17 7 8 -10 -11 11 12 -14 14 -16 -17 -18 18 -20 -21 -22 -23 -24 -25 28 -27 -28 -29 -30 -31
leaf_value=-0.048175288082505534 -0.028560517340371738 -0.042377260297952107 0.035840212121534876 0.078772214939322918 0.23288409754268286 0.022525276412326826 -0.016728903181543624 0.15748803783581752 -0.0029424009801799302 -0.018672390604718474 0.0033516995982319233 0.037087288203750013 0.15009343283116619 -0.038791862087365486 0.093748332960365305 0.055776665361832213 0.051122322142228616 -0.040176279357783749 0.11986232832955573 0.080085873351161255 -0.0022197746769979662 0.1076436228453289 0.039367384132521305 0.040247829630834668 -0.0025998223375116487 0.017384328931987426 0.036437080001776319 0.10689792413010639 -0.022730106850420977 0.068615015894529244
leaf_weight=3024 1142 1124 682 219 176 543 2175 193 244 3347 465 287 179 286 203 305 252 215 257 401 872 205 278 344 1247 1048 227 198 2205 195
leaf_count=3024 1142 1124 682 219 176 543 2175 193 244 3347 465 287 179 286 203 305 252 215 257 401 872 205 278 344 1247 1048 227 198 2205 195
internal_value=-0.000719245 -0.012453 0.0336716 0.0815044 0.147499 0.019986 -0.000100383 0.0138199 0.0678575 -0.0326797 0.00851878 0.0420155 0.0805457 -0.0124112 0.0246161 -0.000313955 -0.00704195 0.0354374 0.0559983 0.0388769 0.0199769 0.0458846 -0.000224828 0.00927338 -0.0183688 -0.00562924 -0.0177658 0.0518549 -0.010963 0.00701416
internal_weight=22538 16805 5733 1275 395 4458 10434 4896 437 6371 4459 931 466 5538 767 3528 1621 2837 1217 960 1620 748 564 559 4771 3223 1369 880 3647 1442
internal_count=22538 16805 5733 1275 395 4458 10434 4896 437 6371 4459 931 466 5538 767 3528 1621 2837 1217 960 1620 748 564 559 4771 3223 1369 880 3647 1442
is_linear=0
shrinkage=0.0161


Tree=68
num_leaves=31
num_cat=0
split_feature=418 118 536 210 479 545 479 466 333 152 357 451 204 219 583 528 491 475 41 510 542 104 362 237 3 40 81 545 152 464
split_gain=38335.1 17079.2 14647.6 12140.6 12811.7 8816.1 8539.77 7061.42 5949.96 5668.64 5401.66 5162.7 4728 4674.1 4839.26 7072.37 9256.16 4253.15 4253.12 4127.96 4648.44 5290.62 4319.98 3857.61 3755.5 3753.7 3278.33 3098.95 3014.98 3663.36
threshold=6.5000000000000009 16.500000000000004 126.50000000000001 10.500000000000002 43.500000000000007 215.15000152587893 29.500000000000004 8.0000000000000018 8.0000000000000018 5.5000000000000009 5.5000000000000009 8.0000000000000018 8.0000000000000018 4.5000000000000009 133.65000152587893 95.500000000000014 142.50000000000003 20.000000000000004 20.000000000000004 200.50000000000003 78.350002288818374 16.500000000000004 24.500000000000004 16.500000000000004 16.500000000000004 5.5000000000000009 10.500000000000002 238.25000000000003 6.5000000000000009 16.500000000000004
decision_type=2 2 2 2 2 10 2 2 2 2 2 2 2 2 10 2 2 2 2 2 10 2 2 2 2 2 2 8 2 2
left_child=2 5 10 9 11 8 13 -7 28 27 -1 -5 -11 -4 15 -15 -17 -10 25 20 -13 22 26 24 -19 -14 -22 -3 -2 -30
right_child=1 3 6 4 -6 7 -8 -9 17 12 -12 19 18 14 -16 16 -18 23 -20 -21 21 -23 -24 -25 -26 -27 -28 -29 29 -31
leaf_value=-0.043815429604315795 -0.025267106352982061 -0.037294770764131534 -0.036336981040183673 0.015635297461473848 0.17783424875566201 0.0006002920340768455 0.10685668295450249 0.12472945357002406 0.007578900929310713 0.0091986806954935489 -0.016683093115081839 0.045209201180498093 0.10511538058477571 -0.035145409550240862 -0.0032039221844539171 0.16693145530755146 0.019932505348521735 -0.0091636120059136548 0.13044168868612219 0.0097171597123062656 0.062134873086742655 0.16203133185177945 0.0078187731874380696 0.10545997959140443 0.086751005814199061 0.012829938105207887 0.15429113942612679 0.041865869294427087 -0.010240999944914045 0.044145266075622164
leaf_weight=4468 2116 560 598 578 254 207 223 280 2547 837 3318 541 167 174 1217 201 249 294 192 239 214 287 166 236 165 364 190 166 1266 430
leaf_count=4468 2116 560 598 578 254 207 223 280 2547 837 3318 541 167 174 1217 201 249 294 192 239 214 287 166 236 165 364 190 166 1266 430
internal_value=0.00156562 0.0208341 -0.0211087 0.0447303 0.0694879 0.0057631 0.0114868 0.0720165 0.00118571 0.0179806 -0.032256 0.0570529 0.0352815 0.00275742 0.015469 0.0519249 0.0856443 0.0172225 0.0654443 0.0716624 0.0822356 0.105582 0.0771178 0.05253 0.0252642 0.0418981 0.105534 -0.0191623 -0.012447 0.00353409
internal_weight=22744 12296 10448 4755 2469 7541 2662 487 7054 2286 7786 2215 1560 2439 1841 624 450 3242 723 1637 1398 857 570 695 459 531 404 726 3812 1696
internal_count=22744 12296 10448 4755 2469 7541 2662 487 7054 2286 7786 2215 1560 2439 1841 624 450 3242 723 1637 1398 857 570 695 459 531 404 726 3812 1696
is_linear=0
shrinkage=0.0161


Tree=69
num_leaves=31
num_cat=0
split_feature=359 298 502 331 177 237 244 227 80 91 503 554 590 231 385 5 470 35 399 542 577 43 252 27 147 105 451 270 200 335
split_gain=35098.9 16226 15930.1 11504.9 9732.8 7985.12 6975.28 6919 6698.52 6115.76 5960.21 5483.96 5457.54 5362.12 4747.27 4614.69 3754.66 3727.25 3541 4347.92 7003.03 5868.37 6294.44 3847.61 5402.75 3281.29 3268.59 3209.17 3118.04 3067.22
threshold=10.500000000000002 16.500000000000004 82.500000000000014 10.500000000000002 20.000000000000004 8.0000000000000018 4.5000000000000009 43.500000000000007 3.5000000000000004 35.500000000000007 83.500000000000014 233.25000000000003 131.75000000000003 16.500000000000004 10.500000000000002 16.500000000000004 29.500000000000004 3.5000000000000004 8.0000000000000018 135.84999847412112 179.15000152587893 13.500000000000002 10.500000000000002 6.5000000000000009 13.500000000000002 20.000000000000004 8.0000000000000018 6.5000000000000009 5.5000000000000009 10.500000000000002
decision_type=2 2 2 2 2 2 2 2 2 2 2 10 8 2 2 2 2 2 2 8 10 2 2 2 2 2 2 2 2 2
left_child=2 7 5 16 12 -1 -4 13 -8 14 -10 18 15 17 -6 -5 28 -2 -12 -20 21 23 -23 -21 -25 -14 -7 -19 -3 -28
right_child=1 3 6 4 9 26 8 -9 10 -11 11 -13 25 -15 -16 -17 -18 27 19 20 -22 22 -24 24 -26 -27 29 -29 -30 -31
leaf_value=-0.039714809233220898 -0.041555135423052857 0.042601206145065566 -0.024179463686296521 0.039361028273894171 0.14274226908868207 -0.022737789592724895 -0.030354691859389684 0.093930554428615226 0.11108249373676692 0.19493087638500295 -0.0045675540332797641 0.084073583003225635 -0.0062268759803311285 0.036141678365889454 0.047272446581014253 0.13826055419643443 0.087486515961462494 -0.015409980475716973 -0.01923120991159823 -0.021764700316211028 -0.0097550780155014581 0.051434043301841197 0.19233689752603095 0.1361138175095892 0.0054456267183971398 0.077002243175764207 -0.0028736719110894274 0.016832347895269571 -0.014295482387419978 0.053935604212018005
leaf_weight=5989 593 391 1600 242 271 1335 707 235 192 226 1569 306 434 1082 271 249 171 1452 371 188 427 162 168 161 168 171 824 1782 690 351
leaf_count=5989 593 391 1600 242 271 1335 707 235 192 226 1569 306 434 1082 271 249 171 1452 371 188 427 162 168 161 168 171 824 1782 690 351
internal_value=-0.000342633 0.0261522 -0.0154184 0.0551465 0.0805041 -0.0296114 0.00461847 0.00858412 0.0150507 0.124473 0.0237052 0.0189324 0.0496722 0.00449369 0.0950508 0.0895637 0.0173749 -0.00444793 0.0127231 0.0292293 0.0433599 0.0701646 0.123238 0.0362426 0.0694612 0.0172585 -0.0054946 0.00234892 0.0062624 0.0140766
internal_weight=22778 8260 14518 3116 1864 8499 6019 5144 4419 768 3712 3520 1096 4909 542 491 1252 3827 3214 1645 1274 847 330 517 329 605 2510 3234 1081 1175
internal_count=22778 8260 14518 3116 1864 8499 6019 5144 4419 768 3712 3520 1096 4909 542 491 1252 3827 3214 1645 1274 847 330 517 329 605 2510 3234 1081 1175
is_linear=0
shrinkage=0.0161


Tree=70
num_leaves=31
num_cat=0
split_feature=298 297 492 415 314 299 212 598 343 563 360 43 238 203 137 335 177 372 465 214 26 350 268 34 117 423 238 365 32 163
split_gain=32330.5 16189.5 11542.1 9819.74 9602.81 6741.86 6159.13 6076.97 5096.06 6253.77 9537.65 7676.48 4814.34 4626.58 4542.76 4315.57 4295.32 3888.34 3519.54 3444.4 3402.66 3353.62 3074.13 3020.63 2981.96 2961.31 2912.86 2902.22 2800.97 2749.7
threshold=8.0000000000000018 16.500000000000004 78.500000000000014 24.500000000000004 20.000000000000004 5.5000000000000009 6.5000000000000009 156.05000305175784 10.500000000000002 220.15000152587893 5.5000000000000009 13.500000000000002 29.500000000000004 4.5000000000000009 35.500000000000007 20.000000000000004 3.5000000000000004 43.500000000000007 5.5000000000000009 20.000000000000004 6.5000000000000009 35.500000000000007 20.000000000000004 24.500000000000004 10.500000000000002 10.500000000000002 8.0000000000000018 10.500000000000002 24.500000000000004 16.500000000000004
decision_type=2 2 2 2 2 2 2 8 2 8 2 2 2 2 2 2 2 2 2 2 2 2 2 2 2 2 2 2 2 2
left_child=2 5 16 6 15 29 22 12 17 26 -11 -12 20 -7 18 25 -1 19 -15 -4 -8 -20 -3 -21 -9 -5 -10 -26 -18 -2
right_child=1 3 8 4 -6 13 7 24 9 10 11 -13 -14 14 -16 -17 28 -19 21 23 -22 -23 -24 -25 27 -27 -28 -29 -30 -31
leaf_value=-0.047877557655048586 -0.033586658215091568 -0.02073493891560536 -0.022609720390720092 0.086648583373152593 0.18581550079525233 -0.010603260910565234 0.10264481571961682 -0.038116448727396189 -0.0080528079780923644 -0.021082791724934623 0.035949406795652103 0.18198842002734367 0.13176201280517713 -0.0060197831518557761 0.084431325889743558 0.13317619949656745 -0.025509874655327294 0.05997912260084716 0.024027870105085988 0.063573966195787021 0.028162836571021612 0.090416233192140399 0.058204274447524566 -0.019496974213447333 0.071333935911695484 0.01181457072338922 0.053338107755220125 0.0011720122165039875 0.016262426735384597 0.018639095364432486
leaf_weight=2407 1261 636 2657 235 221 1290 240 198 1140 211 175 201 283 981 305 182 4678 187 2018 246 475 219 160 210 285 331 243 331 456 329
leaf_count=2407 1261 636 2657 235 221 1290 240 198 1140 211 175 201 283 981 305 182 4678 187 2018 246 475 219 160 210 285 331 243 331 456 329
internal_value=-0.000422316 0.0213025 -0.0173481 0.0487387 0.0925149 0.0059717 0.0324646 0.0488645 0.000927933 0.021423 0.0654555 0.114081 0.0754988 0.01547 0.0250239 0.0649174 -0.0301234 -0.0112999 0.019386 -0.0155892 0.0531967 0.0305377 -0.00483819 0.025266 0.0161807 0.0429268 0.00271686 0.0336715 -0.0217951 -0.0227654
internal_weight=22791 9980 12811 3577 969 6403 2608 1812 5270 1970 587 376 998 4813 3523 748 7541 3300 3218 3113 715 2237 796 456 814 566 1383 616 5134 1590
internal_count=22791 9980 12811 3577 969 6403 2608 1812 5270 1970 587 376 998 4813 3523 748 7541 3300 3218 3113 715 2237 796 456 814 566 1383 616 5134 1590
is_linear=0
shrinkage=0.0161


Tree=71
num_leaves=31
num_cat=0
split_feature=298 492 416 31 171 541 239 478 205 513 211 372 581 283 439 470 547 596 297 441 403 322 153 208 32 565 65 283 199 201
split_gain=33699.1 18263 14241.2 6808.85 6296.95 6179.47 5809.95 5244.47 5476.8 6159.99 4965.68 4752.21 7590.86 4443.66 6832.63 5667.97 6017.51 4896.25 3801.5 3753.16 3833.48 3609.61 3561.35 3456.39 3381.43 3185.36 2957.42 2929.51 3305.96 3420.7
threshold=13.500000000000002 77.500000000000014 20.000000000000004 24.500000000000004 13.500000000000002 191.15000152587893 6.5000000000000009 5.5000000000000009 8.0000000000000018 250.50000000000003 4.5000000000000009 16.500000000000004 200.34999847412112 13.500000000000002 6.5000000000000009 8.0000000000000018 159.44999694824222 139.25000000000003 4.5000000000000009 6.5000000000000009 24.500000000000004 24.500000000000004 24.500000000000004 29.500000000000004 3.5000000000000004 71.750000000000014 13.500000000000002 8.0000000000000018 10.500000000000002 6.5000000000000009
decision_type=2 2 2 2 2 10 2 2 2 2 2 2 8 2 2 2 8 8 2 2 2 2 2 2 2 8 2 2 2 2
left_child=1 6 10 5 -5 21 25 23 19 11 26 22 -13 -12 -15 16 -16 -17 -8 -9 -21 -4 -10 -3 -20 -1 -2 -26 29 -29
right_child=2 7 3 4 -6 -7 18 8 9 -11 13 12 -14 14 15 17 -18 -19 24 20 -22 -23 -24 -25 27 -27 -28 28 -30 -31
leaf_value=-0.057066243034965942 -0.036114867941234793 -0.014521423044334385 0.019418456347609071 0.072634713755640276 0.18101085470978764 0.12420334604266103 -0.034993260418375555 -0.02393933369894799 -0.0012041585994013628 0.10923415238872618 0.011758511169690788 0.0214993114125718 0.15000642068397824 -0.0028902063254423152 0.059637828752218389 0.10217429327790932 0.19954403418387903 -0.0027634703035238177 -0.043900619334163338 0.0067272877535795791 0.08256065399052466 0.10036190915003386 0.079135014187665137 0.050223416623440494 -0.006468334286212192 -0.029704000750519568 0.026873060798371262 0.10012597634576743 -0.005578221923999596 0.012943900041315418
leaf_weight=1450 653 2697 931 372 223 227 1005 911 1070 271 2455 333 186 421 160 200 160 271 335 1106 205 169 165 232 997 4646 274 266 312 209
leaf_count=1450 653 2697 931 372 223 227 1005 911 1070 271 2455 333 186 421 160 200 160 271 335 1106 205 169 165 232 997 4646 274 266 312 209
internal_value=0.000233321 -0.0120747 0.0312072 0.0680091 0.113293 0.0476872 -0.0270658 0.00718318 0.0186152 0.0377673 0.0158052 0.026712 0.0675992 0.0242239 0.049454 0.0773434 0.129664 0.0417461 -0.00920263 0.00115058 0.0186032 0.0318757 0.00951036 -0.00938508 0.00301825 -0.0362163 -0.0174717 0.0118419 0.0350678 0.0618154
internal_weight=22912 16396 6516 1922 595 1327 9220 7176 4247 2025 4594 1754 519 3667 1212 791 320 471 3124 2222 1311 1100 1235 2929 2119 6096 927 1784 787 475
internal_count=22912 16396 6516 1922 595 1327 9220 7176 4247 2025 4594 1754 519 3667 1212 791 320 471 3124 2222 1311 1100 1235 2929 2119 6096 927 1784 787 475
is_linear=0
shrinkage=0.0161


Tree=72
num_leaves=31
num_cat=0
split_feature=358 359 494 235 331 118 511 163 284 422 80 394 225 33 74 123 374 257 499 32 273 237 474 186 236 538 483 123 463 173
split_gain=34097.1 14347.4 12785 11036.2 7932.59 9217.63 7696.9 6086.25 6445.32 5682.6 6566.42 5543.7 6850.22 5421.43 5042.86 4700.37 4680.73 4619.32 6315.92 4586.1 4045.89 3757.05 3641.63 3408.38 3365.3 2784.49 2892.21 4687.21 2774.83 2768.5
threshold=8.0000000000000018 10.500000000000002 90.500000000000014 61.500000000000007 8.0000000000000018 20.000000000000004 212.50000000000003 5.5000000000000009 5.5000000000000009 20.000000000000004 20.000000000000004 8.0000000000000018 8.0000000000000018 8.0000000000000018 29.500000000000004 10.500000000000002 35.500000000000007 8.0000000000000018 211.50000000000003 8.0000000000000018 20.000000000000004 16.500000000000004 8.0000000000000018 8.0000000000000018 29.500000000000004 105.50000000000001 31.500000000000004 6.5000000000000009 29.500000000000004 4.5000000000000009
decision_type=2 2 2 2 2 2 2 2 2 2 2 2 2 2 2 2 2 2 2 2 2 2 2 2 2 2 2 2 2 2
left_child=2 13 19 4 20 14 7 -7 -9 16 15 -10 -13 28 25 -11 24 -15 21 -1 29 -19 -22 -18 -4 26 -6 -28 -2 -3
right_child=1 3 9 -5 5 6 -8 8 11 10 -12 12 -14 17 -16 -17 23 18 -20 -21 22 -23 -24 -25 -26 -27 27 -29 -30 -31
leaf_value=-0.038839291349724296 -0.0206032964799698 -0.037019289392102327 -0.014107461130973413 0.15988812785531972 -0.0019359338765805017 0.041262878195412883 -0.013831272969730293 0.032893358484443393 0.079928175320845549 0.08565612101613071 0.12057404547439445 0.088194823762866234 0.21726409324661586 -0.0016554108837424542 0.09317838381435288 -0.010377316966227998 0.001716396758425222 0.0062864567155512252 0.13533540380449829 -0.013574760863234791 0.11483222701213265 0.075861104767717555 0.010071011714953827 0.1035120909954505 0.050641331109459356 -0.0098963443543799157 0.13014947945175659 0.021045123951470766 0.038219498731609999 0.011950067935504086
leaf_weight=5050 2139 409 3288 195 313 390 194 188 267 183 206 165 305 1254 245 474 172 665 165 2956 164 289 182 170 222 666 164 272 230 1115
leaf_count=5050 2139 409 3288 195 313 390 194 188 267 183 206 165 305 1254 245 474 172 665 165 2956 164 289 182 170 222 666 164 272 230 1115
internal_value=0.000346827 0.0226313 -0.0171272 0.0410096 0.0364045 0.0519238 0.0807305 0.094699 0.117203 0.0039005 0.041245 0.138678 0.172003 0.00234129 0.0257232 0.0163359 -0.00446004 0.0195459 0.043326 -0.029514 0.0100922 0.0273877 0.0597946 0.0523854 -0.0100055 0.0140271 0.0353309 0.0621384 -0.0148824 -0.00117653
internal_weight=22697 9976 12721 5234 5039 3169 1509 1315 925 4715 863 737 470 4742 1660 657 3852 2373 1119 8006 1870 954 346 342 3510 1415 749 436 2369 1524
internal_count=22697 9976 12721 5234 5039 3169 1509 1315 925 4715 863 737 470 4742 1660 657 3852 2373 1119 8006 1870 954 346 342 3510 1415 749 436 2369 1524
is_linear=0
shrinkage=0.0161


Tree=73
num_leaves=31
num_cat=0
split_feature=358 494 500 271 479 578 451 548 3 490 494 355 459 448 540 592 491 373 85 177 151 236 78 170 505 299 525 359 378 297
split_gain=32913.9 14725.6 12984.2 11301.1 7513.93 9724.41 6130.1 6022.6 8839.84 11843.7 8336.12 5611.21 8691.22 4985.15 4409.18 4661.49 6508.21 4369.73 4946.57 4073.53 3886.62 3765.49 3741.81 3513.58 3341.45 3097.41 2838.44 2799.64 2797.19 3546.52
threshold=10.500000000000002 90.500000000000014 286.50000000000006 16.500000000000004 35.500000000000007 114.45000076293947 5.5000000000000009 240.75000000000003 6.5000000000000009 105.50000000000001 221.50000000000003 35.500000000000007 10.500000000000002 10.500000000000002 209.25000000000003 112.95000076293947 82.500000000000014 13.500000000000002 20.000000000000004 29.500000000000004 6.5000000000000009 13.500000000000002 5.5000000000000009 24.500000000000004 188.50000000000003 20.000000000000004 126.50000000000001 13.500000000000002 29.500000000000004 6.5000000000000009
decision_type=2 2 2 2 2 8 2 8 2 2 2 2 2 2 10 8 2 2 2 2 2 2 2 2 2 2 2 2 2 2
left_child=1 6 3 11 14 -6 -1 13 24 -10 26 20 -13 -3 15 16 25 -15 -19 27 -2 -17 -22 28 -9 -5 -11 -8 29 -24
right_child=2 7 -4 4 5 -7 19 8 9 10 -12 12 -14 17 -16 21 -18 18 -20 -21 22 -23 23 -25 -26 -27 -28 -29 -30 -31
leaf_value=-0.040317828573961725 -0.0094173811589841425 -0.017023769734359234 0.13253603786285731 0.010880680334637285 0.20305984698301474 0.047832915535634478 -0.023392892133891223 -0.036736567371351884 0.1945219833208589 0.050967126597194226 0.11811285088908356 -0.0073747935551118447 0.12929831971203443 -0.00012748616827771414 0.11717481233411556 -0.015379541893151924 0.14097307262088243 0.025736143627083329 0.13034364434030524 0.050674046190407288 -0.0099998677078905387 0.045387197866882154 -0.011680103083534194 0.089033017870082318 0.047753077692232353 0.085115652603544381 -0.034572992534022635 0.0080211174950946696 -0.032629961976087675 0.04907723088722421
leaf_weight=4186 2486 2491 291 442 179 253 3660 411 160 162 230 236 246 1125 170 644 197 441 160 242 780 448 345 245 172 218 265 919 201 890
leaf_count=4186 2486 2491 291 442 179 253 3660 411 160 162 230 236 246 1125 170 644 197 441 160 242 780 448 345 245 172 218 265 919 201 890
internal_value=0.00121436 -0.0133021 0.0268837 0.0230281 0.0509808 0.112206 -0.0260609 0.00715286 0.0360876 0.0702666 0.0399708 0.00988919 0.0623307 -0.00244759 0.0384877 0.0316123 0.0597237 0.0185754 0.0536242 -0.0136769 0.0047749 0.00952885 0.0191209 0.0326473 -0.0117696 0.0354364 -0.00206471 -0.017083 0.0230107 0.0320855
internal_weight=22895 14624 8271 7980 2551 432 9007 5617 1400 817 657 5429 482 4217 2119 1949 857 1726 601 4821 4947 1092 2461 1681 583 660 427 4579 1436 1235
internal_count=22895 14624 8271 7980 2551 432 9007 5617 1400 817 657 5429 482 4217 2119 1949 857 1726 601 4821 4947 1092 2461 1681 583 660 427 4579 1436 1235
is_linear=0
shrinkage=0.0161


Tree=74
num_leaves=31
num_cat=0
split_feature=357 299 480 505 224 499 59 392 90 503 317 308 288 67 12 595 520 94 42 208 140 400 284 361 227 57 61 94 394 536
split_gain=31033.3 15735.3 12747.2 8960.48 8326.44 7573.9 8284.85 6992.98 5752.12 8764.61 5547.45 7546.59 5374.67 4942.41 4706.36 4612.01 5237.14 4148.5 4040.63 3996.94 3953.02 7157.11 4263.75 5344.88 3629.63 3224.82 5680.87 3049.09 4265.37 3047.73
threshold=8.0000000000000018 8.0000000000000018 21.500000000000004 242.50000000000003 3.5000000000000004 197.50000000000003 10.500000000000002 16.500000000000004 29.500000000000004 108.50000000000001 13.500000000000002 16.500000000000004 8.0000000000000018 4.5000000000000009 10.500000000000002 193.75000000000003 129.50000000000003 6.5000000000000009 24.500000000000004 16.500000000000004 16.500000000000004 8.0000000000000018 8.0000000000000018 10.500000000000002 4.5000000000000009 16.500000000000004 10.500000000000002 16.500000000000004 16.500000000000004 107.50000000000001
decision_type=2 2 2 2 2 2 2 2 2 2 2 2 2 2 2 10 2 2 2 2 2 2 2 2 2 2 2 2 2 2
left_child=2 3 -1 24 -3 6 17 14 10 -10 27 29 -8 -14 -6 16 25 -4 19 -15 22 -22 23 -7 -2 -16 -27 -9 -29 -12
right_child=1 4 5 -5 7 20 12 8 9 -11 11 -13 13 18 15 -17 -18 -19 -20 -21 21 -23 -24 -25 -26 26 -28 28 -30 -31
leaf_value=-0.040881214991439645 -0.028306769660264384 -0.0092817290648154801 -0.038467803951012583 0.08579196418680865 0.014271949735050578 0.001560148665999191 -0.0096036121571860013 0.001907704306028493 0.18558850963551471 0.039492141649675926 0.10202032357894111 0.18806011636098371 -0.026984966539468736 0.018956980235159848 0.03330665988368476 0.1172077717642214 -0.0089280704183438992 -0.0095300125248904098 0.1248719785412036 0.10939390947180748 -0.0040977869494389424 0.13219466502448343 -0.02267643117390411 0.11290809047008764 0.0038571182911577547 0.16980668834101667 0.040782525231092874 0.12590523674735191 0.010782789899827965 0.0045497943881730087
leaf_weight=3775 1318 748 2500 294 1556 281 1391 437 256 183 172 165 246 599 388 254 364 2646 171 161 179 225 471 186 2931 165 192 162 173 162
leaf_count=3775 1318 748 2500 294 1556 281 1391 437 256 183 172 165 246 599 388 254 364 2646 171 161 179 225 471 186 2931 165 192 162 173 162
internal_value=0.000507234 0.0218935 -0.0160252 -0.000161391 0.0405319 -0.00566139 -0.0118048 0.0485864 0.0744519 0.124741 0.0570637 0.098921 0.0118083 0.0371334 0.0334258 0.0552747 0.0410686 -0.023593 0.0541008 0.0381463 0.0296341 0.0717494 0.0114698 0.045959 -0.00611428 0.0655281 0.100481 0.0299777 0.0665242 0.0548147
internal_weight=22751 9920 12831 4543 5377 9056 7714 4629 1710 439 1271 499 2568 1177 2919 1363 1109 5146 931 760 1342 404 938 467 4249 745 357 772 335 334
internal_count=22751 9920 12831 4543 5377 9056 7714 4629 1710 439 1271 499 2568 1177 2919 1363 1109 5146 931 760 1342 404 938 467 4249 745 357 772 335 334
is_linear=0
shrinkage=0.0161


Tree=75
num_leaves=31
num_cat=0
split_feature=417 499 484 359 358 540 598 119 179 177 402 215 117 174 453 540 469 518 287 352 431 212 374 356 0 478 177 77 238 574
split_gain=32112.8 15991.3 13472.9 11849.1 8537.09 9980.47 9571.36 8010.36 7997.71 5801.49 5900.29 5028.38 7702.25 4997.94 4956.98 5918.67 5127.77 4485.43 3733.38 3340.92 3038.9 2991.05 2928.89 3256.93 6552.71 3627.78 2917.3 3802.71 2878.54 2850.7
threshold=10.500000000000002 293.50000000000006 25.500000000000004 10.500000000000002 13.500000000000002 226.84999847412112 114.45000076293947 8.0000000000000018 35.500000000000007 10.500000000000002 29.500000000000004 13.500000000000002 20.000000000000004 24.500000000000004 5.5000000000000009 218.75000000000003 43.500000000000007 61.500000000000007 5.5000000000000009 10.500000000000002 16.500000000000004 5.5000000000000009 10.500000000000002 4.5000000000000009 6.5000000000000009 8.0000000000000018 6.5000000000000009 6.5000000000000009 4.5000000000000009 264.34999084472662
decision_type=2 2 2 2 2 10 8 2 2 2 2 2 2 2 2 10 2 2 2 2 2 2 2 2 2 2 2 2 2 8
left_child=2 3 28 9 13 6 8 18 17 19 21 20 -13 -5 26 16 29 -6 -4 -2 -8 -11 -20 24 -24 -25 -9 -28 -1 -16
right_child=1 -3 7 4 5 -7 11 14 -10 10 -12 12 -14 -15 15 -17 -18 -19 22 -21 -22 -23 23 25 -26 -27 27 -29 -30 -31
leaf_value=-0.049090255305807504 -0.030456599092609494 0.15398498967940072 -0.031229639716107833 0.00070665837022727265 0.042440962657594117 0.18180082962352948 -0.01560372994825634 -0.033597128461271719 0.18784913533631745 -0.013626136834409289 0.090881922037669677 0.0008390279521736997 0.13068982032590865 0.082329994499731607 0.0042590945576665359 0.098602976742057466 0.10387956467247167 0.12974605665397687 -0.016506394505205232 0.013316369626875123 0.050097493555043948 0.02663389190959561 -0.021401904411219627 -0.01974888718361981 0.1088154240187673 0.0538169268301519 0.06801121728739952 -0.022288609095301382 -0.023052296088718151 0.047711726561691044
leaf_weight=2235 1329 248 2190 1293 502 167 635 709 185 743 281 229 246 229 1968 266 172 220 2036 684 256 1340 177 730 230 228 216 274 2178 489
leaf_count=2235 1329 248 2190 1293 502 167 635 709 185 743 281 229 246 229 1968 266 172 220 2036 684 256 1340 177 730 230 228 216 274 2178 489
internal_value=0.00202068 0.0265661 -0.0129281 0.0227738 0.0429462 0.0616141 0.0527735 -0.00230132 0.0933282 0.0045087 0.0216172 0.0258287 0.0681376 0.0130032 0.0148067 0.0262104 0.0188769 0.0690762 -0.0148329 -0.0155712 0.00324697 0.012262 -0.00426758 0.0139703 0.0521275 -0.00221596 -0.0127081 0.017469 -0.0362448 0.0129168
internal_weight=22685 8587 14098 8339 3962 2440 2273 9685 907 4377 2364 1366 475 1522 4094 2895 2629 722 5591 2013 891 2083 3401 1365 407 958 1199 490 4413 2457
internal_count=22685 8587 14098 8339 3962 2440 2273 9685 907 4377 2364 1366 475 1522 4094 2895 2629 722 5591 2013 891 2083 3401 1365 407 958 1199 490 4413 2457
is_linear=0
shrinkage=0.0161


Tree=76
num_leaves=31
num_cat=0
split_feature=299 118 479 355 540 504 549 102 313 117 594 108 235 92 41 497 127 99 252 451 224 227 87 572 434 529 540 13 195 580
split_gain=32477.1 18390.3 10092.8 12778.3 8306.89 8275.95 7557.81 6180.06 5829.59 5434.89 5021.44 5995.71 4903.08 4728.87 4614.62 4596.34 4533.07 3889.26 3715.21 3605.08 3464.46 3394.13 4188.37 3413.79 3334.15 2988.59 3953.61 4564.37 4866.73 3554.2
threshold=5.5000000000000009 16.500000000000004 29.500000000000004 35.500000000000007 209.25000000000003 240.50000000000003 244.44999694824222 13.500000000000002 61.500000000000007 13.500000000000002 104.35000228881837 10.500000000000002 4.5000000000000009 6.5000000000000009 24.500000000000004 145.50000000000003 6.5000000000000009 8.0000000000000018 16.500000000000004 5.5000000000000009 3.5000000000000004 29.500000000000004 2.5000000000000004 173.15000152587893 35.500000000000007 246.50000000000003 76.350002288818374 6.5000000000000009 6.5000000000000009 102.64999771118165
decision_type=2 2 2 2 10 2 10 2 2 2 10 2 2 2 2 2 2 2 2 2 2 2 2 10 2 2 10 2 2 10
left_child=5 4 13 10 8 12 7 -6 9 17 11 -4 -1 -3 25 -16 -7 -2 19 -14 -11 22 -22 -24 -19 26 -15 28 -28 -29
right_child=1 2 3 -5 6 16 -8 -9 -10 20 -12 -13 18 14 15 -17 -18 24 -20 -21 21 -23 23 -25 -26 -27 27 29 -30 -31
leaf_value=-0.042523929486422092 -0.02312235987102107 0.0011921612596657804 0.048894894553748035 0.21869251595961489 -0.022392226699049497 -0.013998280425139519 0.15337527594524383 0.086654297516962742 0.085074250347524152 -0.025557342110374515 0.020787710030826266 0.17594962567553782 -0.040062158122108373 0.0065330442787146208 0.0502486995733301 0.15387665463527531 0.097718767930465064 -0.0021399650984871973 0.0097989082415725261 -0.010455928336164211 0.096030572421694993 0.092232889704041157 0.021190685602843432 -0.044484966249976075 0.066073434056842045 -0.034305601546508253 0.042458714124261422 0.077574936778190051 0.14854106618195184 0.0076030119183811877
leaf_weight=3116 3270 1033 229 164 293 164 161 249 199 404 385 167 1940 708 319 171 220 2599 1064 2373 168 183 1407 240 200 164 226 287 224 549
leaf_count=3116 3270 1033 229 164 293 164 161 249 199 404 385 167 1940 708 319 171 220 2599 1064 2373 168 183 1407 240 200 164 226 287 224 549
internal_value=0.000946999 0.016224 0.0424913 0.0894391 0.00325734 -0.0231421 0.0564857 0.0276614 -0.00105592 -0.00308206 0.0622674 0.102535 -0.0264494 0.0304323 0.0418301 0.0864608 0.049945 -0.0111974 -0.0171297 -0.0237784 0.0174128 0.0261132 0.0194336 0.0116062 0.00272575 0.0316853 0.0371246 0.0539483 0.0953165 0.0316526
internal_weight=22876 13999 4626 945 9373 8877 703 542 8670 8471 781 396 8493 3681 2648 490 384 6069 5377 4313 2402 1998 1815 1647 2799 2158 1994 1286 450 836
internal_count=22876 13999 4626 945 9373 8877 703 542 8670 8471 781 396 8493 3681 2648 490 384 6069 5377 4313 2402 1998 1815 1647 2799 2158 1994 1286 450 836
is_linear=0
shrinkage=0.0161


Tree=77
num_leaves=31
num_cat=0
split_feature=178 514 210 479 516 239 247 511 503 259 512 231 212 150 193 54 480 510 271 58 283 505 503 159 479 284 273 526 529 567
split_gain=27446.2 13875.4 11385.2 8523.6 10325.9 6428.7 6207.82 7082.37 8331.8 5761.41 5536.85 6028.24 4897.18 4762 3970.5 3828.77 4797.41 4615.1 4101.49 4082.01 3788.85 7525.09 3764.6 3958.2 3376.12 3356.37 3878.67 3276.56 3437.59 3247.44
threshold=10.500000000000002 87.500000000000014 8.0000000000000018 43.500000000000007 122.50000000000001 5.5000000000000009 8.0000000000000018 286.50000000000006 257.50000000000006 29.500000000000004 107.50000000000001 6.5000000000000009 4.5000000000000009 43.500000000000007 8.0000000000000018 10.500000000000002 231.50000000000003 190.50000000000003 13.500000000000002 29.500000000000004 13.500000000000002 221.50000000000003 210.50000000000003 3.5000000000000004 5.5000000000000009 6.5000000000000009 29.500000000000004 138.50000000000003 93.500000000000014 188.65000152587893
decision_type=2 2 2 2 2 2 2 2 2 2 2 2 2 2 2 2 2 2 2 2 2 2 2 2 2 2 2 2 2 8
left_child=1 12 5 13 -5 -2 20 8 9 10 11 -8 -1 15 -15 -4 17 18 -17 -20 -3 27 23 -7 -25 -14 -27 28 -22 -26
right_child=2 6 3 4 -6 22 7 -9 -10 -11 -12 -13 25 14 -16 16 -18 -19 19 -21 21 -23 -24 24 29 26 -28 -29 -30 -31
leaf_value=-0.039568775138224613 -0.033882135077529726 -0.021698110203169321 0.010978656329770169 0.18974418779636773 0.021776382536268062 -0.03412596698274914 -0.0091236700288994301 0.12035114569371257 0.10063719244480986 0.072260208041618659 -0.015907857249012173 0.10951528697595043 -0.02773929593929688 0.13004935033427598 0.038800186135173186 0.019121668437019314 0.1252103840881266 -0.032415964701796654 0.046714073240676585 0.13255463022336605 -0.019079612902040397 0.11358242855531833 0.067988227149309355 -0.025483943149843018 0.015893703684989022 -0.0078023151259386542 0.065624749350534375 -0.038534324271799252 0.075132267709002734 0.070855540527474295
leaf_weight=3841 920 2166 1731 211 173 454 230 181 273 305 1683 214 2699 231 268 654 174 219 414 221 202 171 313 358 1127 2169 204 376 199 371
leaf_count=3841 920 2166 1731 211 173 454 230 181 273 305 1683 214 2699 231 268 654 174 219 414 221 202 171 313 358 1127 2169 204 376 199 371
internal_value=-0.00028738 -0.0131089 0.0241014 0.0417224 0.114132 0.00272887 0.00581577 0.0228293 0.0162951 0.00681773 -0.00255529 0.0480052 -0.0258512 0.0346086 0.081089 0.027806 0.0451096 0.0358516 0.0474685 0.0766264 -0.0099445 0.0168854 0.0155789 0.00846737 0.0188989 -0.0154582 -0.00148008 -0.00436508 0.0276152 0.0295215
internal_weight=22752 14913 7839 4296 384 3543 6000 2886 2705 2432 2127 444 8913 3912 499 3413 1682 1508 1289 635 3114 948 2623 2310 1856 5072 2373 777 401 1498
internal_count=22752 14913 7839 4296 384 3543 6000 2886 2705 2432 2127 444 8913 3912 499 3413 1682 1508 1289 635 3114 948 2623 2310 1856 5072 2373 777 401 1498
is_linear=0
shrinkage=0.0161


Tree=78
num_leaves=31
num_cat=0
split_feature=298 416 541 481 232 519 418 315 118 359 452 318 310 213 110 503 63 477 475 80 292 564 589 490 128 479 219 586 481 232
split_gain=30025.8 11942.6 11574.8 9883.31 9284.39 8185.87 7155.96 7085.34 5950.22 5951.92 5910.84 5023.5 4964.24 6212.59 4766.12 3955.7 6752.9 3673.62 3646.49 5381.36 3453.54 5520.85 3328.02 3109.83 4103.17 3032.74 2754.4 3963.37 2722.07 2598.95
threshold=8.0000000000000018 13.500000000000002 192.55000305175784 195.50000000000003 8.0000000000000018 208.50000000000003 4.5000000000000009 24.500000000000004 35.500000000000007 24.500000000000004 8.0000000000000018 13.500000000000002 6.5000000000000009 16.500000000000004 52.000000000000007 240.50000000000003 10.500000000000002 10.500000000000002 29.500000000000004 20.000000000000004 13.500000000000002 124.35000228881837 167.05000305175784 171.50000000000003 8.0000000000000018 5.5000000000000009 13.500000000000002 143.15000152587893 22.500000000000004 13.500000000000002
decision_type=2 2 10 2 2 2 2 2 2 2 2 2 2 2 2 2 2 2 2 2 2 10 8 2 2 2 2 8 2 2
left_child=3 10 8 6 -4 -6 28 15 18 -10 -2 17 13 -13 25 29 -17 -12 26 22 -19 -22 -20 24 -14 -8 -3 -28 -1 -5
right_child=1 2 4 7 5 -7 14 -9 9 -11 11 12 23 -15 -16 16 -18 20 19 -21 21 -23 -24 -25 -26 -27 27 -29 -30 -31
leaf_value=-0.05052842977676162 -0.011739290545909605 -0.0032560983273634231 0.027112608244185869 -0.03148781324263554 0.2223697201424206 0.069673796817240702 -0.027176506002552839 0.11082327662735147 0.038069603778293978 0.13887887859862943 -0.016172845955373247 0.04381304543385349 -0.010922802924089946 0.16884225355913418 0.063115982222125222 -0.014602781258118806 0.12804641797573688 0.0068711711870238145 0.056672166288696618 0.12792486084874624 0.13319950538798156 0.003289698707996756 -0.024015532162804241 -0.03277215161866176 0.087495071188151224 -0.003728448762732677 0.0012638819014494833 0.080349754271004228 -0.026501890577540644 0.030800361374639016
leaf_weight=1988 2727 1447 236 534 211 161 2338 208 435 234 1005 279 197 164 222 178 166 727 352 178 172 168 212 199 247 3688 372 295 3193 257
leaf_count=1988 2727 1447 236 534 211 161 2338 208 435 234 1005 279 197 164 222 178 166 727 352 178 172 168 212 199 247 3688 372 295 3193 257
internal_value=-0.00051006 0.0203549 0.0413319 -0.0168778 0.106222 0.156347 -0.0217338 0.0244295 0.0301328 0.0733654 0.00561885 0.0206154 0.0486665 0.0901524 -0.0101276 0.00857628 0.0541653 0.00590162 0.0199976 0.0507115 0.0267155 0.069078 0.026301 0.0200478 0.0437747 -0.0128299 0.00920613 0.0362772 -0.0357256 -0.0112203
internal_weight=22790 10018 4133 12772 608 372 11429 1343 3525 669 5885 3158 1086 443 6248 1135 344 2072 2856 742 1067 340 564 643 444 6026 2114 667 5181 791
internal_count=22790 10018 4133 12772 608 372 11429 1343 3525 669 5885 3158 1086 443 6248 1135 344 2072 2856 742 1067 340 564 643 444 6026 2114 667 5181 791
is_linear=0
shrinkage=0.0161


Tree=79
num_leaves=31
num_cat=0
split_feature=177 119 480 557 232 479 118 196 331 484 201 497 32 424 20 342 158 186 456 239 418 153 33 28 593 546 598 331 561 56
split_gain=28532 12661.5 10460 9194.56 8144.28 8227.83 11640.1 6807.72 6110.57 6019.38 5784.68 5481.14 4935.08 5097.89 4893.86 4824.16 4713.94 4641.11 4481.08 4344.27 4155.32 5091.28 4121.57 3619.7 3457.45 4866.35 3384.27 4547.98 3334.85 5273.57
threshold=8.0000000000000018 8.0000000000000018 19.500000000000004 247.34999847412112 13.500000000000002 29.500000000000004 24.500000000000004 13.500000000000002 10.500000000000002 123.50000000000001 35.500000000000007 123.50000000000001 8.0000000000000018 10.500000000000002 8.0000000000000018 8.0000000000000018 29.500000000000004 4.5000000000000009 8.0000000000000018 10.500000000000002 29.500000000000004 20.000000000000004 5.5000000000000009 10.500000000000002 182.25000000000003 156.94999694824222 147.94999694824222 16.500000000000004 198.94999694824222 8.0000000000000018
decision_type=2 2 2 10 2 2 2 2 2 2 2 2 2 2 2 2 2 2 2 2 2 2 2 2 8 8 8 2 8 2
left_child=2 9 -1 4 8 16 -7 10 -3 -2 19 -12 13 -9 -11 -16 24 -14 -17 -4 -10 -22 -21 -15 25 -6 27 -19 -24 -30
right_child=1 3 7 -5 5 6 -8 12 20 14 11 -13 17 23 15 18 -18 26 -20 22 21 -23 28 -25 -26 -27 -28 -29 29 -31
leaf_value=-0.038476163800762464 -0.015333496512796625 -0.0023759727799852201 -0.026388522741999126 0.14264354552498268 0.030715276049864789 0.042452261905293949 0.22279573551960513 -0.029322462971407413 0.024730611893349717 -0.0062649373466678203 -0.0088442550633623662 0.11299317552384941 0.10212378343506051 0.087031298518444031 0.011578872001624099 0.156483458176673 0.11850854592769869 0.015694198247117579 0.0442202755156531 -0.036567548119405817 0.039453713429581587 0.1459478999510461 0.0019105368889435713 -0.012270409331840364 -0.0031744274787763572 0.12473853067912231 -0.0029184891890593656 0.12014606176996687 0.11330529175593113 -0.0092663430695625378
leaf_weight=3639 2620 1828 4650 203 641 197 176 817 1455 624 212 174 244 209 341 170 187 279 203 498 319 184 959 174 464 184 553 177 205 163
leaf_count=3639 2620 1828 4650 203 641 197 176 817 1455 624 212 174 244 209 341 170 187 279 203 498 319 184 959 174 464 184 553 177 205 163
internal_value=0.000350596 0.0210851 -0.0153285 0.0361565 0.0323161 0.0600186 0.12761 -0.00628212 0.0187806 -0.00113914 -0.0145142 0.0460163 0.0167333 -0.00658497 0.0266379 0.0554263 0.0429215 0.0390841 0.0954489 -0.0181263 0.0385446 0.0784566 0.00291244 0.0418563 0.0319375 0.0517138 0.0238163 0.0562896 0.0177463 0.0589501
internal_weight=22749 9796 12953 5838 5635 1849 373 9314 3786 3958 6861 386 2453 1200 1338 714 1476 1253 373 6475 1958 503 1825 383 1289 825 1009 456 1327 368
internal_count=22749 9796 12953 5838 5635 1849 373 9314 3786 3958 6861 386 2453 1200 1338 714 1476 1253 373 6475 1958 503 1825 383 1289 825 1009 456 1327 368
is_linear=0
shrinkage=0.0161


Tree=80
num_leaves=31
num_cat=0
split_feature=359 502 210 222 335 388 154 499 252 68 297 59 538 303 285 208 193 435 99 507 529 418 256 229 416 146 175 468 119 378
split_gain=28626.4 12808.1 11201.7 8461.9 6929.02 6672.58 6374.18 6268.25 6003.9 7922.76 5412.04 5029.14 7174.47 4544.17 4007.65 3888.39 5620.36 3746.69 3925.06 3610.53 7650.29 3576.98 4869.55 5832.36 3394.97 4596.94 6384.7 3372.35 3366.02 3029.1
threshold=10.500000000000002 65.500000000000014 10.500000000000002 6.5000000000000009 20.000000000000004 29.500000000000004 5.5000000000000009 293.50000000000006 20.000000000000004 13.500000000000002 4.5000000000000009 29.500000000000004 54.500000000000007 4.5000000000000009 4.5000000000000009 8.0000000000000018 20.000000000000004 10.500000000000002 10.500000000000002 126.50000000000001 57.500000000000007 43.500000000000007 20.000000000000004 10.500000000000002 16.500000000000004 5.5000000000000009 16.500000000000004 16.500000000000004 5.5000000000000009 8.0000000000000018
decision_type=2 2 2 2 2 2 2 2 2 2 2 2 2 2 2 2 2 2 2 2 2 2 2 2 2 2 2 2 2 2
left_child=1 10 6 13 11 19 27 8 24 -10 -1 15 -13 -3 -8 -4 -17 -15 -19 20 -6 22 -16 -24 -5 -26 -27 -2 -12 -14
right_child=2 3 4 7 5 -7 14 -9 9 -11 28 12 29 17 21 16 -18 18 -20 -21 -22 -23 23 -25 25 26 -28 -29 -30 -31
leaf_value=-0.043168903915087042 -0.030051521856221012 -0.04446116382688102 -0.0028039449424023606 -0.0053330783590406156 0.023777913027706019 0.1675914434720453 -0.0093127873163726012 0.11485391191052861 0.013951739777148227 0.11997314522737365 -0.030680380077490629 0.14595891828085544 -0.016692831223246704 -0.01835445460854002 0.014275164893734166 0.023824941373440569 0.1122746368649105 -0.0029795037352645438 0.069121197916930041 0.020991090865363788 0.17816386269885065 0.092352636894201104 0.021226717169392242 0.13869726325473192 -0.026653425680156533 0.018913511503977937 0.1408746493855654 0.027172090328303016 -0.0030300172166784463 0.071793171645306963
leaf_weight=2985 1199 961 889 2095 173 206 779 174 464 302 2059 231 176 1442 1772 903 235 510 317 297 161 235 245 199 212 307 175 343 2565 232
leaf_count=2985 1199 961 889 2095 173 206 779 174 464 302 2059 231 176 1442 1772 903 235 510 317 297 161 235 245 199 212 307 175 343 2565 232
internal_value=0.00175515 -0.0118274 0.0256699 0.00395514 0.0475347 0.0879651 0.00961451 0.0204809 0.0158552 0.055782 -0.0262648 0.0348327 0.0742325 -0.0151164 0.0224744 0.0224005 0.0421107 -0.0026775 0.0246292 0.0619325 0.098268 0.0325869 0.0262383 0.0739298 0.00488084 0.0357478 0.0632428 -0.0173075 -0.0153474 0.0335651
internal_weight=22843 14568 8275 6959 3503 837 4772 3729 3555 766 7609 2666 639 3230 3230 2027 1138 2269 827 631 334 2451 2216 444 2789 694 482 1542 4624 408
internal_count=22843 14568 8275 6959 3503 837 4772 3729 3555 766 7609 2666 639 3230 3230 2027 1138 2269 827 631 334 2451 2216 444 2789 694 482 1542 4624 408
is_linear=0
shrinkage=0.0161


Tree=81
num_leaves=31
num_cat=0
split_feature=299 417 355 535 573 119 84 163 391 137 19 132 479 591 450 571 42 10 440 44 54 518 475 266 412 178 539 136 544 520
split_gain=30128 15890.6 7887.11 11264.5 7025.61 6396.16 7866.73 10943.6 6224.11 6221.78 5139.71 6139.18 5098.56 3906.43 3897.79 3590.55 3406.9 3290.34 3611.25 5001.1 3218.19 5992.92 3134.83 3098.5 3918.26 2895.39 2796.33 2768.48 2612.18 2510.15
threshold=6.5000000000000009 10.500000000000002 35.500000000000007 174.50000000000003 74.750000000000014 20.000000000000004 16.500000000000004 10.500000000000002 13.500000000000002 10.500000000000002 16.500000000000004 6.5000000000000009 20.000000000000004 164.05000305175784 3.5000000000000004 226.84999847412112 4.5000000000000009 8.0000000000000018 8.0000000000000018 24.500000000000004 20.000000000000004 152.50000000000003 20.000000000000004 10.500000000000002 10.500000000000002 20.000000000000004 106.50000000000001 20.000000000000004 72.750000000000014 228.50000000000003
decision_type=2 2 2 2 8 2 2 2 2 2 2 2 2 8 2 10 2 2 2 2 2 2 2 2 2 2 2 2 10 2
left_child=4 5 8 12 -1 17 27 -8 15 26 11 -11 -4 -12 -6 29 -16 -2 -19 23 -18 22 -22 -20 -25 -13 28 -7 -10 -3
right_child=1 2 3 -5 14 6 7 -9 9 10 13 25 -14 -15 16 -17 20 18 19 -21 21 -23 -24 24 -26 -27 -28 -29 -30 -31
leaf_value=-0.04454737522960147 -0.023090099038829123 0.013445660286235922 0.0070983012551546661 0.18883999072450011 -0.033950177706420503 -0.0062358422847664796 0.013770176448941351 0.1678500526403871 0.0056351339818945531 0.17339442244054734 0.079480089911200758 0.02382683237661494 0.10728136746324372 -0.01880811727513549 -0.02598174859096004 0.086882885233265761 -0.0067524902973682792 -0.016745410660711113 -0.015400136502958479 0.091700877087810509 -0.020382262690671959 0.08742141194426406 0.056025899605274841 -0.012404271034792087 0.095786660415720579 0.11517445954433378 -0.004180816422006693 0.0564810613320866 0.068233008016838292 -0.042860965530836785
leaf_weight=2289 2376 2319 325 201 1782 1022 273 213 276 235 236 189 222 188 1821 161 3927 1106 580 227 513 289 191 162 186 173 502 222 466 225
leaf_count=2289 2376 2319 325 201 1782 1022 273 213 276 235 236 189 222 188 1821 161 3927 1106 580 227 513 289 191 162 186 173 502 222 466 225
internal_value=2.38917e-05 0.0174933 0.0369746 0.0857317 -0.0195001 0 0.0264165 0.0813474 0.0296317 0.049325 0.07879 0.109252 0.0478006 0.035844 -0.0127705 0.0131331 -0.0071681 -0.00985879 0.00403509 0.0239544 -0.000199971 0.0256895 0.00031436 0.00735741 0.0453543 0.0675469 0.0251231 0.00493748 0.0449803 0.00845646
internal_weight=22897 12085 5718 748 10812 6367 1730 486 4970 2265 1021 597 547 424 8523 2705 6741 4637 2261 1155 4920 993 704 928 348 362 1244 1244 742 2544
internal_count=22897 12085 5718 748 10812 6367 1730 486 4970 2265 1021 597 547 424 8523 2705 6741 4637 2261 1155 4920 993 704 928 348 362 1244 1244 742 2544
is_linear=0
shrinkage=0.0161


Tree=82
num_leaves=31
num_cat=0
split_feature=179 357 512 355 523 215 464 504 329 13 563 451 480 287 30 394 276 237 152 518 504 480 54 53 261 421 569 178 564 481
split_gain=27549.9 11683.6 9467.18 6973.1 7308.92 6670.59 6328.1 6238.02 7223.54 5796 5512.49 5281.9 4846.04 4803.11 6333.02 4410.96 3635.87 3594.21 4795.04 5923.8 3501.35 5274.11 4876.18 5029.76 4426.53 3567.83 3438.69 3300.46 2729.53 3977.19
threshold=8.0000000000000018 20.000000000000004 37.500000000000007 35.500000000000007 201.50000000000003 13.500000000000002 4.5000000000000009 257.50000000000006 10.500000000000002 52.000000000000007 235.84999847412112 3.5000000000000004 193.50000000000003 5.5000000000000009 43.500000000000007 10.500000000000002 4.5000000000000009 16.500000000000004 5.5000000000000009 90.500000000000014 163.50000000000003 49.500000000000007 29.500000000000004 3.5000000000000004 24.500000000000004 24.500000000000004 162.34999847412112 29.500000000000004 205.94999694824222 241.50000000000003
decision_type=2 2 2 2 2 2 2 2 2 2 10 2 2 2 2 2 2 2 2 2 2 2 2 2 2 2 8 2 10 2
left_child=2 9 -1 4 6 -5 -3 13 -9 10 11 -2 15 -4 17 26 -13 28 -19 -20 21 -18 23 -23 25 -25 -8 -17 29 -15
right_child=1 3 7 5 -6 -7 12 8 -10 -11 -12 16 -14 14 -16 27 20 18 19 -21 -22 22 -24 24 -26 -27 -28 -29 -30 -31
leaf_value=-0.0328947792545006 -0.032391855843254456 -0.0075368676571595777 -0.025756202008608998 0.057485297933461951 -0.029693587947121191 0.18656192700386473 0.049668023192190859 0.10247855387928498 -0.018121411113238839 0.077317412342024119 0.077419409583474125 -0.01284001858662096 0.14816291188523317 -0.010458193489643976 0.078886343213900811 0.05997872495421927 0.0015422590530640684 -0.029493843777354943 0.1355319736408705 0.017924395258741274 -0.010608434102438922 0.096231100627232793 0.10561530892554233 -0.0075035179633497406 0.087638532874131772 0.068417080989481252 -0.034001263819236814 0.14088127300008724 -0.066779962851516994 0.067450081732108799
leaf_weight=5170 923 378 2705 266 351 171 439 290 231 311 271 1452 167 3303 257 394 1447 243 168 329 945 261 272 904 204 195 179 197 206 179
leaf_count=5170 923 378 2705 266 351 171 439 290 231 311 271 1452 167 3303 257 394 1447 243 168 329 945 261 272 904 204 195 179 197 206 179
internal_value=-0.000691678 0.019827 -0.0159512 0.0494946 0.0373278 0.108047 0.0507532 -0.00487517 0.048962 0.0093276 0.00624812 0.00332355 0.0667831 -0.00867391 0.00118394 0.0555226 0.00913144 -0.00332057 0.0290534 0.0577264 0.0166826 0.0245453 0.0426619 0.0316984 0.018754 0.00594596 0.0253956 0.0869861 -0.00982281 -0.00644638
internal_weight=22808 9727 13081 2542 2105 437 1754 7911 521 7185 6874 6603 1376 7390 4685 1209 5680 4428 740 497 4228 3283 1836 1564 1303 1099 618 591 3688 3482
internal_count=22808 9727 13081 2542 2105 437 1754 7911 521 7185 6874 6603 1376 7390 4685 1209 5680 4428 740 497 4228 3283 1836 1564 1303 1099 618 591 3688 3482
is_linear=0
shrinkage=0.0161


Tree=83
num_leaves=31
num_cat=0
split_feature=179 117 540 481 503 358 211 155 328 304 546 330 461 33 13 71 535 76 496 156 344 492 576 248 154 25 309 184 569 528
split_gain=26850.6 12071.4 12347.1 9956.74 8549.03 7296.8 8338.32 6969.72 8342.12 4399.01 5580.36 9779.33 4335.18 4199.48 4408.17 3970.51 4254.42 3864.71 3745.64 3014.13 2991.28 3613.81 5654.47 4520.55 3372.07 4579.4 3084.58 2950.3 2966.91 2949
threshold=6.5000000000000009 16.500000000000004 213.05000305175784 253.50000000000003 65.500000000000014 13.500000000000002 4.5000000000000009 20.000000000000004 13.500000000000002 4.5000000000000009 228.75000000000003 16.500000000000004 10.500000000000002 4.5000000000000009 52.000000000000007 16.500000000000004 101.50000000000001 10.500000000000002 212.50000000000003 3.5000000000000004 5.5000000000000009 176.50000000000003 131.05000305175784 16.500000000000004 6.5000000000000009 13.500000000000002 6.5000000000000009 5.5000000000000009 106.85000228881837 121.50000000000001
decision_type=2 2 10 2 2 2 2 2 2 2 8 2 2 2 2 2 2 2 2 2 2 2 8 2 2 2 2 2 8 2
left_child=4 2 13 -4 -1 -3 -7 12 -9 -6 19 18 27 -2 20 16 -14 -5 29 -11 -15 22 -22 24 -24 26 -26 -8 -29 -12
right_child=1 5 3 17 9 6 7 8 -10 10 11 -13 15 14 -16 -17 -18 -19 -20 -21 21 -23 23 -25 25 -27 -28 28 -30 -31
leaf_value=-0.030119876350786712 -0.022871648898799959 0.013879138065761531 0.15720074930473954 0.075317046837955384 -0.025077941410553171 -0.025578544642724136 0.090825107655997037 0.053876712700022457 0.18952861523898087 -0.0392954689684488 0.037779087466375191 0.14089681014450195 0.098007567127049874 -0.01176881911997252 0.070800739841209839 0.13287770198676901 0.0022769926307259799 -0.034168279100331732 0.078283444392781579 0.0042386845046661565 0.0010622711734368817 -0.022692324081239161 -0.0049907981721197796 0.10543014928872292 0.14325696734012955 -0.0049277200393584297 0.044389642474982428 0.057701773393537985 -0.011961313235356291 -0.040918972182964912
leaf_weight=6058 1562 1550 240 169 1510 267 160 227 245 503 210 203 267 2014 267 260 220 165 173 2282 1616 605 397 269 164 193 165 252 426 299
leaf_count=6058 1562 1550 240 169 1510 267 160 227 245 503 210 203 267 2014 267 260 220 165 173 2282 1616 605 397 269 164 193 165 252 426 299
internal_value=0.000637803 0.0177105 0.00620105 0.0780819 -0.0171347 0.0409551 0.0590033 0.0699935 0.124339 -0.00194395 0.00756799 0.0427881 0.053795 0.000508393 0.00693074 0.0820137 0.0548101 0.0211595 0.0135511 -0.00361559 0.00378178 0.0129758 0.0206801 0.0473457 0.0303183 0.0572172 0.0937446 0.0286126 0.0138964 -0.00840398
internal_weight=22938 11700 7826 574 11238 3874 2324 2057 472 5180 3670 885 1585 7252 5690 747 487 334 682 2785 5423 3409 2804 1188 919 522 329 838 678 509
internal_count=22938 11700 7826 574 11238 3874 2324 2057 472 5180 3670 885 1585 7252 5690 747 487 334 682 2785 5423 3409 2804 1188 919 522 329 838 678 509
is_linear=0
shrinkage=0.0161


Tree=84
num_leaves=31
num_cat=0
split_feature=298 540 118 539 271 583 513 318 558 478 300 3 59 284 519 326 514 224 31 129 595 595 480 265 57 167 466 3 419 246
split_gain=26170.4 11887.1 10806.7 7667.75 7528.67 7264.01 6255.21 6201.64 7132.59 6114.47 6059.07 4777.74 5578.84 7549.91 4319.61 4115.25 5009.82 3971.14 3693.89 3878.15 4512.84 4521.07 3310.64 3258.35 3256.19 4118.98 5213.36 3160.4 3352.15 3458.16
threshold=5.5000000000000009 210.94999694824222 16.500000000000004 77.500000000000014 13.500000000000002 153.34999847412112 210.50000000000003 16.500000000000004 205.94999694824222 52.000000000000007 5.5000000000000009 8.0000000000000018 10.500000000000002 8.0000000000000018 187.50000000000003 8.0000000000000018 197.50000000000003 3.5000000000000004 13.500000000000002 10.500000000000002 86.750000000000014 103.25000000000001 20.500000000000004 4.5000000000000009 29.500000000000004 10.500000000000002 10.500000000000002 29.500000000000004 6.5000000000000009 20.000000000000004
decision_type=2 10 2 2 2 10 2 2 10 2 2 2 2 2 2 2 2 2 2 2 8 10 2 2 2 2 2 2 2 2
left_child=3 2 17 -1 23 -3 9 10 -9 14 -7 -5 15 -14 18 -13 -17 -2 -6 20 -20 -22 -19 -4 25 -25 -27 28 29 -24
right_child=1 5 4 11 6 7 -8 8 -10 -11 -12 12 13 -15 -16 16 -18 22 19 -21 21 -23 27 24 -26 26 -28 -29 -30 -31
leaf_value=-0.033348942471661279 -0.024916007485625304 0.16312111312136934 -0.018444400829016036 -0.020753726817644719 0.0027657880950872483 0.10278861742997686 -0.03648711221948861 0.029155311509283841 0.18138026446018052 0.14060053929155503 -0.0089089697868201846 -0.028375444726996036 0.00071224496890182868 0.1455302738908732 0.12894951716280334 0.0031684805982112479 0.10695323409295669 -0.019126282744402152 0.023831666353561362 0.020572140565146554 0.16313815739469248 0.05799689615670197 -0.011270927878980092 -0.0096770761901332544 0.064150557888629375 0.11281968459196216 0.012092891600549969 -0.026524140850185545 0.025629956699635307 0.050152850220495322
leaf_weight=5431 1570 163 726 1774 453 168 191 160 160 217 501 618 190 184 162 465 163 1317 224 441 224 203 1633 953 375 194 427 562 2655 278
leaf_count=5431 1570 163 726 1774 453 168 191 160 160 217 501 618 190 184 162 465 163 1317 224 441 224 203 1633 953 375 194 427 562 2655 278
internal_value=0.000214729 0.0139371 0.00947832 -0.0214849 0.0286109 0.063478 0.0513138 0.0470317 0.105341 0.0600422 0.0191055 -0.00249349 0.0174881 0.0720225 0.0497875 0.00110008 0.0301437 -0.00195296 0.0414718 0.0575069 0.0824911 0.113208 0.00363718 0.0106521 0.0215025 0.0113268 0.0435978 0.00948801 0.0139257 -0.00232307
internal_weight=22782 13957 12805 8825 4790 1152 2115 989 320 1924 669 3394 1620 374 1707 1246 628 8015 1545 1092 651 427 6445 2675 1949 1574 621 5128 4566 1911
internal_count=22782 13957 12805 8825 4790 1152 2115 989 320 1924 669 3394 1620 374 1707 1246 628 8015 1545 1092 651 427 6445 2675 1949 1574 621 5128 4566 1911
is_linear=0
shrinkage=0.0161


Tree=85
num_leaves=31
num_cat=0
split_feature=298 499 331 476 464 43 418 481 525 0 553 548 510 530 305 205 151 509 119 568 495 117 578 65 316 451 555 446 130 67
split_gain=25929.8 11759.8 9011.33 7674.1 7234.57 6017.9 5789.05 5480.05 8098.29 5375.68 5878.18 5057.72 7076.17 5016.62 4704.21 4483.66 4508.8 4465.7 4372.29 4030.4 4722.68 4030.22 5872.69 4743.72 3935.03 3834.46 3741.45 3690.1 3241.55 3113.25
threshold=16.500000000000004 41.500000000000007 10.500000000000002 16.500000000000004 10.500000000000002 6.5000000000000009 35.500000000000007 204.50000000000003 195.50000000000003 24.500000000000004 200.34999847412112 228.75000000000003 201.50000000000003 129.50000000000003 13.500000000000002 13.500000000000002 24.500000000000004 96.500000000000014 8.0000000000000018 173.15000152587893 112.50000000000001 20.000000000000004 102.64999771118165 8.0000000000000018 52.000000000000007 24.500000000000004 280.05000305175787 10.500000000000002 8.0000000000000018 6.5000000000000009
decision_type=2 2 2 2 2 2 2 2 2 2 8 10 2 2 2 2 2 2 2 10 2 2 10 2 2 2 8 2 2 2
left_child=1 18 7 4 17 14 11 26 -9 10 13 21 -13 25 -3 16 -6 -4 -1 20 -16 24 23 -23 29 -5 -2 -22 -28 -7
right_child=2 5 3 9 15 6 -8 8 -10 -11 -12 12 -14 -15 19 -17 -18 -19 -20 -21 27 22 -24 -25 -26 -27 28 -29 -30 -31
leaf_value=-0.033331129750487944 -0.012659722765837772 -0.022941041374283832 0.030546280513871118 0.063742378682683884 -5.1348624606281522e-05 -0.018679409908275671 0.10310250768618805 0.13907524797670823 -0.0090824881281854498 0.027720538601611163 0.16534098360936797 0.14678672647652211 0.0076259303395413182 0.0031677397564218259 -0.0028842589892363892 0.1209102080815934 0.10270674359545767 -0.046262331951932627 -0.0066814830682070409 -0.036599501667943526 0.033012940785437025 0.024715052490050706 0.005927404191172876 0.14291331909558816 0.068120467625596773 0.16675595600023194 0.0019091046562998808 0.13103861333236497 0.09278148666816681 0.0080346459919349161
leaf_weight=4707 1525 3071 434 221 306 1943 177 193 189 315 285 163 227 173 478 253 173 358 2418 298 258 165 622 190 210 164 232 163 182 2704
leaf_count=4707 1525 3071 434 221 306 1943 177 193 189 315 285 163 227 173 478 253 173 358 2418 298 258 165 622 190 210 164 232 163 182 2704
internal_value=0.00082968 -0.00827395 0.033213 0.0533158 0.0295525 0.00241998 0.0122954 0.00997329 0.0657105 0.0845694 0.105784 0.00970923 0.0658484 0.0753228 -0.0123853 0.0660421 0.0370126 -0.00414305 -0.0242904 0.0146765 0.0316996 0.00595232 0.0357886 0.0880424 -4.448e-05 0.107685 -0.000995287 0.0710218 0.0419147 -0.00312995
internal_weight=22797 17794 5003 2682 1524 10669 6401 2321 382 1158 843 6224 390 558 4268 732 479 792 7125 1197 899 5834 977 355 4857 385 1939 421 414 4647
internal_count=22797 17794 5003 2682 1524 10669 6401 2321 382 1158 843 6224 390 558 4268 732 479 792 7125 1197 899 5834 977 355 4857 385 1939 421 414 4647
is_linear=0
shrinkage=0.0161


Tree=86
num_leaves=31
num_cat=0
split_feature=238 480 359 215 479 566 67 66 400 504 212 389 55 212 375 361 366 485 416 386 527 138 450 256 239 56 223 118 401 230
split_gain=27830.3 10072.7 9819.46 8425.33 10393.2 7076.95 6610.91 6082.38 7602.76 5752.94 5598.47 4711.63 4351.26 4284.04 4269.82 5005.03 4158.51 4102.76 3875.29 4796.96 5130.72 5586.84 3669.43 3564.41 3419.59 3951.36 3321.31 3311.08 3301.09 3169.22
threshold=8.0000000000000018 96.500000000000014 10.500000000000002 13.500000000000002 52.000000000000007 235.84999847412112 13.500000000000002 16.500000000000004 24.500000000000004 272.50000000000006 8.0000000000000018 5.5000000000000009 6.5000000000000009 3.5000000000000004 29.500000000000004 8.0000000000000018 16.500000000000004 198.50000000000003 16.500000000000004 8.0000000000000018 87.500000000000014 8.0000000000000018 20.000000000000004 6.5000000000000009 10.500000000000002 3.5000000000000004 20.000000000000004 29.500000000000004 10.500000000000002 8.0000000000000018
decision_type=2 2 2 2 2 8 2 2 2 2 2 2 2 2 2 2 2 2 2 2 2 2 2 2 2 2 2 2 2 2
left_child=1 10 18 13 5 11 -7 9 12 22 -1 -5 16 -4 26 -16 -9 27 24 -20 -21 -22 -3 -24 -2 -26 -15 -13 -25 -28
right_child=2 7 3 4 -6 6 -8 8 -10 -11 -12 17 -14 14 15 -17 -18 -19 19 20 21 -23 23 28 25 -27 29 -29 -30 -31
leaf_value=-0.032517643469735513 -0.014377788568372813 -0.019384700511786437 -0.035814191372144012 -0.028267091527249894 0.17743996583591412 0.054946390127191241 0.1902918267428016 0.0051076121743001673 0.12344084960481577 0.072182774241022443 -0.0037109884183532168 0.0080560204798026998 -0.0080641451186836254 0.011797546717507875 0.14367162440940442 0.025737639816230666 0.10888811164228004 0.122787450209522 -0.0041959415082663005 0.0088295409737609524 0.16291185410013931 0.041669100996482099 -0.027503537706521031 0.11149463650439496 0.091952398851890896 0.0055311753009759631 0.10524760574601495 0.082858278880794167 0.0083842694375193122 0.021699699276203042
leaf_weight=6236 2397 2692 297 259 195 223 162 193 210 226 2433 463 659 2038 170 208 209 163 650 331 175 227 191 162 173 665 213 230 161 265
leaf_count=6236 2397 2692 297 259 195 223 162 193 210 226 2433 463 659 2038 170 208 209 163 650 331 175 227 191 162 173 665 213 230 161 265
internal_value=0.0008268 -0.0141431 0.0218917 0.0378023 0.0668176 0.052421 0.111958 0.004824 0.0349136 -0.00631247 -0.0244356 0.0318422 0.0173696 0.0223826 0.0283633 0.078839 0.0591217 0.050057 0.00505266 0.0276119 0.0558501 0.0945075 -0.0118532 0.0275463 -0.00458439 0.0234004 0.0207705 0.0329161 0.0601719 0.0589784
internal_weight=22876 13372 9504 4886 1695 1500 385 4703 1271 3432 8669 1115 1061 3191 2894 378 402 856 4618 1383 733 402 3206 514 3235 838 2516 693 323 478
internal_count=22876 13372 9504 4886 1695 1500 385 4703 1271 3432 8669 1115 1061 3191 2894 378 402 856 4618 1383 733 402 3206 514 3235 838 2516 693 323 478
is_linear=0
shrinkage=0.0161


Tree=87
num_leaves=31
num_cat=0
split_feature=152 237 483 361 479 35 174 478 525 228 372 591 119 171 508 579 497 359 536 550 413 252 67 299 179 453 488 487 554 112
split_gain=22203.3 14862.8 9238.44 7168.95 7076.23 6454.36 6809.02 5397.74 4645.09 5501.59 4311.52 4298.34 4137.66 4036.84 3776.34 4353.55 8140.06 3663.96 5043.12 6032.31 3601.4 3542.24 3818.46 3299.09 3175.2 3139.77 3832.49 6063.61 2912.05 2882.9
threshold=6.5000000000000009 13.500000000000002 152.50000000000003 29.500000000000004 24.500000000000004 13.500000000000002 10.500000000000002 10.500000000000002 121.50000000000001 8.0000000000000018 52.000000000000007 235.84999847412112 8.0000000000000018 13.500000000000002 144.50000000000003 182.25000000000003 96.500000000000014 20.000000000000004 107.50000000000001 95.250000000000014 29.500000000000004 16.500000000000004 16.500000000000004 24.500000000000004 35.500000000000007 5.5000000000000009 36.500000000000007 88.500000000000014 133.65000152587893 52.000000000000007
decision_type=2 2 2 2 2 2 2 2 2 2 2 10 2 2 2 8 2 2 2 10 2 2 2 2 2 2 2 2 10 2
left_child=2 7 12 8 11 -6 -7 10 9 -4 29 14 21 24 15 -3 -17 -9 19 -19 -10 -1 -23 -20 28 -15 -27 -28 -14 -2
right_child=1 4 3 -5 5 6 -8 17 20 -11 -12 -13 13 25 -16 16 -18 18 23 -21 -22 22 -24 -25 -26 26 27 -29 -30 -31
leaf_value=-0.035982337244435288 -0.014717676544030075 0.022246431550269688 0.0028024050572221402 0.099996034098458475 0.03594762755010248 0.1814115026527709 0.060317174188056343 0.0070934720546816255 -0.019748517703555294 0.12090473354119581 0.06599666450388933 0.10887465917833115 -0.020072429003655957 -0.019304042809902645 -0.0047179870603831055 0.021062467224329733 0.1477769056409495 0.035254243957562874 0.054210335774796711 0.14424924365878219 0.055719573368906046 -0.019927281578205579 0.057220601048089237 -0.035343348118714882 -0.07592233242822044 -0.011580638780170828 0.1511185912306296 0.012664425192514662 0.033183264547649111 0.051257203437119779
leaf_weight=5070 4123 1520 251 228 450 241 242 2190 1230 173 192 166 1871 287 816 306 231 352 187 211 189 701 218 248 226 184 160 169 310 179
leaf_count=5070 4123 1520 251 228 450 241 242 2190 1230 173 192 166 1871 287 816 306 231 352 187 211 189 701 218 248 226 184 160 169 310 179
internal_value=0.000227807 0.0158094 -0.0158869 0.0148269 0.0410953 0.0798933 0.120788 0.00273223 0.00427769 0.0510459 -0.00863095 0.0291762 -0.0228064 -0.00803835 0.0245631 0.0361902 0.0756147 0.0187579 0.0443305 0.076145 -0.00968016 -0.0307105 -0.00160108 0.00310034 -0.0184575 0.0232808 0.0471509 0.0800693 -0.0124921 -0.0119671
internal_weight=22921 11654 11267 2071 3972 933 483 7682 1843 424 4494 3039 9196 3207 2873 2057 537 3188 998 563 1419 5989 919 435 2407 800 513 329 2181 4302
internal_count=22921 11654 11267 2071 3972 933 483 7682 1843 424 4494 3039 9196 3207 2873 2057 537 3188 998 563 1419 5989 919 435 2407 800 513 329 2181 4302
is_linear=0
shrinkage=0.0161


Tree=88
num_leaves=31
num_cat=0
split_feature=298 119 213 486 175 531 248 375 464 365 595 426 552 521 209 172 33 196 119 495 330 239 539 587 270 285 4 522 156 537
split_gain=24215.2 9943.6 8873.11 7022.46 6880.79 6050.13 8403.3 8531.9 5864.96 6750.73 8356.32 5545.5 7214.93 5427.11 5591.24 5675.34 5016.94 4033.93 3566.63 3504.89 3363.36 3780.38 3267.58 3237.93 3188.54 3245.37 2996.27 2984.29 3707.16 2896.49
threshold=16.500000000000004 4.5000000000000009 13.500000000000002 157.50000000000003 43.500000000000007 241.50000000000003 6.5000000000000009 24.500000000000004 10.500000000000002 8.0000000000000018 200.34999847412112 10.500000000000002 186.44999694824222 261.50000000000006 8.0000000000000018 24.500000000000004 6.5000000000000009 13.500000000000002 20.000000000000004 99.500000000000014 6.5000000000000009 16.500000000000004 31.500000000000004 215.15000152587893 24.500000000000004 5.5000000000000009 6.5000000000000009 36.500000000000007 8.0000000000000018 191.50000000000003
decision_type=2 2 2 2 2 2 2 2 2 2 8 2 8 2 2 2 2 2 2 2 2 2 2 8 2 2 2 2 2 2
left_child=1 19 13 16 8 6 23 11 22 -10 17 -8 -13 14 20 29 -3 -11 -18 -1 -2 -22 -4 -5 25 -20 -24 -27 -29 -16
right_child=2 3 4 5 -6 -7 7 -9 9 10 -12 12 -14 -15 15 -17 18 -19 24 -21 21 -23 26 -25 -26 27 -28 28 -30 -31
leaf_value=-0.035268410905570889 -0.037854250058960481 -0.021928221581361162 0.078485067185229684 -0.028221030566841814 0.15729946519375426 -0.025480583451187439 0.0016910354601804641 0.14785050945345352 0.0059227666872761556 0.022460656726173461 0.20391850128361991 0.14101563390744759 0.019542493693649108 0.097141089337001676 0.028192693374433305 0.10054876706014455 -0.0047442238455987027 0.12403565945252903 -0.026106295954794075 -0.008470436397599368 -0.018261566987167847 0.058711156052918372 -0.048762073478806109 0.047071633735333164 0.090734612760075828 -0.0068539702136398723 0.024615098298786629 0.11666742563942997 0.016654142921491803 -0.036471777652828226
leaf_weight=4158 760 3919 195 539 164 541 491 237 231 220 170 243 266 187 917 248 4189 189 317 1822 434 267 200 204 175 245 517 186 200 223
leaf_count=4158 760 3919 195 539 164 541 491 237 231 220 170 243 266 187 917 248 4189 189 317 1822 434 267 200 204 175 245 517 186 200 223
internal_value=-0.00143499 -0.0102058 0.0301579 -0.00160335 0.0575882 0.0222093 0.0352515 0.0609592 0.0480782 0.079616 0.108976 0.0403425 0.0775808 0.01311 0.00758623 0.0307317 -0.00810916 0.0694563 0.00208161 -0.0271075 -0.0143866 0.0110226 0.0200419 -0.0075168 0.0275642 0.0158782 0.00411444 0.0370075 0.064908 0.0155228
internal_weight=22654 17732 4922 11752 1886 2521 1980 1237 1722 810 579 1000 509 3036 2849 1388 9231 409 5312 5980 1461 701 912 743 1123 948 717 631 386 1140
internal_count=22654 17732 4922 11752 1886 2521 1980 1237 1722 810 579 1000 509 3036 2849 1388 9231 409 5312 5980 1461 701 912 743 1123 948 717 631 386 1140
is_linear=0
shrinkage=0.0161


Tree=89
num_leaves=31
num_cat=0
split_feature=417 563 84 482 391 154 419 589 295 522 137 19 28 228 10 359 349 496 480 71 568 467 419 223 137 528 33 449 437 304
split_gain=27353.2 11417.9 11486.7 10360.3 10190 6976.65 5977.2 8707.82 5047.89 4620.02 4339.79 4929.19 6463.2 4209.74 4083.71 3995.82 4743.82 6494.51 5915.2 3110.46 3043.58 3754.75 2890 3324.58 2825.96 2720.47 3641.29 3651.69 3876.08 2681.18
threshold=10.500000000000002 221.94999694824222 8.0000000000000018 25.500000000000004 16.500000000000004 5.5000000000000009 29.500000000000004 135.15000152587893 16.500000000000004 232.50000000000003 13.500000000000002 16.500000000000004 13.500000000000002 35.500000000000007 29.500000000000004 10.500000000000002 8.0000000000000018 185.50000000000003 135.50000000000003 6.5000000000000009 141.55000305175784 8.0000000000000018 6.5000000000000009 10.500000000000002 43.500000000000007 152.50000000000003 8.0000000000000018 10.500000000000002 13.500000000000002 4.5000000000000009
decision_type=2 10 2 2 2 2 2 8 2 2 2 2 2 2 2 2 2 2 2 2 8 2 2 2 2 2 2 2 2 2
left_child=3 4 -3 -1 8 9 10 -8 13 -5 22 12 -12 25 19 24 -17 18 20 -10 21 -18 -6 -24 29 26 -2 -28 -29 -7
right_child=1 2 -4 5 6 15 7 -9 14 -11 11 -13 -14 -15 -16 16 17 -19 -20 -21 -22 -23 23 -25 -26 -27 27 28 -30 -31
leaf_value=-0.032368112330978513 -0.015203198711375713 0.18698270258640443 0.034932073816325709 -0.024688147626267316 -0.017884826505522849 -0.026494305622059698 0.16280911472726325 0.030742286184176144 -0.0054881469026796239 0.042040985955019698 0.16053962409499065 0.016823542358635177 0.030716972470268989 0.067946556073949893 0.10257265270433771 0.0014091705503541901 0.12730570355795939 -0.014363481032698688 0.13285068525344357 0.043241068943104581 -0.010290352731893944 0.023173775985254042 0.0097301777837360305 0.073251824993026293 0.058204699499952932 -0.032166530561759513 -0.0027806010580853358 0.021151045680175739 0.10895299839380158 0.0040697932495737527
leaf_weight=4374 1604 217 318 3513 422 1069 253 266 593 291 225 300 179 210 187 1102 160 312 275 792 192 206 586 337 192 814 742 384 198 2444
leaf_count=4374 1604 217 318 3513 422 1069 253 266 593 291 225 300 179 210 187 1102 160 312 275 792 192 206 586 337 192 814 742 384 198 2444
internal_value=0.00201243 0.0246032 0.0966489 -0.0117786 0.019837 -0.00254505 0.0463368 0.095167 0.00751345 -0.0195773 0.0339569 0.066355 0.103077 -0.00218767 0.031917 0.00833652 0.0252763 0.0482266 0.071698 0.0223602 0.0415179 0.0687602 0.0169817 0.0329483 -0.00193076 -0.00612988 0.00110042 0.0208697 0.0510623 -0.00522411
internal_weight=22757 8627 535 14130 8092 9756 2568 519 5524 3804 2049 704 404 3952 1572 5952 2247 1145 833 1385 558 366 1345 923 3705 3742 2928 1324 582 3513
internal_count=22757 8627 535 14130 8092 9756 2568 519 5524 3804 2049 704 404 3952 1572 5952 2247 1145 833 1385 558 366 1345 923 3705 3742 2928 1324 582 3513
is_linear=0
shrinkage=0.0161


Tree=90
num_leaves=31
num_cat=0
split_feature=418 560 156 359 13 482 93 417 436 413 98 254 449 186 599 237 214 539 485 470 286 299 278 539 542 358 439 243 227 526
split_gain=23828.7 13582.5 10283.4 9744.65 7370.2 6071.37 6064.8 5097.66 5177.6 4753.45 4417.09 7194.9 3971.24 3962.12 3991.35 3801.62 3648.07 3632.71 3261.39 2728.83 2741.84 2705.42 2678.36 3138.17 3353.53 3283.52 2766.94 3501.7 2924.98 2574.28
threshold=6.5000000000000009 238.25000000000003 8.0000000000000018 10.500000000000002 52.000000000000007 148.50000000000003 8.0000000000000018 35.500000000000007 13.500000000000002 16.500000000000004 20.000000000000004 16.500000000000004 20.000000000000004 5.5000000000000009 153.34999847412112 10.500000000000002 8.0000000000000018 102.50000000000001 240.50000000000003 29.500000000000004 24.500000000000004 43.500000000000007 3.5000000000000004 110.50000000000001 125.85000228881837 43.500000000000007 8.0000000000000018 13.500000000000002 8.0000000000000018 78.500000000000014
decision_type=2 10 2 2 2 2 2 2 2 2 2 2 2 2 8 2 2 2 2 2 2 2 2 2 10 2 2 2 2 2
left_child=5 3 -3 15 6 16 9 18 17 21 12 -12 -7 -11 -15 29 -1 -9 22 20 -18 -5 -8 25 -25 26 -24 28 -28 -2
right_child=1 2 -4 4 -6 10 7 8 -10 13 11 -13 -14 14 -16 -17 19 -19 -20 -21 -22 -23 23 24 -26 -27 27 -29 -30 -31
leaf_value=-0.031275120673483051 -0.023551794576146225 0.19478106344093604 0.039447072029468538 -0.0063560722487698215 0.11437737883109078 -0.017473859766656889 -0.015548653785148867 0.080123174448013382 0.13074727012963164 -0.011964031572843314 0.0032574967253923637 0.13602110127536329 0.047520789860149765 0.020069028002568406 0.13124025611573353 0.014064657648879132 -0.020077020249240587 -0.019673055681911706 0.088215736353464233 0.039531362355215149 0.032884004265800237 -0.074396593255741675 0.0082622268201517721 -0.045940950227602181 0.025345845337274832 0.1110695170382166 0.037546727999301165 0.013141057978382425 0.12609102717292445 0.0033645738887884643
leaf_weight=5621 2179 183 280 1280 240 1335 418 228 269 221 296 165 298 168 168 2305 2204 161 207 274 286 172 573 247 556 164 173 284 222 1593
leaf_count=5621 2179 183 280 1280 240 1335 418 228 269 221 296 165 298 168 168 2305 2204 161 207 274 286 172 573 247 556 164 173 284 222 1593
internal_value=0.000134272 0.0153429 0.100893 0.0119921 0.0270144 -0.017702 0.0232055 0.035998 0.0764008 0.0008944 0.00681224 0.050827 -0.00559882 0.0408903 0.0757247 -0.00222042 -0.0238267 0.0387588 0.026642 -0.00867086 -0.0139845 -0.0144322 0.0217996 0.0288457 0.00338896 0.0432653 0.0343648 0.0563578 0.0873705 -0.0121782
internal_weight=22770 12291 463 11828 5751 10479 5511 3502 658 2009 2094 461 1633 557 336 6077 8385 389 2844 2764 2490 1452 2637 2219 803 1416 1252 679 395 3772
internal_count=22770 12291 463 11828 5751 10479 5511 3502 658 2009 2094 461 1633 557 336 6077 8385 389 2844 2764 2490 1452 2637 2219 803 1416 1252 679 395 3772
is_linear=0
shrinkage=0.0161


Tree=91
num_leaves=31
num_cat=0
split_feature=479 177 560 416 54 40 526 478 536 25 107 299 313 33 283 569 155 356 509 421 596 539 330 15 168 507 177 540 545 239
split_gain=24362.2 12739.6 8005.87 7775.21 7705.24 7127.3 8141.46 6275.62 9132.61 5278.64 5150.7 4462.16 4148.88 3813.08 4315.6 4578.94 3519.15 3183.36 3133.13 3203.69 4086.21 8519.92 3086.77 4624.63 2969.52 2870.27 5004.77 3973.11 2709.77 2878.98
threshold=10.500000000000002 8.0000000000000018 238.25000000000003 10.500000000000002 20.000000000000004 16.500000000000004 92.500000000000014 43.500000000000007 108.50000000000001 35.500000000000007 52.000000000000007 13.500000000000002 61.500000000000007 5.5000000000000009 13.500000000000002 198.94999694824222 2.5000000000000004 10.500000000000002 12.500000000000002 10.500000000000002 74.750000000000014 111.50000000000001 13.500000000000002 24.500000000000004 6.5000000000000009 106.50000000000001 52.000000000000007 224.44999694824222 103.25000000000001 6.5000000000000009
decision_type=2 2 10 2 2 2 2 2 2 2 2 2 2 2 2 8 2 2 2 2 10 2 2 2 2 2 2 10 10 2
left_child=3 9 7 12 22 28 -7 10 -9 13 25 -11 16 -2 -15 17 -1 -16 -18 -20 21 24 -5 -24 -21 26 -3 -27 -6 -30
right_child=1 2 -4 4 5 6 -8 8 -10 11 -12 -13 -14 14 15 -17 18 -19 19 20 -22 -23 23 -25 -26 27 -28 -29 29 -31
leaf_value=-0.046487635081554721 -0.028733570913751637 0.028277338249967143 0.13533490087012121 -0.01832758648857866 -0.015693554353709102 0.021082074183878932 0.17441814239086187 0.15020757858335596 0.017449239435354931 0.0035707853439724442 0.11250310608767068 0.12304360360484264 0.059147873803553581 -0.0067323021258390179 -0.0076197098870707594 0.095164331773050559 -0.039183865901524839 0.072366113928289608 -0.022284392945980138 -0.038556956902456481 -0.011300955527381758 0.13789631620631645 -0.0014621282695756778 0.082740901401892109 0.048433926604660477 -0.0033076377144676595 0.12043985105047979 0.079217833731002482 -0.0025849943949033441 0.089064405866914498
leaf_weight=1426 1125 1942 217 2392 408 176 184 280 259 161 177 164 161 2079 489 243 1569 175 3907 229 1551 162 920 207 183 1304 166 171 170 185
leaf_count=1426 1125 1942 217 2392 408 176 184 280 259 161 177 164 161 2079 489 243 1569 175 3907 229 1551 162 920 207 183 1304 166 171 170 185
internal_value=0.000153672 0.0208485 0.0398841 -0.0132401 0.00373911 0.0404612 0.0995192 0.0350606 0.0864583 0.00146422 0.0276864 0.063931 -0.021821 -0.00346844 0.00604252 0.0353506 -0.0232677 0.0134254 -0.0189084 -0.0136306 0.00226906 0.0389775 -0.00797311 0.0139829 2.507e-05 0.0234899 0.0355461 0.00624377 0.0125654 0.0451097
internal_weight=22782 8952 4516 13830 4642 1123 360 4299 539 4436 3760 325 9188 4111 2986 907 9027 664 7601 6032 2125 574 3519 1127 412 3583 2108 1475 763 355
internal_count=22782 8952 4516 13830 4642 1123 360 4299 539 4436 3760 325 9188 4111 2986 907 9027 664 7601 6032 2125 574 3519 1127 412 3583 2108 1475 763 355
is_linear=0
shrinkage=0.0161


Tree=92
num_leaves=31
num_cat=0
split_feature=119 416 476 212 512 273 352 272 231 291 54 487 209 541 69 298 16 453 237 298 184 553 365 251 209 441 74 491 376 398
split_gain=28561.8 10506.6 9313.72 6282.58 5932.19 5556.43 6550.23 5497.26 5237.95 5052.24 4991.03 5515.1 4836.79 4829.85 4508.52 4262.75 3788.68 3708.24 3964.19 3275.41 3931.51 3089.22 2914.37 2724.43 2683.65 3739.97 4450.67 2651.64 2599.91 3174.11
threshold=20.000000000000004 10.500000000000002 29.500000000000004 5.5000000000000009 161.50000000000003 10.500000000000002 10.500000000000002 5.5000000000000009 16.500000000000004 20.000000000000004 20.000000000000004 190.50000000000003 29.500000000000004 186.44999694824222 10.500000000000002 6.5000000000000009 29.500000000000004 8.0000000000000018 5.5000000000000009 24.500000000000004 10.500000000000002 189.94999694824222 20.000000000000004 29.500000000000004 6.5000000000000009 4.5000000000000009 5.5000000000000009 74.500000000000014 13.500000000000002 24.500000000000004
decision_type=2 2 2 2 2 2 2 2 2 2 2 2 2 10 2 2 2 2 2 2 2 10 2 2 2 2 2 2 2 2
left_child=1 7 3 8 5 -4 -7 23 -2 19 15 22 16 -11 -14 -3 24 21 -19 28 -21 -17 -12 -1 25 -5 -27 -28 -9 -30
right_child=2 10 4 12 -6 6 -8 9 -10 13 11 -13 14 -15 -16 17 -18 18 -20 20 -22 -23 -24 -25 -26 26 27 -29 29 -31
leaf_value=-0.032695831666915184 -0.033331064019605276 -0.017883972307351382 0.054855874866684549 -0.013536617051127416 0.015298908890902876 0.087524907013178388 0.22970347042781578 -0.024758398157684262 0.060326426741263331 0.010098218873800776 0.0064775634987233842 0.094069136050694627 0.1562650498881813 0.10687711604845862 0.038497360668947322 -0.015182503230327354 0.081775463332779949 0.10094480879070837 0.020464811829461981 -0.013080104453025026 0.090152105029770876 0.059906085983244178 0.068311144299673776 0.012660138144362006 0.0040354618384777679 0.11771692417719473 -0.0083119115371564477 0.067277110431913242 -0.0090542724727942763 0.058490804319636595
leaf_weight=5155 672 2102 245 241 221 176 162 3539 201 817 1083 302 162 160 177 1201 314 183 1205 223 167 161 242 367 1066 232 226 256 1207 212
leaf_count=5155 672 2102 245 241 221 176 162 3539 201 817 1083 302 162 160 177 1201 314 183 1205 223 167 161 242 367 1066 232 226 256 1207 212
internal_value=-0.000117239 -0.0089224 0.0369638 0.0257396 0.0864524 0.113384 0.155739 -0.0179381 -0.0117404 -0.00768573 0.00755943 0.0319622 0.0379848 0.0259715 0.0948452 -0.000618579 0.0297196 0.0125699 0.0310926 -0.0138388 0.0310641 -0.00628911 0.0177887 -0.0296771 0.0216201 0.041224 0.0597406 0.0317861 -0.0173756 0.00102044
internal_weight=22677 18326 4351 3547 804 583 338 11847 873 6325 6479 1627 2674 977 339 4852 2335 2750 1388 5348 390 1362 1325 5522 2021 955 714 482 4958 1419
internal_count=22677 18326 4351 3547 804 583 338 11847 873 6325 6479 1627 2674 977 339 4852 2335 2750 1388 5348 390 1362 1325 5522 2021 955 714 482 4958 1419
is_linear=0
shrinkage=0.0161


Tree=93
num_leaves=31
num_cat=0
split_feature=179 196 549 151 358 526 57 541 88 42 235 546 253 480 191 44 353 78 238 599 497 408 297 419 525 157 32 317 238 238
split_gain=20686.9 11982 13760.7 7556.12 7551.86 9159.81 7356.1 5525.91 6692.81 9470.34 4925.12 4139.83 5591.12 6125.5 3921.61 4513.31 3855.6 5269.28 3687.65 3636.66 5511.61 5552.55 7198.89 3437.39 3427.18 3387.37 3357.13 3123.08 2986.76 2710.85
threshold=5.5000000000000009 13.500000000000002 93.149997711181655 6.5000000000000009 29.500000000000004 108.50000000000001 24.500000000000004 187.55000305175784 13.500000000000002 13.500000000000002 3.5000000000000004 210.94999694824222 16.500000000000004 97.500000000000014 16.500000000000004 6.5000000000000009 13.500000000000002 8.0000000000000018 8.0000000000000018 108.85000228881837 72.500000000000014 8.0000000000000018 8.0000000000000018 24.500000000000004 39.500000000000007 8.0000000000000018 16.500000000000004 20.000000000000004 10.500000000000002 4.5000000000000009
decision_type=2 2 10 2 2 2 2 8 2 2 2 8 2 2 2 2 2 2 2 10 2 2 2 2 2 2 2 2 2 2
left_child=10 3 23 29 7 -6 19 14 9 -9 -1 -12 18 -14 15 -4 -8 -18 -13 20 28 -22 -23 -3 -25 -20 -17 -21 -5 -2
right_child=1 2 4 6 5 -7 16 8 -10 -11 11 12 13 -15 -16 26 17 -19 25 27 21 22 -24 24 -26 -27 -28 -29 -30 -31
leaf_value=-0.039071234536741981 -0.035102655125055296 -0.012246387123850313 0.10318663903263414 -0.017267472476824627 0.21379892005328452 0.062314123156657859 0.027745764958615599 0.053117378878768252 0.027134458333146934 0.22495202944932191 -0.019209588401768847 -0.022580368752967046 -0.012060427399062915 0.11660236335501505 -0.0169279426101905 -0.0027668543439381059 0.034788684667707126 0.14480588559666457 0.089695700749002558 -0.021760326002136513 0.01003144459321607 0.1772860009492768 0.035732296914043546 0.098367594390977281 -0.0018532773490715277 -0.012931019151311158 0.071540254892523594 0.035649945133434544 0.025255500229508437 -0.0058191592443182956
leaf_weight=2350 1138 1279 257 958 170 266 772 174 266 160 5120 947 164 230 358 437 239 215 171 1512 378 165 215 164 191 162 246 293 774 2937
leaf_count=2350 1138 1279 257 958 170 266 772 174 266 160 5120 947 164 230 358 437 239 215 171 1512 378 165 215 164 191 162 246 293 774 2937
internal_value=-0.000259196 0.0123568 0.0358892 0.00262362 0.0609754 0.121433 0.0148997 0.0470749 0.0874993 0.135504 -0.0189761 -0.0120219 0.00994808 0.0629876 0.0283706 0.0456476 0.0496856 0.0869412 -0.00635974 0.00496459 0.017582 0.053791 0.0972583 4.16813e-05 0.0443796 0.0396985 0.0239623 -0.0124281 0.0017217 -0.0140028
internal_weight=22708 13564 3968 9596 2334 436 5521 1898 600 334 9144 6794 1674 394 1298 940 1226 454 1280 4295 2490 758 380 1634 355 333 683 1805 1732 4075
internal_count=22708 13564 3968 9596 2334 436 5521 1898 600 334 9144 6794 1674 394 1298 940 1226 454 1280 4295 2490 758 380 1634 355 333 683 1805 1732 4075
is_linear=0
shrinkage=0.0161


Tree=94
num_leaves=31
num_cat=0
split_feature=179 356 549 569 15 479 58 313 566 450 210 159 374 102 197 415 569 454 81 548 118 117 476 61 258 266 118 51 25 64
split_gain=21169.7 9504.09 9342.79 7708.46 11607.7 7558.13 6891.05 6856.76 5632.76 5123.02 5170.61 5069.92 3794.47 3633.15 3501.13 5627.72 3891 4539.9 3635.67 4922.36 3959.29 3301.99 3287.69 3784.55 3268.87 2801.89 2741.41 2688.75 2587.23 2577.03
threshold=10.500000000000002 29.500000000000004 218.75000000000003 220.15000152587893 10.500000000000002 24.500000000000004 4.5000000000000009 13.500000000000002 240.75000000000003 43.500000000000007 20.000000000000004 3.5000000000000004 52.000000000000007 4.5000000000000009 16.500000000000004 24.500000000000004 177.15000152587893 13.500000000000002 2.5000000000000004 163.25000000000003 13.500000000000002 5.5000000000000009 10.500000000000002 8.0000000000000018 6.5000000000000009 13.500000000000002 10.500000000000002 10.500000000000002 5.5000000000000009 10.500000000000002
decision_type=2 2 10 8 2 2 2 2 10 2 2 2 2 2 2 2 8 2 2 8 2 2 2 2 2 2 2 2 2 2
left_child=2 11 6 4 -4 13 -1 -7 9 12 -11 26 21 -3 18 16 17 -16 19 -13 -20 -8 -22 24 -24 -18 -2 -28 -15 -30
right_child=1 5 3 -5 -6 7 8 -9 -10 10 -12 14 -14 28 15 -17 25 -19 20 -21 22 -23 23 -25 -26 -27 27 -29 29 -31
leaf_value=-0.030296918158844863 -0.039620840977696685 0.10146748022388431 0.0035149053508955795 -0.021692536726762673 0.17233368972023935 0.06582268772822332 -0.026486513670397123 0.20096519206720351 0.087551431504736765 -0.0082492108049035257 0.1130178619293062 0.015058010898335136 0.045731859227885419 -0.035848323059038713 0.018338186748810686 0.11398721303152086 -0.036859445502819201 0.10220892119316678 -0.0078992869740869345 0.12574815686627111 0.0037964103885052307 -0.0053778886013506394 0.037273116426995608 0.020277961753245932 0.13807360576783359 0.045430484496812584 -0.019744308358331502 0.051722067710435582 0.080504763843855298 0.0044530617295817218
leaf_weight=4567 624 166 208 262 215 248 2840 161 163 185 179 281 303 175 420 236 306 279 1985 166 887 5948 160 503 176 165 335 230 200 275
leaf_count=4567 624 166 208 262 215 248 2840 161 163 185 179 281 303 175 420 236 306 279 1985 166 887 5948 160 503 176 165 335 230 200 275
internal_value=0.000145228 0.0213039 -0.0112052 0.0468604 0.0893768 0.0625679 -0.0140108 0.119078 -0.00627512 -0.00789514 0.0513202 0.0138151 -0.0102687 0.0342147 0.0202657 0.0422357 0.0277427 0.0518482 0.012831 0.0562171 0.00759873 -0.0122022 0.025436 0.0482855 0.0901434 -0.00798179 -0.0163513 0.00930654 0.0170032 0.0365244
internal_weight=22848 7978 14870 685 423 1225 14185 409 9618 9455 364 6753 9091 816 5564 1406 1170 699 4158 447 3711 8788 1726 839 336 471 1189 565 650 475
internal_count=22848 7978 14870 685 423 1225 14185 409 9618 9455 364 6753 9091 816 5564 1406 1170 699 4158 447 3711 8788 1726 839 336 471 1189 565 650 475
is_linear=0
shrinkage=0.0161


Tree=95
num_leaves=31
num_cat=0
split_feature=177 238 92 419 359 215 118 10 388 191 56 549 341 63 337 312 14 22 364 520 189 93 478 421 534 263 310 272 506 541
split_gain=20307 9078.21 7457.96 7159.23 4837.5 5000.89 5827.08 3880.74 3647.67 4431.29 3560.41 4875.84 5747.54 5143.91 4555.36 3545.86 3966.93 3441.99 3165.44 3944.99 3158.22 3083.65 2945.72 3566.56 3976.92 3519.13 4184.55 3291.28 2931.22 6182.3
threshold=8.0000000000000018 13.500000000000002 10.500000000000002 6.5000000000000009 8.0000000000000018 13.500000000000002 29.500000000000004 61.500000000000007 10.500000000000002 6.5000000000000009 6.5000000000000009 126.54999923706056 16.500000000000004 10.500000000000002 20.000000000000004 13.500000000000002 4.5000000000000009 13.500000000000002 8.0000000000000018 138.50000000000003 10.500000000000002 6.5000000000000009 16.500000000000004 24.500000000000004 127.50000000000001 13.500000000000002 6.5000000000000009 20.000000000000004 88.500000000000014 135.15000152587893
decision_type=2 2 2 2 2 2 2 2 2 2 2 10 2 2 2 2 2 2 2 2 2 2 2 2 2 2 2 2 2 10
left_child=3 10 8 15 17 28 20 22 -3 -10 -2 -12 14 -14 -13 -1 -17 -4 -18 -20 -7 -11 23 -5 -25 27 -27 -24 -6 -30
right_child=1 2 4 7 5 6 -8 -9 9 21 11 12 13 -15 -16 16 18 -19 19 -21 -22 -23 25 24 -26 26 -28 -29 29 -31
leaf_value=-0.032579699480672727 -0.014716775233446526 -0.013557802501443263 -0.021988963233943337 -0.016425403520840189 0.071767747036030768 0.10991906243520735 0.1549613304191684 0.074350107759495521 -0.010554508543925758 0.016803010448225679 -0.0011924654150263663 -0.0022617534725272634 0.1367270946509074 0.026466342601738468 0.080746363085154177 0.051182086570039739 -0.03640510421090204 0.059413949043901432 -0.015520559575273861 0.076825376079211485 0.011990624064981956 0.10136919797553895 -0.016207256670313697 -0.0028947501307820677 0.092228210461942781 0.099544622455375972 0.0067410215497868686 0.046479420191102523 -0.057386255996568027 0.060394088049023145
leaf_weight=5008 1833 854 313 3765 560 161 302 169 331 191 2538 827 231 210 216 269 826 236 385 174 183 272 901 340 171 234 274 286 180 322
leaf_count=5008 1833 854 313 3765 560 161 302 169 331 191 2538 827 231 210 216 269 826 236 385 174 183 272 901 340 171 234 274 286 180 322
internal_value=-0.000932139 0.0165601 0.035574 -0.0142697 0.0545887 0.0679552 0.103308 -0.00172446 0.00951842 0.0343681 0.00387477 0.0123536 0.0355365 0.0842753 0.0149062 -0.0258285 -0.00537297 0.012961 -0.0163743 0.0131819 0.0578918 0.0665342 -0.00388158 -0.0110044 0.0288909 0.0140734 0.0495355 -0.00108348 0.0464287 0.0181152
internal_weight=22562 9760 3905 12802 2257 1708 646 6140 1648 794 5855 4022 1484 441 1043 6662 1654 549 1385 559 344 463 5971 4276 511 1695 508 1187 1062 502
internal_count=22562 9760 3905 12802 2257 1708 646 6140 1648 794 5855 4022 1484 441 1043 6662 1654 549 1385 559 344 463 5971 4276 511 1695 508 1187 1062 502
is_linear=0
shrinkage=0.0161


Tree=96
num_leaves=31
num_cat=0
split_feature=178 152 478 194 540 503 310 271 178 589 409 71 211 356 355 269 539 254 227 563 595 91 318 243 366 482 346 91 24 245
split_gain=19083.1 9954.5 8488.53 7217.82 8326.29 7186.13 5286.2 4956.77 5614.65 4774.01 6345.72 5759.44 5780.57 4328.73 4140.68 4885.7 5051.88 5203.89 3747.23 3080.12 5931.06 5443.75 2890.17 2823.31 2562.3 2509.55 2490.98 2406.19 2592.52 2728.93
threshold=6.5000000000000009 8.0000000000000018 16.500000000000004 20.000000000000004 187.55000305175784 62.500000000000007 52.000000000000007 13.500000000000002 61.500000000000007 126.54999923706056 6.5000000000000009 6.5000000000000009 16.500000000000004 10.500000000000002 20.000000000000004 6.5000000000000009 113.50000000000001 10.500000000000002 4.5000000000000009 221.94999694824222 203.05000305175784 16.500000000000004 8.0000000000000018 20.000000000000004 43.500000000000007 16.500000000000004 10.500000000000002 16.500000000000004 6.5000000000000009 8.0000000000000018
decision_type=2 2 2 2 8 2 2 2 2 8 2 2 2 2 2 2 2 2 2 8 8 2 2 2 2 2 2 2 2 2
left_child=5 14 3 -3 26 -1 18 25 9 10 -9 -11 -13 -12 24 -16 -17 -18 -7 -20 -21 22 -22 -14 -2 -4 -5 28 -27 -30
right_child=1 2 7 4 -6 6 -8 8 -10 11 13 12 23 -15 15 16 17 -19 19 20 21 -23 -24 -25 -26 27 -28 -29 29 -31
leaf_value=-0.028294894593754064 -0.011966490626785781 -0.0010658321593412759 -0.034610095112839745 0.051967763142360138 0.13669042643677873 -0.028444167517374795 0.075963956399804466 0.027628331142296635 0.15642931569698212 -0.028653063659994794 0.18803677160118468 0.14221609944808244 -0.0062010370460920863 0.079947602409946625 -0.024764823921838031 0.012633301356243304 0.031535233864068389 0.15865999799569294 -0.0060345820939214289 0.10786811778837872 -0.049175263988342946 0.085574065038048347 0.022377983563063485 0.080674365846560445 0.048301001737461137 -0.027875971964894844 -0.030912000872562261 0.070806162416727367 0.086001492015159081 0.0031517946420582667
leaf_weight=5921 4224 2714 171 204 230 1370 214 261 161 280 181 161 245 207 356 468 169 166 2691 191 316 178 272 160 191 233 174 292 182 239
leaf_count=5921 4224 2714 171 204 230 1370 214 261 161 280 181 161 245 207 356 468 169 166 2691 191 316 178 272 160 191 233 174 292 182 239
internal_value=-0.00108639 0.0133055 0.0275263 0.0101581 0.0602986 -0.0161463 -0.00239331 0.0483246 0.0660103 0.0562572 0.0891246 0.0310154 0.060575 0.130431 -0.00224026 0.0248375 0.0468574 0.0945987 -0.00573966 0.00278053 0.0275924 0.00754518 -0.0160358 0.028062 -0.00935389 0.0220837 0.0137545 0.0323566 0.0151536 0.039024
internal_weight=22822 11669 6095 3322 608 11153 5232 2773 1656 1495 649 846 566 388 5574 1159 803 335 5018 3648 957 766 588 405 4415 1117 378 946 654 421
internal_count=22822 11669 6095 3322 608 11153 5232 2773 1656 1495 649 846 566 388 5574 1159 803 335 5018 3648 957 766 588 405 4415 1117 378 946 654 421
is_linear=0
shrinkage=0.0161


Tree=97
num_leaves=31
num_cat=0
split_feature=152 117 544 56 563 477 177 542 472 367 539 119 479 536 487 224 219 130 357 156 360 377 272 405 292 104 318 348 161 479
split_gain=20999.8 11798.2 7688.76 7366.49 6686.24 6388.88 5622.01 5390.07 6553.72 7598.02 8411.48 5780.32 4040.55 3922.8 7377.57 3733.43 4050.84 4283.09 5110.28 3478.17 3933.02 3784.39 3175.72 3057.56 3004.07 3782.26 4692.16 4127.57 3057.19 2895.91
threshold=6.5000000000000009 16.500000000000004 244.44999694824222 29.500000000000004 221.94999694824222 16.500000000000004 3.5000000000000004 203.05000305175784 20.000000000000004 6.5000000000000009 217.50000000000003 20.000000000000004 8.0000000000000018 119.50000000000001 112.50000000000001 3.5000000000000004 4.5000000000000009 29.500000000000004 8.0000000000000018 24.500000000000004 16.500000000000004 6.5000000000000009 20.000000000000004 13.500000000000002 6.5000000000000009 24.500000000000004 13.500000000000002 13.500000000000002 20.000000000000004 35.500000000000007
decision_type=2 2 10 2 8 2 2 10 2 2 2 2 2 2 2 2 2 2 2 2 2 2 2 2 2 2 2 2 2 2
left_child=2 7 6 5 22 -3 -1 11 9 -9 -11 -2 -7 14 29 -8 -17 24 -19 20 21 -14 -5 -23 -18 26 28 -28 -26 -13
right_child=1 3 -4 4 -6 12 15 8 -10 10 -12 13 19 -15 -16 16 17 18 -20 -21 -22 23 -24 -25 25 -27 27 -29 -30 -31
leaf_value=-0.037938528786624237 -0.0082673717872677691 0.0010397384651532409 0.080826886663787276 0.027811059321939675 0.15716918157352527 0.0076338637307789437 -0.031426480457688893 -0.010911173879791453 -0.040149845353634542 0.04640967655797968 0.20260525093483686 0.012195860115982653 0.020432594019236069 -0.010643621207631307 0.13863583650329203 -0.025117204740028206 -0.01851280311706226 -0.0026940587687937782 0.10092445789712272 0.13580185210735121 0.0015432301537546609 0.1517028820690971 0.10136477774541519 0.057910498011703483 -0.0086615888943092582 -0.033813805369207327 0.027833864082246858 0.12234856328265874 0.059228144650290207 0.086252641336943908
leaf_weight=2789 5660 1380 207 432 215 412 1871 185 175 202 161 787 194 518 176 1906 1727 253 240 163 254 197 236 168 1014 414 353 182 207 166
leaf_count=2789 5660 1380 207 432 215 412 1871 185 175 202 161 787 194 518 176 1906 1727 253 240 163 254 197 236 168 1014 414 353 182 207 166
internal_value=-0.000569248 0.01452 -0.0163608 0.038517 0.0790203 0.0255879 -0.0181992 0.00360631 0.0455406 0.0729482 0.115751 -0.00053971 0.0499776 0.0260025 0.0428371 -0.0114554 -0.00551675 0.00298779 0.0477013 0.0678281 0.0541709 0.0780419 0.0538323 0.108597 -0.00266277 0.00994067 0.0202698 0.0600305 0.0028287 0.0251203
internal_weight=22844 11681 11163 3651 883 2768 10956 8030 723 548 363 7307 1388 1647 1129 8167 6296 4390 493 976 813 559 668 365 3897 2170 1756 535 1221 953
internal_count=22844 11681 11163 3651 883 2768 10956 8030 723 548 363 7307 1388 1647 1129 8167 6296 4390 493 976 813 559 668 365 3897 2170 1756 535 1221 953
is_linear=0
shrinkage=0.0161


Tree=98
num_leaves=31
num_cat=0
split_feature=119 177 335 51 388 539 503 156 233 212 594 179 33 225 448 447 172 452 554 517 263 203 572 505 118 360 595 365 542 63
split_gain=20440.4 11418.8 7387.78 6757.06 6495.75 6227.69 6208.65 7896.16 5144.31 4038.95 4132.16 8380.95 4013.84 4098.32 5126.25 5936.15 3918.61 3415.74 3176.9 3157.99 3499.2 3080.41 3009.49 4823.78 2797.27 2762.79 4203.45 2558.43 2570.43 2390.74
threshold=8.0000000000000018 8.0000000000000018 20.000000000000004 3.5000000000000004 29.500000000000004 44.500000000000007 232.50000000000003 8.0000000000000018 52.000000000000007 8.0000000000000018 104.35000228881837 29.500000000000004 4.5000000000000009 10.500000000000002 13.500000000000002 16.500000000000004 24.500000000000004 4.5000000000000009 189.94999694824222 130.50000000000003 8.0000000000000018 43.500000000000007 189.94999694824222 195.50000000000003 16.500000000000004 13.500000000000002 99.950000762939467 10.500000000000002 161.34999847412112 13.500000000000002
decision_type=2 2 2 2 2 2 2 2 2 2 8 2 2 2 2 2 2 2 10 2 2 2 10 2 2 2 10 2 10 2
left_child=5 6 8 -4 18 -1 12 -8 9 22 11 -11 -2 -14 24 -16 27 25 19 20 -5 29 23 -3 -15 -7 -27 28 -12 -19
right_child=1 2 3 4 -6 17 7 -9 -10 10 16 -13 13 14 15 -17 -18 21 -20 -21 -22 -23 -24 -25 -26 26 -28 -29 -30 -31
leaf_value=-0.028248990373589841 -0.034617387107910652 -0.00069823329967812035 0.16237335863646674 -0.011214201064914633 0.12997722541055484 -0.034208331691153344 0.1391489969161426 -0.0065071027896068095 0.099537607596393574 0.034243630608771947 0.0049717788338153315 0.1587492019462507 -0.011092408466206708 -0.01654155508103337 0.11875864342702827 -0.0026842647590353012 0.073910150649596953 0.0078131865892898701 0.095449572643020564 -0.032826235484568186 0.078273126935354237 0.063351032805447571 -0.053809988109827088 0.092148351032474665 0.047589398220180178 0.071434003153272724 -0.026867988290357893 -0.016046107980561244 0.072856565412259197 -0.017170824168909023
leaf_weight=5124 1045 1547 164 196 217 1419 178 210 210 663 417 178 2484 622 257 175 258 3116 162 228 267 207 232 160 246 182 296 694 222 1457
leaf_count=5124 1045 1547 164 196 217 1419 178 210 210 663 417 178 2484 622 257 175 258 3116 162 228 267 207 232 160 246 182 296 694 222 1457
internal_value=-0.000167545 0.0155865 0.0311015 0.0660755 0.0512939 -0.014897 -0.00170229 0.0602538 0.0216752 0.017929 0.0317482 0.0606236 -0.00668521 0.0010224 0.0241891 0.0695085 0.01647 -0.00464705 0.0312495 0.0161642 0.04034 0.00260286 0.000584105 0.00799065 0.00160669 -0.0229275 0.0105116 0.00533488 0.028593 -0.000141803
internal_weight=22833 11032 5815 1234 1070 11801 5217 388 4581 4371 2432 841 4829 3784 1300 432 1591 6677 853 691 463 4780 1939 1707 868 1897 478 1333 639 4573
internal_count=22833 11032 5815 1234 1070 11801 5217 388 4581 4371 2432 841 4829 3784 1300 432 1591 6677 853 691 463 4780 1939 1707 868 1897 478 1333 639 4573
is_linear=0
shrinkage=0.0161


Tree=99
num_leaves=31
num_cat=0
split_feature=419 210 357 14 212 499 454 373 34 404 418 85 412 571 590 373 175 348 68 425 438 179 153 290 371 204 72 515 412 163
split_gain=17680.8 9719.36 7659.09 7888.84 6208.38 7377.7 4692.55 4711.79 4525.99 6267.01 6939.21 4208.44 3413 4543.74 6231.72 3650.73 3179.65 3561.75 4203.46 2893.89 3338.34 3419.77 2833.79 2721.68 2873.14 2716.35 2636.04 2757.39 2597.07 2482.65
threshold=6.5000000000000009 8.0000000000000018 20.000000000000004 29.500000000000004 6.5000000000000009 246.50000000000003 6.5000000000000009 24.500000000000004 13.500000000000002 10.500000000000002 24.500000000000004 16.500000000000004 10.500000000000002 164.05000305175784 154.15000152587893 13.500000000000002 3.5000000000000004 13.500000000000002 24.500000000000004 10.500000000000002 20.000000000000004 24.500000000000004 29.500000000000004 6.5000000000000009 13.500000000000002 5.5000000000000009 35.500000000000007 218.50000000000003 35.500000000000007 20.000000000000004
decision_type=2 2 2 2 2 2 2 2 2 2 2 2 2 8 8 2 2 2 2 2 2 2 2 2 2 2 2 2 2 2
left_child=4 6 12 8 5 28 -2 26 -4 -10 -11 -9 19 14 15 -14 -6 18 22 -3 21 -21 23 -18 25 -25 27 -8 -1 -15
right_child=1 2 3 -5 16 -7 7 11 9 10 -12 -13 13 29 -16 -17 17 -19 -20 20 -22 -23 -24 24 -26 -27 -28 -29 -30 -31
leaf_value=-0.030740784525831188 -0.016862204865426004 -0.014305528331588479 0.014562648113645271 0.13660270267981778 -0.027871806816120427 0.065345360273461772 -0.005316638442939948 0.023532956194774073 0.026266614637617376 0.051139911327884841 0.19138763109137841 0.11801035086058667 0.008611999215927266 -0.012253104295790428 0.14013853167414556 0.082139664110494143 -0.016358520528188421 -0.01719310954298741 0.074677259210346972 -0.010197339518871923 0.075769041826801498 0.067973586874544634 0.071576317305615908 0.054499366403691255 0.069560344610849215 -0.019564522406822951 0.057889960290328855 0.046719822602554043 0.014649616244140146 0.055360930792404693
leaf_weight=5952 2668 1212 797 265 817 226 2748 379 417 194 174 181 472 588 186 279 854 1013 306 658 234 186 177 191 255 391 216 292 345 185
leaf_count=5952 2668 1212 797 265 817 226 2748 379 417 194 174 181 472 588 186 279 854 1013 306 658 234 186 177 191 255 391 216 292 345 185
internal_value=7.27369e-06 0.0130914 0.0281437 0.0552659 -0.0153168 -0.0250038 -0.0004785 0.0109702 0.0416263 0.0690737 0.117517 0.0541114 0.0156141 0.0328255 0.0566645 0.0359592 0.000458589 0.00772858 0.019352 0.00275168 0.021951 0.00700202 0.0102764 0.00384614 0.0244893 0.00470123 0.00354309 -0.000310657 -0.0282502 0.00389833
internal_weight=22858 12331 5847 1847 10527 6523 6484 3816 1582 785 368 560 4000 1710 937 751 4004 3187 2174 2290 1078 844 1868 1691 837 582 3256 3040 6297 773
internal_count=22858 12331 5847 1847 10527 6523 6484 3816 1582 785 368 560 4000 1710 937 751 4004 3187 2174 2290 1078 844 1868 1691 837 582 3256 3040 6297 773
is_linear=0
shrinkage=0.0161


Tree=100
num_leaves=31
num_cat=0
split_feature=417 560 225 482 152 238 33 416 215 113 538 178 545 122 68 29 555 539 104 567 118 526 73 513 91 523 481 175 385 94
split_gain=17352.5 9413.53 8903.04 8003.46 6265.09 6129.81 4575.29 4117.94 5993.61 3877.03 3868.88 5918.27 4223.65 4989.4 3471.46 5283.02 6434.47 6102.09 3194.3 4243.21 3954.6 4608.04 3784.71 3094.24 4042.42 3165.25 4539.98 4558.09 3511.84 4576.22
threshold=10.500000000000002 238.25000000000003 10.500000000000002 25.500000000000004 5.5000000000000009 16.500000000000004 10.500000000000002 35.500000000000007 13.500000000000002 52.000000000000007 125.50000000000001 52.000000000000007 142.34999847412112 10.500000000000002 8.0000000000000018 6.5000000000000009 247.34999847412112 126.50000000000001 13.500000000000002 171.05000305175784 16.500000000000004 84.500000000000014 29.500000000000004 265.50000000000006 3.5000000000000004 48.500000000000007 45.500000000000007 8.0000000000000018 16.500000000000004 8.0000000000000018
decision_type=2 10 2 2 2 2 2 2 2 2 2 2 10 2 2 2 8 2 2 10 2 2 2 2 2 2 2 2 2 2
left_child=3 4 -3 -1 -2 18 9 10 -9 14 11 -7 -12 -14 -5 -16 -17 -18 19 20 -6 -22 -20 24 -8 26 -26 -28 -27 -30
right_child=1 2 -4 6 5 7 23 8 -10 -11 12 -13 13 -15 15 16 17 -19 22 -21 21 -23 -24 -25 25 28 27 -29 29 -31
leaf_value=-0.028862346522924676 -0.006779849648676492 0.020226391425717343 0.18496147356385476 -0.02621881413735291 -0.0097640880035593323 0.034487022554204085 -0.029565571765138347 0.041409737561873286 0.15519026240520109 0.055827763079315848 -0.052267605011874552 0.13207343183851206 -0.024330816637886093 0.081279594808760722 -0.027347006637737814 0.00082233280739937192 0.011526590680071447 0.14851666314219708 0.018098973737195774 -0.056170380169814446 0.0047798135184525248 0.09838421521196497 0.097711583183979364 0.065847455874441907 0.00071104391890136468 -0.0060786782407643795 0.13209997939278817 0.018680730345017084 -0.01944114578240148 0.070420182384272681
leaf_weight=4421 2479 174 167 3003 1176 1102 651 328 190 211 244 189 223 241 1104 1131 167 171 1045 326 345 226 182 246 327 1746 212 163 229 408
leaf_count=4421 2479 174 167 3003 1176 1102 651 328 190 211 244 189 223 241 1104 1131 167 171 1045 326 345 226 182 246 327 1746 212 163 229 408
internal_value=6.24043e-05 0.018056 0.100972 -0.0108881 0.0146449 0.0237795 -0.00275131 0.0427062 0.0831893 -0.011893 0.032204 0.0487917 0.00192407 0.0304721 -0.0144598 -0.000726443 0.0192637 0.0809019 0.00933643 -0.0028397 0.00709863 0.0418694 0.029927 0.0105283 0.00687942 0.0145777 0.0446293 0.0828632 0.00571505 0.0380783
internal_weight=22827 8637 341 14190 8296 5817 9769 2517 518 5787 1999 1291 708 464 5576 2573 1469 338 3300 2073 1747 571 1227 3982 3736 3085 702 375 2383 637
internal_count=22827 8637 341 14190 8296 5817 9769 2517 518 5787 1999 1291 708 464 5576 2573 1469 338 3300 2073 1747 571 1227 3982 3736 3085 702 375 2383 637
is_linear=0
shrinkage=0.0161


Tree=101
num_leaves=31
num_cat=0
split_feature=419 297 560 282 529 499 392 173 457 119 211 465 262 256 174 56 76 364 564 331 500 231 583 221 72 513 33 117 5 439
split_gain=18057.5 10454.8 6470.13 9861.2 5515.55 5270.78 5316.39 5269.46 5133.58 4503.56 4333.2 4258.19 5089.09 4565.73 6102.7 3810.89 3839.96 4450.07 6088.01 4767.68 3790.56 3553.9 3483.66 3396.07 4542.32 3514.07 3215.74 3202.43 3032.25 3677.16
threshold=6.5000000000000009 8.0000000000000018 224.44999694824222 13.500000000000002 205.50000000000003 42.500000000000007 43.500000000000007 61.500000000000007 4.5000000000000009 13.500000000000002 4.5000000000000009 13.500000000000002 6.5000000000000009 10.500000000000002 6.5000000000000009 52.000000000000007 10.500000000000002 13.500000000000002 124.35000228881837 24.500000000000004 198.50000000000003 24.500000000000004 183.15000152587893 8.0000000000000018 35.500000000000007 244.50000000000003 2.5000000000000004 35.500000000000007 6.5000000000000009 16.500000000000004
decision_type=2 2 10 2 2 2 2 2 2 2 2 2 2 2 2 2 2 2 10 2 2 2 10 2 2 2 2 2 2 2
left_child=5 8 4 -4 7 -1 23 9 -2 -3 -11 21 -13 -14 -15 16 27 18 -18 -19 22 -10 -6 25 26 -7 -25 -12 -28 -30
right_child=1 2 3 -5 20 6 -8 -9 11 10 15 12 13 14 -16 -17 17 19 -20 -21 -22 -23 -24 24 -26 -27 28 -29 29 -31
leaf_value=-0.026841494274061628 -0.024543443852035107 0.011008711429562255 0.02331389439641628 0.17582088407436611 -0.030280364254368097 -0.021883169682373953 0.067762280805291494 0.11914895463892784 -0.0081163316168724846 -0.0084635378287745752 0.0091256800578998383 -0.0047710466933145023 0.021346324822658771 0.17320265488100853 0.045384389919186092 0.11512424817807243 0.059941565464409999 -0.0061471838515904376 0.17877565096042317 0.092143704293914844 -0.05769566776268549 0.050265110566830633 0.062976319660055846 -0.049231440927805188 0.073216960203756745 0.047238605291909395 -0.015658161664712879 0.077245630663634421 0.044743629472172357 -0.020478585942102074
leaf_weight=4467 1621 2242 258 192 209 3087 258 170 2645 382 894 592 454 160 247 212 329 317 170 214 321 301 206 296 245 203 811 224 761 317
leaf_count=4467 1621 2242 258 192 209 3087 258 170 2645 382 894 592 454 160 247 212 329 317 170 214 321 301 206 296 245 203 811 224 761 317
internal_value=0.00197332 0.0151442 0.0295729 0.0884358 0.0250717 -0.0136101 -0.00371908 0.0309608 -4.76092e-05 0.027948 0.0417899 0.00897358 0.0315297 0.0565165 0.0956902 0.0499342 0.0434892 0.0659284 0.100473 0.033421 -0.0161356 -0.00214337 0.0159542 -0.00694735 0.00748066 -0.0176111 9.89954e-05 0.0227951 0.00784137 0.0255424
internal_weight=22805 12360 6340 450 5890 10445 5978 5154 6020 4984 2742 4399 1453 861 407 2360 2148 1030 499 531 736 2946 415 5720 2430 3290 2185 1118 1889 1078
internal_count=22805 12360 6340 450 5890 10445 5978 5154 6020 4984 2742 4399 1453 861 407 2360 2148 1030 499 531 736 2946 415 5720 2430 3290 2185 1118 1889 1078
is_linear=0
shrinkage=0.0161


Tree=102
num_leaves=31
num_cat=0
split_feature=478 91 435 364 574 502 164 519 567 58 212 250 547 294 557 148 177 31 544 543 118 33 494 365 35 238 516 246 294 46
split_gain=17239.6 9327.69 10440.5 6731.26 6676.56 5344.84 5083.47 5883.8 6269 8559.52 5787.09 4121.11 6198.75 4061.32 3918.83 6877.66 3849.82 3786.25 3278.33 4557.06 3615.43 3265.56 3443.11 3197.97 3307.5 3497.96 3142.01 3068.61 3037.69 2808.22
threshold=8.0000000000000018 8.0000000000000018 8.0000000000000018 73.500000000000014 233.25000000000003 72.500000000000014 10.500000000000002 217.50000000000003 186.44999694824222 16.500000000000004 6.5000000000000009 20.000000000000004 205.94999694824222 13.500000000000002 198.94999694824222 10.500000000000002 29.500000000000004 24.500000000000004 183.15000152587893 176.25000000000003 24.500000000000004 8.0000000000000018 187.50000000000003 35.500000000000007 8.0000000000000018 16.500000000000004 91.500000000000014 10.500000000000002 10.500000000000002 24.500000000000004
decision_type=2 2 2 2 10 2 2 2 8 2 2 2 10 2 10 2 2 2 10 10 2 2 2 2 2 2 2 2 2 2
left_child=3 14 16 5 6 -1 23 8 10 -10 -8 18 13 -13 21 -16 -3 -12 19 20 27 29 -23 24 -4 -26 -18 -7 -27 -2
right_child=1 2 4 -5 -6 11 7 -9 9 -11 17 12 -14 -15 15 -17 26 -19 -20 -21 -22 22 -24 -25 25 28 -28 -29 -30 -31
leaf_value=-0.024187018301282771 -0.027977907575222862 -0.0023595553645823588 0.0037607665804022341 0.086633780534026358 0.14422776046317723 -0.022096656562329245 -0.017654262477928184 -0.028379444913146496 0.20878613419803399 0.056051576269927218 0.043414088564673992 -0.017641827622299613 0.11835341764003095 0.061350353683003386 0.10628515163860096 -0.029583251188800189 0.089116326586416175 0.11847604687167196 -0.036859932514645179 0.078903880029870518 0.055963006351033753 0.01498372146643546 -0.057150792051637346 -0.038784417510563891 0.023273928296538442 0.04399011843733016 0.0018606386499491758 0.012503826707630743 0.13767522946074967 0.025563362713771784
leaf_weight=6552 1885 2473 665 173 174 2033 231 161 184 198 417 498 164 255 218 173 237 301 870 172 226 1756 190 194 479 185 196 986 176 293
leaf_count=6552 1885 2473 665 173 174 2033 231 161 184 198 417 498 164 255 218 173 237 301 870 172 226 1756 190 194 479 185 196 986 176 293
internal_value=0.000293088 0.0150445 0.0277489 -0.0130429 0.0470549 -0.0145118 0.0417489 0.0634425 0.0745671 0.129682 0.052357 -0.0023258 0.0286463 0.00907726 -0.00259573 0.0461093 0.00538544 0.0749143 -0.00895631 -0.0018449 -0.00613221 -0.0072192 0.00792869 0.0226845 0.0306237 0.0518623 0.0496739 -0.0107884 0.0897301 -0.0207643
internal_weight=22715 10786 6271 11929 3365 11756 3191 1492 1331 382 949 5204 917 753 4515 391 2906 718 4287 3417 3245 4124 1946 1699 1505 840 433 3019 361 2178
internal_count=22715 10786 6271 11929 3365 11756 3191 1492 1331 382 949 5204 917 753 4515 391 2906 718 4287 3417 3245 4124 1946 1699 1505 840 433 3019 361 2178
is_linear=0
shrinkage=0.0161


Tree=103
num_leaves=31
num_cat=0
split_feature=118 540 343 212 363 57 497 501 154 536 486 589 171 486 348 112 310 79 355 532 441 17 435 100 480 88 453 479 497 520
split_gain=17288.7 9812.68 10281.3 8549.89 6841.47 6466.84 6367.97 4523.78 5250.67 3766.49 3935.58 4235.3 4346.45 4024.12 3595.67 6302.51 3573.22 3546.64 3461.27 3367.9 3335.71 2998.24 2933.68 3699.54 3205.92 2779 2549.32 3385.46 2979.39 4026.37
threshold=8.0000000000000018 226.84999847412112 20.000000000000004 8.0000000000000018 10.500000000000002 29.500000000000004 44.500000000000007 149.50000000000003 20.000000000000004 240.50000000000003 32.500000000000007 105.54999923706056 16.500000000000004 78.500000000000014 29.500000000000004 20.000000000000004 10.500000000000002 8.0000000000000018 20.000000000000004 180.50000000000003 10.500000000000002 1.0000000180025095e-35 8.0000000000000018 4.5000000000000009 161.50000000000003 2.5000000000000004 6.5000000000000009 5.5000000000000009 195.50000000000003 115.50000000000001
decision_type=2 10 2 2 2 2 2 2 2 2 2 10 2 2 2 2 2 2 2 2 2 2 2 2 2 2 2 2 2 2
left_child=6 3 4 18 -3 9 -1 8 -7 10 -5 12 16 -14 21 17 20 -16 26 -20 -12 -8 -13 -24 -25 -23 -2 -28 29 -29
right_child=1 2 -4 5 -6 7 14 -9 -10 -11 11 22 13 -15 15 -17 -18 -19 19 -21 -22 25 23 24 -26 -27 27 28 -30 -31
leaf_value=-0.025768222022435734 -0.021511855104096339 0.1080295350543687 0.18615785721115422 -0.0044682534606073077 -0.017780835824935691 0.056703278846453029 -0.055934734688948419 0.0096294064813575043 0.15095162455573025 -0.040398721386272388 0.027584337177429526 -0.011776865993448859 0.048020634483824619 0.16107227069763386 -0.045144269672363367 0.11565698109771355 -0.00676876473741114 0.042487985816049692 0.0097653695696783213 0.083558949084878445 0.10774026316007192 -0.033444056120957126 0.10261788845429448 -0.0085033028175107717 0.062302625950384133 0.00093485380375565017 -0.026861389357394693 0.0086130765803993526 -0.044280934860659281 0.073895380860529894
leaf_weight=5087 2093 202 167 1062 251 545 294 303 214 270 329 648 164 164 215 178 322 270 848 198 229 693 163 450 262 5048 641 886 175 339
leaf_count=5087 2093 202 167 1062 251 545 294 303 214 270 329 648 164 164 215 178 322 270 848 198 229 693 163 450 262 5048 641 886 175 339
internal_value=0.00133632 0.0159271 0.0781409 0.0121818 0.0382681 0.0269256 -0.0121878 0.0623086 0.0833076 0.0176713 0.0218112 0.032039 0.0545584 0.104618 -0.00187014 0.0337145 0.035873 0.00359217 -0.00240099 0.0237564 0.060522 -0.00578333 0.0141619 0.0333983 0.0175186 -0.00321095 -0.00902513 0.00376819 0.017809 0.0266982
internal_weight=22710 10925 620 10305 453 5125 11785 1062 759 4063 3793 2731 1208 328 6698 663 880 485 5180 1046 558 6035 1523 875 712 5741 4134 2041 1400 1225
internal_count=22710 10925 620 10305 453 5125 11785 1062 759 4063 3793 2731 1208 328 6698 663 880 485 5180 1046 558 6035 1523 875 712 5741 4134 2041 1400 1225
is_linear=0
shrinkage=0.0161


Tree=104
num_leaves=31
num_cat=0
split_feature=418 535 502 359 331 446 467 572 591 566 284 479 500 560 475 265 297 508 118 202 316 458 280 117 487 128 206 176 76 377
split_gain=15997.3 8477.59 8356.56 6324.91 5147.26 5061.69 6069.3 4613.39 6303.36 5367.92 4981.26 4895.89 4448.32 4307 4771.72 4005.68 3494.31 3500.59 3413.81 3144.59 3059.21 6740.36 3027.19 2828.9 3066.94 2803.6 2768.67 2466.43 3635.25 3854.83
threshold=6.5000000000000009 172.50000000000003 313.50000000000006 8.0000000000000018 4.5000000000000009 13.500000000000002 8.0000000000000018 231.15000152587893 144.05000305175784 169.15000152587893 5.5000000000000009 35.500000000000007 261.50000000000006 235.84999847412112 20.000000000000004 16.500000000000004 3.5000000000000004 230.50000000000003 43.500000000000007 16.500000000000004 13.500000000000002 20.000000000000004 6.5000000000000009 24.500000000000004 61.500000000000007 10.500000000000002 13.500000000000002 6.5000000000000009 20.000000000000004 16.500000000000004
decision_type=2 2 2 2 2 2 2 10 8 8 2 2 2 8 2 2 2 2 2 2 2 2 2 2 2 2 2 2 2 2
left_child=1 23 3 13 26 15 -7 8 9 10 -6 18 16 20 22 -3 -10 27 19 -12 -2 -22 -15 -1 -25 -24 -5 -18 29 -29
right_child=2 5 -4 4 7 6 -8 -9 12 -11 11 -13 -14 14 -16 -17 17 -19 -20 -21 21 -23 25 24 -26 -27 -28 28 -30 -31
leaf_value=-0.022802258627356759 -0.019584455690949024 -0.017889406530756994 0.11100811313154058 -0.023430900110197977 0.0039630994285496136 0.00013908194445585344 0.11332358745485901 0.089390554805751435 -0.064523483291809666 0.12426662364465868 0.016593848000802821 0.10870642921280196 0.078744701815929435 -0.024993994919775355 0.091170588135155828 0.05950526927687335 -0.013817498770856992 -0.050562932638423479 0.10331048118580408 0.075992427334316118 -0.0098879370281608602 0.082559676706223245 0.066882094748627968 -0.022283013906230508 0.052524860088655707 -0.015075935885832142 0.031428888335528343 0.024179519351527023 -0.022414136817629285 0.10452516076808159
leaf_weight=8467 2864 755 219 917 962 222 276 292 210 181 1101 300 192 389 227 225 603 261 182 293 882 266 287 290 278 173 322 668 296 202
leaf_count=8467 2864 755 219 917 962 222 276 292 210 181 1101 300 192 389 227 225 603 261 182 293 882 266 287 290 278 173 322 668 296 202
internal_value=-3.79408e-05 -0.014619 0.0124339 0.0106435 0.020593 0.021119 0.0629151 0.0270148 0.0236692 0.0392092 0.0337761 0.0490515 0.00436863 -0.00300513 0.0255916 -9.62038e-05 -0.00199595 0.00446082 0.037681 0.0290955 -0.0106805 0.0115123 0.00802978 -0.0204678 0.0142893 0.0360076 -0.00915456 0.0125924 0.0262705 0.0428615
internal_weight=22802 10513 12289 12070 6982 1478 498 5743 5451 3019 2838 1876 2432 5088 1076 980 2240 2030 1576 1394 4012 1148 849 9035 568 460 1239 1769 1166 870
internal_count=22802 10513 12289 12070 6982 1478 498 5743 5451 3019 2838 1876 2432 5088 1076 980 2240 2030 1576 1394 4012 1148 849 9035 568 460 1239 1769 1166 870
is_linear=0
shrinkage=0.0161


Tree=105
num_leaves=31
num_cat=0
split_feature=418 419 434 504 177 508 155 507 212 358 286 135 462 262 452 337 412 292 543 596 183 151 510 208 135 184 97 32 576 481
split_gain=16205.8 10127.2 7842.28 6410.03 5669.41 6079.01 5477.25 4947.02 4515.04 5655.94 5990.45 4377.33 4308.27 4246.24 4109.74 4030.94 3899.42 3525.54 3445.39 4492.03 3393.75 3866.95 2903.03 2898.46 3205.85 2765.87 2509.83 2405.6 2374.23 2366.36
threshold=4.5000000000000009 6.5000000000000009 16.500000000000004 222.50000000000003 16.500000000000004 187.50000000000003 3.5000000000000004 265.50000000000006 10.500000000000002 43.500000000000007 16.500000000000004 29.500000000000004 43.500000000000007 8.0000000000000018 8.0000000000000018 24.500000000000004 35.500000000000007 29.500000000000004 203.05000305175784 132.44999694824222 10.500000000000002 8.0000000000000018 112.50000000000001 10.500000000000002 6.5000000000000009 35.500000000000007 13.500000000000002 24.500000000000004 94.250000000000014 230.50000000000003
decision_type=2 2 2 2 2 2 2 2 2 2 2 2 2 2 2 2 2 2 10 8 2 2 2 2 2 2 2 2 8 2
left_child=7 12 4 8 13 6 -6 26 -4 10 11 22 16 -3 -15 23 25 -18 19 20 21 -16 28 27 -25 -2 -1 -8 -10 -7
right_child=1 2 3 -5 5 29 15 -9 9 -11 -12 -13 -14 14 18 -17 17 -19 -20 -21 -22 -23 -24 24 -26 -27 -28 -29 -30 -31
leaf_value=-0.030395223745856001 -0.016648622163158849 -0.012740477840527169 0.011671142901797601 0.10938019726694898 -0.02482302197439485 -0.057640339268767112 0.00396121724021198 0.060599408898135421 0.02877019285713751 0.14308225325573745 -0.01416974071007634 0.13726866780402838 0.050891812612293169 -0.0091037708871904571 0.034581797994926368 0.11647256413987392 0.084331580301749726 -0.0080799626974391442 0.10343983903412261 -0.0075091451511414761 0.0061776911482033349 0.13495582276800183 -0.011771338164656088 0.10912236075998435 0.033135799542139875 0.041460152669404608 -0.0076026664699105862 0.072762155295893152 0.11298521150799037 0.022046168665337984
leaf_weight=4516 5282 2823 1283 319 252 236 502 184 176 164 339 178 310 952 207 242 205 223 165 578 238 193 162 289 289 221 1737 179 173 163
leaf_count=4516 5282 2823 1283 319 252 236 502 184 176 164 339 178 310 952 207 242 205 223 165 578 238 193 162 289 289 221 1737 179 173 163
internal_value=-5.10563e-06 0.00851622 0.0184785 0.041423 0.00970312 0.0316531 0.0445677 -0.0216437 0.0326545 0.0552201 0.0411803 0.0684476 -0.00760546 0.000537107 0.0166135 0.0562332 -0.0106669 0.0361276 0.0343588 0.0249658 0.0544236 0.0830711 0.0444286 0.0446356 0.0711698 -0.0143107 -0.0240675 0.02208 0.0705832 -0.0250277
internal_weight=22780 16343 10102 2794 7308 2152 1753 6437 2475 1192 1028 689 6241 5156 2333 1501 5931 428 1381 1216 638 400 511 1259 578 5503 6253 681 349 399
internal_count=22780 16343 10102 2794 7308 2152 1753 6437 2475 1192 1028 689 6241 5156 2333 1501 5931 428 1381 1216 638 400 511 1259 578 5503 6253 681 349 399
is_linear=0
shrinkage=0.0161


Tree=106
num_leaves=31
num_cat=0
split_feature=299 477 557 452 542 538 355 222 559 255 298 421 354 517 489 21 440 545 54 192 519 497 340 250 514 265 278 477 591 317
split_gain=17329.8 8749.39 9667.39 5495.25 5263.48 5224.95 5234.65 4920.79 4817.93 4084.23 3987.28 3778.96 3626.63 4082.57 4111.19 3604.94 7627.05 3279.1 3038.77 2997.21 6796.71 6815.01 2894.84 2882.38 3434.25 2822.32 2664.28 2579.08 2356.52 3213.96
threshold=6.5000000000000009 16.500000000000004 238.25000000000003 4.5000000000000009 240.75000000000003 251.50000000000003 61.500000000000007 6.5000000000000009 226.84999847412112 20.000000000000004 16.500000000000004 61.500000000000007 35.500000000000007 123.50000000000001 92.500000000000014 13.500000000000002 8.0000000000000018 193.75000000000003 3.5000000000000004 13.500000000000002 146.50000000000003 163.50000000000003 13.500000000000002 5.5000000000000009 163.50000000000003 10.500000000000002 29.500000000000004 5.5000000000000009 235.84999847412112 13.500000000000002
decision_type=2 2 10 2 10 2 2 2 10 2 2 2 2 2 2 2 2 8 2 2 2 2 2 2 2 2 2 2 8 2
left_child=7 4 3 -3 9 6 10 27 19 11 18 23 13 14 25 16 22 -15 -5 -9 -21 -22 -11 24 -2 -12 28 -1 -25 -30
right_child=1 2 -4 5 -6 -7 -8 8 -10 15 12 -13 -14 17 -16 -17 -18 -19 -20 20 21 -23 -24 26 -26 -27 -28 -29 29 -31
leaf_value=-0.035886454927436764 -0.011183623688305137 -0.021060225631774558 0.14548533997301277 0.071678807716425041 0.072982399035124587 -0.040095280871021197 0.12872610827520165 -0.014155126251118826 0.076804717631678537 -0.012565093889134574 0.066937852751397187 0.073197327230078574 0.1179791314333805 -0.031690979491441798 0.11813523273190786 -0.0039249624074139738 0.12371846788677038 0.058666849088114766 0.0035645942284113366 -0.0058718780929942083 0.15325873540988344 0.0062874914989200234 0.066876995532602831 0 -0.063444046090983142 0 -0.039624160962539713 -0.014541539322535386 0.011788533792393769 0.085371219418033939
leaf_weight=2755 2051 521 189 202 276 222 166 3330 190 342 442 161 194 271 252 559 246 169 1070 1052 160 168 182 2762 388 259 349 3151 572 211
leaf_count=2755 2051 521 189 202 276 222 166 3330 190 342 442 161 194 271 252 559 246 169 1070 1052 160 168 182 2762 388 259 349 3151 572 211
internal_value=0.000199018 0.0134708 0.0330937 0.02745 0.00388058 0.035241 0.0407776 -0.0146058 -0.00267268 0.00143962 0.0356629 -0.00381981 0.0526905 0.043581 0.0623105 0.0271569 0.0497521 0.00296115 0.0144 -0.00588377 0.0140583 0.0780525 0.0149825 -0.00578148 -0.0195069 0.0422087 0.00280939 -0.0245024 0.00699355 0.0316474
internal_weight=22862 12056 3957 3768 8099 3247 3025 10806 4900 7823 2859 6494 1587 1393 953 1329 770 440 1272 4710 1380 328 524 6333 2439 701 3894 5906 3545 783
internal_count=22862 12056 3957 3768 8099 3247 3025 10806 4900 7823 2859 6494 1587 1393 953 1329 770 440 1272 4710 1380 328 524 6333 2439 701 3894 5906 3545 783
is_linear=0
shrinkage=0.0161


Tree=107
num_leaves=31
num_cat=0
split_feature=237 479 349 519 119 317 411 237 314 246 212 275 477 295 335 52 1 588 119 13 322 206 486 584 215 397 383 524 360 463
split_gain=14430.8 9215.49 6568.42 6052.8 6821.38 5612.48 4191.08 3880.25 6618.43 4014.9 3772.32 4115.78 7429.51 3754.09 6984.2 3695.93 4953.03 3246.23 3198.22 3656.21 3238.97 3152.99 4869.06 2935.66 2915.01 2795.8 2784.34 2704.59 2696.81 3373.98
threshold=13.500000000000002 24.500000000000004 8.0000000000000018 132.50000000000003 29.500000000000004 13.500000000000002 8.0000000000000018 6.5000000000000009 29.500000000000004 4.5000000000000009 6.5000000000000009 24.500000000000004 16.500000000000004 20.000000000000004 10.500000000000002 13.500000000000002 10.500000000000002 172.25000000000003 4.5000000000000009 29.500000000000004 10.500000000000002 20.000000000000004 126.50000000000001 251.25000000000003 6.5000000000000009 29.500000000000004 8.0000000000000018 104.50000000000001 29.500000000000004 29.500000000000004
decision_type=2 2 2 2 2 2 2 2 2 2 2 2 2 2 2 2 2 10 2 2 2 2 2 8 2 2 2 2 2 2
left_child=2 10 6 4 -3 18 21 8 9 -7 23 28 -13 25 -15 26 -17 -5 -4 -20 -21 -1 -23 -2 27 -8 -11 -9 29 -12
right_child=1 3 5 17 -6 7 13 24 -10 15 11 12 -14 14 -16 16 -18 -19 19 20 -22 22 -24 -25 -26 -27 -28 -29 -30 -31
leaf_value=-0.027524344603157464 -0.016426383833028538 0.050955288126082139 -0.024889984833760412 -0.03127348427351645 0.15148899872761987 -0.026701820144885629 -0.012979295590708309 -0.0087436248623105704 0.12523644762113106 -0.021416530530065946 0.014578840674738669 -0.0037871553265129208 0.12871691079052064 -0.010519418138521492 0.1200007135556522 0.14767148390020987 0.023467470279047883 0.053278011391886516 -0.0020156123955428055 0.10304066979437772 0.0037986011212204755 -0.016881500300439625 0.085427594255302872 0.031383126302135238 -0.024906144276166494 0.039168941542821911 0.053209031209864796 0.08362166234883428 -0.023737070846955866 0.076366788868452495
leaf_weight=5613 1484 446 1465 206 289 269 2832 167 214 247 1748 200 242 263 178 169 165 274 3056 171 171 440 166 429 514 294 272 161 386 264
leaf_count=5613 1484 446 1465 206 289 269 2832 167 214 247 1748 200 242 263 178 169 165 274 3056 171 171 440 166 429 514 294 272 161 386 264
internal_value=0.000384181 0.0218951 -0.00724366 0.0614698 0.0905169 0.00461249 -0.0157765 0.026093 0.0431534 0.0274766 0.0117738 0.0235473 0.0687071 -0.0018572 0.0421088 0.0445898 0.0863837 0.0169423 -0.00500318 0.0035638 0.0534885 -0.0237564 0.0111049 -0.00569255 -0.00094876 -0.00806723 0.0176482 0.0365225 0.0152136 0.0226979
internal_weight=22795 5968 16827 1215 735 7041 9786 2178 1336 1122 4753 2840 442 3567 441 853 334 480 4863 3398 342 6219 606 1913 842 3126 519 328 2398 2012
internal_count=22795 5968 16827 1215 735 7041 9786 2178 1336 1122 4753 2840 442 3567 441 853 334 480 4863 3398 342 6219 606 1913 842 3126 519 328 2398 2012
is_linear=0
shrinkage=0.0161


Tree=108
num_leaves=31
num_cat=0
split_feature=478 500 211 511 284 238 589 171 479 214 315 567 363 570 364 117 116 39 493 327 390 398 66 160 98 18 368 359 332 262
split_gain=15288.1 7686.23 7042.14 6757.76 6271.88 5330.39 5305.18 7949.76 5467.85 4384.65 6084.1 5913 5715.71 4377.94 4175.2 3757.1 3724.99 4326.9 3417.91 3400.78 3355.29 3629.15 6295.27 3116.5 2985.32 2979.34 2875.8 2826.16 2727.12 3227.47
threshold=10.500000000000002 288.50000000000006 4.5000000000000009 38.500000000000007 10.500000000000002 16.500000000000004 136.55000305175784 16.500000000000004 24.500000000000004 13.500000000000002 16.500000000000004 192.55000305175784 8.0000000000000018 198.94999694824222 29.500000000000004 16.500000000000004 13.500000000000002 20.000000000000004 66.500000000000014 8.0000000000000018 3.5000000000000004 13.500000000000002 13.500000000000002 24.500000000000004 10.500000000000002 6.5000000000000009 16.500000000000004 20.000000000000004 20.000000000000004 8.0000000000000018
decision_type=2 2 2 2 2 2 10 2 2 2 2 8 2 10 2 2 2 2 2 2 2 2 2 2 2 2 2 2 2 2
left_child=3 2 23 -1 15 13 7 8 -7 19 14 12 -12 -6 24 -4 18 26 -17 -5 -21 28 -23 -2 25 -11 27 -18 29 -22
right_child=1 -3 4 9 5 6 -8 -9 -10 10 11 -13 -14 -15 -16 16 17 -19 -20 20 21 22 -24 -25 -26 -27 -28 -29 -30 -31
leaf_value=-0.023747715972822599 -0.021453608498988794 0.09890622042379843 -0.002936648317926355 -0.018672966822597982 0.01013523184368416 0.025860326397976741 0.022577425481316801 0.17327671885732504 0.13327186822810169 0.049187582408438381 0.037591707321192776 0.0015321248865552304 0.16896845521505371 0.090472533447971598 0.074616453690394227 0.041424237459271283 0.02178698145090753 0.11683460901639738 -0.032472120016116227 -0.035575786126276855 -0.015784246739978375 0.010442009589781216 0.10861955248664981 0.041792858157940128 -0.031095585319203787 -0.011616489459890529 -0.026540464644198725 0.10444987232660398 -0.05094514614522927 0.033935861056278951
leaf_weight=5379 1596 290 2502 3366 1366 399 481 218 178 363 166 239 179 202 188 294 299 202 362 440 715 545 246 231 675 491 165 168 242 642
leaf_count=5379 1596 290 2502 3366 1366 399 481 218 178 363 166 239 179 202 188 294 299 202 362 440 715 545 246 231 675 491 165 168 242 642
internal_value=0.00095578 0.0173591 0.0146266 -0.00962621 0.0221322 0.0404053 0.0648474 0.0903925 0.0590367 -0.000683859 0.0182914 0.0631829 0.105824 0.0204998 0.00300887 0.00910812 0.0293494 0.0519267 0.000610186 -0.00773449 0.00526741 0.0127965 0.0410049 -0.013444 -0.00578033 0.0142012 0.0311435 0.0515748 -0.00114299 0.00772111
internal_weight=22829 8953 8663 13876 6836 2844 1276 795 577 8497 2301 584 345 1568 1717 3992 1490 834 656 6196 2830 2390 791 1827 1529 854 632 467 1599 1357
internal_count=22829 8953 8663 13876 6836 2844 1276 795 577 8497 2301 584 345 1568 1717 3992 1490 834 656 6196 2830 2390 791 1827 1529 854 632 467 1599 1357
is_linear=0
shrinkage=0.0161


Tree=109
num_leaves=31
num_cat=0
split_feature=119 237 256 561 525 35 299 355 93 204 130 335 208 129 505 508 224 441 222 11 359 244 397 589 425 498 455 341 295 268
split_gain=15148.4 7233.52 6966.69 7252.11 7656.82 6185.2 6574.54 5554.67 4421.48 4759.21 4277.54 7525.42 4243.45 4218.93 3952.93 3343.97 3033.25 2648.87 4003.41 4239.05 3477.26 3787.98 2594.7 3606.99 4485.42 2553.33 6224.48 4894.7 2494.99 2475.41
threshold=5.5000000000000009 16.500000000000004 20.000000000000004 95.250000000000014 109.50000000000001 10.500000000000002 16.500000000000004 35.500000000000007 13.500000000000002 35.500000000000007 20.000000000000004 24.500000000000004 6.5000000000000009 8.0000000000000018 7.5000000000000009 91.500000000000014 10.500000000000002 6.5000000000000009 16.500000000000004 10.500000000000002 20.000000000000004 10.500000000000002 13.500000000000002 153.34999847412112 8.0000000000000018 198.50000000000003 8.0000000000000018 8.0000000000000018 10.500000000000002 13.500000000000002
decision_type=2 2 2 10 2 2 2 2 2 2 2 2 2 2 2 2 2 2 2 2 2 2 2 10 2 2 2 2 2 2
left_child=14 2 8 -4 -5 15 10 13 22 17 11 -7 -6 -8 -1 16 -3 -10 20 -20 -19 -22 -2 -24 -25 -16 27 -27 -15 -18
right_child=1 5 3 4 12 6 7 -9 9 -11 -12 -13 -14 28 25 -17 29 18 19 -21 21 -23 23 24 -26 26 -28 -29 -30 -31
leaf_value=-0.041915837096896225 -0.016118686895768813 0.0092957146733612869 -0.0032221469910018491 0.12750693999422627 0.085504010470842232 0.014045539714985348 0.11178839584472812 0.16557874560255934 -0.010135025899478303 0.088432528347200307 -0.040397346597454975 0.1293270063874648 0.00046949358088410023 0.066607530914555152 -0.014903005049383021 -0.010422881210897163 0.032442616942615909 -0.0093044128267178536 0.12646810992205837 0.01658905673751656 0.00041681886675933998 0.10022385145279672 -0.0052660038496261221 -0.002808786250098106 0.10759059926742988 0.0091548647324353003 -0.024583061759907467 0.13038593341615648 -0.014222175962049409 0.1146716917157002
leaf_weight=1309 4301 659 773 319 239 648 274 173 1123 210 214 190 420 216 6044 1015 236 882 174 192 207 189 1306 195 186 182 434 165 182 160
leaf_count=1309 4301 659 773 319 239 648 274 173 1123 210 214 190 420 216 6044 1015 236 882 174 192 207 189 1306 195 186 182 434 165 182 160
internal_value=0.00134296 0.0111079 0.00422973 0.0336038 0.0627346 0.0296817 0.0506851 0.084139 -0.00150483 0.0145277 0.0237915 0.0402114 0.0313447 0.0631381 -0.0162811 0.0104223 0.0304994 0.00891021 0.0219341 0.0688909 0.00846799 0.0481114 -0.0094795 0.00743311 0.0510252 -0.0113611 0.016019 0.0668686 0.0295861 0.0657259
internal_weight=22817 14683 10716 1751 978 3967 1897 845 8965 2977 1052 838 659 672 8134 2070 1055 2767 1644 366 1278 396 5988 1687 381 6825 781 347 398 396
internal_count=22817 14683 10716 1751 978 3967 1897 845 8965 2977 1052 838 659 672 8134 2070 1055 2767 1644 366 1278 396 5988 1687 381 6825 781 347 398 396
is_linear=0
shrinkage=0.0161


Tree=110
num_leaves=31
num_cat=0
split_feature=238 501 251 333 479 221 524 534 548 45 299 375 131 466 164 451 177 177 29 262 390 356 478 595 58 119 258 482 32 34
split_gain=15490.6 8656.71 8009.26 7734.67 5807.43 5760.54 7475.93 9403.65 5346.25 5147.81 4863.22 4849.57 7832.73 5261.11 5619.18 4417.13 3875.04 3744.93 4201.82 3572.9 3639.23 4357.15 4089.23 3541.15 3407.93 3395.23 2975.16 2922.56 2870.67 2869.99
threshold=16.500000000000004 62.500000000000007 10.500000000000002 13.500000000000002 52.000000000000007 8.0000000000000018 87.500000000000014 86.500000000000014 240.75000000000003 5.5000000000000009 8.0000000000000018 10.500000000000002 4.5000000000000009 20.000000000000004 13.500000000000002 5.5000000000000009 3.5000000000000004 5.5000000000000009 35.500000000000007 8.0000000000000018 20.000000000000004 8.0000000000000018 20.000000000000004 102.04999923706056 10.500000000000002 29.500000000000004 29.500000000000004 235.50000000000003 20.000000000000004 13.500000000000002
decision_type=2 2 2 2 2 2 2 2 10 2 2 2 2 2 2 2 2 2 2 2 2 2 2 10 2 2 2 2 2 2
left_child=1 16 8 17 11 26 7 -7 15 10 -8 25 -13 14 -14 -3 -1 -2 23 -17 22 -22 -21 24 -19 -5 27 28 -4 -26
right_child=3 2 5 4 -6 6 9 -9 -10 -11 -12 12 13 -15 -16 19 -18 18 -20 20 21 -23 -24 -25 29 -27 -28 -29 -30 -31
leaf_value=-0.033082015070620745 -0.023787492423145821 -0.029089584769513701 -0.023357087082001335 6.7377676517690435e-05 0.13915314850488605 0.031492656694947704 0.13468976062400159 0.18740615173886849 0.079332197724296422 0.0084692907290006194 0.019631065882818183 0.16816519278930156 0.025921126437078931 -0.027727563328017894 0.14012933323470766 -0.014232160166182126 -0.0098013028564060811 -0.025184995863240477 0.083013794610483749 -0.0061946706597123943 0.12122663701564813 0.0088772568886145899 0.076367963228576641 -0.0089881805970511916 0.030217130946944892 0.068831967133500163 0.059582068814707477 0.052969580741616736 0.035038923967075912 0.10043851519975419
leaf_weight=2644 647 1929 1133 699 180 212 192 191 181 1050 190 173 261 180 196 1789 6213 193 246 1066 176 183 182 982 517 254 218 205 270 214
leaf_count=2644 647 1929 1133 699 180 212 192 191 181 1050 190 173 261 180 196 1789 6213 193 246 1066 176 183 182 982 517 254 218 205 270 214
internal_value=0.00140911 -0.00540174 0.0055638 0.0273016 0.0519838 0.0240207 0.044168 0.105446 -0.00670415 0.0269065 0.0775232 0.0430706 0.0720443 0.0459024 0.0749547 -0.009633 -0.0167537 0.0101595 0.0203766 0.00141182 0.0188422 0.0640222 0.00582685 0.0122799 0.0349084 0.0184197 0.00376129 -0.00379181 -0.0121023 0.0508066
internal_weight=22766 18024 9167 4742 1943 3661 1835 403 5506 1432 382 1763 810 637 457 5325 8857 2799 2152 3396 1607 359 1248 1906 924 953 1826 1608 1403 731
internal_count=22766 18024 9167 4742 1943 3661 1835 403 5506 1432 382 1763 810 637 457 5325 8857 2799 2152 3396 1607 359 1248 1906 924 953 1826 1608 1403 731
is_linear=0
shrinkage=0.0161


Tree=111
num_leaves=31
num_cat=0
split_feature=477 561 59 35 418 12 556 387 129 424 178 157 89 454 334 475 170 265 394 283 14 596 536 165 55 459 212 413 305 163
split_gain=18911.1 8252.32 8933.32 7030.42 5651.01 4534.74 4423.31 4293.33 4356.68 5369.61 3939.21 3582.48 4433.9 4884.56 3496.72 3425.11 3321.31 3309.34 3121.65 3051.19 3047.43 5407.9 3031.82 2953.81 2739.56 2735.97 2517.15 4257.93 2566.32 2743.87
threshold=10.500000000000002 251.25000000000003 6.5000000000000009 10.500000000000002 4.5000000000000009 61.500000000000007 72.549999237060561 6.5000000000000009 16.500000000000004 16.500000000000004 52.000000000000007 29.500000000000004 16.500000000000004 13.500000000000002 16.500000000000004 29.500000000000004 10.500000000000002 3.5000000000000004 10.500000000000002 29.500000000000004 24.500000000000004 165.25000000000003 180.50000000000003 13.500000000000002 6.5000000000000009 6.5000000000000009 8.0000000000000018 3.5000000000000004 20.000000000000004 10.500000000000002
decision_type=2 10 2 2 2 2 8 2 2 2 2 2 2 2 2 2 2 2 2 2 2 10 2 2 2 2 2 2 2 2
left_child=4 2 19 17 25 14 -5 8 9 18 11 12 13 -9 20 16 -16 -4 -8 -2 -6 -22 24 -15 -18 -1 -19 -28 29 -29
right_child=1 -3 3 6 5 -7 7 10 -10 -11 -12 -13 -14 23 15 -17 22 26 -20 -21 21 -23 -24 -25 -26 -27 27 28 -30 -31
leaf_value=-0.03675661008293353 -0.018084546414651025 0.11166819788547397 -0.024791300671351029 -0.033800804651381744 -0.016144184156577781 0.067715082639655796 0.066245647845775704 0.12589650573125666 -0.029838361736092278 0.10648937318365756 0.13472197895678104 0.11860052401811733 0.014278124109837092 0.01115315156199116 -0.013202542033863965 0.078796946067971191 0.058755904887117599 0.0017760334877541862 -0.02133654229520468 0.04587471685296108 -0.0060831210900282187 0.086848253759194666 0.093260217432655931 0.093692865941009798 -0.015051050784801324 -0.013508079755578509 0.10508366145082366 0.012043077819724872 -0.019187115297201303 0.068436572976770291
leaf_weight=2700 2078 236 605 181 5621 221 168 278 300 233 180 202 630 310 980 186 216 1464 283 213 691 212 164 177 328 2561 180 564 306 372
leaf_count=2700 2078 236 605 181 5621 221 168 278 300 233 180 202 630 310 980 186 216 1464 283 213 691 212 164 177 328 2561 180 564 306 372
internal_value=-0.000522645 0.0177101 0.0151657 0.0248894 -0.0122942 -0.00426488 0.0432259 0.048284 0.0212683 0.0437179 0.0632304 0.0551578 0.0459542 0.0720097 -0.00616189 0.0132161 0.00597582 0.0094298 0.0112361 -0.0121278 -0.0117318 0.0157086 0.0325554 0.0412005 0.0142114 -0.0254439 0.0166118 0.0318692 0.0212395 0.034481
internal_weight=22840 8960 8724 6433 13880 8619 2942 2761 984 684 1777 1597 1395 765 8398 1874 1688 3491 451 2291 6524 903 708 487 544 5261 2886 1422 1242 936
internal_count=22840 8960 8724 6433 13880 8619 2942 2761 984 684 1777 1597 1395 765 8398 1874 1688 3491 451 2291 6524 903 708 487 544 5261 2886 1422 1242 936
is_linear=0
shrinkage=0.0161


Tree=112
num_leaves=31
num_cat=0
split_feature=417 528 559 96 210 526 58 459 439 535 59 170 391 84 434 463 65 421 555 354 509 108 527 527 539 539 273 65 30 406
split_gain=13136.9 6621.77 5992.29 6308.38 5844.49 5257.86 7584.64 4793.71 3996.15 3501.77 4380.19 4273.2 3474.97 4517.95 3430.32 3477.93 3218.14 3754.33 3062.54 2965.28 2911.26 2846.88 2826.41 3641.23 3700.62 2802.5 2755.56 2628.18 2554.67 4568.47
threshold=10.500000000000002 42.500000000000007 226.84999847412112 16.500000000000004 20.000000000000004 162.50000000000003 52.000000000000007 5.5000000000000009 2.5000000000000004 123.50000000000001 43.500000000000007 43.500000000000007 24.500000000000004 13.500000000000002 6.5000000000000009 29.500000000000004 52.000000000000007 52.000000000000007 240.75000000000003 13.500000000000002 244.50000000000003 43.500000000000007 248.50000000000003 226.50000000000003 226.50000000000003 204.50000000000003 29.500000000000004 3.5000000000000004 4.5000000000000009 6.5000000000000009
decision_type=2 2 10 2 2 2 2 2 2 2 2 2 2 2 2 2 2 2 10 2 2 2 2 2 2 2 2 2 2 2
left_child=1 -1 4 -4 9 6 12 26 -9 10 11 21 -6 -14 -11 20 17 18 22 -7 -16 -2 23 24 25 27 -3 -10 29 -29
right_child=2 7 3 -5 5 19 -8 8 16 14 -12 -13 13 -15 15 -17 -18 -19 -20 -21 -22 -23 -24 -25 -26 -27 -28 28 -30 -31
leaf_value=-0.02288418891978003 0.0024598678424540359 -0.022402611649536219 0.11715082184598441 -0.0046735682008484242 0.019790936770092537 -0.057991565116602903 0.15269765436692928 -0.036567847907066638 -0.022962840722600155 -0.038474245844036588 0.081498998315130231 0.085193260499677556 0.033210747451988751 0.13975943308709363 -0.017598440770048577 0.074203992353895784 0.068763956517266356 0.082168341129224026 0.067442681548604222 0.030239664757339798 0.052289386008034781 0.069704953977532402 -0.040118538816169592 0.081645203363802057 -0.046080703290940342 0.071377573872621183 0.038357434180608226 -0.0055409253057310901 0.0038011169812353588 0.07700088621882252
leaf_weight=5863 3602 2564 293 176 901 204 168 474 655 802 230 183 262 171 935 160 249 177 205 191 185 171 350 165 343 179 209 318 2037 382
leaf_count=5863 3602 2564 293 176 901 204 168 474 655 802 230 183 262 171 935 160 249 177 205 191 185 171 350 165 343 179 209 318 2037 382
internal_value=-0.000243849 -0.00978352 0.0154098 0.071384 0.0121917 0.0369536 0.0507027 -0.000534364 0.00812027 0.00469385 0.0131834 0.00920562 0.0378402 0.0753432 -0.0123637 0.00397784 0.0123111 0.00938443 0.0065993 -0.0152683 -0.00603345 0.00551379 0.0037778 0.00755011 0.00442052 0.00927783 -0.0178147 0.00599381 0.0129321 0.0394697
internal_weight=22804 14170 8634 469 8165 1897 1502 8307 5534 6268 4186 3956 1334 433 2082 1280 5060 4811 4634 395 1120 3773 4429 4079 3914 3571 2773 3392 2737 700
internal_count=22804 14170 8634 469 8165 1897 1502 8307 5534 6268 4186 3956 1334 433 2082 1280 5060 4811 4634 395 1120 3773 4429 4079 3914 3571 2773 3392 2737 700
is_linear=0
shrinkage=0.0161


Tree=113
num_leaves=31
num_cat=0
split_feature=418 388 177 435 238 505 416 503 56 153 551 433 544 493 379 353 482 534 534 48 280 298 118 397 421 350 587 552 18 389
split_gain=14767.9 7866.19 6054.99 5935.89 7313.66 6115.43 5488.49 4895.1 4382.74 4274.2 4596.72 3715.17 3593.35 4234.28 5634.42 5457.02 4941.21 3586.09 3702.1 3414.05 3842.5 3391.81 3335.05 2980.7 4037.26 5081 2837.08 3790.54 2734.03 2676.3
threshold=13.500000000000002 13.500000000000002 8.0000000000000018 8.0000000000000018 35.500000000000007 215.50000000000003 61.500000000000007 280.50000000000006 29.500000000000004 6.5000000000000009 186.44999694824222 4.5000000000000009 120.04999923706056 160.50000000000003 13.500000000000002 24.500000000000004 205.50000000000003 97.500000000000014 74.500000000000014 16.500000000000004 10.500000000000002 29.500000000000004 10.500000000000002 4.5000000000000009 24.500000000000004 16.500000000000004 197.65000152587893 197.65000152587893 29.500000000000004 16.500000000000004
decision_type=2 2 2 2 2 2 2 2 2 2 10 2 8 2 2 2 2 2 2 2 2 2 2 2 2 2 10 10 2 2
left_child=2 6 7 8 5 21 9 23 -3 10 -2 -4 -13 15 -15 19 -16 18 -11 22 -21 -5 -14 -1 26 -26 27 29 -19 -25
right_child=1 3 11 4 -6 -7 -8 -9 -10 17 -12 12 13 14 16 -17 -18 28 -20 20 -22 -23 -24 24 25 -27 -28 -29 -30 -31
leaf_value=-0.030421633198875895 -0.026424515028127933 -0.0034479575753777309 -0.018458985204949735 0.019422567496323047 0.14313787427025995 0.13983654955196811 0.096123586893906557 0.055447765055998868 0.074385537611830171 0.021311467281169762 0.059933155166555251 -0.0050479331099427018 -0.016421212424187741 -0.029147352551736283 0.0013262811074643737 0.11331973947265557 0.1165262660841918 0.0052652121135029145 0.090183317804208477 0.017619038435276114 0.12448935391873259 0.096376252292499451 0.047180637501402757 -0.020414607888243952 -0.001418190902406982 0.094840890202155026 -0.061017383730959898 0.053427663258142466 -0.064820389766141712 0.011886924876432578
leaf_weight=3214 1478 843 1354 856 249 160 171 243 241 1172 179 1832 486 653 242 236 161 984 245 175 175 180 381 4644 530 194 341 213 169 775
leaf_count=3214 1478 843 1354 856 249 160 171 243 241 1172 179 1832 486 653 242 236 161 984 245 175 175 180 381 4644 530 194 341 213 169 775
internal_value=0.000103012 0.0197139 -0.00846668 0.0423407 0.0637088 0.0471525 0.00669738 -0.0159199 0.0138346 0.00307415 -0.0170814 0.00481796 0.0120837 0.0246021 4.58974e-05 0.0424326 0.0474075 0.0160785 0.0332361 0.0286669 0.0711214 0.0328156 0.0115012 -0.017672 -0.0115498 0.0243425 -0.0159043 -0.0131687 -0.00498711 -0.0157907
internal_weight=22776 6927 15849 2529 1445 1196 4398 10154 1084 4227 1657 5695 4341 2509 1056 1453 403 2570 1417 1217 350 1036 867 9911 6697 724 5973 5632 1153 5419
internal_count=22776 6927 15849 2529 1445 1196 4398 10154 1084 4227 1657 5695 4341 2509 1056 1453 403 2570 1417 1217 350 1036 867 9911 6697 724 5973 5632 1153 5419
is_linear=0
shrinkage=0.0161


Tree=114
num_leaves=31
num_cat=0
split_feature=417 177 152 226 483 198 506 192 19 341 59 517 441 240 54 512 514 32 245 539 237 539 289 567 63 363 289 130 213 430
split_gain=11590.7 6174.87 6486.04 5646.34 5357.97 7410.19 7624.48 4331.88 4199.13 3965.82 3902.25 5409.18 4414.83 3792.46 4812.96 4257.6 4487.79 3279.23 3173.07 4515.27 6705.88 7494.35 3616.95 2847.85 2728.04 4408.25 2667.42 2527.82 2417.42 2809.63
threshold=10.500000000000002 24.500000000000004 5.5000000000000009 4.5000000000000009 226.50000000000003 8.0000000000000018 222.50000000000003 61.500000000000007 3.5000000000000004 4.5000000000000009 24.500000000000004 184.50000000000003 24.500000000000004 20.000000000000004 16.500000000000004 135.50000000000003 46.500000000000007 5.5000000000000009 10.500000000000002 187.50000000000003 8.0000000000000018 241.50000000000003 29.500000000000004 173.15000152587893 20.000000000000004 13.500000000000002 6.5000000000000009 8.0000000000000018 20.000000000000004 8.0000000000000018
decision_type=2 2 2 2 2 2 2 2 2 2 2 2 2 2 2 2 2 2 2 2 2 2 2 10 2 2 2 2 2 2
left_child=3 4 -3 17 10 -6 -7 18 -4 -10 -2 12 24 14 15 16 -11 -1 -5 22 21 -21 23 28 25 27 -19 -12 -20 -30
right_child=1 2 8 7 5 6 -8 -9 9 13 11 -13 -14 -15 -16 -17 -18 26 19 20 -22 -23 -24 -25 -26 -27 -28 -29 29 -31
leaf_value=-0.038893559703877596 -0.0056901457962393901 -0.015691042303896795 -0.011723060148553018 -0.011101960213981535 -0.010623818284091088 0.026764668226527701 0.18016459028491011 0.077242251467065079 0.012844264979166147 0.034674154734647994 0.053574949329785806 -0.053489567239524645 0.11992868356725428 0.029227016302355989 0.14740081181170211 -0.0010880091958112787 0.14689655185688186 -0.026878671661956049 -0.0095650004394433573 0.15262639896437605 -0.022651945107761699 0.01071653472008899 0.057075692056834534 -0.057682089450999993 -0.022757796925922912 0.11511088964363292 0.0055754006764608451 -0.030026984841665525 0.082352996280961682 -0.0027458548595537275
leaf_weight=2176 4667 479 237 6064 279 173 164 172 342 170 207 176 163 332 285 170 204 1451 1605 213 221 177 253 256 204 167 1197 171 178 230
leaf_count=2176 4667 479 237 6064 279 173 164 172 342 170 207 176 163 332 285 170 204 1451 1605 213 221 177 253 256 204 167 1197 171 178 230
internal_value=-0.00115808 0.0136017 0.0367332 -0.0100928 0.00554141 0.0506708 0.101486 -0.00280328 0.0511785 0.0611128 0.000706786 0.0281682 0.0439525 0.0753111 0.0937386 0.0655819 0.0959493 -0.0242454 -0.00430283 0.00884955 0.0481181 0.0882815 -0.000654641 -0.00710211 0.0273869 0.0461999 -0.0121993 0.0156928 -0.000657993 0.0343229
internal_weight=22783 8590 2219 14193 6371 616 337 9369 1740 1503 5755 1088 912 1161 829 544 374 4824 9197 3133 611 390 2522 2269 749 545 2648 378 2013 408
internal_count=22783 8590 2219 14193 6371 616 337 9369 1740 1503 5755 1088 912 1161 829 544 374 4824 9197 3133 611 390 2522 2269 749 545 2648 378 2013 408
is_linear=0
shrinkage=0.0161


Tree=115
num_leaves=31
num_cat=0
split_feature=298 417 263 479 518 13 548 222 559 538 458 313 419 571 63 506 315 551 34 76 272 1 527 113 406 260 139 196 93 112
split_gain=13451 6382.14 5158.81 4913.85 9603.35 4502.22 5556.08 4340.26 7040.3 5641.28 4130.93 3994.39 3986.6 4067.95 3991.4 3937.62 3776.2 4981.77 3622.78 3219.34 3130.19 3101.79 3399.97 4377.09 5137.1 3087.28 3081.05 3078.2 4976.69 3036.02
threshold=5.5000000000000009 16.500000000000004 2.5000000000000004 35.500000000000007 74.500000000000014 52.000000000000007 119.25000000000001 24.500000000000004 198.94999694824222 240.50000000000003 5.5000000000000009 61.500000000000007 6.5000000000000009 231.15000152587893 10.500000000000002 221.50000000000003 20.000000000000004 112.95000076293947 16.500000000000004 29.500000000000004 4.5000000000000009 16.500000000000004 142.50000000000003 13.500000000000002 6.5000000000000009 10.500000000000002 10.500000000000002 5.5000000000000009 13.500000000000002 8.0000000000000018
decision_type=2 2 2 2 2 2 10 2 8 2 2 2 2 10 2 2 2 10 2 2 2 2 2 2 2 2 2 2 2 2
left_child=11 2 -2 7 -5 10 -7 9 26 15 19 29 -12 14 16 20 27 -18 -6 -4 -3 22 23 25 -25 -22 -9 28 -14 -1
right_child=1 3 5 4 18 6 -8 8 -10 -11 12 -13 13 -15 -16 -17 17 -19 -20 -21 21 -23 -24 24 -26 -27 -28 -29 -30 -31
leaf_value=-0.024748542780971199 -0.035191656434968834 -0.019595033541125219 -0.017984506010851248 0.1522100260282179 -0.030361279794450552 0.0010410836070012487 0.12585261086380067 0.06890570796236889 0.1482873769677569 -0.054921333047590885 -0.0046682593573553251 0.063168648971169292 0.015768540034352019 0.093963811823155954 -0.0016516794237488185 0.080484083913720944 0.022661741556735053 0.147983941716608 0.072219006117279522 0.04157698962921369 0.0038918266923480549 -0.0041405359079883051 -0.007505619959341168 0.15743335109359666 0.041958168792355838 0.069795874240888497 -0.020176031728237585 0.0010154233195485468 0.11113557802732907 -0.0054049671968144225
leaf_weight=4958 847 584 2451 224 190 192 179 200 168 292 2198 166 398 199 1364 249 168 162 168 260 545 791 377 173 238 279 202 730 221 3659
leaf_count=4958 847 584 2451 224 190 192 179 200 168 292 2198 166 398 199 1364 249 168 162 168 260 545 791 377 173 238 279 202 730 221 3659
internal_value=0.000599574 0.0103713 0.00269912 0.0257255 0.0695175 0.00646784 0.0613236 0.0195004 0.0607331 0.012832 0.00396814 -0.0150284 0.0120615 0.0234111 0.0187895 0.018953 0.0354097 0.0842549 0.0177112 -0.0122635 0.0138158 0.0219454 0.0347603 0.0476816 0.0906218 0.026235 0.0240847 0.0234434 0.0498552 -0.0165375
internal_weight=22832 14049 9369 4680 582 8522 371 4098 570 3528 8151 8783 5440 3242 3043 3236 1679 330 358 2711 2987 2403 1612 1235 411 824 402 1349 619 8617
internal_count=22832 14049 9369 4680 582 8522 371 4098 570 3528 8151 8783 5440 3242 3043 3236 1679 330 358 2711 2987 2403 1612 1235 411 824 402 1349 619 8617
is_linear=0
shrinkage=0.0161


Tree=116
num_leaves=31
num_cat=0
split_feature=119 540 587 210 557 106 153 530 435 535 534 534 554 119 31 419 495 539 298 162 268 499 550 258 450 415 367 51 251 419
split_gain=13671.2 10365.9 10115.3 8237.87 6654.94 6187.37 4470.91 3949.59 3882.27 4533.79 4408.99 3640.76 4421.28 4487.29 5062.01 3448.31 3370.52 3092.63 3085.6 3968.62 2707 3605.17 4585.72 3802.43 4286.52 2429.83 5735 2338.76 3162.15 2732.18
threshold=5.5000000000000009 210.94999694824222 158.65000152587893 10.500000000000002 192.55000305175784 6.5000000000000009 6.5000000000000009 252.50000000000003 8.0000000000000018 111.50000000000001 74.500000000000014 217.50000000000003 207.44999694824222 35.500000000000007 24.500000000000004 29.500000000000004 97.500000000000014 16.500000000000004 35.500000000000007 10.500000000000002 5.5000000000000009 44.500000000000007 160.44999694824222 13.500000000000002 13.500000000000002 29.500000000000004 8.0000000000000018 6.5000000000000009 43.500000000000007 13.500000000000002
decision_type=2 10 8 2 8 2 2 2 2 2 2 2 10 2 2 2 2 2 2 2 2 2 10 2 2 2 2 2 2 2
left_child=17 3 -3 6 -4 -6 -2 -7 9 10 15 12 13 20 -15 -5 -12 -1 25 -20 -10 -22 23 24 -23 -8 -27 -19 29 -29
right_child=1 2 4 8 5 7 18 -9 11 -11 16 -13 -14 14 -16 -17 -18 27 19 -21 21 22 -24 -25 -26 26 -28 28 -30 -31
leaf_value=-0.034489570509209443 -0.017405347516078223 0.17270102419014138 -0.01922994335902508 -0.0027332992140060349 0.14576477617728678 0.073899292939118455 -0.0025055040703803764 -0.027349485809818021 -0.0073705330555428172 -0.023414120142279421 0.022139069544465661 -0.021476114084426481 0.11957855272928097 0.029210430735298047 0.15297418531658347 0.075584029866822569 0.12557469601946614 -0.023084853322287567 0.0061321958291828786 0.11065974473911286 0.0014845029514451394 0.038031273256511178 -0.015902750494421164 0.025580512843649227 0.13783081694483132 -0.027135386892161169 0.098745878242137264 -0.012609491982411203 0.066142570350396362 0.029488836148560366
leaf_weight=2101 4110 163 360 1055 185 252 3380 165 513 892 162 282 167 183 162 169 166 2638 228 161 523 181 193 288 294 174 203 2693 164 469
leaf_count=2101 4110 163 360 1055 185 252 3380 165 513 892 162 282 167 183 162 169 166 2638 228 161 523 181 193 288 294 174 203 2693 164 469
internal_value=-0.000859274 0.00842733 0.0553813 0.00450869 0.0354783 0.0682333 -0.00550422 0.0337804 0.0203194 0.00549779 0.0221299 0.0333132 0.0394929 0.03376 0.0873938 0.00806089 0.0745593 -0.0176863 0.00628789 0.0494547 0.0244592 0.0355154 0.0541082 0.0718482 0.0998515 0.00181213 0.0405844 -0.0117629 -0.0027759 -0.00635786
internal_weight=22676 14611 1125 13486 962 602 8256 417 5230 2444 1552 2786 2504 2337 345 1224 328 8065 4146 389 1992 1479 956 763 475 3757 377 5964 3326 3162
internal_count=22676 14611 1125 13486 962 602 8256 417 5230 2444 1552 2786 2504 2337 345 1224 328 8065 4146 389 1992 1479 956 763 475 3757 377 5964 3326 3162
is_linear=0
shrinkage=0.0161


Tree=117
num_leaves=31
num_cat=0
split_feature=417 560 387 224 533 177 540 392 457 105 479 246 539 189 232 408 457 407 232 356 477 355 13 217 451 381 110 250 26 153
split_gain=12542.4 7116.19 6690.8 5052.98 5625.45 5854.47 5920.67 5503.03 4643.25 4455.75 5299.12 4840.48 4392.59 3652.19 3557.85 3751.88 4036.65 6810.52 3425.94 3472.72 4831.74 3324.66 3260.31 3306.97 4050.96 4730.88 3230.89 2935.41 2623.72 2543.06
threshold=10.500000000000002 238.25000000000003 10.500000000000002 3.5000000000000004 212.50000000000003 24.500000000000004 209.25000000000003 24.500000000000004 3.5000000000000004 13.500000000000002 6.5000000000000009 10.500000000000002 7.5000000000000009 10.500000000000002 16.500000000000004 16.500000000000004 6.5000000000000009 10.500000000000002 16.500000000000004 3.5000000000000004 4.5000000000000009 29.500000000000004 24.500000000000004 20.000000000000004 5.5000000000000009 8.0000000000000018 6.5000000000000009 35.500000000000007 10.500000000000002 3.5000000000000004
decision_type=2 10 2 2 2 2 10 2 2 2 2 2 2 2 2 2 2 2 2 2 2 2 2 2 2 2 2 2 2 2
left_child=8 3 -3 -2 5 6 14 9 -1 10 -7 -12 -10 -9 27 16 -16 -18 22 20 -20 -21 29 24 -24 -26 -6 -5 -11 -14
right_child=1 2 -4 4 26 7 -8 13 12 28 11 -13 18 -15 15 -17 17 -19 19 21 -22 -23 23 -25 25 -27 -28 -29 -30 -31
leaf_value=-0.028696960732422592 -0.016961791447886287 0.014042405763090599 0.15944242080903515 -0.0032382371379477718 0.021637186911405405 -0.0065191284447418093 0.098081431277187381 0.15691540323171396 -0.031609579550028764 0.03250909954117729 0.13133041265461134 0.031673360441680343 -0.028879342442784305 0.050812616982636449 0.0031488659303113052 -0.010236830068449228 0.029949482124219808 0.15512943458083631 0.12462937319256945 -0.00070389735528262329 0.0073407049075027136 0.073437188069315151 -0.011705529337387624 -0.032402944102868772 0.011127122621606369 0.10600308515907311 -0.044420413904857341 0.057143294703658816 -0.039774057391696191 -0.0053430120682149964
leaf_weight=2809 1348 162 167 3052 292 223 203 178 1461 268 287 227 1552 161 245 322 261 199 170 1500 197 175 319 252 263 284 558 224 253 5118
leaf_count=2809 1348 162 167 3052 292 223 203 178 1461 268 287 227 1552 161 245 322 261 199 170 1500 197 175 319 252 263 284 558 224 253 5118
internal_value=-0.000814237 0.0144716 0.0879188 0.0115577 0.0170903 0.0224967 0.013102 0.0489896 -0.0101717 0.0334479 0.0589253 0.0873642 -0.00556084 0.106594 0.00908746 0.035235 0.056037 0.0841546 -0.0016869 0.0168718 0.0617347 0.00702813 -0.006556 0.0188803 0.0338305 0.0604293 -0.0217 0.00088323 -0.00254676 -0.0108231
internal_weight=22730 8630 329 8301 6953 6103 4506 1597 14100 1258 737 514 11291 339 4303 1027 705 460 9830 2042 367 1675 7788 1118 866 547 850 3276 521 6670
internal_count=22730 8630 329 8301 6953 6103 4506 1597 14100 1258 737 514 11291 339 4303 1027 705 460 9830 2042 367 1675 7788 1118 866 547 850 3276 521 6670
is_linear=0
shrinkage=0.0161


Tree=118
num_leaves=31
num_cat=0
split_feature=177 91 479 480 173 355 397 344 51 480 177 56 139 22 553 81 450 419 554 313 287 560 462 74 22 471 435 35 226 100
split_gain=11169.2 7402.61 6194.92 5027.03 4276.59 4195.02 5163.74 6388.08 3739.11 5092.9 3506.27 3707.89 3732.24 4021.24 3279.25 3251.23 3193.91 3096.6 4832.3 5486.22 3083.04 2978.02 5317.47 2853.06 3052.69 2810.42 3036.95 3200.97 4059.37 3459.59
threshold=8.0000000000000018 13.500000000000002 20.000000000000004 15.500000000000002 61.500000000000007 4.5000000000000009 8.0000000000000018 16.500000000000004 16.500000000000004 240.50000000000003 24.500000000000004 29.500000000000004 10.500000000000002 10.500000000000002 188.65000152587893 2.5000000000000004 24.500000000000004 8.0000000000000018 154.15000152587893 13.500000000000002 5.5000000000000009 255.05000305175784 24.500000000000004 35.500000000000007 6.5000000000000009 35.500000000000007 8.0000000000000018 20.000000000000004 8.0000000000000018 13.500000000000002
decision_type=2 2 2 2 2 2 2 2 2 2 2 2 2 2 10 2 2 2 8 2 2 8 2 2 2 2 2 2 2 2
left_child=3 4 10 -1 23 -4 -7 16 20 15 14 12 13 -12 -3 -10 -8 -17 19 -19 -5 25 -23 -2 -25 26 -22 29 -29 -28
right_child=1 2 5 8 -6 6 7 -9 9 -11 11 -13 -14 -15 -16 17 -18 18 -20 -21 21 22 -24 24 -26 -27 27 28 -30 -31
leaf_value=-0.027933680786967507 -0.0052341305783959293 -0.0046487318265459364 0.12526665631685396 -0.023395587025069359 0.078423745183066218 0.0028066923418172025 -0.012154288845823261 0.15064043763755611 0.062936358762845868 0.087887536802913779 0.01280742953527352 0.097391130010286944 -0.022161365646534165 0.11504772600181948 0.055130352871688014 -0.019041352050656067 0.085154942315877863 0.015527213227043221 -0.022190925157289192 0.1217303260696537 -0.026823467072957539 0.0054855103219959879 0.10639051497229744 0.092320043604168234 0.0058912737759011496 0.054698608840346052 -0.028418460207384616 -0.017422780396234312 0.087878561350821116 0.029271685253677619
leaf_weight=3168 5093 1645 212 2896 178 411 174 201 229 211 249 235 279 167 278 1136 175 389 411 187 1727 737 166 164 301 172 800 162 228 406
leaf_count=3168 5093 1645 212 2896 178 411 174 201 229 211 249 235 279 167 278 1136 175 389 411 187 1727 737 166 164 301 172 800 162 228 406
internal_value=-0.000529924 0.012489 0.0292238 -0.0102892 0.000739068 0.0603778 0.0460386 0.0783018 -0.00461596 0.0121079 0.0164068 0.0420747 0.0233367 0.0539076 0.00398104 0.00529959 0.0365723 -0.000906384 0.0199424 0.0500472 -0.0104957 -0.00199599 0.0240611 -0.00174462 0.0364243 -0.00873507 -0.0120255 0.00397232 0.0440777 -0.00897755
internal_weight=22787 9762 4026 13025 5736 1173 961 550 9857 2563 2853 930 695 416 1923 2352 349 2123 987 576 7294 4398 903 5558 465 3495 3323 1596 390 1206
internal_count=22787 9762 4026 13025 5736 1173 961 550 9857 2563 2853 930 695 416 1923 2352 349 2123 987 576 7294 4398 903 5558 465 3495 3323 1596 390 1206
is_linear=0
shrinkage=0.0161


Tree=119
num_leaves=31
num_cat=0
split_feature=419 477 214 140 388 155 52 599 564 116 412 299 539 412 32 145 259 416 480 518 306 220 54 304 562 493 579 545 554 263
split_gain=14102.2 7306.45 6183.22 6765.19 7890.69 4924.59 5434.31 4734.15 5409.87 5740.22 4051.56 3475.87 3364.11 3362.27 3205.8 3265.68 3211.59 3196.81 3414.81 8057.75 3070.18 2989.25 2963.76 3015.02 2935.22 2928.25 4555.36 5069.39 2897.65 2825.23
threshold=6.5000000000000009 16.500000000000004 13.500000000000002 16.500000000000004 29.500000000000004 24.500000000000004 20.000000000000004 207.44999694824222 92.149997711181655 13.500000000000002 43.500000000000007 5.5000000000000009 232.50000000000003 61.500000000000007 20.000000000000004 5.5000000000000009 6.5000000000000009 13.500000000000002 88.500000000000014 123.50000000000001 16.500000000000004 10.500000000000002 29.500000000000004 16.500000000000004 216.75000000000003 234.50000000000003 189.94999694824222 181.25000000000003 213.05000305175784 6.5000000000000009
decision_type=2 2 2 2 2 2 2 8 10 2 2 2 2 2 2 2 2 2 2 2 2 2 2 2 10 2 10 8 8 2
left_child=10 5 12 4 7 22 20 8 -4 -10 11 24 14 -12 21 -16 -17 -13 -19 -20 -7 -3 25 -24 -1 26 29 -28 -23 -2
right_child=1 2 3 -5 -6 6 -8 -9 9 -11 13 17 -14 -15 15 16 -18 18 19 -21 -22 28 23 -25 -26 -27 27 -29 -30 -31
leaf_value=-0.025039728607173007 -0.018005243321055703 -0.007125315578617804 0.010835924052525999 0.004271547096095867 0.17617382562007949 -0.010500307727999376 0.096307303855032445 -0.0020420710795853165 0.057762824462359544 0.18699628546604191 0.074783115204398176 -0.01276951617162729 -0.041215067361394533 -0.013105268200774864 0.10555824504286762 -0.024874809464752529 0.061911461981388159 -0.0083347878978130459 0.14181121887785214 0.0051050860611990424 0.053253276494671459 0.016422100872610222 0.0074844013674734292 0.077558382385621003 0.033237035402496069 -0.042993498433562108 0.1120185921033898 -0.00041191873269750352 0.094738956565756954 0.005208044105340961
leaf_weight=6260 2708 1076 173 433 183 511 277 233 184 174 239 2545 250 213 199 183 278 508 168 335 317 471 553 224 232 500 184 238 166 2726
leaf_count=6260 2708 1076 173 433 183 511 277 233 184 174 239 2545 250 213 199 183 278 508 168 335 317 471 553 224 232 500 184 238 166 2726
internal_value=-0.000131711 0.0116095 0.029454 0.0570468 0.0811525 0.00293564 0.0345636 0.0583613 0.0849104 0.12064 -0.0138219 -0.0159447 0.014928 0.0333146 0.0208527 0.0510082 0.0274095 -0.00314243 0.0210687 0.0508112 0.0138793 0.00922045 -0.00196066 0.0277162 -0.0229535 -0.00559226 -0.00239483 0.0485541 0.0368682 -0.00635582
internal_weight=22741 12241 4003 1380 947 8238 1105 764 531 358 10500 10048 2623 452 2373 660 461 3556 1011 503 828 1713 7133 777 6492 6356 5856 422 637 5434
internal_count=22741 12241 4003 1380 947 8238 1105 764 531 358 10500 10048 2623 452 2373 660 461 3556 1011 503 828 1713 7133 777 6492 6356 5856 422 637 5434
is_linear=0
shrinkage=0.0161


Tree=120
num_leaves=31
num_cat=0
split_feature=223 541 427 433 478 355 330 357 533 521 395 176 237 557 506 452 487 479 459 42 449 191 14 329 37 196 470 89 163 246
split_gain=11315.7 11417.9 10297.6 15921.1 6318.69 6282.62 5704.85 5374.58 4610.51 4117.91 4367.39 3962.6 5064.65 4550.88 5675.95 4178.71 3816.33 3530.41 3252.82 3083.61 2889.93 2854.23 3274.82 3404.26 3256.44 4374.38 2838.99 2718.89 2618.95 3005.57
threshold=13.500000000000002 187.55000305175784 16.500000000000004 10.500000000000002 5.5000000000000009 20.000000000000004 16.500000000000004 35.500000000000007 142.50000000000003 144.50000000000003 10.500000000000002 8.0000000000000018 16.500000000000004 209.25000000000003 160.50000000000003 29.500000000000004 118.50000000000001 10.500000000000002 16.500000000000004 20.000000000000004 29.500000000000004 4.5000000000000009 16.500000000000004 10.500000000000002 8.0000000000000018 5.5000000000000009 29.500000000000004 3.5000000000000004 5.5000000000000009 10.500000000000002
decision_type=2 10 2 2 2 2 2 2 2 2 2 2 2 10 2 2 2 2 2 2 2 2 2 2 2 2 2 2 2 2
left_child=4 6 5 -4 17 -3 8 20 9 26 -11 18 21 14 15 16 -14 -1 -6 27 -8 24 -23 -24 -13 -26 -2 -20 -19 -30
right_child=1 2 3 -5 11 -7 7 -9 -10 10 -12 12 13 -15 -16 -17 -18 28 19 -21 -22 22 23 -25 25 -27 -28 -29 29 -31
leaf_value=-0.02543984992427651 -0.0041107929626569562 0.00288952480193646 0.030301229671004029 0.2551769794389756 -0.013593123319740285 0.11855407245954555 0.0095663916815333823 0.11565261972268706 -0.034598228967408023 0.11453927624242309 -0.00018269053996226192 -0.0020316481543027347 0.012169613556714212 0.11310527788667554 -0.038226294677959821 0.11571364972244584 0.086422143381195138 -0.016130892268717438 0.054393988484758883 0.072922270050976776 0.06797807931398879 -0.021685449606146757 0.060623062145632824 -0.016624638667910648 0.0024800254514035919 0.11260352860699445 0.048821900185852217 -0.0094447244008589101 -0.00021381594856422292 0.07294318769785417
leaf_weight=4853 2268 474 162 165 4617 164 839 199 800 185 160 504 785 174 287 169 233 754 221 205 298 1593 301 290 178 198 297 794 366 241
leaf_count=4853 2268 474 162 165 4617 164 839 199 800 185 160 504 785 174 287 169 233 754 221 205 298 1593 301 290 178 198 297 794 366 241
internal_value=0.000661427 0.0196141 0.0703587 0.143843 -0.00613337 0.0326584 0.00990504 0.0384323 -0.000361515 0.00904255 0.0612667 0.00145109 0.0124355 0.0351951 0.0259822 0.0415267 0.0291877 -0.0190127 -0.00741218 0.0159599 0.0248964 0.000186335 -0.00966965 0.0226783 0.0246739 0.0605332 0.00200908 0.00443194 0.00388779 0.0287933
internal_weight=22774 6011 965 327 16763 638 5046 1336 3710 2910 345 10549 4712 1648 1474 1187 1018 6214 5837 1220 1137 3064 2184 591 880 376 2565 1015 1361 607
internal_count=22774 6011 965 327 16763 638 5046 1336 3710 2910 345 10549 4712 1648 1474 1187 1018 6214 5837 1220 1137 3064 2184 591 880 376 2565 1015 1361 607
is_linear=0
shrinkage=0.0161


Tree=121
num_leaves=31
num_cat=0
split_feature=239 236 195 572 222 364 535 278 173 257 500 311 578 579 374 132 178 174 32 320 298 479 557 419 530 596 52 28 222 419
split_gain=12182.1 9675.62 7659.27 6758.57 5175.58 5495.89 4309.08 4156.63 5112.99 5046.48 4138.22 4072.94 4800.94 8250.68 6995.16 3582.71 3440.2 4094.35 5428.4 4909.53 3260.65 3177.05 2858.35 2674.37 2930.85 4986.92 2598.16 2340.44 2294.23 2289.52
threshold=6.5000000000000009 13.500000000000002 43.500000000000007 235.84999847412112 6.5000000000000009 35.500000000000007 244.50000000000003 5.5000000000000009 24.500000000000004 13.500000000000002 280.50000000000006 24.500000000000004 224.44999694824222 204.25000000000003 8.0000000000000018 52.000000000000007 8.0000000000000018 4.5000000000000009 10.500000000000002 8.0000000000000018 16.500000000000004 13.500000000000002 228.75000000000003 10.500000000000002 63.500000000000007 144.84999847412112 10.500000000000002 35.500000000000007 24.500000000000004 5.5000000000000009
decision_type=2 2 2 10 2 2 2 2 2 2 2 2 10 8 2 2 2 2 2 2 2 2 10 2 2 8 2 2 2 2
left_child=4 3 7 6 26 15 10 -3 11 -10 16 12 13 20 -15 22 27 18 -18 -20 -9 -22 23 -6 -25 -26 -1 -2 -19 -28
right_child=1 2 -4 -5 5 -7 -8 8 9 -11 -12 -13 -14 14 -16 -17 17 28 19 -21 21 -23 -24 24 25 -27 29 -29 -30 -31
leaf_value=-0.028197917741509999 -0.014474480141247111 0.0019671247775032452 0.13561910206589695 0.081654203862050398 -0.014130160663393013 0.069377946474427257 -0.05031976084838697 0.0022137363192136841 0.046586565769090829 0.15312503518765397 0.082179225073424622 -0.019777480794894532 -0.042173446851566626 0.04820595611921074 0.18737189631711218 0.064415089452400973 -0.0023849182386507179 -0.0055517823563169342 0.032920756060067072 0.13387757637288172 0.0067850690241255838 0.092250846485695578 0.059541577356220912 -0.017525268309764943 0.10934541316049957 0.0019878809372922464 -0.021013313992846443 0.043531727346258417 0.03993052920585119 0.012294139126452774
leaf_weight=4138 3170 1073 182 267 3680 288 429 628 311 184 164 370 168 200 177 196 419 2063 296 217 188 284 167 345 185 286 1223 191 334 950
leaf_count=4138 3170 1073 182 267 3680 288 429 628 311 184 164 370 168 200 177 196 419 2063 296 217 188 284 167 345 185 286 1223 191 334 950
internal_value=0.000762395 0.012613 0.0336962 0.00209617 -0.0109382 0.00103924 -0.000817258 0.0285124 0.0398509 0.0862363 0.00227773 0.0284443 0.0393049 0.0485885 0.113606 -0.00300645 0.000315489 0.0119195 0.0405544 0.0756716 0.0262838 0.0582593 -0.00584543 -0.00827941 0.0180775 0.0442059 -0.0207103 -0.0111711 0.000775942 -0.00644101
internal_weight=22773 11315 3765 7550 11458 5147 7283 3583 2510 495 6854 2015 1645 1477 377 4859 6690 3329 932 513 1100 472 4663 4496 816 471 6311 3361 2397 2173
internal_count=22773 11315 3765 7550 11458 5147 7283 3583 2510 495 6854 2015 1645 1477 377 4859 6690 3329 932 513 1100 472 4663 4496 816 471 6311 3361 2397 2173
is_linear=0
shrinkage=0.0161


Tree=122
num_leaves=31
num_cat=0
split_feature=177 480 433 33 117 57 419 536 59 229 419 577 434 86 553 318 491 3 298 493 172 503 501 544 279 270 519 247 111 460
split_gain=9611.58 5479.06 8212.22 5440.99 5220.97 7724.47 4987.38 7025.35 5662.76 4411.4 3926.59 4114.59 3787.56 4517.42 3787.53 3537.24 3486.45 3346.82 3352.92 3189.98 2985.72 3351.99 3315.22 2829.82 4655.34 2719.11 2515.62 2603.18 2514.23 3728.11
threshold=8.0000000000000018 202.50000000000003 24.500000000000004 6.5000000000000009 20.000000000000004 20.000000000000004 8.0000000000000018 93.500000000000014 29.500000000000004 10.500000000000002 20.000000000000004 104.95000076293947 24.500000000000004 16.500000000000004 215.15000152587893 8.0000000000000018 13.500000000000002 35.500000000000007 5.5000000000000009 211.50000000000003 35.500000000000007 235.50000000000003 197.50000000000003 160.44999694824222 10.500000000000002 20.000000000000004 177.50000000000003 10.500000000000002 20.000000000000004 5.5000000000000009
decision_type=2 2 2 2 2 2 2 2 2 2 2 8 2 2 10 2 2 2 2 2 2 2 2 10 2 2 2 2 2 2
left_child=3 6 4 12 26 -6 -2 8 16 -7 -10 -12 -1 -14 19 28 -8 18 -18 -9 21 22 23 25 -25 -17 -3 -28 -5 -30
right_child=1 2 -4 15 5 9 7 14 10 -11 11 -13 13 -15 -16 20 17 -19 -20 -21 -22 -23 -24 24 -26 -27 27 -29 29 -31
leaf_value=-0.025538577595410963 -0.0067372051370878944 -0.04937142285667382 0.12017442548290853 -0.0160614687741641 0.15222151202852524 0.074510246678929665 -0.014892291087466205 -0.0058860552378662357 0.022096208305887398 -0.041436049183148339 0.1640124672345554 0.055724533391063341 -0.0098148752362506014 0.083545942680322921 0.055315692325663302 -0.0065749676944212151 -0.0067879613428743673 -0.026564415500491281 0.056231871482514822 -0.075535679970148248 0.069251604857401838 0.065164196529026219 -0.058550917830398175 -0.0045797203603917718 0.11465653561507969 0.04611886447073954 -0.02367978830431193 0.064913042731908552 0.072509398983182968 -0.0078965722758778788
leaf_weight=5313 3899 251 274 3221 160 170 484 1469 195 170 189 177 520 181 233 1712 273 202 1090 193 227 247 208 180 160 298 184 161 220 465
leaf_count=5313 3899 251 274 3221 160 170 484 1469 195 170 189 177 520 181 233 1712 273 202 1090 193 227 247 208 180 160 298 184 161 220 465
internal_value=-0.000591328 0.0114605 0.0413194 -0.00968788 0.0215841 0.0599561 0.00659022 0.0181301 0.0352629 0.0164679 0.0806015 0.111708 -0.020896 0.0142576 -0.00545459 2.41405e-05 0.022838 0.0345218 0.0435921 -0.0139883 0.0130755 0.00852093 0.00304226 0.00850393 0.0514622 0.00122564 -0.0105676 0.0175953 -0.0101008 0.0178929
internal_weight=22726 9774 1370 12952 1096 500 8404 4505 2610 340 561 366 6014 701 1895 6938 2049 1565 1363 1662 3032 2805 2558 2350 340 2010 596 345 3906 685
internal_count=22726 9774 1370 12952 1096 500 8404 4505 2610 340 561 366 6014 701 1895 6938 2049 1565 1363 1662 3032 2805 2558 2350 340 2010 596 345 3906 685
is_linear=0
shrinkage=0.0161


Tree=123
num_leaves=31
num_cat=0
split_feature=119 541 33 413 585 56 460 480 541 489 436 192 489 35 549 417 516 364 593 267 127 101 111 357 489 595 583 173 547 267
split_gain=12104.5 7198.9 6357.25 6211.19 8642.88 5112.23 5361.72 4800.02 4658.36 4458.16 4475.19 7380.91 7995.23 4362.4 4897.34 4205.42 5937.7 4081.18 3651.83 4207.68 3593.68 4250.21 4722.49 3491.11 3979.61 5032.9 3203.97 2903.9 4036.43 2608.66
threshold=20.000000000000004 195.05000305175784 6.5000000000000009 16.500000000000004 200.34999847412112 43.500000000000007 10.500000000000002 184.50000000000003 71.750000000000014 172.50000000000003 6.5000000000000009 13.500000000000002 123.50000000000001 8.0000000000000018 92.149997711181655 8.0000000000000018 200.50000000000003 73.500000000000014 203.05000305175784 8.0000000000000018 10.500000000000002 24.500000000000004 10.500000000000002 5.5000000000000009 169.50000000000003 169.15000152587893 186.44999694824222 8.0000000000000018 81.350002288818374 6.5000000000000009
decision_type=2 10 2 2 8 2 2 2 8 2 2 2 2 2 8 2 2 2 10 2 2 2 2 2 2 8 10 2 10 2
left_child=1 8 7 15 -5 9 -7 -2 -1 10 27 12 13 -12 -15 29 -17 18 19 -10 23 -22 -23 -21 -25 -26 -11 -4 -29 -3
right_child=2 3 5 4 -6 6 -8 -9 17 26 11 -13 -14 14 -16 16 -18 -19 -20 20 21 22 -24 24 25 -27 -28 28 -30 -31
leaf_value=-0.029835725677611991 -0.022313907604922096 0.019559945521905472 -0.014759383646082643 0.145559122219447 0.0079503907962103337 0.034579792303235719 0.16353045232701063 0.061222416958450397 -0.011468125461462399 -0.044651213437225543 0.012884387733860829 0.0056379451129960076 0.18408413594574483 0.032185927951643149 0.13894924614377416 -0.013919289295034668 0.086903085637653324 0.064510804466459695 -0.04567040641026561 -0.022641502685144092 0.013012969492922934 0.12999874684545018 0.012765281894686821 0.00084937831710379746 -0.0018146959732747076 0.12514937525711367 0.028354532909826317 0.097246504701380312 -0.0055014719269652025 -0.052420802233515459
leaf_weight=2153 958 212 475 237 237 175 161 219 7959 311 287 454 172 196 260 300 305 219 564 1428 1704 187 171 1989 161 162 312 192 204 338
leaf_count=2153 958 212 475 237 237 175 161 219 7959 311 287 454 172 196 260 300 305 219 564 1428 1704 187 171 1989 161 162 312 192 204 338
internal_value=0.00116542 -0.00457826 0.0252244 0.0277246 0.0768044 0.0369963 0.0964387 -0.00675062 -0.00773122 0.0300119 0.040609 0.058765 0.0850996 0.0621536 0.0931114 0.00756242 0.0368696 -0.00445739 -0.00551342 -0.00386586 0.00655863 0.0236245 0.0740675 -0.00284414 0.00937346 0.061791 -0.00805197 0.0120451 0.0442563 -0.0246327
internal_weight=22702 18326 4376 1629 474 3199 336 1177 16697 2863 2240 1369 915 743 456 1155 605 14544 14325 13761 5802 2062 358 3740 2312 323 623 871 396 550
internal_count=22702 18326 4376 1629 474 3199 336 1177 16697 2863 2240 1369 915 743 456 1155 605 14544 14325 13761 5802 2062 358 3740 2312 323 623 871 396 550
is_linear=0
shrinkage=0.0161


Tree=124
num_leaves=31
num_cat=0
split_feature=177 540 421 573 270 534 178 532 502 571 460 518 177 167 578 239 355 195 21 362 6 141 277 525 497 585 189 87 124 339
split_gain=13244.1 7291.38 7529.52 5483.56 5200.76 5379.68 8433.93 4136.5 5234.89 12739.8 3855.08 3810.85 3791.29 3467.56 3470.55 3942.46 4611.23 4759.75 5417.38 3444.61 5926.92 3347.09 5551.17 4703 3082.62 3032.76 3206.92 3704.83 2660.47 2591.71
threshold=10.500000000000002 210.94999694824222 10.500000000000002 77.149997711181655 6.5000000000000009 169.50000000000003 52.000000000000007 288.50000000000006 269.50000000000006 204.25000000000003 8.0000000000000018 222.50000000000003 24.500000000000004 2.5000000000000004 74.149997711181655 10.500000000000002 10.500000000000002 20.000000000000004 10.500000000000002 29.500000000000004 16.500000000000004 8.0000000000000018 4.5000000000000009 115.50000000000001 250.50000000000003 78.350002288818374 5.5000000000000009 8.0000000000000018 13.500000000000002 5.5000000000000009
decision_type=2 10 2 8 2 2 2 2 2 10 2 2 2 2 8 2 2 2 2 2 2 2 2 2 2 8 2 2 2 2
left_child=3 4 -3 -1 -2 6 11 8 13 -10 -4 12 -6 -5 -15 19 17 21 -19 -16 -21 28 -23 -24 -7 -14 27 -27 29 -17
right_child=1 2 10 7 5 24 -8 -9 9 -11 -12 -13 25 14 15 16 -18 18 -20 20 -22 22 23 -25 -26 26 -28 -29 -30 -31
leaf_value=-0.025666324081750666 -0.0060762050508444444 0.1291750556970736 -0.037837709948268669 -0.027365124186067707 0.0093124341609197303 -0.025255013509441253 0.13039330960630244 -0.057516911374261286 0.13932550575680419 -0.0461178607174361 0.068277209057786586 0.10119574902678224 -0.0033113663791314958 0.065120611599564671 -0.011421625393389831 -0.026879194638765192 -0.013946752944019498 0.14691063201217089 0.016931226242733303 -0.0057001453118189892 0.11013361607102334 -0.032901276050064307 0.10949122569329432 0.012222257863343945 0.050979547720488697 0.15158063804305333 0.036169615440960909 0.046400052885509115 -0.051056661627222416 0.041732533402248882
leaf_weight=3423 2401 298 164 1313 2257 775 210 343 217 172 193 165 280 211 5885 242 949 174 160 354 169 185 313 220 167 165 693 185 230 347
leaf_count=3423 2401 298 164 1313 2257 775 210 343 217 172 193 165 280 211 5885 242 949 174 160 354 169 185 313 220 167 165 693 185 230 347
internal_value=0.00116993 0.0179484 0.0694142 -0.00777994 0.0133261 0.0228438 0.031081 -0.00244655 -0.000748973 0.0572695 0.0194638 0.0255058 0.0220107 -0.00285023 0.000557389 -0.000916311 0.0149441 0.0296105 0.0847155 -0.00789974 0.0316849 0.0176205 0.0429985 0.0693868 -0.011715 0.0436559 0.0562871 0.0960524 -0.00459903 0.0135024
internal_weight=22860 7953 655 14907 7298 4897 3955 11484 11141 389 357 3745 3580 10752 9439 9228 2820 1871 334 6408 523 1537 718 533 942 1323 1043 350 819 589
internal_count=22860 7953 655 14907 7298 4897 3955 11484 11141 389 357 3745 3580 10752 9439 9228 2820 1871 334 6408 523 1537 718 533 942 1323 1043 350 819 589
is_linear=0
shrinkage=0.0161


Tree=125
num_leaves=31
num_cat=0
split_feature=152 476 14 71 505 583 557 596 12 516 275 309 231 288 565 482 332 441 241 355 512 67 284 21 313 127 248 466 171 359
split_gain=10135 6966.3 6323.07 8603.17 5979.16 8357.17 4958.85 4182.7 3734.86 3404 4045.9 3181.8 3137.18 2988.8 4828.06 6093.4 2938.21 4441.98 3087.15 2922.53 4424.54 2794.25 3360.04 2570.16 2537 2642.95 2530.91 2475.69 4064.34 4083.23
threshold=5.5000000000000009 20.000000000000004 52.000000000000007 13.500000000000002 221.50000000000003 150.65000152587893 235.84999847412112 197.65000152587893 24.500000000000004 235.50000000000003 35.500000000000007 20.000000000000004 16.500000000000004 5.5000000000000009 192.55000305175784 241.50000000000003 29.500000000000004 10.500000000000002 10.500000000000002 4.5000000000000009 47.500000000000007 13.500000000000002 8.0000000000000018 24.500000000000004 6.5000000000000009 10.500000000000002 10.500000000000002 16.500000000000004 4.5000000000000009 24.500000000000004
decision_type=2 2 2 2 2 10 10 10 2 2 2 2 2 2 10 2 2 2 2 2 2 2 2 2 2 2 2 2 2 2
left_child=4 2 11 -4 8 -6 9 -7 12 10 16 13 -1 -2 15 27 18 -18 21 20 -14 -3 -23 -20 -10 -26 -16 28 -15 -30
right_child=1 6 3 -5 5 7 -8 -9 24 -11 -12 -13 19 14 26 -17 17 -19 23 -21 -22 22 -24 -25 25 -27 -28 -29 29 -31
leaf_value=-0.0247386289390201 -0.0078979435129586887 0.018236610158561723 0.12117093511084648 -0.024273689803990469 0.13427054672080774 0.054399847104229786 0.11622510352523749 -0.050815289510499045 -0.025810240000385558 -0.034804215786642077 0.097673502823636488 -0.018639192151563868 -0.013916088482851205 -0.0071030972259728741 -0.058695323977373919 0.109375030289606 0.11983857828429254 0.006640134923007206 -0.016378004726414035 -0.011670213238751401 0.10406523965473428 0.024764509167003002 0.12353195993576144 0.052004470135925934 0.0052227292239671475 0.069497120060716788 0.0046793989415243138 -0.0041832662496330882 0.024675304352140263 0.086116564129397971
leaf_weight=6316 3115 794 262 176 165 182 165 212 308 224 214 1891 166 858 345 182 193 169 785 892 163 186 173 174 440 267 309 1310 1763 334
leaf_count=6316 3115 794 262 176 165 182 165 212 308 224 214 1891 166 858 345 182 193 169 785 892 163 186 173 174 440 267 309 1310 1763 334
internal_value=0.000214526 0.00900723 0.0027854 0.0626737 -0.012929 0.0380726 0.0303221 -0.00215364 -0.0162655 0.0254465 0.0304762 0.000187729 -0.0201712 0.00452381 0.012114 0.018124 0.0246541 0.0670568 0.0173751 0.00343625 0.0444651 0.0351294 0.0724255 -0.00394621 0.0127135 0.0295294 -0.0287162 0.0142245 0.0223929 0.0344726
internal_weight=22733 13622 10545 438 9111 559 3077 394 8552 2912 2688 10107 7537 8216 5101 4447 2474 362 2112 1221 329 1153 359 959 1015 707 654 4265 2955 2097
internal_count=22733 13622 10545 438 9111 559 3077 394 8552 2912 2688 10107 7537 8216 5101 4447 2474 362 2112 1221 329 1153 359 959 1015 707 654 4265 2955 2097
is_linear=0
shrinkage=0.0161


Tree=126
num_leaves=31
num_cat=0
split_feature=298 414 433 408 179 34 480 188 479 50 143 102 530 437 397 412 48 593 486 577 42 534 99 45 317 52 482 263 251 389
split_gain=12527.4 6517.66 14288.7 5848.31 5706.82 5122.51 5817.5 4057.11 4415.05 4515.5 4216.3 5164.54 3983.87 3472.05 3197.98 3216.22 3364.42 3064.1 3019.05 3074.78 2996.42 3125.13 2578.87 2603.25 2544.18 2490.84 3286.82 2542.54 2173.38 2168.21
threshold=6.5000000000000009 35.500000000000007 24.500000000000004 24.500000000000004 5.5000000000000009 10.500000000000002 280.50000000000006 10.500000000000002 13.500000000000002 4.5000000000000009 8.0000000000000018 6.5000000000000009 138.50000000000003 10.500000000000002 3.5000000000000004 29.500000000000004 20.000000000000004 169.15000152587893 156.50000000000003 180.15000152587893 13.500000000000002 69.500000000000014 16.500000000000004 8.0000000000000018 20.000000000000004 16.500000000000004 217.50000000000003 4.5000000000000009 43.500000000000007 24.500000000000004
decision_type=2 2 2 2 2 2 2 2 2 2 2 2 2 2 2 2 2 10 2 8 2 2 2 2 2 2 2 2 2 2
left_child=14 4 3 -3 -2 12 7 8 9 -7 13 -12 18 -10 -1 25 -17 20 29 -20 22 -22 23 -9 -14 28 27 -27 -16 -6
right_child=1 2 -4 -5 5 6 -8 17 10 -11 11 -13 24 -15 15 16 -18 -19 19 -21 21 -23 -24 -25 -26 26 -28 -29 -30 -31
leaf_value=-0.030400335686349225 -0.015023882121857192 0.00017518201216739686 0.17250877958951405 0.10494896210125239 -0.0011557425012709741 0.072088558769145633 0.11796676069709011 -0.025474264320338336 -0.0015817610919352241 -0.0056817799917414881 0.16791243085013621 0.056790144667739718 -0.033838397073588357 0.075917700345383199 -0.019120234327092624 0.0021151779578452022 0.078945359647211902 -0.037996005481455521 0.10703899466976396 0.0084234581978176581 0.0043783462261976006 0.080404074702819212 -0.052496105237182629 0.046296160515934902 0.018904743859684891 0.037161359551030684 0.074608669732091418 -0.014175094282616742 0.028963173270398074 0.038905141403356019
leaf_weight=2378 2504 720 195 171 2180 254 170 245 358 811 164 323 1069 257 5786 568 200 370 162 167 280 282 223 281 304 326 161 1073 254 417
leaf_count=2378 2504 720 195 171 2180 254 170 245 358 811 164 323 1069 257 5786 568 200 370 162 167 280 282 223 281 304 326 161 1073 254 417
internal_value=-0.00131642 0.0100565 0.0476599 0.0203097 0.00628044 0.0126974 0.0257671 0.0216877 0.036249 0.0128442 0.0588466 0.0942595 0.000476458 0.0307659 -0.0139203 -0.00923419 0.0221537 0.00290257 0.0110986 0.0570534 0.0144632 0.0425684 -0.0065936 0.0128222 -0.0221432 -0.0124091 0.00571585 -0.00219567 -0.0170943 0.00526777
internal_weight=22653 11907 1086 891 10821 8317 4018 3848 2167 1065 1102 487 4299 615 10746 8368 768 1681 2926 329 1311 562 749 526 1373 7600 1560 1399 6040 2597
internal_count=22653 11907 1086 891 10821 8317 4018 3848 2167 1065 1102 487 4299 615 10746 8368 768 1681 2926 329 1311 562 749 526 1373 7600 1560 1399 6040 2597
is_linear=0
shrinkage=0.0161


Tree=127
num_leaves=31
num_cat=0
split_feature=118 540 525 92 479 95 516 37 218 236 75 302 512 473 82 163 485 1 36 482 403 294 590 589 581 476 558 519 511 515
split_gain=11195.5 8209.1 12054.2 7018.23 5511.84 7264.13 5488.15 5256.2 5665.93 3961.16 3899.76 5134.45 3814.87 3684.05 3600.04 3352.76 3417.92 3001.84 2915.03 3983.93 2707.05 2553.19 2715.58 3650.57 5355.15 2545.93 3050.69 3573.33 2392.67 2193.34
threshold=16.500000000000004 207.44999694824222 127.50000000000001 6.5000000000000009 29.500000000000004 29.500000000000004 184.50000000000003 13.500000000000002 8.0000000000000018 16.500000000000004 29.500000000000004 13.500000000000002 224.50000000000003 43.500000000000007 5.5000000000000009 13.500000000000002 160.50000000000003 13.500000000000002 6.5000000000000009 240.50000000000003 29.500000000000004 4.5000000000000009 173.15000152587893 117.85000228881837 114.45000076293947 10.500000000000002 148.75000000000003 129.50000000000003 176.50000000000003 101.50000000000001
decision_type=2 10 2 2 2 2 2 2 2 2 2 2 2 2 2 2 2 2 2 2 2 2 10 10 10 2 8 2 2 2
left_child=1 9 -3 20 10 14 -4 8 -8 18 12 -12 15 -11 -6 25 -17 -16 -1 21 28 -20 23 -23 -25 -5 -27 -28 29 -2
right_child=3 2 6 4 5 -7 7 -9 -10 13 11 -13 -14 -15 17 16 -18 -19 19 -21 -22 22 -24 24 -26 26 27 -29 -30 -31
leaf_value=-0.021393276371027101 -0.018738716859477846 0.165079212440333 -0.040593790687549619 -0.011969119572463844 -0.017670005593240029 0.16147526234965912 0.019518553490953616 -0.009660086377933419 0.15253625980676186 0.002857577661878997 0.01405855485309147 0.12834028626611013 -0.041403139401869779 0.073392430040421466 0.10760802909710863 0.031643011251088024 0.11547192594521365 0.023502903846559335 -0.022470421713297942 0.072121468369677866 0.052497430697856146 -0.0057973507530925499 -0.035247749202995983 0.10404705902275968 0.011262427358023946 0.0034935184074846733 0.11332775253592588 0.015070982142718863 -0.054505763295390974 0.026998844823068618
leaf_weight=6127 880 160 317 819 179 172 169 278 164 2364 217 193 282 209 233 602 160 210 2216 164 174 3278 553 198 873 592 183 203 310 393
leaf_count=6127 880 160 317 819 179 172 169 278 164 2364 217 193 282 209 233 602 160 210 2216 164 174 3278 553 198 873 592 183 203 310 393
internal_value=-0.000213875 -0.0067819 0.0360051 0.0191058 0.0307771 0.0688194 0.0137255 0.0419461 0.0850995 -0.00969616 0.0214787 0.067912 0.0147694 0.00859614 0.0431597 0.0209688 0.0492758 0.0677919 -0.013208 -0.00631767 -0.00775084 -0.00812823 -0.0016399 0.00262812 0.0284379 0.00895235 0.0264965 0.0617148 -0.0143881 -0.00460015
internal_weight=22872 17070 1088 5802 4045 794 928 611 333 15982 3251 410 2841 2573 622 2559 762 443 13409 7282 1757 7118 4902 4349 1071 1797 978 386 1583 1273
internal_count=22872 17070 1088 5802 4045 794 928 611 333 15982 3251 410 2841 2573 622 2559 762 443 13409 7282 1757 7118 4902 4349 1071 1797 978 386 1583 1273
is_linear=0
shrinkage=0.0161


Tree=128
num_leaves=31
num_cat=0
split_feature=179 212 540 585 463 504 418 387 592 192 380 449 526 577 256 155 592 579 256 491 492 221 297 385 123 364 434 32 355 422
split_gain=10964.3 6351.62 6544.87 9613.1 6215.42 6635.61 5503.99 4574.84 4542.54 3599.6 3583.32 4447.12 3388.26 6332.18 3251.8 3968.88 3014.91 4385.97 6426.96 3445.78 2993.99 5836.2 3319.68 3036.3 2825.15 3534.36 3362.58 3620.16 3742.88 6815.71
threshold=5.5000000000000009 4.5000000000000009 210.94999694824222 157.84999847412112 24.500000000000004 272.50000000000006 35.500000000000007 6.5000000000000009 131.05000305175784 13.500000000000002 10.500000000000002 13.500000000000002 84.500000000000014 98.750000000000014 24.500000000000004 6.5000000000000009 163.25000000000003 188.65000152587893 10.500000000000002 14.500000000000002 180.50000000000003 4.5000000000000009 6.5000000000000009 24.500000000000004 13.500000000000002 4.5000000000000009 3.5000000000000004 6.5000000000000009 5.5000000000000009 8.0000000000000018
decision_type=2 2 10 10 2 2 2 2 8 2 2 2 2 10 2 2 8 8 2 2 2 2 2 2 2 2 2 2 2 2
left_child=9 14 6 -4 5 -5 16 8 -8 -1 -9 -12 -11 -14 -2 -16 17 19 -19 -3 22 -22 -18 -24 25 -21 -27 -28 29 -29
right_child=1 2 3 4 -6 -7 7 10 -10 12 11 -13 13 -15 15 -17 20 18 -20 24 21 -23 23 -25 -26 26 27 28 -30 -31
leaf_value=-0.018091067909747301 -0.015723731920677556 -0.015403024024444085 0.16953178239995648 -0.022906681334223498 0.12054916385229443 0.093987602488399935 0.05204550852702975 0.036816021846409953 -0.047831541792095054 -0.01287085021783607 0.1652652205789498 0.049394387912252438 0.097191327492686247 0.0031131476080065038 -0.021294895824370382 0.088350925292104657 -0.020542136286991197 0.0035699309213140604 0.14101328666251076 -0.0039492976514269133 0.050722893741249254 -0.049047750489412338 0.0096186326572508633 0.073076289546725889 -0.00078252361677049419 -0.013174072535415755 0.0072551691554851817 0.047331172341948093 0.03997362916415987 0.17518640570370461
leaf_weight=6959 2768 1020 162 448 167 175 247 431 226 1105 170 175 255 682 161 182 793 184 170 673 190 756 1080 239 1382 274 425 270 754 181
leaf_count=6959 2768 1020 162 448 167 175 247 431 226 1105 170 175 255 682 161 182 793 184 170 673 190 756 1080 239 1382 274 425 270 754 181
internal_value=0.00122856 0.0102973 0.0162387 0.0565179 0.0333131 0.00989101 0.0122584 0.0437944 0.00427437 -0.012575 0.0678529 0.106558 0.00621188 0.0287412 -0.00992347 0.0368159 0.0075615 0.0148705 0.0696403 0.0109717 -0.00517732 -0.0289844 0.00547511 0.0211349 0.0177728 0.0277329 0.0389439 0.0477192 0.0619712 0.0986955
internal_weight=22704 13703 10592 952 790 623 9640 1249 473 9001 776 345 2042 937 3111 343 8391 5333 354 4979 3058 946 2112 1319 3959 2577 1904 1630 1205 451
internal_count=22704 13703 10592 952 790 623 9640 1249 473 9001 776 345 2042 937 3111 343 8391 5333 354 4979 3058 946 2112 1319 3959 2577 1904 1630 1205 451
is_linear=0
shrinkage=0.0161


Tree=129
num_leaves=31
num_cat=0
split_feature=417 561 163 451 155 128 479 117 215 434 211 594 288 59 189 550 248 212 527 522 515 56 274 374 93 539 515 375 240 2
split_gain=11357.6 11165.8 6055.63 4901.95 4846.33 6159.21 4485.36 7497.37 3175.2 3379.44 5576.4 3044.31 3745.56 3173.43 3253.55 6427.1 7406.15 3251.97 3346.71 3125.59 2971.34 3093.26 3441.37 4733.04 2914.55 2874.54 3208.22 5486.55 2737.22 4211.48
threshold=10.500000000000002 251.25000000000003 35.500000000000007 5.5000000000000009 16.500000000000004 8.0000000000000018 52.000000000000007 16.500000000000004 2.5000000000000004 29.500000000000004 5.5000000000000009 195.05000305175784 43.500000000000007 6.5000000000000009 10.500000000000002 150.65000152587893 10.500000000000002 6.5000000000000009 148.50000000000003 12.500000000000002 108.50000000000001 8.0000000000000018 5.5000000000000009 10.500000000000002 13.500000000000002 251.50000000000003 205.50000000000003 10.500000000000002 4.5000000000000009 16.500000000000004
decision_type=2 10 2 2 2 2 2 2 2 2 2 10 2 2 2 10 2 2 2 2 2 2 2 2 2 2 2 2 2 2
left_child=3 2 6 20 5 -4 11 -8 -5 25 -11 12 13 -2 15 17 -17 -15 19 -19 -1 22 -22 -24 -12 26 -10 -28 -21 -30
right_child=1 -3 4 8 -6 -7 7 -9 9 10 24 -13 -14 14 -16 16 -18 18 -20 28 21 -23 23 -25 -26 -27 27 -29 29 -31
leaf_value=-0.025399476976088096 -0.011026697801107961 0.12832419391637775 0.033314100738840891 -0.028631157410137345 -0.0064168321049473285 0.1472978029321661 -0.012338372246421465 0.13346187687867525 -0.00063057193269922907 0.10497557524475423 -0.023828577543671407 -0.023657173801156853 0.065096773286810253 -0.0086370522981364019 -0.0039226437694663378 0.032692525676577412 0.16815122423613596 -0.010010106334687669 -0.039439668512750166 0.0079560384932823008 -0.02077216099795974 -0.024229984526194084 0.0072910132120169108 0.10422284558834068 0.04960632464898828 -0.04414222904860058 0.00011373266796556823 0.10479087474109099 0.097691736290228592 0.020308528091300595
leaf_weight=4308 1775 224 268 853 210 228 174 192 5694 218 312 784 304 980 1625 304 160 281 164 287 325 728 334 215 254 355 341 210 452 307
leaf_count=4308 1775 224 268 853 210 228 174 192 5694 218 312 784 304 980 1625 304 160 281 164 287 325 728 334 215 254 355 341 210 452 307
internal_value=0.0016574 0.0161117 0.0131501 -0.00724935 0.0583067 0.0857573 0.00905405 0.0640827 0.000775543 0.00417579 0.0357783 0.00633763 0.00988326 0.00722999 0.0143417 0.0244619 0.0794531 0.0141263 0.0291038 0.0375927 -0.0184379 0.00026791 0.0207004 0.0452944 0.00908472 0.000418237 0.00295507 0.0400515 0.0504033 0.0664228
internal_weight=22866 8719 8495 14147 706 496 7789 366 8237 7384 784 7423 6639 6335 4560 2935 464 2471 1491 1327 5910 1602 874 549 566 6600 6245 551 1046 759
internal_count=22866 8719 8495 14147 706 496 7789 366 8237 7384 784 7423 6639 6335 4560 2935 464 2471 1491 1327 5910 1602 874 549 566 6600 6245 551 1046 759
is_linear=0
shrinkage=0.0161


Tree=130
num_leaves=31
num_cat=0
split_feature=419 529 540 14 414 477 503 560 414 541 232 428 438 50 360 478 394 580 4 268 542 325 524 121 532 164 532 565 152 327
split_gain=10259.7 7578.94 10561.4 13306.6 5701.64 5385.92 4223.48 6561.22 3956.61 5297.87 3683.67 3652.27 3230.26 3058.02 3246.57 2976.76 4475.75 2809.93 3065.98 2719.25 2620.01 2436.14 5278.44 5087.75 2964.37 2591.54 2513.86 4058.34 2434.78 3153.41
threshold=6.5000000000000009 290.50000000000006 209.25000000000003 24.500000000000004 16.500000000000004 16.500000000000004 108.50000000000001 205.94999694824222 35.500000000000007 115.85000228881837 13.500000000000002 3.5000000000000004 10.500000000000002 24.500000000000004 4.5000000000000009 43.500000000000007 13.500000000000002 126.54999923706056 10.500000000000002 6.5000000000000009 221.94999694824222 20.000000000000004 137.50000000000003 10.500000000000002 137.50000000000003 20.000000000000004 112.50000000000001 162.34999847412112 24.500000000000004 5.5000000000000009
decision_type=2 2 10 2 2 2 2 10 2 10 2 2 2 2 2 2 2 8 2 2 10 2 2 2 2 2 2 8 2 2
left_child=8 2 5 4 20 15 10 13 28 -10 11 -7 -13 14 -8 21 -17 18 -12 -14 -4 24 25 -24 26 -23 -2 -28 -1 -30
right_child=1 -3 3 -5 -6 6 7 -9 9 -11 17 12 19 -15 -16 16 -18 -19 -20 -21 -22 22 23 -25 -26 -27 27 -29 29 -31
leaf_value=-0.017944678412145216 -0.0059092607753324627 -0.063829820998989401 0.050244725459170456 0.19468431023696739 0.10420021118245633 0.076163898076369974 0.033661536173450982 0.094707438865678006 -0.010802014908917921 0.089614685683058012 0.094374217323603099 -0.010489583604131462 -0.003966527345410629 0.043819045476345742 -0.042949619106268003 -0.0031125602625709653 0.099127301915835908 0.10753861355392282 0.0064045944758261263 0.070970798674369034 -0.027214380789364102 -0.016954755595726585 0.13121191936496038 0.0064406311971866937 -0.029336090941300273 0.053730821282205819 0.072221831098826475 -0.028372239306217101 0.056142531038571447 -0.012899894705794215
leaf_weight=9157 4069 365 186 166 208 269 179 162 354 221 170 753 206 188 715 272 187 270 261 319 289 725 175 165 1325 165 277 166 271 466
leaf_count=9157 4069 365 186 166 208 269 179 162 354 221 170 753 206 188 715 272 187 270 261 319 289 725 175 165 1325 165 277 166 271 466
internal_value=-0.00158986 0.00842219 0.0106465 0.0653655 0.0339007 0.00642791 0.0229536 -0.000829877 -0.0132902 0.027752 0.0361253 0.0222291 0.0108583 -0.0151557 -0.0275839 -0.00123672 0.0384894 0.0667585 0.0411572 0.041522 0.00306742 -0.00382025 0.0167656 0.0707304 -0.00816224 -0.00382368 -0.00193908 0.0344743 -0.0156778 0.0124555
internal_weight=22701 12232 11867 849 683 11018 3492 1244 10469 575 2248 1547 1278 1082 894 7526 459 701 431 525 475 7067 1230 340 5837 890 4512 443 9894 737
internal_count=22701 12232 11867 849 683 11018 3492 1244 10469 575 2248 1547 1278 1082 894 7526 459 701 431 525 475 7067 1230 340 5837 890 4512 443 9894 737
is_linear=0
shrinkage=0.0161


Tree=131
num_leaves=31
num_cat=0
split_feature=119 35 480 364 568 8 528 359 598 562 465 15 181 592 593 277 355 42 480 32 167 211 311 423 295 102 510 544 235 423
split_gain=11570.7 6713.97 6333.36 5067.97 6229.83 5645.22 5943.33 5842 5935.54 4584.4 8534.44 3753.34 3531.14 3524.98 4976.44 3510.5 3383.51 3355.5 4175.65 2901.37 3666.43 2771.57 2546.87 3420.12 2287.89 2282.83 2266.74 3407.2 2211.01 2489.16
threshold=6.5000000000000009 10.500000000000002 286.50000000000006 6.5000000000000009 207.44999694824222 29.500000000000004 16.500000000000004 20.000000000000004 103.85000228881837 193.75000000000003 8.0000000000000018 6.5000000000000009 20.000000000000004 158.65000152587893 153.34999847412112 4.5000000000000009 29.500000000000004 29.500000000000004 80.500000000000014 24.500000000000004 20.000000000000004 4.5000000000000009 5.5000000000000009 10.500000000000002 6.5000000000000009 2.5000000000000004 145.50000000000003 133.05000305175784 3.5000000000000004 16.500000000000004
decision_type=2 2 2 2 10 2 2 2 8 8 2 2 2 10 10 2 2 2 2 2 2 2 2 2 2 2 2 8 2 2
left_child=19 13 3 12 5 6 -5 9 -9 22 -11 -10 -3 14 15 -2 -15 21 -19 -1 26 -17 23 -8 -7 -23 27 -21 -27 -30
right_child=1 2 -4 4 -6 24 7 8 11 10 -12 -13 -14 16 -16 17 -18 18 -20 20 -22 25 -24 -25 -26 28 -28 -29 29 -31
leaf_value=-0.016264125601637085 -0.016561650077380027 -0.010540685432308348 0.10735114766416694 -0.0068394145534466117 -0.039206345215885355 0.034833307791457921 0.0041220770265436172 0.15838863187633165 0.12392681595808608 0.003074125542176287 0.15354438961977632 0.029924252779448313 0.051828592573462028 -0.033212184106467785 0.081703055112306897 -0.018822222792884574 0.035474017347492219 0.0067280735403967892 0.11320391756326641 -0.012016340272812077 0.082226301194055634 0.058653546302143332 0.0065389395381893287 0.10525976411890781 -0.034025700029159153 -0.025901292197447533 -0.042336831050537073 0.075166792906643284 0.030064465554186223 -0.011544864813834873
leaf_weight=9014 1774 1665 220 450 303 192 161 249 167 177 219 326 274 1252 211 871 218 207 178 341 166 272 785 189 358 383 239 176 1174 545
leaf_count=9014 1774 1665 220 450 303 192 161 249 167 177 219 326 274 1252 211 871 218 207 178 341 166 272 785 189 358 383 239 176 1174 545
internal_value=-0.00043893 0.00966694 0.0226172 0.0192328 0.0305979 0.0370673 0.0465716 0.0571561 0.0942546 0.0391609 0.0863482 0.0618146 -0.00171515 -0.000812437 0.00499468 0.00199523 -0.0230101 0.0110706 0.056017 -0.0134805 0.0137086 0.00573068 0.0226766 0.0588037 -0.00994485 0.0147488 -0.00130518 0.0176175 0.00905636 0.0168588
internal_weight=22756 12820 5735 5515 3576 3273 2723 2273 742 1531 396 493 1939 7085 5615 5404 1470 3630 385 9936 922 3245 1135 350 550 2374 756 517 2102 1719
internal_count=22756 12820 5735 5515 3576 3273 2723 2273 742 1531 396 493 1939 7085 5615 5404 1470 3630 385 9936 922 3245 1135 350 550 2374 756 517 2102 1719
is_linear=0
shrinkage=0.0161


Tree=132
num_leaves=31
num_cat=0
split_feature=119 58 549 254 516 208 397 72 416 33 223 531 482 397 290 114 540 509 480 137 5 484 542 70 566 537 140 467 392 110
split_gain=9464.99 7661.41 6622.81 7946.47 5715.87 6443.85 6192.85 4351.83 4311.51 4087.47 3128.2 3095.22 3905.29 3384.3 3040.24 3708.55 6427.27 3212.08 3319.39 3022.13 3325.94 4060.63 9132.08 3094.13 2950.52 2752.39 2631.83 3138.58 2481.74 2149.67
threshold=20.000000000000004 29.500000000000004 233.25000000000003 20.000000000000004 185.50000000000003 5.5000000000000009 10.500000000000002 2.5000000000000004 10.500000000000002 4.5000000000000009 6.5000000000000009 286.50000000000006 238.50000000000003 6.5000000000000009 4.5000000000000009 5.5000000000000009 160.44999694824222 231.50000000000003 198.50000000000003 20.000000000000004 6.5000000000000009 143.50000000000003 166.15000152587893 20.000000000000004 240.75000000000003 25.500000000000004 5.5000000000000009 10.500000000000002 10.500000000000002 1.0000000180025095e-35
decision_type=2 2 10 2 2 2 2 2 2 2 2 2 2 2 2 2 8 2 2 2 2 2 10 2 10 2 2 2 2 2
left_child=2 7 8 10 5 -3 -7 -2 9 -1 -4 12 13 -10 -9 16 28 18 25 20 -15 23 -23 26 29 -17 -22 -28 -16 -11
right_child=1 4 3 -5 -6 6 -8 14 11 24 -12 -13 -14 19 15 17 -18 -19 -20 -21 21 22 -24 -25 -26 -27 27 -29 -30 -31
leaf_value=-0.02680101933322496 0.065667808746540199 0.0072974800747866945 -0.045928094658854952 0.138874112607311 -0.015781450295348932 0.055027183378218686 0.15773795659674869 -0.026071194590591335 -0.011248989711533406 -0.042173840985142992 0.043661596705134358 -0.063727510485422662 0.062164837153405136 -0.0012712429031372871 -0.043415684488632991 0.042061776025976612 0.1024663124484877 -0.064248595766021696 0.070687261521269848 -0.018075383048512056 0.0036093627108705921 0.16629686771103275 0.0037284312258029722 -0.019954771849603276 0.060373211808721419 -0.01509771227771139 0.10026503078669977 0.021684669208115511 0.03957465403671475 -0.0057072711000104061
leaf_weight=3743 316 246 162 174 215 314 297 717 2559 445 268 172 300 1032 176 281 281 185 185 631 355 176 183 333 168 979 260 269 199 7259
leaf_count=3743 316 246 162 174 215 314 297 717 2559 445 268 172 300 1032 176 281 281 185 185 631 355 176 183 333 168 979 260 269 199 7259
internal_value=-0.000320504 0.0209271 -0.00536793 0.0470613 0.0583511 0.0769766 0.104992 0.0088325 -0.00713985 -0.0129482 0.00985447 0.00361622 0.00551957 0.00258458 0.00284399 0.0119235 0.0442488 -0.00107154 0.00700058 0.0135212 0.0211749 0.0358881 0.0834933 0.0218258 -0.00635845 -0.00233156 0.037591 0.0603509 0.000561758 -0.00781672
internal_weight=22880 4391 18489 604 1072 857 611 3319 17885 11615 430 6270 6098 5798 3003 2286 656 1630 1445 3239 2608 1576 359 1217 7872 1260 884 529 375 7704
internal_count=22880 4391 18489 604 1072 857 611 3319 17885 11615 430 6270 6098 5798 3003 2286 656 1630 1445 3239 2608 1576 359 1217 7872 1260 884 529 375 7704
is_linear=0
shrinkage=0.0161


Tree=133
num_leaves=31
num_cat=0
split_feature=298 328 500 90 416 172 481 110 531 513 489 37 511 545 485 90 238 352 545 402 253 36 54 110 417 307 595 504 408 334
split_gain=9778.71 6051.62 7101.34 5628.18 5294.77 6314.06 5027.65 4405.54 4689.59 4232.5 8133.89 8615.73 3961.46 3486.02 4758.28 5855.98 4323.18 3987.85 3554.13 2930.33 4875.76 3330.84 3285.98 4170.64 2860.95 2793.42 3901.82 3579.08 3524.92 2597.54
threshold=16.500000000000004 4.5000000000000009 286.50000000000006 61.500000000000007 43.500000000000007 10.500000000000002 23.500000000000004 1.0000000180025095e-35 299.50000000000006 253.50000000000003 259.50000000000006 13.500000000000002 171.50000000000003 120.95000076293947 42.500000000000007 5.5000000000000009 20.000000000000004 8.0000000000000018 235.84999847412112 24.500000000000004 35.500000000000007 5.5000000000000009 35.500000000000007 10.500000000000002 3.5000000000000004 24.500000000000004 204.25000000000003 242.50000000000003 20.000000000000004 16.500000000000004
decision_type=2 2 2 2 2 2 2 2 2 2 2 2 2 10 2 2 2 2 10 2 2 2 2 2 2 2 10 2 2 2
left_child=6 12 3 4 13 -6 24 -8 9 19 11 -11 29 14 -3 -16 -17 -18 -15 21 -21 -9 25 -24 -1 26 27 -23 -27 -2
right_child=1 2 -4 -5 5 -7 7 8 -10 10 -12 -13 -14 18 15 16 17 -19 -20 20 -22 22 23 -25 -26 28 -28 -29 -30 -31
leaf_value=-0.03768814118614814 -0.012717602072353581 -0.00070755490175777468 0.12989973959854698 0.1145310014184578 0.015640961181356904 0.13865186143093111 -0.043131510600709889 -0.015053611316538722 -0.060159820122463174 0.12993569376168676 -0.040484182312075283 -0.0045974320753343284 -0.074044633282156352 -0.015958152016356697 -0.022818235827264381 0.031761448621382679 0.059872209578341308 0.16296687257167936 0.063470063444982405 0.011105160356000853 0.095420332666133409 0.0068909022580015975 0.086937535506577332 -0.0087927713935621581 -0.010802220703811436 -0.042870090062532257 -0.051746463657358979 0.075703160872333392 0.03514441693407061 0.047031707852501929
leaf_weight=1437 732 764 178 176 230 205 572 3201 301 311 219 204 212 1160 202 325 196 195 167 1392 204 4477 273 207 3601 660 282 205 194 254
leaf_count=1437 732 764 178 176 230 205 572 3201 301 311 219 204 212 1160 202 325 196 195 167 1392 204 4477 273 207 3601 660 282 205 194 254
internal_value=0.000736126 0.0206335 0.0305869 0.025697 0.0211505 0.0736657 -0.0048661 0.000529997 0.00259083 0.00418957 0.0416335 0.0765992 -0.0109021 0.0135507 0.0289454 0.0536495 0.0752556 0.111348 -0.00594455 0.00171031 0.021897 -0.00167894 0.00511509 0.0456048 -0.0184756 0.00177053 0.00640153 0.00990885 -0.0251203 0.00265034
internal_weight=22736 4996 3798 3620 3444 435 17740 12702 12130 11829 734 515 1198 3009 1682 918 716 391 1327 11095 1596 9499 6298 480 5038 5818 4964 4682 854 986
internal_count=22736 4996 3798 3620 3444 435 17740 12702 12130 11829 734 515 1198 3009 1682 918 716 391 1327 11095 1596 9499 6298 480 5038 5818 4964 4682 854 986
is_linear=0
shrinkage=0.0161


Tree=134
num_leaves=31
num_cat=0
split_feature=417 540 3 117 165 215 32 72 230 59 260 222 73 593 190 486 186 195 124 154 495 440 371 3 267 493 535 451 129 416
split_gain=9608.8 5961.95 8770.85 5143.92 5061.68 4699.79 4938.19 4374.63 3942.03 3774.14 3770.33 4908.6 3539.04 3417.32 3249.21 3807.67 4938.97 3295.26 3324.44 3166.85 5758.2 3113.79 3097.18 2691.44 3060.46 4024.07 3486.79 2687.07 3498.67 3260.15
threshold=10.500000000000002 210.94999694824222 6.5000000000000009 16.500000000000004 8.0000000000000018 4.5000000000000009 8.0000000000000018 43.500000000000007 3.5000000000000004 43.500000000000007 13.500000000000002 13.500000000000002 52.000000000000007 187.55000305175784 8.0000000000000018 31.500000000000004 6.5000000000000009 10.500000000000002 16.500000000000004 4.5000000000000009 228.50000000000003 20.000000000000004 52.000000000000007 16.500000000000004 13.500000000000002 75.500000000000014 122.50000000000001 6.5000000000000009 13.500000000000002 20.000000000000004
decision_type=2 10 2 2 2 2 2 2 2 2 2 2 2 10 2 2 2 2 2 2 2 2 2 2 2 2 2 2 2 2
left_child=7 3 -3 12 -4 -5 21 8 -1 14 11 -9 13 23 15 -8 -17 -16 -19 20 -10 -7 27 24 -2 -26 -27 -21 -29 -30
right_child=1 2 4 5 -6 6 9 10 19 -11 -12 -13 -14 -15 17 16 -18 18 -20 22 -22 -23 -24 -25 25 26 -28 28 29 -31
leaf_value=-0.025073565122961376 -0.0012684391879933916 0.15856599357503381 0.087867485953040544 -0.0080438169606145554 -0.013789611001780033 -0.012104583478348618 0.0041532900783847826 0.017875441047107525 -0.022161140693936921 0.11238147274309411 -0.021969642946209008 0.12503256394371612 0.068898716514638483 -0.050627199610959718 -0.011271232177546775 0.14691302844903362 0.050420225335900168 0.10134835357196699 0.0012278943778886448 -0.011152899126008101 0.076224669922212551 0.059337618790994237 0.06723331959955528 -0.021705273524453991 0.0015988337416056164 0.13296170675359703 0.026450947920173988 0.019638168779712091 -0.024119620600333357 0.052068818813244197
leaf_weight=3107 2024 174 211 859 318 691 204 298 3165 224 226 177 178 377 434 214 388 187 160 3108 162 205 182 1047 367 160 160 2582 1045 169
leaf_count=3107 2024 174 211 859 318 691 204 298 3165 224 226 177 178 377 434 214 388 187 160 3108 162 205 182 1047 367 160 160 2582 1045 169
internal_value=0.000995725 0.0144501 0.0593818 0.0104381 0.0267134 0.0247451 0.0351585 -0.007122 -0.00915666 0.0504551 0.0320863 0.0578551 -0.00138543 -0.00441665 0.0416996 0.0643881 0.0847608 0.0182547 0.0552511 -0.00440516 -0.0173634 0.00421474 0.00167565 0.000212894 0.00868647 0.0380493 0.0797799 -4.91447e-05 0.00903593 -0.0134941
internal_weight=22803 8582 703 7879 529 3566 2707 14221 13520 1811 701 475 4313 4135 1587 806 602 781 347 10413 3327 896 7086 3758 2711 687 320 6904 3796 1214
internal_count=22803 8582 703 7879 529 3566 2707 14221 13520 1811 701 475 4313 4135 1587 806 602 781 347 10413 3327 896 7086 3758 2711 687 320 6904 3796 1214
is_linear=0
shrinkage=0.0161


Tree=135
num_leaves=31
num_cat=0
split_feature=179 280 178 4 511 270 537 238 479 517 386 394 96 154 279 529 568 101 419 97 556 44 154 534 540 334 387 177 500 56
split_gain=7241.58 4347.01 4192.97 3908.12 4793.13 4559.93 4390.09 7017.23 4307.04 3899.94 5297.01 3770.76 4798.87 6285.02 3617.58 4310.42 4583.93 6462.61 4084.87 5016.78 4085.8 3487.28 3268.91 3220.15 3160.88 3055.97 3109.23 2942.86 2816.66 2465.54
threshold=5.5000000000000009 2.5000000000000004 4.5000000000000009 20.000000000000004 313.50000000000006 6.5000000000000009 162.50000000000003 35.500000000000007 5.5000000000000009 177.50000000000003 24.500000000000004 4.5000000000000009 8.0000000000000018 16.500000000000004 35.500000000000007 15.500000000000002 118.54999923706056 4.5000000000000009 43.500000000000007 29.500000000000004 201.75000000000003 4.5000000000000009 16.500000000000004 33.500000000000007 192.55000305175784 8.0000000000000018 3.5000000000000004 20.000000000000004 119.50000000000001 10.500000000000002
decision_type=2 2 2 2 2 2 2 2 2 2 2 2 2 2 2 2 8 2 2 2 10 2 2 2 10 2 2 2 2 2
left_child=9 -2 25 4 5 11 7 -5 -7 -1 28 23 13 29 15 -10 17 -17 19 20 27 -14 -19 -4 -8 -3 -27 -18 -11 -13
right_child=1 2 3 6 -6 8 24 -9 14 10 -12 12 21 -15 -16 16 18 22 -20 -21 -22 -23 -24 -25 -26 26 -28 -29 -30 -31
leaf_value=-0.01530448967215743 -0.022319344597374172 -0.025631657126939631 0.013226164887250683 -0.0023138202369824769 0.10617307043608988 -0.002528485147915073 -0.067236009828598856 0.088521117237182187 -0.0042404644928937208 0.059222890780391543 0.095454572339842544 0.040967884130743398 0.042878280451861026 0.11960014163215607 -0.016126374387714745 0.16692495556942916 0.0053172542631241722 0.037274298942190233 -0.031809784371332486 0.1209710187652743 0.086542451042180918 -0.02511997053467328 0.11858841772280471 -0.054751775658064876 0.0028247753045866392 0.072463556165115572 -0.0013216516906801251 0.060967778640443289 -0.012242819441208608 -0.018269422053828182
leaf_weight=8058 1187 1321 295 1624 165 922 395 255 459 176 185 485 254 202 309 176 898 518 210 192 304 847 171 464 288 178 876 340 761 291
leaf_count=8058 1187 1321 295 1624 165 922 395 255 459 176 185 485 254 202 309 176 898 518 210 192 304 847 171 464 288 178 876 340 761 291
internal_value=-0.000333196 0.00711229 0.00992272 0.0144645 0.020328 0.0183942 -0.00269552 0.0100009 0.0284755 -0.0113872 0.0167251 0.00240437 0.0136252 0.0395831 0.0364736 0.0414543 0.0489293 0.0797833 0.0351884 0.043316 0.0336316 -0.00941144 0.0574895 -0.0282998 -0.0376591 -0.00931313 0.0111169 0.0206199 0.00115572 0.0187236
internal_weight=22806 13626 12439 10064 7502 7337 2562 1879 4499 9180 1122 2838 2079 978 3577 3268 2809 865 1944 1734 1542 1101 689 759 683 2375 1054 1238 937 776
internal_count=22806 13626 12439 10064 7502 7337 2562 1879 4499 9180 1122 2838 2079 978 3577 3268 2809 865 1944 1734 1542 1101 689 759 683 2375 1054 1238 937 776
is_linear=0
shrinkage=0.0161


Tree=136
num_leaves=31
num_cat=0
split_feature=118 531 232 566 4 13 475 357 53 10 391 148 170 345 406 421 457 399 482 307 212 160 590 92 590 596 111 454 470 18
split_gain=6739.24 5274.89 6266.63 5631.68 9111.21 5298.93 4412.5 5293.66 4111.94 3419.13 3265.24 3375.05 2984.33 2870.8 3402.46 3363 3722.17 2773.01 4297.21 3418.78 4660.17 4679.46 2632.11 2571.14 2843.34 5617.89 4231.74 3037.77 2484.86 2259.37
threshold=16.500000000000004 246.50000000000003 13.500000000000002 280.05000305175787 10.500000000000002 52.000000000000007 20.000000000000004 29.500000000000004 24.500000000000004 8.0000000000000018 29.500000000000004 20.000000000000004 3.5000000000000004 43.500000000000007 6.5000000000000009 24.500000000000004 13.500000000000002 10.500000000000002 240.50000000000003 6.5000000000000009 6.5000000000000009 8.0000000000000018 169.15000152587893 6.5000000000000009 82.250000000000014 103.25000000000001 8.0000000000000018 24.500000000000004 16.500000000000004 6.5000000000000009
decision_type=2 2 2 8 2 2 2 2 2 2 2 2 2 2 2 2 2 2 2 2 2 2 8 2 10 10 2 2 2 2
left_child=6 2 5 10 -5 23 12 8 -8 -10 11 -4 -1 14 15 -14 -17 18 19 20 -16 29 28 -2 -25 26 -26 -27 -21 -22
right_child=1 -3 3 4 -6 -7 7 -9 9 -11 -12 -13 13 -15 17 16 -18 -19 -20 22 21 -23 -24 24 25 27 -28 -29 -30 -31
leaf_value=-0.023289416091148152 -0.018434031982090187 -0.037630763131274884 0.00081613716871351059 0.014993272865889071 0.1825326456562498 0.09448156704186389 -0.0039667545872126052 0.090821710185628596 -0.0040761915565739881 0.084245273430142154 0.080247827284907286 0.066526637765447219 -0.018316893866505445 -0.043192765665667487 0.0033301465888520149 -0.0066502688854593343 0.079368625968228829 -0.0095753688913582588 0.084990120363147084 -0.0079018560110559171 0.076458062876911315 0.13203004933174925 -0.035960348010185876 -0.0088227767473024986 0.12616655873187166 -0.0094091682394555759 0.024749619383500562 0.065192774470023945 0.047531421278045403 0.0017377322664692727
leaf_weight=3308 1081 474 824 161 177 169 2011 207 189 283 263 269 4421 508 893 377 199 2089 208 735 180 173 542 1017 212 756 216 174 293 253
leaf_count=3308 1081 474 824 161 177 169 2011 207 189 283 263 269 4421 508 893 377 199 2089 208 735 180 173 542 1017 212 756 216 174 293 253
internal_value=-0.00116362 0.0138173 0.0184065 0.0439727 0.102798 0.00645265 -0.00630963 0.0125912 0.00605993 0.0488294 0.0292923 0.0170098 -0.00989711 -0.00581972 -0.0039854 -0.0135465 0.0230272 0.00491381 0.0141575 0.00934914 0.026743 0.0612052 -0.0072431 0.00214119 0.0115161 0.0267651 0.0750392 0.00452331 0.00787481 0.0328537
internal_weight=22662 5793 5319 1694 338 3625 16869 2690 2483 472 1356 1093 14179 10871 10363 4997 576 5366 3277 3069 1499 606 1570 3456 2375 1358 428 930 1028 433
internal_count=22662 5793 5319 1694 338 3625 16869 2690 2483 472 1356 1093 14179 10871 10363 4997 576 5366 3277 3069 1499 606 1570 3456 2375 1358 428 930 1028 433
is_linear=0
shrinkage=0.0161


Tree=137
num_leaves=31
num_cat=0
split_feature=358 173 543 509 500 585 422 140 324 452 59 417 130 22 577 359 412 322 330 345 437 298 131 35 26 176 352 160 12 106
split_gain=8436.55 5366.39 5195.94 5397.23 6618.57 3767.93 4444.35 5258.05 5678.37 3663.19 4238.07 5418.37 4823.25 4548.35 3840.72 6532.8 3808.17 3408.67 3116.21 3044.81 2849.15 4649.75 5266.44 8605.66 3251.21 2931.73 2707.83 3318.47 2694.97 2423.15
threshold=10.500000000000002 61.500000000000007 251.25000000000003 234.50000000000003 283.50000000000006 109.54999923706056 20.000000000000004 16.500000000000004 10.500000000000002 8.0000000000000018 29.500000000000004 10.500000000000002 6.5000000000000009 8.0000000000000018 85.149997711181655 20.000000000000004 8.0000000000000018 10.500000000000002 13.500000000000002 20.000000000000004 8.0000000000000018 5.5000000000000009 5.5000000000000009 10.500000000000002 5.5000000000000009 29.500000000000004 13.500000000000002 10.500000000000002 10.500000000000002 13.500000000000002
decision_type=2 2 10 2 2 8 2 2 2 2 2 2 2 2 10 2 2 2 2 2 2 2 2 2 2 2 2 2 2 2
left_child=1 5 3 4 9 -1 19 26 -9 18 12 28 14 -13 -11 -16 -15 -5 -2 20 25 -22 23 -23 -24 -7 27 -8 -12 -20
right_child=2 -3 -4 17 -6 6 7 8 -10 10 11 13 -14 16 15 -17 -18 -19 29 -21 21 22 24 -25 -26 -27 -28 -29 -30 -31
leaf_value=-0.017599005236652154 -0.012381329154103966 0.065556983129956142 0.086751595118111105 0.00058771815110026944 0.11709289396618455 -0.016891404861517325 -0.001181255714849823 0.017827993225322795 0.14489302901170506 0.0059296412287575557 -0.035704634979857285 0.025853703756659317 -0.0060726789811518887 0.052809620564499345 0.031146933204657768 0.14138380875151438 0.14934559839323905 -0.075843466712511742 0.04105175952442857 -0.030983692832084415 -0.0099103634887258291 0.015533984623811153 0.059603862687895449 0.17085550544924152 -0.013444275442935335 0.046295340154682806 -0.031727556668882849 0.073824565619113991 0.047825553787114061 -0.010401055406340606
leaf_weight=6573 2051 257 241 321 160 2633 443 195 172 632 224 292 1663 186 526 190 249 285 643 1104 1214 208 234 167 485 205 328 233 181 375
leaf_count=6573 2051 257 241 321 160 2633 443 195 172 632 224 292 1663 186 526 190 249 285 643 1104 1214 208 234 167 485 205 328 233 181 375
internal_value=6.08229e-05 -0.00734515 0.0130852 0.0108569 0.0146559 -0.00866679 -0.000959797 0.0252876 0.077443 0.01238 0.022256 0.0488203 0.0122612 0.0751114 0.0348967 0.0604326 0.108122 -0.0353188 -0.000944353 -0.00672118 -0.00151144 0.0117676 0.0358449 0.0847666 0.0102967 -0.0123189 0.00619932 0.0246365 0.00156803 0.022075
internal_weight=22670 14451 8219 7978 7372 14194 7621 1371 367 7212 4143 1132 3011 727 1348 716 435 606 3069 6250 5146 2308 1094 375 719 2838 1004 676 405 1018
internal_count=22670 14451 8219 7978 7372 14194 7621 1371 367 7212 4143 1132 3011 727 1348 716 435 606 3069 6250 5146 2308 1094 375 719 2838 1004 676 405 1018
is_linear=0
shrinkage=0.0161


Tree=138
num_leaves=31
num_cat=0
split_feature=417 561 293 352 586 540 565 478 566 560 591 547 153 472 20 485 534 532 241 355 78 348 512 210 533 34 554 493 596 389
split_gain=7194.5 7151.37 5915.07 4344.24 3750.02 5691.38 4359.84 5403.23 4140.18 3273.78 5981.23 5703.04 2893.46 2871.83 2818.15 3515.79 5571.53 2809.47 2874.98 4172.92 2792.21 2756.22 2730.18 3574.92 3426.64 3404.04 3103.26 6605.53 2883.71 2591.95
threshold=10.500000000000002 251.25000000000003 61.500000000000007 13.500000000000002 205.94999694824222 204.25000000000003 173.15000152587893 35.500000000000007 151.55000305175784 140.84999847412112 143.15000152587893 157.84999847412112 6.5000000000000009 35.500000000000007 6.5000000000000009 61.500000000000007 95.500000000000014 310.50000000000006 24.500000000000004 8.0000000000000018 16.500000000000004 43.500000000000007 91.500000000000014 20.000000000000004 102.50000000000001 20.000000000000004 192.55000305175784 238.50000000000003 108.14999771118165 16.500000000000004
decision_type=2 10 2 2 10 10 10 2 10 8 8 10 2 2 2 2 2 2 2 2 2 2 2 2 2 2 10 2 10 2
left_child=2 3 9 22 5 6 7 8 14 12 11 20 -1 -14 15 -5 -17 18 21 -20 -11 29 23 24 -2 -25 28 -28 -24 -12
right_child=1 -3 -4 4 -6 -7 -8 -9 -10 10 17 -13 13 -15 -16 16 -18 -19 19 -21 -22 -23 26 25 -26 -27 27 -29 -30 -31
leaf_value=-0.023316196649936463 -0.0048747354485096086 0.10043252077791946 0.074521534104102352 0.0030442688095672511 -0.029134299869332775 0.12314997667915949 -0.046081012483425804 0.094607598427806042 0.094868734902857452 -0.0041739700236308195 -0.011890604998733135 0.11254989631926965 -0.0078446001182036328 0.05068142448958881 -0.0019635435993360204 0.14559786009940237 0.011276230953493565 -0.069029502142112661 0.071207941942345601 -0.015030633098240072 0.071806385438542106 -0.065072454696331633 0.0068731218013124151 0.021220011443988909 0.055550384490359712 0.10331283285069549 0.085222727022541592 -0.03075287814390907 -0.034699549818454273 0.020466698181925095
leaf_weight=4692 2167 228 226 324 296 164 204 305 181 468 3173 212 3219 233 1082 160 161 177 303 279 171 211 642 464 274 183 239 272 1320 804
leaf_count=4692 2167 228 226 324 296 164 204 305 181 468 3173 212 3219 233 1082 160 161 177 303 279 171 211 642 464 274 183 239 272 1320 804
internal_value=-0.000106008 0.0114482 -0.00717493 0.00904102 0.0251021 0.0313313 0.0250914 0.0316629 0.0215887 -0.00850092 0.000741508 0.0401716 -0.0150838 -0.00388744 0.0138949 0.0405342 0.0783011 -0.00603664 -0.00369423 0.0298263 0.016122 -0.00835815 0.000727515 0.0108268 0.00189829 0.0444758 -0.0118738 0.0234441 -0.0210843 -0.00534326
internal_weight=22834 8666 14168 8438 2877 2581 2417 2213 1908 13942 5798 851 8144 3452 1727 645 321 4947 4770 582 639 4188 5561 3088 2441 647 2473 511 1962 3977
internal_count=22834 8666 14168 8438 2877 2581 2417 2213 1908 13942 5798 851 8144 3452 1727 645 321 4947 4770 582 639 4188 5561 3088 2441 647 2473 511 1962 3977
is_linear=0
shrinkage=0.0161


Tree=139
num_leaves=31
num_cat=0
split_feature=90 224 239 299 136 479 478 3 448 541 507 531 564 87 174 57 316 84 206 127 99 495 351 536 541 168 501 548 384 73
split_gain=8077.33 6226.78 5513.52 5169.61 5133.74 4224.24 7694.39 5182.4 5145.51 8478.82 4932.39 6392.78 4141.18 6245.61 3127.33 3120.5 2886.53 2526 2975.32 4058.26 4971.15 5029.94 2458.23 2409.6 2395.63 2282.72 3498.89 2276.58 2226.01 2718.04
threshold=3.5000000000000004 3.5000000000000004 10.500000000000002 73.500000000000014 73.500000000000014 35.500000000000007 35.500000000000007 20.000000000000004 10.500000000000002 200.34999847412112 76.500000000000014 61.500000000000007 220.15000152587893 8.0000000000000018 8.0000000000000018 16.500000000000004 5.5000000000000009 24.500000000000004 16.500000000000004 8.0000000000000018 8.0000000000000018 89.500000000000014 4.5000000000000009 228.50000000000003 141.55000305175784 24.500000000000004 62.500000000000007 116.54999923706056 8.0000000000000018 29.500000000000004
decision_type=2 2 2 2 2 2 2 2 2 10 2 2 10 2 2 2 2 2 2 2 2 2 2 2 10 2 2 10 2 2
left_child=22 23 4 5 12 7 14 8 -4 10 11 15 17 -14 -7 -10 -12 18 28 -20 -21 -22 -1 25 27 -2 -27 -9 -3 -30
right_child=1 2 3 -5 -6 6 -8 24 9 -11 16 -13 13 -15 -16 -17 -18 -19 19 20 21 -23 -24 -25 -26 26 -28 -29 29 -31
leaf_value=-0.03497514537410247 -0.016058838023110738 -0.011445673883105545 0.011477500861974649 -0.050549769105915909 0.087746563407839387 0.066345429636465017 0.13248285030466636 -0.0064228670090198557 0.0013089998263041646 0.14872898905768081 -0.046571393840954267 0.15647368513471394 0.12126778228837069 0.0017458869020816896 -0.0096712144527072528 0.087068057090906134 0.02772036750477147 -0.023636483982617647 -0.0030280356265793592 0.00081652618418837715 0.034260957909847123 0.15750586508127098 -0.010319145749061377 -0.074564474411718665 -0.040822001995001841 -0.024046929840609362 0.081526826816775894 0.061291615762698114 0.0026470705391281983 0.059689969956570471
leaf_weight=1662 3015 3759 1805 244 176 262 254 656 257 203 193 161 179 310 301 193 455 1265 722 265 179 166 2849 166 411 162 163 160 2068 242
leaf_count=1662 3015 3759 1805 244 176 262 254 656 257 203 193 161 179 310 301 193 455 1265 722 265 179 166 2849 166 411 162 163 160 2068 242
internal_value=-0.000101469 0.00463267 0.00917996 0.0218794 0.0016171 0.0252114 0.058901 0.0190815 0.0296787 0.052134 0.0365404 0.0693615 -3.61182e-05 0.0455454 0.0256624 0.0381424 0.00555702 -0.00261088 0.000979695 0.022772 0.0533478 0.0936296 -0.0194084 -0.0146678 -0.00911539 -0.0116839 0.0288299 0.00682564 -0.00379932 0.00863318
internal_weight=22903 18392 14886 5555 9331 5311 817 4494 3267 1462 1259 611 9155 489 563 450 648 8666 7401 1332 610 345 4511 3506 1227 3340 325 816 6069 2310
internal_count=22903 18392 14886 5555 9331 5311 817 4494 3267 1462 1259 611 9155 489 563 450 648 8666 7401 1332 610 345 4511 3506 1227 3340 325 816 6069 2310
is_linear=0
shrinkage=0.0161


Tree=140
num_leaves=31
num_cat=0
split_feature=475 168 559 119 170 269 20 237 355 313 330 546 588 575 405 15 598 332 299 290 388 541 598 47 64 468 236 118 592 61
split_gain=7804.71 8741.88 7003.31 4654.43 3586.4 3471.4 3620.03 3429.67 3860.69 4448.64 3655.42 3425.11 3969.74 3420.81 3270.43 4949.13 6872.01 3076.99 2987.15 4110.8 3030.06 3026.83 3637.21 2470.95 2399.96 2525.18 3082.08 2382.27 3630.12 2911.98
threshold=20.000000000000004 52.000000000000007 238.25000000000003 4.5000000000000009 3.5000000000000004 5.5000000000000009 3.5000000000000004 3.5000000000000004 5.5000000000000009 43.500000000000007 29.500000000000004 251.25000000000003 200.34999847412112 97.049999237060561 10.500000000000002 13.500000000000002 172.25000000000003 29.500000000000004 6.5000000000000009 29.500000000000004 2.5000000000000004 106.85000228881837 91.049999237060561 29.500000000000004 20.000000000000004 5.5000000000000009 16.500000000000004 20.000000000000004 224.44999694824222 8.0000000000000018
decision_type=2 2 10 2 2 2 2 2 2 2 2 10 10 10 2 2 8 2 2 2 2 10 10 2 2 2 2 2 8 2
left_child=3 2 5 -1 -5 -2 -7 23 9 10 18 12 27 -12 15 24 -17 -16 -9 20 -20 22 -22 -6 25 -8 -27 -10 29 -29
right_child=1 -3 -4 4 7 6 14 8 11 -11 13 -13 -14 -15 17 16 -18 -19 19 -21 21 -23 -24 -25 -26 26 -28 28 -30 -31
leaf_value=-0.019486233289915576 -0.019308654924234732 0.1199409668555495 0.11606130535858632 -0.018551884959116922 -0.022956563815488083 -0.026328933320226334 -0.012029879005920665 -0.010755123967928498 -0.0062107162655903698 0.10142751632285819 0.11737560186361536 0.070517815173985601 -0.044544496337453582 0.013653707417771332 -0.0066859232332276038 0.036061392494308016 0.15471006581057561 0.066899240814308897 0.079901943946578291 0.10000505975128009 0.011986161515464019 -0.017240126071023279 0.097357993611273771 0.039699436237933421 -0.032999236929438139 0.011408921297593539 0.10096334563653181 0.040249690940407812 0.081871668340571385 -0.018800986365216751
leaf_weight=5430 939 204 161 2621 1720 444 227 1099 3198 166 169 163 567 162 1024 366 194 172 169 163 663 677 161 180 202 205 195 385 208 494
leaf_count=5430 939 204 161 2621 1720 444 227 1099 3198 166 169 163 567 162 1024 366 194 172 169 163 663 677 161 180 202 205 195 385 208 494
internal_value=-0.00239195 0.0170457 0.0119563 -0.00697183 -0.00172873 0.00772635 0.0161151 0.0025317 0.00693123 0.0200973 0.0159526 -0.00206638 -0.00450966 0.0666825 0.0234144 0.0402202 0.0772067 0.00387688 0.0102175 0.0228048 0.0152556 0.00796129 0.0286954 -0.0170083 0.0152069 0.030775 0.0551255 0.000782344 0.0213779 0.0070363
internal_weight=22728 4333 4129 18395 12965 3968 3029 10344 8444 3429 3263 5015 4852 331 2585 1389 560 1196 2932 1833 1670 1501 824 1900 829 627 400 4285 1087 879
internal_count=22728 4333 4129 18395 12965 3968 3029 10344 8444 3429 3263 5015 4852 331 2585 1389 560 1196 2932 1833 1670 1501 824 1900 829 627 400 4285 1087 879
is_linear=0
shrinkage=0.0161


Tree=141
num_leaves=31
num_cat=0
split_feature=479 544 505 280 539 451 435 360 415 91 155 159 518 128 548 423 597 118 285 586 499 220 584 562 152 449 481 493 138 412
split_gain=7624.35 5002.2 6978.79 4680.34 4454.87 4678.34 4383.99 4551.19 4381.23 4335.81 3870.95 3603.69 4257.95 3643.03 4012.21 4982.89 4587.94 3444.87 3437.83 3462.28 4251.16 4208.24 2847.66 4068.3 2497.34 2460.55 2357.61 5736.79 2349.16 2467.47
threshold=8.0000000000000018 240.75000000000003 219.50000000000003 61.500000000000007 253.50000000000003 10.500000000000002 35.500000000000007 13.500000000000002 52.000000000000007 35.500000000000007 2.5000000000000004 3.5000000000000004 235.50000000000003 24.500000000000004 173.15000152587893 10.500000000000002 122.54999923706056 35.500000000000007 3.5000000000000004 209.25000000000003 219.50000000000003 10.500000000000002 97.049999237060561 106.25000000000001 13.500000000000002 10.500000000000002 183.50000000000003 154.50000000000003 24.500000000000004 24.500000000000004
decision_type=2 10 2 2 2 2 2 2 2 2 2 2 2 2 10 2 10 2 2 10 2 2 10 10 2 2 2 2 2 2
left_child=3 4 -3 10 5 8 11 -8 9 -2 -1 -7 13 14 16 -16 17 22 -12 20 25 -22 -13 -24 -6 26 -20 -28 29 -27
right_child=1 2 -4 -5 24 6 7 -9 -10 -11 18 12 -14 -15 15 -17 -18 -19 19 -21 21 -23 23 -25 -26 28 27 -29 -30 -31
leaf_value=-0.033313803674160668 -0.0075584883303893976 -0.0034217157241107797 0.13409787104761092 0.065040139095188507 -0.010058090209399049 -0.016874212221304769 0.022788890795662362 0.13074059733624799 0.07492666920896271 0.069908343084761446 -0.025532146044840068 0.017742592710237117 -0.045712224873757826 -0.011523908674073938 0.15103726254808664 0.025859081910755814 -0.014345143860183084 0.088474458373670739 -0.013577500922128614 -0.041328220982392826 0.0902566514866006 -0.014371050226268767 0.11875104349892539 0.017358252535593637 -0.079552406013683907 0.0093901557508912666 0.096607477886469548 -0.026128206917778958 -0.028682740425177319 0.058250454524491339
leaf_weight=1756 4708 189 193 212 343 725 228 183 187 195 2124 1294 223 539 161 170 542 303 3956 551 260 161 199 213 221 1807 175 226 344 315
leaf_count=1756 4708 189 193 212 343 725 228 183 187 195 2124 1294 223 539 161 170 542 303 3956 551 260 161 199 213 221 1807 175 226 344 315
internal_value=-0.00101294 0.00876702 0.0659965 -0.00991372 0.00666953 0.00918622 0.0206248 0.0709122 -0.00155106 -0.00447271 -0.0112768 0.0158887 0.0224136 0.0268613 0.0340484 0.0868175 0.0271923 0.0384102 -0.00737311 -0.00242208 0.000533992 0.0501887 0.0295045 0.0663891 -0.0373308 -0.00252641 -0.00980291 0.0273761 0.0103204 0.0166543
internal_weight=22703 10816 382 11887 10434 9870 4780 411 5090 4903 11675 4369 3644 3421 2882 331 2551 2009 9919 7795 7244 421 1706 412 564 6823 4357 401 2466 2122
internal_count=22703 10816 382 11887 10434 9870 4780 411 5090 4903 11675 4369 3644 3421 2882 331 2551 2009 9919 7795 7244 421 1706 412 564 6823 4357 401 2466 2122
is_linear=0
shrinkage=0.0161


Tree=142
num_leaves=31
num_cat=0
split_feature=59 540 584 426 87 297 364 537 497 284 359 436 334 25 411 100 448 495 511 393 486 235 567 539 491 318 12 495 170 152
split_gain=7431.35 5920.11 12846.8 5292.04 5818.11 4342.5 3753.87 3605.9 4221.84 3997.47 4118.15 4018.93 3486.96 9980.37 4325.93 5133.61 3298.77 5769.16 3160.32 3125.69 4595.47 3413.25 2978.2 6255.92 9022.91 4998.66 2789.97 2749.5 2966.3 2965.94
threshold=5.5000000000000009 210.94999694824222 149.65000152587893 16.500000000000004 10.500000000000002 4.5000000000000009 8.0000000000000018 230.50000000000003 283.50000000000006 5.5000000000000009 10.500000000000002 5.5000000000000009 13.500000000000002 4.5000000000000009 8.0000000000000018 20.000000000000004 6.5000000000000009 82.500000000000014 85.500000000000014 6.5000000000000009 83.500000000000014 4.5000000000000009 238.25000000000003 121.50000000000001 125.50000000000001 13.500000000000002 52.000000000000007 142.50000000000003 13.500000000000002 10.500000000000002
decision_type=2 10 10 2 2 2 2 2 2 2 2 2 2 2 2 2 2 2 2 2 2 2 8 2 2 2 2 2 2 2
left_child=22 5 -3 -4 -5 6 -2 8 9 -7 18 -12 -13 -14 -15 -16 -8 -18 19 -11 21 -21 26 -24 -25 -26 -1 -9 29 -29
right_child=1 2 3 4 -6 7 16 27 -10 10 11 12 13 14 15 -17 17 -19 -20 20 -22 -23 23 24 25 -27 -28 28 -30 -31
leaf_value=-0.019104075015228657 -0.025717877188983544 0.17589178367662189 -0.005799588140469345 0.13918782557851392 0.0080549347395807037 -0.0029661810202782687 -0.016493538846437044 -0.082131622366849219 0.092019715498345159 -0.00083902536646462001 -2.1857494798791001e-05 0.02597962072097796 0.17108868739447788 -0.0087976767029440562 0.1098435692135426 -0.0028764111196032016 -0.0071638664290317152 0.0845092673423537 -0.013251052569249697 0.081044750609009134 0.1153800316636007 0.0023013048064887409 -0.016415673877031394 0.14836374181257705 -0.029084993912671265 0.082206127387438502 0.046467213079997932 0.063066014478098106 -0.059855986603685414 -0.028747050555603098
leaf_weight=5826 1958 161 661 170 182 3488 688 168 169 971 761 1339 189 288 301 160 408 315 1323 194 173 542 1091 168 295 162 173 190 187 175
leaf_count=5826 1958 161 661 170 182 3488 688 168 169 971 761 1339 189 288 301 160 408 315 1323 194 173 542 1091 168 295 162 173 190 187 175
internal_value=0.00100443 0.00755134 0.0422798 0.0210211 0.071453 0.00463472 -0.011288 0.00968907 0.0122212 0.0108326 0.0185483 0.0319787 0.042684 0.0665045 0.0400826 0.0706706 0.0087193 0.0327442 0.00580234 0.0192232 0.0406797 0.023089 -0.0118581 0.00683531 0.0474599 0.0103146 -0.0172092 -0.0250874 -0.00768344 0.0189816
internal_weight=22876 15161 1174 1013 352 13987 3369 10618 9898 9729 6241 3038 2277 938 749 461 1411 723 3203 1880 909 736 7715 1716 625 457 5999 720 552 365
internal_count=22876 15161 1174 1013 352 13987 3369 10618 9898 9729 6241 3038 2277 938 749 461 1411 723 3203 1880 909 736 7715 1716 625 457 5999 720 552 365
is_linear=0
shrinkage=0.0161


Tree=143
num_leaves=31
num_cat=0
split_feature=479 561 587 572 118 509 272 238 593 352 423 518 14 565 52 586 492 493 185 42 536 564 158 38 187 419 218 372 520 426
split_gain=7999.47 5548.16 7542.09 4307.17 6274.48 5067.95 5856.6 4582.72 5038.16 5046.2 4950.94 4118.51 3527.68 6003.12 3537.57 3451.19 4477.91 4586.19 4564.51 4308.05 3261.43 3591.11 2783.98 4179.47 2754.05 3378.24 2747.92 4723.51 2507.52 2675.04
threshold=8.0000000000000018 238.25000000000003 226.84999847412112 235.84999847412112 13.500000000000002 187.50000000000003 6.5000000000000009 35.500000000000007 103.25000000000001 6.5000000000000009 29.500000000000004 117.50000000000001 52.000000000000007 97.049999237060561 10.500000000000002 209.25000000000003 80.500000000000014 92.500000000000014 4.5000000000000009 10.500000000000002 157.50000000000003 156.94999694824222 4.5000000000000009 3.5000000000000004 24.500000000000004 52.000000000000007 24.500000000000004 20.000000000000004 219.50000000000003 20.000000000000004
decision_type=2 10 10 10 2 2 2 2 10 2 2 2 2 10 2 10 2 2 2 2 2 8 2 2 2 2 2 2 2 2
left_child=12 3 -3 5 -5 6 20 10 9 -9 22 -7 14 -14 -1 16 -16 -18 19 -19 -2 -22 -8 -24 25 26 27 -25 29 -20
right_child=1 2 -4 4 -6 11 7 8 -10 -11 -12 -13 13 -15 15 -17 17 18 28 -21 21 -23 23 24 -26 -27 -28 -29 -30 -31
leaf_value=-0.017054295120389397 -0.011814526111706823 0.13547824906271541 -0.0069154382225202838 0.1375075947340107 -0.0042766790337507585 0.048151989765512659 0.002248234599990291 0.033269239358719005 0.0072062606543341094 0.15304500102202573 -0.021766674031973281 -0.035359589978760153 -0.029654404085838217 0.095077553972464146 -0.009055901001462743 -0.048170696566934096 0.092543130753279412 0.016642223804820895 -0.02665026139786902 0.12459249392200294 0.090416631362509908 -0.0023402893336816099 0.095555562667430066 0.023025744029180017 -0.012514281757967795 0.10390298429685593 -0.014721648559837217 0.093206050210063326 0.054459319445535559 0.040157385744664244
leaf_weight=7163 2950 211 177 161 162 178 1182 164 256 207 759 1085 183 220 2356 338 227 230 732 165 180 270 243 1395 411 161 337 303 172 197
leaf_count=7163 2950 211 177 161 162 178 1182 164 256 207 759 1085 183 220 2356 338 227 230 732 165 180 270 243 1395 411 161 337 303 172 197
internal_value=0.000619003 0.0106744 0.0704596 0.00844258 0.0663231 0.00658573 0.0109078 0.0213027 0.0622462 0.100162 0.0159395 -0.0235713 -0.00843505 0.0383791 -0.0100663 0.00126079 0.00536263 0.0250919 0.0148413 0.061795 -0.00564992 0.0347102 0.0230433 0.0316595 0.0256947 0.0328566 0.0272242 0.0355629 -0.00198266 -0.012458
internal_weight=22775 10792 388 10404 323 10081 8818 5418 627 371 4791 1263 11983 403 11580 4417 4079 1723 1496 395 3400 450 4032 2850 2607 2196 2035 1698 1101 929
internal_count=22775 10792 388 10404 323 10081 8818 5418 627 371 4791 1263 11983 403 11580 4417 4079 1723 1496 395 3400 450 4032 2850 2607 2196 2035 1698 1101 929
is_linear=0
shrinkage=0.0161


Tree=144
num_leaves=31
num_cat=0
split_feature=479 212 532 356 558 63 479 335 265 48 302 400 7 575 1 370 369 453 275 27 144 426 448 41 547 275 130 201 207 35
split_gain=8334.01 6904.85 5637.53 5133.56 4887.56 3809.77 5315.47 3872.38 5394.77 4602.93 3810.32 3869.52 6376.67 3586.13 3553.49 3754.53 4878.23 3540.26 3394.7 3309.28 4484.23 6062.68 3079.21 3290.89 4624.86 2964.31 2789.32 2604.53 5170.15 2547.94
threshold=20.000000000000004 8.0000000000000018 310.50000000000006 35.500000000000007 89.549999237060561 13.500000000000002 5.5000000000000009 16.500000000000004 13.500000000000002 8.0000000000000018 13.500000000000002 29.500000000000004 13.500000000000002 224.44999694824222 20.000000000000004 4.5000000000000009 8.0000000000000018 24.500000000000004 10.500000000000002 29.500000000000004 16.500000000000004 10.500000000000002 10.500000000000002 8.0000000000000018 126.54999923706056 16.500000000000004 6.5000000000000009 3.5000000000000004 8.0000000000000018 24.500000000000004
decision_type=2 2 2 2 8 2 2 2 2 2 2 2 2 8 2 2 2 2 2 2 2 2 2 2 10 2 2 2 2 2
left_child=2 29 4 17 -1 6 22 -7 13 -10 11 27 -13 -9 15 -12 -17 19 -5 20 25 -22 -6 -24 -25 -3 -19 28 -8 -2
right_child=1 3 -4 18 5 7 10 8 9 -11 14 12 -14 -15 -16 16 -18 26 -20 -21 21 -23 23 24 -26 -27 -28 -29 -30 -31
leaf_value=-0.014374615417843774 -0.011997935392362758 0.018585794245870261 -0.073518225009372731 0.039401375931189024 -0.01607547840249653 -0.019091806177513 0.0043712727785414447 -0.035774676650133633 0.12788771843410551 0.016476200203939827 0.0041744749526953697 0.0093188704982875188 0.13865632337705708 0.045474508019165402 0.001126986269087911 0.15057642196621857 0.046725436668812077 0.044773537176779912 0.13808111094633366 -0.01916053433846341 0.17051063057141536 0.032056739961683955 -0.010555488387010975 0.0026078824952770075 0.091553983683742068 0.081844529721011791 -0.027573651181039285 0.0011452533324403467 0.10461778112681572 0.038968415563426194
leaf_weight=6057 1478 784 295 165 2315 2930 394 464 168 226 161 252 163 202 264 217 257 206 202 202 167 162 629 345 271 255 419 2664 202 307
leaf_count=6057 1478 784 295 165 2315 2930 394 464 168 226 161 252 163 202 264 217 257 206 202 202 167 162 629 345 271 255 419 2664 202 307
internal_value=0.00102013 0.0210784 -0.00369786 0.0380162 -0.00256368 0.00333497 0.00965743 -0.00954806 0.0168101 0.0640414 0.0211405 0.0138638 0.0601756 -0.0110962 0.0508607 0.0715003 0.0943187 0.0286819 0.0937797 0.0415839 0.0505707 0.102407 -0.00508982 0.0153184 0.0417766 0.0341339 -0.00369036 0.00796107 0.0383869 -0.00321911
internal_weight=22823 4347 18476 2562 18181 12124 8134 3990 1060 394 4574 3675 415 666 899 635 474 2195 367 1570 1368 329 3560 1245 616 1039 625 3260 596 1785
internal_count=22823 4347 18476 2562 18181 12124 8134 3990 1060 394 4574 3675 415 666 899 635 474 2195 367 1570 1368 329 3560 1245 616 1039 625 3260 596 1785
is_linear=0
shrinkage=0.0161


Tree=145
num_leaves=31
num_cat=0
split_feature=299 237 479 26 444 349 450 466 508 503 45 50 466 174 222 427 141 395 531 496 510 438 428 547 102 224 176 457 52 309
split_gain=7784.25 5959.72 5199.5 6286.04 3695.98 3379.85 3207.61 3002.42 3870.97 4256.55 2774.3 2602.4 2608.42 2907.09 3365.93 2437.9 3270.33 2327 3075.92 3652.95 5751.2 3437.39 3620.33 2323.7 3121.62 2146.72 2117.93 2083.33 2705.39 3408.89
threshold=3.5000000000000004 13.500000000000002 29.500000000000004 6.5000000000000009 16.500000000000004 8.0000000000000018 61.500000000000007 73.500000000000014 269.50000000000006 248.50000000000003 10.500000000000002 61.500000000000007 29.500000000000004 35.500000000000007 10.500000000000002 3.5000000000000004 10.500000000000002 5.5000000000000009 33.500000000000007 107.50000000000001 123.50000000000001 8.0000000000000018 10.500000000000002 213.05000305175784 4.5000000000000009 20.000000000000004 10.500000000000002 13.500000000000002 24.500000000000004 4.5000000000000009
decision_type=2 2 2 2 2 2 2 2 2 2 2 2 2 2 2 2 2 2 2 2 2 2 2 10 2 2 2 2 2 2
left_child=-1 5 6 -4 10 27 11 8 9 17 -5 12 13 15 -15 16 26 -7 -19 20 21 -20 -23 24 -21 -26 -3 -2 29 -29
right_child=1 2 3 4 -6 7 -8 -9 -10 -11 -12 -13 -14 14 -16 -17 -18 18 19 23 -22 22 -24 -25 25 -27 -28 28 -30 -31
leaf_value=-0.019260791264890144 -0.014409541412544358 -0.027296505361647756 0.11201359884820528 0.10122064768500293 -0.028204297335144984 -0.010212960945800776 0.080007226515067517 0.075945535721228918 -0.056803184841141122 0.074488219412383358 0.011833057074167284 0.072253541233716009 -0.025387474418732653 0.009444258165040199 0.10800012932327913 0.00057321565442279272 0.098915087466360477 -0.012563501437271269 -0.010428451495239228 0.050851760680482014 0.11221760655324627 0.099613536633555419 0.012197592864996207 0.058398795050714186 -0.0294307150583989 0.033218097830207537 0.051669905550417623 0.035043567119581766 0.052670917503222947 -0.015705606496582151
leaf_weight=4547 5193 180 313 173 227 1663 170 162 246 242 189 161 581 197 166 2772 161 888 403 214 247 230 265 176 741 175 172 465 266 1308
leaf_count=4547 5193 180 313 173 227 1663 170 162 246 242 189 161 581 197 166 2772 161 888 403 214 247 230 265 176 741 175 172 465 266 1308
internal_value=-0.000402048 0.00427075 0.0183646 0.0536907 0.0226575 -0.00170231 0.0113717 0.0076232 0.00560284 0.00853484 0.0546165 0.00870842 0.00628367 0.0113342 0.0545787 0.00654845 0.0387898 0.00533927 0.0130922 0.0223968 0.0433905 0.024433 0.0528627 0.00397321 -0.00448287 -0.0174361 0.0112225 -0.0089937 0.00478803 -0.00238248
internal_weight=22893 18346 5462 902 589 12884 4560 5652 5490 5244 362 4390 4229 3648 363 3285 513 5002 3339 2451 1145 898 495 1306 1130 916 352 7232 2039 1773
internal_count=22893 18346 5462 902 589 12884 4560 5652 5490 5244 362 4390 4229 3648 363 3285 513 5002 3339 2451 1145 898 495 1306 1130 916 352 7232 2039 1773
is_linear=0
shrinkage=0.0161


Tree=146
num_leaves=31
num_cat=0
split_feature=359 55 223 540 363 595 596 136 540 491 238 97 278 413 91 282 117 379 217 488 151 233 585 118 588 252 315 231 506 201
split_gain=6369.16 5287.81 3776.38 3459.01 6834.95 3965.29 5125.48 3356.67 3266.95 4877.78 5863.08 8164.8 5818.98 3904.33 3816.48 5195.74 3074.9 3187.33 2930.46 3200.64 2923.86 4247.38 3369.45 4315.04 2843.66 2687.75 2712.7 2986.89 3625.51 2655.81
threshold=10.500000000000002 52.000000000000007 6.5000000000000009 210.94999694824222 10.500000000000002 191.15000152587893 183.15000152587893 8.0000000000000018 125.85000228881837 164.50000000000003 4.5000000000000009 29.500000000000004 20.000000000000004 3.5000000000000004 6.5000000000000009 20.000000000000004 3.5000000000000004 43.500000000000007 10.500000000000002 255.50000000000003 20.000000000000004 24.500000000000004 128.15000152587893 29.500000000000004 172.25000000000003 20.000000000000004 35.500000000000007 24.500000000000004 71.500000000000014 5.5000000000000009
decision_type=2 2 2 10 2 10 10 2 8 2 2 2 2 2 2 2 2 2 2 2 2 2 8 2 8 2 2 2 2 2
left_child=2 3 -1 5 -5 6 16 -3 -4 10 -10 12 14 -11 -12 -16 -2 20 19 -15 25 22 23 -22 -24 26 27 -18 -29 -7
right_child=1 7 8 4 -6 29 -8 -9 9 13 11 -13 -14 18 15 -17 17 -19 -20 -21 21 -23 24 -25 -26 -27 -28 28 -30 -31
leaf_value=-0.015140157428249075 -0.018435604317206217 0.018805824606462625 -0.010907966715293599 0.10135201311045565 -0.0023466875723860475 0.020143228160657094 0.09185819106957506 0.10843805655981167 -0.011916414308423115 0.057019795016652594 -0.019467170437617455 0.13975948386716627 0.10311283290880752 -0.020101264941223877 0.012728376016455217 0.11562651149646622 0.0023284256477516113 -0.038204359334966256 -0.050667836250630136 0.062044056703627774 0.018922799834356584 0.10500516617158993 -0.0607275793906061 0.11445723041597303 0.020968630610154249 -0.025307540621698987 0.069706415869795355 -0.0026316170271015169 0.10197853233798493 -0.053985427655666836
leaf_weight=7821 1165 212 3107 288 384 170 182 223 727 183 490 199 231 510 483 173 2493 326 540 162 396 191 176 178 296 579 201 161 183 472
leaf_count=7821 1165 212 3107 288 384 170 182 223 727 183 490 199 231 510 483 173 2493 326 540 162 396 191 176 178 296 579 201 161 183 472
internal_value=-0.00112124 0.0101647 -0.00750889 0.00713011 0.0420606 0.00385255 0.0076108 0.0648093 0.00125829 0.0114866 0.0258809 0.0433316 0.029379 -0.0122602 0.0144959 0.0399005 0.00519054 0.0105087 -0.0227402 -0.00026335 0.0137852 0.0351565 0.0223796 0.0485895 -0.0094445 0.00646975 0.0125338 0.00847485 0.0529501 -0.0343197
internal_weight=22902 8276 14626 7841 672 7169 6527 435 6805 3698 2303 1576 1377 1395 1146 656 6345 5180 1212 672 4854 1237 1046 574 472 3617 3038 2837 344 642
internal_count=22902 8276 14626 7841 672 7169 6527 435 6805 3698 2303 1576 1377 1395 1146 656 6345 5180 1212 672 4854 1237 1046 574 472 3617 3038 2837 344 642
is_linear=0
shrinkage=0.0161


Tree=147
num_leaves=31
num_cat=0
split_feature=416 14 0 557 131 299 521 48 118 501 490 223 571 330 575 356 306 469 392 485 191 190 397 538 108 216 385 347 110 504
split_gain=7375.32 4854.83 7036.43 4502.19 4681.96 4000.61 4193.23 3839.94 3866.05 5770.63 6635.86 3477.06 3255.22 2982.31 6310.21 2928.22 3051.1 2734.95 4226.33 2456.39 2441.19 2377.03 3461.9 2333.85 2247.19 3525.18 2806.78 2197.44 2187.89 2165.16
threshold=10.500000000000002 52.000000000000007 10.500000000000002 247.34999847412112 61.500000000000007 6.5000000000000009 252.50000000000003 61.500000000000007 35.500000000000007 152.50000000000003 70.500000000000014 8.0000000000000018 228.75000000000003 16.500000000000004 71.950000762939467 5.5000000000000009 13.500000000000002 24.500000000000004 10.500000000000002 75.500000000000014 29.500000000000004 16.500000000000004 29.500000000000004 227.50000000000003 5.5000000000000009 8.0000000000000018 20.000000000000004 29.500000000000004 6.5000000000000009 145.50000000000003
decision_type=2 2 2 10 2 2 2 2 2 2 2 2 10 2 10 2 2 2 2 2 2 2 2 2 2 2 2 2 2 2
left_child=1 11 -3 4 5 27 7 8 12 10 -10 -1 21 17 -15 16 -16 20 19 -19 -13 22 23 24 25 28 -26 29 -7 -2
right_child=3 2 -4 -5 -6 6 -8 -9 9 -11 -12 13 -14 14 15 -17 -18 18 -20 -21 -22 -23 -24 -25 26 -27 -28 -29 -30 -31
leaf_value=-0.014606356391498579 -0.0028269163091567597 -0.015913447112598584 0.10723405150511034 0.079206762763113503 0.078490698127723385 -0.024645046355628881 -0.041670012027815451 0.096837673400228474 0.026101815328150913 -0.023045185146906136 0.14278701902540503 -0.013998210886975304 0.081720514710797609 0.092829406485955807 -0.0019547386604524702 -0.026284731221605483 0.088777086958987103 0.035720175498958971 0.079574396156009017 -0.047828222273707567 0.035869191669805393 -0.015298446680166904 0.072256951263428099 -0.047049933878187351 0.014174111251889629 0.080833284874661945 -0.038449611074409841 0.033859177390455408 0.041945497617414701 -0.036419744164553854
leaf_weight=8559 2290 248 233 253 253 241 294 167 268 188 240 3099 165 273 237 419 161 177 241 188 277 832 255 173 1230 291 334 327 272 636
leaf_count=8559 2290 248 233 253 253 241 294 167 268 188 240 3099 165 273 237 419 161 177 241 188 277 832 255 173 1230 291 334 327 272 636
internal_value=0.000618018 -0.00657106 0.0436912 0.0122698 0.0102643 0.00815721 0.0172731 0.0210001 0.0181735 0.0530628 0.081275 -0.0083464 0.0117653 0.00221263 0.0258123 0.00338979 0.0346892 -0.00424144 0.0272412 -0.00724849 -0.00989963 0.00857724 0.0156903 0.0100043 0.0141825 0.03606 0.002921 -0.00570693 0.0106163 -0.0101368
internal_weight=22821 14112 481 8709 8456 8203 4950 4656 4489 696 508 13631 3793 5072 1090 817 398 3982 606 365 3376 3628 2796 2541 2368 804 1564 3253 513 2926
internal_count=22821 14112 481 8709 8456 8203 4950 4656 4489 696 508 13631 3793 5072 1090 817 398 3982 606 365 3376 3628 2796 2541 2368 804 1564 3253 513 2926
is_linear=0
shrinkage=0.0161


Tree=148
num_leaves=31
num_cat=0
split_feature=274 210 574 586 562 26 177 424 322 375 72 434 319 18 172 76 437 113 532 150 496 533 29 376 130 35 364 274 5 554
split_gain=6440.94 5114.41 4422.08 4133.43 5331.18 3972.68 4501.86 4404.35 4307.35 4725.37 3931.91 3539.44 2952.43 2797.4 3034.48 3554.76 3852.11 4199.93 6074.86 3418.1 2722.01 2705.47 2940.96 3213.87 2758.04 2597.03 4189.06 2532.26 2459.11 3505.44
threshold=5.5000000000000009 10.500000000000002 244.44999694824222 220.15000152587893 240.75000000000003 10.500000000000002 24.500000000000004 16.500000000000004 16.500000000000004 10.500000000000002 52.000000000000007 35.500000000000007 3.5000000000000004 24.500000000000004 6.5000000000000009 24.500000000000004 6.5000000000000009 10.500000000000002 92.500000000000014 3.5000000000000004 283.50000000000006 173.50000000000003 4.5000000000000009 8.0000000000000018 5.5000000000000009 10.500000000000002 24.500000000000004 20.000000000000004 16.500000000000004 159.44999694824222
decision_type=2 2 10 10 10 2 2 2 2 2 2 2 2 2 2 2 2 2 2 2 2 2 2 2 2 2 2 2 2 8
left_child=10 2 12 4 5 6 8 -8 -3 -10 20 21 -2 14 28 16 27 18 -18 -19 25 22 -7 -24 -25 -1 -27 -16 -14 -30
right_child=1 3 -4 -5 -6 11 7 -9 9 -11 -12 -13 13 -15 15 -17 17 19 -20 -21 -22 -23 23 24 -26 26 -28 -29 29 -31
leaf_value=-0.018311821063846417 -0.02186339709796865 0.010231088003748775 0.067439186659874431 -0.027661835099485263 0.11492770164790511 0.063158492497226618 0.035401832769572976 0.131927966758175 0.017420509536720603 0.12236558399147734 0.04767221295216429 0.065397116857175336 -0.014353299750167395 -0.020721274169090378 -0.0084141432345094871 -0.026824364428662369 0.024409001957270016 0.081139717127370947 0.12672868272693288 -0.0015370956866881918 0.053149099438187311 -0.040953569030260803 -0.026078041864399052 0.067996521605366803 0.0019642602235528726 -0.005236542149079787 0.073728019087589775 0.043001764743874543 0.050626617770424334 -0.025833423850559055
leaf_weight=6697 1646 1438 241 441 161 214 277 221 234 213 290 230 2044 1154 958 400 303 169 300 554 160 365 690 233 556 1443 198 335 407 251
leaf_count=6697 1646 1438 241 441 161 214 277 221 234 213 290 230 2044 1154 958 400 303 169 300 554 160 365 690 233 556 1443 198 335 407 251
internal_value=0.00020043 0.00696933 -0.000567595 0.0194977 0.0238067 0.0206609 0.0352115 0.078285 0.0238194 0.0674805 -0.0106073 0.00549572 -0.0024938 0.00214021 0.00675579 0.0178505 0.0246827 0.0439662 0.0753533 0.0177559 -0.0125989 -0.00118736 0.00737208 -0.000683879 0.0214941 -0.0138633 0.00427683 0.00488887 -0.00563187 0.0214245
internal_weight=22823 14035 8762 5273 4832 4671 2383 498 1885 447 8788 2288 8521 6875 5721 3019 2619 1326 603 723 8498 2058 1693 1479 789 8338 1641 1293 2702 658
internal_count=22823 14035 8762 5273 4832 4671 2383 498 1885 447 8788 2288 8521 6875 5721 3019 2619 1326 603 723 8498 2058 1693 1479 789 8338 1641 1293 2702 658
is_linear=0
shrinkage=0.0161


Tree=149
num_leaves=31
num_cat=0
split_feature=418 58 505 532 567 498 395 55 459 498 479 498 585 483 522 28 416 329 425 92 284 113 361 379 509 482 317 229 450 152
split_gain=7842.05 5185.87 5138.34 4754.1 7008.46 5590.25 3727.15 3979.32 4710.64 3316.11 5051.72 4973.95 4124.45 4894.7 6212.61 3556.34 4964.23 3531.35 4365.71 3502.4 3078.12 2847.93 4720.85 4947.61 3077.64 2557.89 2528.4 4540.83 2455.99 2332.56
threshold=4.5000000000000009 4.5000000000000009 269.50000000000006 310.50000000000006 264.34999084472662 320.50000000000006 6.5000000000000009 52.000000000000007 10.500000000000002 185.50000000000003 20.000000000000004 129.50000000000003 146.25000000000003 29.500000000000004 46.500000000000007 20.000000000000004 10.500000000000002 8.0000000000000018 13.500000000000002 8.0000000000000018 8.0000000000000018 29.500000000000004 6.5000000000000009 10.500000000000002 207.50000000000003 221.50000000000003 20.000000000000004 13.500000000000002 8.0000000000000018 16.500000000000004
decision_type=2 2 2 2 10 2 2 2 2 2 2 2 10 2 2 2 2 2 2 2 2 2 2 2 2 2 2 2 2 2
left_child=2 26 -1 4 5 6 21 9 -9 10 11 -8 13 29 -15 16 28 18 -11 -16 -21 24 -23 -24 25 -3 -2 -28 -13 -12
right_child=1 3 -4 -5 -6 -7 7 8 -10 17 12 15 -14 14 19 -17 -18 -19 -20 20 -22 22 23 -25 -26 -27 27 -29 -30 -31
leaf_value=-0.017436565538532275 -0.019099330795678455 -0.0035771423497064714 0.072783187755260811 -0.054277093192803889 0.11775559325298911 0.10511163118372589 0.0012339969900123965 0.011853804667239896 0.122930639933497 -0.017615998403105685 -0.023009307822318793 -0.012306729925729244 -0.018527043433200604 0.1449643387693452 -0.0048423735649035819 -0.014261980119848772 0.1135948630982454 -0.035393646543586156 0.086286711543473338 0.028117486320660051 0.12030043346525007 -0.026488860484468267 0.016552384434454077 0.13472591637256504 -0.04895373528125594 0.057557419628925119 -0.014602095253304193 0.085729178598270991 0.069937240843033641 0.052395266429755206
leaf_weight=6169 2605 4312 168 288 160 160 3411 202 195 263 232 210 228 254 201 204 283 654 174 174 206 221 215 161 377 185 340 178 170 196
leaf_count=6169 2605 4312 168 288 160 160 3411 202 195 263 232 210 228 254 201 204 283 654 174 174 206 221 215 161 377 185 340 178 170 196
internal_value=0.000176379 0.00603678 -0.015041 0.010411 0.0118407 0.0105239 0.00933305 0.0168978 0.0664722 0.0140254 0.0188949 0.00999345 0.0444193 0.0558011 0.0784976 0.0444282 0.0625223 -0.0117017 0.023701 0.0493993 0.0781523 -0.000696937 0.0324884 0.0672159 -0.00476653 -0.00105692 -0.0126349 0.0198292 0.0244247 0.0114668
internal_weight=22796 16459 6337 13336 13048 12888 12728 7257 397 6860 5769 4278 1491 1263 835 867 663 1091 437 581 380 5471 597 376 4874 4497 3123 518 380 428
internal_count=22796 16459 6337 13336 13048 12888 12728 7257 397 6860 5769 4278 1491 1263 835 867 663 1091 437 581 380 5471 597 376 4874 4497 3123 518 380 428
is_linear=0
shrinkage=0.0161


Tree=150
num_leaves=31
num_cat=0
split_feature=479 271 177 500 48 447 86 517 159 394 431 368 526 438 249 354 91 547 302 542 178 239 47 9 513 574 461 440 21 354
split_gain=7191.68 5399.24 5083.75 4726.68 4702.29 4721.4 5062.97 3951.5 3950.36 3852.7 3983.71 3566.64 3377.58 3708.25 4131 6303.04 3277.58 3059.92 2678.64 2721.02 2667.96 2946.74 3579.77 3971.02 8727.78 2532.79 4672.2 2469.56 2193.24 1995.36
threshold=6.5000000000000009 13.500000000000002 20.000000000000004 286.50000000000006 8.0000000000000018 13.500000000000002 16.500000000000004 166.50000000000003 24.500000000000004 10.500000000000002 8.0000000000000018 10.500000000000002 161.50000000000003 8.0000000000000018 8.0000000000000018 8.0000000000000018 35.500000000000007 213.05000305175784 6.5000000000000009 94.250000000000014 52.000000000000007 10.500000000000002 20.000000000000004 8.0000000000000018 104.50000000000001 251.25000000000003 13.500000000000002 13.500000000000002 8.0000000000000018 6.5000000000000009
decision_type=2 2 2 2 2 2 2 2 2 2 2 2 2 2 2 2 2 8 2 10 2 2 2 2 2 8 2 2 2 2
left_child=7 3 12 16 18 11 -7 -1 9 -9 -11 -6 13 -3 -15 -16 20 -14 -4 -20 21 -2 25 -24 -25 27 28 -23 -27 -29
right_child=1 2 4 -5 5 6 -8 8 -10 10 -12 -13 17 14 15 -17 -18 -19 19 -21 -22 22 23 24 -26 26 -28 29 -30 -31
leaf_value=-0.014740632641639419 -0.01011573323250993 -0.00047001559111851861 -0.040819531487966722 0.07152920154408679 0.083566800910968242 0.17490199936407713 0.051571473039897738 -0.019937364282984957 0.068753780400145806 -0.015825354974532212 0.076136531409969774 -0.011963380112102873 -0.041206445622513382 0.011026851580891825 0.12642486066858383 0.021467406605601883 0.060599169570674398 0.022852769380744965 -0.0080070252236566358 0.076501393809174298 -0.051306579530252687 -0.019181029482073383 -0.00098173107148898119 0.0031972180241147861 0.15755601505153827 0.034056026829329053 0.1021615622351302 0.059486427179711233 -0.044684709359844622 -0.0030123385518340188
leaf_weight=8477 4466 1095 166 234 210 189 160 826 272 213 285 195 512 614 279 318 212 310 188 207 292 1361 298 198 183 213 169 215 161 343
leaf_count=8477 4466 1095 166 234 210 189 160 826 272 213 285 195 512 614 279 318 212 310 188 207 292 1361 298 198 183 213 169 215 161 343
internal_value=-0.000188333 0.00782503 0.0221623 0.000188818 0.0487289 0.0749968 0.118428 -0.0103639 0.012868 0.00136917 0.0367562 0.0375127 0.0109863 0.0209794 0.0403937 0.0705573 -0.00186643 -0.0170192 0.0133821 0.0362201 -0.00354591 -0.00170949 0.0102353 0.042965 0.0773998 0.0011992 0.0319061 -0.00747735 9.66816e-05 0.0210265
internal_weight=22861 12788 4443 8345 1315 754 349 10073 1596 1324 498 405 3128 2306 1211 597 8111 822 561 395 7899 7607 3141 679 381 2462 543 1919 374 558
internal_count=22861 12788 4443 8345 1315 754 349 10073 1596 1324 498 405 3128 2306 1211 597 8111 822 561 395 7899 7607 3141 679 381 2462 543 1919 374 558
is_linear=0
shrinkage=0.0161


Tree=151
num_leaves=31
num_cat=0
split_feature=117 478 381 172 119 512 420 529 506 511 233 47 330 556 364 532 64 282 537 571 323 544 119 247 507 59 544 273 27 543
split_gain=7473.91 4614.23 4512.18 4731.12 5628.38 3911.05 3215.72 3118.4 4728.48 6654.95 3310.46 3468.22 3145.4 3101.44 3092.11 3708.71 3424.76 4318.39 4931.84 7928.84 3347.49 3425.45 3028.38 3269.52 3263.61 2764.86 2503.87 2361.62 3262.26 2360.25
threshold=16.500000000000004 29.500000000000004 4.5000000000000009 8.0000000000000018 29.500000000000004 11.500000000000002 87.000000000000014 255.50000000000003 212.50000000000003 219.50000000000003 20.000000000000004 20.000000000000004 24.500000000000004 195.05000305175784 8.0000000000000018 302.50000000000006 24.500000000000004 16.500000000000004 101.50000000000001 140.05000305175784 13.500000000000002 180.15000152587893 4.5000000000000009 8.0000000000000018 193.50000000000003 13.500000000000002 231.15000152587893 10.500000000000002 13.500000000000002 136.55000305175784
decision_type=2 2 2 2 2 2 2 2 2 2 2 2 2 8 2 2 2 2 2 10 2 8 2 2 2 2 10 2 2 8
left_child=5 7 -3 29 -5 -1 14 8 10 -10 12 25 -2 -14 26 16 17 22 -19 -20 -18 -22 -16 -24 27 -12 -7 -25 -29 -4
right_child=1 2 3 4 -6 6 -8 -9 9 -11 11 -13 13 -15 15 -17 20 18 19 -21 21 -23 23 24 -26 -27 -28 28 -30 -31
leaf_value=-0.02273654232975018 -0.0071284698465586714 -0.021821751317772635 0.063617515149277562 0.037768574742494551 0.15407637140704544 -0.011155941120536356 0.062838350535158766 -0.039306819008055785 0.12957892475353167 0.0043620159534189665 -0.01298473940247178 0.096501346417132455 0.011326624083587488 0.093520875532565509 -0.018276603959799985 -0.068511546096123865 -0.031048920688198426 0.0065783465233516135 0.15564119837263046 0.029093186319934919 -0.014364787291871661 0.070158400304866503 -0.0025807342937217304 -0.0014621152314067789 0.091145920654672904 0.060629430918913194 0.044170732824540516 0.079255551908714597 -0.0053066408070346436 -0.017348484594674952
leaf_weight=2802 2696 197 181 202 233 7549 196 320 206 237 322 194 444 163 959 170 973 496 206 342 308 208 1300 535 214 224 218 311 190 192
leaf_count=2802 2696 197 181 202 233 7549 196 320 206 237 322 194 444 163 959 170 973 496 206 342 308 208 1300 535 214 224 218 311 190 192
internal_value=3.83575e-05 0.0157992 0.0471781 0.0640303 0.100121 -0.00535499 -0.00191748 0.00923256 0.0127003 0.0626424 0.00722218 0.0380016 0.000319276 0.0334373 -0.00282711 0.00563744 0.00772762 0.0146619 0.0434118 0.0767071 -0.01346 0.019661 0.00610156 0.0152789 0.0338717 0.0171728 -0.00960003 0.0220183 0.0471391 0.0218775
internal_weight=22788 5811 1005 808 435 16977 14175 4806 4486 443 4043 740 3303 607 13979 6212 6042 4553 1044 548 1489 516 3509 2550 1250 546 7767 1036 501 373
internal_count=22788 5811 1005 808 435 16977 14175 4806 4486 443 4043 740 3303 607 13979 6212 6042 4553 1044 548 1489 516 3509 2550 1250 546 7767 1036 501 373
is_linear=0
shrinkage=0.0161


Tree=152
num_leaves=31
num_cat=0
split_feature=178 14 578 116 390 405 375 540 548 303 478 4 513 312 536 434 238 479 273 507 291 531 58 29 104 196 52 174 27 448
split_gain=6498.62 5009.98 6967 4333.69 3762.53 3347.84 3342.78 3332.74 5246.93 7339.61 3335.49 3614.65 3149.9 5244.76 2951.24 2939.89 2860.54 3995.97 2794.52 2598.74 2357 2649.36 2393.4 2634.3 3379.2 2996.98 2495.89 3345.36 2444.65 2229.62
threshold=4.5000000000000009 52.000000000000007 168.05000305175784 10.500000000000002 6.5000000000000009 6.5000000000000009 61.500000000000007 195.05000305175784 209.25000000000003 13.500000000000002 43.500000000000007 35.500000000000007 129.50000000000003 13.500000000000002 109.50000000000001 35.500000000000007 20.000000000000004 20.000000000000004 10.500000000000002 85.500000000000014 3.5000000000000004 296.50000000000006 6.5000000000000009 8.0000000000000018 24.500000000000004 8.0000000000000018 20.000000000000004 13.500000000000002 8.0000000000000018 16.500000000000004
decision_type=2 2 10 2 2 2 2 8 8 2 2 2 2 2 2 2 2 2 2 2 2 2 2 2 2 2 2 2 2 2
left_child=-1 3 5 6 14 -3 20 10 9 -9 11 15 13 -10 18 -6 17 -16 -5 -7 -2 22 -22 24 25 26 27 28 -24 -14
right_child=1 2 -4 4 7 19 -8 8 12 -11 -12 -13 29 -15 16 -17 -18 -19 -20 -21 21 -23 23 -25 -26 -27 -28 -29 -30 -31
leaf_value=-0.013632062151099531 -0.023709873493387757 -0.041815192372389703 0.13687330673598655 -0.0047159860326861586 0.007448037056170264 0.091459998793994593 0.057817841413401801 0.16321982435868565 0.014402949570626501 0.019770333588718641 0.064875965236259478 -0.048976961616599528 -0.03566091489701851 0.12118453517947063 -0.03086310641797077 0.069482267829085342 -0.079069905108016522 0.058271627932792849 0.045895907816372032 0.00064766214662033503 -0.014746935158108177 -0.065698697201453035 0.0040106594577166213 -0.0069335806087977309 0.070085035431979845 -0.015704207884906844 -0.019520569963014957 0.099995063761281741 0.061845302118594514 0.035028336806128033
leaf_weight=6995 1622 164 171 881 2402 168 216 191 363 180 281 273 286 178 593 216 205 167 416 160 2032 165 568 2018 286 708 255 179 285 194
leaf_count=6995 1622 164 171 881 2402 168 216 191 363 180 281 273 286 178 593 216 205 167 416 160 2032 165 568 2018 286 708 255 179 285 194
internal_value=-0.00070861 0.00500308 0.0483259 0.00310686 0.0126193 0.0175025 -0.00468151 0.0210352 0.0418102 0.0936851 0.0119109 0.00675463 0.0229374 0.0495798 -0.00435096 0.0125752 -0.0256785 -0.011246 0.0114991 0.0472331 -0.00634736 -0.00200846 -0.000344831 0.00645711 0.0183142 0.0108806 0.0255236 0.0366765 0.0233617 -0.00704164
internal_weight=22818 15823 663 15160 6826 492 8334 4564 1392 371 3172 2891 1021 541 2262 2618 965 760 1297 328 8118 6496 6331 4299 2281 1995 1287 1032 853 480
internal_count=22818 15823 663 15160 6826 492 8334 4564 1392 371 3172 2891 1021 541 2262 2618 965 760 1297 328 8118 6496 6331 4299 2281 1995 1287 1032 853 480
is_linear=0
shrinkage=0.0161


Tree=153
num_leaves=31
num_cat=0
split_feature=417 531 550 519 571 32 118 351 221 232 415 189 1 108 572 594 543 444 529 318 361 174 63 28 34 219 416 577 166 486
split_gain=5837.67 3170.01 3814.77 3406.39 4582.73 3554.27 3870.58 4298.16 3125.3 2890.73 6185.14 3610.51 3244.18 3061.26 3799.6 2788.35 5844.83 4490.17 2625.98 2578.78 3120.13 4010.08 4653.79 3823.27 2734.67 3210.14 3548.05 2321.42 2160.67 2950.39
threshold=10.500000000000002 288.50000000000006 240.75000000000003 252.50000000000003 231.15000152587893 35.500000000000007 16.500000000000004 13.500000000000002 4.5000000000000009 16.500000000000004 35.500000000000007 10.500000000000002 20.000000000000004 6.5000000000000009 162.34999847412112 137.84999847412112 143.15000152587893 20.000000000000004 299.50000000000006 8.0000000000000018 6.5000000000000009 2.5000000000000004 5.5000000000000009 6.5000000000000009 10.500000000000002 10.500000000000002 8.0000000000000018 70.649997711181655 20.000000000000004 34.500000000000007
decision_type=2 2 10 2 10 2 2 2 2 2 2 2 2 2 8 10 10 2 2 2 2 2 2 2 2 2 2 10 2 2
left_child=8 2 3 4 5 9 -7 -8 -1 12 11 13 15 -11 -15 16 28 -17 19 -10 -21 -22 23 -23 27 26 -26 -24 29 -2
right_child=1 -3 -4 -5 -6 6 7 -9 18 10 -12 -13 -14 14 -16 17 -18 -19 -20 20 21 22 24 -25 25 -27 -28 -29 -30 -31
leaf_value=-0.017265095179461155 -0.0037319438756655381 -0.041564038339687734 0.071552037440446775 -0.03737619961556736 0.088899665648276921 -0.0030028292518595547 0.03450898507931955 0.13817309375360828 -0.0075000150592697693 0.073005498219279819 0.10183839778268561 -0.021795635134412673 -0.022785363802734361 0.041554105249627535 -0.052516399954490381 -0.034654554788977276 0.1013795650834084 0.055070602709893446 -0.058162580571913591 -0.0062339704312615032 0.097309726535296112 0.11928396039356361 0.030421133539697009 0.026186246513195597 0.096494914673484325 -0.012825539216214214 0.0028428328623515521 -0.033223701608311472 -0.022292302879544364 0.031605395302291055
leaf_weight=4716 1126 295 271 373 198 273 273 168 5095 311 237 495 1153 315 172 732 191 180 205 1769 171 176 195 329 231 333 193 620 467 1340
leaf_count=4716 1126 295 271 373 198 273 273 168 5095 311 237 495 1153 315 172 732 191 180 205 1769 171 176 195 329 231 333 193 620 467 1340
internal_value=-0.000190218 0.0102787 0.0121297 0.0101149 0.0124393 0.0103994 0.0445578 0.0740534 -0.00658531 0.00676602 0.0262146 0.0123349 0.00102699 0.0335356 0.0082817 0.0078355 0.0150699 -0.0169198 -0.00117699 0.00010248 0.00975104 0.0223405 0.0161569 0.0586788 0.00248188 0.0245285 0.0539211 -0.0179669 0.00944135 0.0154605
internal_weight=22603 8570 8275 8004 7631 7433 714 441 14033 6719 1530 1293 5189 798 487 4036 3124 912 9317 9112 4017 2248 2077 505 1572 757 424 815 2933 2466
internal_count=22603 8570 8275 8004 7631 7433 714 441 14033 6719 1530 1293 5189 798 487 4036 3124 912 9317 9112 4017 2248 2077 505 1572 757 424 815 2933 2466
is_linear=0
shrinkage=0.0161


Tree=154
num_leaves=31
num_cat=0
split_feature=359 154 519 324 116 221 591 542 508 473 566 477 252 135 70 234 391 540 531 535 66 334 247 232 109 348 309 84 154 510
split_gain=6994.49 5049.38 6167.57 5209.81 4269.4 4043.71 7321.1 3997.93 4598.47 3473.68 4955.99 4473.44 3420.96 4430.65 5704.33 2798.09 2574.32 2542.08 3623.63 3831.01 4263.4 4516.8 2450.7 3643.52 5897.91 2951.94 2448.62 2448.03 3574.96 2443.94
threshold=10.500000000000002 5.5000000000000009 252.50000000000003 3.5000000000000004 16.500000000000004 24.500000000000004 135.15000152587893 240.75000000000003 257.50000000000006 16.500000000000004 201.75000000000003 8.0000000000000018 13.500000000000002 16.500000000000004 10.500000000000002 10.500000000000002 29.500000000000004 240.75000000000003 290.50000000000006 170.50000000000003 3.5000000000000004 20.000000000000004 6.5000000000000009 8.0000000000000018 6.5000000000000009 13.500000000000002 10.500000000000002 5.5000000000000009 13.500000000000002 205.50000000000003
decision_type=2 2 2 2 2 2 10 10 2 2 8 2 2 2 2 2 2 10 2 2 2 2 2 2 2 2 2 2 2 2
left_child=4 22 3 -3 17 -6 -7 8 9 12 11 -11 13 16 -15 -14 27 18 19 -1 -21 -22 -2 -24 -25 -26 -13 28 -5 -4
right_child=1 2 29 7 5 6 -8 -9 -10 10 -12 26 15 14 -16 -17 -18 -19 -20 20 21 -23 23 24 25 -27 -28 -29 -30 -31
leaf_value=-0.015256623035000905 -0.023441045791764769 -0.01166488095483656 -0.00026910871749864817 -0.0025972971470627532 0.002064655174486181 0.0035203913449039781 0.14133947214097925 0.10660822009391173 -0.048311972198769614 0.08693494311876529 0.11133638703737628 0.043681110183924995 -0.02076112575827558 0.025695079099153553 0.14194756638454853 0.039553442762423077 0.067465494824180142 0.044259793250685506 -0.087383510345857771 0.079513371540114425 -0.016643325538062057 0.064271352407568288 -0.0169097969093722 0.1156656198602424 -0.043997917803851261 0.050829933011400756 -0.018361018246063478 -0.0025112551381454695 0.09671480633361848 -0.078935939833280663
leaf_weight=9599 1284 891 200 190 2838 267 160 174 196 306 297 327 680 240 202 282 258 205 167 217 816 229 637 178 178 163 332 912 185 211
leaf_count=9599 1284 891 200 190 2838 267 160 174 196 306 297 327 680 240 202 282 258 205 167 217 816 229 637 178 178 163 332 912 185 211
internal_value=-0.000423741 0.011339 0.0194163 0.0239369 -0.00717814 0.00902322 0.0552173 0.0308665 0.0278707 0.0314222 0.053788 0.0360518 0.0218429 0.0339096 0.0788773 -0.00305609 0.0210298 -0.0118893 -0.0129352 -0.0117883 0.0145734 0.00106569 -0.00812611 0.00886423 0.0405436 0.00126133 0.012389 0.0117027 0.0463339 -0.0407125
internal_weight=22821 8323 5883 5472 14498 3265 427 4581 4407 4211 1262 965 2949 1987 442 962 1545 11233 11028 10861 1262 1045 2440 1156 519 341 659 1287 375 411
internal_count=22821 8323 5883 5472 14498 3265 427 4581 4407 4211 1262 965 2949 1987 442 962 1545 11233 11028 10861 1262 1045 2440 1156 519 341 659 1287 375 411
is_linear=0
shrinkage=0.0161


Tree=155
num_leaves=31
num_cat=0
split_feature=58 299 541 414 4 573 42 241 7 574 177 129 91 27 171 13 141 561 594 594 214 221 177 337 293 410 85 144 558 589
split_gain=7816.91 5618.17 4905.43 9362.1 7912.12 5513.36 6524.41 5287.57 4295.25 3505.53 3389.5 4947.75 5402.76 3851.18 3542.82 3302.89 4797.92 3251.85 3135.6 2880.02 2570.14 2543.97 2487.16 2759.43 2443.11 2425.03 2553.19 3122.13 2408.65 4719.41
threshold=4.5000000000000009 73.500000000000014 192.55000305175784 16.500000000000004 10.500000000000002 209.25000000000003 20.000000000000004 6.5000000000000009 13.500000000000002 240.75000000000003 24.500000000000004 20.000000000000004 20.000000000000004 5.5000000000000009 6.5000000000000009 61.500000000000007 10.500000000000002 220.15000152587893 193.75000000000003 96.450000762939467 6.5000000000000009 6.5000000000000009 61.500000000000007 16.500000000000004 52.000000000000007 13.500000000000002 13.500000000000002 6.5000000000000009 157.84999847412112 146.25000000000003
decision_type=2 2 10 2 2 10 2 2 2 10 2 2 2 2 2 2 2 10 10 10 2 2 2 2 2 2 2 2 10 8
left_child=17 2 10 5 -5 6 7 -4 -6 -7 15 12 22 -14 -15 18 -17 21 20 -13 -2 -1 23 -12 28 -23 27 -27 -22 -30
right_child=1 -3 3 4 8 9 -8 -9 -10 -11 11 19 13 14 -16 16 -18 -19 -20 -21 24 25 -24 -25 -26 26 -28 -29 29 -31
leaf_value=-0.021841655704677727 -0.005766735142727044 -0.06724210531854799 0.075695604927145374 0.16010852748277382 -0.022483237598416802 -0.069157746245096269 0.12544561516625774 -0.027570454411014671 0.095214412637934204 0.014637334435404808 0.010860339205329309 0.015872966538361212 0.13634721252167076 -0.0096811247881223063 0.084868757779723206 0.11120132287602805 -0.010731686661434555 -0.074816536547885143 -0.036402371104292265 -0.067108621194963192 0.0033152849956217157 -0.010735649149704096 -0.034053965089748534 0.077471118709974515 0.069266178252256991 0.00071228851632616839 -0.012682339790667702 0.086922495053148086 0.10547929254824366 0.0099157022271483299
leaf_weight=3416 6025 266 203 229 161 290 166 350 160 233 722 214 179 170 258 169 165 228 597 219 4518 1751 223 208 172 197 293 245 184 495
leaf_count=3416 6025 266 203 229 161 290 166 350 160 233 722 214 179 170 258 169 165 228 597 219 4518 1751 223 208 172 197 293 245 184 495
internal_value=0.000399021 0.00614468 0.00734299 0.0324767 0.0877807 0.00796721 0.0369131 0.0102948 0.0361089 -0.0317815 0.00423905 0.0226818 0.0346825 0.0735692 0.0472589 0.000955598 0.0508945 -0.0151339 -0.000433449 -0.0260426 0.00144911 -0.0128243 0.01419 0.0257835 0.009551 -0.000424046 0.0241094 0.0485517 0.00757014 0.0358468
internal_weight=22706 16576 16310 1792 550 1242 719 553 321 523 14518 2193 1760 607 428 12325 334 6130 11991 433 11394 5902 1153 930 5369 2486 735 442 5197 679
internal_count=22706 16576 16310 1792 550 1242 719 553 321 523 14518 2193 1760 607 428 12325 334 6130 11991 433 11394 5902 1153 930 5369 2486 735 442 5197 679
is_linear=0
shrinkage=0.0161


Tree=156
num_leaves=31
num_cat=0
split_feature=90 58 479 58 518 101 292 433 501 261 408 1 66 140 361 208 18 336 236 355 234 458 480 64 580 395 505 221 463 46
split_gain=6878.25 6007.47 5098.64 6234.65 6476.8 3959.49 3896.48 3449.69 7252.34 3116.46 3212.13 2787.56 3125.22 2625.17 2731.84 2657.64 4146.22 4918.61 2670.43 2615.89 2615.74 2764.8 2905.73 2507.8 3409.92 2199.71 3547.52 2252.91 3615.33 2978.69
threshold=3.5000000000000004 4.5000000000000009 29.500000000000004 35.500000000000007 118.50000000000001 10.500000000000002 73.500000000000014 35.500000000000007 201.50000000000003 13.500000000000002 10.500000000000002 20.000000000000004 52.000000000000007 4.5000000000000009 5.5000000000000009 13.500000000000002 10.500000000000002 6.5000000000000009 20.000000000000004 4.5000000000000009 10.500000000000002 6.5000000000000009 135.50000000000003 6.5000000000000009 145.55000305175784 10.500000000000002 174.50000000000003 10.500000000000002 6.5000000000000009 8.0000000000000018
decision_type=2 2 2 2 2 2 2 2 2 2 2 2 2 2 2 2 2 2 2 2 2 2 2 2 10 2 2 2 2 2
left_child=20 -2 6 5 -5 9 7 11 19 10 -4 12 13 -3 23 25 17 -17 -18 -9 -1 -22 -23 24 -15 26 27 28 -16 -30
right_child=1 2 3 4 -6 -7 -8 8 -10 -11 -12 -13 -14 14 15 16 18 -19 -20 -21 21 22 -24 -25 -26 -27 -28 -29 29 -31
leaf_value=-0.024317404327235236 -0.011900561240792472 -0.0086441023843544535 -0.014095809522302176 0.14963334494457892 0.015087992076748397 -0.011310250122154549 0.07763953334090555 0.071805303393737405 0.13256441406706657 0.096259743190343028 0.069228504112299583 -0.012662299311591742 0.056938269196452687 0.00058342722545994181 -0.0090704907741090933 0.11836203781407791 -0.012161045868122396 0.028287681918870562 0.062809190990457314 -0.00022804948215148735 -0.026960670924467994 0.0020974241553683472 0.076344905753280734 -0.019251696466480804 0.074847333873960475 -0.009770202565448952 0.074536966222848389 -0.022006241688207754 0.10737240094062622 0.018930243530070355
leaf_weight=3443 4317 2557 272 222 160 593 195 164 162 215 214 2438 311 810 396 276 446 367 170 640 424 420 203 1179 200 936 270 387 183 216
leaf_count=3443 4317 2557 272 222 160 593 195 164 162 215 214 2438 311 810 396 276 446 367 170 640 424 420 203 1179 200 936 270 387 183 216
internal_value=0.000315165 0.00469822 0.00982594 0.036173 0.0933409 0.0192783 0.00623485 0.00508293 0.0342708 0.0451879 0.0225459 0.00255026 0.00681402 0.00495388 0.0109158 0.0194507 0.038385 0.0669876 0.00849058 0.014436 -0.0175398 0.00472551 0.0263282 -0.00329312 0.0153125 0.00945824 0.0218697 0.00981913 0.0253411 0.0595529
internal_weight=22786 18296 13979 1676 382 1294 12303 12108 966 701 486 11142 8704 8393 5836 3647 1259 643 616 804 4490 1047 623 2189 1010 2388 1452 1182 795 399
internal_count=22786 18296 13979 1676 382 1294 12303 12108 966 701 486 11142 8704 8393 5836 3647 1259 643 616 804 4490 1047 623 2189 1010 2388 1452 1182 795 399
is_linear=0
shrinkage=0.0161


Tree=157
num_leaves=31
num_cat=0
split_feature=232 540 401 594 404 594 478 288 271 236 149 508 533 255 12 406 458 527 525 595 319 480 392 445 98 374 274 466 118 441
split_gain=6608.28 5320 9422.56 5135.57 4627.86 4264.49 4827.76 4108.54 3902.53 5234.51 3962.28 2926.69 2783.23 3465.9 2700.27 2690.32 3402.71 3204.78 5825.15 2576.39 2561.54 3482.89 2192.15 1967.18 2135.49 2674.53 3746.3 1948.63 1962.78 3044.26
threshold=13.500000000000002 192.55000305175784 20.000000000000004 186.44999694824222 5.5000000000000009 171.05000305175784 43.500000000000007 10.500000000000002 16.500000000000004 20.000000000000004 20.000000000000004 221.50000000000003 230.50000000000003 29.500000000000004 61.500000000000007 2.5000000000000004 8.0000000000000018 148.50000000000003 138.50000000000003 193.75000000000003 6.5000000000000009 201.50000000000003 43.500000000000007 24.500000000000004 29.500000000000004 13.500000000000002 8.0000000000000018 16.500000000000004 16.500000000000004 8.0000000000000018
decision_type=2 10 2 10 2 10 2 2 2 2 2 2 2 2 2 2 2 2 2 10 2 2 2 2 2 2 2 2 2 2
left_child=4 3 7 5 19 6 15 -3 14 12 -11 -9 13 27 22 16 -2 18 23 20 -1 -22 -6 24 25 -17 -27 28 -10 -30
right_child=1 2 -4 -5 8 -7 -8 11 9 10 -12 -13 -14 -15 -16 17 -18 -19 -20 -21 21 -23 -24 -25 -26 26 -28 -29 29 -31
leaf_value=-0.022581584266780304 0.00087064445379990657 0.064912072629847106 0.1459624166451497 -0.043931182118080656 -0.0078332943809782257 0.088367114924664925 0.074380363373889521 0.029686417046062081 0.00058578321646847854 0.10431419841603619 0.014052487826495949 -0.06586474218697036 -0.052551862311513924 0.081802838996592131 0.053076946662196749 0.0035611241197773089 0.10147201347033663 -0.032007818629433984 0.093580584539699183 -0.056073860058958425 -0.0065961126654109714 0.068661856585699982 0.036761410622844215 -0.020125533296921582 -0.031888889946932585 0.0043692014743827575 0.084658841637492682 -0.024712743217642667 0.00062795848341733564 0.096561055237959076
leaf_weight=3662 187 286 206 457 7430 185 279 165 656 287 226 167 187 170 205 1454 164 625 193 402 2347 171 297 758 281 307 297 410 174 170
leaf_count=3662 187 286 206 457 7430 185 279 165 656 287 226 167 187 170 205 1454 164 625 193 402 2347 171 297 758 281 307 297 410 174 170
internal_value=-0.000846728 0.0136384 0.051645 0.00759619 -0.00603273 0.0125796 0.00948957 0.0201678 0.000750264 0.0193161 0.0645957 -0.0183061 0.00615705 0.0131204 -0.00458338 0.00524014 0.0479423 0.00140565 0.00776035 -0.0165601 -0.013986 -0.00147592 -0.00611618 0.00240457 0.00971597 0.0154081 0.0438883 0.00482286 0.016956 0.0481052
internal_weight=22805 6011 824 5187 16794 4730 4545 618 10212 2280 513 332 1767 1580 7932 4266 351 3915 3290 6582 6180 2518 7727 3097 2339 2058 604 1410 1000 344
internal_count=22805 6011 824 5187 16794 4730 4545 618 10212 2280 513 332 1767 1580 7932 4266 351 3915 3290 6582 6180 2518 7727 3097 2339 2058 604 1410 1000 344
is_linear=0
shrinkage=0.0161


Tree=158
num_leaves=31
num_cat=0
split_feature=540 525 54 201 473 343 552 539 451 55 186 451 590 539 15 419 304 133 355 480 532 243 168 416 584 152 310 581 58 300
split_gain=7511.95 10772.1 5832.56 5685.06 5294.68 6588.14 4606.4 4029.91 4554.24 5339.58 4406.85 5222.56 3243.13 3222.61 3894.54 3171.16 3099.26 3611.37 4231.04 2904.4 4607.83 4004.5 4450.62 8135.72 2946.56 2536.78 2513.8 2476.57 2352.61 2401.17
threshold=210.94999694824222 119.50000000000001 20.000000000000004 10.500000000000002 5.5000000000000009 10.500000000000002 71.549999237060561 253.50000000000003 4.5000000000000009 35.500000000000007 8.0000000000000018 10.500000000000002 144.05000305175784 181.50000000000003 16.500000000000004 29.500000000000004 6.5000000000000009 8.0000000000000018 6.5000000000000009 97.500000000000014 42.500000000000007 6.5000000000000009 8.0000000000000018 6.5000000000000009 124.95000076293947 10.500000000000002 6.5000000000000009 205.94999694824222 6.5000000000000009 10.500000000000002
decision_type=10 2 2 2 2 2 8 2 2 2 2 2 10 2 2 2 2 2 2 2 2 2 2 2 10 2 2 8 2 2
left_child=6 -2 4 -4 5 -3 -1 8 -8 12 -11 -12 15 -14 -15 19 -17 18 -18 28 -21 26 24 -24 -23 27 -22 -9 -10 -30
right_child=1 2 3 -5 -6 -7 7 25 9 10 11 -13 13 14 -16 16 17 -19 -20 20 21 22 23 -25 -26 -27 -28 -29 29 -31
leaf_value=-0.023894418786165515 0.15959465827820044 -0.020353242109091469 0.13980810435441504 0.0075741374865457168 -0.027444251711693651 0.11809083304594986 -0.011971673313901037 0.030850638392638911 -0.012799545683312924 0.0084535470763933591 0.13723595703596572 0.035027027240539493 -0.024776198428166397 -0.0097770815388050943 0.065670670743249851 -0.0075187143014510639 0.14285006436464084 0.014966098926832844 0.033894937480571284 0.09947012113464343 0.015644367840829874 -0.022629825838326019 0.1379922942334636 0.016792003956803379 0.047776570626905539 -0.069040525446355958 -0.03896539408094734 -0.046945766521643915 0.016662479662322496 -0.010514954584716974
leaf_weight=2340 160 175 179 160 642 181 4761 202 2663 584 202 364 1793 571 257 317 183 340 188 174 413 427 232 378 241 339 463 223 2385 1302
leaf_count=2340 160 175 179 160 642 181 4761 202 2663 584 202 364 1793 571 257 317 183 340 188 174 413 427 232 378 241 339 463 223 2385 1302
internal_value=-0.000133164 0.0347292 0.0197688 0.0774662 0.000146634 0.0499693 -0.00257963 4.39383e-05 0.00156269 0.0063457 0.0395265 0.071546 0.00324831 -0.0126399 0.0136125 0.00754117 0.0342825 0.0529527 0.0877017 0.00437067 0.0197542 0.0133038 0.0314838 0.0629264 0.00273605 -0.0361804 -0.0131921 -0.00991421 -0.00126546 0.00705886
internal_weight=22839 1497 1337 339 998 356 21342 19002 18238 13477 1150 566 12327 2621 828 9706 1028 711 371 8678 2328 2154 1278 610 668 764 876 425 6350 3687
internal_count=22839 1497 1337 339 998 356 21342 19002 18238 13477 1150 566 12327 2621 828 9706 1028 711 371 8678 2328 2154 1278 610 668 764 876 425 6350 3687
is_linear=0
shrinkage=0.0161


Tree=159
num_leaves=31
num_cat=0
split_feature=178 540 519 346 539 553 364 292 37 235 283 182 145 538 57 193 466 520 523 399 317 429 55 533 503 572 458 409 132 218
split_gain=5318.59 4713.18 10951.3 3625.04 3528.29 3724.98 3486.2 3342.05 3225.04 4516.53 5344.88 4139.87 3297.16 5764.68 3430.92 3038.97 3242.96 2999.64 3665.36 2981.3 2684.77 2354.45 2327.04 2366.17 4269.12 5311.8 2290.03 2197.44 4240.01 2388.82
threshold=10.500000000000002 226.84999847412112 208.50000000000003 24.500000000000004 226.50000000000003 201.75000000000003 3.5000000000000004 4.5000000000000009 6.5000000000000009 4.5000000000000009 10.500000000000002 3.5000000000000004 16.500000000000004 176.50000000000003 20.000000000000004 61.500000000000007 73.500000000000014 122.50000000000001 90.500000000000014 10.500000000000002 6.5000000000000009 10.500000000000002 61.500000000000007 308.50000000000006 269.50000000000006 193.75000000000003 24.500000000000004 8.0000000000000018 35.500000000000007 20.000000000000004
decision_type=2 10 2 2 2 10 2 2 2 2 2 2 2 2 2 2 2 2 2 2 2 2 2 2 2 10 2 2 2 2
left_child=6 3 -3 4 7 -6 -1 17 26 10 20 -11 13 14 21 16 22 18 -2 -16 -10 -13 23 24 27 -26 -9 28 -8 -29
right_child=1 2 -4 -5 5 -7 15 8 9 11 -12 12 -14 -15 19 -17 -18 -19 -20 -21 -22 -23 -24 -25 25 -27 -28 29 -30 -31
leaf_value=-0.019960201567411007 -0.0047222442968247076 0.13664845552303653 -0.019422304761491239 -0.019149877759159429 -0.060367525937011578 0.029665927834155194 -0.015370040707835425 -0.002736394902801509 -0.0085392494853264705 -0.036535463856113219 0.13641451485505376 0.040513391778067016 0.0028644814158279843 0.1370779644575951 0.025963257713111778 0.058136272459732595 0.062006676093514949 -0.046802713415070328 0.069755808871196992 0.11319489214061469 0.080815676549930895 -0.021877743765024733 0.045302012967596221 -0.064091214920960857 0.11674321040191521 -0.012146021947133599 0.053724861347709207 0.0079156088930438049 0.046576185112503936 -0.022969763830192221
leaf_weight=3328 1039 239 227 1103 330 186 5493 1346 178 262 221 321 660 162 202 219 199 334 205 206 170 306 247 171 168 163 216 3864 302 780
leaf_count=3328 1039 239 227 1103 330 186 5493 1346 178 262 221 321 660 162 202 219 199 334 205 206 170 306 247 171 168 163 216 3864 302 780
internal_value=0.000220288 0.0108928 0.0605721 0.00778095 0.012467 -0.027868 -0.00543313 0.0160422 0.023472 0.0341647 0.0744574 0.0233341 0.0317936 0.0477248 0.0337164 -0.00126549 -0.00241 -0.00395347 0.00753215 0.0700644 0.0350435 0.0100266 -0.00355788 -0.00466307 -0.00371732 0.053201 0.00505624 -0.00552434 -0.0121377 0.00272308
internal_weight=22847 7913 466 7447 6344 516 14934 5828 4250 2688 569 2119 1857 1197 1035 11606 11387 1578 1244 408 348 627 11188 10941 10770 331 1562 10439 5795 4644
internal_count=22847 7913 466 7447 6344 516 14934 5828 4250 2688 569 2119 1857 1197 1035 11606 11387 1578 1244 408 348 627 11188 10941 10770 331 1562 10439 5795 4644
is_linear=0
shrinkage=0.0161


Tree=160
num_leaves=31
num_cat=0
split_feature=417 224 291 479 478 195 199 572 63 447 599 539 202 323 448 597 502 248 515 110 194 574 129 53 394 337 431 544 481 478
split_gain=4844.17 4303.94 3891.32 3638.35 4324.98 4152.92 6538.28 4580.68 3269.91 3250.8 4837.22 6828.88 8755.79 5989.41 6583.91 3991.89 5004.5 3125.65 2844.69 3100.72 4024.49 4719.77 2965.9 2704.68 2574.89 2827.66 2368.71 2346.95 4391.27 2409.83
threshold=20.000000000000004 4.5000000000000009 3.5000000000000004 29.500000000000004 43.500000000000007 24.500000000000004 13.500000000000002 166.15000152587893 13.500000000000002 10.500000000000002 218.75000000000003 115.50000000000001 5.5000000000000009 6.5000000000000009 13.500000000000002 213.05000305175784 262.50000000000006 10.500000000000002 37.500000000000007 16.500000000000004 4.5000000000000009 79.950000762939467 6.5000000000000009 52.000000000000007 3.5000000000000004 52.000000000000007 16.500000000000004 215.15000152587893 219.50000000000003 43.500000000000007
decision_type=2 2 2 2 2 2 2 10 2 2 8 2 2 2 2 10 2 2 2 2 2 10 2 2 2 2 2 10 2 2
left_child=2 -2 26 5 17 7 -7 18 -9 15 23 -12 -13 -14 -15 16 24 -5 -3 20 -20 -22 -23 27 -4 -26 -1 28 29 -11
right_child=1 3 9 4 -6 6 -8 8 -10 10 11 12 13 14 -16 -17 -18 -19 19 -21 21 22 -24 -25 25 -27 -28 -29 -30 -31
leaf_value=-0.024282180499505118 -0.013721237219129979 -0.0093315443652490122 -0.02287097612268478 0.074410179035165586 0.12634062433750815 0.12061862255912277 -0.012678454450214982 0 -0.082815724435295876 -0.0051630567477742896 -0.00011984023430954119 0.17165455588469347 -0.040560313703694499 0.006557991440901371 0.14737320687379504 -0.05005440441711697 0.068699213811780818 -0.014365718493634185 -0.0060808424160132511 -0.0043279586414437616 0.1491623153965097 0.092726828560277058 0.0065480425373439267 0.059299523875528684 -0.0028462978567052998 0.057339691434668098 0.0077687973060040615 -0.04942994318960154 0.07716016313519318 0.05794963915688417
leaf_weight=3139 1009 565 1758 213 180 227 164 294 213 3568 682 171 167 173 172 505 242 198 220 362 160 192 226 198 6341 209 737 250 189 164
leaf_count=3139 1009 565 1758 213 180 227 164 294 213 3568 682 171 167 173 172 505 242 198 220 362 160 192 226 198 6341 209 737 250 189 164
internal_value=-0.000298179 0.0152724 -0.00382232 0.0243819 0.0604844 0.0162385 0.0646487 0.00774756 -0.034779 -5.72961e-05 0.00942674 0.035883 0.0718677 0.0384944 0.0768297 -0.00606558 -0.00346466 0.031585 0.0202603 0.0346939 0.052425 0.0747343 0.0461889 0.00115565 -0.00556952 -0.000922266 -0.0181818 -0.00159883 0.00144484 -0.00238331
internal_weight=22888 4223 18665 3214 591 2623 391 2232 507 14789 5734 1365 683 512 345 9055 8550 411 1725 1160 798 578 418 4369 8308 6550 3876 4171 3921 3732
internal_count=22888 4223 18665 3214 591 2623 391 2232 507 14789 5734 1365 683 512 345 9055 8550 411 1725 1160 798 578 418 4369 8308 6550 3876 4171 3921 3732
is_linear=0
shrinkage=0.0161


Tree=161
num_leaves=31
num_cat=0
split_feature=35 540 482 539 541 514 177 554 130 288 374 73 294 62 539 154 519 150 597 232 172 153 88 59 599 177 587 371 288 71
split_gain=5030.22 6492.98 7877.44 6305.66 6217.27 5202.55 4232.48 7773.68 3643.95 4765.7 4710.78 3266.8 3849.5 3155.55 4512.08 3094.21 4107.17 2955.72 2972.52 3716.9 3723.81 3642.06 4434.38 2872.32 4667.32 2632.13 2628.14 2555.79 2449.3 3730.85
threshold=10.500000000000002 216.75000000000003 252.50000000000003 226.50000000000003 244.44999694824222 18.500000000000004 24.500000000000004 264.34999084472662 16.500000000000004 24.500000000000004 10.500000000000002 43.500000000000007 16.500000000000004 10.500000000000002 171.50000000000003 8.0000000000000018 71.500000000000014 6.5000000000000009 103.25000000000001 24.500000000000004 35.500000000000007 20.000000000000004 10.500000000000002 13.500000000000002 99.350002288818374 5.5000000000000009 228.75000000000003 35.500000000000007 5.5000000000000009 8.0000000000000018
decision_type=2 10 2 2 10 2 2 8 2 2 2 2 2 2 2 2 2 2 10 2 2 2 2 2 8 2 8 2 2 2
left_child=11 3 -3 5 -4 -2 8 15 9 13 -11 17 -13 14 23 -8 -17 -1 21 26 -21 27 -23 -7 -25 -26 28 -19 29 -20
right_child=1 2 4 -5 -6 6 7 -9 -10 10 -12 12 -14 -15 -16 16 -18 18 19 20 -22 22 -24 24 25 -27 -28 -29 -30 -31
leaf_value=-0.016567234936370724 -0.016037223746684145 0.12264511678252377 -0.065041098647209389 -0.043755238555335502 0.065300982667448562 -0.00047381727579594708 -0.025370526562250154 0.13789935536271583 -0.012824146081365211 0.018281341743198089 0.11479144112565867 0.0031766946854745472 0.08980277144735456 -0.0093083894916061553 0.083709791709711601 0.1005791433546365 0.010245091294148363 -0.00081678438294757012 -0.040557414409868792 0.080520293346943439 -0.022837998586881 0.10729833948273203 -0.00051041028450446815 0.1091353517463633 -0.038916295414941036 0.044675030899263397 0.027900768228946479 0.063091566662396473 -0.041122790216428153 0.03481087460506508
leaf_weight=6717 1799 274 165 656 223 1245 236 191 1415 289 241 475 185 1310 272 209 349 2838 345 199 165 203 192 187 160 250 244 172 1289 336
leaf_count=6717 1799 274 165 656 223 1245 236 191 1415 289 241 475 185 1310 272 209 349 2838 345 199 165 203 192 187 160 250 244 172 1289 336
internal_value=-0.00105655 0.00791782 0.0565485 0.00426053 0.00981134 0.00812682 0.0149721 0.0456563 0.00933833 0.0172755 0.0622105 -0.00742031 0.0274939 0.0103131 0.0224833 0.0234372 0.0441221 -0.00923661 -0.00100272 -0.0140483 0.0336037 0.00886747 0.0548355 0.0134294 0.0424631 0.0119966 -0.0218933 0.0028273 -0.0280727 -0.00333674
internal_weight=22831 9471 662 8809 388 8153 6354 985 5369 3954 530 13360 660 3424 2114 794 558 12700 5983 2578 364 3405 395 1842 597 410 2214 3010 1970 681
internal_count=22831 9471 662 8809 388 8153 6354 985 5369 3954 530 13360 660 3424 2114 794 558 12700 5983 2578 364 3405 395 1842 597 410 2214 3010 1970 681
is_linear=0
shrinkage=0.0161


Tree=162
num_leaves=31
num_cat=0
split_feature=502 232 571 356 105 445 593 119 223 334 506 285 93 251 509 556 495 499 55 585 512 488 514 367 119 369 398 298 398 592
split_gain=9757.23 6108.02 4383.74 4219.82 6155.35 6865.32 4732.63 4269.83 6989.13 5934.86 4911.53 3581.96 3104.5 2806.82 2655.95 2599.25 3564.44 2781.96 5820.89 4571.68 2957.17 5272.42 4211.76 2449.83 2354.59 2678.9 2626.37 2251.33 2250.37 2345.28
threshold=344.50000000000006 13.500000000000002 251.25000000000003 29.500000000000004 10.500000000000002 16.500000000000004 187.55000305175784 24.500000000000004 8.0000000000000018 13.500000000000002 218.50000000000003 4.5000000000000009 5.5000000000000009 8.0000000000000018 244.50000000000003 238.25000000000003 204.50000000000003 147.50000000000003 6.5000000000000009 178.05000305175784 105.50000000000001 93.500000000000014 80.500000000000014 43.500000000000007 8.0000000000000018 20.000000000000004 6.5000000000000009 24.500000000000004 8.0000000000000018 213.05000305175784
decision_type=2 2 10 2 2 2 10 2 2 2 2 2 2 2 2 10 2 2 2 8 2 2 2 2 2 2 2 2 2 10
left_child=1 2 11 6 5 -5 7 10 -9 -10 23 -1 -13 -6 15 16 17 20 19 -19 21 24 -23 -3 -14 26 -26 -28 -8 -30
right_child=-2 3 -4 4 13 -7 28 8 9 -11 -12 12 14 -15 -16 -17 -18 18 -20 -21 -22 22 -24 -25 25 -27 27 -29 29 -31
leaf_value=-0.017983675475191686 0.12480195272783697 0.0063511253658139252 0.05998396988574959 0.15380820827438713 -0.047907666157464633 0.01641092869521573 -0.062692197212432604 -0.0005163362699302516 0.040613207551709704 0.17081651911215098 0.087988582943208007 -0.013461924364110239 -0.010572683507485225 0.040880896388952356 -0.037256727488868241 0.066499233990290146 -0.034122411634621819 0.13829179968874583 0.0018772285009397121 0.022676038745778639 -0.019149138358085207 0.010193251932429037 0.096602623508761559 -0.048634009015305117 0.0020874008392352504 -0.024607504718381044 0.030700771769923696 0.096499221664485463 -0.04836394238435663 0.028211166938197137
leaf_weight=5254 161 3358 257 216 164 168 314 362 203 165 185 3896 1726 211 377 183 554 193 559 165 1125 283 304 224 681 345 608 174 186 234
leaf_count=5254 161 3358 257 216 164 168 314 362 203 165 185 3896 1726 211 377 183 554 193 559 165 1125 283 304 224 681 345 608 174 186 234
internal_value=-9.03813e-05 -0.000978235 -0.00598618 0.0129665 0.0484482 0.0937582 0.00781373 0.0140042 0.049647 0.0990564 0.00709077 -0.00701971 -0.0018619 0.00198793 0.00434535 0.0066218 0.00498698 0.00850639 0.034382 0.085071 0.00397885 0.0102983 0.0549837 0.00290606 0.00286939 0.0157148 0.0252396 0.0453714 -0.0300812 -0.00564463
internal_weight=22835 22674 16684 5990 759 384 5231 4497 730 368 3767 16427 11173 375 7277 6900 6717 6163 917 358 5246 4121 587 3582 3534 1808 1463 782 734 420
internal_count=22835 22674 16684 5990 759 384 5231 4497 730 368 3767 16427 11173 375 7277 6900 6717 6163 917 358 5246 4121 587 3582 3534 1808 1463 782 734 420
is_linear=0
shrinkage=0.0161


Tree=163
num_leaves=31
num_cat=0
split_feature=298 224 416 244 541 344 269 91 560 360 316 13 175 158 480 480 561 373 158 492 510 494 75 119 580 128 593 497 63 351
split_gain=5522.09 4402.42 4010.31 6772.77 7583.54 4850.54 4057.86 4067.17 4237.67 3315.05 3201.78 3104.2 3901.43 2648.25 2758.5 3810.2 5807.72 2501.77 2348.38 2266.42 2212.03 4706.74 3292.26 2829.59 4826.63 3630.78 3843.16 2397.48 2187.11 2759.44
threshold=5.5000000000000009 3.5000000000000004 24.500000000000004 13.500000000000002 192.55000305175784 24.500000000000004 5.5000000000000009 8.0000000000000018 133.65000152587893 87.000000000000014 20.000000000000004 52.000000000000007 8.0000000000000018 2.5000000000000004 290.50000000000006 235.50000000000003 210.94999694824222 52.000000000000007 52.000000000000007 12.500000000000002 167.50000000000003 214.50000000000003 29.500000000000004 20.000000000000004 205.94999694824222 13.500000000000002 115.85000228881837 221.50000000000003 5.5000000000000009 8.0000000000000018
decision_type=2 2 2 2 10 2 2 2 8 2 2 2 2 2 2 2 8 2 2 2 2 2 2 2 8 2 10 2 2 2
left_child=17 10 9 4 5 6 -4 -8 -9 11 -2 13 -13 -3 15 18 -17 -1 19 -15 21 23 27 28 25 26 -25 -22 29 -21
right_child=1 2 3 -5 -6 -7 7 8 -10 -11 -12 12 -14 14 -16 16 -18 -19 -20 20 22 -23 -24 24 -26 -27 -28 -29 -30 -31
leaf_value=-0.011062873127138622 -0.01908300013292815 -0.024459258486785276 -0.005427803191318188 -0.0023658455009298641 0.14805742485647264 -0.032105423235079505 0.018053992610136155 0.055929269152274488 0.15505241677402634 0.078817791149170716 0.043431398501308636 0.097229420313473203 0.0010994250257542061 -0.016071712831424782 -0.043391332377264981 -0.00038184953819968184 0.11728394847160409 0.038162734371768779 -0.03907430587665895 0.00055383322093402563 -0.0046384736214057885 0.078053725220838518 0.057168679551985555 0.071433545982046709 0.099247853838842132 -0.028700514708246427 -0.013220172787325388 -0.059539972872121441 -0.0058412246334420305 0.053829498922808888
leaf_weight=8617 2188 837 223 958 190 208 228 244 208 160 235 208 232 973 286 236 201 276 304 609 771 293 169 370 229 305 222 282 2122 431
leaf_count=8617 2188 837 223 958 190 208 228 244 208 160 235 208 232 973 286 236 201 276 304 609 771 293 169 370 229 305 222 282 2122 431
internal_value=0.000376899 0.00670843 0.0108655 0.0300974 0.05402 0.0379169 0.0540721 0.0736192 0.101596 0.00616109 -0.0130102 0.0048782 0.0465962 0.00275095 0.00567271 0.00754258 0.0536852 -0.00953248 0.00469119 0.00665817 0.0104734 0.0156092 -0.00876025 0.0113368 0.0332559 0.0163822 0.0396486 -0.0193638 0.00352395 0.0226551
internal_weight=22815 13922 11499 2259 1301 1111 903 680 452 9240 2423 9080 440 8640 7803 7517 437 8893 7080 6776 5803 4581 1222 4288 1126 897 592 1053 3162 1040
internal_count=22815 13922 11499 2259 1301 1111 903 680 452 9240 2423 9080 440 8640 7803 7517 437 8893 7080 6776 5803 4581 1222 4288 1126 897 592 1053 3162 1040
is_linear=0
shrinkage=0.0161


Tree=164
num_leaves=31
num_cat=0
split_feature=119 529 544 512 36 496 13 13 523 271 547 165 412 160 356 232 530 191 17 397 3 70 481 418 294 531 512 572 279 258
split_gain=5877.51 5338.25 6260.47 9070.23 3911.12 4188.01 4171.93 7030.34 3457.05 6033.17 6275.12 3280.22 3268.23 3134.94 3055.92 3567.82 3885.07 3255.74 3126.7 4977.76 3200.97 3043.83 3035.6 2717.17 2639.13 3430.15 2299.99 4019.16 2285.39 2104.42
threshold=4.5000000000000009 290.50000000000006 240.75000000000003 207.50000000000003 8.0000000000000018 12.500000000000002 52.000000000000007 73.500000000000014 45.500000000000007 16.500000000000004 84.750000000000014 43.500000000000007 35.500000000000007 6.5000000000000009 43.500000000000007 35.500000000000007 117.50000000000001 16.500000000000004 10.500000000000002 24.500000000000004 24.500000000000004 13.500000000000002 240.50000000000003 4.5000000000000009 13.500000000000002 144.50000000000003 55.500000000000007 103.25000000000001 3.5000000000000004 20.000000000000004
decision_type=2 2 10 2 2 2 2 2 2 2 10 2 2 2 2 2 2 2 2 2 2 2 2 2 2 2 2 10 2 2
left_child=12 2 4 -4 22 -6 8 -8 9 26 13 14 -1 -11 15 17 -17 18 29 20 24 -16 28 -14 25 -20 -7 -28 -2 -10
right_child=1 -3 3 -5 5 6 7 -9 11 10 -12 -13 23 -15 21 16 -18 -19 19 -21 -22 -23 -24 -25 -26 -27 27 -29 -30 -31
leaf_value=-0.015422626410065398 -0.021987521257343004 -0.047593619803257423 0.16335806632558764 0.01150005053137132 -0.017384197403498638 0.0030218058997550879 0.14674593183198156 -0.0015283691229233565 -0.010641377482986891 -0.0092332709733640161 0.16188292311836799 -0.041553080701464837 -0.011006843097928818 0.089902488859632798 0.10580726305737535 0.0021041669366610419 0.11242258385085153 -0.022914072663844921 0.041828577277922073 0.10699335212475852 -0.041992075347482304 0.0084043694909516874 0.048662951612196248 0.080363553002589405 0.072853709388304488 -0.036749529274502715 0.10043484618854594 -0.0077117450955406777 -3.7144467402678914e-05 0.040714355893780557
leaf_weight=5941 1562 474 161 279 999 966 168 163 1387 163 168 324 163 167 171 163 169 929 379 189 193 163 287 174 265 232 194 164 5786 243
leaf_count=5941 1562 474 161 279 999 966 168 163 1387 163 168 324 163 167 171 163 169 929 379 189 193 163 287 174 265 232 194 164 5786 243
internal_value=0.000605097 0.00564865 0.00722408 0.0671198 0.00553255 0.0134302 0.0178566 0.0736576 0.0150668 0.0339557 0.081737 0.00790237 -0.0126532 0.0408641 0.0114819 0.00770388 0.0583311 0.00329419 0.0117329 0.0308034 0.0173109 0.0583428 -0.0026972 0.0360997 0.0304034 0.0119535 0.0159658 0.0508271 -0.00470645 -0.00297084
internal_weight=22786 16508 16034 440 15594 7959 6960 331 6629 1822 498 4807 6278 330 4483 4149 332 3817 2888 1258 1069 334 7635 337 876 611 1324 358 7348 1630
internal_count=22786 16508 16034 440 15594 7959 6960 331 6629 1822 498 4807 6278 330 4483 4149 332 3817 2888 1258 1069 334 7635 337 876 611 1324 358 7348 1630
is_linear=0
shrinkage=0.0161


Tree=165
num_leaves=31
num_cat=0
split_feature=451 237 541 533 284 573 238 186 68 186 177 79 541 223 92 76 499 375 419 236 594 554 191 424 472 560 60 115 200 187
split_gain=4872.7 3540.05 5480 3393.39 3375.21 3667.66 5315.46 4356.71 4270.16 3144.45 4797.92 3252.38 3127.93 2963.84 5613.48 2992.07 8232.19 4110.02 2921.18 2860.16 2298.41 6372.17 3441.03 2354.12 2327.01 2124.36 2027.99 2021.7 2064.95 1957.02
threshold=4.5000000000000009 13.500000000000002 244.44999694824222 313.50000000000006 4.5000000000000009 185.15000152587893 29.500000000000004 8.0000000000000018 16.500000000000004 4.5000000000000009 24.500000000000004 35.500000000000007 156.05000305175784 43.500000000000007 8.0000000000000018 4.5000000000000009 219.50000000000003 10.500000000000002 29.500000000000004 24.500000000000004 185.15000152587893 207.44999694824222 29.500000000000004 29.500000000000004 52.000000000000007 220.15000152587893 43.500000000000007 35.500000000000007 29.500000000000004 16.500000000000004
decision_type=2 2 10 2 2 10 2 2 2 2 2 2 10 2 2 2 2 2 2 2 8 10 2 2 2 10 2 2 2 2
left_child=26 3 4 13 -3 6 9 -8 -9 10 -6 12 -11 15 -15 16 17 18 29 -7 21 24 23 25 27 -22 -1 28 -17 -2
right_child=1 2 -4 -5 5 19 7 8 -10 11 -12 -13 -14 14 -16 20 -18 -19 -20 -21 22 -23 -24 -25 -26 -27 -28 -29 -30 -31
leaf_value=-0.012994431058069454 0.0021655085707304213 -0.011605632764793192 0.097772367141363087 -0.071433041860694296 0.013867747853133749 -0.039084037166228311 0.016283890298122852 0.15547837979661988 0.044146198248018471 0.0050603370480024751 0.10835126667165086 -0.051892435314985393 0.062658164807144673 0.11128518612085114 -0.0060719424256092426 -0.0045355729615162554 0.12026840054434623 0.065739296406047656 0.05787132707011327 0.040173673665425652 -0.026123714936340019 0.081831614152099927 0.039237971293365807 0.018797035109094761 0.056211243539282557 -0.082832707660073238 0.036240282159861005 0.036064827646710061 -0.044699369971474071 -0.037553297713204016
leaf_weight=5831 2056 1073 209 166 365 413 231 201 162 1432 226 212 295 182 251 4577 177 281 215 165 1556 239 237 268 166 193 225 293 358 381
leaf_count=5831 2056 1073 209 166 365 413 231 201 162 1432 226 212 295 182 251 4577 177 281 215 165 1556 239 237 268 166 193 225 293 358 381
internal_value=0.00119713 0.00571259 0.0170604 0.00083322 0.0135228 0.0208124 0.0277083 0.0710631 0.105858 0.01752 0.0500383 0.00759637 0.0149126 0.00188482 0.0432016 0.000255851 0.0136316 0.00718824 0.00097542 -0.0164178 -0.00501547 0.000478275 -0.0187554 -0.0255814 -0.003122 -0.0323949 -0.0111613 -0.00501046 -0.00745395 -0.00403446
internal_weight=22636 16580 4984 11596 4775 3702 3124 594 363 2530 591 1939 1727 11430 433 10997 3110 2933 2652 578 7887 5633 2254 2017 5394 1749 6056 5228 4935 2437
internal_count=22636 16580 4984 11596 4775 3702 3124 594 363 2530 591 1939 1727 11430 433 10997 3110 2933 2652 578 7887 5633 2254 2017 5394 1749 6056 5228 4935 2437
is_linear=0
shrinkage=0.0161


Tree=166
num_leaves=31
num_cat=0
split_feature=476 478 363 178 209 452 22 555 531 512 127 96 592 571 140 567 148 563 436 428 533 466 348 371 243 419 451 54 458 247
split_gain=5549.48 7296.88 4061.83 3763.02 6522.42 5567.26 4174.1 2865.22 2540.94 3106.64 6111.55 7006.77 3994.76 6561.83 3800.58 2891.87 2876.8 4174.83 2616.63 3516.98 2910.98 2499 2809.46 2816.03 2322.37 2310.27 2272.35 2687.57 3369.23 2330.05
threshold=29.500000000000004 43.500000000000007 3.5000000000000004 35.500000000000007 24.500000000000004 10.500000000000002 13.500000000000002 104.35000228881837 299.50000000000006 174.50000000000003 13.500000000000002 6.5000000000000009 160.44999694824222 177.15000152587893 5.5000000000000009 183.15000152587893 13.500000000000002 240.75000000000003 6.5000000000000009 43.500000000000007 193.50000000000003 29.500000000000004 29.500000000000004 29.500000000000004 20.000000000000004 10.500000000000002 5.5000000000000009 2.5000000000000004 8.0000000000000018 29.500000000000004
decision_type=2 2 2 2 2 2 2 10 2 2 2 2 8 10 2 10 2 8 2 2 2 2 2 2 2 2 2 2 2 2
left_child=2 21 -1 8 5 7 -7 -5 9 15 12 -12 13 -11 -13 18 17 25 -4 20 26 22 23 24 -2 -14 -20 28 -28 -29
right_child=1 -3 3 4 -6 6 -8 -9 -10 10 11 14 16 -15 -16 -17 -18 -19 19 -21 -22 -23 -24 -25 -26 -27 27 29 -30 -31
leaf_value=-0.01635148597507877 0.017510357738457192 0.10221384098706582 -0.0095651397935944439 0.0090002816337331325 0.11844901036194595 0.0070137725413030403 0.10665915252261272 -0.083174458719573546 -0.044291802981325831 -0.03076004021958097 0.12207152541279642 0.085675684391619281 -0.049183595719372093 0.10260316956379228 -0.0040715326777551863 -0.041134909977251492 -0.048047831637109281 0.055392267831455053 -0.0076567006086249792 -0.041969827314207134 0.061077573999581462 -0.030700459931297584 0.07766215681622872 0.070387363306681286 -0.029593900692482165 0.016086738076052771 0.012621723521624396 0.012806249404809253 0.11006605524881689 -0.036936120613060383
leaf_weight=4174 1090 272 5381 178 184 255 191 171 336 170 257 171 334 218 428 491 443 266 2010 379 262 285 199 199 361 242 216 3208 161 264
leaf_count=4174 1090 272 5381 178 184 255 191 171 336 170 257 171 334 218 428 491 443 266 2010 379 262 285 199 199 361 242 216 3208 161 264
internal_value=0.000540254 0.0236662 -0.00218743 0.00145695 0.0320545 0.0120291 0.0497398 -0.0360953 -0.00050744 0.000478267 0.0167392 0.0517293 -0.00114964 0.0441102 0.0215098 -0.00284378 -0.014834 0.00261284 -0.00125936 0.00561293 0.008563 0.0136434 0.0204912 0.0135818 0.00577488 -0.0217201 0.00621066 0.0134585 0.0542983 0.00901722
internal_weight=22796 2406 20390 16216 979 795 446 349 15237 14901 2529 856 1673 388 599 12372 1285 842 11881 6500 6121 2134 1849 1650 1451 576 5859 3849 377 3472
internal_count=22796 2406 20390 16216 979 795 446 349 15237 14901 2529 856 1673 388 599 12372 1285 842 11881 6500 6121 2134 1849 1650 1451 576 5859 3849 377 3472
is_linear=0
shrinkage=0.0161


Tree=167
num_leaves=31
num_cat=0
split_feature=237 530 567 259 195 540 569 239 258 557 500 479 390 344 215 129 452 118 32 274 239 223 70 437 201 123 226 46 363 230
split_gain=4728.5 3932.24 4360.04 10423.6 4135.65 7697.91 3785.96 3698.99 3532.3 4970.46 3509.67 3477.82 6815.01 3236.76 3087.14 2943.49 3231.22 3559.42 3399.81 4341.8 2903.33 2563.85 2383.03 2303.52 2590.31 2286.62 2761.82 2982.01 7003.17 2255.26
threshold=3.5000000000000004 299.50000000000006 247.34999847412112 10.500000000000002 24.500000000000004 210.94999694824222 172.25000000000003 29.500000000000004 16.500000000000004 173.15000152587893 248.50000000000003 52.000000000000007 8.0000000000000018 61.500000000000007 2.5000000000000004 13.500000000000002 5.5000000000000009 20.000000000000004 20.000000000000004 10.500000000000002 16.500000000000004 35.500000000000007 6.5000000000000009 10.500000000000002 24.500000000000004 20.000000000000004 6.5000000000000009 6.5000000000000009 6.5000000000000009 13.500000000000002
decision_type=2 2 10 2 2 10 10 2 2 10 2 2 2 2 2 2 2 2 2 2 2 2 2 2 2 2 2 2 2 2
left_child=23 2 4 -4 6 7 10 8 9 22 11 13 -13 14 -2 16 -16 25 20 -20 -19 -17 -6 -1 -25 26 29 28 -28 -18
right_child=1 -3 3 -5 5 -7 -8 -9 -10 -11 -12 12 -14 -15 15 21 17 18 19 -21 -22 -23 -24 24 -26 -27 27 -29 -30 -31
leaf_value=-0.023820674372706706 -0.021120827291939981 -0.043751245909617889 0.1349100670027952 -0.030654622224845877 0.039886239781990768 0.12763381339178947 -0.02102535895398765 0.080621730354003773 -0.025169880127998277 0.10644216550844669 0.060627138870257113 -0.028606934384969741 0.099464532747533349 -0.058828141138932775 -0.0046914650341970685 -0.013144390068901069 -0.0098599214949063839 -0.0017995917230022981 0.13395141542754618 0.028634076661687657 0.062686854688973601 0.051021284334406537 -0.012461883571807457 -0.0069354926025100589 0.060899082428241269 -0.019519723235035542 -0.0030655246709465475 0.01831383459576294 0.14282681910956657 0.034230172064208197
leaf_weight=3113 1441 467 208 187 388 170 2025 196 586 161 265 185 257 239 2757 2845 1270 497 195 213 284 171 537 1392 163 597 164 1147 177 394
leaf_count=3113 1441 467 208 187 388 170 2025 196 586 161 265 185 257 239 2757 2845 1270 497 195 213 284 171 537 1392 163 597 164 1147 177 394
internal_value=-0.00138516 0.00235405 0.00358182 0.0564692 0.00236313 0.0238933 -0.000536764 0.0144397 0.00666742 0.0238683 0.00262905 0.00142957 0.0458067 -0.000151515 0.00100057 0.00397886 0.0092643 0.0170609 0.0413388 0.0790273 0.0216199 -0.00949855 0.00947059 -0.0158272 0.000160005 0.00935485 0.0148313 0.0307685 0.0725926 0.000565535
internal_weight=22691 18023 17556 395 17161 2038 15123 1868 1672 1086 13098 12833 442 12391 12152 10711 7695 4938 1189 408 781 3016 925 4668 1555 3749 3152 1488 341 1664
internal_count=22691 18023 17556 395 17161 2038 15123 1868 1672 1086 13098 12833 442 12391 12152 10711 7695 4938 1189 408 781 3016 925 4668 1555 3749 3152 1488 341 1664
is_linear=0
shrinkage=0.0161


Tree=168
num_leaves=31
num_cat=0
split_feature=224 119 530 563 427 544 511 382 118 546 484 524 72 355 170 334 555 475 159 310 390 533 519 444 437 402 577 77 283 18
split_gain=5822.65 4724.64 4876.11 6647.45 12749.5 3323.4 3157.24 3178.47 6123.21 5491.38 7146.67 3209.67 2847.67 2825.09 4604.43 3054.07 2713.97 2599.64 2575.18 3092.67 3268.8 3057.18 4444.53 3487.06 4148.7 7099.22 2623.68 2492.03 2401.34 2313.12
threshold=3.5000000000000004 4.5000000000000009 296.50000000000006 231.15000152587893 16.500000000000004 216.75000000000003 308.50000000000006 10.500000000000002 35.500000000000007 141.55000305175784 79.500000000000014 268.50000000000006 52.000000000000007 5.5000000000000009 29.500000000000004 16.500000000000004 213.05000305175784 20.000000000000004 5.5000000000000009 20.000000000000004 52.000000000000007 105.50000000000001 25.500000000000004 10.500000000000002 8.0000000000000018 8.0000000000000018 192.55000305175784 8.0000000000000018 35.500000000000007 8.0000000000000018
decision_type=2 2 2 10 2 8 2 2 2 10 2 2 2 2 2 2 10 2 2 2 2 2 2 2 2 2 10 2 2 2
left_child=-1 12 3 6 5 -5 7 18 11 10 -10 13 17 14 15 29 28 -2 -3 20 21 22 -20 24 -24 -26 -23 -19 -15 -9
right_child=1 2 -4 4 -6 -7 -8 8 9 -11 -12 -13 -14 16 -16 -17 -18 27 19 -21 -22 26 23 -25 25 -27 -28 -29 -30 -31
leaf_value=-0.016351800454583988 -0.017454979071825531 -0.011819588252785777 -0.04632562675176826 -0.03120755411807196 0.18310342969539306 0.066049742574000814 0.077278405135716197 0.033541998836428423 0.043956139732396857 -0.013521209453861283 0.17870626330316214 -0.057872023295668866 0.056015151596645718 0.004492037756104226 0.10528499638048569 0.064428699277827059 0.066416179946489365 0.051903162663607588 -0.0055208136099488148 -0.017955469684831367 0.08267961080995341 -0.021740029563833186 0.025830351994509972 0.0077011007546633073 0.024358643993883791 0.16242898970036773 0.033960059290414117 -0.014512441479785495 -0.049216311924672969 -0.017158573228914072
leaf_weight=4704 3877 2829 406 200 166 167 168 426 269 166 165 172 162 2410 190 305 168 295 837 947 175 947 386 469 176 215 285 290 237 515
leaf_count=4704 3877 2829 406 200 166 167 168 426 269 166 165 172 162 2410 190 305 168 295 837 947 175 947 386 469 176 215 285 290 237 515
internal_value=-0.000399882 0.00376295 0.00860735 0.0103261 0.0660112 0.0129844 0.00794159 0.00699178 0.0168397 0.0651104 0.0952403 0.0102863 -0.0102665 0.0130496 0.031428 0.0201469 0.00366588 -0.0126782 0.000180649 0.00783722 0.0148427 0.0112545 0.0231483 0.0424256 0.0633551 0.10034 -0.00883576 0.018939 -0.000307865 0.00576906
internal_weight=22724 18020 13396 12990 533 367 12457 12289 5023 600 434 4423 4624 4251 1436 1246 2815 4462 7266 4437 3490 3315 2083 1246 777 391 1232 585 2647 941
internal_count=22724 18020 13396 12990 533 367 12457 12289 5023 600 434 4423 4624 4251 1436 1246 2815 4462 7266 4437 3490 3315 2083 1246 777 391 1232 585 2647 941
is_linear=0
shrinkage=0.0161


Tree=169
num_leaves=31
num_cat=0
split_feature=237 567 569 495 118 286 249 479 174 418 260 101 485 148 531 540 580 590 475 345 398 568 206 157 280 35 62 231 304 542
split_gain=6109.2 3644.7 4134.68 3595.48 3812.92 3694.61 3934.95 4855.05 4069.98 3428.58 3285.07 3375.94 4585.45 3223.47 3166.55 4376.29 10272 5020 2344.69 2336.9 2322.02 2316.83 2232.33 2190.93 2075.34 2243.03 2123.67 3343.69 4691.82 2488.51
threshold=13.500000000000002 235.84999847412112 213.05000305175784 252.50000000000003 16.500000000000004 24.500000000000004 29.500000000000004 29.500000000000004 10.500000000000002 4.5000000000000009 8.0000000000000018 13.500000000000002 68.500000000000014 61.500000000000007 290.50000000000006 218.75000000000003 181.25000000000003 207.44999694824222 29.500000000000004 6.5000000000000009 61.500000000000007 121.64999771118165 20.000000000000004 4.5000000000000009 2.5000000000000004 52.000000000000007 10.500000000000002 20.000000000000004 5.5000000000000009 167.05000305175784
decision_type=2 10 10 2 2 2 2 2 2 2 2 2 2 2 2 10 8 10 2 2 2 8 2 2 2 2 2 2 2 10
left_child=9 2 3 4 18 6 7 10 -9 -1 22 12 -12 14 15 17 -17 20 -2 -20 23 -7 -6 -11 -25 26 27 -26 -29 -28
right_child=1 -3 -4 -5 5 21 -8 8 -10 13 11 -13 -14 -15 -16 16 -18 -19 19 -21 -22 -23 -24 24 25 -27 29 28 -30 -31
leaf_value=-0.015712781351062105 -0.0094325276853891131 0.0701560776803139 -0.052319922041384241 0.069517226882118657 -0.006132373249059255 0.0224020864916958 -0.03467563255646048 0.15102708091571632 0.040494353071527898 -0.014407420762374619 0.023232401159022902 0.012120196891405036 0.12836936498866688 0.057871829198149441 -0.055576100238005625 0.14882349012218715 -0.0078862702507619103 0.060561576093912134 0.069355630330523194 -0.002521760269768694 -0.054769784383258441 -0.055983202569843182 0.059312429734487748 -0.027047213489413937 0.0082999321050032052 -0.040969299948270227 0.0014624850932441385 -0.0078118260949087501 0.091430910668202817 -0.048917785488655281
leaf_weight=5588 2260 280 258 283 688 178 201 170 177 3070 194 309 243 242 274 168 305 318 214 258 232 216 168 576 2936 263 1869 202 316 294
leaf_count=5588 2260 280 258 283 688 178 201 170 177 3070 194 309 243 242 274 168 305 318 214 258 232 216 168 576 2936 263 1869 202 316 294
internal_value=-0.00038369 0.0134036 0.0106678 0.0135954 0.0105913 0.0247758 0.0330857 0.040086 0.0947137 -0.00543293 0.0282387 0.0529398 0.0817491 -0.000239308 -0.00154084 -0.000135091 0.0477241 -0.00238409 -0.00260835 0.0300169 -0.00443782 -0.0205108 0.00668444 -0.00320954 0.0021117 0.00497209 0.00712735 0.0149632 0.0526846 -0.00537444
internal_weight=22750 6097 5817 5559 5276 2544 2150 1949 347 16653 1602 746 437 11065 10823 10549 473 10076 2732 472 9758 394 856 9526 6456 5880 5617 3454 518 2163
internal_count=22750 6097 5817 5559 5276 2544 2150 1949 347 16653 1602 746 437 11065 10823 10549 473 10076 2732 472 9758 394 856 9526 6456 5880 5617 3454 518 2163
is_linear=0
shrinkage=0.0161


Tree=170
num_leaves=31
num_cat=0
split_feature=480 531 504 498 119 412 524 540 32 13 565 571 31 222 16 596 53 237 540 534 432 263 322 407 32 66 546 471 263 542
split_gain=4830.34 4152.91 5105.72 5419.15 3361.73 4151.8 3415.61 7559.01 3833.23 3523.96 3188.66 4850.28 3916.19 3911.04 5628.98 3195.45 3082.92 3011.09 2668.5 4585.11 2561.27 3489.2 2704.29 2874.4 2742.8 3334.14 2763.92 3669.64 4673.58 2564.23
threshold=16.500000000000004 320.50000000000006 330.50000000000006 330.50000000000006 4.5000000000000009 35.500000000000007 123.50000000000001 213.05000305175784 3.5000000000000004 52.000000000000007 154.15000152587893 145.55000305175784 16.500000000000004 6.5000000000000009 8.0000000000000018 100.45000076293947 61.500000000000007 10.500000000000002 130.34999847412112 74.500000000000014 16.500000000000004 2.5000000000000004 43.500000000000007 35.500000000000007 6.5000000000000009 16.500000000000004 189.94999694824222 8.0000000000000018 8.0000000000000018 144.05000305175784
decision_type=2 2 2 2 2 2 2 10 2 2 8 8 2 2 2 10 2 2 8 2 2 2 2 2 2 2 8 2 2 8
left_child=-1 2 3 4 5 -2 7 8 -6 10 15 -12 13 17 -15 18 20 -13 19 -10 21 -8 23 24 25 -23 -26 28 -28 -22
right_child=1 -3 -4 -5 6 -7 16 -9 9 -11 11 12 -14 14 -16 -17 -18 -19 -20 -21 29 22 -24 -25 26 -27 27 -29 -30 -31
leaf_value=-0.01329849214613836 -0.012160584278160625 -0.053985522858754652 0.08997504496650649 0.095673218643540003 -0.013073073633651554 0.052440253317834508 -0.059545851139119789 0.12433480037235339 0.0094344092562348488 0.075505449030704844 0.10649658043941165 -0.019432725164142135 -0.013481375936154722 0.14330189787497119 0.02877751195925142 -0.0077594928099035919 0.057000427743414281 0.065161333617785477 0.083307955511032247 0.093558345487706918 0.018196473222261363 0.010294278528717669 -0.045537716637908766 0.058863150363203429 -0.024546938197925385 0.080576157586277564 -0.0032274538220704806 -0.015437770964064658 0.1138157657663538 -0.034860438778526834
leaf_weight=4847 4118 306 185 169 1268 275 219 160 2348 261 211 307 483 191 268 1900 218 169 160 181 301 689 236 294 953 235 178 426 175 1087
leaf_count=4847 4118 306 185 169 1268 275 219 160 2348 261 211 307 483 191 268 1900 218 169 160 181 301 689 236 294 953 235 178 426 175 1087
internal_value=0.000963693 0.00481169 0.00583153 0.00493965 0.0040525 -0.00811124 0.00819082 0.0147817 0.0125161 0.0175277 0.0150903 0.0344458 0.023708 0.0429444 0.0764849 0.00821439 -0.00220445 0.0105523 0.01951 0.0154644 -0.00490218 0.00260586 0.00688545 0.0110873 0.00578997 0.0281945 -0.00614895 0.0163283 0.0547301 -0.0233376
internal_weight=22818 17971 17665 17480 17311 4393 12918 7907 7747 6479 6218 1629 1418 935 459 4589 5011 476 2689 2529 4793 3405 3186 2950 2656 924 1732 779 353 1388
internal_count=22818 17971 17665 17480 17311 4393 12918 7907 7747 6479 6218 1629 1418 935 459 4589 5011 476 2689 2529 4793 3405 3186 2950 2656 924 1732 779 353 1388
is_linear=0
shrinkage=0.0161


Tree=171
num_leaves=31
num_cat=0
split_feature=359 13 27 577 540 363 538 291 475 133 273 367 169 222 564 290 587 522 575 515 471 238 196 568 373 524 372 81 201 330
split_gain=7326.68 5065.79 5565.04 3857.05 5433.69 12048.7 4663.35 4492.18 4690.88 4172.25 3889.79 3760.6 4142.24 3420.38 3988.17 6359.75 3638.92 5355.56 4449.19 3731.47 3233.96 3115.76 3476.77 3970.28 2940.93 2830.48 2729.37 2491.6 2444.34 2071.1
threshold=10.500000000000002 52.000000000000007 10.500000000000002 255.05000305175784 216.75000000000003 10.500000000000002 230.50000000000003 3.5000000000000004 61.500000000000007 16.500000000000004 10.500000000000002 8.0000000000000018 16.500000000000004 6.5000000000000009 220.15000152587893 8.0000000000000018 210.94999694824222 230.50000000000003 182.25000000000003 190.50000000000003 35.500000000000007 16.500000000000004 13.500000000000002 93.149997711181655 52.000000000000007 52.500000000000007 52.000000000000007 6.5000000000000009 5.5000000000000009 8.0000000000000018
decision_type=2 2 2 10 10 2 2 2 2 2 2 2 2 2 10 2 10 2 10 2 2 2 2 10 2 2 2 2 2 2
left_child=13 3 -3 4 6 -6 7 -2 9 10 20 12 27 -1 16 -16 17 18 19 24 -9 -13 23 -23 26 29 -15 -12 -27 -11
right_child=1 2 -4 -5 5 -7 -8 8 -10 25 11 21 -14 14 15 -17 -18 -19 -20 -21 -22 22 -24 -25 -26 28 -28 -29 -30 -31
leaf_value=-0.012818509408666998 -0.015472022494380181 0.13702010497303849 0.0099069100886123324 -0.0581927118043628 0.14815112279024772 -0.0062322371558250133 -0.039810988669938679 0.0037103804282049538 0.096915875643888816 -0.017189945438159531 0.087339807158531485 0.0016131030600613416 0.13553877562403255 -0.0049496984494019902 0.12082758631515521 -0.0055039628310544495 -0.055326147618001947 0.0726220902901865 -0.056677750251063939 0.065036878517468324 0.074676907312463847 0.079402265076313455 0.11389929072089283 -0.033263271309329774 0.057078966187852194 0.015366252594554925 0.058887378484320407 0.012359819713089439 -0.049101329180857703 0.053283302792532135
leaf_weight=7664 1217 177 181 204 236 294 473 2084 192 196 209 689 189 4864 187 230 297 269 348 238 181 164 169 160 223 215 180 257 520 240
leaf_count=7664 1217 177 181 204 236 294 473 2084 192 196 209 689 189 4864 187 230 297 269 348 238 181 164 169 160 223 215 180 257 520 240
internal_value=0.00145691 0.0135736 0.0728191 0.010882 0.0127187 0.0624676 0.0090303 0.0124912 0.0187226 0.015871 0.0235246 0.0409372 0.0718998 -0.00543292 0.0028438 0.0510919 -0.000286887 0.00237942 -0.000844866 0.00268035 0.00939183 0.0237596 0.0546629 0.0236923 -0.000132888 -0.0109194 -0.00266694 0.0460387 -0.0302114 0.0215487
internal_weight=22747 8247 358 7889 7685 530 7155 6682 5465 5273 4102 1837 655 14500 6836 417 6419 6122 5853 5505 2265 1182 493 324 5267 1171 5044 466 735 436
internal_count=22747 8247 358 7889 7685 530 7155 6682 5465 5273 4102 1837 655 14500 6836 417 6419 6122 5853 5505 2265 1182 493 324 5267 1171 5044 466 735 436
is_linear=0
shrinkage=0.0161


Tree=172
num_leaves=31
num_cat=0
split_feature=355 152 238 184 589 3 100 311 239 444 209 283 378 508 499 319 315 350 494 524 426 595 55 427 225 566 402 208 201 126
split_gain=4606.49 3867.68 4624.85 4091.94 5047 3825.67 3272.28 3422.29 3901.73 4184.51 3996.52 3517.96 2962.48 2898.57 4094.26 5896.98 2500.84 2494.38 2428.87 2563.22 3017.88 2664.46 2643.94 2719.44 2309.06 2253.33 2225.83 2216.77 1983.29 2209.76
threshold=87.000000000000014 6.5000000000000009 35.500000000000007 16.500000000000004 127.25000000000001 24.500000000000004 2.5000000000000004 16.500000000000004 10.500000000000002 3.5000000000000004 20.000000000000004 6.5000000000000009 10.500000000000002 153.50000000000003 47.500000000000007 13.500000000000002 3.5000000000000004 35.500000000000007 190.50000000000003 60.500000000000007 24.500000000000004 132.44999694824222 5.5000000000000009 5.5000000000000009 10.500000000000002 106.25000000000001 4.5000000000000009 43.500000000000007 10.500000000000002 13.500000000000002
decision_type=2 2 2 2 8 2 2 2 2 2 2 2 2 2 2 2 2 2 2 2 2 10 2 2 2 10 2 2 2 2
left_child=1 16 5 12 -5 6 -3 8 17 11 13 -10 -4 14 -11 -16 25 18 19 -8 21 22 -21 -24 -12 -1 -9 -18 29 -28
right_child=-2 2 3 4 -6 -7 7 26 9 10 24 -13 -14 -15 15 -17 27 -19 -20 20 -22 -23 23 -25 -26 -27 28 -29 -30 -31
leaf_value=-0.013048212646393949 0.069035627327979479 -0.021388551431273089 -0.019446652859406444 0.14619418669791492 0.025225199639228344 -0.018136092088127477 -0.0072067534328970062 0.025536110646985424 0.033685363900167693 -0.0072604812827437425 0.10747325328461398 0.13873659844919284 0.053332147620872357 -0.024582130466949903 0.016767345125976735 0.12217650665157179 -0.0051956264726849529 0.056293621089135999 -0.032563177603164205 -0.0116886902371012 0.084383774950162735 -0.015047436250918641 0.10736937161252827 0.026369957277312273 0.027253608466846498 -0.0472502197779354 -0.021342288238149501 0.046021764636693975 -0.038500801416195336 0.030718234088884779
leaf_weight=1948 244 948 324 169 191 1956 1426 403 167 522 205 165 262 404 387 214 8183 237 449 217 184 476 171 292 172 673 553 225 644 342
leaf_count=1948 244 948 324 169 191 1956 1426 403 167 522 205 165 262 404 387 214 8183 237 449 217 184 476 171 292 172 673 553 225 644 342
internal_value=-0.000541073 -0.00129634 0.00524381 0.0393453 0.0820788 0.00217911 0.00681423 0.0103214 0.0166232 0.0331936 0.0239794 0.0859655 0.0130525 0.0123707 0.0256855 0.0543399 -0.00810606 0.00588301 0.00215957 0.00780456 0.0237969 0.0141329 0.0345937 0.0563363 0.0709368 -0.0218393 -0.00812388 -0.00382224 -0.0169533 -0.00142247
internal_weight=22753 22509 11480 946 360 10534 8578 7630 5688 2236 1904 332 586 1527 1123 601 11029 3452 3215 2766 1340 1156 680 463 377 2621 1942 8408 1539 895
internal_count=22753 22509 11480 946 360 10534 8578 7630 5688 2236 1904 332 586 1527 1123 601 11029 3452 3215 2766 1340 1156 680 463 377 2621 1942 8408 1539 895
is_linear=0
shrinkage=0.0161


Tree=173
num_leaves=31
num_cat=0
split_feature=497 214 355 364 538 470 344 214 179 533 483 237 483 556 596 562 196 576 515 537 589 189 498 483 534 247 234 527 579 530
split_gain=5656.06 4735.77 4476.1 4001.19 4431.38 3770.2 3717.44 4973.85 3132.53 6464.34 4589.3 4234.23 3448.94 3022.07 2990.81 5991.88 4040.2 2801.8 3434.79 3908.86 3843.09 2831.04 2937.43 4522.13 6300.19 4464.07 2564.33 2540.74 2326.71 2780.78
threshold=341.50000000000006 5.5000000000000009 87.000000000000014 3.5000000000000004 251.50000000000003 43.500000000000007 8.0000000000000018 13.500000000000002 29.500000000000004 109.50000000000001 61.500000000000007 13.500000000000002 262.50000000000006 203.05000305175784 182.25000000000003 156.94999694824222 16.500000000000004 224.44999694824222 193.50000000000003 142.50000000000003 193.75000000000003 10.500000000000002 41.500000000000007 71.500000000000014 72.500000000000014 3.5000000000000004 6.5000000000000009 78.500000000000014 195.05000305175784 160.50000000000003
decision_type=2 2 2 2 2 2 2 2 2 2 2 2 2 10 10 8 2 10 2 2 8 2 2 2 2 2 2 2 10 2
left_child=1 14 3 28 5 8 -7 -8 12 10 11 -10 17 -6 -1 -16 -17 18 21 -20 -21 22 -5 24 -24 -25 -11 -27 29 -3
right_child=-2 2 -4 4 13 6 7 -9 9 26 -12 -13 -14 -15 15 16 -18 -19 19 20 -22 -23 23 25 -26 27 -28 -29 -30 -31
leaf_value=-0.011197772740113734 0.089145071560110034 -0.012240128989750678 0.090204587015088586 -0.0045477473270847295 -0.055840259227822181 0.0060175464949765506 0.019596543175593936 0.13997657577063183 -0.014913635260953229 0.036083070160018618 0.11567702097008124 0.086104547532203882 0.059176418969205259 0.0098890481578049749 0.10635494070864369 -0.027796109537789732 0.066722294365940085 -0.048232147706347712 -0.021105674678422809 0.1089038559361888 0.015979264991421719 -0.010350966940932075 0.020434430159538049 0.066650349472954215 0.10939155894492862 0.035183664291515017 -0.042900873211811075 -0.016365789337015643 0.042523050408437076 -0.069411239964944194
leaf_weight=8415 188 1690 164 1942 435 280 166 193 232 171 279 200 308 310 170 431 161 255 185 252 214 2677 620 266 310 317 282 1134 169 254
leaf_count=8415 188 1690 164 1942 435 280 166 193 232 171 279 200 308 310 170 431 161 255 185 252 214 2677 620 266 310 317 282 1134 169 254
internal_value=0.00120255 0.000466102 0.00660396 0.00555883 0.00944886 0.0121975 0.050079 0.0843789 0.00968508 0.0344562 0.0647466 0.0317996 0.00628212 -0.0284582 -0.00843012 0.022103 -0.00205118 0.00428567 0.00598019 0.0414113 0.0662808 0.00280249 0.0104807 0.0215154 0.0501121 0.00601247 -0.0130338 -0.00508756 -0.0147325 -0.0197221
internal_weight=22670 22482 13305 13141 11028 10283 639 359 9644 1164 711 432 8480 745 9177 762 592 8172 7917 651 466 7266 4589 2647 930 1717 453 1451 2113 1944
internal_count=22670 22482 13305 13141 11028 10283 639 359 9644 1164 711 432 8480 745 9177 762 592 8172 7917 651 466 7266 4589 2647 930 1717 453 1451 2113 1944
is_linear=0
shrinkage=0.0161


Tree=174
num_leaves=31
num_cat=0
split_feature=303 358 535 293 388 421 8 579 594 462 559 131 344 516 489 168 485 129 214 537 540 377 583 459 257 219 523 511 396 490
split_gain=5284.41 4199.93 4664.59 4735.67 4546.79 4979.86 4624.9 4461.16 3512.7 3299.4 3395.43 3047.03 3718.53 2848.2 2808.48 2762.49 3879.78 3263.16 3386.04 3161.21 3435.76 3124.39 2733.29 2424.02 3257.52 2423.79 2704.88 6572.03 4227.3 3051.76
threshold=4.5000000000000009 35.500000000000007 308.50000000000006 61.500000000000007 4.5000000000000009 10.500000000000002 13.500000000000002 139.25000000000003 235.84999847412112 35.500000000000007 170.05000305175784 87.000000000000014 61.500000000000007 127.50000000000001 60.500000000000007 29.500000000000004 160.50000000000003 16.500000000000004 4.5000000000000009 240.50000000000003 218.75000000000003 5.5000000000000009 137.84999847412112 5.5000000000000009 10.500000000000002 4.5000000000000009 113.50000000000001 93.500000000000014 5.5000000000000009 170.50000000000003
decision_type=2 2 2 2 2 2 2 10 10 2 8 2 2 2 2 2 2 2 2 2 10 2 10 2 2 2 2 2 2 2
left_child=9 2 3 8 -3 6 -6 14 11 -1 -11 12 15 -5 -7 17 22 18 -2 20 21 -20 23 -17 -25 -23 -27 -28 -29 -30
right_child=1 4 -4 13 5 7 -8 -9 -10 10 -12 -13 -14 -15 -16 16 -18 -19 19 -21 -22 25 -24 24 -26 26 27 28 29 -31
leaf_value=-0.015347807437863327 -0.010477995027232592 -0.027533240753010446 -0.060434008350851519 0.016460166627121565 0.042937985875596892 0.0031751762783301424 0.14791578220788437 -0.043437636385049071 0.056304466307787807 -0.0076863744200429875 0.085408692940832573 0.067845690970016539 -0.05421116729469478 0.11257284007977379 0.094113128186437425 -0.020490161537511757 0.074916070358638495 -0.016891993463071048 -0.0060402558388039373 -0.04248934518220647 0.075925237007179139 -0.0010745654519735248 -0.052052744577145892 0.0093973045765424791 0.094181728582564003 0.015143751242438849 0.13484264678328617 0.086895739676674133 0.041601693887798386 -0.035225754351914836
leaf_weight=6438 3099 259 304 161 253 169 192 206 301 241 175 173 322 160 185 246 297 2664 2004 283 214 1119 162 315 188 1731 186 223 270 266
leaf_count=6438 3099 259 304 161 253 169 192 206 301 241 175 173 322 160 185 246 297 2664 2004 283 214 1119 162 315 188 1731 186 223 270 266
internal_value=-0.000681748 0.00439717 0.00197203 0.00329259 0.0325593 0.0480692 0.0882847 0.0160703 0.00189517 -0.0125058 0.0314196 0.000703429 -0.00014962 0.0644401 0.0507657 0.00116072 0.0243736 -0.00116265 0.00329497 0.010078 0.012556 0.0102134 0.00787009 0.0208621 0.0411329 0.0188026 0.0271232 0.0490417 0.0279844 0.00343073
internal_weight=22806 15952 14688 14384 1264 1005 445 560 14063 6854 416 13762 13589 321 354 13267 1208 12059 9395 6296 6013 5799 911 749 503 3795 2676 945 759 536
internal_count=22806 15952 14688 14384 1264 1005 445 560 14063 6854 416 13762 13589 321 354 13267 1208 12059 9395 6296 6013 5799 911 749 503 3795 2676 945 759 536
is_linear=0
shrinkage=0.0161


Tree=175
num_leaves=31
num_cat=0
split_feature=32 163 347 76 563 96 502 397 496 87 591 524 394 478 200 359 3 357 525 152 159 420 42 474 275 119 16 520 594 572
split_gain=4939.47 3675.39 2788.41 3403.86 3443.22 5755.52 7931.14 9748.5 2934.36 3402.2 2860.38 3685.32 3924.61 4467.81 3573.28 3190.44 3102.94 2648.94 2849.09 3076.78 2585.69 3147.77 2683.26 4228.31 4715.52 2508.85 2477.38 2828.46 2454.55 2587.02
threshold=2.5000000000000004 5.5000000000000009 73.500000000000014 10.500000000000002 213.05000305175784 8.0000000000000018 82.500000000000014 10.500000000000002 161.50000000000003 6.5000000000000009 152.44999694824222 91.500000000000014 5.5000000000000009 5.5000000000000009 5.5000000000000009 20.000000000000004 6.5000000000000009 8.0000000000000018 187.50000000000003 35.500000000000007 5.5000000000000009 29.500000000000004 13.500000000000002 5.5000000000000009 8.0000000000000018 24.500000000000004 24.500000000000004 171.50000000000003 114.45000076293947 86.750000000000014
decision_type=2 2 2 2 8 2 2 2 2 2 10 2 2 2 2 2 2 2 2 2 2 2 2 2 2 2 2 2 8 8
left_child=-1 26 3 4 10 6 -6 -8 9 -7 11 15 -13 -14 -15 -3 -17 18 19 25 28 22 -22 -24 -25 -5 -2 -28 29 -19
right_child=1 2 -4 17 5 8 7 -9 -10 -11 -12 12 13 14 -16 16 -18 20 -20 -21 21 -23 23 24 -26 -27 27 -29 -30 -31
leaf_value=-0.021268701966580379 -0.009718820677949172 -0.003883856588685685 0.06281777581379247 -0.018847146883079004 0.0063084517424985944 0.07921919845512719 0.052866671490485587 0.20498909356791015 -0.031833262707052855 -0.0056799879631709077 -0.015567748893339148 -0.0076684257072958404 0.12356401518307741 0.09408065407326402 0.0027858247458121986 0.099369394780787448 0.0089868521327847936 -0.021061957551973837 -0.051221657071608168 0.053031699300815485 0.0058421525706184863 -0.02353007213464162 0.1045371528013225 0.073221511420336199 -0.012564143004458288 0.035483828927194511 0.0039515104653700837 0.079483160915677323 -0.036533309854695953 0.065346633621798822
leaf_weight=2725 7089 2148 230 1897 352 208 307 170 341 296 1088 306 210 171 319 164 248 201 447 203 834 396 236 297 376 249 550 168 547 162
leaf_count=2725 7089 2148 230 1897 352 208 307 170 341 296 1088 306 210 171 319 164 248 201 447 203 834 396 236 297 376 249 550 168 547 162
internal_value=-0.000920255 0.00182225 0.00727036 0.0062189 0.0144017 0.0342076 0.0643497 0.107132 0.0046084 0.0293111 0.00727267 0.014248 0.0403598 0.0613886 0.0346939 0.00397765 0.0450215 -0.00263607 -0.0139573 -0.00685613 0.00773806 0.0174137 0.0267294 0.0458674 0.0252587 -0.0125322 -0.00683017 0.0216574 -0.0149791 0.0174357
internal_weight=22935 20210 12403 12173 6328 1674 829 477 845 504 4654 3566 1006 700 490 2560 412 5845 2796 2349 3049 2139 1743 909 673 2146 7807 718 910 363
internal_count=22935 20210 12403 12173 6328 1674 829 477 845 504 4654 3566 1006 700 490 2560 412 5845 2796 2349 3049 2139 1743 909 673 2146 7807 718 910 363
is_linear=0
shrinkage=0.0161


Tree=176
num_leaves=31
num_cat=0
split_feature=418 505 530 540 521 233 432 10 226 299 31 13 3 12 118 358 517 525 35 394 175 352 129 282 586 528 335 181 184 391
split_gain=4595.46 4594.93 4458.09 5943.71 7065.75 5584.34 6196.33 4426.41 4204.21 3028.79 3077.79 4551.15 3612.14 4495.42 2890.79 3334.14 2927.28 3000.7 2766.87 5058.81 2624.6 2563.29 2561.38 3449.52 2371.43 3380.84 2173.51 3691.53 2122.86 2202.73
threshold=4.5000000000000009 269.50000000000006 290.50000000000006 231.15000152587893 159.50000000000003 43.500000000000007 13.500000000000002 87.000000000000014 10.500000000000002 61.500000000000007 10.500000000000002 61.500000000000007 16.500000000000004 1.0000000180025095e-35 16.500000000000004 3.5000000000000004 14.500000000000002 184.50000000000003 10.500000000000002 16.500000000000004 24.500000000000004 24.500000000000004 24.500000000000004 24.500000000000004 204.25000000000003 205.50000000000003 8.0000000000000018 5.5000000000000009 43.500000000000007 20.000000000000004
decision_type=2 2 2 10 2 2 2 2 2 2 2 2 2 2 2 2 2 2 2 2 2 2 2 2 10 2 2 2 2 2
left_child=1 24 3 5 -5 7 21 9 -6 10 28 12 13 -12 15 -15 -16 18 -18 -20 -17 -7 23 26 25 -1 -14 -28 29 -2
right_child=2 -3 -4 4 8 6 -8 -9 -10 -11 11 -13 22 14 16 20 17 -19 19 -21 -22 -23 -24 -25 -26 -27 27 -29 -30 -31
leaf_value=-0.014956004282173927 -0.0070166767940467835 0.070776252645224524 -0.04271949393204541 0.14227305264867163 0.076642941133741746 -0.02292450385914406 0.11311304550432821 0.074237518977915404 -0.028718626083242469 -0.046967005070815644 0.090921706753871193 0.085036416191056605 -0.0292593892471084 0.065057985159151302 -0.021069115718662212 -0.0099099897906121982 0.026058041192782523 -0.019930189822794389 0.13060468173463205 0.025626808982942818 0.044933775750430262 0.059847215160856969 -0.051057065891331507 0.049148135512940221 -0.065174784594114896 0.048910551796136292 0.068539882316361739 -0.01200646946217248 -0.053111806674391429 0.021170581370381945
leaf_weight=5770 6610 168 517 173 179 239 247 213 217 343 199 201 839 199 233 1997 507 175 248 230 255 163 324 289 231 223 196 595 235 806
leaf_count=5770 6610 168 517 173 179 239 247 213 217 343 199 201 839 199 233 1997 507 175 248 230 255 163 324 289 231 223 196 595 235 806
internal_value=-0.000702164 -0.0122858 0.00380321 0.00531627 0.0564154 0.0034197 0.049638 0.00137675 0.0188475 0.000303416 0.0014519 0.00961131 0.00719578 0.0162883 0.0124185 0.00188266 0.0309395 0.0414063 0.0523275 0.0801416 -0.00368943 0.0105786 -0.00918294 -0.00210074 -0.0145316 -0.0125756 -0.0112016 0.00792216 -0.00546308 -0.00395
internal_weight=22821 6392 16429 15912 569 15343 649 14694 396 14481 14138 6487 6286 4043 3844 2451 1393 1160 985 478 2252 402 2243 1919 6224 5993 1630 791 7651 7416
internal_count=22821 6392 16429 15912 569 15343 649 14694 396 14481 14138 6487 6286 4043 3844 2451 1393 1160 985 478 2252 402 2243 1919 6224 5993 1630 791 7651 7416
is_linear=0
shrinkage=0.0161


Tree=177
num_leaves=31
num_cat=0
split_feature=118 565 540 591 599 403 344 419 560 296 511 547 504 347 313 504 507 494 63 297 214 413 31 559 588 157 14 201 97 443
split_gain=4906.01 3525.91 5414.63 4628.68 3469.09 2791.28 3137.25 2825.69 3177 4728.09 3838.11 4428.76 2790.06 2918.53 2708.66 3752.56 4030.24 5510.28 2675 2773.81 2715.06 3078.62 6532.38 2622.49 2538.2 2326.95 2209.75 3982.15 2396.56 2446.09
threshold=5.5000000000000009 224.44999694824222 247.34999847412112 156.94999694824222 189.94999694824222 3.5000000000000004 52.000000000000007 6.5000000000000009 224.44999694824222 10.500000000000002 166.50000000000003 213.05000305175784 278.50000000000006 52.000000000000007 24.500000000000004 222.50000000000003 102.50000000000001 109.50000000000001 16.500000000000004 35.500000000000007 2.5000000000000004 3.5000000000000004 8.0000000000000018 213.05000305175784 224.44999694824222 2.5000000000000004 16.500000000000004 6.5000000000000009 6.5000000000000009 8.0000000000000018
decision_type=2 8 10 8 10 2 2 2 8 2 2 8 2 2 2 2 2 2 2 2 2 2 2 10 10 2 2 2 2 2
left_child=12 5 3 -3 14 -2 7 -7 10 -10 11 18 13 24 15 16 17 -5 20 -20 -9 22 -22 -6 -1 -23 28 -28 29 -27
right_child=1 2 -4 4 23 6 -8 8 9 -11 -12 -13 -14 -15 -16 -17 -18 -19 19 -21 21 25 -24 -25 -26 26 27 -29 -30 -31
leaf_value=-0.011437256932439462 -0.016257546980117613 0.082554025078026255 0.098223473805252329 0.017520946814006146 0.012620845639329447 -0.0043803404191883168 -0.038651658506230299 -0.030167109807261998 -0.0024705674390943845 0.11365423149594044 -0.017237007364706222 0.095899933555868441 0.047253283004520912 0.050393166542561409 -0.025569864481569365 0.074828852331540824 -0.017744630121146084 0.11352858276096514 -0.014674462681767709 0.05208213757238634 9.7283909735948164e-05 -0.033496895678577943 0.1292868424420808 -0.073049714545736902 -0.075304890637774013 0.077682282658470242 0.10523502953589037 0.017734603525043163 -0.001435011609909459 0.0044249219087986562
leaf_weight=7485 1892 243 216 1122 162 3416 405 226 168 197 1007 180 217 194 351 307 671 180 1100 189 192 190 216 215 165 253 223 343 877 223
leaf_count=7485 1892 243 216 1122 162 3416 405 226 168 197 1007 180 217 194 351 307 671 180 1100 189 192 190 216 215 165 253 223 343 877 223
internal_value=0.000426874 0.00594326 0.0201463 0.0149515 0.00948249 0.00158232 0.00517366 0.00714842 0.0142053 0.0601405 0.0109883 0.0177419 -0.00967366 -0.0112515 0.0160336 0.0224487 0.0142864 0.030812 0.0142469 -0.004868 0.023238 0.0280425 0.0685494 -0.0361739 -0.0128179 0.0201951 0.0255234 0.0522507 0.0143251 0.0434116
internal_weight=22825 14764 3467 3251 3008 11297 9405 9000 5584 365 5219 4212 8061 7844 2631 2280 1973 1302 4032 1289 2743 2517 408 377 7650 2109 1919 566 1353 476
internal_count=22825 14764 3467 3251 3008 11297 9405 9000 5584 365 5219 4212 8061 7844 2631 2280 1973 1302 4032 1289 2743 2517 408 377 7650 2109 1919 566 1353 476
is_linear=0
shrinkage=0.0161


Tree=178
num_leaves=31
num_cat=0
split_feature=214 298 279 13 521 438 541 335 335 492 534 117 484 448 32 350 571 509 52 571 530 330 553 525 3 409 160 492 551 154
split_gain=4708.01 4062.2 3989.25 3918.01 4909.35 3145.8 3886.26 5815.45 7741.91 4527.05 3579.33 3037.47 3540.59 5079.43 3046.2 5148.36 2943.86 2735.4 2903.58 2669.96 2499.5 2276.18 4383.97 2257.18 2206.75 2102.82 2039.59 1972.73 1948.61 1905.59
threshold=2.5000000000000004 5.5000000000000009 52.000000000000007 52.000000000000007 94.500000000000014 5.5000000000000009 192.55000305175784 20.000000000000004 5.5000000000000009 164.50000000000003 154.50000000000003 8.0000000000000018 141.50000000000003 8.0000000000000018 20.000000000000004 16.500000000000004 130.34999847412112 231.50000000000003 5.5000000000000009 198.94999694824222 44.500000000000007 24.500000000000004 187.55000305175784 190.50000000000003 13.500000000000002 13.500000000000002 8.0000000000000018 148.50000000000003 183.15000152587893 24.500000000000004
decision_type=2 2 2 2 2 2 10 2 2 2 2 2 2 2 2 2 8 2 2 8 2 2 8 2 2 2 2 2 8 2
left_child=-1 21 3 5 -5 10 9 8 -8 11 24 -7 14 -14 -13 16 20 18 -11 -10 -16 -2 -23 28 29 -26 -12 -4 -20 -3
right_child=1 2 27 4 -6 6 7 -9 19 17 26 12 13 -15 15 -17 -18 -19 23 -21 -22 22 -24 -25 25 -27 -28 -29 -30 -31
leaf_value=-0.02169925489052724 -0.010336817476023131 0.0082898402732627698 -0.011722720531053459 0.11469830156988886 0.011841229565838766 0.00051328295395409377 0.088709338555496439 0.1043125992284195 0.025046585568794768 0.034609719365066634 -0.0094635696489230921 0.0072419995874801199 0.12731908073282816 0.01837334695862081 0.00016768094380777097 0.10667257978345882 -0.038511015561242097 -0.071899397187163441 -0.045316464802944073 -0.044919098692040936 0.083767396830885577 -0.0085354481786364608 0.084836633368210235 -0.06058485714408901 -0.03070453959690542 0.018950487412158629 -0.059512610688852614 -0.078675117361025296 0.02255165678066182 0.061131205126926623
leaf_weight=2508 6870 1681 288 201 301 2333 282 279 251 291 430 1992 199 252 184 241 169 213 177 323 188 388 196 289 717 319 417 190 288 198
leaf_count=2508 6870 1681 288 201 301 2333 282 279 251 291 430 1992 199 252 184 241 169 213 177 323 188 388 196 289 717 319 417 190 288 198
internal_value=-0.00089663 0.00169182 0.00723283 0.00901988 0.0530719 0.00712987 0.01287 0.0404587 0.019619 0.00827242 -0.00499556 0.0145172 0.0246405 0.0664969 0.017827 0.0447601 0.0171363 -0.0192991 -0.00855521 -0.0142833 0.0424803 -0.0077405 0.0227615 -0.0252456 0.00346236 -0.0153923 -0.0341318 -0.0383848 -0.0032314 0.0138705
internal_weight=22655 20147 12693 12215 502 11713 7951 1135 856 6816 3762 5558 3225 451 2774 782 541 1258 1045 574 372 7454 584 754 2915 1036 847 478 465 1879
internal_count=22655 20147 12693 12215 502 11713 7951 1135 856 6816 3762 5558 3225 451 2774 782 541 1258 1045 574 372 7454 584 754 2915 1036 847 478 465 1879
is_linear=0
shrinkage=0.0161


Tree=179
num_leaves=31
num_cat=0
split_feature=416 458 480 566 503 566 63 433 113 92 493 536 299 327 227 510 118 533 155 536 288 597 275 257 509 499 253 471 55 528
split_gain=4658.73 3778.21 3690.23 3536.02 3167.79 3211.31 3128.43 3713.34 4474.21 3641.74 3326.27 5325.45 7584.64 4165.68 3197.92 2737.74 3676.74 3620.63 2722.11 2691.35 2667.94 2782.19 2610.68 2677.25 2447.33 2418.07 2297.48 4738.54 3331.8 3296.7
threshold=10.500000000000002 5.5000000000000009 286.50000000000006 247.34999847412112 280.50000000000006 183.15000152587893 10.500000000000002 5.5000000000000009 43.500000000000007 6.5000000000000009 56.500000000000007 117.50000000000001 6.5000000000000009 13.500000000000002 43.500000000000007 184.50000000000003 43.500000000000007 200.50000000000003 2.5000000000000004 226.50000000000003 4.5000000000000009 193.75000000000003 24.500000000000004 6.5000000000000009 106.50000000000001 228.50000000000003 4.5000000000000009 10.500000000000002 8.0000000000000018 152.50000000000003
decision_type=2 2 2 10 2 10 2 2 2 2 2 2 2 2 2 2 2 2 2 2 2 10 2 2 2 2 2 2 2 2
left_child=1 19 6 4 5 18 7 -2 9 -9 -11 12 -12 -13 15 16 17 24 -3 22 -20 26 25 -24 -8 -1 27 -22 -29 -28
right_child=2 3 -4 -5 -6 -7 14 8 -10 10 11 13 -14 -15 -16 -17 -18 -19 20 -21 21 -23 23 -25 -26 -27 29 28 -30 -31
leaf_value=-0.018870410912315887 -0.0041870469841182425 -0.024083509107055291 0.065228520497222983 0.063418026899878896 0.067703527219633908 -0.033030644423152546 -0.0010606828762868071 -0.00019939763473885553 0.1026076009157826 0.0037109635110050697 0.008658441978639967 -0.0082607926211858227 0.14606832977003253 0.079104760930735485 0.061455167492871304 -0.036635759540981562 0.058804414753280479 0.065017692959860485 -0.010876249236727765 -0.067178825590495608 0.0049216660587212378 0.070695194507452 -0.016332351132175588 0.076001330346525273 -0.036785921715064125 0.044014034259993146 0.0088450813455375442 0.11574653569151022 0.021678378742166552 -0.035796519817830462
leaf_weight=4557 1412 969 298 229 172 788 2108 1096 193 499 164 392 287 221 192 627 255 180 1972 256 768 197 160 165 651 164 2778 218 178 507
leaf_count=4557 1412 969 298 229 172 788 2108 1096 193 499 164 392 287 221 192 627 255 180 1972 256 768 197 160 165 651 164 2778 218 178 507
internal_value=0.000199381 -0.00549783 0.00955552 0.000982551 -0.000687531 -0.00209491 0.00754826 0.0171514 0.0277241 0.0222799 0.0380578 0.0541438 0.0961533 0.023198 -0.00264962 -0.00587696 0.000153794 -0.00492697 0.00111503 -0.0162288 0.00480813 0.0114704 -0.0136392 0.0304723 -0.00949876 -0.0166809 0.00884271 0.0282804 0.0735228 0.00194803
internal_weight=22653 14078 8575 8776 8547 8375 8277 4264 2852 2659 1563 1064 451 613 4013 3821 3194 2939 7587 5302 6618 4646 5046 325 2759 4721 4449 1164 396 3285
internal_count=22653 14078 8575 8776 8547 8375 8277 4264 2852 2659 1563 1064 451 613 4013 3821 3194 2939 7587 5302 6618 4646 5046 325 2759 4721 4449 1164 396 3285
is_linear=0
shrinkage=0.0161


Tree=180
num_leaves=31
num_cat=0
split_feature=497 479 591 540 373 236 173 510 596 276 391 274 528 272 178 510 307 549 387 548 239 100 88 178 299 119 545 4 202 568
split_gain=4845.55 3846.97 3881.15 4321.34 7781.36 3819.87 5126.4 4600.15 5476.97 3795.95 3618.89 3069.11 2771.46 3795.23 7477.16 4113.66 2837.4 2807.86 3432.15 2632 2615.83 2867.51 3652.38 2442.67 2119.71 2674.52 1995.23 2056.81 1916.37 2711.11
threshold=344.50000000000006 5.5000000000000009 255.05000305175784 218.75000000000003 13.500000000000002 13.500000000000002 61.500000000000007 188.50000000000003 187.55000305175784 8.0000000000000018 24.500000000000004 16.500000000000004 143.50000000000003 8.0000000000000018 35.500000000000007 57.500000000000007 24.500000000000004 85.149997711181655 3.5000000000000004 100.45000076293947 13.500000000000002 10.500000000000002 16.500000000000004 10.500000000000002 35.500000000000007 35.500000000000007 124.95000076293947 8.0000000000000018 13.500000000000002 133.05000305175784
decision_type=2 2 10 10 2 2 2 2 10 2 2 2 2 2 2 2 2 10 2 8 2 2 2 2 2 2 8 2 2 10
left_child=1 -1 3 5 9 12 7 8 10 -5 20 -12 13 24 16 -16 17 -15 -19 -20 -7 22 -22 -9 25 -3 -21 -28 -14 -30
right_child=-2 2 -4 4 -6 6 -8 23 -10 -11 11 -13 28 14 15 -17 -18 18 19 26 21 -23 -24 -25 -26 -27 27 -29 29 -31
leaf_value=-0.0093866687078664746 0.087161487050473344 -0.0078626855424745942 -0.052903864313214019 0.051723229494979789 0.10511966091084882 -0.0066439163974632278 0.10443675651705285 0.0096393147227602401 0.10799963549153495 -0.042635476777838299 0.021913711464874964 0.094293480953201114 -0.028290936554031518 -0.0015610088650933605 0.032322295482644391 0.14625007153862293 -0.029215898606434747 0.098291042159763614 0.063086952832593565 -0.027204587758107031 0.019636435639648436 -0.0032009981300699288 0.10818484290956461 -0.060615300647791026 -0.057143279911751048 0.054211388479146867 0.067042243754857067 -0.0044916896456870855 0.0518156792707474 -0.017351271415552497
leaf_weight=7995 165 3719 299 202 310 1538 166 220 174 244 408 243 1475 1349 168 162 460 175 277 298 322 432 194 306 212 189 187 234 214 468
leaf_count=7995 165 3719 299 202 310 1538 166 220 174 244 408 243 1475 1349 168 162 460 175 277 298 322 432 194 306 212 189 187 234 214 468
internal_value=0.000229004 -0.00040352 0.00449896 0.00569699 0.0431642 0.00361099 0.0168212 0.0130245 0.0200552 4.8205e-05 0.0151697 0.0489672 -0.0019024 0.00275897 0.0155989 0.0883218 0.00753782 0.0142562 0.0324978 0.0209141 0.00630977 0.0273502 0.0529735 -0.0311865 -0.00755091 -0.00485462 0.00463394 0.0272264 -0.0179699 0.00431763
internal_weight=22805 22640 14645 14346 756 13590 4003 3837 3311 446 3137 651 9587 7430 3310 330 2980 2520 1171 996 2486 948 516 526 4120 3908 719 421 2157 682
internal_count=22805 22640 14645 14346 756 13590 4003 3837 3311 446 3137 651 9587 7430 3310 330 2980 2520 1171 996 2486 948 516 526 4120 3908 719 421 2157 682
is_linear=0
shrinkage=0.0161


Tree=181
num_leaves=31
num_cat=0
split_feature=56 210 498 535 533 507 521 119 510 592 540 457 413 299 419 382 181 439 176 539 590 50 563 379 480 470 537 575 106 53
split_gain=4427.38 6504.71 4898.26 4249.25 3823.15 3497.3 4637.69 3264.06 4645.5 3037.35 3620.26 6589.23 5609.67 4157.56 3802.73 4672.02 4084.12 4038.45 2380.1 4410.92 2828.93 3322.65 2765.84 4489.53 2343.17 3483.28 2269.6 2182.15 2102.53 2630.45
threshold=29.500000000000004 16.500000000000004 183.50000000000003 107.50000000000001 82.500000000000014 113.50000000000001 66.500000000000014 4.5000000000000009 317.50000000000006 255.05000305175784 207.44999694824222 20.000000000000004 16.500000000000004 43.500000000000007 29.500000000000004 8.0000000000000018 6.5000000000000009 10.500000000000002 29.500000000000004 129.50000000000003 143.15000152587893 61.500000000000007 140.05000305175784 5.5000000000000009 194.50000000000003 13.500000000000002 76.500000000000014 220.15000152587893 5.5000000000000009 6.5000000000000009
decision_type=2 2 2 2 2 2 2 2 2 10 10 2 2 2 2 2 2 2 2 2 10 2 10 2 2 2 2 10 2 2
left_child=7 3 5 4 -2 6 -3 27 9 10 13 12 -12 14 18 26 -17 -18 20 -20 21 22 -9 -24 -22 -26 -16 -1 -15 -30
right_child=1 2 -4 -5 -6 -7 -8 8 -10 -11 11 -13 -14 28 15 16 17 -19 19 -21 24 -23 23 -25 25 -27 -28 -29 29 -31
leaf_value=-0.010855842076934668 0.0085986005282638559 0.021821314369047676 0.13669726068893831 -0.02800426919945773 0.096440454729284739 -0.025573351266162028 0.12184024452889171 -0.003192744990231991 0.072223924111630922 -0.059986517138035239 -0.021268971777975838 0.10987507945282436 0.082605493638402042 -0.07993342386362802 0.025508222173033869 0.010874341813299031 0.036922694147002465 0.1464781783684031 0.0021362900682752274 0.0965043658652424 -0.029430166581022633 0.069776727984253481 0.096920339844897091 0.00150597088675279 0.05014018626537535 -0.039366269088281496 -0.03948717203182639 -0.065258622070461444 -0.069843782374156532 0.0064935943278035431
leaf_weight=5668 655 329 160 710 160 170 190 7889 237 213 482 217 187 219 301 256 164 188 456 179 1604 177 192 384 263 197 259 198 180 333
leaf_count=5668 655 329 160 710 160 170 190 7889 237 213 482 217 187 219 301 256 164 188 456 179 1604 177 192 384 263 197 259 198 180 333
internal_value=-0.000136563 0.0206738 0.0563916 0.000773459 0.0258725 0.0377088 0.0584825 -0.00255437 0.00152522 0.000355124 0.00126659 0.0327748 0.00773101 -0.000839951 0.0013406 0.0290025 0.0599081 0.0955021 -0.0015062 0.0287748 -0.00330444 0.000737497 -0.000703307 0.0333516 -0.0202395 0.0117569 -0.00451012 -0.0126962 -0.0381352 -0.0202456
internal_weight=22817 2374 849 1525 815 689 519 20443 14577 14340 14127 886 669 13241 12509 1168 608 352 11341 635 10706 8642 8465 576 2064 460 560 5866 732 513
internal_count=22817 2374 849 1525 815 689 519 20443 14577 14340 14127 886 669 13241 12509 1168 608 352 11341 635 10706 8642 8465 576 2064 460 560 5866 732 513
is_linear=0
shrinkage=0.0161


Tree=182
num_leaves=31
num_cat=0
split_feature=236 31 414 552 289 561 471 33 534 540 438 178 212 295 160 505 552 189 534 479 565 480 280 340 179 282 399 86 227 210
split_gain=5206.36 4217.56 3558 4418.63 6743.39 5610.34 3510.31 3448.7 3258.67 4469.24 2708.41 2708.33 4881.06 3074.88 2694.69 3792.47 3348.42 2677.06 3274.42 2675.21 2464.76 2599.42 2355.81 2680.69 3718.2 3446.31 3351.99 2279.04 3363.1 3888.7
threshold=16.500000000000004 3.5000000000000004 13.500000000000002 136.55000305175784 4.5000000000000009 140.84999847412112 8.0000000000000018 6.5000000000000009 308.50000000000006 247.34999847412112 5.5000000000000009 35.500000000000007 24.500000000000004 8.0000000000000018 16.500000000000004 159.50000000000003 205.94999694824222 13.500000000000002 240.50000000000003 20.000000000000004 189.94999694824222 13.500000000000002 2.5000000000000004 8.0000000000000018 29.500000000000004 8.0000000000000018 4.5000000000000009 13.500000000000002 16.500000000000004 8.0000000000000018
decision_type=2 2 2 8 2 8 2 2 2 10 2 2 2 2 2 2 10 2 2 2 10 2 2 2 2 2 2 2 2 2
left_child=7 10 14 -4 -5 -6 -7 -1 9 11 -2 17 13 -13 16 -16 19 18 20 -3 21 -9 -23 24 25 -24 -27 28 -19 -30
right_child=1 2 3 4 5 6 -8 8 -10 -11 -12 12 -14 -15 15 -17 -18 27 -20 -21 -22 22 23 -25 -26 26 -28 -29 29 -31
leaf_value=-0.011371588157768821 0.02378741147831847 -0.001538430829771638 0.0090066824033624478 0.14444093759899385 0.12417000765403777 0.066785049283218587 -0.0048528741100899581 -0.01439204967553988 -0.065426860768579551 0.083792593451415875 -0.055547991718293874 0.040689540496930125 0.10135426110401873 -0.041060448938489987 0.0024021317045848042 -0.089689448565185639 0.083937880425812197 -0.015234839390330112 0.061988910674156281 0.051356374430578944 -0.035071217133548403 -0.021304929402793264 0.0056454536709210894 0.0019101385857029859 0.094693398539297452 0.099781751395443014 0.024722997298414876 -0.034704131727980064 -0.0099588445110090958 0.099071479800180454
leaf_weight=7897 168 1187 861 192 167 278 488 1286 178 179 330 283 196 206 419 160 175 1162 256 313 407 507 1296 1991 196 234 456 893 176 163
leaf_count=7897 168 1187 861 192 167 278 488 1286 178 179 330 283 196 206 419 160 175 1162 256 313 407 507 1296 1991 196 234 456 893 176 163
internal_value=0.000552357 0.015566 0.020775 0.0364899 0.0575028 0.0395867 0.0211155 -0.00340661 0.00284037 0.00407179 -0.028737 0.00259944 0.033463 0.00620276 0.00691825 -0.0230057 0.0172762 0.000253767 0.00552641 0.00948326 0.00325465 0.00587318 0.0114468 0.0154316 0.0277588 0.0211411 0.0502118 -0.0143364 -0.00220319 0.0423963
internal_weight=22700 4738 4240 1986 1125 933 766 17962 10065 9887 498 9708 685 489 2254 579 1675 9023 6629 1500 6373 5966 4680 4173 2182 1986 690 2394 1501 339
internal_count=22700 4738 4240 1986 1125 933 766 17962 10065 9887 498 9708 685 489 2254 579 1675 9023 6629 1500 6373 5966 4680 4173 2182 1986 690 2394 1501 339
is_linear=0
shrinkage=0.0161


Tree=183
num_leaves=31
num_cat=0
split_feature=28 288 457 414 433 231 99 544 559 562 495 574 439 439 71 375 388 480 471 374 585 187 418 19 200 534 461 592 168 592
split_gain=4676.14 3842.34 3887.42 3482.96 10495.4 3367.76 2945.34 4116.21 5271.13 3392.42 4788.95 4063.03 6503.22 9197.83 8450.41 4198.6 3125.27 5670.7 5742.43 3458.09 2732.22 2574.99 2454.67 3859.9 2437.54 2425.91 2381.08 2621.38 2974.68 3007.5
threshold=3.5000000000000004 2.5000000000000004 4.5000000000000009 35.500000000000007 24.500000000000004 24.500000000000004 43.500000000000007 240.75000000000003 196.25000000000003 182.25000000000003 73.500000000000014 99.350002288818374 8.0000000000000018 20.000000000000004 10.500000000000002 5.5000000000000009 6.5000000000000009 141.50000000000003 10.500000000000002 10.500000000000002 145.55000305175784 29.500000000000004 29.500000000000004 13.500000000000002 6.5000000000000009 96.500000000000014 4.5000000000000009 160.44999694824222 13.500000000000002 203.05000305175784
decision_type=2 2 2 2 2 2 2 10 10 10 2 10 2 2 2 2 2 2 2 2 8 2 2 2 2 2 2 8 2 10
left_child=-1 25 -3 6 5 -5 7 9 -9 10 22 12 15 14 -14 -12 17 19 -19 24 -8 -18 -4 -24 -13 -2 -11 -28 29 -29
right_child=1 2 3 4 -6 -7 20 8 -10 26 11 16 13 -15 -16 -17 21 18 -20 -21 -22 -23 23 -25 -26 -27 27 28 -30 -31
leaf_value=-0.013288682493481498 -0.0054872656266297393 -0.0062066566646159253 -0.001041096889785896 -0.0013169388994587958 0.13389922510595983 0.076871802298972267 0.0091238558806956954 -0.00054381710876266623 0.12144698020728162 -0.060432942932797828 0.065206622194769623 -0.0053062350903421854 0.21754390150191252 0.018355086557091952 0.06015413500422568 -0.018205250297926301 0.0088588568925749584 0.14769112480709884 0.02247609568900729 -0.041649684879489612 -0.052209045493711324 -0.055098401551379787 -0.0040401015234506517 0.091547405398773735 0.079244108280256853 -0.047382081157941507 0.047443979852300297 -0.02565999404474659 -0.051230187760710595 0.048360174724294699
leaf_weight=4412 1257 4026 4474 736 238 177 376 172 196 236 255 170 182 288 173 404 1575 195 186 231 376 182 244 198 183 502 208 320 371 256
leaf_count=4412 1257 4026 4474 736 238 177 376 172 196 236 255 170 182 288 173 404 1575 195 186 231 376 182 244 198 183 502 208 320 371 256
internal_value=0.00159485 0.00516746 0.00756221 0.0119629 0.0386664 0.0138154 0.00927669 0.0114429 0.0643656 0.00955545 0.013196 0.0262209 0.0496204 0.0860544 0.14091 0.0140353 0.0150197 0.0382993 0.0866243 0.00673195 -0.0215113 0.00222041 0.00252963 0.0387264 0.0384591 -0.017457 -0.0138255 -0.00428183 -0.0156678 0.007197
internal_weight=22799 18387 16628 12602 1151 913 11451 10699 368 10331 8940 4024 1302 643 355 659 2722 965 381 584 752 1757 4916 442 353 1759 1391 1155 947 576
internal_count=22799 18387 16628 12602 1151 913 11451 10699 368 10331 8940 4024 1302 643 355 659 2722 965 381 584 752 1757 4916 442 353 1759 1391 1155 947 576
is_linear=0
shrinkage=0.0161


Tree=184
num_leaves=31
num_cat=0
split_feature=299 544 505 484 481 583 337 153 179 492 479 119 554 492 7 279 146 484 547 51 421 170 578 481 582 554 583 7 509 330
split_gain=4198.57 3399.16 7720.32 4984.49 3675.69 10129.8 3658.09 3287.86 4427.6 3418.15 4336.63 4278.26 4034.17 3638.9 3317.6 3296.28 3259.92 3647.01 5509.59 3820.77 3257.88 5797.45 3080.07 2937.82 5595.64 2832.76 2801.78 2608.18 2464.53 2390.08
threshold=3.5000000000000004 240.75000000000003 265.50000000000006 255.50000000000003 235.50000000000003 136.55000305175784 10.500000000000002 6.5000000000000009 29.500000000000004 164.50000000000003 10.500000000000002 61.500000000000007 233.25000000000003 139.50000000000003 24.500000000000004 4.5000000000000009 24.500000000000004 34.500000000000007 101.54999923706056 16.500000000000004 24.500000000000004 10.500000000000002 177.15000152587893 136.50000000000003 130.34999847412112 157.84999847412112 207.44999694824222 8.0000000000000018 101.50000000000001 10.500000000000002
decision_type=2 10 2 2 2 10 2 2 2 2 2 2 10 2 2 2 2 2 8 2 2 2 10 2 10 8 10 2 2 2
left_child=-1 3 6 4 7 -6 -3 8 20 10 23 13 25 14 15 -12 17 -17 -19 27 -2 29 -5 28 -25 -11 -7 -20 -9 -22
right_child=1 2 -4 22 5 26 -8 9 -10 12 11 -13 -14 -15 -16 16 -18 18 19 -21 21 -23 -24 24 -26 -27 -28 -29 -30 -31
leaf_value=-0.013080466469099881 -0.0055183996004241499 0.050538513136454237 0.13578624667101319 8.4772486094951625e-05 0.15150858462834652 -0.028352208559477583 -0.043856504541684903 0.0015627647100171045 -0.051606042694880984 0.039355106091972486 -0.0039127737314416135 0.096466204274531661 0.043215070923720199 0.075878101512107984 -0.012159913516920516 0.01522741565885955 -0.013277587572343761 0.11967871067266989 0.054859298705413589 0.092148989173470433 0.027430654859680784 0.089065615834341333 -0.077104975093037736 0.093533545225600173 -0.0099340161254673053 -0.030899494811097595 0.04853339428931161 -0.022449808768484156 -0.03698899562720346 -0.041339113361968625
leaf_weight=4491 6177 226 165 230 164 278 201 2251 490 169 709 211 294 298 772 639 288 320 203 231 306 274 319 239 312 1228 220 255 531 229
leaf_count=4491 6177 226 165 230 164 278 201 2251 490 169 709 211 294 298 772 639 288 320 203 231 306 274 319 239 312 1228 220 255 531 229
internal_value=0.000862076 0.00429833 0.0422488 0.00302316 0.00455855 0.0417566 0.0060492 0.00305796 -0.00482116 0.00964208 0.0144457 0.0259118 -0.0109647 0.0218982 0.0171837 0.0257571 0.0366349 0.0453718 0.0644389 0.0387491 -0.00153629 0.0288394 -0.044724 0.000932552 0.034903 -0.0223837 0.00556606 0.0117646 -0.00578714 -0.00196138
internal_weight=22720 18229 592 17637 17088 662 427 16426 7476 8950 7259 3926 1691 3715 3417 2645 1936 1648 1009 689 6986 809 549 3333 551 1397 498 458 2782 535
internal_count=22720 18229 592 17637 17088 662 427 16426 7476 8950 7259 3926 1691 3715 3417 2645 1936 1648 1009 689 6986 809 549 3333 551 1397 498 458 2782 535
is_linear=0
shrinkage=0.0161


Tree=185
num_leaves=31
num_cat=0
split_feature=291 479 355 115 595 543 305 174 533 486 560 387 482 202 313 510 341 77 58 422 229 560 553 98 571 475 597 480 355 375
split_gain=4661.6 4330.51 7851.84 5144.86 5158.9 4940.47 3346.76 3129.46 3097.85 2808.05 2707.2 5962.87 8334.34 5166.39 3256.2 3802.35 5262.14 6343.51 2727.91 2418.81 2315.43 2663.11 2748.73 8142.99 2427.1 2132.9 2507.67 2949.82 4583.71 2723.51
threshold=3.5000000000000004 29.500000000000004 35.500000000000007 3.5000000000000004 101.04999923706056 90.549999237060561 10.500000000000002 13.500000000000002 317.50000000000006 10.500000000000002 238.25000000000003 16.500000000000004 157.50000000000003 5.5000000000000009 20.000000000000004 207.50000000000003 10.500000000000002 6.5000000000000009 61.500000000000007 6.5000000000000009 73.500000000000014 220.15000152587893 215.15000152587893 13.500000000000002 235.84999847412112 61.500000000000007 155.05000305175784 137.50000000000003 4.5000000000000009 16.500000000000004
decision_type=2 2 2 2 10 10 2 2 2 2 8 2 2 2 2 2 2 2 2 2 2 10 10 2 10 2 10 2 2 2
left_child=-1 8 3 -3 5 6 -5 19 9 -2 18 14 13 -13 15 16 -12 -18 20 -6 21 22 24 -24 25 26 27 -11 -29 -30
right_child=1 2 -4 4 7 -7 -8 -9 -10 10 11 12 -14 -15 -16 -17 17 -19 -20 -21 -22 -23 23 -25 -26 -27 -28 28 29 -31
leaf_value=-0.015521283671617108 -0.017650277894100997 0.074655142766116026 0.10936504411366434 -0.030993715400925985 -0.050713544018320761 0.11026014802460621 0.048285558154882259 -0.067290485582983714 -0.05738983595703543 -0.0029975324464725124 0.00011109481406683356 0.087220750108375239 0.12709661863008914 -0.02011647935531314 -0.037401712905955654 -0.043813837361469307 0.12976333813637503 0.017542165706838319 -0.050249782707500322 0.02432788725620369 0.060962422782328163 -0.046367361303258296 -0.011355846142659021 0.12254345720195371 0.05205883604858972 0.046395671985231708 -0.020341772069115357 0.087781279356837161 -0.01086538848777773 0.059879823449848602
leaf_weight=4621 1910 293 249 271 171 163 281 309 242 6434 986 177 271 338 416 264 218 327 279 319 163 314 320 186 221 231 1772 242 555 189
leaf_count=4621 1910 293 249 271 171 163 281 309 242 6434 986 177 271 338 416 264 218 327 279 319 163 314 320 186 221 231 1772 242 555 189
internal_value=-0.00108685 0.00259478 0.0245946 0.0129005 0.000933707 0.0323655 0.00932139 -0.0271642 -0.000221047 0.000652368 0.00316849 0.0167213 0.0548116 0.0167285 0.00316973 0.0125855 0.0223261 0.0624738 -0.000553704 -0.00181201 0.000748797 -0.000186915 0.0012394 0.0378175 -0.000677333 -0.00191667 -0.00313334 0.0009731 0.0269068 0.00707454
internal_weight=22732 18111 2056 1807 1514 715 552 799 16055 15813 13903 2997 786 515 2211 1795 1531 545 10906 490 10627 10464 10150 506 9644 9423 9192 7420 986 744
internal_count=22732 18111 2056 1807 1514 715 552 799 16055 15813 13903 2997 786 515 2211 1795 1531 545 10906 490 10627 10464 10150 506 9644 9423 9192 7420 986 744
is_linear=0
shrinkage=0.0161


Tree=186
num_leaves=31
num_cat=0
split_feature=58 13 408 541 574 475 114 361 88 310 480 508 166 551 334 538 272 484 560 557 38 327 202 513 574 238 164 452 579 63
split_gain=4645.9 3863.69 6817.42 3653.4 6354.35 3572.22 3841.99 3827.06 4828.23 3178.28 4007.95 4272.07 3112.29 3129.46 3070.54 2610.53 4922.72 3352.21 3125.58 6419.04 5816.96 3580.14 5273.67 2462.52 2729.02 2531.56 3037.19 4780.5 3737.76 2758.77
threshold=4.5000000000000009 52.000000000000007 13.500000000000002 244.44999694824222 209.25000000000003 29.500000000000004 10.500000000000002 6.5000000000000009 8.0000000000000018 52.000000000000007 246.50000000000003 227.50000000000003 16.500000000000004 126.54999923706056 61.500000000000007 251.50000000000003 13.500000000000002 194.50000000000003 240.75000000000003 271.25000000000006 13.500000000000002 20.000000000000004 6.5000000000000009 265.50000000000006 215.15000152587893 29.500000000000004 10.500000000000002 16.500000000000004 89.049999237060561 10.500000000000002
decision_type=2 2 2 10 10 2 2 2 2 2 2 2 2 8 2 2 2 2 8 8 2 2 2 2 10 2 2 2 10 2
left_child=9 3 -3 5 -5 14 -7 -8 -9 10 11 -1 13 -10 15 18 17 -17 23 20 -20 -21 -23 24 25 29 28 -28 -27 -2
right_child=1 2 -4 4 -6 6 7 8 12 -11 -12 -13 -14 -15 -16 16 -18 -19 19 21 -22 22 -24 -25 -26 26 27 -29 -30 -31
leaf_value=-0.012776957569899263 0.0029007858036711309 0.0044625723196938206 0.11011661249393598 0.1164031019931963 -0.0053151011686811906 -0.0024765478572061975 -0.0083682740554021206 0.1323361748604652 0.017858570248160316 0.055681704552419171 -0.073235677363705884 0.061893527591802916 -0.016769421359783362 0.10422126078452276 -0.052413192900399121 0.058265064502911551 -0.091405918003445066 -0.039381940818332038 0.1367521025445774 -0.0019407973345462824 0.012006466166265205 0.11822969209747204 -0.0033839554027156851 0.050645728451849947 -0.063093660081091893 0.058968284195960091 0.0076478047011671853 0.12538686257856846 -0.032094058647089536 -0.015584968932160709
leaf_weight=5468 5289 436 249 201 248 859 278 188 212 180 273 206 182 225 288 164 226 205 207 1816 183 172 199 227 192 178 202 161 340 3461
leaf_count=5468 5289 436 249 201 248 859 278 188 212 180 273 206 182 225 288 164 226 205 207 1816 183 172 199 227 192 178 202 161 340 3461
internal_value=0.00103406 0.00546019 0.0429026 0.00384593 0.049121 0.00252899 0.022935 0.0430752 0.0608259 -0.0109452 -0.0129658 -0.0100618 0.0390691 0.0623783 -0.000405568 0.000725476 -0.0322278 0.00395294 0.00228014 0.0180995 0.078278 0.00735736 0.0529341 -0.00177389 -0.00298765 -0.00178696 0.0242225 0.059933 -0.000756928 -0.00440843
internal_weight=22715 16588 685 15903 449 15454 1944 1085 807 6127 5947 5674 619 437 13510 13222 595 369 12627 2577 390 2187 371 10050 9823 9631 881 363 518 8750
internal_count=22715 16588 685 15903 449 15454 1944 1085 807 6127 5947 5674 619 437 13510 13222 595 369 12627 2577 390 2187 371 10050 9823 9631 881 363 518 8750
is_linear=0
shrinkage=0.0161


Tree=187
num_leaves=31
num_cat=0
split_feature=177 530 355 224 344 479 227 21 560 371 251 293 313 291 132 36 239 573 174 503 507 518 52 315 523 402 253 456 544 594
split_gain=4434.4 3556.07 3857.7 3419.28 3569.73 3713.35 3422.26 4875.72 3312.87 3485.3 3419.2 2642.02 2579.16 2408.21 2714.92 2937.63 5259.36 5273.76 3742.6 3162.88 3034.54 2651.82 2910.01 2427.22 2406.68 2388.31 4966.17 3109.83 2417.44 2173.5
threshold=3.5000000000000004 290.50000000000006 87.000000000000014 3.5000000000000004 61.500000000000007 5.5000000000000009 43.500000000000007 10.500000000000002 238.25000000000003 61.500000000000007 29.500000000000004 16.500000000000004 61.500000000000007 3.5000000000000004 16.500000000000004 10.500000000000002 16.500000000000004 231.15000152587893 4.5000000000000009 112.50000000000001 48.500000000000007 83.500000000000014 8.0000000000000018 35.500000000000007 65.500000000000014 24.500000000000004 20.000000000000004 6.5000000000000009 178.05000305175784 163.25000000000003
decision_type=2 2 2 2 2 2 2 2 10 2 2 2 2 2 2 2 2 8 2 2 2 2 2 2 2 2 2 2 10 10
left_child=-1 2 3 29 5 25 8 -8 9 10 12 -3 13 -7 15 23 18 19 24 20 -18 22 -16 -15 -17 28 27 -27 -5 -2
right_child=1 11 -4 4 -6 6 7 -9 -10 -11 -12 -13 -14 14 21 16 17 -19 -20 -21 -22 -23 -24 -25 -26 26 -28 -29 -30 -31
leaf_value=-0.013590742749561758 -0.006362466611242454 -0.011617987400288115 0.075622925013521344 -0.0038557397371010013 -0.03860075684321522 -0.0092935704020166779 0.12790645702830464 0.014838986309492553 0.065885108818298108 0.070176518327381726 -0.025720897177070493 -0.088305488242338706 0.070073451325656969 0.0051109840145360389 0.066156903708671347 0.020973351272155678 0.028953651772172639 0.14573163655884908 0.0026701437737421674 -0.0036648952646800115 0.12602447550459714 -0.028286063891740647 -0.0079321073367985655 0.069229825290346547 0.10922159968567231 0.045821644911559573 0.10178904057305337 -0.036345137137384693 -0.046637928764316938 -0.049903455979750287
leaf_weight=4881 2858 343 198 3319 421 1302 165 248 293 249 674 177 194 2531 213 162 175 178 1133 213 161 667 386 163 160 211 164 275 382 332
leaf_count=4881 2858 343 198 3319 421 1302 165 248 293 249 674 177 194 2531 213 162 175 178 1133 213 161 667 386 163 160 211 164 275 382 332
internal_value=1.486e-05 0.00371645 0.0049556 0.00414211 0.00756203 0.00899088 0.0147521 0.0600682 0.0126356 0.0108104 0.00902915 -0.0377665 0.0120987 0.0105846 0.0148023 0.0202577 0.0341471 0.0695185 0.0164574 0.0447654 0.0755368 -0.0061905 0.0183741 0.00899922 0.0648965 -0.0032742 0.0251798 -0.000623475 -0.00827788 -0.0109014
internal_weight=22828 17947 17427 17229 14039 13618 9267 413 8854 8561 8312 520 7638 7444 6142 4876 2182 727 1455 549 336 1266 599 2694 322 4351 650 486 3701 3190
internal_count=22828 17947 17427 17229 14039 13618 9267 413 8854 8561 8312 520 7638 7444 6142 4876 2182 727 1455 549 336 1266 599 2694 322 4351 650 486 3701 3190
is_linear=0
shrinkage=0.0161


Tree=188
num_leaves=31
num_cat=0
split_feature=272 285 351 325 80 531 505 305 597 13 153 235 205 471 490 511 525 460 482 426 583 130 180 540 15 151 385 152 583 77
split_gain=4635.75 4956.9 2869.55 2771.72 2747.15 2601.57 4310.06 5216.9 2514.62 2497.51 3137.45 3095.15 2666.8 3101.84 4975.59 3469.52 3376.74 3170.86 4268.11 4935.34 7666.62 3528.79 4924.48 3173.18 3652.96 5093.39 3039.16 2804.12 2758.33 2565.97
threshold=5.5000000000000009 4.5000000000000009 73.500000000000014 52.000000000000007 73.500000000000014 290.50000000000006 226.50000000000003 6.5000000000000009 198.94999694824222 2.5000000000000004 73.500000000000014 61.500000000000007 3.5000000000000004 13.500000000000002 255.50000000000003 212.50000000000003 248.50000000000003 8.0000000000000018 24.500000000000004 5.5000000000000009 216.75000000000003 8.0000000000000018 10.500000000000002 115.14999771118165 5.5000000000000009 6.5000000000000009 6.5000000000000009 29.500000000000004 131.05000305175784 35.500000000000007
decision_type=2 2 2 2 2 2 2 2 10 2 2 2 2 2 2 2 2 2 2 2 8 2 2 10 2 2 2 2 10 2
left_child=5 -2 3 4 9 6 8 -8 -1 -3 11 12 27 14 16 29 17 23 -19 -20 21 22 -21 24 25 -14 -23 -11 -25 -15
right_child=1 2 -4 -5 -6 -7 7 -9 -10 10 -12 -13 13 15 -16 -17 -18 18 19 20 -22 26 -24 28 -26 -27 -28 -29 -30 -31
leaf_value=-0.012282426339327041 -0.010601087954595391 -0.012488484389901975 0.069072953496809544 -0.030361532705381944 -0.046073867739132836 -0.072707396475674327 0.10764601282830173 -0.0063308648324876685 0.040588291097180373 -0.013875053079420401 -0.046613299239784127 0.083710984032188088 0.00042087638191177601 0.0073089223585659458 0.090204752523332529 -0.039994543787595704 -0.032063394193881559 -0.0039581867504434026 0.0082362029188185696 0.039722072538940736 0.16010894424511352 0.073138576012873144 0.1505533892825795 -0.067216736479655925 0.0063794213582251125 0.11401235052158248 -0.013405465084916014 0.054020722722234814 0.0049929209119261263 0.064533864979502545
leaf_weight=7989 3636 897 218 422 208 165 180 246 240 1177 204 178 178 1877 311 369 266 418 436 260 209 170 174 194 736 242 275 182 466 228
leaf_count=7989 3636 897 218 422 208 165 180 246 240 1177 204 178 178 1877 311 369 266 418 436 260 209 170 174 194 736 242 275 182 466 228
internal_value=-0.000226045 0.00555557 0.0112641 0.0100111 0.0117782 -0.00936065 -0.00815028 0.0417731 -0.0107376 0.0130544 0.015737 0.0172638 0.0158129 0.0199234 0.0281339 0.00552732 0.0233309 0.0272581 0.0415641 0.0540653 0.0724089 0.0515297 0.084211 0.0119465 0.0280348 0.0659272 0.0196034 -0.004765 -0.0161967 0.0135183
internal_weight=22751 13931 10295 10077 9655 8820 8655 426 8229 9447 8550 8346 8168 6809 4335 2474 4024 3758 1942 1524 1088 879 434 1816 1156 420 445 1359 660 2105
internal_count=22751 13931 10295 10077 9655 8820 8655 426 8229 9447 8550 8346 8168 6809 4335 2474 4024 3758 1942 1524 1088 879 434 1816 1156 420 445 1359 660 2105
is_linear=0
shrinkage=0.0161


Tree=189
num_leaves=31
num_cat=0
split_feature=152 295 505 256 216 160 500 572 596 100 544 119 539 91 529 355 50 167 98 322 334 355 505 452 178 179 450 190 287 533
split_gain=4813.84 4417.32 3730.89 11010.9 3904.41 3640.23 4770.16 8305.66 4690.14 8492.81 8180.06 6111.21 5392.81 5036.67 6013.8 5679.77 4931.1 4611.85 3088.06 3381.16 3680.7 2302.82 2313.76 2189.04 3156.18 2173.79 2192.78 2014.96 2479.84 3316.71
threshold=6.5000000000000009 61.500000000000007 221.50000000000003 16.500000000000004 10.500000000000002 13.500000000000002 275.50000000000006 203.05000305175784 136.55000305175784 13.500000000000002 180.15000152587893 16.500000000000004 129.50000000000003 13.500000000000002 18.500000000000004 5.5000000000000009 13.500000000000002 8.0000000000000018 20.000000000000004 24.500000000000004 13.500000000000002 24.500000000000004 234.50000000000003 8.0000000000000018 10.500000000000002 35.500000000000007 2.5000000000000004 13.500000000000002 4.5000000000000009 92.500000000000014
decision_type=2 2 2 2 2 2 2 10 10 2 10 2 2 2 2 2 2 2 2 2 2 2 2 2 2 2 2 2 2 2
left_child=2 5 25 4 -4 6 8 -8 11 -10 -11 12 27 23 -15 -16 -17 -14 19 21 -21 22 -7 -13 -25 26 -1 28 -2 -30
right_child=1 -3 3 -5 -6 18 7 -9 9 10 -12 13 17 14 15 16 -18 -19 -20 20 -22 -23 -24 24 -26 -27 -28 -29 29 -31
leaf_value=-0.025657317095251885 -0.015517732716883243 0.069192955672011489 0.029233884321817286 0.13378798854582488 -0.057762961932729298 -0.0057394397263184948 0.1517334514795883 -0.0092197135063808722 -0.026530480058359875 -0.0094488840840030626 0.14471278214306249 -0.024728075855517347 0.012864373802632178 0 0.15163627225108339 0.0137811017558083 0.12262743045136354 0.12414358547796758 -0.029080558460043301 0.0033445785240418867 0.10274462259916066 0.037315310523262472 -0.067232859350881177 -0.011919233940026244 0.070000017443567306 -0.046270196750159288 -0.0043128716788917174 -0.02376410998863571 0.0079836303384144564 0.069113087789657912
leaf_weight=1464 885 302 310 191 235 1540 169 163 1631 198 162 270 215 252 259 273 179 176 1107 223 171 285 177 225 265 389 8476 733 1472 273
leaf_count=1464 885 302 310 191 235 1540 169 163 1631 198 162 270 215 252 259 273 179 176 1107 223 171 285 177 225 265 389 8476 733 1472 273
internal_value=0.00117109 0.00841631 -0.00642559 0.0285893 -0.00823533 0.00679036 0.0129144 0.0726404 0.0102561 -0.0108984 0.0598585 0.0179504 0.00642145 0.0430557 0.0675149 0.0914675 0.0569382 0.0630144 -0.00683915 0.003427 0.0465449 -0.005047 -0.0120923 0.0120323 0.032336 -0.00892288 -0.00745893 -0.000151345 0.00642075 0.0175606
internal_weight=22670 11605 11065 736 545 11303 7800 332 7468 1991 360 5477 3754 1723 963 711 452 391 3503 2396 394 2002 1717 760 490 10329 9940 3363 2630 1745
internal_count=22670 11605 11065 736 545 11303 7800 332 7468 1991 360 5477 3754 1723 963 711 452 391 3503 2396 394 2002 1717 760 490 10329 9940 3363 2630 1745
is_linear=0
shrinkage=0.0161


Tree=190
num_leaves=31
num_cat=0
split_feature=355 264 530 498 543 43 326 293 499 298 348 598 540 511 289 466 463 538 499 410 278 272 225 413 299 511 182 237 219 24
split_gain=4698.37 3786.35 3778.83 5030.35 4325.14 8770.77 2595.88 3141.32 4863.09 2791.13 3143.05 2725.99 2643.07 2691.09 3133.2 3635.23 6136.15 2755.2 2562.39 2835.02 5523.12 2273.77 3462.79 2928.5 2621.24 2248.37 2066.85 2114.05 2831.2 3269.24
threshold=87.000000000000014 3.5000000000000004 299.50000000000006 330.50000000000006 244.44999694824222 8.0000000000000018 52.000000000000007 61.500000000000007 110.50000000000001 5.5000000000000009 73.500000000000014 228.75000000000003 226.84999847412112 167.50000000000003 24.500000000000004 10.500000000000002 10.500000000000002 188.50000000000003 150.50000000000003 20.000000000000004 16.500000000000004 29.500000000000004 8.0000000000000018 8.0000000000000018 43.500000000000007 195.50000000000003 10.500000000000002 6.5000000000000009 3.5000000000000004 3.5000000000000004
decision_type=2 2 2 2 10 2 2 2 2 2 2 10 10 2 2 2 2 2 2 2 2 2 2 2 2 2 2 2 2 2
left_child=1 -1 3 4 6 -6 7 9 -9 -3 11 12 13 14 17 16 -16 21 -15 20 -20 24 -23 -24 26 -4 27 -11 -29 -30
right_child=-2 2 25 -5 5 -7 -8 8 -10 10 -12 -13 -14 18 15 -17 -18 -19 19 -21 -22 22 23 -25 -26 -27 -28 28 29 -31
leaf_value=-0.014748268342462793 0.070571576628218072 -0.0074690963903074562 0.0039400120080487098 0.091983210918697308 -0.036407906561852069 0.11573416894358289 -0.032117593321468831 0.11499079645888099 -0.0083827895215525128 -0.0031887423366805403 0.073361256855415238 -0.038707412306646073 0.063080793889786033 -0.041067819849872338 0.017402990631068243 0.0011391647869449541 0.12577843256814467 0.052233387243825403 -0.011112142906104785 -0.048730724408792288 0.088354037781580644 -0.0065918913117467516 0.11625463062068425 0.019982619537182902 -0.050206842133013907 -0.071152078269531335 -0.01113960220554442 -0.019639223949728737 0.090210467857045701 0.021394160582827029
leaf_weight=4477 237 6147 160 163 165 242 596 160 171 1790 178 355 211 574 321 437 235 310 491 215 205 310 165 164 258 289 1948 357 207 1337
leaf_count=4477 237 6147 160 163 165 242 596 160 171 1790 178 355 211 574 321 437 235 310 491 215 205 310 165 164 258 289 1948 357 207 1337
internal_value=-0.000738575 -0.00148617 0.00178187 0.00295241 0.00212413 0.0539971 0.000891141 0.00208156 0.0511829 0.0010778 0.00629843 0.00508905 0.00672212 0.00544421 0.00921067 0.0359408 0.0632515 0.00533007 -0.0144223 0.00234065 0.0181508 0.00310187 0.0319494 0.0683365 -2.00677e-05 -0.0443408 0.00227194 0.00935654 0.0211817 0.0306354
internal_weight=22875 22638 18161 17712 17549 407 17142 16546 331 16215 10068 9890 9535 9324 7839 993 556 6846 1485 911 696 6536 639 329 5897 449 5639 3691 1901 1544
internal_count=22875 22638 18161 17712 17549 407 17142 16546 331 16215 10068 9890 9535 9324 7839 993 556 6846 1485 911 696 6536 639 329 5897 449 5639 3691 1901 1544
is_linear=0
shrinkage=0.0161


Tree=191
num_leaves=31
num_cat=0
split_feature=177 479 501 418 213 550 65 268 574 387 372 361 415 531 268 495 509 531 171 275 182 560 38 571 567 303 515 61 486 485
split_gain=3824.92 3325.48 3980.83 3862.36 4555.25 3507.87 6034.52 3325.36 5297.93 3188.94 2973.72 4090.09 2792.19 6453.9 2971.19 2787.35 3467.63 2770.04 5335.23 3344.33 2336.51 6435.64 2298.62 2710.54 2670.79 2887.26 4171.67 5852.67 2401.09 2238.16
threshold=3.5000000000000004 10.500000000000002 137.50000000000003 29.500000000000004 24.500000000000004 185.15000152587893 6.5000000000000009 16.500000000000004 92.649997711181655 52.000000000000007 4.5000000000000009 10.500000000000002 29.500000000000004 183.50000000000003 10.500000000000002 215.50000000000003 202.50000000000003 101.50000000000001 20.000000000000004 16.500000000000004 16.500000000000004 140.05000305175784 4.5000000000000009 251.25000000000003 203.05000305175784 4.5000000000000009 184.50000000000003 8.0000000000000018 231.50000000000003 198.50000000000003
decision_type=2 2 2 2 2 10 2 2 10 2 2 2 2 2 2 2 2 2 2 2 2 10 2 10 10 2 2 2 2 2
left_child=20 12 3 9 7 10 -7 8 -5 17 11 -4 22 14 -14 -8 -17 -3 19 -19 29 -22 -2 24 25 -24 -27 -28 -26 -1
right_child=1 2 5 4 -6 6 15 -9 -10 -11 -12 -13 13 -15 -16 16 -18 18 -20 -21 21 -23 23 -25 28 26 27 -29 -30 -31
leaf_value=-0.013602168140525809 -0.017879668064198734 0.0085627461742032902 -0.03285185942440691 0.052596976958320406 0.11406451554472609 0.080395890591662453 0.031217878654169796 0.085699453927696886 -0.048839911884219815 -0.054776116699384772 -0.032658452107585959 0.077516487688912283 -0.030600979278395824 0.10462534725679259 0.030422639137521457 0.015307759696936761 -0.080145458918976273 0.00041138672603659979 0.11556858309769609 0.07835109865798745 -0.015059407229340483 0.10371242685877163 -0.01520089179767878 0.065036268656476978 -0.010778599789469292 0.0024778430439801923 0.10544354302679861 -0.00093533149023597418 -0.087679559734371984 -0.062914594172631552
leaf_weight=4018 2565 2948 178 314 217 291 284 204 232 171 1155 170 373 202 464 187 208 550 194 193 430 163 1951 162 284 3854 259 277 168 254
leaf_count=4018 2565 2948 178 314 217 291 284 204 232 171 1155 170 373 202 464 187 208 550 194 193 430 163 1951 162 284 3854 259 277 168 254
internal_value=0.000289385 0.00370446 0.0119056 0.020139 0.0490619 -0.00480788 0.0190484 0.030223 0.00945248 0.0132376 -0.0202198 0.0209961 -0.00211545 0.0229415 0.0032 -0.00720877 -0.0348966 0.0162373 0.040358 0.0206885 -0.0123798 0.0175481 -0.00485261 -4.48533e-05 -0.00160038 0.0010913 0.00833722 0.050424 -0.0394133 -0.0165396
internal_weight=22920 18055 7496 5023 967 2473 970 750 546 4056 1503 348 10559 1039 837 679 395 3885 937 743 4865 593 9520 6955 6793 6341 4390 536 452 4272
internal_count=22920 18055 7496 5023 967 2473 970 750 546 4056 1503 348 10559 1039 837 679 395 3885 937 743 4865 593 9520 6955 6793 6341 4390 536 452 4272
is_linear=0
shrinkage=0.0161


Tree=192
num_leaves=31
num_cat=0
split_feature=450 498 440 588 540 434 172 39 344 214 555 575 590 178 151 575 191 489 503 34 50 178 230 330 485 140 394 537 6 246
split_gain=3911.06 3585.6 3408.95 3112.27 6316.59 9285.37 5954.06 3993.87 3232.7 3034.46 2748.3 2696.31 2649.91 3992.19 5188.64 4242.99 4126.69 3419.15 4059.5 2889.52 2911.36 2866.79 2354.7 2171.03 3159.22 2074.28 2114.19 2043.11 4101.36 8714.74
threshold=3.5000000000000004 334.50000000000006 73.500000000000014 201.75000000000003 197.65000152587893 24.500000000000004 13.500000000000002 24.500000000000004 61.500000000000007 2.5000000000000004 159.44999694824222 240.75000000000003 145.55000305175784 35.500000000000007 8.0000000000000018 178.05000305175784 8.0000000000000018 173.50000000000003 182.50000000000003 52.000000000000007 61.500000000000007 35.500000000000007 8.0000000000000018 13.500000000000002 198.50000000000003 4.5000000000000009 10.500000000000002 113.50000000000001 13.500000000000002 13.500000000000002
decision_type=2 2 2 10 10 2 2 2 2 2 10 8 10 2 2 10 2 2 2 2 2 2 2 2 2 2 2 2 2 2
left_child=-1 2 3 4 8 6 22 10 9 -2 -5 -12 13 15 -15 17 -16 18 19 20 27 23 -6 24 25 -14 -27 -11 -29 -30
right_child=1 -3 -4 7 5 -7 -8 -9 -10 12 11 -13 21 14 16 -17 -18 -19 -20 -21 -22 -23 -24 -25 -26 26 -28 28 29 -31
leaf_value=-0.0145733610238297 -0.016891392502318605 0.072370523174025578 -0.047172173724810543 0.019769756074067203 0.020297516970554905 0.14153203141281462 0.085143195713983252 0.034689783081452374 -0.046308666991345962 0.0028223532375562378 -0.055916113185987999 0.014130387376540467 -0.043458653875578457 -0.019714289431154865 0.1109195387561195 0.070516509978176517 0.0256274020847852 -0.033164330993682919 0.067341664224642508 -0.039426369207708055 0.067001810288521299 -0.073361737907773478 -0.049781112446592786 -0.02644103567417929 0.061384772633980025 -0.016055159300141727 0.042482304036653581 0.0033083194658212406 0.14226757730108991 -0.01093706687707484
leaf_weight=4213 1681 189 360 215 262 204 237 285 345 8036 815 172 257 242 298 261 292 581 281 361 205 174 236 743 236 350 294 711 200 185
leaf_count=4213 1681 189 360 215 262 204 237 285 345 8036 815 172 257 242 298 261 292 581 281 361 205 174 236 743 236 350 294 711 200 185
internal_value=-0.000558116 0.00259683 0.00188346 0.00285728 0.004849 0.0454149 0.0187055 -0.0194576 0.00242638 0.00352056 -0.0323158 -0.0436856 0.00602556 0.00899868 0.0429884 0.00638311 0.0687471 0.00479577 0.00700825 0.00525766 0.00698782 -0.0108305 -0.0128652 -0.00503046 0.00894009 -0.00477068 0.0106319 0.00563801 0.0262613 0.0685886
internal_weight=22921 18708 18519 18159 16672 939 735 1487 15733 15388 1202 987 13707 11653 832 10821 590 10560 9979 9698 9337 2054 498 1880 1137 901 644 9132 1096 385
internal_count=22921 18708 18519 18159 16672 939 735 1487 15733 15388 1202 987 13707 11653 832 10821 590 10560 9979 9698 9337 2054 498 1880 1137 901 644 9132 1096 385
is_linear=0
shrinkage=0.0161


Tree=193
num_leaves=31
num_cat=0
split_feature=497 32 502 501 364 344 539 502 413 484 284 63 484 434 25 554 354 213 561 535 496 208 7 314 290 262 239 381 587 483
split_gain=4344.25 3590.39 3154.94 3684.7 2918.3 2814.28 2860.54 4974.95 3612.61 5080.86 3096.51 2873.88 4606.03 6840.6 4453.05 4097.42 3696.97 3682.57 4245.41 2765.47 2892.03 5968.72 2738.14 2698.27 3850.48 2232.01 2142.47 3648.54 3877.23 5573.03
threshold=344.50000000000006 1.0000000180025095e-35 337.50000000000006 305.50000000000006 3.5000000000000004 61.500000000000007 241.50000000000003 269.50000000000006 24.500000000000004 187.50000000000003 8.0000000000000018 13.500000000000002 149.50000000000003 29.500000000000004 4.5000000000000009 176.25000000000003 13.500000000000002 29.500000000000004 97.049999237060561 118.50000000000001 93.500000000000014 13.500000000000002 20.000000000000004 13.500000000000002 8.0000000000000018 13.500000000000002 13.500000000000002 4.5000000000000009 95.850002288818374 46.500000000000007
decision_type=2 2 2 2 2 2 2 2 2 2 2 2 2 2 2 10 2 2 10 2 2 2 2 2 2 2 2 2 10 2
left_child=1 -1 3 4 -3 6 7 8 11 10 -10 12 19 14 -14 17 -16 -13 -19 20 26 -22 25 -8 -25 -12 -6 -28 29 -29
right_child=-2 2 -4 -5 5 -7 23 -9 9 -11 22 15 13 -15 16 -17 -18 18 -20 -21 21 -23 -24 24 -26 -27 27 28 -30 -31
leaf_value=-0.027263733433147239 0.082321150301766316 -0.011956673374375681 0.069794708307790068 -0.0684466605530758 -0.0039095045601146346 -0.03757706486494438 -0.041493591728300465 0.07543835183503686 -0.0045330933135757099 0.088623084937221833 0.00016529806430934081 -0.0076250267322872144 0.075205473491065142 0.12759238774976273 -0.014654360976204024 -0.050410140192121831 0.051268387253086148 0.094869198157510756 -0.01449504466503111 -0.021261059712489067 0.011064278538874902 0.11013376407944601 0.084977932081593086 0.067825667806476503 -0.030291076850147029 0.061093524074119263 -0.024393541214048874 0.028206061334165627 -0.028881576689668335 0.13579366071126375
leaf_weight=1259 164 3799 170 201 3984 419 647 266 1008 278 469 3701 301 175 740 529 314 204 167 1113 734 201 226 178 248 234 318 438 165 175
leaf_count=1259 164 3799 170 201 3984 419 647 266 1008 278 469 3701 301 175 740 529 314 204 167 1113 734 201 226 178 248 234 318 438 165 175
internal_value=-0.000242333 -0.000840893 0.000712365 0.000158129 0.000814926 0.00363194 0.00466032 0.00639537 0.00520699 0.0242408 0.0149884 0.0020255 0.00749107 0.0328386 0.0205837 -0.00825431 0.00496253 -0.002772 0.0455771 0.002047 0.00636378 0.0323867 0.0361954 -0.0207694 0.0106508 0.0204793 0.00156949 0.0215073 0.0402991 0.0589587
internal_weight=22825 22661 21402 21232 21031 17232 16813 15740 15474 2215 1937 13259 8658 1530 1355 4601 1054 4072 371 7128 6015 935 929 1073 426 703 5080 1096 778 613
internal_count=22825 22661 21402 21232 21031 17232 16813 15740 15474 2215 1937 13259 8658 1530 1355 4601 1054 4072 371 7128 6015 935 929 1073 426 703 5080 1096 778 613
is_linear=0
shrinkage=0.0161


Tree=194
num_leaves=31
num_cat=0
split_feature=479 592 498 386 70 233 436 324 500 41 63 427 279 208 525 31 62 281 59 416 170 187 514 417 164 393 457 343 464 357
split_gain=4356.89 3991.92 3808.34 4247.59 3922.33 3377.57 3188.22 2777.14 2900.92 2917.21 2915.06 3234.17 3699.54 4553.34 3103.12 2839.02 3059.28 2836.94 3539.04 2942.12 2736.89 3220.82 5008.41 2619.16 2802.46 2577.51 2245.8 2209.41 2492.34 2101.22
threshold=4.5000000000000009 271.25000000000006 320.50000000000006 43.500000000000007 87.000000000000014 73.500000000000014 3.5000000000000004 52.000000000000007 286.50000000000006 61.500000000000007 35.500000000000007 52.000000000000007 10.500000000000002 29.500000000000004 235.50000000000003 8.0000000000000018 10.500000000000002 29.500000000000004 35.500000000000007 43.500000000000007 3.5000000000000004 10.500000000000002 57.500000000000007 16.500000000000004 6.5000000000000009 29.500000000000004 3.5000000000000004 8.0000000000000018 24.500000000000004 24.500000000000004
decision_type=2 10 2 2 2 2 2 2 2 2 2 2 2 2 2 2 2 2 2 2 2 2 2 2 2 2 2 2 2 2
left_child=-1 2 3 4 5 6 25 8 9 10 11 12 14 17 15 26 20 18 19 -14 -17 -22 -23 -18 -25 -2 -8 -28 -29 -12
right_child=1 -3 -4 -5 -6 -7 7 -9 -10 -11 29 -13 13 -15 -16 16 23 -19 -20 -21 21 22 -24 24 -26 -27 27 28 -30 -31
leaf_value=-0.0123921688026202 -0.017457474794287692 -0.06999768011451446 0.070349164656341223 -0.029730036149751088 0.076030474551827321 0.074125720400489425 -0.028905834480372632 -0.032341630957744352 0.064556879415856597 -0.038717000594659823 -0.032000670482836405 -0.03444784727033514 0.015257044645092567 0.084984504590228313 -0.044107420395174721 -0.0050709774623174707 -0.015548896830354226 -0.02219797724753822 0.07773641766575945 0.085174906443720069 0.02743600999397992 0.020740444577909557 0.1326221179043893 -0.013341389978518846 0.066361251655159104 0.040385891821978166 -0.008398166205820054 0.010971890151188891 0.077237215136246443 0.025459307867764038
leaf_weight=6057 2352 189 224 939 202 179 660 444 236 343 704 384 2414 313 307 369 862 356 306 167 914 192 227 201 264 218 1397 813 180 215
leaf_count=6057 2352 189 224 939 202 179 660 444 236 343 704 384 2414 313 307 369 862 356 306 167 914 192 227 201 264 218 1397 813 180 215
internal_value=-0.00070609 0.00356396 0.00441408 0.00349856 0.00555029 0.00460066 0.00376035 0.00717737 0.00866332 0.00752297 0.0089355 0.0113824 0.0131549 0.026318 0.00582141 0.00834678 0.0193883 0.0206485 0.0259401 0.0197901 0.0336758 0.0444193 0.0814103 0.00104561 0.0318585 -0.0125418 -0.00261105 0.00464042 0.0230074 -0.0185323
internal_weight=22628 16571 16382 16158 15219 15017 14838 12268 11824 11588 11245 10326 9942 3556 6386 6079 3029 3243 2887 2581 1702 1333 419 1327 465 2570 3050 2390 993 919
internal_count=22628 16571 16382 16158 15219 15017 14838 12268 11824 11588 11245 10326 9942 3556 6386 6079 3029 3243 2887 2581 1702 1333 419 1327 465 2570 3050 2390 993 919
is_linear=0
shrinkage=0.0161


end of trees

feature_importances:
Column_479=89
Column_177=67
Column_540=60
Column_299=58
Column_119=56
Column_118=55
Column_239=55
Column_179=54
Column_418=54
Column_238=52
Column_178=51
Column_298=50
Column_359=47
Column_480=46
Column_237=44
Column_416=44
Column_417=44
Column_152=38
Column_419=38
Column_478=38
Column_32=37
Column_212=37
Column_539=37
Column_355=34
Column_503=32
Column_297=31
Column_541=30
Column_35=27
Column_117=27
Column_153=27
Column_210=27
Column_477=26
Column_482=26
Column_511=26
Column_504=25
Column_272=24
Column_357=24
Column_451=24
Column_560=24
Column_91=23
Column_481=22
Column_502=22
Column_512=22
Column_505=21
Column_531=21
Column_33=19
Column_58=19
Column_92=19
Column_154=19
Column_364=19
Column_374=19
Column_13=18
Column_57=18
Column_59=18
Column_475=18
Column_497=18
Column_554=18
Column_330=17
Column_434=17
Column_495=17
Column_499=17
Column_500=17
Column_536=17
Column_63=16
Column_174=16
Column_211=16
Column_284=16
Column_397=16
Column_494=16
Column_501=16
Column_510=16
Column_533=16
Column_534=16
Column_542=16
Column_544=16
Column_571=16
Column_31=15
Column_56=15
Column_151=15
Column_223=15
Column_232=15
Column_283=15
Column_358=15
Column_450=15
Column_476=15
Column_519=15
Column_525=15
Column_529=15
Column_561=15
Column_563=15
Column_567=15
Column_594=15
Column_595=15
Column_54=14
Column_214=14
Column_236=14
Column_271=14
Column_375=14
Column_435=14
Column_448=14
Column_484=14
Column_492=14
Column_509=14
Column_532=14
Column_535=14
Column_538=14
Column_547=14
Column_596=14
Column_3=13
Column_14=13
Column_215=13
Column_222=13
Column_224=13
Column_313=13
Column_334=13
Column_335=13
Column_356=13
Column_412=13
Column_452=13
Column_483=13
Column_486=13
Column_489=13
Column_507=13
Column_508=13
Column_530=13
Column_545=13
Column_546=13
Column_557=13
Column_559=13
Column_592=13
Column_15=12
Column_42=12
Column_93=12
Column_163=12
Column_170=12
Column_175=12
Column_176=12
Column_208=12
Column_256=12
Column_273=12
Column_344=12
Column_391=12
Column_457=12
Column_485=12
Column_493=12
Column_498=12
Column_537=12
Column_548=12
Column_555=12
Column_564=12
Column_572=12
Column_590=12
Column_34=11
Column_55=11
Column_130=11
Column_164=11
Column_201=11
Column_221=11
Column_227=11
Column_270=11
Column_275=11
Column_372=11
Column_373=11
Column_392=11
Column_394=11
Column_413=11
Column_496=11
Column_515=11
Column_518=11
Column_520=11
Column_553=11
Column_574=11
Column_599=11
Column_52=10
Column_129=10
Column_155=10
Column_209=10
Column_226=10
Column_233=10
Column_263=10
Column_316=10
Column_317=10
Column_332=10
Column_398=10
Column_421=10
Column_439=10
Column_459=10
Column_466=10
Column_491=10
Column_513=10
Column_524=10
Column_526=10
Column_550=10
Column_566=10
Column_569=10
Column_577=10
Column_583=10
Column_585=10
Column_589=10
Column_48=9
Column_66=9
Column_74=9
Column_76=9
Column_110=9
Column_113=9
Column_168=9
Column_172=9
Column_186=9
Column_195=9
Column_196=9
Column_197=9
Column_213=9
Column_246=9
Column_248=9
Column_274=9
Column_279=9
Column_282=9
Column_315=9
Column_318=9
Column_348=9
Column_363=9
Column_388=9
Column_389=9
Column_408=9
Column_414=9
Column_415=9
Column_426=9
Column_433=9
Column_449=9
Column_453=9
Column_458=9
Column_470=9
Column_514=9
Column_516=9
Column_528=9
Column_543=9
Column_549=9
Column_556=9
Column_565=9
Column_578=9
Column_591=9
Column_598=9
Column_36=8
Column_72=8
Column_81=8
Column_90=8
Column_100=8
Column_135=8
Column_140=8
Column_150=8
Column_160=8
Column_171=8
Column_173=8
Column_189=8
Column_202=8
Column_206=8
Column_219=8
Column_231=8
Column_235=8
Column_252=8
Column_253=8
Column_288=8
Column_331=8
Column_361=8
Column_387=8
Column_436=8
Column_437=8
Column_463=8
Column_471=8
Column_488=8
Column_490=8
Column_523=8
Column_579=8
Column_580=8
Column_587=8
Column_593=8
Column_597=8
Column_4=7
Column_5=7
Column_12=7
Column_18=7
Column_27=7
Column_28=7
Column_37=7
Column_50=7
Column_51=7
Column_67=7
Column_71=7
Column_84=7
Column_94=7
Column_108=7
Column_128=7
Column_156=7
Column_184=7
Column_191=7
Column_230=7
Column_243=7
Column_258=7
Column_262=7
Column_268=7
Column_280=7
Column_285=7
Column_291=7
Column_295=7
Column_303=7
Column_310=7
Column_329=7
Column_341=7
Column_352=7
Column_354=7
Column_360=7
Column_371=7
Column_390=7
Column_402=7
Column_406=7
Column_423=7
Column_427=7
Column_438=7
Column_441=7
Column_444=7
Column_447=7
Column_462=7
Column_464=7
Column_487=7
Column_506=7
Column_521=7
Column_527=7
Column_568=7
Column_575=7
Column_586=7
Column_588=7
Column_1=6
Column_10=6
Column_19=6
Column_21=6
Column_25=6
Column_26=6
Column_53=6
Column_68=6
Column_69=6
Column_77=6
Column_87=6
Column_88=6
Column_95=6
Column_96=6
Column_98=6
Column_99=6
Column_104=6
Column_123=6
Column_126=6
Column_159=6
Column_167=6
Column_192=6
Column_207=6
Column_247=6
Column_251=6
Column_265=6
Column_267=6
Column_277=6
Column_287=6
Column_292=6
Column_293=6
Column_304=6
Column_319=6
Column_322=6
Column_333=6
Column_337=6
Column_345=6
Column_351=6
Column_353=6
Column_365=6
Column_379=6
Column_385=6
Column_386=6
Column_395=6
Column_400=6
Column_517=6
Column_551=6
Column_558=6
Column_562=6
Column_573=6
Column_7=5
Column_20=5
Column_22=5
Column_29=5
Column_40=5
Column_43=5
Column_44=5
Column_47=5
Column_64=5
Column_65=5
Column_70=5
Column_73=5
Column_80=5
Column_85=5
Column_86=5
Column_102=5
Column_106=5
Column_107=5
Column_111=5
Column_112=5
Column_116=5
Column_127=5
Column_132=5
Column_136=5
Column_137=5
Column_148=5
Column_157=5
Column_194=5
Column_200=5
Column_220=5
Column_225=5
Column_234=5
Column_241=5
Column_244=5
Column_245=5
Column_254=5
Column_266=5
Column_269=5
Column_278=5
Column_286=5
Column_289=5
Column_290=5
Column_294=5
Column_296=5
Column_314=5
Column_338=5
Column_343=5
Column_350=5
Column_378=5
Column_403=5
Column_405=5
Column_424=5
Column_425=5
Column_440=5
Column_454=5
Column_456=5
Column_460=5
Column_522=5
Column_552=5
Column_576=5
Column_0=4
Column_9=4
Column_17=4
Column_30=4
Column_38=4
Column_39=4
Column_41=4
Column_45=4
Column_46=4
Column_61=4
Column_89=4
Column_97=4
Column_101=4
Column_105=4
Column_114=4
Column_115=4
Column_131=4
Column_141=4
Column_158=4
Column_165=4
Column_169=4
Column_187=4
Column_190=4
Column_198=4
Column_199=4
Column_203=4
Column_204=4
Column_229=4
Column_240=4
Column_257=4
Column_259=4
Column_302=4
Column_305=4
Column_309=4
Column_311=4
Column_312=4
Column_324=4
Column_326=4
Column_327=4
Column_346=4
Column_349=4
Column_367=4
Column_368=4
Column_370=4
Column_376=4
Column_377=4
Column_393=4
Column_399=4
Column_401=4
Column_407=4
Column_409=4
Column_422=4
Column_428=4
Column_431=4
Column_445=4
Column_446=4
Column_461=4
Column_473=4
Column_581=4
Column_584=4
Column_2=3
Column_8=3
Column_16=3
Column_62=3
Column_75=3
Column_78=3
Column_121=3
Column_133=3
Column_139=3
Column_181=3
Column_182=3
Column_193=3
Column_205=3
Column_216=3
Column_217=3
Column_218=3
Column_228=3
Column_249=3
Column_250=3
Column_255=3
Column_260=3
Column_261=3
Column_264=3
Column_281=3
Column_306=3
Column_307=3
Column_308=3
Column_320=3
Column_323=3
Column_328=3
Column_336=3
Column_347=3
Column_362=3
Column_381=3
Column_410=3
Column_420=3
Column_455=3
Column_465=3
Column_467=3
Column_468=3
Column_472=3
Column_474=3
Column_570=3
Column_6=2
Column_11=2
Column_24=2
Column_60=2
Column_79=2
Column_109=2
Column_124=2
Column_134=2
Column_138=2
Column_144=2
Column_145=2
Column_146=2
Column_161=2
Column_166=2
Column_180=2
Column_185=2
Column_276=2
Column_300=2
Column_325=2
Column_339=2
Column_340=2
Column_366=2
Column_369=2
Column_382=2
Column_384=2
Column_404=2
Column_411=2
Column_432=2
Column_442=2
Column_469=2
Column_23=1
Column_82=1
Column_83=1
Column_120=1
Column_122=1
Column_142=1
Column_143=1
Column_147=1
Column_149=1
Column_162=1
Column_183=1
Column_188=1
Column_301=1
Column_321=1
Column_342=1
Column_380=1
Column_383=1
Column_396=1
Column_429=1
Column_430=1
Column_443=1
Column_582=1

parameters:
[boosting: gbdt]
[objective: regression]
[metric: rmse,l2]
[tree_learner: serial]
[device_type: cpu]
[data_sample_strategy: bagging]
[data: ]
[valid: ]
[num_iterations: 3000]
[learning_rate: 0.0161]
[num_leaves: 31]
[num_threads: 10]
[seed: 11]
[deterministic: 0]
[force_col_wise: 0]
[force_row_wise: 0]
[histogram_pool_size: -1]
[max_depth: -1]
[min_data_in_leaf: 160]
[min_sum_hessian_in_leaf: 0.001]
[bagging_fraction: 0.694]
[pos_bagging_fraction: 1]
[neg_bagging_fraction: 1]
[bagging_freq: 1]
[bagging_seed: 27648]
[bagging_by_query: 0]
[feature_fraction: 0.725]
[feature_fraction_bynode: 1]
[feature_fraction_seed: 4989]
[extra_trees: 0]
[extra_seed: 22223]
[early_stopping_round: 0]
[early_stopping_min_delta: 0]
[first_metric_only: 0]
[max_delta_step: 0]
[lambda_l1: 1.4619]
[lambda_l2: 0]
[linear_lambda: 0]
[min_gain_to_split: 0]
[drop_rate: 0.1]
[max_drop: 50]
[skip_drop: 0.5]
[xgboost_dart_mode: 0]
[uniform_drop: 0]
[drop_seed: 21136]
[top_rate: 0.2]
[other_rate: 0.1]
[min_data_per_group: 100]
[max_cat_threshold: 32]
[cat_l2: 10]
[cat_smooth: 10]
[max_cat_to_onehot: 4]
[top_k: 20]
[monotone_constraints: ]
[monotone_constraints_method: basic]
[monotone_penalty: 0]
[feature_contri: ]
[forcedsplits_filename: ]
[refit_decay_rate: 0.9]
[cegb_tradeoff: 1]
[cegb_penalty_split: 0]
[cegb_penalty_feature_lazy: ]
[cegb_penalty_feature_coupled: ]
[path_smooth: 0]
[interaction_constraints: ]
[verbosity: -1]
[saved_feature_importance_type: 0]
[use_quantized_grad: 0]
[num_grad_quant_bins: 4]
[quant_train_renew_leaf: 0]
[stochastic_rounding: 1]
[linear_tree: 0]
[max_bin: 255]
[max_bin_by_feature: ]
[min_data_in_bin: 3]
[bin_construct_sample_cnt: 200000]
[data_random_seed: 74]
[is_enable_sparse: 1]
[enable_bundle: 1]
[use_missing: 1]
[zero_as_missing: 0]
[feature_pre_filter: 1]
[pre_partition: 0]
[two_round: 0]
[header: 0]
[label_column: ]
[weight_column: ]
[group_column: ]
[ignore_column: ]
[categorical_feature: ]
[forcedbins_filename: ]
[precise_float_parser: 0]
[parser_config_file: ]
[objective_seed: 24011]
[num_class: 1]
[is_unbalance: 0]
[scale_pos_weight: 1]
[sigmoid: 1]
[boost_from_average: 1]
[reg_sqrt: 0]
[alpha: 0.9]
[fair_c: 1]
[poisson_max_delta_step: 0.7]
[tweedie_variance_power: 1.5]
[lambdarank_truncation_level: 30]
[lambdarank_norm: 1]
[label_gain: ]
[lambdarank_position_bias_regularization: 0]
[eval_at: ]
[multi_error_top_k: 1]
[auc_mu_weights: ]
[num_machines: 1]
[local_listen_port: 12400]
[time_out: 120]
[machine_list_filename: ]
[machines: ]
[gpu_platform_id: -1]
[gpu_device_id: -1]
[gpu_device_id_list: ]
[gpu_use_dp: 0]
[num_gpu: 1]

end of parameters

pandas_categorical:null
